frame,part,index,hand_index,x,y,z
1,hand,0,0,0.44357869029045105,0.7276557683944702,-1.3823679978486325e-07
1,hand,1,0,0.45593544840812683,0.7405542135238647,-0.006071938201785088
1,hand,2,0,0.4631232023239136,0.7615931034088135,-0.008801208809018135
1,hand,3,0,0.4679890275001526,0.7803561091423035,-0.010126485489308834
1,hand,4,0,0.46833622455596924,0.7931056022644043,-0.010468646883964539
1,hand,5,0,0.44378381967544556,0.7802284359931946,-0.00977487862110138
1,hand,6,0,0.45739424228668213,0.8026775121688843,-0.01110418327152729
1,hand,7,0,0.46201711893081665,0.7910141348838806,-0.010514508001506329
1,hand,8,0,0.4605991542339325,0.7801446914672852,-0.009934300556778908
1,hand,9,0,0.43866509199142456,0.7826105952262878,-0.00680520199239254
1,hand,10,0,0.45369380712509155,0.8001735806465149,-0.008899218402802944
1,hand,11,0,0.4576096832752228,0.7894493937492371,-0.008684062398970127
1,hand,12,0,0.45569363236427307,0.7812563180923462,-0.008551524952054024
1,hand,13,0,0.43656566739082336,0.7817229628562927,-0.0036697089672088623
1,hand,14,0,0.4509411156177521,0.7984182834625244,-0.006275767460465431
1,hand,15,0,0.45439964532852173,0.7893139123916626,-0.005505776964128017
1,hand,16,0,0.4525376856327057,0.7806311249732971,-0.004707684740424156
1,hand,17,0,0.437166690826416,0.7803806066513062,-0.0006536791916005313
1,hand,18,0,0.4483135938644409,0.7948246598243713,-0.0034647355787456036
1,hand,19,0,0.4511312246322632,0.788210391998291,-0.003022911725565791
1,hand,20,0,0.449432909488678,0.7804131507873535,-0.0020711724646389484
1,hand,0,1,0.5902447700500488,0.7247361540794373,5.653976486996726e-08
1,hand,1,1,0.5804262161254883,0.7357738018035889,-0.008864463306963444
1,hand,2,1,0.5772584080696106,0.7589988708496094,-0.011189010925590992
1,hand,3,1,0.5743581056594849,0.7818784117698669,-0.011401294730603695
1,hand,4,1,0.5714383125305176,0.7998111248016357,-0.01051010750234127
1,hand,5,1,0.5933223962783813,0.7810129523277283,-0.007208341266959906
1,hand,6,1,0.5841134190559387,0.8076103329658508,-0.007979216985404491
1,hand,7,1,0.5765852928161621,0.8071985244750977,-0.00787532702088356
1,hand,8,1,0.5725019574165344,0.8020673394203186,-0.00729192653670907
1,hand,9,1,0.5970337390899658,0.7807286977767944,-0.0019566102419048548
1,hand,10,1,0.5861793756484985,0.802962601184845,-0.0020405242685228586
1,hand,11,1,0.5781606435775757,0.8017744421958923,-0.0022326228208839893
1,hand,12,1,0.5733847618103027,0.797057032585144,-0.0023521198891103268
1,hand,13,1,0.5973713397979736,0.777707576751709,0.0028033882845193148
1,hand,14,1,0.5878139734268188,0.7966528534889221,0.002551527926698327
1,hand,15,1,0.5804944634437561,0.796585202217102,0.0016876283334568143
1,hand,16,1,0.5755277872085571,0.7930294275283813,0.0010510258143767715
1,hand,17,1,0.5955159068107605,0.7748570442199707,0.006955123506486416
1,hand,18,1,0.5886836647987366,0.7911167144775391,0.006071209907531738
1,hand,19,1,0.5824031829833984,0.792183518409729,0.005365260411053896
1,hand,20,1,0.5776341557502747,0.7892036437988281,0.005220585037022829
1,pose,0,-1,0.5107994079589844,0.20878005027770996,-0.36544784903526306
1,pose,1,-1,0.5206241607666016,0.18504083156585693,-0.34872642159461975
1,pose,2,-1,0.5263269543647766,0.18530559539794922,-0.34880855679512024
1,pose,3,-1,0.5298753380775452,0.18578946590423584,-0.34888026118278503
1,pose,4,-1,0.5044503808021545,0.1854645013809204,-0.34500518441200256
1,pose,5,-1,0.49951010942459106,0.18594637513160706,-0.3450436592102051
1,pose,6,-1,0.4952757954597473,0.18665778636932373,-0.3452197015285492
1,pose,7,-1,0.5383672714233398,0.1953374743461609,-0.2299979329109192
1,pose,8,-1,0.4922802150249481,0.19761210680007935,-0.21295315027236938
1,pose,9,-1,0.5225712060928345,0.233888179063797,-0.32007458806037903
1,pose,10,-1,0.5009667873382568,0.23337575793266296,-0.3154122233390808
1,pose,11,-1,0.5859414935112,0.34482064843177795,-0.15504463016986847
1,pose,12,-1,0.45391181111335754,0.3464339077472687,-0.12670037150382996
1,pose,13,-1,0.5970156788825989,0.5376778244972229,-0.10347077995538712
1,pose,14,-1,0.43941932916641235,0.5414315462112427,-0.08763110637664795
1,pose,15,-1,0.5903941988945007,0.7151103615760803,-0.22651264071464539
1,pose,16,-1,0.4490857422351837,0.719288170337677,-0.21120451390743256
1,pose,17,-1,0.5969148874282837,0.7662596702575684,-0.2705339789390564
1,pose,18,-1,0.4478481709957123,0.7726569771766663,-0.24529126286506653
1,pose,19,-1,0.5859357714653015,0.764206051826477,-0.3036029040813446
1,pose,20,-1,0.4577038884162903,0.7688409686088562,-0.28553539514541626
1,pose,21,-1,0.5811551213264465,0.7469221949577332,-0.24085555970668793
1,pose,22,-1,0.46066898107528687,0.7506375908851624,-0.22793105244636536
1,pose,23,-1,0.5519586205482483,0.6915988922119141,-0.016629658639431
1,pose,24,-1,0.4832627475261688,0.6968223452568054,0.016709495335817337
1,pose,25,-1,0.5457713007926941,0.9547293186187744,-0.08583235740661621
1,pose,26,-1,0.492548406124115,0.9556971788406372,0.007111696060746908
1,pose,27,-1,0.551315188407898,1.1564325094223022,0.18501324951648712
1,pose,28,-1,0.49785149097442627,1.1328401565551758,0.27007758617401123
1,pose,29,-1,0.5542343854904175,1.1790506839752197,0.20358823239803314
1,pose,30,-1,0.5008182525634766,1.1539727449417114,0.2914215326309204
1,pose,31,-1,0.5403926968574524,1.2418336868286133,0.06704673916101456
1,pose,32,-1,0.5000211596488953,1.2147276401519775,0.15465880930423737
2,hand,0,0,0.4428746998310089,0.7272642850875854,-1.1320835113792782e-07
2,hand,1,0,0.4560345709323883,0.7392151951789856,-0.0060960096307098866
2,hand,2,0,0.46392229199409485,0.7603360414505005,-0.008636467158794403
2,hand,3,0,0.4683840870857239,0.7808493375778198,-0.009759933687746525
2,hand,4,0,0.4677058458328247,0.7939282059669495,-0.009745834395289421
2,hand,5,0,0.4448552429676056,0.7792469263076782,-0.007826640270650387
2,hand,6,0,0.45730191469192505,0.8017245531082153,-0.008906830102205276
2,hand,7,0,0.46138447523117065,0.7896658778190613,-0.008430971764028072
2,hand,8,0,0.45958516001701355,0.7785859704017639,-0.007945607416331768
2,hand,9,0,0.43911275267601013,0.7809946537017822,-0.0046480149030685425
2,hand,10,0,0.45317941904067993,0.800058901309967,-0.006421484053134918
2,hand,11,0,0.45742395520210266,0.7887434959411621,-0.005835191812366247
2,hand,12,0,0.4552336037158966,0.7802351117134094,-0.005247852299362421
2,hand,13,0,0.436515212059021,0.7798824906349182,-0.0014953763457015157
2,hand,14,0,0.4495629668235779,0.7968639135360718,-0.0037352556828409433
2,hand,15,0,0.4533022940158844,0.7876644134521484,-0.0027228130493313074
2,hand,16,0,0.45110878348350525,0.7795919179916382,-0.0016778301214799285
2,hand,17,0,0.43621182441711426,0.7780442833900452,0.0014231279492378235
2,hand,18,0,0.446583092212677,0.7920250296592712,-0.0012339636450633407
2,hand,19,0,0.4497450292110443,0.7850872874259949,-0.0009906404884532094
2,hand,20,0,0.4480871260166168,0.7772773504257202,-4.103180253878236e-05
2,hand,0,1,0.590916097164154,0.7220396399497986,7.376841892892116e-08
2,hand,1,1,0.5807301998138428,0.7334155440330505,-0.009428111836314201
2,hand,2,1,0.5768572092056274,0.7567232251167297,-0.012358841486275196
2,hand,3,1,0.5745444297790527,0.7800381183624268,-0.013288918882608414
2,hand,4,1,0.5720524191856384,0.799264669418335,-0.013334587216377258
2,hand,5,1,0.5936042666435242,0.7800679206848145,-0.0063806078396737576
2,hand,6,1,0.5855149030685425,0.8053976893424988,-0.007398291956633329
2,hand,7,1,0.5777313113212585,0.807583212852478,-0.007824701257050037
2,hand,8,1,0.5725274085998535,0.8034791946411133,-0.007526997942477465
2,hand,9,1,0.5973708033561707,0.7802737951278687,-0.001172176213003695
2,hand,10,1,0.5874742865562439,0.8019275069236755,-0.0018260871293023229
2,hand,11,1,0.578901469707489,0.8019905686378479,-0.0026873184833675623
2,hand,12,1,0.5730255246162415,0.7974013686180115,-0.002915671095252037
2,hand,13,1,0.5978167057037354,0.7779107093811035,0.003423600224778056
2,hand,14,1,0.5885271430015564,0.7966058254241943,0.002443913836032152
2,hand,15,1,0.580777108669281,0.7972000241279602,0.0010834280401468277
2,hand,16,1,0.5750751495361328,0.7941304445266724,0.00047735674888826907
2,hand,17,1,0.5964699983596802,0.775689423084259,0.0073761967942118645
2,hand,18,1,0.589603841304779,0.7916688919067383,0.006058086175471544
2,hand,19,1,0.5832019448280334,0.7934196591377258,0.00514922384172678
2,hand,20,1,0.5782177448272705,0.7913433909416199,0.005084620323032141
2,pose,0,-1,0.5109511017799377,0.20782211422920227,-0.3591718077659607
2,pose,1,-1,0.5207555294036865,0.1845501810312271,-0.33907559514045715
2,pose,2,-1,0.5264682769775391,0.18493060767650604,-0.3392038643360138
2,pose,3,-1,0.5300910472869873,0.18545110523700714,-0.3392660915851593
2,pose,4,-1,0.504467785358429,0.18448445200920105,-0.3389001190662384
2,pose,5,-1,0.4995414614677429,0.1847277581691742,-0.3389487862586975
2,pose,6,-1,0.49526864290237427,0.18530109524726868,-0.3390900194644928
2,pose,7,-1,0.5385283827781677,0.19537904858589172,-0.20489011704921722
2,pose,8,-1,0.4922693967819214,0.19644175469875336,-0.2058262825012207
2,pose,9,-1,0.5226191878318787,0.23355479538440704,-0.3086744248867035
2,pose,10,-1,0.5015683770179749,0.23311574757099152,-0.3086799681186676
2,pose,11,-1,0.5854145884513855,0.344499796628952,-0.11785168945789337
2,pose,12,-1,0.45381271839141846,0.34658077359199524,-0.12516473233699799
2,pose,13,-1,0.5972732305526733,0.5373492240905762,-0.06506088376045227
2,pose,14,-1,0.43961381912231445,0.5417014360427856,-0.09180518239736557
2,pose,15,-1,0.5910604596138,0.7156583070755005,-0.20797328650951385
2,pose,16,-1,0.44915834069252014,0.7192676067352295,-0.22289186716079712
2,pose,17,-1,0.5970780849456787,0.766326367855072,-0.25698310136795044
2,pose,18,-1,0.44786712527275085,0.7724447250366211,-0.26343563199043274
2,pose,19,-1,0.5864183902740479,0.7642452716827393,-0.29347747564315796
2,pose,20,-1,0.45774364471435547,0.7688423991203308,-0.3050985336303711
2,pose,21,-1,0.581855058670044,0.7471872568130493,-0.22448228299617767
2,pose,22,-1,0.46089115738868713,0.7507185339927673,-0.24073368310928345
2,pose,23,-1,0.5527669787406921,0.6954724192619324,-0.004724860191345215
2,pose,24,-1,0.48333877325057983,0.7002480030059814,0.004903252702206373
2,pose,25,-1,0.5472677946090698,0.9549753665924072,-0.057535503059625626
2,pose,26,-1,0.49306800961494446,0.9546091556549072,-0.0022046491503715515
2,pose,27,-1,0.5532678961753845,1.1584069728851318,0.24050237238407135
2,pose,28,-1,0.4980030655860901,1.1469459533691406,0.2512997090816498
2,pose,29,-1,0.5546362996101379,1.1820491552352905,0.26291829347610474
2,pose,30,-1,0.500733494758606,1.1704182624816895,0.27188998460769653
2,pose,31,-1,0.5491355657577515,1.2414612770080566,0.13007566332817078
2,pose,32,-1,0.5038158893585205,1.2243658304214478,0.1224905252456665
3,hand,0,0,0.44268128275871277,0.7273308634757996,-1.0788111381998533e-07
3,hand,1,0,0.4559391140937805,0.7391647696495056,-0.0060641043819487095
3,hand,2,0,0.4641404151916504,0.7607986330986023,-0.008594746701419353
3,hand,3,0,0.4687980115413666,0.7817680835723877,-0.009664373472332954
3,hand,4,0,0.46750280261039734,0.7948267459869385,-0.009548130445182323
3,hand,5,0,0.4452926218509674,0.7796311974525452,-0.008030068129301071
3,hand,6,0,0.45726826786994934,0.802192211151123,-0.008942590095102787
3,hand,7,0,0.461521714925766,0.7903984189033508,-0.008063686080276966
3,hand,8,0,0.4598362147808075,0.7796866297721863,-0.007307881489396095
3,hand,9,0,0.4394712746143341,0.7813170552253723,-0.004810224287211895
3,hand,10,0,0.45310473442077637,0.8010185360908508,-0.006517631467431784
3,hand,11,0,0.45766693353652954,0.7899230122566223,-0.005594999995082617
3,hand,12,0,0.4555407762527466,0.7816466093063354,-0.004757835064083338
3,hand,13,0,0.43668925762176514,0.7801188230514526,-0.0016013139393180609
3,hand,14,0,0.44956275820732117,0.7982556819915771,-0.003930110950022936
3,hand,15,0,0.4536421000957489,0.7890769839286804,-0.002723616547882557
3,hand,16,0,0.45157569646835327,0.7808767557144165,-0.0014849493745714426
3,hand,17,0,0.436221718788147,0.7782605290412903,0.001406982308253646
3,hand,18,0,0.4466044008731842,0.7927889823913574,-0.0012767487205564976
3,hand,19,0,0.44992750883102417,0.7860749959945679,-0.0010067461989820004
3,hand,20,0,0.4482569992542267,0.7782935500144958,-3.953745908802375e-05
3,hand,0,1,0.590778112411499,0.7223864197731018,6.85303334080345e-08
3,hand,1,1,0.5803888440132141,0.7353830337524414,-0.008540801703929901
3,hand,2,1,0.5765791535377502,0.7583098411560059,-0.010991573333740234
3,hand,3,1,0.5746892690658569,0.7815799117088318,-0.011610026471316814
3,hand,4,1,0.5723433494567871,0.8001309037208557,-0.011325972154736519
3,hand,5,1,0.5936890840530396,0.7797914743423462,-0.005389853846281767
3,hand,6,1,0.5852430462837219,0.8049606680870056,-0.006623768713325262
3,hand,7,1,0.5775412321090698,0.8065809011459351,-0.007435998413711786
3,hand,8,1,0.5726101398468018,0.8025993704795837,-0.007406008429825306
3,hand,9,1,0.5975332260131836,0.780010461807251,-0.0005541384452953935
3,hand,10,1,0.5876380205154419,0.8017073273658752,-0.0014880324015393853
3,hand,11,1,0.5792006254196167,0.8015167713165283,-0.002589156851172447
3,hand,12,1,0.5735708475112915,0.7968528270721436,-0.0029646886978298426
3,hand,13,1,0.5980619788169861,0.7777873873710632,0.0037107791285961866
3,hand,14,1,0.5889801979064941,0.7965627908706665,0.002552581951022148
3,hand,15,1,0.5813455581665039,0.7971895337104797,0.0012022624723613262
3,hand,16,1,0.5758508443832397,0.7936524748802185,0.0006785689620301127
3,hand,17,1,0.5968351364135742,0.7755741477012634,0.0073984838090837
3,hand,18,1,0.5901817083358765,0.7917138934135437,0.006061443127691746
3,hand,19,1,0.5838454365730286,0.7937787175178528,0.005248210392892361
3,hand,20,1,0.5788906216621399,0.7915672659873962,0.00531203905120492
3,pose,0,-1,0.5111597776412964,0.20717063546180725,-0.34534844756126404
3,pose,1,-1,0.5209323167800903,0.18415221571922302,-0.32353290915489197
3,pose,2,-1,0.5266262292861938,0.18460097908973694,-0.3236697316169739
3,pose,3,-1,0.5302919149398804,0.1851365864276886,-0.323720246553421
3,pose,4,-1,0.5045254230499268,0.1838533729314804,-0.32553306221961975
3,pose,5,-1,0.4996207356452942,0.1839756816625595,-0.32558637857437134
3,pose,6,-1,0.49527207016944885,0.1844751089811325,-0.3257109522819519
3,pose,7,-1,0.5386717915534973,0.19539682567119598,-0.184473916888237
3,pose,8,-1,0.4922577142715454,0.19575797021389008,-0.1938655525445938
3,pose,9,-1,0.5227131247520447,0.23326800763607025,-0.2928319275379181
3,pose,10,-1,0.5021035671234131,0.232926607131958,-0.29547685384750366
3,pose,11,-1,0.5850046277046204,0.3441040515899658,-0.0943761020898819
3,pose,12,-1,0.45365893840789795,0.3468002378940582,-0.121192067861557
3,pose,13,-1,0.5974766612052917,0.5371822714805603,-0.04157250002026558
3,pose,14,-1,0.43966540694236755,0.5420655012130737,-0.09362036734819412
3,pose,15,-1,0.5915114879608154,0.7160959243774414,-0.1895616352558136
3,pose,16,-1,0.44915762543678284,0.7192663550376892,-0.2264776974916458
3,pose,17,-1,0.5972642302513123,0.7663604617118835,-0.23894664645195007
3,pose,18,-1,0.4478536546230316,0.7724165320396423,-0.26824408769607544
3,pose,19,-1,0.5867815613746643,0.7642571926116943,-0.27684831619262695
3,pose,20,-1,0.45774611830711365,0.7688599824905396,-0.30967333912849426
3,pose,21,-1,0.5823732018470764,0.7473189234733582,-0.2068948745727539
3,pose,22,-1,0.460943341255188,0.7508188486099243,-0.2442413717508316
3,pose,23,-1,0.5530270338058472,0.6982660889625549,0.0031824479810893536
3,pose,24,-1,0.48333939909935,0.7021432518959045,-0.002946561435237527
3,pose,25,-1,0.5480129718780518,0.955100953578949,-0.050517965108156204
3,pose,26,-1,0.4932987093925476,0.9545414447784424,-0.00976721104234457
3,pose,27,-1,0.5535083413124084,1.1621379852294922,0.242800772190094
3,pose,28,-1,0.49799954891204834,1.1537911891937256,0.24410007894039154
3,pose,29,-1,0.5545031428337097,1.1868484020233154,0.26484403014183044
3,pose,30,-1,0.5001868605613708,1.1775801181793213,0.2647497355937958
3,pose,31,-1,0.552178680896759,1.2416247129440308,0.13337941467761993
3,pose,32,-1,0.5050987601280212,1.2300989627838135,0.11491964757442474
4,hand,0,0,0.44233253598213196,0.7271301746368408,-1.0795126570428693e-07
4,hand,1,0,0.4557204842567444,0.7389379739761353,-0.0060628606006503105
4,hand,2,0,0.46389713883399963,0.7610002160072327,-0.008430040441453457
4,hand,3,0,0.46850767731666565,0.7822629809379578,-0.00932680256664753
4,hand,4,0,0.46729588508605957,0.7954358458518982,-0.009056326933205128
4,hand,5,0,0.4455682337284088,0.7806008458137512,-0.0077119190245866776
4,hand,6,0,0.4575960040092468,0.8025355935096741,-0.008377869613468647
4,hand,7,0,0.4614969491958618,0.7899949550628662,-0.007425864227116108
4,hand,8,0,0.4596455693244934,0.7791651487350464,-0.006672611925750971
4,hand,9,0,0.4397232234477997,0.7820981740951538,-0.0044407593086361885
4,hand,10,0,0.4532773494720459,0.800936222076416,-0.005918513052165508
4,hand,11,0,0.45738455653190613,0.7894558906555176,-0.005029601976275444
4,hand,12,0,0.4552360773086548,0.7811135649681091,-0.004265915602445602
4,hand,13,0,0.4368657171726227,0.7804922461509705,-0.0011873540934175253
4,hand,14,0,0.4495384395122528,0.7973983883857727,-0.003440996864810586
4,hand,15,0,0.45316192507743835,0.7878360748291016,-0.002346968976780772
4,hand,16,0,0.4510498344898224,0.7795660495758057,-0.0012103512417525053
4,hand,17,0,0.436210036277771,0.7783600091934204,0.0018780339742079377
4,hand,18,0,0.4464583992958069,0.7920868992805481,-0.0007288859924301505
4,hand,19,0,0.449374794960022,0.7847466468811035,-0.0004466072714421898
4,hand,20,0,0.44754406809806824,0.7768837213516235,0.00048728258116170764
4,hand,0,1,0.5905996561050415,0.722256600856781,7.634895382579998e-08
4,hand,1,1,0.5805423855781555,0.7348044514656067,-0.008023693226277828
4,hand,2,1,0.5766146183013916,0.7584713697433472,-0.010248040780425072
4,hand,3,1,0.5743842720985413,0.7813527584075928,-0.010750549845397472
4,hand,4,1,0.5720933675765991,0.7996830940246582,-0.010406610555946827
4,hand,5,1,0.5937227606773376,0.7801632285118103,-0.004478239454329014
4,hand,6,1,0.5851776003837585,0.804690420627594,-0.005195657256990671
4,hand,7,1,0.5775424242019653,0.8066100478172302,-0.005847657565027475
4,hand,8,1,0.572496771812439,0.8027983903884888,-0.0057748411782085896
4,hand,9,1,0.5974780321121216,0.7801723480224609,0.0001791277900338173
4,hand,10,1,0.5878639817237854,0.8019035458564758,-0.00036913726944476366
4,hand,11,1,0.5793583393096924,0.80265212059021,-0.0014507248997688293
4,hand,12,1,0.5731174349784851,0.7986347079277039,-0.0018114419654011726
4,hand,13,1,0.5979256629943848,0.7777444124221802,0.00432370463386178
4,hand,14,1,0.589175283908844,0.797024130821228,0.0036875635851174593
4,hand,15,1,0.5813562870025635,0.798379123210907,0.002450861968100071
4,hand,16,1,0.5754283666610718,0.7955538630485535,0.001931401202455163
4,hand,17,1,0.5965304970741272,0.7751891613006592,0.007911666296422482
4,hand,18,1,0.5900686979293823,0.7920095920562744,0.007190248463302851
4,hand,19,1,0.5836521983146667,0.7949634790420532,0.006641701329499483
4,hand,20,1,0.5783659219741821,0.7935486435890198,0.006807693280279636
4,pose,0,-1,0.511215329170227,0.2067861109972,-0.3399253487586975
4,pose,1,-1,0.5209724307060242,0.18390633165836334,-0.3179281949996948
4,pose,2,-1,0.526671826839447,0.18439583480358124,-0.318061500787735
4,pose,3,-1,0.5303646326065063,0.18495146930217743,-0.31810644268989563
4,pose,4,-1,0.5045307874679565,0.18350565433502197,-0.3201674520969391
4,pose,5,-1,0.4996332824230194,0.1835584193468094,-0.3202228844165802
4,pose,6,-1,0.4952617883682251,0.18401098251342773,-0.3203490078449249
4,pose,7,-1,0.5387111306190491,0.195452019572258,-0.17784884572029114
4,pose,8,-1,0.49224552512168884,0.19538824260234833,-0.18787862360477448
4,pose,9,-1,0.5227314233779907,0.23312044143676758,-0.28693854808807373
4,pose,10,-1,0.5023353695869446,0.23281842470169067,-0.28980013728141785
4,pose,11,-1,0.5846965312957764,0.34388187527656555,-0.08492929488420486
4,pose,12,-1,0.4535859525203705,0.3468092679977417,-0.11846134811639786
4,pose,13,-1,0.5977486968040466,0.5371578335762024,-0.031184323132038116
4,pose,14,-1,0.439666211605072,0.5420615077018738,-0.09528660029172897
4,pose,15,-1,0.5918669104576111,0.716391384601593,-0.17918851971626282
4,pose,16,-1,0.44913890957832336,0.7190914154052734,-0.23081627488136292
4,pose,17,-1,0.5973539352416992,0.7664153575897217,-0.22828751802444458
4,pose,18,-1,0.44785311818122864,0.7722654938697815,-0.2735694944858551
4,pose,19,-1,0.5869945287704468,0.7642699480056763,-0.26657071709632874
4,pose,20,-1,0.45776888728141785,0.768860399723053,-0.3149765431880951
4,pose,21,-1,0.58271723985672,0.7473897337913513,-0.19669923186302185
4,pose,22,-1,0.46099281311035156,0.7508268356323242,-0.24848242104053497
4,pose,23,-1,0.5530768036842346,0.7002174258232117,0.005879617296159267
4,pose,24,-1,0.48330363631248474,0.7031948566436768,-0.005615243222564459
4,pose,25,-1,0.5483338832855225,0.9570629000663757,-0.05327628552913666
4,pose,26,-1,0.49346351623535156,0.9558188915252686,-0.008192741312086582
4,pose,27,-1,0.553708016872406,1.1701782941818237,0.22991879284381866
4,pose,28,-1,0.49803346395492554,1.1618249416351318,0.24851632118225098
4,pose,29,-1,0.5544200539588928,1.1961462497711182,0.25071340799331665
4,pose,30,-1,0.4999534785747528,1.1860750913619995,0.2689646780490875
4,pose,31,-1,0.5533559322357178,1.2466500997543335,0.11702268570661545
4,pose,32,-1,0.5057675242424011,1.238129734992981,0.12432639300823212
5,hand,0,0,0.4424835443496704,0.7265159487724304,-1.1014689249577714e-07
5,hand,1,0,0.45576992630958557,0.7385280728340149,-0.0066138445399701595
5,hand,2,0,0.4637767970561981,0.7600300312042236,-0.009270315989851952
5,hand,3,0,0.4684225618839264,0.7812529802322388,-0.010318566113710403
5,hand,4,0,0.4673546850681305,0.7938356995582581,-0.010175444185733795
5,hand,5,0,0.4446668326854706,0.7801113128662109,-0.00869434978812933
5,hand,6,0,0.4574521481990814,0.8025399446487427,-0.009598951786756516
5,hand,7,0,0.46161922812461853,0.7898242473602295,-0.008628565818071365
5,hand,8,0,0.45982515811920166,0.7787152528762817,-0.007777592167258263
5,hand,9,0,0.439044713973999,0.7817678451538086,-0.0050884117372334
5,hand,10,0,0.45348984003067017,0.8003524541854858,-0.006933597382158041
5,hand,11,0,0.45766350626945496,0.7881525158882141,-0.006095705553889275
5,hand,12,0,0.45541253685951233,0.7796043753623962,-0.005251738708466291
5,hand,13,0,0.4365605413913727,0.7802897691726685,-0.001486077788285911
5,hand,14,0,0.45008739829063416,0.7965990900993347,-0.0039776465855538845
5,hand,15,0,0.4537130892276764,0.7866291999816895,-0.0029448012355715036
5,hand,16,0,0.4514458179473877,0.7781633734703064,-0.0017319817561656237
5,hand,17,0,0.4363667964935303,0.7781998515129089,0.0019053986761718988
5,hand,18,0,0.4471200406551361,0.791764497756958,-0.0008445375133305788
5,hand,19,0,0.4501664340496063,0.7843559980392456,-0.0006246950360946357
5,hand,20,0,0.44837379455566406,0.7764375805854797,0.0003742091648746282
5,hand,0,1,0.590390682220459,0.7224939465522766,7.20597697068115e-08
5,hand,1,1,0.5800817012786865,0.7346280217170715,-0.009068241342902184
5,hand,2,1,0.5766909122467041,0.7581871151924133,-0.011669949628412724
5,hand,3,1,0.574721097946167,0.7816640734672546,-0.012304670177400112
5,hand,4,1,0.5724154710769653,0.8004693388938904,-0.012006375007331371
5,hand,5,1,0.5937792062759399,0.7801878452301025,-0.005722769536077976
5,hand,6,1,0.5854505896568298,0.8055766820907593,-0.006886979565024376
5,hand,7,1,0.5776014924049377,0.8068064451217651,-0.007569345645606518
5,hand,8,1,0.5726351737976074,0.8020047545433044,-0.007334589492529631
5,hand,9,1,0.5974870920181274,0.7801018953323364,-0.0004607399459928274
5,hand,10,1,0.5876185894012451,0.8017338514328003,-0.0011527786264196038
5,hand,11,1,0.5790595412254333,0.8014288544654846,-0.002093357965350151
5,hand,12,1,0.5732886791229248,0.7968029975891113,-0.002291095210239291
5,hand,13,1,0.5978642702102661,0.7778093218803406,0.00418537063524127
5,hand,14,1,0.5887593626976013,0.7965913414955139,0.0032706400379538536
5,hand,15,1,0.5811449289321899,0.7969606518745422,0.001956918276846409
5,hand,16,1,0.575697660446167,0.793656587600708,0.0014808549312874675
5,hand,17,1,0.5964559316635132,0.7757255434989929,0.008218619972467422
5,hand,18,1,0.5897817611694336,0.7921754121780396,0.007131366524845362
5,hand,19,1,0.5834590196609497,0.7939087152481079,0.006372408475726843
5,hand,20,1,0.5785412192344666,0.7916219830513,0.0064839753322303295
5,pose,0,-1,0.5113234519958496,0.20659126341342926,-0.34566211700439453
5,pose,1,-1,0.5210906863212585,0.18370531499385834,-0.3197411596775055
5,pose,2,-1,0.5267722606658936,0.18421430885791779,-0.3199194371700287
5,pose,3,-1,0.5304735898971558,0.18478456139564514,-0.3199327290058136
5,pose,4,-1,0.5045678615570068,0.18327714502811432,-0.32669496536254883
5,pose,5,-1,0.499670147895813,0.18329370021820068,-0.3267705738544464
5,pose,6,-1,0.4952601194381714,0.18374194204807281,-0.3268616795539856
5,pose,7,-1,0.5387631058692932,0.19551223516464233,-0.18992584943771362
5,pose,8,-1,0.4922008514404297,0.19526582956314087,-0.19191227853298187
5,pose,9,-1,0.5227692723274231,0.23303814232349396,-0.29029953479766846
5,pose,10,-1,0.5024903416633606,0.23277238011360168,-0.2942318916320801
5,pose,11,-1,0.5845662355422974,0.34377479553222656,-0.0987609401345253
5,pose,12,-1,0.453498512506485,0.3468722105026245,-0.12331365793943405
5,pose,13,-1,0.5981214642524719,0.53718501329422,-0.04411905258893967
5,pose,14,-1,0.4396834671497345,0.5423122644424438,-0.10061841458082199
5,pose,15,-1,0.5921059250831604,0.7172030806541443,-0.18927428126335144
5,pose,16,-1,0.44913801550865173,0.719206690788269,-0.2363893985748291
5,pose,17,-1,0.5974358320236206,0.7666025757789612,-0.23769037425518036
5,pose,18,-1,0.44784867763519287,0.772308886051178,-0.2791292071342468
5,pose,19,-1,0.5870946049690247,0.7644128799438477,-0.2746020257472992
5,pose,20,-1,0.45777061581611633,0.769222617149353,-0.32120129466056824
5,pose,21,-1,0.5828977823257446,0.7476312518119812,-0.20623424649238586
5,pose,22,-1,0.4610164761543274,0.751250147819519,-0.2542981207370758
5,pose,23,-1,0.5530897974967957,0.7008882164955139,0.005620571319013834
5,pose,24,-1,0.4832296371459961,0.7038094401359558,-0.0053663551807403564
5,pose,25,-1,0.5486835241317749,0.957491397857666,-0.04850323125720024
5,pose,26,-1,0.49355462193489075,0.9560158252716064,-0.007551157847046852
5,pose,27,-1,0.5539601445198059,1.1702691316604614,0.24008435010910034
5,pose,28,-1,0.4980700612068176,1.163389801979065,0.2501971423625946
5,pose,29,-1,0.5544149875640869,1.1960068941116333,0.26163867115974426
5,pose,30,-1,0.49986517429351807,1.1874552965164185,0.27000296115875244
5,pose,31,-1,0.5539862513542175,1.2466459274291992,0.1288667619228363
5,pose,32,-1,0.5060902833938599,1.2396904230117798,0.1284496933221817
6,hand,0,0,0.4428310990333557,0.7260196805000305,-1.1133686683706401e-07
6,hand,1,0,0.45579853653907776,0.7383515238761902,-0.0066810911521315575
6,hand,2,0,0.46370255947113037,0.7605369091033936,-0.009228700771927834
6,hand,3,0,0.46848368644714355,0.7818844318389893,-0.01011253334581852
6,hand,4,0,0.4674134850502014,0.7941536903381348,-0.009775860235095024
6,hand,5,0,0.4442133605480194,0.7805535793304443,-0.008423944935202599
6,hand,6,0,0.4571162164211273,0.802471399307251,-0.009204658679664135
6,hand,7,0,0.4611561894416809,0.7893539667129517,-0.008255647495388985
6,hand,8,0,0.4591291546821594,0.7784302234649658,-0.007468376774340868
6,hand,9,0,0.43867039680480957,0.782036304473877,-0.004730779677629471
6,hand,10,0,0.4533732533454895,0.8007082939147949,-0.006518758833408356
6,hand,11,0,0.45765143632888794,0.7885709404945374,-0.0056622568517923355
6,hand,12,0,0.4552738070487976,0.7801773548126221,-0.004798338748514652
6,hand,13,0,0.43637552857398987,0.7805166840553284,-0.0010629752650856972
6,hand,14,0,0.45010122656822205,0.7972193956375122,-0.003496017074212432
6,hand,15,0,0.4538410007953644,0.7875485420227051,-0.0024503034073859453
6,hand,16,0,0.45148319005966187,0.7794476747512817,-0.0012305262498557568
6,hand,17,0,0.4364129900932312,0.7783749103546143,0.0023811336141079664
6,hand,18,0,0.4472339451313019,0.7923353314399719,-0.0003567683743312955
6,hand,19,0,0.45027396082878113,0.7850141525268555,-0.00015178110334090889
6,hand,20,0,0.4483288824558258,0.7772344946861267,0.0008448181906715035
6,hand,0,1,0.5901846885681152,0.7227852940559387,7.211276908947184e-08
6,hand,1,1,0.5802010893821716,0.7351507544517517,-0.009051434695720673
6,hand,2,1,0.5767378807067871,0.7580360770225525,-0.011915295384824276
6,hand,3,1,0.5747153162956238,0.7812660336494446,-0.01285762619227171
6,hand,4,1,0.5721646547317505,0.799944281578064,-0.012877138331532478
6,hand,5,1,0.5938560962677002,0.7790929675102234,-0.006501923315227032
6,hand,6,1,0.5855027437210083,0.8053072094917297,-0.008297078311443329
6,hand,7,1,0.5777071118354797,0.8077270984649658,-0.009282814338803291
6,hand,8,1,0.572573184967041,0.8035054802894592,-0.009198139421641827
6,hand,9,1,0.5973783135414124,0.779697597026825,-0.0014734973665326834
6,hand,10,1,0.5875251889228821,0.8023785948753357,-0.0027816903311759233
6,hand,11,1,0.5788950324058533,0.8029717803001404,-0.0038574535865336657
6,hand,12,1,0.572904646396637,0.7986215949058533,-0.004105675965547562
6,hand,13,1,0.5975959897041321,0.7781680226325989,0.0029466848354786634
6,hand,14,1,0.5884647369384766,0.7977172136306763,0.001467010355554521
6,hand,15,1,0.5807443261146545,0.7987073063850403,5.918651368119754e-05
6,hand,16,1,0.575041651725769,0.7954407930374146,-0.00041203730506822467
6,hand,17,1,0.5961403250694275,0.7765678763389587,0.006760118994861841
6,hand,18,1,0.5893634557723999,0.7932167053222656,0.005228666588664055
6,hand,19,1,0.5828977823257446,0.7957358956336975,0.004289006348699331
6,hand,20,1,0.5777583122253418,0.7937718629837036,0.0043171728029847145
6,pose,0,-1,0.5113951563835144,0.20616912841796875,-0.3516739308834076
6,pose,1,-1,0.5211785435676575,0.1833854466676712,-0.3253360688686371
6,pose,2,-1,0.526847779750824,0.18392504751682281,-0.3255167007446289
6,pose,3,-1,0.5305584073066711,0.18450531363487244,-0.32554158568382263
6,pose,4,-1,0.5046059489250183,0.18289917707443237,-0.3332827389240265
6,pose,5,-1,0.4997120499610901,0.18288442492485046,-0.33335214853286743
6,pose,6,-1,0.4952608048915863,0.1833207756280899,-0.33344098925590515
6,pose,7,-1,0.5388217568397522,0.1955154985189438,-0.19504475593566895
6,pose,8,-1,0.4921816289424896,0.1949734389781952,-0.19982963800430298
6,pose,9,-1,0.5228026509284973,0.23283788561820984,-0.292456716299057
6,pose,10,-1,0.5026525855064392,0.23260480165481567,-0.3004933297634125
6,pose,11,-1,0.5844647884368896,0.34369468688964844,-0.10275929421186447
6,pose,12,-1,0.45347699522972107,0.346861332654953,-0.13113060593605042
6,pose,13,-1,0.5983444452285767,0.5371788740158081,-0.047062259167432785
6,pose,14,-1,0.43971845507621765,0.5424080491065979,-0.10890540480613708
6,pose,15,-1,0.5921996831893921,0.7176012992858887,-0.19099386036396027
6,pose,16,-1,0.4491409361362457,0.7193271517753601,-0.24196384847164154
6,pose,17,-1,0.5975140333175659,0.7666153907775879,-0.23948588967323303
6,pose,18,-1,0.4478279650211334,0.7723196148872375,-0.2845269739627838
6,pose,19,-1,0.5872076153755188,0.7644844055175781,-0.27716952562332153
6,pose,20,-1,0.45774927735328674,0.7694687843322754,-0.32646819949150085
6,pose,21,-1,0.5830516815185547,0.7477983832359314,-0.2082480490207672
6,pose,22,-1,0.46102938055992126,0.7516608238220215,-0.2599126100540161
6,pose,23,-1,0.5530416965484619,0.7010073065757751,0.007023871876299381
6,pose,24,-1,0.4831671118736267,0.7037709355354309,-0.00679020443931222
6,pose,25,-1,0.5487807989120483,0.9575579762458801,-0.0497259646654129
6,pose,26,-1,0.49338120222091675,0.9559593796730042,-0.011299433186650276
6,pose,27,-1,0.5531599521636963,1.1696182489395142,0.23580381274223328
6,pose,28,-1,0.49755677580833435,1.1609472036361694,0.25159308314323425
6,pose,29,-1,0.5523126125335693,1.1950435638427734,0.25687023997306824
6,pose,30,-1,0.4988589584827423,1.1844263076782227,0.27231207489967346
6,pose,31,-1,0.5532544851303101,1.2465561628341675,0.12282457947731018
6,pose,32,-1,0.5059705376625061,1.2382444143295288,0.12648475170135498
7,hand,0,0,0.44253790378570557,0.7257294654846191,-1.1285068524102826e-07
7,hand,1,0,0.45588618516921997,0.7386143207550049,-0.005898604169487953
7,hand,2,0,0.4640103876590729,0.7609304189682007,-0.008163295686244965
7,hand,3,0,0.4684930443763733,0.781737208366394,-0.008986137807369232
7,hand,4,0,0.4674130082130432,0.7946756482124329,-0.0086755882948637
7,hand,5,0,0.4447058439254761,0.7801347970962524,-0.007740223314613104
7,hand,6,0,0.4574996531009674,0.802125871181488,-0.008409885689616203
7,hand,7,0,0.4613095819950104,0.7893046140670776,-0.007630853448063135
7,hand,8,0,0.4593409597873688,0.7783244252204895,-0.0070041087456047535
7,hand,9,0,0.43915805220603943,0.7815131545066833,-0.004553771577775478
7,hand,10,0,0.45351049304008484,0.801059365272522,-0.00605298625305295
7,hand,11,0,0.4576108455657959,0.789486825466156,-0.005327364895492792
7,hand,12,0,0.4554496705532074,0.7807495594024658,-0.004660668782889843
7,hand,13,0,0.4366406500339508,0.7798437476158142,-0.0013301129220053554
7,hand,14,0,0.4500351548194885,0.7976090312004089,-0.0034429000224918127
7,hand,15,0,0.4536561965942383,0.7883383631706238,-0.002422672463580966
7,hand,16,0,0.45145365595817566,0.7799232602119446,-0.00135401776060462
7,hand,17,0,0.43638375401496887,0.7775001525878906,0.001709585776552558
7,hand,18,0,0.4470568001270294,0.7926205992698669,-0.0008868633303791285
7,hand,19,0,0.45013052225112915,0.7857493758201599,-0.0005830614827573299
7,hand,20,0,0.4483388066291809,0.777799665927887,0.00041352497646585107
7,hand,0,1,0.5900375843048096,0.7228415608406067,7.237371590917974e-08
7,hand,1,1,0.5801547765731812,0.7354368567466736,-0.009028248488903046
7,hand,2,1,0.576596200466156,0.7587178349494934,-0.01172836497426033
7,hand,3,1,0.5743001103401184,0.7816007137298584,-0.012521367520093918
7,hand,4,1,0.5715299248695374,0.8000363111495972,-0.012350012548267841
7,hand,5,1,0.5937605500221252,0.7793111205101013,-0.005759222432971001
7,hand,6,1,0.5854114294052124,0.805254340171814,-0.007311600726097822
7,hand,7,1,0.5776042342185974,0.8074266314506531,-0.008227359503507614
7,hand,8,1,0.5725870728492737,0.8030058145523071,-0.008078708313405514
7,hand,9,1,0.5971981287002563,0.7795743942260742,-0.0006890521035529673
7,hand,10,1,0.5874919891357422,0.8024163842201233,-0.0017709070816636086
7,hand,11,1,0.5788418650627136,0.802864134311676,-0.0027763699181377888
7,hand,12,1,0.5730006098747253,0.7986210584640503,-0.002947988221421838
7,hand,13,1,0.5973618030548096,0.7777995467185974,0.00371936266310513
7,hand,14,1,0.5882712602615356,0.797542929649353,0.0023774767760187387
7,hand,15,1,0.5804455876350403,0.7983007431030273,0.0010360056767240167
7,hand,16,1,0.5748807787895203,0.794965922832489,0.0006449768552556634
7,hand,17,1,0.595888614654541,0.7761878371238708,0.00751554174348712
7,hand,18,1,0.5892269611358643,0.7931181788444519,0.006096603814512491
7,hand,19,1,0.5827293992042542,0.7954455018043518,0.005265600513666868
7,hand,20,1,0.5776782035827637,0.793550968170166,0.005381915718317032
7,pose,0,-1,0.5114172101020813,0.20572271943092346,-0.37122994661331177
7,pose,1,-1,0.5212072134017944,0.18305817246437073,-0.3486855924129486
7,pose,2,-1,0.5268759727478027,0.18362626433372498,-0.34881556034088135
7,pose,3,-1,0.5306013226509094,0.18422062695026398,-0.34886419773101807
7,pose,4,-1,0.504610002040863,0.1825152486562729,-0.35244420170783997
7,pose,5,-1,0.499714732170105,0.18247570097446442,-0.3524985909461975
7,pose,6,-1,0.49524492025375366,0.1829102337360382,-0.352607786655426
7,pose,7,-1,0.5388311147689819,0.19551488757133484,-0.2097676396369934
7,pose,8,-1,0.4921414256095886,0.19473430514335632,-0.2192697823047638
7,pose,9,-1,0.5228155851364136,0.23259489238262177,-0.31576213240623474
7,pose,10,-1,0.5027167201042175,0.2323605716228485,-0.32029688358306885
7,pose,11,-1,0.584385097026825,0.3436906933784485,-0.10982348024845123
7,pose,12,-1,0.45344865322113037,0.3468817472457886,-0.1430932879447937
7,pose,13,-1,0.5984869003295898,0.5372396111488342,-0.050857432186603546
7,pose,14,-1,0.4397267997264862,0.5424148440361023,-0.11604928970336914
7,pose,15,-1,0.5922425389289856,0.7182543873786926,-0.19235537946224213
7,pose,16,-1,0.4491378366947174,0.7194563150405884,-0.24674047529697418
7,pose,17,-1,0.5975167155265808,0.7667610049247742,-0.23972944915294647
7,pose,18,-1,0.4477998912334442,0.7723809480667114,-0.28881514072418213
7,pose,19,-1,0.587237536907196,0.7647656202316284,-0.28016483783721924
7,pose,20,-1,0.4577482044696808,0.7698104381561279,-0.3309238851070404
7,pose,21,-1,0.5831278562545776,0.7482791543006897,-0.2086152583360672
7,pose,22,-1,0.4610675871372223,0.7520939111709595,-0.2647956609725952
7,pose,23,-1,0.5529949069023132,0.7009596228599548,0.005875918548554182
7,pose,24,-1,0.48310530185699463,0.7037108540534973,-0.0056640272960066795
7,pose,25,-1,0.5490133166313171,0.9575542211532593,-0.048336662352085114
7,pose,26,-1,0.49345359206199646,0.9553230404853821,-0.010096295736730099
7,pose,27,-1,0.5532225966453552,1.169423222541809,0.23822320997714996
7,pose,28,-1,0.49762043356895447,1.1593809127807617,0.2613241672515869
7,pose,29,-1,0.5523454546928406,1.1949163675308228,0.25930702686309814
7,pose,30,-1,0.4988635778427124,1.1828583478927612,0.2836702764034271
7,pose,31,-1,0.5530924201011658,1.2457224130630493,0.12395567446947098
7,pose,32,-1,0.5060237050056458,1.2370446920394897,0.13491538166999817
8,hand,0,0,0.443435400724411,0.7269097566604614,-1.0745166889591928e-07
8,hand,1,0,0.45638272166252136,0.7400214672088623,-0.005068259779363871
8,hand,2,0,0.463778018951416,0.7612574100494385,-0.007148039992898703
8,hand,3,0,0.4678957164287567,0.780730128288269,-0.007961851544678211
8,hand,4,0,0.4675723910331726,0.7926159501075745,-0.007773130666464567
8,hand,5,0,0.44553181529045105,0.7805349826812744,-0.00768906669691205
8,hand,6,0,0.4573098421096802,0.8020832538604736,-0.008077693171799183
8,hand,7,0,0.46130597591400146,0.7908506393432617,-0.0069246250204741955
8,hand,8,0,0.4598681926727295,0.7804400324821472,-0.006058110855519772
8,hand,9,0,0.43961507081985474,0.7819796800613403,-0.0049364203587174416
8,hand,10,0,0.45303264260292053,0.8007774353027344,-0.006015743128955364
8,hand,11,0,0.45724666118621826,0.7904473543167114,-0.00502803735435009
8,hand,12,0,0.45547133684158325,0.7822954654693604,-0.0043535358272492886
8,hand,13,0,0.4366159737110138,0.7802118062973022,-0.0020400374196469784
8,hand,14,0,0.44922804832458496,0.7977763414382935,-0.0037589380517601967
8,hand,15,0,0.45297300815582275,0.7894356846809387,-0.002613814314827323
8,hand,16,0,0.4513814449310303,0.7812706232070923,-0.0016452730633318424
8,hand,17,0,0.4361056387424469,0.7778437733650208,0.0007323282770812511
8,hand,18,0,0.44590139389038086,0.7924241423606873,-0.0014287321828305721
8,hand,19,0,0.4490011930465698,0.7862535715103149,-0.0009678988135419786
8,hand,20,0,0.4477088153362274,0.7788079380989075,-3.972643753513694e-05
8,hand,0,1,0.5899321436882019,0.7231031656265259,7.767627607790928e-08
8,hand,1,1,0.5799968838691711,0.7359182834625244,-0.008429545909166336
8,hand,2,1,0.5762632489204407,0.7589796185493469,-0.011035988107323647
8,hand,3,1,0.5741606950759888,0.7820082306861877,-0.01194409467279911
8,hand,4,1,0.5716442465782166,0.800690770149231,-0.011988162063062191
8,hand,5,1,0.5936794281005859,0.7798833847045898,-0.004667411558330059
8,hand,6,1,0.5854225754737854,0.8052378296852112,-0.005958425346761942
8,hand,7,1,0.5776813626289368,0.807364821434021,-0.00701392674818635
8,hand,8,1,0.572642982006073,0.8034444451332092,-0.007123179733753204
8,hand,9,1,0.5972365736961365,0.7801153063774109,-4.326839643908897e-06
8,hand,10,1,0.5877780318260193,0.8022600412368774,-0.0009381521376781166
8,hand,11,1,0.579259991645813,0.8033015131950378,-0.0022360850125551224
8,hand,12,1,0.5731939673423767,0.7994933128356934,-0.0026965728029608727
8,hand,13,1,0.5975145697593689,0.7781007289886475,0.004040275234729052
8,hand,14,1,0.5887901186943054,0.7974923253059387,0.002966247731819749
8,hand,15,1,0.5809904932975769,0.7991045713424683,0.0015309302834793925
8,hand,16,1,0.5751282572746277,0.7964715957641602,0.0009801024571061134
8,hand,17,1,0.5960202217102051,0.7761144638061523,0.0074958186596632
8,hand,18,1,0.5896407961845398,0.7931035757064819,0.0063911075703799725
8,hand,19,1,0.5831746459007263,0.7965060472488403,0.00565511966124177
8,hand,20,1,0.5778323411941528,0.7953165173530579,0.00576547347009182
8,pose,0,-1,0.5114974975585938,0.2055976390838623,-0.37727150321006775
8,pose,1,-1,0.5212939977645874,0.1829293966293335,-0.35573291778564453
8,pose,2,-1,0.5269447565078735,0.18350081145763397,-0.35585469007492065
8,pose,3,-1,0.5306732058525085,0.18410295248031616,-0.35592004656791687
8,pose,4,-1,0.5046531558036804,0.1823754459619522,-0.358148455619812
8,pose,5,-1,0.49975693225860596,0.18232068419456482,-0.35820409655570984
8,pose,6,-1,0.4952473044395447,0.18275895714759827,-0.3583240211009979
8,pose,7,-1,0.538857102394104,0.1955297738313675,-0.21531613171100616
8,pose,8,-1,0.4921220541000366,0.19466744363307953,-0.2249266356229782
8,pose,9,-1,0.5228633284568787,0.2325299233198166,-0.3231203854084015
8,pose,10,-1,0.5028187036514282,0.23230449855327606,-0.326341450214386
8,pose,11,-1,0.5843494534492493,0.34370118379592896,-0.11487038433551788
8,pose,12,-1,0.4534285366535187,0.34687939286231995,-0.14684195816516876
8,pose,13,-1,0.59857177734375,0.5375933051109314,-0.054069940000772476
8,pose,14,-1,0.43975830078125,0.542442798614502,-0.11753538995981216
8,pose,15,-1,0.592251181602478,0.7187548279762268,-0.19495263695716858
8,pose,16,-1,0.4491480886936188,0.7195073962211609,-0.2456885129213333
8,pose,17,-1,0.5974820256233215,0.7671012878417969,-0.2422071248292923
8,pose,18,-1,0.44780412316322327,0.7724527716636658,-0.287545382976532
8,pose,19,-1,0.5872352123260498,0.7652940154075623,-0.28117474913597107
8,pose,20,-1,0.4577566385269165,0.7701588869094849,-0.32912677526474
8,pose,21,-1,0.5831393599510193,0.748857855796814,-0.21112249791622162
8,pose,22,-1,0.46112316846847534,0.7525508999824524,-0.2635432183742523
8,pose,23,-1,0.5529851317405701,0.701000452041626,0.005509478971362114
8,pose,24,-1,0.48306864500045776,0.7037200331687927,-0.005313968285918236
8,pose,25,-1,0.5491767525672913,0.9575687050819397,-0.0451790913939476
8,pose,26,-1,0.493460088968277,0.955029308795929,-0.009116965346038342
8,pose,27,-1,0.5535552501678467,1.165461778640747,0.2578376531600952
8,pose,28,-1,0.4978131055831909,1.158007264137268,0.28075483441352844
8,pose,29,-1,0.5526533126831055,1.1901099681854248,0.2811969518661499
8,pose,30,-1,0.4990629255771637,1.1798731088638306,0.30572444200515747
8,pose,31,-1,0.5532050728797913,1.2419894933700562,0.14913596212863922
8,pose,32,-1,0.5061358213424683,1.235252857208252,0.16085481643676758
9,hand,0,0,0.4436575174331665,0.7275665402412415,-1.0829618446450695e-07
9,hand,1,0,0.45679062604904175,0.7417954206466675,-0.00597440404817462
9,hand,2,0,0.46452921628952026,0.7642893195152283,-0.008286532945930958
9,hand,3,0,0.46891552209854126,0.784684419631958,-0.008991098962724209
9,hand,4,0,0.46743372082710266,0.796776294708252,-0.008540833368897438
9,hand,5,0,0.44495847821235657,0.7800257205963135,-0.008807175792753696
9,hand,6,0,0.4574361741542816,0.8022778630256653,-0.008931035175919533
9,hand,7,0,0.4613501727581024,0.7901449203491211,-0.007295035757124424
9,hand,8,0,0.45978933572769165,0.7796586751937866,-0.006134345196187496
9,hand,9,0,0.4390195906162262,0.7811747789382935,-0.0053810859099030495
9,hand,10,0,0.45282191038131714,0.8006889224052429,-0.006410474888980389
9,hand,11,0,0.4571230113506317,0.7896312475204468,-0.005186594091355801
9,hand,12,0,0.45535919070243835,0.7814614772796631,-0.004348061513155699
9,hand,13,0,0.4361642301082611,0.7795661091804504,-0.001784206833690405
9,hand,14,0,0.4489636719226837,0.7972278594970703,-0.0033951818477362394
9,hand,15,0,0.45284828543663025,0.7881270051002502,-0.0021510545630007982
9,hand,16,0,0.4511633813381195,0.7800016403198242,-0.0011542791035026312
9,hand,17,0,0.4356667399406433,0.7772376537322998,0.0016434906283393502
9,hand,18,0,0.4456627666950226,0.7913532257080078,-0.0006566571537405252
9,hand,19,0,0.4488894045352936,0.7844143509864807,-0.0003672216844279319
9,hand,20,0,0.4475596249103546,0.7766618728637695,0.0004627350135706365
9,hand,0,1,0.5902835726737976,0.7223856449127197,7.397738244208085e-08
9,hand,1,1,0.5802158117294312,0.7339616417884827,-0.009365050122141838
9,hand,2,1,0.5766041278839111,0.7575140595436096,-0.012312772683799267
9,hand,3,1,0.5744752883911133,0.7810012698173523,-0.013247045688331127
9,hand,4,1,0.5718300342559814,0.7999582290649414,-0.01320707704871893
9,hand,5,1,0.5938788056373596,0.7789479494094849,-0.006881097797304392
9,hand,6,1,0.5854936242103577,0.8057687282562256,-0.008547352626919746
9,hand,7,1,0.577397882938385,0.8078149557113647,-0.009261672385036945
9,hand,8,1,0.5722367763519287,0.8033807873725891,-0.008997333236038685
9,hand,9,1,0.5974180102348328,0.7796351313591003,-0.0016920455964282155
9,hand,10,1,0.5876010060310364,0.8030049800872803,-0.003052385989576578
9,hand,11,1,0.5786304473876953,0.8032557964324951,-0.004025375470519066
9,hand,12,1,0.5725884437561035,0.7985541820526123,-0.0041580176912248135
9,hand,13,1,0.5976261496543884,0.778126060962677,0.0028980374336242676
9,hand,14,1,0.5884901285171509,0.7982732057571411,0.0013730101054534316
9,hand,15,1,0.5803924798965454,0.7989787459373474,5.337638867786154e-05
9,hand,16,1,0.574594259262085,0.7953619956970215,-0.0003364067815709859
9,hand,17,1,0.5961294174194336,0.7764919996261597,0.006868037860840559
9,hand,18,1,0.5893160104751587,0.7935000658035278,0.005235562566667795
9,hand,19,1,0.5826297998428345,0.795929491519928,0.004274467471987009
9,hand,20,1,0.5774393677711487,0.7939275503158569,0.004304164554923773
9,pose,0,-1,0.5115712881088257,0.20550182461738586,-0.38311073184013367
9,pose,1,-1,0.5213564038276672,0.18279816210269928,-0.3624022305011749
9,pose,2,-1,0.5269871354103088,0.18337173759937286,-0.36251842975616455
9,pose,3,-1,0.5307164788246155,0.18398107588291168,-0.36258018016815186
9,pose,4,-1,0.5047242045402527,0.18225401639938354,-0.36394527554512024
9,pose,5,-1,0.4998418986797333,0.182192862033844,-0.36400339007377625
9,pose,6,-1,0.495278924703598,0.18263907730579376,-0.3641202747821808
9,pose,7,-1,0.5388758778572083,0.19553259015083313,-0.22312813997268677
9,pose,8,-1,0.4921192526817322,0.19458918273448944,-0.23075652122497559
9,pose,9,-1,0.5228859782218933,0.23244348168373108,-0.33001676201820374
9,pose,10,-1,0.5029423236846924,0.2322181612253189,-0.3322051763534546
9,pose,11,-1,0.5843371748924255,0.3437018394470215,-0.1249612495303154
9,pose,12,-1,0.45342758297920227,0.3468804359436035,-0.15122047066688538
9,pose,13,-1,0.5986840128898621,0.537673830986023,-0.06146279722452164
9,pose,14,-1,0.43979713320732117,0.5424902439117432,-0.12296561151742935
9,pose,15,-1,0.5922679305076599,0.7189905643463135,-0.1976964920759201
9,pose,16,-1,0.4491640627384186,0.7196304798126221,-0.2518540620803833
9,pose,17,-1,0.5974775552749634,0.7672027945518494,-0.2457999885082245
9,pose,18,-1,0.44780397415161133,0.7725279331207275,-0.2938109338283539
9,pose,19,-1,0.5872358679771423,0.7655428647994995,-0.2850945293903351
9,pose,20,-1,0.45775654911994934,0.7705734372138977,-0.3351750671863556
9,pose,21,-1,0.5831584930419922,0.7491645216941833,-0.2143792361021042
9,pose,22,-1,0.46114790439605713,0.7530191540718079,-0.269607812166214
9,pose,23,-1,0.5529821515083313,0.7010650038719177,0.005210639908909798
9,pose,24,-1,0.48306652903556824,0.7036910057067871,-0.005016495939344168
9,pose,25,-1,0.5494793057441711,0.957575798034668,-0.04150531068444252
9,pose,26,-1,0.49349287152290344,0.9550142884254456,-0.008549606427550316
9,pose,27,-1,0.5536110401153564,1.1648049354553223,0.26346686482429504
9,pose,28,-1,0.49780163168907166,1.157139539718628,0.2778832018375397
9,pose,29,-1,0.5526763200759888,1.1894372701644897,0.28683844208717346
9,pose,30,-1,0.4990280568599701,1.1790740489959717,0.30293920636177063
9,pose,31,-1,0.5534861087799072,1.2409783601760864,0.15683239698410034
9,pose,32,-1,0.5060643553733826,1.2347127199172974,0.15350548923015594
10,hand,0,0,0.44248366355895996,0.7268650531768799,-1.0767581670734216e-07
10,hand,1,0,0.4558977782726288,0.7391343116760254,-0.0062637971714138985
10,hand,2,0,0.46400192379951477,0.7615476250648499,-0.008684640750288963
10,hand,3,0,0.4686127007007599,0.7831677794456482,-0.009535102173686028
10,hand,4,0,0.46735087037086487,0.796623170375824,-0.009178527630865574
10,hand,5,0,0.4450678825378418,0.781021237373352,-0.007629895582795143
10,hand,6,0,0.45720863342285156,0.802924394607544,-0.008164351806044579
10,hand,7,0,0.46100786328315735,0.7897937893867493,-0.0073504154570400715
10,hand,8,0,0.4588949382305145,0.7788328528404236,-0.006756445858627558
10,hand,9,0,0.43929171562194824,0.7820767164230347,-0.004124413710087538
10,hand,10,0,0.4530200660228729,0.80085688829422,-0.00540957972407341
10,hand,11,0,0.4571382403373718,0.7890579104423523,-0.004587970208376646
10,hand,12,0,0.45475199818611145,0.7807430028915405,-0.0039326343685388565
10,hand,13,0,0.43664059042930603,0.7801951766014099,-0.0006304249982349575
10,hand,14,0,0.449165940284729,0.7968621253967285,-0.0025319226551800966
10,hand,15,0,0.45283541083335876,0.7874764204025269,-0.0014655962586402893
10,hand,16,0,0.45048248767852783,0.7796118259429932,-0.00046956134610809386
10,hand,17,0,0.436054527759552,0.777885913848877,0.0026502679102122784
10,hand,18,0,0.44612041115760803,0.7920674681663513,0.00030829713796265423
10,hand,19,0,0.44918256998062134,0.7846141457557678,0.000645651831291616
10,hand,20,0,0.44723960757255554,0.7766720652580261,0.0015808342723175883
10,hand,0,1,0.5905698537826538,0.7226345539093018,7.302124060970527e-08
10,hand,1,1,0.5801817774772644,0.7341455221176147,-0.008955058641731739
10,hand,2,1,0.5761960744857788,0.7567223310470581,-0.011931251734495163
10,hand,3,1,0.5742835998535156,0.7801705598831177,-0.012987982481718063
10,hand,4,1,0.5717259049415588,0.7993611097335815,-0.013092948123812675
10,hand,5,1,0.5933553576469421,0.778507649898529,-0.007141431327909231
10,hand,6,1,0.5853869915008545,0.8055108189582825,-0.008828950114548206
10,hand,7,1,0.5775463581085205,0.8077519536018372,-0.009373351000249386
10,hand,8,1,0.5724495649337769,0.8035327196121216,-0.009013794362545013
10,hand,9,1,0.5974102020263672,0.7792800068855286,-0.0022506387904286385
10,hand,10,1,0.5876361131668091,0.80283123254776,-0.003759231185540557
10,hand,11,1,0.578785240650177,0.802912175655365,-0.004609051160514355
10,hand,12,1,0.5727943181991577,0.7978460788726807,-0.004660127218812704
10,hand,13,1,0.5980544686317444,0.7778211236000061,0.0021068756468594074
10,hand,14,1,0.5889265537261963,0.7978556156158447,0.0005005366983823478
10,hand,15,1,0.580894410610199,0.7982820272445679,-0.0006468268693424761
10,hand,16,1,0.5751433968544006,0.7944921255111694,-0.0009166995296254754
10,hand,17,1,0.5968400239944458,0.7761818766593933,0.005881316028535366
10,hand,18,1,0.5900005102157593,0.7930904030799866,0.004280162043869495
10,hand,19,1,0.5834334492683411,0.7954086065292358,0.003431040560826659
10,hand,20,1,0.5782757997512817,0.7933892607688904,0.0035209141205996275
10,pose,0,-1,0.5116411447525024,0.2053551822900772,-0.3881089985370636
10,pose,1,-1,0.5214061737060547,0.1826803833246231,-0.36749011278152466
10,pose,2,-1,0.527023196220398,0.18326248228549957,-0.36760300397872925
10,pose,3,-1,0.5307549238204956,0.18387742340564728,-0.3676672577857971
10,pose,4,-1,0.5047834515571594,0.18212366104125977,-0.36863309144973755
10,pose,5,-1,0.4999177157878876,0.18205764889717102,-0.36868736147880554
10,pose,6,-1,0.4953097403049469,0.18249332904815674,-0.3688102662563324
10,pose,7,-1,0.538896918296814,0.19553492963314056,-0.22857587039470673
10,pose,8,-1,0.49211689829826355,0.19448992609977722,-0.2347365766763687
10,pose,9,-1,0.5229210257530212,0.23232701420783997,-0.3353162109851837
10,pose,10,-1,0.5030376315116882,0.23207975924015045,-0.3370214104652405
10,pose,11,-1,0.5843318104743958,0.3436925411224365,-0.1338994801044464
10,pose,12,-1,0.4534246623516083,0.3468911051750183,-0.15259329974651337
10,pose,13,-1,0.5988714694976807,0.5376867055892944,-0.07066190987825394
10,pose,14,-1,0.43983155488967896,0.5426220893859863,-0.12163162231445312
10,pose,15,-1,0.5924085378646851,0.7191348075866699,-0.20312325656414032
10,pose,16,-1,0.44918519258499146,0.7198314070701599,-0.25020793080329895
10,pose,17,-1,0.5974946618080139,0.7673447728157043,-0.2515905499458313
10,pose,18,-1,0.44780445098876953,0.7725810408592224,-0.291544646024704
10,pose,19,-1,0.5872710347175598,0.7656806111335754,-0.29035916924476624
10,pose,20,-1,0.4577556848526001,0.7709513902664185,-0.3335222005844116
10,pose,21,-1,0.5832434892654419,0.7493142485618591,-0.21990905702114105
10,pose,22,-1,0.46116578578948975,0.7534737586975098,-0.2681720554828644
10,pose,23,-1,0.5531633496284485,0.7010411620140076,0.004833112936466932
10,pose,24,-1,0.4831168055534363,0.7037230134010315,-0.004643081221729517
10,pose,25,-1,0.5496342182159424,0.9575824737548828,-0.044016048312187195
10,pose,26,-1,0.4934954047203064,0.954844057559967,-0.006776903290301561
10,pose,27,-1,0.5537344813346863,1.1629458665847778,0.2584189772605896
10,pose,28,-1,0.4978575110435486,1.1565783023834229,0.2850967347621918
10,pose,29,-1,0.5528591275215149,1.187379002571106,0.2815093696117401
10,pose,30,-1,0.4991750717163086,1.1780601739883423,0.3100180923938751
10,pose,31,-1,0.553411602973938,1.239439845085144,0.15168751776218414
10,pose,32,-1,0.5058923363685608,1.2335442304611206,0.1665196418762207
11,hand,0,0,0.4428141713142395,0.7270936965942383,-1.0993793608804481e-07
11,hand,1,0,0.4559416174888611,0.740117609500885,-0.005307923536747694
11,hand,2,0,0.46379655599594116,0.7617400884628296,-0.007591713219881058
11,hand,3,0,0.4683455228805542,0.78194260597229,-0.008620421402156353
11,hand,4,0,0.4673791527748108,0.7940851449966431,-0.008538049645721912
11,hand,5,0,0.4453233480453491,0.7810977697372437,-0.0074901459738612175
11,hand,6,0,0.4574010670185089,0.802819550037384,-0.008221597410738468
11,hand,7,0,0.4608898162841797,0.789962887763977,-0.007313866168260574
11,hand,8,0,0.4587826728820801,0.7793837785720825,-0.006578833796083927
11,hand,9,0,0.43939292430877686,0.7825174927711487,-0.004706558305770159
11,hand,10,0,0.45287391543388367,0.8014220595359802,-0.006239951588213444
11,hand,11,0,0.45689657330513,0.7897037267684937,-0.005322895012795925
11,hand,12,0,0.45466339588165283,0.7815248966217041,-0.0045465510338544846
11,hand,13,0,0.43634018301963806,0.7807586789131165,-0.0018544445047155023
11,hand,14,0,0.44887587428092957,0.7980407476425171,-0.00387885351665318
11,hand,15,0,0.45255741477012634,0.7886520624160767,-0.002576840342953801
11,hand,16,0,0.45041584968566895,0.7804391980171204,-0.0013699551345780492
11,hand,17,0,0.4355335831642151,0.7784307599067688,0.0008372648735530674
11,hand,18,0,0.44546428322792053,0.7928786873817444,-0.0013841436011716723
11,hand,19,0,0.4485604465007782,0.7859951853752136,-0.0008065997972153127
11,hand,20,0,0.44682544469833374,0.7781920433044434,0.0002695155271794647
11,hand,0,1,0.5907102227210999,0.7226285338401794,8.045154942237787e-08
11,hand,1,1,0.5803707242012024,0.7344583868980408,-0.008384428918361664
11,hand,2,1,0.5762805938720703,0.7572854161262512,-0.011158290319144726
11,hand,3,1,0.5740405321121216,0.7805569767951965,-0.012231181375682354
11,hand,4,1,0.5717973709106445,0.799979567527771,-0.012428359128534794
11,hand,5,1,0.5931189060211182,0.7795174717903137,-0.005265851970762014
11,hand,6,1,0.5854299664497375,0.8054271340370178,-0.00659016240388155
11,hand,7,1,0.5777706503868103,0.8078346252441406,-0.007349785882979631
11,hand,8,1,0.5726951956748962,0.8038604259490967,-0.007213214877992868
11,hand,9,1,0.5971614718437195,0.7799556255340576,-0.0007051229476928711
11,hand,10,1,0.5876450538635254,0.8022103309631348,-0.0015911632217466831
11,hand,11,1,0.5791873335838318,0.8030981421470642,-0.002607061294838786
11,hand,12,1,0.5732624530792236,0.7994139790534973,-0.002900660503655672
11,hand,13,1,0.597980260848999,0.7780625820159912,0.00326539552770555
11,hand,14,1,0.5891410708427429,0.797229528427124,0.002380028134211898
11,hand,15,1,0.5813954472541809,0.7986157536506653,0.0011904649436473846
11,hand,16,1,0.5755957961082458,0.796107292175293,0.0007122158422134817
11,hand,17,1,0.5968366861343384,0.7761913537979126,0.006634546909481287
11,hand,18,1,0.5904252529144287,0.793091893196106,0.005642881616950035
11,hand,19,1,0.5838843584060669,0.7961517572402954,0.005036206915974617
11,hand,20,1,0.5784429907798767,0.7947699427604675,0.005199084524065256
11,pose,0,-1,0.5116816759109497,0.20517416298389435,-0.3894628584384918
11,pose,1,-1,0.5214512348175049,0.1825423389673233,-0.3688358664512634
11,pose,2,-1,0.5270634293556213,0.18313133716583252,-0.36895182728767395
11,pose,3,-1,0.5308043956756592,0.18374879658222198,-0.3690050542354584
11,pose,4,-1,0.5048163533210754,0.18198148906230927,-0.36973559856414795
11,pose,5,-1,0.49995848536491394,0.18191784620285034,-0.36980435252189636
11,pose,6,-1,0.4953218102455139,0.18235957622528076,-0.36993348598480225
11,pose,7,-1,0.5389680862426758,0.19553722441196442,-0.23025697469711304
11,pose,8,-1,0.4921131730079651,0.19442373514175415,-0.23535071313381195
11,pose,9,-1,0.5229460000991821,0.2322354018688202,-0.3369274139404297
11,pose,10,-1,0.5030960440635681,0.23198720812797546,-0.33832210302352905
11,pose,11,-1,0.5843306183815002,0.3437279462814331,-0.13758724927902222
11,pose,12,-1,0.45341581106185913,0.34689053893089294,-0.1527470201253891
11,pose,13,-1,0.5989458560943604,0.5379868149757385,-0.07539045065641403
11,pose,14,-1,0.4398520588874817,0.5426280498504639,-0.12080557644367218
11,pose,15,-1,0.5924076437950134,0.7195563316345215,-0.20673665404319763
11,pose,16,-1,0.44921618700027466,0.7198364734649658,-0.2493402510881424
11,pose,17,-1,0.5974483489990234,0.7676075100898743,-0.25519073009490967
11,pose,18,-1,0.44780203700065613,0.7725762724876404,-0.29051539301872253
11,pose,19,-1,0.5872562527656555,0.7660574913024902,-0.2934722304344177
11,pose,20,-1,0.45774009823799133,0.7709887027740479,-0.3325614631175995
11,pose,21,-1,0.5832440257072449,0.7497015595436096,-0.22347143292427063
11,pose,22,-1,0.46117034554481506,0.7535363435745239,-0.2673010230064392
11,pose,23,-1,0.5531486868858337,0.7010024785995483,0.004759772680699825
11,pose,24,-1,0.48310551047325134,0.7037031054496765,-0.004582869820296764
11,pose,25,-1,0.5496398210525513,0.9575133323669434,-0.04004519432783127
11,pose,26,-1,0.49349212646484375,0.9536021947860718,0.004571320954710245
11,pose,27,-1,0.5538344979286194,1.1602234840393066,0.2694231867790222
11,pose,28,-1,0.4978598654270172,1.1550875902175903,0.3100835084915161
11,pose,29,-1,0.5531045198440552,1.1845998764038086,0.29369696974754333
11,pose,30,-1,0.4991793632507324,1.1763242483139038,0.3366703987121582
11,pose,31,-1,0.5533638000488281,1.2365397214889526,0.1676497757434845
11,pose,32,-1,0.5054738521575928,1.230851173400879,0.19771204888820648
12,hand,0,0,0.44349586963653564,0.7274433970451355,-1.0684299667218511e-07
12,hand,1,0,0.4564666748046875,0.7407853007316589,-0.006058961618691683
12,hand,2,0,0.4639419913291931,0.7617203593254089,-0.008555572479963303
12,hand,3,0,0.46829599142074585,0.7820261120796204,-0.009567840956151485
12,hand,4,0,0.4672771394252777,0.7937226891517639,-0.009469687938690186
12,hand,5,0,0.44437113404273987,0.7802006006240845,-0.008291233330965042
12,hand,6,0,0.456825315952301,0.8026338219642639,-0.008877076208591461
12,hand,7,0,0.460944801568985,0.7905707359313965,-0.007926886901259422
12,hand,8,0,0.45922282338142395,0.7801548838615417,-0.007207409478724003
12,hand,9,0,0.43863871693611145,0.781586229801178,-0.0049819741398096085
12,hand,10,0,0.45267558097839355,0.8010666370391846,-0.006417790427803993
12,hand,11,0,0.45707738399505615,0.7897388935089111,-0.005555726587772369
12,hand,12,0,0.45494791865348816,0.7814404368400574,-0.004847776610404253
12,hand,13,0,0.4360918700695038,0.779986560344696,-0.0015970327658578753
12,hand,14,0,0.44913822412490845,0.7974755167961121,-0.0035617316607385874
12,hand,15,0,0.4530533254146576,0.7884728312492371,-0.0024606974329799414
12,hand,16,0,0.45095348358154297,0.7802013754844666,-0.0014051746111363173
12,hand,17,0,0.43592119216918945,0.7777622938156128,0.0015830551274120808
12,hand,18,0,0.44603782892227173,0.7922318577766418,-0.0008808762650005519
12,hand,19,0,0.4493597149848938,0.7855936288833618,-0.000605851411819458
12,hand,20,0,0.44781258702278137,0.777717113494873,0.000310413510305807
12,hand,0,1,0.5907596349716187,0.7210459113121033,7.468921126019268e-08
12,hand,1,1,0.5804650187492371,0.7337100505828857,-0.008137084543704987
12,hand,2,1,0.5763429403305054,0.7570974826812744,-0.010623525828123093
12,hand,3,1,0.5739759802818298,0.7801931500434875,-0.01149965450167656
12,hand,4,1,0.5716184973716736,0.7993097901344299,-0.011529168114066124
12,hand,5,1,0.5933516621589661,0.778827965259552,-0.004508201032876968
12,hand,6,1,0.5857428312301636,0.804442822933197,-0.005898136179894209
12,hand,7,1,0.5781052112579346,0.8070383667945862,-0.006982157938182354
12,hand,8,1,0.5729846358299255,0.803306519985199,-0.007132302038371563
12,hand,9,1,0.5972835421562195,0.7790407538414001,-0.00015430920757353306
12,hand,10,1,0.5880597829818726,0.8010780811309814,-0.0012087059440091252
12,hand,11,1,0.5795701742172241,0.8019070029258728,-0.0025739213451743126
12,hand,12,1,0.5736107230186462,0.7978216409683228,-0.003113971557468176
12,hand,13,1,0.5980349779129028,0.7768779993057251,0.0035779359750449657
12,hand,14,1,0.5894099473953247,0.7960576415061951,0.002358610276132822
12,hand,15,1,0.5815578699111938,0.7974907159805298,0.000908695044927299
12,hand,16,1,0.5757794976234436,0.7949292659759521,0.00031858301372267306
12,hand,17,1,0.59693443775177,0.774789571762085,0.006734479684382677
12,hand,18,1,0.5906925201416016,0.7920297384262085,0.005433506797999144
12,hand,19,1,0.5842384696006775,0.7949110865592957,0.004713582806289196
12,hand,20,1,0.5790078639984131,0.7934030890464783,0.004823173396289349
12,pose,0,-1,0.5116933584213257,0.20513448119163513,-0.39099034667015076
12,pose,1,-1,0.5214657783508301,0.18248790502548218,-0.37077802419662476
12,pose,2,-1,0.5270773768424988,0.18307766318321228,-0.3708859086036682
12,pose,3,-1,0.5308235287666321,0.18369902670383453,-0.37094438076019287
12,pose,4,-1,0.5048266649246216,0.18192577362060547,-0.3717576265335083
12,pose,5,-1,0.49997377395629883,0.18185853958129883,-0.3718217611312866
12,pose,6,-1,0.4953247606754303,0.1823052316904068,-0.3719523549079895
12,pose,7,-1,0.5389765501022339,0.19554084539413452,-0.23312728106975555
12,pose,8,-1,0.49211058020591736,0.19439443945884705,-0.23890994489192963
12,pose,9,-1,0.5229555368423462,0.23221085965633392,-0.33869850635528564
12,pose,10,-1,0.5031296610832214,0.23197321593761444,-0.34022995829582214
12,pose,11,-1,0.5843296647071838,0.3437143564224243,-0.13984741270542145
12,pose,12,-1,0.4534129500389099,0.34681805968284607,-0.15863698720932007
12,pose,13,-1,0.5989661812782288,0.5380076766014099,-0.07785248756408691
12,pose,14,-1,0.43985700607299805,0.5426332950592041,-0.12909719347953796
12,pose,15,-1,0.5923932194709778,0.7199335694313049,-0.20771272480487823
12,pose,16,-1,0.4492897689342499,0.7198220491409302,-0.25527772307395935
12,pose,17,-1,0.5973723530769348,0.7679151892662048,-0.25571519136428833
12,pose,18,-1,0.4478074908256531,0.7725605368614197,-0.2966111898422241
12,pose,19,-1,0.5872465372085571,0.7663020491600037,-0.2939116656780243
12,pose,20,-1,0.4577699899673462,0.7710249423980713,-0.33759579062461853
12,pose,21,-1,0.5832456946372986,0.7500014901161194,-0.22446751594543457
12,pose,22,-1,0.4613094925880432,0.7535865306854248,-0.27287009358406067
12,pose,23,-1,0.5531467795372009,0.7010071277618408,0.004705274943262339
12,pose,24,-1,0.48310309648513794,0.7036860585212708,-0.004525722935795784
12,pose,25,-1,0.5496452450752258,0.9559495449066162,-0.03708025440573692
12,pose,26,-1,0.49350425601005554,0.9518703818321228,0.004211618565022945
12,pose,27,-1,0.5536110401153564,1.1541359424591064,0.27329355478286743
12,pose,28,-1,0.4976693093776703,1.1490429639816284,0.29742011427879333
12,pose,29,-1,0.552682101726532,1.1778945922851562,0.29752317070961
12,pose,30,-1,0.49900734424591064,1.1694010496139526,0.32204538583755493
12,pose,31,-1,0.5533009767532349,1.2310022115707397,0.1709953397512436
12,pose,32,-1,0.5051285624504089,1.2261449098587036,0.1802707463502884
13,hand,0,0,0.4426406919956207,0.7266405820846558,-1.0837103303629192e-07
13,hand,1,0,0.45567527413368225,0.7391782999038696,-0.006113491021096706
13,hand,2,0,0.4637831747531891,0.7615463137626648,-0.00853750854730606
13,hand,3,0,0.46848100423812866,0.7830785512924194,-0.009446666575968266
13,hand,4,0,0.46787989139556885,0.7966177463531494,-0.009149635210633278
13,hand,5,0,0.44490036368370056,0.7788902521133423,-0.008165492676198483
13,hand,6,0,0.45721256732940674,0.8022598624229431,-0.008817031048238277
13,hand,7,0,0.46129223704338074,0.7906601428985596,-0.007819799706339836
13,hand,8,0,0.459713876247406,0.7800483703613281,-0.007056137081235647
13,hand,9,0,0.439362496137619,0.7808558940887451,-0.004895694088190794
13,hand,10,0,0.45314523577690125,0.8014905452728271,-0.006340765859931707
13,hand,11,0,0.45757031440734863,0.7907914519309998,-0.005425890441983938
13,hand,12,0,0.4556736946105957,0.7823554277420044,-0.004713163711130619
13,hand,13,0,0.43685686588287354,0.7798753976821899,-0.0015962828183546662
13,hand,14,0,0.4495462477207184,0.7987890243530273,-0.003574879840016365
13,hand,15,0,0.45344871282577515,0.7899580597877502,-0.002370248083025217
13,hand,16,0,0.4515622556209564,0.7815796136856079,-0.0012839608825743198
13,hand,17,0,0.4365602135658264,0.7782236337661743,0.0014766294043511152
13,hand,18,0,0.4465216398239136,0.7936827540397644,-0.0010855199070647359
13,hand,19,0,0.44982194900512695,0.7873445153236389,-0.0008523119613528252
13,hand,20,0,0.44829338788986206,0.7796784043312073,7.6231804087001365e-06
13,hand,0,1,0.5908952355384827,0.7193905711174011,8.513831772916092e-08
13,hand,1,1,0.5801572799682617,0.7318256497383118,-0.00725025637075305
13,hand,2,1,0.5758766531944275,0.7550879120826721,-0.009530014358460903
13,hand,3,1,0.5738520622253418,0.7778023481369019,-0.010547174140810966
13,hand,4,1,0.5721068978309631,0.7966524958610535,-0.01079763937741518
13,hand,5,1,0.5932103991508484,0.7773306965827942,-0.0032455166801810265
13,hand,6,1,0.586480438709259,0.8026423454284668,-0.004833189304918051
13,hand,7,1,0.5787206292152405,0.8063279390335083,-0.00640434306114912
13,hand,8,1,0.5731014013290405,0.8038888573646545,-0.007030169945210218
13,hand,9,1,0.5974595546722412,0.7771251797676086,0.0002482708659954369
13,hand,10,1,0.589504063129425,0.8000838160514832,-0.001128900214098394
13,hand,11,1,0.5811368823051453,0.8032619953155518,-0.0028508782852441072
13,hand,12,1,0.574627161026001,0.8011106848716736,-0.003697891253978014
13,hand,13,1,0.598590612411499,0.77494877576828,0.0031190754380077124
13,hand,14,1,0.5911006927490234,0.7954976558685303,0.0019216310465708375
13,hand,15,1,0.5834070444107056,0.7995172142982483,0.00074719701660797
13,hand,16,1,0.577190637588501,0.7990765571594238,0.00025750300846993923
13,hand,17,1,0.5975618362426758,0.7726995944976807,0.005380989983677864
13,hand,18,1,0.5921874046325684,0.7916064262390137,0.004284454509615898
13,hand,19,1,0.5860410928726196,0.796897292137146,0.003983821254223585
13,hand,20,1,0.5804837346076965,0.7974933385848999,0.004295152612030506
13,pose,0,-1,0.511704683303833,0.2050170749425888,-0.3895207643508911
13,pose,1,-1,0.5214700102806091,0.18241830170154572,-0.3691940903663635
13,pose,2,-1,0.5270845293998718,0.18300868570804596,-0.36930668354034424
13,pose,3,-1,0.5308309197425842,0.18362657725811005,-0.36936232447624207
13,pose,4,-1,0.504831850528717,0.18185703456401825,-0.3703377842903137
13,pose,5,-1,0.4999789297580719,0.18178938329219818,-0.37040698528289795
13,pose,6,-1,0.4953119158744812,0.18224570155143738,-0.37053272128105164
13,pose,7,-1,0.538981556892395,0.19553884863853455,-0.23124854266643524
13,pose,8,-1,0.4920780062675476,0.1943562775850296,-0.23745104670524597
13,pose,9,-1,0.5229880213737488,0.23209503293037415,-0.33703550696372986
13,pose,10,-1,0.5031604766845703,0.23192815482616425,-0.33871695399284363
13,pose,11,-1,0.5843356847763062,0.34370672702789307,-0.1383722573518753
13,pose,12,-1,0.45340868830680847,0.34682056307792664,-0.15760768949985504
13,pose,13,-1,0.5990228056907654,0.5381410121917725,-0.07511270046234131
13,pose,14,-1,0.43986043334007263,0.5427194833755493,-0.12763391435146332
13,pose,15,-1,0.5923415422439575,0.7207133769989014,-0.20547126233577728
13,pose,16,-1,0.4492786228656769,0.720068097114563,-0.25406306982040405
13,pose,17,-1,0.5970883965492249,0.7687602043151855,-0.2535419166088104
13,pose,18,-1,0.4477766454219818,0.7728004455566406,-0.2956477105617523
13,pose,19,-1,0.5870939493179321,0.7672695517539978,-0.292188823223114
13,pose,20,-1,0.4577607214450836,0.771354079246521,-0.336690217256546
13,pose,21,-1,0.5832129120826721,0.7509651780128479,-0.2224622666835785
13,pose,22,-1,0.4613141119480133,0.7539641261100769,-0.27167603373527527
13,pose,23,-1,0.553145170211792,0.7010208964347839,0.005516183562576771
13,pose,24,-1,0.4830623269081116,0.7036755084991455,-0.005334379617124796
13,pose,25,-1,0.5496450662612915,0.955954909324646,-0.02781650796532631
13,pose,26,-1,0.4934898316860199,0.9518849849700928,0.0039745052345097065
13,pose,27,-1,0.5534523725509644,1.1544055938720703,0.28993430733680725
13,pose,28,-1,0.49718552827835083,1.1493808031082153,0.29666462540626526
13,pose,29,-1,0.5524333119392395,1.178148627281189,0.31501901149749756
13,pose,30,-1,0.4983818233013153,1.169897198677063,0.321781724691391
13,pose,31,-1,0.5532427430152893,1.2314879894256592,0.18830081820487976
13,pose,32,-1,0.5049877762794495,1.2268869876861572,0.1742033213376999
14,hand,0,0,0.44292986392974854,0.7272384166717529,-1.1226659069052403e-07
14,hand,1,0,0.4557761549949646,0.7396538853645325,-0.006058691069483757
14,hand,2,0,0.46365055441856384,0.761264979839325,-0.008537913672626019
14,hand,3,0,0.46844494342803955,0.7816857099533081,-0.009503340348601341
14,hand,4,0,0.468051016330719,0.7945911288261414,-0.00933289434760809
14,hand,5,0,0.444793164730072,0.779485821723938,-0.008982854895293713
14,hand,6,0,0.45740869641304016,0.8025782108306885,-0.009725160896778107
14,hand,7,0,0.4615510404109955,0.7902371287345886,-0.008601912297308445
14,hand,8,0,0.45984795689582825,0.7796158790588379,-0.00770534947514534
14,hand,9,0,0.43919628858566284,0.7814028263092041,-0.00570681132376194
14,hand,10,0,0.45320314168930054,0.8018237948417664,-0.00734824500977993
14,hand,11,0,0.45774129033088684,0.7902563214302063,-0.006306445226073265
14,hand,12,0,0.45582595467567444,0.781734049320221,-0.005420611705631018
14,hand,13,0,0.43656668066978455,0.7802333831787109,-0.0023118830285966396
14,hand,14,0,0.4496656656265259,0.7987358570098877,-0.004511336795985699
14,hand,15,0,0.453706294298172,0.7892038822174072,-0.00316402199678123
14,hand,16,0,0.45174768567085266,0.7806166410446167,-0.001889376319013536
14,hand,17,0,0.4362912178039551,0.778307318687439,0.0009037703857757151
14,hand,18,0,0.4466598629951477,0.7934247255325317,-0.0017840337241068482
14,hand,19,0,0.44991856813430786,0.7865877747535706,-0.0013977772323414683
14,hand,20,0,0.44821634888648987,0.7786464095115662,-0.00036879643448628485
14,hand,0,1,0.5877102017402649,0.717495322227478,6.971743005124154e-08
14,hand,1,1,0.5770398378372192,0.7298287153244019,-0.009254095144569874
14,hand,2,1,0.5721775889396667,0.7533499002456665,-0.01272312831133604
14,hand,3,1,0.568805992603302,0.776919424533844,-0.013992203399538994
14,hand,4,1,0.5688425302505493,0.7938462495803833,-0.014025706797838211
14,hand,5,1,0.5906639695167542,0.767888605594635,-0.010550719685852528
14,hand,6,1,0.5847669243812561,0.7982190251350403,-0.013341045938432217
14,hand,7,1,0.5752080082893372,0.7994930148124695,-0.014244292862713337
14,hand,8,1,0.5696254968643188,0.7946194410324097,-0.014020937494933605
14,hand,9,1,0.5958221554756165,0.768688440322876,-0.005771581083536148
14,hand,10,1,0.5885069966316223,0.7983930110931396,-0.007758344057947397
14,hand,11,1,0.5784550905227661,0.7987133264541626,-0.008130227215588093
14,hand,12,1,0.572600781917572,0.7933101058006287,-0.008012097328901291
14,hand,13,1,0.5974069237709045,0.7676576375961304,-0.0013711462961509824
14,hand,14,1,0.5908349752426147,0.7935508489608765,-0.002733175177127123
14,hand,15,1,0.5820801854133606,0.7949969172477722,-0.002855708822607994
14,hand,16,1,0.576550304889679,0.7907965779304504,-0.002736580092459917
14,hand,17,1,0.5964112281799316,0.7659440636634827,0.002368426648899913
14,hand,18,1,0.5915910601615906,0.787364661693573,0.0009169381228275597
14,hand,19,1,0.5848884582519531,0.7899612188339233,0.0007247206522151828
14,hand,20,1,0.5799380540847778,0.7868821620941162,0.0010643851710483432
14,pose,0,-1,0.5117360949516296,0.20499858260154724,-0.3949248194694519
14,pose,1,-1,0.5215160250663757,0.18235193192958832,-0.37509167194366455
14,pose,2,-1,0.5271352529525757,0.18294359743595123,-0.3751944601535797
14,pose,3,-1,0.5308719277381897,0.1835535168647766,-0.3752449154853821
14,pose,4,-1,0.5048362612724304,0.18178875744342804,-0.37543922662734985
14,pose,5,-1,0.49998316168785095,0.18170659244060516,-0.3755088150501251
14,pose,6,-1,0.495296835899353,0.18216213583946228,-0.3756440579891205
14,pose,7,-1,0.5390365123748779,0.19553668797016144,-0.2382480651140213
14,pose,8,-1,0.4920414686203003,0.19425106048583984,-0.24085868895053864
14,pose,9,-1,0.5230132341384888,0.23208482563495636,-0.34291818737983704
14,pose,10,-1,0.5031973123550415,0.23191587626934052,-0.34360799193382263
14,pose,11,-1,0.5844040513038635,0.3438968062400818,-0.14770570397377014
14,pose,12,-1,0.4533672332763672,0.3468433916568756,-0.1575971245765686
14,pose,13,-1,0.5995921492576599,0.5384683609008789,-0.08557255566120148
14,pose,14,-1,0.4399506151676178,0.5427563190460205,-0.12567029893398285
14,pose,15,-1,0.591098427772522,0.7211880683898926,-0.21553902328014374
14,pose,16,-1,0.44928064942359924,0.7203429341316223,-0.25380536913871765
14,pose,17,-1,0.5946432948112488,0.7694631218910217,-0.26480722427368164
14,pose,18,-1,0.44778066873550415,0.7729483842849731,-0.2952820360660553
14,pose,19,-1,0.5851736068725586,0.7674801349639893,-0.30207058787345886
14,pose,20,-1,0.45776528120040894,0.7715322375297546,-0.33672067523002625
14,pose,21,-1,0.5818580985069275,0.7511429190635681,-0.23190808296203613
14,pose,22,-1,0.4613180160522461,0.7542160153388977,-0.27157267928123474
14,pose,23,-1,0.5530700087547302,0.7014536261558533,0.004254840314388275
14,pose,24,-1,0.48301079869270325,0.7044890522956848,-0.00405053049325943
14,pose,25,-1,0.549660861492157,0.9566634297370911,-0.031185215339064598
14,pose,26,-1,0.49345681071281433,0.9522879123687744,0.0075078788213431835
14,pose,27,-1,0.553544819355011,1.1544628143310547,0.2899794280529022
14,pose,28,-1,0.49696874618530273,1.151563048362732,0.293453574180603
14,pose,29,-1,0.5529091954231262,1.1782987117767334,0.3154695928096771
14,pose,30,-1,0.4983161687850952,1.1731338500976562,0.3177103102207184
14,pose,31,-1,0.5531075596809387,1.2316290140151978,0.18882852792739868
14,pose,32,-1,0.5037140250205994,1.2284574508666992,0.17120395600795746
15,hand,0,0,0.4427638351917267,0.7272693514823914,-1.0909876380083006e-07
15,hand,1,0,0.4555104672908783,0.7395119667053223,-0.006452553905546665
15,hand,2,0,0.46334171295166016,0.761326253414154,-0.008938644081354141
15,hand,3,0,0.4678381383419037,0.7822827696800232,-0.009852324612438679
15,hand,4,0,0.46647197008132935,0.794096052646637,-0.009576084092259407
15,hand,5,0,0.44418439269065857,0.7795764803886414,-0.008412801660597324
15,hand,6,0,0.45657628774642944,0.8022783398628235,-0.00914235133677721
15,hand,7,0,0.4606008231639862,0.7903701066970825,-0.008130635134875774
15,hand,8,0,0.458967000246048,0.779779314994812,-0.007319921627640724
15,hand,9,0,0.43863287568092346,0.7812636494636536,-0.0048753684386610985
15,hand,10,0,0.4526413083076477,0.8007320165634155,-0.0064824591390788555
15,hand,11,0,0.456887811422348,0.7895535826683044,-0.005562218837440014
15,hand,12,0,0.4549269378185272,0.7812408804893494,-0.004748275503516197
15,hand,13,0,0.43617168068885803,0.7800825238227844,-0.0013355246046558022
15,hand,14,0,0.4492745101451874,0.7974804043769836,-0.003648430109024048
15,hand,15,0,0.4530448913574219,0.7883352637290955,-0.002549087395891547
15,hand,16,0,0.45113256573677063,0.7799692749977112,-0.0013797101564705372
15,hand,17,0,0.4360046982765198,0.7782964706420898,0.001971089281141758
15,hand,18,0,0.44627508521080017,0.7922391891479492,-0.000842951936647296
15,hand,19,0,0.44947877526283264,0.7853013873100281,-0.0007080021896399558
15,hand,20,0,0.44804832339286804,0.777359127998352,0.0001846925006248057
15,pose,0,-1,0.5117735266685486,0.2052362859249115,-0.3900368809700012
15,pose,1,-1,0.5215203762054443,0.1823730319738388,-0.370279461145401
15,pose,2,-1,0.5271416902542114,0.1829550415277481,-0.37039220333099365
15,pose,3,-1,0.530877947807312,0.18356971442699432,-0.37042710185050964
15,pose,4,-1,0.5048404335975647,0.18182678520679474,-0.36976033449172974
15,pose,5,-1,0.4999980628490448,0.1817459613084793,-0.3698362410068512
15,pose,6,-1,0.4952975809574127,0.1822226643562317,-0.36998313665390015
15,pose,7,-1,0.5390458703041077,0.1956721842288971,-0.23408597707748413
15,pose,8,-1,0.492035835981369,0.19434185326099396,-0.23247763514518738
15,pose,9,-1,0.5230215191841125,0.23219428956508636,-0.3383283317089081
15,pose,10,-1,0.5032184720039368,0.23217721283435822,-0.3377825617790222
15,pose,11,-1,0.5844231247901917,0.34376633167266846,-0.1474151313304901
15,pose,12,-1,0.45335784554481506,0.3469278812408447,-0.1487523913383484
15,pose,13,-1,0.6016954183578491,0.5365473628044128,-0.0834248811006546
15,pose,14,-1,0.4402230381965637,0.5430915355682373,-0.11459190398454666
15,pose,15,-1,0.5877840518951416,0.711753785610199,-0.2153235524892807
15,pose,16,-1,0.44928207993507385,0.7205849885940552,-0.25036561489105225
15,pose,17,-1,0.5882487893104553,0.7628419399261475,-0.26562273502349854
15,pose,18,-1,0.4478074014186859,0.7730048894882202,-0.2930939495563507
15,pose,19,-1,0.5791771411895752,0.7569946646690369,-0.3017222285270691
15,pose,20,-1,0.4578050971031189,0.7715736627578735,-0.33400678634643555
15,pose,21,-1,0.5765537619590759,0.7416765689849854,-0.23132722079753876
15,pose,22,-1,0.46133413910865784,0.7543932795524597,-0.2679365277290344
15,pose,23,-1,0.5533210039138794,0.7018797993659973,0.002938169753178954
15,pose,24,-1,0.483074814081192,0.705398440361023,-0.0026842430233955383
15,pose,25,-1,0.5498175024986267,0.9574071764945984,-0.04291717708110809
15,pose,26,-1,0.49345409870147705,0.9527615904808044,0.00681663304567337
15,pose,27,-1,0.5535421967506409,1.1578131914138794,0.2866670787334442
15,pose,28,-1,0.4969097971916199,1.1541446447372437,0.29133811593055725
15,pose,29,-1,0.5529641509056091,1.181605339050293,0.30894386768341064
15,pose,30,-1,0.4982149004936218,1.177208423614502,0.3157457709312439
15,pose,31,-1,0.5526842474937439,1.2353284358978271,0.17789094150066376
15,pose,32,-1,0.5033538341522217,1.2303661108016968,0.17057815194129944
16,hand,0,0,0.44237762689590454,0.7269498109817505,-1.0692743757090284e-07
16,hand,1,0,0.45486900210380554,0.7390874624252319,-0.006132564973086119
16,hand,2,0,0.4626164436340332,0.760542631149292,-0.008540243841707706
16,hand,3,0,0.46738430857658386,0.7810360789299011,-0.009379247203469276
16,hand,4,0,0.46696972846984863,0.7935590147972107,-0.009064643643796444
16,hand,5,0,0.4439696669578552,0.7796071171760559,-0.008499852381646633
16,hand,6,0,0.4562523663043976,0.8021134734153748,-0.00895224791020155
16,hand,7,0,0.46026861667633057,0.7905840873718262,-0.007748306728899479
16,hand,8,0,0.45868876576423645,0.7801135182380676,-0.006836622022092342
16,hand,9,0,0.43853265047073364,0.7814784646034241,-0.005045874044299126
16,hand,10,0,0.4521925747394562,0.8012567162513733,-0.006334370002150536
16,hand,11,0,0.4565872550010681,0.7905831933021545,-0.005352159030735493
16,hand,12,0,0.45484602451324463,0.7822774052619934,-0.004589695017784834
16,hand,13,0,0.4360734224319458,0.7801462411880493,-0.001491967705078423
16,hand,14,0,0.4488169252872467,0.7979609370231628,-0.0033268716651946306
16,hand,15,0,0.4527323246002197,0.7892805933952332,-0.002176594454795122
16,hand,16,0,0.4510069787502289,0.7810550332069397,-0.0011480055982246995
16,hand,17,0,0.4358604848384857,0.7780501246452332,0.001861313241533935
16,hand,18,0,0.4460417628288269,0.7925355434417725,-0.000544594251550734
16,hand,19,0,0.44930580258369446,0.7859455347061157,-0.000273895071586594
16,hand,20,0,0.44786977767944336,0.7782043814659119,0.0006017132545821369
16,pose,0,-1,0.5121128559112549,0.20521794259548187,-0.35786858201026917
16,pose,1,-1,0.5217416286468506,0.18229076266288757,-0.33807411789894104
16,pose,2,-1,0.5272634029388428,0.18287970125675201,-0.33820053935050964
16,pose,3,-1,0.5309464335441589,0.18347933888435364,-0.3382386565208435
16,pose,4,-1,0.5049940347671509,0.18178154528141022,-0.3360801041126251
16,pose,5,-1,0.5001310706138611,0.18171051144599915,-0.33614712953567505
16,pose,6,-1,0.49536383152008057,0.18219557404518127,-0.33630678057670593
16,pose,7,-1,0.539166271686554,0.19559982419013977,-0.20573288202285767
16,pose,8,-1,0.49202775955200195,0.19431668519973755,-0.19719482958316803
16,pose,9,-1,0.5231783390045166,0.2321757972240448,-0.30799776315689087
16,pose,10,-1,0.5034844875335693,0.2321903258562088,-0.3055286705493927
16,pose,11,-1,0.5845764875411987,0.342160701751709,-0.13619178533554077
16,pose,12,-1,0.4533417820930481,0.34675875306129456,-0.1082528680562973
16,pose,13,-1,0.606505274772644,0.5236212015151978,-0.08263218402862549
16,pose,14,-1,0.44022688269615173,0.5426157116889954,-0.06104933097958565
16,pose,15,-1,0.5847206115722656,0.6630974411964417,-0.22457386553287506
16,pose,16,-1,0.44921448826789856,0.7201812267303467,-0.19755035638809204
16,pose,17,-1,0.5794016718864441,0.7162045836448669,-0.2787961959838867
16,pose,18,-1,0.4477481245994568,0.771942138671875,-0.23818472027778625
16,pose,19,-1,0.567742109298706,0.7038705945014954,-0.3115485906600952
16,pose,20,-1,0.4576853811740875,0.7708390355110168,-0.28106170892715454
16,pose,21,-1,0.5663368105888367,0.6868894696235657,-0.23902961611747742
16,pose,22,-1,0.461142361164093,0.753926694393158,-0.21598125994205475
16,pose,23,-1,0.5534989833831787,0.6999184489250183,-0.006094170734286308
16,pose,24,-1,0.48335468769073486,0.7039541006088257,0.006474890746176243
16,pose,25,-1,0.5495999455451965,0.957066535949707,-0.07702132314443588
16,pose,26,-1,0.49347129464149475,0.9495542049407959,0.009428280405700207
16,pose,27,-1,0.5504282712936401,1.1565276384353638,0.23023532330989838
16,pose,28,-1,0.4957899749279022,1.146289348602295,0.3163765072822571
16,pose,29,-1,0.5510587692260742,1.1802507638931274,0.2545144855976105
16,pose,30,-1,0.4969446063041687,1.170401692390442,0.3435958921909332
16,pose,31,-1,0.545606255531311,1.2347387075424194,0.13829074800014496
16,pose,32,-1,0.497677743434906,1.2178010940551758,0.21645931899547577
17,hand,0,0,0.44234204292297363,0.726179838180542,-1.0096223235223079e-07
17,hand,1,0,0.45473963022232056,0.7383683323860168,-0.007317144889384508
17,hand,2,0,0.46230196952819824,0.7601844668388367,-0.010039637796580791
17,hand,3,0,0.46744033694267273,0.7814033627510071,-0.010969237424433231
17,hand,4,0,0.4673103094100952,0.7958476543426514,-0.010645770467817783
17,hand,5,0,0.443937212228775,0.7798175811767578,-0.008618755266070366
17,hand,6,0,0.4561602473258972,0.8023375868797302,-0.00907333754003048
17,hand,7,0,0.46058157086372375,0.7912334203720093,-0.007885894738137722
17,hand,8,0,0.4592577815055847,0.780491828918457,-0.006967446766793728
17,hand,9,0,0.43852850794792175,0.7816624045372009,-0.004512873478233814
17,hand,10,0,0.4522956907749176,0.8012291193008423,-0.005836288910359144
17,hand,11,0,0.4569196105003357,0.7906956672668457,-0.005098344758152962
17,hand,12,0,0.45534372329711914,0.7822268009185791,-0.004482013173401356
17,hand,13,0,0.43612268567085266,0.7803279757499695,-0.00045558498823083937
17,hand,14,0,0.44908297061920166,0.7982845306396484,-0.002593530574813485
17,hand,15,0,0.45318403840065,0.7895941734313965,-0.0018258366035297513
17,hand,16,0,0.451638400554657,0.7811335921287537,-0.0009640657226555049
17,hand,17,0,0.4358783960342407,0.7784425616264343,0.0033355962950736284
17,hand,18,0,0.44624704122543335,0.7928612232208252,0.0004870530101470649
17,hand,19,0,0.44974565505981445,0.7862492799758911,0.00037082372000440955
17,hand,20,0,0.44852277636528015,0.7783719897270203,0.0010690297931432724
17,pose,0,-1,0.5124934315681458,0.20520877838134766,-0.32923707365989685
17,pose,1,-1,0.521957516670227,0.18217289447784424,-0.30909964442253113
17,pose,2,-1,0.5273832082748413,0.1827496588230133,-0.3092733919620514
17,pose,3,-1,0.5310125946998596,0.18332847952842712,-0.30934545397758484
17,pose,4,-1,0.5051511526107788,0.18173626065254211,-0.30732250213623047
17,pose,5,-1,0.5002787709236145,0.1816817671060562,-0.3073829412460327
17,pose,6,-1,0.49544087052345276,0.18218691647052765,-0.3075154721736908
17,pose,7,-1,0.5393010377883911,0.19539596140384674,-0.17577853798866272
17,pose,8,-1,0.49202480912208557,0.19431985914707184,-0.16659435629844666
17,pose,9,-1,0.5234276056289673,0.23216915130615234,-0.2786216139793396
17,pose,10,-1,0.5037986636161804,0.23228655755519867,-0.27596238255500793
17,pose,11,-1,0.5850669145584106,0.3408131003379822,-0.10382752865552902
17,pose,12,-1,0.45345062017440796,0.34673187136650085,-0.0766964852809906
17,pose,13,-1,0.6116011142730713,0.5120561718940735,-0.10100718587636948
17,pose,14,-1,0.440314382314682,0.5423553586006165,-0.02404363825917244
17,pose,15,-1,0.5739284157752991,0.6131700873374939,-0.3096311390399933
17,pose,16,-1,0.44912949204444885,0.7187620997428894,-0.15548038482666016
17,pose,17,-1,0.5669968724250793,0.6629175543785095,-0.37294718623161316
17,pose,18,-1,0.4475497007369995,0.7707880735397339,-0.19549807906150818
17,pose,19,-1,0.5541854500770569,0.6484358310699463,-0.39364349842071533
17,pose,20,-1,0.45728152990341187,0.7706018090248108,-0.23742379248142242
17,pose,21,-1,0.5531478524208069,0.6332555413246155,-0.32051318883895874
17,pose,22,-1,0.46052831411361694,0.7536622881889343,-0.17337250709533691
17,pose,23,-1,0.554472804069519,0.6998695135116577,-0.006091353949159384
17,pose,24,-1,0.48402899503707886,0.7035185694694519,0.006465556565672159
17,pose,25,-1,0.5502109527587891,0.9569554924964905,-0.08930270373821259
17,pose,26,-1,0.4934723675251007,0.9500265717506409,-0.011586291715502739
17,pose,27,-1,0.5503924489021301,1.1605991125106812,0.22659140825271606
17,pose,28,-1,0.4956362545490265,1.1473255157470703,0.2848455607891083
17,pose,29,-1,0.5511226058006287,1.1846299171447754,0.2521088123321533
17,pose,30,-1,0.49685537815093994,1.1715466976165771,0.3113924562931061
17,pose,31,-1,0.5445495843887329,1.2394912242889404,0.13398289680480957
17,pose,32,-1,0.49792301654815674,1.2182177305221558,0.19244256615638733
18,hand,0,0,0.4418640434741974,0.7263973355293274,-1.0793299054512318e-07
18,hand,1,0,0.4548172950744629,0.7393811941146851,-0.006456284783780575
18,hand,2,0,0.46260014176368713,0.7616217732429504,-0.009000148624181747
18,hand,3,0,0.4674425423145294,0.782397449016571,-0.009900819510221481
18,hand,4,0,0.46672648191452026,0.7961747050285339,-0.00960636232048273
18,hand,5,0,0.44340211153030396,0.7807719707489014,-0.008602171204984188
18,hand,6,0,0.4564085602760315,0.8026386499404907,-0.008987504988908768
18,hand,7,0,0.46035975217819214,0.7906247973442078,-0.007703166920691729
18,hand,8,0,0.4586203098297119,0.7802004218101501,-0.006764616817235947
18,hand,9,0,0.4378073215484619,0.7820208072662354,-0.004993737209588289
18,hand,10,0,0.4522411823272705,0.8017457127571106,-0.006382005754858255
18,hand,11,0,0.45662960410118103,0.7906677722930908,-0.0054270606487989426
18,hand,12,0,0.45484688878059387,0.7821137309074402,-0.004693965893238783
18,hand,13,0,0.43533915281295776,0.7802176475524902,-0.0013059742050245404
18,hand,14,0,0.4488142132759094,0.7988001108169556,-0.0034897238947451115
18,hand,15,0,0.45282289385795593,0.7896286249160767,-0.0023522083647549152
18,hand,16,0,0.4511353373527527,0.7809187769889832,-0.0012422233121469617
18,hand,17,0,0.4351707696914673,0.7779176235198975,0.0021902653388679028
18,hand,18,0,0.44594207406044006,0.7931439876556396,-0.0006855016108602285
18,hand,19,0,0.4493131935596466,0.7863254547119141,-0.0005414597690105438
18,hand,20,0,0.4478580057621002,0.7783570885658264,0.00033923829323612154
18,pose,0,-1,0.5126372575759888,0.20523320138454437,-0.340797483921051
18,pose,1,-1,0.5220553278923035,0.1821097731590271,-0.31659603118896484
18,pose,2,-1,0.5274515748023987,0.1826758086681366,-0.31666895747184753
18,pose,3,-1,0.5310644507408142,0.18326622247695923,-0.3166532814502716
18,pose,4,-1,0.5052804350852966,0.18171735107898712,-0.31206437945365906
18,pose,5,-1,0.5004644393920898,0.18167069554328918,-0.31207558512687683
18,pose,6,-1,0.4956195056438446,0.1821834295988083,-0.31229257583618164
18,pose,7,-1,0.5393916964530945,0.19534729421138763,-0.19012399017810822
18,pose,8,-1,0.49203822016716003,0.19440515339374542,-0.18283814191818237
18,pose,9,-1,0.5234718918800354,0.23218472301959991,-0.2935751974582672
18,pose,10,-1,0.5039421916007996,0.2323603332042694,-0.2916645407676697
18,pose,11,-1,0.5852634906768799,0.33827242255210876,-0.1042332723736763
18,pose,12,-1,0.4536047577857971,0.34670576453208923,-0.09881989657878876
18,pose,13,-1,0.6174812316894531,0.513407289981842,-0.1632182002067566
18,pose,14,-1,0.4410780966281891,0.5423226952552795,-0.04746701940894127
18,pose,15,-1,0.5698966383934021,0.5361361503601074,-0.4440191984176636
18,pose,16,-1,0.44914376735687256,0.7183328866958618,-0.17526158690452576
18,pose,17,-1,0.5499783158302307,0.5553825497627258,-0.5107477903366089
18,pose,18,-1,0.44751784205436707,0.7700320482254028,-0.21270009875297546
18,pose,19,-1,0.5439188480377197,0.534696102142334,-0.5155568718910217
18,pose,20,-1,0.45721712708473206,0.7704846262931824,-0.2518727481365204
18,pose,21,-1,0.5490995049476624,0.5253130793571472,-0.4501011073589325
18,pose,22,-1,0.4604812562465668,0.7536028623580933,-0.1913449466228485
18,pose,23,-1,0.5549993515014648,0.6998621225357056,-0.00536030437797308
18,pose,24,-1,0.4845528304576874,0.7030566334724426,0.005749133415520191
18,pose,25,-1,0.5506398677825928,0.9570979475975037,-0.07247673720121384
18,pose,26,-1,0.4936572313308716,0.9520582556724548,-0.01388581469655037
18,pose,27,-1,0.5508632659912109,1.168848991394043,0.22690615057945251
18,pose,28,-1,0.49563711881637573,1.1559302806854248,0.2527311444282532
18,pose,29,-1,0.5513043999671936,1.1962040662765503,0.2496218979358673
18,pose,30,-1,0.4968724250793457,1.1803357601165771,0.2752288281917572
18,pose,31,-1,0.5466858744621277,1.2440989017486572,0.12524309754371643
18,pose,32,-1,0.4989534318447113,1.2301744222640991,0.1390528380870819
19,hand,0,0,0.4414536654949188,0.7269067168235779,-1.0668296823723722e-07
19,hand,1,0,0.45478302240371704,0.7399105429649353,-0.006178298033773899
19,hand,2,0,0.4628852307796478,0.7629084587097168,-0.008403308689594269
19,hand,3,0,0.4673055112361908,0.7845264673233032,-0.009044843725860119
19,hand,4,0,0.46590644121170044,0.7972607612609863,-0.008508761413395405
19,hand,5,0,0.4435747563838959,0.7806105613708496,-0.008000780828297138
19,hand,6,0,0.4558507204055786,0.8039585947990417,-0.008316726423799992
19,hand,7,0,0.4598941504955292,0.791985809803009,-0.007213879842311144
19,hand,8,0,0.45818695425987244,0.7809450030326843,-0.006409919820725918
19,hand,9,0,0.4377765357494354,0.7821447849273682,-0.004432069603353739
19,hand,10,0,0.45153066515922546,0.8023099303245544,-0.005481256637722254
19,hand,11,0,0.4559348523616791,0.7911224365234375,-0.004525924567133188
19,hand,12,0,0.45392242074012756,0.782508373260498,-0.00383138470351696
19,hand,13,0,0.4350797235965729,0.7805837392807007,-0.0007947353878989816
19,hand,14,0,0.44786185026168823,0.7986412644386292,-0.0025443444028496742
19,hand,15,0,0.4518272280693054,0.7895877361297607,-0.0014491260517388582
19,hand,16,0,0.4498712122440338,0.7810301780700684,-0.0004798961745109409
19,hand,17,0,0.43459832668304443,0.7784177660942078,0.0026375704910606146
19,hand,18,0,0.4446384012699127,0.7931584119796753,0.00017435966583434492
19,hand,19,0,0.44796982407569885,0.7862327098846436,0.00040058649028651416
19,hand,20,0,0.4464024305343628,0.7780478596687317,0.0012499319855123758
19,pose,0,-1,0.5132121443748474,0.20505736768245697,-0.34576740860939026
19,pose,1,-1,0.5226759314537048,0.18171802163124084,-0.3241395950317383
19,pose,2,-1,0.527824878692627,0.18229199945926666,-0.3242765963077545
19,pose,3,-1,0.5314390063285828,0.182899609208107,-0.3243147134780884
19,pose,4,-1,0.5059038996696472,0.18141230940818787,-0.32342857122421265
19,pose,5,-1,0.5009923577308655,0.1814262866973877,-0.3234795928001404
19,pose,6,-1,0.4961298406124115,0.18197818100452423,-0.3236289620399475
19,pose,7,-1,0.5399153232574463,0.19508211314678192,-0.18219827115535736
19,pose,8,-1,0.4920867085456848,0.19437912106513977,-0.18343591690063477
19,pose,9,-1,0.523800790309906,0.23200386762619019,-0.29157790541648865
19,pose,10,-1,0.504202663898468,0.23232866823673248,-0.2919904589653015
19,pose,11,-1,0.5856059193611145,0.335438072681427,-0.09115159511566162
19,pose,12,-1,0.45373955368995667,0.3465975821018219,-0.07895350456237793
19,pose,13,-1,0.6231128573417664,0.5153759121894836,-0.1969357281923294
19,pose,14,-1,0.4416542053222656,0.5422605276107788,-0.007402039598673582
19,pose,15,-1,0.562471330165863,0.49063122272491455,-0.5083048939704895
19,pose,16,-1,0.44912225008010864,0.718407928943634,-0.11977718025445938
19,pose,17,-1,0.5353705883026123,0.49694496393203735,-0.5786745548248291
19,pose,18,-1,0.4473516643047333,0.7700440883636475,-0.15069325268268585
19,pose,19,-1,0.530285120010376,0.47405120730400085,-0.573164165019989
19,pose,20,-1,0.45689937472343445,0.7707118391990662,-0.19147446751594543
19,pose,21,-1,0.5384238958358765,0.46956685185432434,-0.5107854604721069
19,pose,22,-1,0.46020781993865967,0.7540078163146973,-0.13570120930671692
19,pose,23,-1,0.5555338263511658,0.6997907161712646,-0.005066036246716976
19,pose,24,-1,0.48456430435180664,0.7026422619819641,0.005427955184131861
19,pose,25,-1,0.5506762862205505,0.9570720791816711,-0.05494622141122818
19,pose,26,-1,0.49368274211883545,0.9520971179008484,-0.011745679192245007
19,pose,27,-1,0.5509240627288818,1.1736853122711182,0.22280557453632355
19,pose,28,-1,0.49508795142173767,1.1610660552978516,0.23751047253608704
19,pose,29,-1,0.551287829875946,1.202882170677185,0.2436024397611618
19,pose,30,-1,0.49609190225601196,1.1876102685928345,0.25697171688079834
19,pose,31,-1,0.5467595458030701,1.2464878559112549,0.11282152682542801
19,pose,32,-1,0.4991145431995392,1.2360131740570068,0.1086849495768547
20,hand,0,0,0.44176581501960754,0.7269976735115051,-1.093470842761235e-07
20,hand,1,0,0.4550648033618927,0.7415399551391602,-0.005405090749263763
20,hand,2,0,0.4630381464958191,0.7634608149528503,-0.007732085883617401
20,hand,3,0,0.4676249325275421,0.7839149832725525,-0.008749378845095634
20,hand,4,0,0.4665088653564453,0.7972835898399353,-0.0086654769256711
20,hand,5,0,0.4437780976295471,0.7819608449935913,-0.0076878988184034824
20,hand,6,0,0.4563240706920624,0.8039423823356628,-0.008333996869623661
20,hand,7,0,0.4599698781967163,0.7912166118621826,-0.007503940723836422
20,hand,8,0,0.45794233679771423,0.7806019186973572,-0.006873740814626217
20,hand,9,0,0.4379437565803528,0.7831677794456482,-0.004844646900892258
20,hand,10,0,0.4520494043827057,0.8027973175048828,-0.006271046120673418
20,hand,11,0,0.45622268319129944,0.7910557389259338,-0.005471826996654272
20,hand,12,0,0.4539191722869873,0.7825998663902283,-0.004863762762397528
20,hand,13,0,0.43514254689216614,0.7812014818191528,-0.0018984839553013444
20,hand,14,0,0.4482990801334381,0.7994431257247925,-0.0038664676249027252
20,hand,15,0,0.45212265849113464,0.7899672389030457,-0.0025826820638030767
20,hand,16,0,0.449819415807724,0.7814509272575378,-0.0014457607176154852
20,hand,17,0,0.4347851872444153,0.778565526008606,0.000895148899871856
20,hand,18,0,0.44501936435699463,0.7939839363098145,-0.0014848022256046534
20,hand,19,0,0.4482422471046448,0.7869961857795715,-0.0009239651844836771
20,hand,20,0,0.4464343786239624,0.7786153554916382,0.00016502004291396588
20,pose,0,-1,0.5142016410827637,0.20444650948047638,-0.33328014612197876
20,pose,1,-1,0.5237810015678406,0.18087641894817352,-0.30980685353279114
20,pose,2,-1,0.5285130143165588,0.18151403963565826,-0.30998075008392334
20,pose,3,-1,0.5323903560638428,0.18204352259635925,-0.30999988317489624
20,pose,4,-1,0.5068317651748657,0.18040549755096436,-0.3113212585449219
20,pose,5,-1,0.5016639232635498,0.1804555356502533,-0.3114074766635895
20,pose,6,-1,0.49685537815093994,0.18086284399032593,-0.3115367591381073
20,pose,7,-1,0.5409596562385559,0.19445711374282837,-0.16009561717510223
20,pose,8,-1,0.4921664893627167,0.19367964565753937,-0.16761745512485504
20,pose,9,-1,0.5243480205535889,0.23184102773666382,-0.27676668763160706
20,pose,10,-1,0.5046112537384033,0.2321649193763733,-0.2791496813297272
20,pose,11,-1,0.5853154063224792,0.33210647106170654,-0.08078798651695251
20,pose,12,-1,0.4536919593811035,0.3465934991836548,-0.06222701072692871
20,pose,13,-1,0.6228463649749756,0.5108582377433777,-0.2248118370771408
20,pose,14,-1,0.44182348251342773,0.5423031449317932,0.004638520535081625
20,pose,15,-1,0.5569266676902771,0.44337815046310425,-0.561523973941803
20,pose,16,-1,0.4491039216518402,0.7185406684875488,-0.10979641228914261
20,pose,17,-1,0.5293099284172058,0.4265786409378052,-0.6370123624801636
20,pose,18,-1,0.4472775161266327,0.7700559496879578,-0.13850070536136627
20,pose,19,-1,0.5258254408836365,0.40351104736328125,-0.6260126233100891
20,pose,20,-1,0.45673254132270813,0.7708053588867188,-0.18155919015407562
20,pose,21,-1,0.5335655212402344,0.4070029854774475,-0.5631012320518494
20,pose,22,-1,0.46005257964134216,0.7541703581809998,-0.12633292376995087
20,pose,23,-1,0.5566871166229248,0.6997430324554443,-0.004938366357237101
20,pose,24,-1,0.48517054319381714,0.7026422619819641,0.00529926922172308
20,pose,25,-1,0.5506885647773743,0.9572848677635193,-0.05235932767391205
20,pose,26,-1,0.49406811594963074,0.9528982639312744,-0.006222343072295189
20,pose,27,-1,0.5516699552536011,1.17771315574646,0.21881654858589172
20,pose,28,-1,0.49553507566452026,1.1641165018081665,0.2539280354976654
20,pose,29,-1,0.5526012778282166,1.2087701559066772,0.23939141631126404
20,pose,30,-1,0.4963156282901764,1.190938949584961,0.27439701557159424
20,pose,31,-1,0.5467862486839294,1.2479116916656494,0.10992428660392761
20,pose,32,-1,0.5014441013336182,1.2374252080917358,0.13058361411094666
21,hand,0,0,0.44183802604675293,0.7261524796485901,-1.1397600729878832e-07
21,hand,1,0,0.45512762665748596,0.7404055595397949,-0.005573594011366367
21,hand,2,0,0.46356305480003357,0.7640049457550049,-0.007799278479069471
21,hand,3,0,0.4681352972984314,0.7856082916259766,-0.008621365763247013
21,hand,4,0,0.46625688672065735,0.798388659954071,-0.008276552893221378
21,hand,5,0,0.44363322854042053,0.7816289067268372,-0.007931189611554146
21,hand,6,0,0.4565221667289734,0.8045372366905212,-0.00862173642963171
21,hand,7,0,0.46043869853019714,0.7917923331260681,-0.007670557592064142
21,hand,8,0,0.4585959017276764,0.7809590101242065,-0.006948255933821201
21,hand,9,0,0.4378569424152374,0.7826319336891174,-0.004940146580338478
21,hand,10,0,0.45242220163345337,0.8022211790084839,-0.0064108651131391525
21,hand,11,0,0.4565280079841614,0.7904027104377747,-0.005437163636088371
21,hand,12,0,0.4542522430419922,0.7821823358535767,-0.004688600078225136
21,hand,13,0,0.43514639139175415,0.7806432843208313,-0.001875511952675879
21,hand,14,0,0.4486560523509979,0.7984526753425598,-0.003931705374270678
21,hand,15,0,0.45236027240753174,0.7889342904090881,-0.00261539570055902
21,hand,16,0,0.4500734508037567,0.7807642221450806,-0.0014289820101112127
21,hand,17,0,0.43482112884521484,0.7780600190162659,0.001028627622872591
21,hand,18,0,0.44548675417900085,0.7930868864059448,-0.0015053283423185349
21,hand,19,0,0.448703408241272,0.7860721945762634,-0.0010882200440391898
21,hand,20,0,0.4469468593597412,0.7780900597572327,-6.432012742152438e-05
21,pose,0,-1,0.5148546099662781,0.20450378954410553,-0.2740647494792938
21,pose,1,-1,0.5247411131858826,0.18085671961307526,-0.2511867880821228
21,pose,2,-1,0.5290836095809937,0.18150970339775085,-0.2513715922832489
21,pose,3,-1,0.5330979228019714,0.18208426237106323,-0.2513888478279114
21,pose,4,-1,0.5075262784957886,0.18025976419448853,-0.25402215123176575
21,pose,5,-1,0.5021301507949829,0.1803019493818283,-0.25407132506370544
21,pose,6,-1,0.4973074495792389,0.18062014877796173,-0.25418445467948914
21,pose,7,-1,0.5416753888130188,0.19461214542388916,-0.10908491164445877
21,pose,8,-1,0.4921829104423523,0.19367051124572754,-0.12293992936611176
21,pose,9,-1,0.5247496366500854,0.23262636363506317,-0.22063229978084564
21,pose,10,-1,0.5047405958175659,0.23225019872188568,-0.22497311234474182
21,pose,11,-1,0.5836809873580933,0.3308403789997101,-0.041958414018154144
21,pose,12,-1,0.45365217328071594,0.34657371044158936,-0.0331575982272625
21,pose,13,-1,0.6209411025047302,0.5046895146369934,-0.20178307592868805
21,pose,14,-1,0.4418422281742096,0.5426633358001709,0.02213483490049839
21,pose,15,-1,0.549087405204773,0.3918112814426422,-0.5132638216018677
21,pose,16,-1,0.4491042494773865,0.7185878157615662,-0.07500391453504562
21,pose,17,-1,0.5216948390007019,0.35828790068626404,-0.5833203792572021
21,pose,18,-1,0.4472538232803345,0.7701607346534729,-0.09874057024717331
21,pose,19,-1,0.5224355459213257,0.34102383255958557,-0.5678443312644958
21,pose,20,-1,0.45666295289993286,0.7708616852760315,-0.14100296795368195
21,pose,21,-1,0.529707670211792,0.35078155994415283,-0.5132213234901428
21,pose,22,-1,0.45999860763549805,0.7542223930358887,-0.09104236960411072
21,pose,23,-1,0.557088315486908,0.6997162103652954,-0.003790868679061532
21,pose,24,-1,0.4855561852455139,0.702669084072113,0.004161992575973272
21,pose,25,-1,0.5510267019271851,0.9572852253913879,-0.05303552374243736
21,pose,26,-1,0.49411824345588684,0.9535913467407227,-0.010226765647530556
21,pose,27,-1,0.5519554018974304,1.1788443326950073,0.19391874969005585
21,pose,28,-1,0.4958949387073517,1.1620428562164307,0.254154235124588
21,pose,29,-1,0.5535277724266052,1.208809733390808,0.21309541165828705
21,pose,30,-1,0.49639907479286194,1.186960220336914,0.2764730751514435
21,pose,31,-1,0.5462425947189331,1.2491966485977173,0.09112314879894257
21,pose,32,-1,0.5041349530220032,1.235207200050354,0.13331761956214905
22,hand,0,0,0.4429609477519989,0.7262848615646362,-1.1328333471283258e-07
22,hand,1,0,0.4563809335231781,0.7412735223770142,-0.00486377440392971
22,hand,2,0,0.46479666233062744,0.7646009922027588,-0.006965053267776966
22,hand,3,0,0.46912330389022827,0.7860754132270813,-0.007848307490348816
22,hand,4,0,0.46664729714393616,0.797141432762146,-0.007596820127218962
22,hand,5,0,0.44522824883461,0.7813897132873535,-0.0072383941151201725
22,hand,6,0,0.4574313163757324,0.8041766881942749,-0.007652322296053171
22,hand,7,0,0.4609820544719696,0.7918958067893982,-0.006543925032019615
22,hand,8,0,0.4590469002723694,0.7815097570419312,-0.005769524723291397
22,hand,9,0,0.4389471113681793,0.7821193337440491,-0.0046528601087629795
22,hand,10,0,0.45309513807296753,0.8017271161079407,-0.005842882674187422
22,hand,11,0,0.45695221424102783,0.7905293107032776,-0.004736363422125578
22,hand,12,0,0.4546497166156769,0.7824633717536926,-0.003968810196965933
22,hand,13,0,0.43575534224510193,0.7800543308258057,-0.0019312833901494741
22,hand,14,0,0.44891083240509033,0.7984209060668945,-0.0036898755934089422
22,hand,15,0,0.4524610936641693,0.7894666790962219,-0.0022568139247596264
22,hand,16,0,0.45038041472435,0.7811560034751892,-0.0010751636000350118
22,hand,17,0,0.4350566267967224,0.7773171663284302,0.0006572359707206488
22,hand,18,0,0.4453490376472473,0.7927656173706055,-0.001532475813291967
22,hand,19,0,0.44844937324523926,0.7861948013305664,-0.0009409294580109417
22,hand,20,0,0.44693878293037415,0.7781985998153687,0.00010429065150674433
22,pose,0,-1,0.5155966877937317,0.2041047066450119,-0.20124554634094238
22,pose,1,-1,0.5255597829818726,0.18068934977054596,-0.17934037744998932
22,pose,2,-1,0.5295410752296448,0.18147706985473633,-0.17951247096061707
22,pose,3,-1,0.5337453484535217,0.18208761513233185,-0.17948020994663239
22,pose,4,-1,0.5083373785018921,0.179655984044075,-0.18202511966228485
22,pose,5,-1,0.5026160478591919,0.17970480024814606,-0.18210020661354065
22,pose,6,-1,0.49785375595092773,0.17983591556549072,-0.18218590319156647
22,pose,7,-1,0.5421620011329651,0.19521306455135345,-0.04741627722978592
22,pose,8,-1,0.49218830466270447,0.19354179501533508,-0.06220317259430885
22,pose,9,-1,0.5250367522239685,0.23261919617652893,-0.15197497606277466
22,pose,10,-1,0.5049761533737183,0.2315978705883026,-0.15652021765708923
22,pose,11,-1,0.5816060304641724,0.33033379912376404,0.007520969025790691
22,pose,12,-1,0.4536573588848114,0.3452683389186859,0.00678666215389967
22,pose,13,-1,0.6208173036575317,0.494009792804718,-0.19367966055870056
22,pose,14,-1,0.44186681509017944,0.5426633954048157,0.04898960143327713
22,pose,15,-1,0.544667661190033,0.3568649888038635,-0.4336375594139099
22,pose,16,-1,0.4491797387599945,0.718778669834137,-0.02121148444712162
22,pose,17,-1,0.5202766060829163,0.31667083501815796,-0.497814804315567
22,pose,18,-1,0.4473322927951813,0.7701764702796936,-0.039434801787137985
22,pose,19,-1,0.522077739238739,0.30330854654312134,-0.4850821793079376
22,pose,20,-1,0.45670047402381897,0.7709610462188721,-0.07976917922496796
22,pose,21,-1,0.5282220244407654,0.316398561000824,-0.4597863554954529
22,pose,22,-1,0.46004101634025574,0.7544875741004944,-0.0359794907271862
22,pose,23,-1,0.5571625828742981,0.6996067762374878,0.0025420174933969975
22,pose,24,-1,0.48594555258750916,0.7027084231376648,-0.002111838199198246
22,pose,25,-1,0.5514697432518005,0.9572736024856567,-0.04548568278551102
22,pose,26,-1,0.49423879384994507,0.9543529152870178,-0.02132604829967022
22,pose,27,-1,0.5530109405517578,1.1898642778396606,0.2069108486175537
22,pose,28,-1,0.4964279234409332,1.1651898622512817,0.21387845277786255
22,pose,29,-1,0.5550321936607361,1.2189407348632812,0.22769655287265778
22,pose,30,-1,0.4965565800666809,1.1894313097000122,0.23437637090682983
22,pose,31,-1,0.5463593006134033,1.2629390954971313,0.10444071888923645
22,pose,32,-1,0.5073476433753967,1.2397229671478271,0.11673834919929504
23,hand,0,0,0.4442063271999359,0.7267166972160339,-1.1068187433238563e-07
23,hand,1,0,0.4572196304798126,0.7412961721420288,-0.006551416125148535
23,hand,2,0,0.4652943015098572,0.7635623216629028,-0.00936573464423418
23,hand,3,0,0.4703305959701538,0.7849052548408508,-0.010427526198327541
23,hand,4,0,0.46910223364830017,0.7982666492462158,-0.01026416290551424
23,hand,5,0,0.4459437131881714,0.7819170951843262,-0.009733651764690876
23,hand,6,0,0.4589284360408783,0.8034603595733643,-0.010258577764034271
23,hand,7,0,0.4624388515949249,0.7906914949417114,-0.008832700550556183
23,hand,8,0,0.46044284105300903,0.7799236178398132,-0.007797135505825281
23,hand,9,0,0.4396713078022003,0.7831164598464966,-0.0061150118708610535
23,hand,10,0,0.4545542299747467,0.80177903175354,-0.007358660455793142
23,hand,11,0,0.4586418867111206,0.7900475859642029,-0.006118380464613438
23,hand,12,0,0.4566662609577179,0.7816048264503479,-0.005315921735018492
23,hand,13,0,0.43671563267707825,0.7811917066574097,-0.0023612503428012133
23,hand,14,0,0.45068758726119995,0.7980394959449768,-0.00403951620683074
23,hand,15,0,0.4543324410915375,0.7884818911552429,-0.0025684041902422905
23,hand,16,0,0.4525146782398224,0.7799769043922424,-0.0014709726674482226
23,hand,17,0,0.4363066554069519,0.7783060669898987,0.0011546427849680185
23,hand,18,0,0.4473658800125122,0.7916629314422607,-0.0012054116232320666
23,hand,19,0,0.4504275321960449,0.7847359776496887,-0.0008723585051484406
23,hand,20,0,0.4490697979927063,0.7770485281944275,-8.809454357106006e-07
23,pose,0,-1,0.5164616107940674,0.20411816239356995,-0.1915113478899002
23,pose,1,-1,0.526277482509613,0.18071603775024414,-0.16941861808300018
23,pose,2,-1,0.5299915671348572,0.1815940886735916,-0.16958516836166382
23,pose,3,-1,0.5345161557197571,0.18243271112442017,-0.16954445838928223
23,pose,4,-1,0.5088826417922974,0.17949463427066803,-0.17227032780647278
23,pose,5,-1,0.5028752088546753,0.17946156859397888,-0.17234830558300018
23,pose,6,-1,0.4981410801410675,0.1794721931219101,-0.17242275178432465
23,pose,7,-1,0.5426043272018433,0.19579526782035828,-0.038318660110235214
23,pose,8,-1,0.4921571910381317,0.19363155961036682,-0.054129041731357574
23,pose,9,-1,0.525676965713501,0.23288841545581818,-0.14257869124412537
23,pose,10,-1,0.5054881572723389,0.23159225285053253,-0.1473856121301651
23,pose,11,-1,0.5798672437667847,0.3294490575790405,0.010561754927039146
23,pose,12,-1,0.45372357964515686,0.3443508446216583,0.01275565754622221
23,pose,13,-1,0.6181551218032837,0.4855056703090668,-0.1814154088497162
23,pose,14,-1,0.4419063925743103,0.5423963665962219,0.04784349352121353
23,pose,15,-1,0.5435446500778198,0.3391314744949341,-0.41039690375328064
23,pose,16,-1,0.4493280053138733,0.7186928987503052,-0.02133791707456112
23,pose,17,-1,0.5222476124763489,0.2987828254699707,-0.473104864358902
23,pose,18,-1,0.447502076625824,0.7700884342193604,-0.040086016058921814
23,pose,19,-1,0.5227014422416687,0.28864556550979614,-0.4504271447658539
23,pose,20,-1,0.4568661153316498,0.7708838582038879,-0.07840493321418762
23,pose,21,-1,0.5277386903762817,0.30105072259902954,-0.45095887780189514
23,pose,22,-1,0.46022072434425354,0.754461407661438,-0.035470910370349884
23,pose,23,-1,0.5575046539306641,0.699600875377655,0.003914688713848591
23,pose,24,-1,0.4862840473651886,0.7027633786201477,-0.003478158265352249
23,pose,25,-1,0.5517616271972656,0.9562571048736572,-0.03092988394200802
23,pose,26,-1,0.4945288598537445,0.9544780850410461,-0.01921851746737957
23,pose,27,-1,0.5533134937286377,1.189958095550537,0.2273576706647873
23,pose,28,-1,0.4968620538711548,1.1661468744277954,0.21291857957839966
23,pose,29,-1,0.5554681420326233,1.2181627750396729,0.2496660202741623
23,pose,30,-1,0.4966898560523987,1.190413475036621,0.23236440122127533
23,pose,31,-1,0.5464178323745728,1.263607382774353,0.1492316722869873
23,pose,32,-1,0.5089458227157593,1.241548776626587,0.11392471194267273
24,hand,0,0,0.5331644415855408,0.30049440264701843,4.99988566105003e-08
24,hand,1,0,0.5278876423835754,0.28040245175361633,0.0009724476840347052
24,hand,2,0,0.5194674730300903,0.26779863238334656,2.6951669497066177e-05
24,hand,3,0,0.5104554891586304,0.26461881399154663,-0.0014907839940860868
24,hand,4,0,0.5032820701599121,0.26362794637680054,-0.0035315733402967453
24,hand,5,0,0.5156642198562622,0.2624717652797699,-0.0027798640076071024
24,hand,6,0,0.502888560295105,0.2533318102359772,-0.00663983216509223
24,hand,7,0,0.4936465919017792,0.2476271539926529,-0.009688569232821465
24,hand,8,0,0.48537179827690125,0.24347296357154846,-0.011692793108522892
24,hand,9,0,0.5131751894950867,0.2687526047229767,-0.005561966449022293
24,hand,10,0,0.5003659129142761,0.25664258003234863,-0.009535937570035458
24,hand,11,0,0.49032819271087646,0.2487991750240326,-0.0123857781291008
24,hand,12,0,0.4816127121448517,0.2427622675895691,-0.014248454943299294
24,hand,13,0,0.5110400915145874,0.2769429385662079,-0.00816931389272213
24,hand,14,0,0.5000524520874023,0.2620084881782532,-0.011761212721467018
24,hand,15,0,0.49184444546699524,0.25249183177948,-0.013724223710596561
24,hand,16,0,0.48478588461875916,0.2446906566619873,-0.014859071001410484
24,hand,17,0,0.5098499059677124,0.28618520498275757,-0.010545427910983562
24,hand,18,0,0.5034915208816528,0.2724318504333496,-0.01343021634966135
24,hand,19,0,0.4984205365180969,0.2630246877670288,-0.014151818118989468
24,hand,20,0,0.49366721510887146,0.2553088366985321,-0.014401169493794441
24,hand,0,1,0.4444084167480469,0.727338433265686,-1.1501813901304558e-07
24,hand,1,1,0.4581349492073059,0.7407453656196594,-0.005440087523311377
24,hand,2,1,0.46678298711776733,0.7635799050331116,-0.007773130666464567
24,hand,3,1,0.47113561630249023,0.7855826616287231,-0.00867884885519743
24,hand,4,1,0.468921422958374,0.7983676195144653,-0.008435800671577454
24,hand,5,1,0.44720637798309326,0.7805829644203186,-0.008114944212138653
24,hand,6,1,0.4598393440246582,0.802971363067627,-0.00864165648818016
24,hand,7,1,0.4634721577167511,0.7906762957572937,-0.007581992540508509
24,hand,8,1,0.4616601765155792,0.779506504535675,-0.0068052769638597965
24,hand,9,1,0.4409264028072357,0.7820810079574585,-0.005167912691831589
24,hand,10,1,0.4556644558906555,0.801023006439209,-0.006262585986405611
24,hand,11,1,0.45944809913635254,0.7898425459861755,-0.005171035882085562
24,hand,12,1,0.4572438895702362,0.7814024686813354,-0.004497880581766367
24,hand,13,1,0.4378707706928253,0.7807141542434692,-0.00209436914883554
24,hand,14,1,0.4514443278312683,0.7978116869926453,-0.0035968327429145575
24,hand,15,1,0.4550049602985382,0.7887852787971497,-0.0021837891545146704
24,hand,16,1,0.45304226875305176,0.7804685235023499,-0.0011694316053763032
24,hand,17,1,0.4373720586299896,0.7783715724945068,0.000794515130110085
24,hand,18,1,0.44811347126960754,0.7921854257583618,-0.001243986887857318
24,hand,19,1,0.45134660601615906,0.7854337096214294,-0.0007610901375301182
24,hand,20,1,0.4499339461326599,0.7777522802352905,0.00012677618360612541
24,pose,0,-1,0.517024576663971,0.20422035455703735,-0.19705842435359955
24,pose,1,-1,0.5267428755760193,0.18093247711658478,-0.17390590906143188
24,pose,2,-1,0.5303338766098022,0.18191692233085632,-0.17407497763633728
24,pose,3,-1,0.5350998640060425,0.18292663991451263,-0.17403404414653778
24,pose,4,-1,0.5093643665313721,0.17941659688949585,-0.1775217205286026
24,pose,5,-1,0.5031444430351257,0.17922863364219666,-0.1775924116373062
24,pose,6,-1,0.49844855070114136,0.17910829186439514,-0.17766442894935608
24,pose,7,-1,0.5429028868675232,0.19642102718353271,-0.03989275172352791
24,pose,8,-1,0.49214228987693787,0.19379061460494995,-0.05902852863073349
24,pose,9,-1,0.526080310344696,0.2330629676580429,-0.1473211795091629
24,pose,10,-1,0.505916953086853,0.23156797885894775,-0.15304864943027496
24,pose,11,-1,0.5785487294197083,0.3286174237728119,0.008683557622134686
24,pose,12,-1,0.4537320137023926,0.34400680661201477,0.0077148000709712505
24,pose,13,-1,0.614874541759491,0.4765520393848419,-0.1665816754102707
24,pose,14,-1,0.44197893142700195,0.5425115823745728,0.04490470141172409
24,pose,15,-1,0.5437808632850647,0.3285238444805145,-0.40850821137428284
24,pose,16,-1,0.44947388768196106,0.7189680337905884,-0.02117931842803955
24,pose,17,-1,0.5241294503211975,0.2908819615840912,-0.4718042314052582
24,pose,18,-1,0.4477590024471283,0.7702710032463074,-0.03901451453566551
24,pose,19,-1,0.5234692692756653,0.2814744710922241,-0.45013418793678284
24,pose,20,-1,0.4569508135318756,0.7709637880325317,-0.07894318550825119
24,pose,21,-1,0.5279238224029541,0.2924196422100067,-0.4200499951839447
24,pose,22,-1,0.4602602422237396,0.7546732425689697,-0.03575444594025612
24,pose,23,-1,0.5576221346855164,0.6995959281921387,0.006160144694149494
24,pose,24,-1,0.4863556921482086,0.7027944922447205,-0.005721169989556074
24,pose,25,-1,0.5520890951156616,0.9550255537033081,-0.033505167812108994
24,pose,26,-1,0.49477359652519226,0.9544740915298462,-0.020062917843461037
24,pose,27,-1,0.5533340573310852,1.189309000968933,0.22746625542640686
24,pose,28,-1,0.49723780155181885,1.1658408641815186,0.22345931828022003
24,pose,29,-1,0.5555384159088135,1.2172003984451294,0.2497471272945404
24,pose,30,-1,0.4968588650226593,1.1899231672286987,0.24480222165584564
24,pose,31,-1,0.5463311076164246,1.2630975246429443,0.14937971532344818
24,pose,32,-1,0.5098801851272583,1.2413233518600464,0.12102938443422318
25,hand,0,0,0.532804548740387,0.29443156719207764,7.046649841413455e-08
25,hand,1,0,0.5275103449821472,0.2772008180618286,-0.00018468093185219914
25,hand,2,0,0.5179423093795776,0.26569682359695435,-0.0013150122249498963
25,hand,3,0,0.5081498026847839,0.26418396830558777,-0.002615777077153325
25,hand,4,0,0.501118540763855,0.26833975315093994,-0.003962996881455183
25,hand,5,0,0.5124927759170532,0.26095518469810486,-0.003602836513891816
25,hand,6,0,0.4992492198944092,0.2508496046066284,-0.006715545430779457
25,hand,7,0,0.48846182227134705,0.24483725428581238,-0.008886978030204773
25,hand,8,0,0.47920989990234375,0.2408263236284256,-0.01032258290797472
25,hand,9,0,0.508882462978363,0.26790958642959595,-0.005027151666581631
25,hand,10,0,0.4970850944519043,0.25559207797050476,-0.007771993521600962
25,hand,11,0,0.4893698990345001,0.24795755743980408,-0.008892497979104519
25,hand,12,0,0.4828181266784668,0.24111780524253845,-0.009590116329491138
25,hand,13,0,0.5066394209861755,0.27541062235832214,-0.006264103576540947
25,hand,14,0,0.49810299277305603,0.25964128971099854,-0.008344580419361591
25,hand,15,0,0.4956493079662323,0.25261786580085754,-0.007441781926900148
25,hand,16,0,0.4938543438911438,0.24721567332744598,-0.006521451752632856
25,hand,17,0,0.5056353211402893,0.2816128432750702,-0.007564863655716181
25,hand,18,0,0.49960634112358093,0.2658509612083435,-0.008326126262545586
25,hand,19,0,0.4973798096179962,0.257815420627594,-0.006693850737065077
25,hand,20,0,0.4955979287624359,0.25268521904945374,-0.005254077725112438
25,hand,0,1,0.4451924264431,0.7267093658447266,-1.1260325294415452e-07
25,hand,1,1,0.4586609899997711,0.7398208379745483,-0.005577483680099249
25,hand,2,1,0.4668114185333252,0.7613877058029175,-0.008188371546566486
25,hand,3,1,0.47125622630119324,0.7824329137802124,-0.009401807561516762
25,hand,4,1,0.4705416262149811,0.7967313528060913,-0.009512212127447128
25,hand,5,1,0.44823843240737915,0.7800770998001099,-0.00856061466038227
25,hand,6,1,0.46085652709007263,0.8018457889556885,-0.009692453779280186
25,hand,7,1,0.46417978405952454,0.788680374622345,-0.009082893840968609
25,hand,8,1,0.46183881163597107,0.7774776816368103,-0.008531281724572182
25,hand,9,1,0.4419715702533722,0.781624436378479,-0.005726119969040155
25,hand,10,1,0.4562963545322418,0.8004605174064636,-0.007387186866253614
25,hand,11,1,0.46011871099472046,0.7885162234306335,-0.006570439785718918
25,hand,12,1,0.4576778709888458,0.7799219489097595,-0.005976661574095488
25,hand,13,1,0.438821405172348,0.780001699924469,-0.0027937705162912607
25,hand,14,1,0.45210009813308716,0.7965244054794312,-0.004727364517748356
25,hand,15,1,0.4556264877319336,0.7868356108665466,-0.0033356875646859407
25,hand,16,1,0.4532538652420044,0.7785043120384216,-0.0022247973829507828
25,hand,17,1,0.4381248950958252,0.7775405645370483,-4.9063502956414595e-05
25,hand,18,1,0.4485207200050354,0.7912557721138,-0.002381419064477086
25,hand,19,1,0.45156756043434143,0.7839809060096741,-0.0018295013578608632
25,hand,20,1,0.44975319504737854,0.7759822010993958,-0.0008049980388022959
25,pose,0,-1,0.517948567867279,0.2044297754764557,-0.20647045969963074
25,pose,1,-1,0.5272776484489441,0.18144968152046204,-0.1831071525812149
25,pose,2,-1,0.5308230519294739,0.18250437080860138,-0.18326611816883087
25,pose,3,-1,0.5358614325523376,0.18361228704452515,-0.1832427978515625
25,pose,4,-1,0.5101068615913391,0.17942537367343903,-0.18748220801353455
25,pose,5,-1,0.5035079717636108,0.17920611798763275,-0.18752579391002655
25,pose,6,-1,0.49876728653907776,0.17904165387153625,-0.18759997189044952
25,pose,7,-1,0.5431051254272461,0.19721034169197083,-0.04649590328335762
25,pose,8,-1,0.4921063780784607,0.19406263530254364,-0.06875098496675491
25,pose,9,-1,0.5265842080116272,0.23318292200565338,-0.15537665784358978
25,pose,10,-1,0.5063613653182983,0.23154394328594208,-0.1619565188884735
25,pose,11,-1,0.5769859552383423,0.3263206481933594,0.004193408414721489
25,pose,12,-1,0.4536477327346802,0.3436068892478943,-0.0028618210926651955
25,pose,13,-1,0.6129471659660339,0.4681921601295471,-0.1686057150363922
25,pose,14,-1,0.441984623670578,0.5425134897232056,0.028713660314679146
25,pose,15,-1,0.5436705946922302,0.3217177391052246,-0.43058931827545166
25,pose,16,-1,0.44953978061676025,0.719299852848053,-0.04370960220694542
25,pose,17,-1,0.5243502855300903,0.28609251976013184,-0.4975060820579529
25,pose,18,-1,0.44797274470329285,0.7704831957817078,-0.06423857808113098
25,pose,19,-1,0.5231082439422607,0.27775654196739197,-0.4727921783924103
25,pose,20,-1,0.4572794735431671,0.7709779143333435,-0.10333716124296188
25,pose,21,-1,0.5274993777275085,0.28848206996917725,-0.4299516975879669
25,pose,22,-1,0.46046745777130127,0.7547469139099121,-0.05804595723748207
25,pose,23,-1,0.5576336979866028,0.6995588541030884,0.008841819129884243
25,pose,24,-1,0.4863497018814087,0.702515184879303,-0.008453413844108582
25,pose,25,-1,0.552253782749176,0.9522385001182556,-0.03175465017557144
25,pose,26,-1,0.49511152505874634,0.952878475189209,-0.01859467476606369
25,pose,27,-1,0.553373396396637,1.188435673713684,0.23564434051513672
25,pose,28,-1,0.4975120425224304,1.155896782875061,0.2309340089559555
25,pose,29,-1,0.5555269718170166,1.2157479524612427,0.25864511728286743
25,pose,30,-1,0.4968792498111725,1.1769847869873047,0.2525519132614136
25,pose,31,-1,0.5466936826705933,1.2625352144241333,0.1540525257587433
25,pose,32,-1,0.5124075412750244,1.234498381614685,0.1277167797088623
26,hand,0,0,0.5337848663330078,0.29492732882499695,6.409531039253125e-08
26,hand,1,0,0.5238141417503357,0.2848758101463318,0.002502234186977148
26,hand,2,0,0.5119720697402954,0.28038835525512695,0.0014274247223511338
26,hand,3,0,0.5029884576797485,0.286456435918808,-0.0007728268974460661
26,hand,4,0,0.4957582652568817,0.29183900356292725,-0.003354867687448859
26,hand,5,0,0.5110933184623718,0.2624615430831909,-0.0008254030253738165
26,hand,6,0,0.4966050386428833,0.25333720445632935,-0.004585997201502323
26,hand,7,0,0.48561760783195496,0.24782168865203857,-0.00744114862754941
26,hand,8,0,0.47609561681747437,0.24429386854171753,-0.009537966921925545
26,hand,9,0,0.5105353593826294,0.26516014337539673,-0.005038004834204912
26,hand,10,0,0.4950534999370575,0.25429394841194153,-0.008840302005410194
26,hand,11,0,0.4835182726383209,0.24815888702869415,-0.01177292037755251
26,hand,12,0,0.4735082983970642,0.24391181766986847,-0.014032105915248394
26,hand,13,0,0.5098168849945068,0.27115410566329956,-0.0091182179749012
26,hand,14,0,0.49550873041152954,0.25717437267303467,-0.012107565999031067
26,hand,15,0,0.4850552976131439,0.25035810470581055,-0.01426758337765932
26,hand,16,0,0.4760013818740845,0.24553582072257996,-0.015976153314113617
26,hand,17,0,0.5087854862213135,0.2794867753982544,-0.012965748086571693
26,hand,18,0,0.49978578090667725,0.2659371495246887,-0.015269373543560505
26,hand,19,0,0.49244794249534607,0.2579382061958313,-0.01645321398973465
26,hand,20,0,0.485608845949173,0.2521927058696747,-0.017477143555879593
26,hand,0,1,0.44629809260368347,0.7267608046531677,-1.1213298733991905e-07
26,hand,1,1,0.46013522148132324,0.7394496202468872,-0.005411074031144381
26,hand,2,1,0.4680970013141632,0.7612506747245789,-0.00783137883991003
26,hand,3,1,0.4723728895187378,0.7825081944465637,-0.008878096006810665
26,hand,4,1,0.47144752740859985,0.7970278263092041,-0.008781238459050655
26,hand,5,1,0.44967758655548096,0.7801753878593445,-0.00801414716988802
26,hand,6,1,0.4619064927101135,0.801838755607605,-0.00901886261999607
26,hand,7,1,0.46518340706825256,0.7885808944702148,-0.00812910683453083
26,hand,8,1,0.46267637610435486,0.7775654792785645,-0.007338420022279024
26,hand,9,1,0.44302505254745483,0.78178870677948,-0.005161750130355358
26,hand,10,1,0.4568937122821808,0.8009718060493469,-0.006754615344107151
26,hand,11,1,0.4610816240310669,0.7892068028450012,-0.0055992016568779945
26,hand,12,1,0.45889541506767273,0.7806780338287354,-0.0046996488235890865
26,hand,13,1,0.4395807683467865,0.7802732586860657,-0.002255308674648404
26,hand,14,1,0.45271238684654236,0.7979788184165955,-0.004304877948015928
26,hand,15,1,0.4565233588218689,0.7882898449897766,-0.0027350066229701042
26,hand,16,1,0.45452994108200073,0.7799071073532104,-0.0013942685909569263
26,hand,17,1,0.438629686832428,0.7781298160552979,0.0004914451274089515
26,hand,18,1,0.44930127263069153,0.7925888299942017,-0.001830948400311172
26,hand,19,1,0.4524114429950714,0.7855486273765564,-0.0012273549800738692
26,hand,20,1,0.4507088363170624,0.7778547406196594,-0.00013768421194981784
26,pose,0,-1,0.5182768106460571,0.2045270949602127,-0.20674777030944824
26,pose,1,-1,0.5274707674980164,0.18168215453624725,-0.18248513340950012
26,pose,2,-1,0.5309860110282898,0.18281491100788116,-0.182659313082695
26,pose,3,-1,0.5361225008964539,0.18401184678077698,-0.1826261579990387
26,pose,4,-1,0.5105090141296387,0.17941290140151978,-0.1868254691362381
26,pose,5,-1,0.503721296787262,0.17910881340503693,-0.18689079582691193
26,pose,6,-1,0.4989575147628784,0.17887495458126068,-0.18697842955589294
26,pose,7,-1,0.5431329607963562,0.19754058122634888,-0.043548617511987686
26,pose,8,-1,0.4920271337032318,0.19412529468536377,-0.06562045961618423
26,pose,9,-1,0.5267206430435181,0.23324653506278992,-0.15499643981456757
26,pose,10,-1,0.5064988732337952,0.23151960968971252,-0.16153697669506073
26,pose,11,-1,0.5759890079498291,0.32507115602493286,0.004195414483547211
26,pose,12,-1,0.4531920552253723,0.3438430428504944,-0.0002052465861197561
26,pose,13,-1,0.6116043329238892,0.4642941355705261,-0.17645928263664246
26,pose,14,-1,0.44218772649765015,0.5429079532623291,0.0304312314838171
26,pose,15,-1,0.5418296456336975,0.3207644522190094,-0.44539934396743774
26,pose,16,-1,0.44989073276519775,0.7193673849105835,-0.04166679084300995
26,pose,17,-1,0.5221695899963379,0.28621500730514526,-0.5129616856575012
26,pose,18,-1,0.4485514760017395,0.7705351114273071,-0.0624493733048439
26,pose,19,-1,0.520720899105072,0.2777605354785919,-0.488519549369812
26,pose,20,-1,0.4578932821750641,0.7709771990776062,-0.10145730525255203
26,pose,21,-1,0.5253423452377319,0.287981241941452,-0.44287165999412537
26,pose,22,-1,0.460954487323761,0.7547542452812195,-0.05590213090181351
26,pose,23,-1,0.5577011704444885,0.6992771029472351,0.009417268447577953
26,pose,24,-1,0.48634785413742065,0.7025089859962463,-0.009027506224811077
26,pose,25,-1,0.5524000525474548,0.9522378444671631,-0.03395067900419235
26,pose,26,-1,0.4953695833683014,0.9540218710899353,-0.023820918053388596
26,pose,27,-1,0.5537310242652893,1.1902921199798584,0.23555725812911987
26,pose,28,-1,0.49797922372817993,1.1579772233963013,0.23054932057857513
26,pose,29,-1,0.5560644268989563,1.217782735824585,0.25839412212371826
26,pose,30,-1,0.4974270164966583,1.1783474683761597,0.2528960406780243
26,pose,31,-1,0.5467360019683838,1.2653985023498535,0.15066328644752502
26,pose,32,-1,0.5131521224975586,1.2368026971817017,0.13045728206634521
27,hand,0,0,0.533668577671051,0.29561078548431396,5.37315223425594e-08
27,hand,1,0,0.5235629677772522,0.2862941324710846,0.003297497984021902
27,hand,2,0,0.5115267634391785,0.28313565254211426,0.00247992598451674
27,hand,3,0,0.5017492771148682,0.29033195972442627,0.0004800196329597384
27,hand,4,0,0.4939170777797699,0.29543817043304443,-0.0019202670082449913
27,hand,5,0,0.5103733539581299,0.2612477242946625,-0.0010146856075152755
27,hand,6,0,0.4943598210811615,0.2516413629055023,-0.004459716845303774
27,hand,7,0,0.4834076166152954,0.2461303025484085,-0.006631188094615936
27,hand,8,0,0.4742101728916168,0.24269001185894012,-0.008221862837672234
27,hand,9,0,0.5103027820587158,0.2630097568035126,-0.005624632816761732
27,hand,10,0,0.49233853816986084,0.2514760196208954,-0.009247503243386745
27,hand,11,0,0.4807845652103424,0.2455853521823883,-0.011764083057641983
27,hand,12,0,0.4710647165775299,0.24153895676136017,-0.0137000298127532
27,hand,13,0,0.509925901889801,0.2691628038883209,-0.009987032040953636
27,hand,14,0,0.4937487244606018,0.25694093108177185,-0.013069379143416882
27,hand,15,0,0.4827309846878052,0.2513636648654938,-0.015297157689929008
27,hand,16,0,0.47344908118247986,0.24726632237434387,-0.017048079520463943
27,hand,17,0,0.5088019967079163,0.2784959673881531,-0.013971664942800999
27,hand,18,0,0.4985893964767456,0.2666822075843811,-0.016612237319350243
27,hand,19,0,0.4911678731441498,0.2600157856941223,-0.017984112724661827
27,hand,20,0,0.48433586955070496,0.25522395968437195,-0.0191134512424469
27,hand,0,1,0.4469531774520874,0.7262206673622131,-1.082669669472125e-07
27,hand,1,1,0.46021783351898193,0.7389981746673584,-0.00639026053249836
27,hand,2,1,0.4681673049926758,0.760791540145874,-0.009029533714056015
27,hand,3,1,0.47270309925079346,0.7820939421653748,-0.010025139898061752
27,hand,4,1,0.4718227982521057,0.7963826656341553,-0.009819688275456429
27,hand,5,1,0.4497425854206085,0.7797521352767944,-0.008678631857037544
27,hand,6,1,0.4622209370136261,0.801215648651123,-0.009264041669666767
27,hand,7,1,0.46594274044036865,0.7888917922973633,-0.008060374297201633
27,hand,8,1,0.46403998136520386,0.7783489227294922,-0.0071136849001049995
27,hand,9,1,0.4434370994567871,0.7813540101051331,-0.005130202509462833
27,hand,10,1,0.45758071541786194,0.7997105717658997,-0.006362023763358593
27,hand,11,1,0.461725115776062,0.7883163094520569,-0.005255965981632471
27,hand,12,1,0.45984017848968506,0.7800003886222839,-0.0044722119346261024
27,hand,13,1,0.44037267565727234,0.7798981070518494,-0.0015282168751582503
27,hand,14,1,0.45362240076065063,0.7967689633369446,-0.0032714656554162502
27,hand,15,1,0.45736536383628845,0.7875148057937622,-0.00193567865062505
27,hand,16,1,0.4557255506515503,0.7791771292686462,-0.0008434201590716839
27,hand,17,1,0.4397679269313812,0.7777782678604126,0.0018412723438814282
27,hand,18,1,0.4502071142196655,0.7912753224372864,-0.0004489670100156218
27,hand,19,1,0.4533995985984802,0.7846272587776184,-0.00012576216249726713
27,hand,20,1,0.4521406888961792,0.7771700620651245,0.0007527300040237606
27,pose,0,-1,0.5182408094406128,0.2045874148607254,-0.2135278880596161
27,pose,1,-1,0.5274455547332764,0.18177363276481628,-0.18939563632011414
27,pose,2,-1,0.530983030796051,0.18292829394340515,-0.18957462906837463
27,pose,3,-1,0.5361108183860779,0.1841581165790558,-0.18954430520534515
27,pose,4,-1,0.5104839205741882,0.17941319942474365,-0.1926550418138504
27,pose,5,-1,0.5037103891372681,0.17910385131835938,-0.1927279680967331
27,pose,6,-1,0.498952716588974,0.17886433005332947,-0.19282150268554688
27,pose,7,-1,0.5431281328201294,0.19760872423648834,-0.05082561820745468
27,pose,8,-1,0.4918253719806671,0.1942322850227356,-0.06780441105365753
27,pose,9,-1,0.5266844630241394,0.23328034579753876,-0.16193890571594238
27,pose,10,-1,0.5063302516937256,0.23150460422039032,-0.16704994440078735
27,pose,11,-1,0.575353741645813,0.3246122896671295,-0.005652747582644224
27,pose,12,-1,0.45274582505226135,0.3437594473361969,0.001389519777148962
27,pose,13,-1,0.6114064455032349,0.4607878625392914,-0.19279542565345764
27,pose,14,-1,0.44233646988868713,0.542873203754425,0.03485499322414398
27,pose,15,-1,0.540954053401947,0.320856511592865,-0.46257609128952026
27,pose,16,-1,0.45005470514297485,0.7190372943878174,-0.03767337650060654
27,pose,17,-1,0.5194402933120728,0.2886399030685425,-0.5305091738700867
27,pose,18,-1,0.4490292966365814,0.7699865698814392,-0.05820469930768013
27,pose,19,-1,0.5174804329872131,0.2797892987728119,-0.5063381791114807
27,pose,20,-1,0.4584236145019531,0.7700934410095215,-0.09694352746009827
27,pose,21,-1,0.5227827429771423,0.28921014070510864,-0.45970043540000916
27,pose,22,-1,0.46131446957588196,0.7542266249656677,-0.051930561661720276
27,pose,23,-1,0.5577243566513062,0.6989222168922424,0.008946198970079422
27,pose,24,-1,0.48633652925491333,0.7023941278457642,-0.008564028888940811
27,pose,25,-1,0.552412748336792,0.9522638320922852,-0.033987440168857574
27,pose,26,-1,0.4954818785190582,0.9541183114051819,-0.02747851423919201
27,pose,27,-1,0.553722620010376,1.1879175901412964,0.25741255283355713
27,pose,28,-1,0.49795016646385193,1.1579627990722656,0.22191351652145386
27,pose,29,-1,0.5560455322265625,1.214451789855957,0.2832809388637543
27,pose,30,-1,0.49743586778640747,1.178471326828003,0.24393558502197266
27,pose,31,-1,0.5467492341995239,1.2637003660202026,0.1816134750843048
27,pose,32,-1,0.5127281546592712,1.2367526292800903,0.12480676174163818
28,hand,0,0,0.5372004508972168,0.29851233959198,1.876506239284481e-08
28,hand,1,0,0.5234994888305664,0.2934284210205078,0.005696674808859825
28,hand,2,0,0.5118497014045715,0.28998085856437683,0.005893075373023748
28,hand,3,0,0.5035866498947144,0.29467687010765076,0.004231343045830727
28,hand,4,0,0.4963141083717346,0.2980343997478485,0.0020301996264606714
28,hand,5,0,0.5107836127281189,0.26384279131889343,0.002922527724877
28,hand,6,0,0.49512600898742676,0.25544190406799316,0.0001839592878241092
28,hand,7,0,0.4845248758792877,0.2509813904762268,-0.001927959849126637
28,hand,8,0,0.4753737151622772,0.24808169901371002,-0.00364633253775537
28,hand,9,0,0.511282742023468,0.26421982049942017,-0.003166981739923358
28,hand,10,0,0.4932951033115387,0.25424447655677795,-0.005892752204090357
28,hand,11,0,0.48180118203163147,0.24923087656497955,-0.008096733130514622
28,hand,12,0,0.4723896384239197,0.24617600440979004,-0.01001683808863163
28,hand,13,0,0.5111592411994934,0.2702471911907196,-0.009089265018701553
28,hand,14,0,0.49407052993774414,0.25862058997154236,-0.011451584286987782
28,hand,15,0,0.483201265335083,0.2536863684654236,-0.013200351968407631
28,hand,16,0,0.47394201159477234,0.2496504932641983,-0.01487322524189949
28,hand,17,0,0.510041356086731,0.2802833318710327,-0.014574880711734295
28,hand,18,0,0.49902641773223877,0.26815372705459595,-0.01703941822052002
28,hand,19,0,0.49128058552742004,0.2617734968662262,-0.018259724602103233
28,hand,20,0,0.48390236496925354,0.2567417025566101,-0.01941871829330921
28,hand,0,1,0.4470750093460083,0.7268559336662292,-1.127382631693763e-07
28,hand,1,1,0.46042296290397644,0.7390820384025574,-0.00550029706209898
28,hand,2,1,0.4685329794883728,0.7605995535850525,-0.007888670079410076
28,hand,3,1,0.4730398952960968,0.7808287739753723,-0.00893443077802658
28,hand,4,1,0.4720054268836975,0.7938632965087891,-0.008894030004739761
28,hand,5,1,0.44958925247192383,0.7796304225921631,-0.007738207932561636
28,hand,6,1,0.46239420771598816,0.8014438152313232,-0.008826536126434803
28,hand,7,1,0.4656883180141449,0.7887112498283386,-0.008341901004314423
28,hand,8,1,0.46327871084213257,0.7778692245483398,-0.007845936343073845
28,hand,9,1,0.44351518154144287,0.7813442349433899,-0.00486547639593482
28,hand,10,1,0.45788028836250305,0.8001786470413208,-0.006503202021121979
28,hand,11,1,0.46155259013175964,0.7886212468147278,-0.005736274179071188
28,hand,12,1,0.45910024642944336,0.7803142070770264,-0.005089004524052143
28,hand,13,1,0.4404761493206024,0.7800451517105103,-0.001955411396920681
28,hand,14,1,0.45375320315361023,0.7971327900886536,-0.003940640017390251
28,hand,15,1,0.45719578862190247,0.7876914739608765,-0.0026793936267495155
28,hand,16,1,0.45493441820144653,0.7797226905822754,-0.0015656595351174474
28,hand,17,1,0.4397679567337036,0.7779282331466675,0.000755847548134625
28,hand,18,1,0.45027780532836914,0.7918378114700317,-0.0015855414094403386
28,hand,19,1,0.45328274369239807,0.7847962975502014,-0.0011624632170423865
28,hand,20,1,0.4514975845813751,0.777266263961792,-0.00019262362911831588
28,pose,0,-1,0.5181362628936768,0.20433805882930756,-0.20937871932983398
28,pose,1,-1,0.5274071097373962,0.18148940801620483,-0.18529972434043884
28,pose,2,-1,0.5309167504310608,0.1827296018600464,-0.18547162413597107
28,pose,3,-1,0.5360976457595825,0.1840347945690155,-0.18544496595859528
28,pose,4,-1,0.5104711651802063,0.17881488800048828,-0.1885049194097519
28,pose,5,-1,0.503669798374176,0.17846934497356415,-0.18856264650821686
28,pose,6,-1,0.4989268481731415,0.17823560535907745,-0.1886446177959442
28,pose,7,-1,0.5431162118911743,0.19752995669841766,-0.04744857922196388
28,pose,8,-1,0.4915827214717865,0.19420140981674194,-0.06420431286096573
28,pose,9,-1,0.5265820622444153,0.2331121563911438,-0.15812921524047852
28,pose,10,-1,0.5061241388320923,0.23112469911575317,-0.16316136717796326
28,pose,11,-1,0.5753666758537292,0.3248206079006195,-0.0026919967494904995
28,pose,12,-1,0.45266205072402954,0.34324878454208374,0.003001970238983631
28,pose,13,-1,0.6113556027412415,0.45987534523010254,-0.18646341562271118
28,pose,14,-1,0.4425773322582245,0.5424100160598755,0.035038091242313385
28,pose,15,-1,0.5416745543479919,0.3216252028942108,-0.44907623529434204
28,pose,16,-1,0.4501610994338989,0.7190386056900024,-0.03546576946973801
28,pose,17,-1,0.5199930667877197,0.2887786328792572,-0.5160264372825623
28,pose,18,-1,0.4493705630302429,0.7700003981590271,-0.055709678679704666
28,pose,19,-1,0.5179076194763184,0.2798602283000946,-0.4934312701225281
28,pose,20,-1,0.45899781584739685,0.7700438499450684,-0.09474112093448639
28,pose,21,-1,0.5232185125350952,0.28937312960624695,-0.4464419186115265
28,pose,22,-1,0.4617552161216736,0.754199743270874,-0.04990757256746292
28,pose,23,-1,0.5577230453491211,0.6986607313156128,0.008600573986768723
28,pose,24,-1,0.48628920316696167,0.7022938132286072,-0.008221812546253204
28,pose,25,-1,0.5524141192436218,0.9522714018821716,-0.031218061223626137
28,pose,26,-1,0.4955236315727234,0.9541277885437012,-0.026789279654622078
28,pose,27,-1,0.5537236928939819,1.186513900756836,0.260847806930542
28,pose,28,-1,0.49805447459220886,1.156727910041809,0.22362513840198517
28,pose,29,-1,0.5560330152511597,1.2125887870788574,0.2863163948059082
28,pose,30,-1,0.49766242504119873,1.1772509813308716,0.2457842230796814
28,pose,31,-1,0.5467687249183655,1.2626304626464844,0.18367712199687958
28,pose,32,-1,0.5125517845153809,1.2351045608520508,0.127371683716774
29,hand,0,0,0.5386396050453186,0.2983900308609009,5.8589861851032765e-08
29,hand,1,0,0.5278399586677551,0.2819366753101349,0.0026393469888716936
29,hand,2,0,0.5161254405975342,0.27751103043556213,0.001949060708284378
29,hand,3,0,0.5066550970077515,0.2858271896839142,0.00013631541514769197
29,hand,4,0,0.4999553859233856,0.293973445892334,-0.002058073179796338
29,hand,5,0,0.5122073888778687,0.26234421133995056,0.0005481418338604271
29,hand,6,0,0.49873635172843933,0.25303566455841064,-0.0015642823418602347
29,hand,7,0,0.490141361951828,0.2467755675315857,-0.003463860834017396
29,hand,8,0,0.4828909635543823,0.24132268130779266,-0.005109406542032957
29,hand,9,0,0.5092837810516357,0.26842308044433594,-0.0032348281238228083
29,hand,10,0,0.4928869307041168,0.26181718707084656,-0.004983040504157543
29,hand,11,0,0.48254770040512085,0.25891178846359253,-0.0068763429298996925
29,hand,12,0,0.4742007255554199,0.2550678551197052,-0.008568746037781239
29,hand,13,0,0.5077908039093018,0.27899879217147827,-0.00679960660636425
29,hand,14,0,0.4951905906200409,0.2714342474937439,-0.008650676347315311
29,hand,15,0,0.4946123957633972,0.26428017020225525,-0.009900249540805817
29,hand,16,0,0.4951554238796234,0.2557297348976135,-0.011043775826692581
29,hand,17,0,0.506786048412323,0.29248565435409546,-0.010123452171683311
29,hand,18,0,0.5004743337631226,0.2944031357765198,-0.012086785398423672
29,hand,19,0,0.5027144551277161,0.294636070728302,-0.012154889293015003
29,hand,20,0,0.5056432485580444,0.293165922164917,-0.012101714499294758
29,hand,0,1,0.44581520557403564,0.7264740467071533,-1.1327461635346481e-07
29,hand,1,1,0.45938247442245483,0.7375617027282715,-0.005827860441058874
29,hand,2,1,0.4675581157207489,0.7587372064590454,-0.008346958085894585
29,hand,3,1,0.47227779030799866,0.7794587016105652,-0.00949872937053442
29,hand,4,1,0.4720742106437683,0.7937760949134827,-0.009538530372083187
29,hand,5,1,0.449270635843277,0.7789275646209717,-0.008137669414281845
29,hand,6,1,0.46194902062416077,0.8012931942939758,-0.009310385212302208
29,hand,7,1,0.465668261051178,0.7885957360267639,-0.008716906420886517
29,hand,8,1,0.4635145366191864,0.7776560187339783,-0.008164191618561745
29,hand,9,1,0.44326457381248474,0.7812374830245972,-0.0052145253866910934
29,hand,10,1,0.4574560523033142,0.8011639714241028,-0.00713780103251338
29,hand,11,1,0.4617089629173279,0.7894645929336548,-0.006388181354850531
29,hand,12,1,0.4594650864601135,0.7807828783988953,-0.0056795403361320496
29,hand,13,1,0.4402904808521271,0.7803219556808472,-0.002275679260492325
29,hand,14,1,0.45375144481658936,0.7985440492630005,-0.004686957690864801
29,hand,15,1,0.4575995206832886,0.7886849641799927,-0.0033974049147218466
29,hand,16,1,0.45537564158439636,0.7803100943565369,-0.0021461767610162497
29,hand,17,1,0.43976014852523804,0.7785862684249878,0.00045481929555535316
29,hand,18,1,0.4504697322845459,0.7933037281036377,-0.0023098827805370092
29,hand,19,1,0.45368000864982605,0.7860756516456604,-0.001944493385963142
29,hand,20,1,0.4518677890300751,0.7782540917396545,-0.0009382126154378057
29,pose,0,-1,0.5177954435348511,0.2043396681547165,-0.20865096151828766
29,pose,1,-1,0.5273298621177673,0.18147332966327667,-0.1840648055076599
29,pose,2,-1,0.5308476090431213,0.18271833658218384,-0.18423591554164886
29,pose,3,-1,0.5360726118087769,0.1840270459651947,-0.18419334292411804
29,pose,4,-1,0.5104420781135559,0.17869077622890472,-0.1879887580871582
29,pose,5,-1,0.5036148428916931,0.17827267944812775,-0.18804122507572174
29,pose,6,-1,0.4988880455493927,0.1779942661523819,-0.18812449276447296
29,pose,7,-1,0.5431064367294312,0.1975352168083191,-0.04531736671924591
29,pose,8,-1,0.4914337992668152,0.19407735764980316,-0.06544589251279831
29,pose,9,-1,0.5262671113014221,0.23308402299880981,-0.1573508083820343
29,pose,10,-1,0.5057958364486694,0.23101738095283508,-0.16332989931106567
29,pose,11,-1,0.5752148032188416,0.3249605596065521,-0.0006875000544823706
29,pose,12,-1,0.4524143636226654,0.3432506024837494,-0.0001197758610942401
29,pose,13,-1,0.6111739277839661,0.4595435857772827,-0.18460029363632202
29,pose,14,-1,0.4426940381526947,0.5424589514732361,0.02964484505355358
29,pose,15,-1,0.5417677164077759,0.3184136152267456,-0.4482153058052063
29,pose,16,-1,0.45025715231895447,0.7191463708877563,-0.04444677755236626
29,pose,17,-1,0.5206061005592346,0.2849055826663971,-0.5158681273460388
29,pose,18,-1,0.44949665665626526,0.7701627016067505,-0.06565532088279724
29,pose,19,-1,0.5183313488960266,0.2764095366001129,-0.49210867285728455
29,pose,20,-1,0.4591984748840332,0.7700544595718384,-0.10489967465400696
29,pose,21,-1,0.5234358906745911,0.2862367630004883,-0.44540178775787354
29,pose,22,-1,0.4619296193122864,0.7542126178741455,-0.0590011402964592
29,pose,23,-1,0.5577200651168823,0.6986504197120667,0.008474196307361126
29,pose,24,-1,0.4861663281917572,0.7023564577102661,-0.008087219670414925
29,pose,25,-1,0.5525228381156921,0.9521494507789612,-0.030250309035182
29,pose,26,-1,0.4955793023109436,0.9542081356048584,-0.02376474067568779
29,pose,27,-1,0.5540198087692261,1.1874737739562988,0.25791090726852417
29,pose,28,-1,0.49825960397720337,1.1581511497497559,0.22188490629196167
29,pose,29,-1,0.5563523173332214,1.2143634557724,0.281168669462204
29,pose,30,-1,0.49786898493766785,1.1794390678405762,0.24283935129642487
29,pose,31,-1,0.5470771193504333,1.2627918720245361,0.1790989190340042
29,pose,32,-1,0.5125641226768494,1.2360130548477173,0.12444691359996796
30,hand,0,0,0.5405959486961365,0.29872792959213257,4.48004264796964e-08
30,hand,1,0,0.5293776392936707,0.28212597966194153,0.0033584837801754475
30,hand,2,0,0.5177056789398193,0.2769712209701538,0.0028495630249381065
30,hand,3,0,0.508794903755188,0.2825419306755066,0.001214834745042026
30,hand,4,0,0.5028659105300903,0.2889685332775116,-0.0011756676249206066
30,hand,5,0,0.5146319270133972,0.26297256350517273,-0.0010668296599760652
30,hand,6,0,0.49970492720603943,0.2556726634502411,-0.0039956397376954556
30,hand,7,0,0.4899733066558838,0.2522200644016266,-0.006153198424726725
30,hand,8,0,0.48182186484336853,0.2504701614379883,-0.007853329181671143
30,hand,9,0,0.5132354497909546,0.2684827744960785,-0.005565944593399763
30,hand,10,0,0.49560606479644775,0.2594347596168518,-0.008044691756367683
30,hand,11,0,0.4847952723503113,0.2559130787849426,-0.010206821374595165
30,hand,12,0,0.4755050837993622,0.2535938024520874,-0.011923135258257389
30,hand,13,0,0.5134398341178894,0.27903491258621216,-0.009718491695821285
30,hand,14,0,0.4987637400627136,0.26737359166145325,-0.011906598694622517
30,hand,15,0,0.48967546224594116,0.2616947889328003,-0.014540495350956917
30,hand,16,0,0.48199430108070374,0.25645098090171814,-0.016892075538635254
30,hand,17,0,0.5142984390258789,0.2926331162452698,-0.013425434939563274
30,hand,18,0,0.5079959630966187,0.2907608151435852,-0.01576351933181286
30,hand,19,0,0.5042724013328552,0.29090386629104614,-0.016892293468117714
30,hand,20,0,0.5007416605949402,0.29149729013442993,-0.017836792394518852
30,hand,0,1,0.4453730881214142,0.7278236746788025,-1.1225215246213338e-07
30,hand,1,1,0.4590642750263214,0.7399386763572693,-0.005512658506631851
30,hand,2,1,0.46748170256614685,0.7623164057731628,-0.007772056385874748
30,hand,3,1,0.4715330898761749,0.7839204668998718,-0.00870796199887991
30,hand,4,1,0.4699724316596985,0.7973800301551819,-0.008582718670368195
30,hand,5,1,0.4479898512363434,0.7789973616600037,-0.007740408182144165
30,hand,6,1,0.46051025390625,0.8018839359283447,-0.0088505195453763
30,hand,7,1,0.46459099650382996,0.7900915741920471,-0.008468548767268658
30,hand,8,1,0.4627017080783844,0.7791963815689087,-0.008104433305561543
30,hand,9,1,0.4419533610343933,0.7813575863838196,-0.004875488113611937
30,hand,10,1,0.45636892318725586,0.8016262054443359,-0.006479517091065645
30,hand,11,1,0.46076977252960205,0.7908823490142822,-0.005758929066359997
30,hand,12,1,0.45844870805740356,0.7824799418449402,-0.00523081561550498
30,hand,13,1,0.43907251954078674,0.7806643843650818,-0.001985016278922558
30,hand,14,1,0.4525180757045746,0.799266517162323,-0.004247155040502548
30,hand,15,1,0.45659390091896057,0.7903599143028259,-0.0030639597680419683
30,hand,16,1,0.4544568359851837,0.7819276452064514,-0.0019643374253064394
30,hand,17,1,0.4386409819126129,0.7792272567749023,0.0007172164623625576
30,hand,18,1,0.4490610957145691,0.7939664125442505,-0.002075237687677145
30,hand,19,1,0.4524395763874054,0.7872838973999023,-0.0018327971920371056
30,hand,20,1,0.45072242617607117,0.7792919278144836,-0.0009783342247828841
30,pose,0,-1,0.5175405144691467,0.2047494351863861,-0.20658163726329803
30,pose,1,-1,0.5272188186645508,0.18183468282222748,-0.18232795596122742
30,pose,2,-1,0.5307312607765198,0.18302936851978302,-0.18249565362930298
30,pose,3,-1,0.535994827747345,0.18433091044425964,-0.1824607253074646
30,pose,4,-1,0.5104308724403381,0.17889393866062164,-0.18633486330509186
30,pose,5,-1,0.5035833120346069,0.1783904731273651,-0.18637722730636597
30,pose,6,-1,0.4988776743412018,0.17809970676898956,-0.1864524632692337
30,pose,7,-1,0.5430851578712463,0.19785258173942566,-0.044696684926748276
30,pose,8,-1,0.4914074242115021,0.19407567381858826,-0.06542452424764633
30,pose,9,-1,0.5259546637535095,0.23327922821044922,-0.1556157022714615
30,pose,10,-1,0.5056581497192383,0.2311295121908188,-0.16175074875354767
30,pose,11,-1,0.5752570629119873,0.32513663172721863,0.0016837038565427065
30,pose,12,-1,0.45232677459716797,0.3432249426841736,0.0009097176371142268
30,pose,13,-1,0.6112667918205261,0.4604376554489136,-0.1806488186120987
30,pose,14,-1,0.44272422790527344,0.5423205494880676,0.03234133869409561
30,pose,15,-1,0.5426778197288513,0.3203262388706207,-0.442527711391449
30,pose,16,-1,0.4502710700035095,0.7191551327705383,-0.03645138815045357
30,pose,17,-1,0.5220946669578552,0.2878148555755615,-0.5098475217819214
30,pose,18,-1,0.44949477910995483,0.7701751589775085,-0.05590490251779556
30,pose,19,-1,0.5196816325187683,0.2795734405517578,-0.48755213618278503
30,pose,20,-1,0.4592081308364868,0.7700597047805786,-0.09547842293977737
30,pose,21,-1,0.5246226787567139,0.28968438506126404,-0.4400785565376282
30,pose,22,-1,0.46195948123931885,0.7542160749435425,-0.050901707261800766
30,pose,23,-1,0.5577162504196167,0.698644757270813,0.008547307923436165
30,pose,24,-1,0.48616060614585876,0.7023342847824097,-0.008151107467710972
30,pose,25,-1,0.5527032017707825,0.9520529508590698,-0.027027510106563568
30,pose,26,-1,0.49559035897254944,0.9541271328926086,-0.021432023495435715
30,pose,27,-1,0.5540211200714111,1.1870111227035522,0.2534835934638977
30,pose,28,-1,0.4983939528465271,1.157060980796814,0.2243604212999344
30,pose,29,-1,0.5563455820083618,1.2141504287719727,0.2768970727920532
30,pose,30,-1,0.4979381859302521,1.1785157918930054,0.24561496078968048
30,pose,31,-1,0.5471475124359131,1.2610673904418945,0.1710975468158722
30,pose,32,-1,0.5126476287841797,1.2342561483383179,0.1259569525718689
31,hand,0,0,0.5417230129241943,0.29666876792907715,6.740011571082505e-08
31,hand,1,0,0.5327081680297852,0.2795271575450897,0.0028737839311361313
31,hand,2,0,0.5225857496261597,0.2727015018463135,0.0024558177683502436
31,hand,3,0,0.5143567323684692,0.2757149636745453,0.0011490595061331987
31,hand,4,0,0.5085926651954651,0.28063613176345825,-0.0007572419126518071
31,hand,5,0,0.5161831378936768,0.26179131865501404,-0.0019337435951456428
31,hand,6,0,0.500388503074646,0.2534356117248535,-0.004611721727997065
31,hand,7,0,0.49047547578811646,0.2484464794397354,-0.006084353197365999
31,hand,8,0,0.4826754629611969,0.2456085979938507,-0.007143368478864431
31,hand,9,0,0.5142675638198853,0.26686975359916687,-0.005941708572208881
31,hand,10,0,0.4979933500289917,0.25393375754356384,-0.008150862529873848
31,hand,11,0,0.4880867600440979,0.24720297753810883,-0.009685393422842026
31,hand,12,0,0.47997722029685974,0.24210771918296814,-0.010762409307062626
31,hand,13,0,0.5139588117599487,0.27745136618614197,-0.009581360965967178
31,hand,14,0,0.500244140625,0.26641860604286194,-0.01185684371739626
31,hand,15,0,0.4910583198070526,0.2615467309951782,-0.014702134765684605
31,hand,16,0,0.48404091596603394,0.25582951307296753,-0.017056142911314964
31,hand,17,0,0.5145346522331238,0.2913139760494232,-0.012776995077729225
31,hand,18,0,0.5082622170448303,0.2945566177368164,-0.015471125021576881
31,hand,19,0,0.5062636733055115,0.29879143834114075,-0.016674155369400978
31,hand,20,0,0.5050468444824219,0.3019333779811859,-0.0174398235976696
31,hand,0,1,0.44359633326530457,0.7282264828681946,-1.0985456100343072e-07
31,hand,1,1,0.4567156434059143,0.7392744421958923,-0.006099401507526636
31,hand,2,1,0.464695543050766,0.760162889957428,-0.00876343809068203
31,hand,3,1,0.46950140595436096,0.7809420228004456,-0.009998587891459465
31,hand,4,1,0.46942275762557983,0.7955328822135925,-0.010089795105159283
31,hand,5,1,0.44669434428215027,0.7811146974563599,-0.007990038022398949
31,hand,6,1,0.45917809009552,0.8033705949783325,-0.008990095928311348
31,hand,7,1,0.46322593092918396,0.7909098863601685,-0.008459759876132011
31,hand,8,1,0.4613799452781677,0.7800285816192627,-0.008005812764167786
31,hand,9,1,0.4408915340900421,0.7833110690116882,-0.004831384401768446
31,hand,10,1,0.45472410321235657,0.8029929995536804,-0.006487336475402117
31,hand,11,1,0.45913633704185486,0.7917383313179016,-0.005858710501343012
31,hand,12,1,0.45735129714012146,0.7830069661140442,-0.005325877573341131
31,hand,13,1,0.4380510449409485,0.7820248007774353,-0.0016717659309506416
31,hand,14,1,0.4510301649570465,0.8000204563140869,-0.003943837713450193
31,hand,15,1,0.4549161195755005,0.7907068133354187,-0.0028176845517009497
31,hand,16,1,0.4531599283218384,0.7822306156158447,-0.0017244763439521194
31,hand,17,1,0.43748924136161804,0.7800678014755249,0.0012796043884009123
31,hand,18,1,0.44800126552581787,0.7948620319366455,-0.001493401825428009
31,hand,19,1,0.4509594738483429,0.7880197763442993,-0.0012020282447338104
31,hand,20,1,0.4492577612400055,0.7802876830101013,-0.00026738565065898
31,pose,0,-1,0.5167401432991028,0.20598502457141876,-0.2145734280347824
31,pose,1,-1,0.5266927480697632,0.18277186155319214,-0.1908552050590515
31,pose,2,-1,0.530226469039917,0.18371862173080444,-0.19102264940738678
31,pose,3,-1,0.5352964997291565,0.18491648137569427,-0.19099518656730652
31,pose,4,-1,0.5099685192108154,0.18051250278949738,-0.1944221556186676
31,pose,5,-1,0.5032922625541687,0.18007737398147583,-0.19447489082813263
31,pose,6,-1,0.498656302690506,0.18000765144824982,-0.19455650448799133
31,pose,7,-1,0.5426614880561829,0.1987212747335434,-0.0529201440513134
31,pose,8,-1,0.491205632686615,0.19516010582447052,-0.07185720652341843
31,pose,9,-1,0.5253384113311768,0.23384691774845123,-0.16348561644554138
31,pose,10,-1,0.5053064227104187,0.23195284605026245,-0.16896779835224152
31,pose,11,-1,0.5752519965171814,0.32607129216194153,-0.0034488344099372625
31,pose,12,-1,0.45202386379241943,0.3432812988758087,-0.002186727011576295
31,pose,13,-1,0.612549901008606,0.46156635880470276,-0.18858632445335388
31,pose,14,-1,0.4427309036254883,0.5423242449760437,0.03752051666378975
31,pose,15,-1,0.544377863407135,0.31934526562690735,-0.46241647005081177
31,pose,16,-1,0.45020532608032227,0.7195372581481934,-0.028042800724506378
31,pose,17,-1,0.5227882862091064,0.28721970319747925,-0.5300803184509277
31,pose,18,-1,0.4493909776210785,0.7703399062156677,-0.045573171228170395
31,pose,19,-1,0.520004391670227,0.27925339341163635,-0.5054982900619507
31,pose,20,-1,0.45893314480781555,0.7703211307525635,-0.0868276059627533
31,pose,21,-1,0.5252461433410645,0.2894769310951233,-0.459365576505661
31,pose,22,-1,0.46171000599861145,0.754492461681366,-0.042959824204444885
31,pose,23,-1,0.5577052235603333,0.6990959644317627,0.008466675877571106
31,pose,24,-1,0.48618432879447937,0.702487051486969,-0.008068153634667397
31,pose,25,-1,0.5527904629707336,0.9519168138504028,-0.029481934383511543
31,pose,26,-1,0.4955713450908661,0.9542185664176941,-0.022182196378707886
31,pose,27,-1,0.5535892248153687,1.1829335689544678,0.251144140958786
31,pose,28,-1,0.4983266592025757,1.1521753072738647,0.2253570705652237
31,pose,29,-1,0.5557976961135864,1.2096450328826904,0.27425462007522583
31,pose,30,-1,0.4978122413158417,1.1733707189559937,0.24752657115459442
31,pose,31,-1,0.5466696619987488,1.256111979484558,0.16739073395729065
31,pose,32,-1,0.5125426650047302,1.228850245475769,0.12901203334331512
32,hand,0,0,0.5467716455459595,0.30013909935951233,2.111160846141047e-08
32,hand,1,0,0.5388469696044922,0.2800488770008087,0.0011197758140042424
32,hand,2,0,0.5294029712677002,0.2696296274662018,-0.0002737437025643885
32,hand,3,0,0.5199744701385498,0.269064724445343,-0.0023158311378210783
32,hand,4,0,0.5139737129211426,0.27540531754493713,-0.004601635504513979
32,hand,5,0,0.518577516078949,0.2678728699684143,-0.002534680301323533
32,hand,6,0,0.5034135580062866,0.2596624493598938,-0.005233228672295809
32,hand,7,0,0.492832750082016,0.25531965494155884,-0.007510050665587187
32,hand,8,0,0.48365044593811035,0.25297775864601135,-0.009426995180547237
32,hand,9,0,0.5153021812438965,0.27769625186920166,-0.004669030662626028
32,hand,10,0,0.5042256116867065,0.26948297023773193,-0.007153256330639124
32,hand,11,0,0.5070750117301941,0.2685357630252838,-0.007577788550406694
32,hand,12,0,0.510104238986969,0.2703619599342346,-0.007775541394948959
32,hand,13,0,0.5141047239303589,0.2887636721134186,-0.006423428654670715
32,hand,14,0,0.504982054233551,0.2804228663444519,-0.007248993031680584
32,hand,15,0,0.5086368918418884,0.2800464928150177,-0.004813397768884897
32,hand,16,0,0.512262225151062,0.281663179397583,-0.0034236235078424215
32,hand,17,0,0.5142221450805664,0.29860448837280273,-0.008249450474977493
32,hand,18,0,0.5078027844429016,0.2912127673625946,-0.007701292168349028
32,hand,19,0,0.5108072757720947,0.28999486565589905,-0.004762433469295502
32,hand,20,0,0.513981282711029,0.29210707545280457,-0.0026926733553409576
32,hand,0,1,0.44263094663619995,0.7275240421295166,-1.0895734448013172e-07
32,hand,1,1,0.45513200759887695,0.7393239736557007,-0.006323505192995071
32,hand,2,1,0.462576687335968,0.7603493928909302,-0.008942313492298126
32,hand,3,1,0.467483252286911,0.7804412841796875,-0.010106685571372509
32,hand,4,1,0.4677674472332001,0.7946265339851379,-0.01015186682343483
32,hand,5,1,0.4439230263233185,0.7814773917198181,-0.00802992656826973
32,hand,6,1,0.4571768045425415,0.8037362694740295,-0.00956552755087614
32,hand,7,1,0.4609113037586212,0.7915468811988831,-0.009609101340174675
32,hand,8,1,0.4587085545063019,0.7809448838233948,-0.00942904967814684
32,hand,9,1,0.43853527307510376,0.7833677530288696,-0.004760559182614088
32,hand,10,1,0.45338574051856995,0.8026767373085022,-0.006881501991301775
32,hand,11,1,0.45732924342155457,0.7916982769966125,-0.006625153589993715
32,hand,12,1,0.4550403952598572,0.7834560871124268,-0.006229317747056484
32,hand,13,1,0.4363120198249817,0.7821174263954163,-0.001556816278025508
32,hand,14,1,0.4502641558647156,0.7996503114700317,-0.004179622046649456
32,hand,15,1,0.4538396894931793,0.790581464767456,-0.003239788580685854
32,hand,16,1,0.45155271887779236,0.7825648188591003,-0.002125305589288473
32,hand,17,1,0.4365514814853668,0.7804580330848694,0.0014079994289204478
32,hand,18,1,0.4475668966770172,0.7948412895202637,-0.0015889147762209177
32,hand,19,1,0.45050278306007385,0.7880271077156067,-0.0013926688116043806
32,hand,20,1,0.4485919773578644,0.7805003523826599,-0.00040419664583168924
32,pose,0,-1,0.515654444694519,0.20638197660446167,-0.21873140335083008
32,pose,1,-1,0.5257235765457153,0.1831575334072113,-0.19525189697742462
32,pose,2,-1,0.5294685363769531,0.18394435942173004,-0.1954037994146347
32,pose,3,-1,0.5342567563056946,0.1851026564836502,-0.19536978006362915
32,pose,4,-1,0.5089218020439148,0.18117769062519073,-0.20020487904548645
32,pose,5,-1,0.5026111602783203,0.18078140914440155,-0.20019635558128357
32,pose,6,-1,0.49808886647224426,0.18085315823554993,-0.20030862092971802
32,pose,7,-1,0.5422348380088806,0.1991012990474701,-0.053585100919008255
32,pose,8,-1,0.49092474579811096,0.19540169835090637,-0.07904981076717377
32,pose,9,-1,0.5246331691741943,0.23399771749973297,-0.16631309688091278
32,pose,10,-1,0.5047339200973511,0.23217710852622986,-0.1737922877073288
32,pose,11,-1,0.5753176808357239,0.3268755376338959,-0.005778422579169273
32,pose,12,-1,0.4518657922744751,0.3433603048324585,-0.0025728861801326275
32,pose,13,-1,0.6144211888313293,0.46295714378356934,-0.1936541348695755
32,pose,14,-1,0.44269758462905884,0.5421921610832214,0.034855183213949203
32,pose,15,-1,0.5489575862884521,0.3153393268585205,-0.47901174426078796
32,pose,16,-1,0.45003795623779297,0.7201119065284729,-0.03276199847459793
32,pose,17,-1,0.5269536972045898,0.2845768928527832,-0.5472931265830994
32,pose,18,-1,0.4491749107837677,0.7707170248031616,-0.04984758794307709
32,pose,19,-1,0.5239579081535339,0.2757419943809509,-0.5236132144927979
32,pose,20,-1,0.4586884677410126,0.7707034945487976,-0.09235820174217224
32,pose,21,-1,0.5286276936531067,0.285994291305542,-0.47660765051841736
32,pose,22,-1,0.4614991247653961,0.7548400163650513,-0.04806913062930107
32,pose,23,-1,0.5577051639556885,0.6991186738014221,0.008424205705523491
32,pose,24,-1,0.4861823618412018,0.7024515867233276,-0.00802584271878004
32,pose,25,-1,0.5528627038002014,0.9516788125038147,-0.03016858920454979
32,pose,26,-1,0.49555331468582153,0.953818678855896,-0.013534673489630222
32,pose,27,-1,0.5537284016609192,1.182426929473877,0.22580526769161224
32,pose,28,-1,0.49820587038993835,1.1502869129180908,0.24019275605678558
32,pose,29,-1,0.5558738112449646,1.209510087966919,0.2463056594133377
32,pose,30,-1,0.49740728735923767,1.1719436645507812,0.2624383866786957
32,pose,31,-1,0.5469064116477966,1.2544549703598022,0.13494154810905457
32,pose,32,-1,0.5124775767326355,1.2265753746032715,0.14300216734409332
33,hand,0,0,0.5561785101890564,0.2981947064399719,-1.3595748526995521e-08
33,hand,1,0,0.5457683801651001,0.2809164226055145,0.00489782402291894
33,hand,2,0,0.5334933400154114,0.27360907196998596,0.005870767403393984
33,hand,3,0,0.5244901776313782,0.2753599286079407,0.005273893009871244
33,hand,4,0,0.5183336138725281,0.2813112735748291,0.00406897347420454
33,hand,5,0,0.528418779373169,0.26348796486854553,0.0031913232523947954
33,hand,6,0,0.5139116048812866,0.2614693343639374,0.0010706139728426933
33,hand,7,0,0.5044069290161133,0.2613992989063263,-0.0009225669200532138
33,hand,8,0,0.49659407138824463,0.26133647561073303,-0.002573031233623624
33,hand,9,0,0.5262515544891357,0.2694885730743408,-0.0015109285013750196
33,hand,10,0,0.5101110339164734,0.267773300409317,-0.0034826649352908134
33,hand,11,0,0.49961864948272705,0.26715242862701416,-0.005478237755596638
33,hand,12,0,0.49083495140075684,0.26678380370140076,-0.0071553075686097145
33,hand,13,0,0.5253024101257324,0.2795863449573517,-0.006039004307240248
33,hand,14,0,0.509368896484375,0.27785784006118774,-0.007826459594070911
33,hand,15,0,0.4992246627807617,0.2774840295314789,-0.009546695277094841
33,hand,16,0,0.49064430594444275,0.2764905095100403,-0.011086583137512207
33,hand,17,0,0.5253905057907104,0.29246222972869873,-0.01016736775636673
33,hand,18,0,0.5132198333740234,0.2933085262775421,-0.01199878565967083
33,hand,19,0,0.5052304863929749,0.29477328062057495,-0.012800298631191254
33,hand,20,0,0.49821582436561584,0.29636701941490173,-0.013497491367161274
33,hand,0,1,0.4409043788909912,0.7278380393981934,-1.0885966617024678e-07
33,hand,1,1,0.4539358913898468,0.740868091583252,-0.006393719464540482
33,hand,2,1,0.4623239040374756,0.763658881187439,-0.008994483388960361
33,hand,3,1,0.4670661687850952,0.7852089405059814,-0.010027731768786907
33,hand,4,1,0.46580401062965393,0.7984559535980225,-0.009856361895799637
33,hand,5,1,0.44287630915641785,0.7814795970916748,-0.008355684578418732
33,hand,6,1,0.4557311534881592,0.8051478266716003,-0.009568046778440475
33,hand,7,1,0.45961108803749084,0.7919461727142334,-0.009232692420482635
33,hand,8,1,0.45741021633148193,0.7814022898674011,-0.008940630592405796
33,hand,9,1,0.43732571601867676,0.783224880695343,-0.004955977667123079
33,hand,10,1,0.45167264342308044,0.8038694262504578,-0.006892309058457613
33,hand,11,1,0.45578163862228394,0.7918619513511658,-0.006264875177294016
33,hand,12,1,0.4535577595233917,0.7834511995315552,-0.005648184102028608
33,hand,13,1,0.4349876940250397,0.7819912433624268,-0.0015678767813369632
33,hand,14,1,0.4484430253505707,0.7997728586196899,-0.003972647711634636
33,hand,15,1,0.4519815146923065,0.7898414134979248,-0.0026841377839446068
33,hand,16,1,0.4497087597846985,0.7816950678825378,-0.0014065367868170142
33,hand,17,1,0.43484148383140564,0.7800821661949158,0.0015802612761035562
33,hand,18,1,0.4454987049102783,0.794658362865448,-0.001251012203283608
33,hand,19,1,0.4481094479560852,0.7871576547622681,-0.0008654944249428809
33,hand,20,1,0.4460647702217102,0.7791827321052551,0.00021629329421557486
33,pose,0,-1,0.5146982669830322,0.2068454921245575,-0.22119849920272827
33,pose,1,-1,0.5249266028404236,0.18370096385478973,-0.19759632647037506
33,pose,2,-1,0.5287694334983826,0.18441960215568542,-0.19775012135505676
33,pose,3,-1,0.533157229423523,0.18558146059513092,-0.1977214217185974
33,pose,4,-1,0.508230447769165,0.18179933726787567,-0.20210331678390503
33,pose,5,-1,0.5020981431007385,0.18139789998531342,-0.20211191475391388
33,pose,6,-1,0.49763455986976624,0.181569904088974,-0.202214777469635
33,pose,7,-1,0.5416994690895081,0.2002197504043579,-0.05674275383353233
33,pose,8,-1,0.49071672558784485,0.19556549191474915,-0.08009587973356247
33,pose,9,-1,0.5237650275230408,0.23456279933452606,-0.16903968155384064
33,pose,10,-1,0.5040082335472107,0.2328380048274994,-0.17580538988113403
33,pose,11,-1,0.5749727487564087,0.3293687105178833,-0.004884749185293913
33,pose,12,-1,0.45159095525741577,0.3437027335166931,-0.002692949026823044
33,pose,13,-1,0.616235613822937,0.4635283350944519,-0.18879291415214539
33,pose,14,-1,0.4422120451927185,0.5421839356422424,0.04329605773091316
33,pose,15,-1,0.5585026144981384,0.3153171241283417,-0.46648794412612915
33,pose,16,-1,0.4496888220310211,0.7209222912788391,-0.02276686020195484
33,pose,17,-1,0.5363484025001526,0.28596171736717224,-0.5348129868507385
33,pose,18,-1,0.4483780860900879,0.7713371515274048,-0.03820454701781273
33,pose,19,-1,0.5328496694564819,0.2768385410308838,-0.521493136882782
33,pose,20,-1,0.4580215513706207,0.7713755965232849,-0.08067192137241364
33,pose,21,-1,0.5369042754173279,0.28760284185409546,-0.46583661437034607
33,pose,22,-1,0.46099618077278137,0.755399763584137,-0.0379001647233963
33,pose,23,-1,0.5576037168502808,0.6995376944541931,0.007904262281954288
33,pose,24,-1,0.4861816465854645,0.7025229334831238,-0.007518536411225796
33,pose,25,-1,0.5528794527053833,0.951637327671051,-0.03754299134016037
33,pose,26,-1,0.495114803314209,0.9538297057151794,-0.02248125895857811
33,pose,27,-1,0.5533384680747986,1.1821848154067993,0.22707505524158478
33,pose,28,-1,0.49756306409835815,1.1504743099212646,0.21375901997089386
33,pose,29,-1,0.5553768277168274,1.2092467546463013,0.24884438514709473
33,pose,30,-1,0.49658313393592834,1.172244906425476,0.23421317338943481
33,pose,31,-1,0.5465406775474548,1.2538007497787476,0.13947942852973938
33,pose,32,-1,0.511616051197052,1.2265971899032593,0.11553721129894257
34,hand,0,0,0.5640267729759216,0.29696205258369446,-1.4613164012189372e-08
34,hand,1,0,0.5528567433357239,0.2823484539985657,0.003533377544954419
34,hand,2,0,0.5396099090576172,0.27754101157188416,0.0030611068941652775
34,hand,3,0,0.5297710299491882,0.2822379171848297,0.0013360825832933187
34,hand,4,0,0.5225722789764404,0.28853678703308105,-0.0010736245894804597
34,hand,5,0,0.5350391268730164,0.26290854811668396,-0.0003493739350233227
34,hand,6,0,0.5195244550704956,0.26417750120162964,-0.003681881818920374
34,hand,7,0,0.5093948245048523,0.2657903730869293,-0.006563990376889706
34,hand,8,0,0.5009039044380188,0.26763665676116943,-0.008858859539031982
34,hand,9,0,0.5342311859130859,0.26927128434181213,-0.004962827078998089
34,hand,10,0,0.5166861414909363,0.26851409673690796,-0.008124561049044132
34,hand,11,0,0.5053229928016663,0.2697103023529053,-0.011112011037766933
34,hand,12,0,0.4954386353492737,0.27121633291244507,-0.013590574264526367
34,hand,13,0,0.5347514748573303,0.2803218960762024,-0.00930248573422432
34,hand,14,0,0.5176865458488464,0.2781919836997986,-0.012142658233642578
34,hand,15,0,0.5072396993637085,0.27856749296188354,-0.014728575944900513
34,hand,16,0,0.498294860124588,0.2781459391117096,-0.01696350798010826
34,hand,17,0,0.5360440611839294,0.29438456892967224,-0.013228318654000759
34,hand,18,0,0.5244284868240356,0.2947700619697571,-0.015904638916254044
34,hand,19,0,0.5166698098182678,0.2961016893386841,-0.017255112528800964
34,hand,20,0,0.5097629427909851,0.29743459820747375,-0.01841394044458866
34,hand,0,1,0.4406306743621826,0.7282983064651489,-1.0515940118693834e-07
34,hand,1,1,0.4533703327178955,0.7418553829193115,-0.005844041705131531
34,hand,2,1,0.46062028408050537,0.7634381651878357,-0.008157636970281601
34,hand,3,1,0.46533554792404175,0.7835758924484253,-0.009037897922098637
34,hand,4,1,0.46591341495513916,0.7978776097297668,-0.008829307742416859
34,hand,5,1,0.44246917963027954,0.7839147448539734,-0.007531520910561085
34,hand,6,1,0.45471978187561035,0.8057848215103149,-0.007876724936068058
34,hand,7,1,0.45901456475257874,0.7943022847175598,-0.00697616720572114
34,hand,8,1,0.4575550854206085,0.7837123274803162,-0.00632478715851903
34,hand,9,1,0.4366491138935089,0.7852179408073425,-0.004257841035723686
34,hand,10,1,0.45036715269088745,0.8048515915870667,-0.005229272413998842
34,hand,11,1,0.45494458079338074,0.7944017648696899,-0.004480200819671154
34,hand,12,1,0.4533963203430176,0.7858427166938782,-0.00398551719263196
34,hand,13,1,0.43389245867729187,0.7830535769462585,-0.000913121912162751
34,hand,14,1,0.44675928354263306,0.8011206388473511,-0.0026411644648760557
34,hand,15,1,0.45077529549598694,0.7926003336906433,-0.0016894276486709714
34,hand,16,1,0.44932037591934204,0.7840227484703064,-0.0008288176031783223
34,hand,17,1,0.43345174193382263,0.7803564667701721,0.0022623250260949135
34,hand,18,1,0.44370391964912415,0.7949609756469727,-0.00014058835222385824
34,hand,19,1,0.4469212591648102,0.7886961698532104,0.00014117399405222386
34,hand,20,1,0.4455997943878174,0.7808941006660461,0.001021903590299189
34,pose,0,-1,0.513130247592926,0.206825390458107,-0.2188916802406311
34,pose,1,-1,0.523625910282135,0.1837279051542282,-0.1939774453639984
34,pose,2,-1,0.5278151035308838,0.18445582687854767,-0.19413523375988007
34,pose,3,-1,0.5316985845565796,0.18562039732933044,-0.19410422444343567
34,pose,4,-1,0.5069261193275452,0.18178756535053253,-0.19832253456115723
34,pose,5,-1,0.5011976957321167,0.18138042092323303,-0.19835154712200165
34,pose,6,-1,0.4967077076435089,0.1815478503704071,-0.19843396544456482
34,pose,7,-1,0.5406450629234314,0.20041462779045105,-0.0520046092569828
34,pose,8,-1,0.49031299352645874,0.19554780423641205,-0.07444652915000916
34,pose,9,-1,0.5223855376243591,0.23456332087516785,-0.166722372174263
34,pose,10,-1,0.5025831460952759,0.23283886909484863,-0.1733761876821518
34,pose,11,-1,0.5745962858200073,0.3305441737174988,0.0010843559866771102
34,pose,12,-1,0.45112064480781555,0.34477323293685913,0.004528715740889311
34,pose,13,-1,0.6186587810516357,0.4639453887939453,-0.18288399279117584
34,pose,14,-1,0.4418288469314575,0.542797863483429,0.054661139845848083
34,pose,15,-1,0.5653293132781982,0.31091782450675964,-0.46013909578323364
34,pose,16,-1,0.4490742087364197,0.7227605581283569,-0.012322554364800453
34,pose,17,-1,0.5435165762901306,0.284294456243515,-0.5285075306892395
34,pose,18,-1,0.4473642408847809,0.7725847959518433,-0.028052670881152153
34,pose,19,-1,0.5397424101829529,0.2753371596336365,-0.519080400466919
34,pose,20,-1,0.45696431398391724,0.7727366089820862,-0.0702059417963028
34,pose,21,-1,0.5439742803573608,0.285695344209671,-0.45997464656829834
34,pose,22,-1,0.4601166844367981,0.7563664317131042,-0.027404045686125755
34,pose,23,-1,0.5575794577598572,0.7004415988922119,0.006497654132544994
34,pose,24,-1,0.48610544204711914,0.7034540772438049,-0.006103959400206804
34,pose,25,-1,0.5531318187713623,0.951751708984375,-0.050044815987348557
34,pose,26,-1,0.49486809968948364,0.9544007182121277,-0.030683601275086403
34,pose,27,-1,0.5565204620361328,1.1820940971374512,0.2287367731332779
34,pose,28,-1,0.49717462062835693,1.1506904363632202,0.21500016748905182
34,pose,29,-1,0.559272825717926,1.2091648578643799,0.2501014173030853
34,pose,30,-1,0.495895117521286,1.1728123426437378,0.2366737723350525
34,pose,31,-1,0.548851728439331,1.2537814378738403,0.14623668789863586
34,pose,32,-1,0.5109603404998779,1.226777195930481,0.11922039091587067
35,hand,0,0,0.570472002029419,0.29620593786239624,-9.12427644550462e-09
35,hand,1,0,0.5567774176597595,0.28219375014305115,0.00393788842484355
35,hand,2,0,0.5434150099754333,0.2781667113304138,0.002806660020723939
35,hand,3,0,0.5332069993019104,0.28339895606040955,0.000270180607913062
35,hand,4,0,0.525644063949585,0.29173707962036133,-0.003262745914980769
35,hand,5,0,0.5422502160072327,0.2600492238998413,-0.0010252374922856688
35,hand,6,0,0.5264699459075928,0.26424044370651245,-0.0054280804470181465
35,hand,7,0,0.5159332752227783,0.26901018619537354,-0.009331610053777695
35,hand,8,0,0.5071684718132019,0.27353399991989136,-0.012316316366195679
35,hand,9,0,0.5422089099884033,0.2659299969673157,-0.006365176755934954
35,hand,10,0,0.5244832634925842,0.26212260127067566,-0.010681233368813992
35,hand,11,0,0.5129746794700623,0.26277780532836914,-0.014292294159531593
35,hand,12,0,0.5027821063995361,0.264768123626709,-0.017094410955905914
35,hand,13,0,0.5437812805175781,0.2773860991001129,-0.011319912038743496
35,hand,14,0,0.5261151194572449,0.27318036556243896,-0.01503231655806303
35,hand,15,0,0.5161461234092712,0.2718356251716614,-0.01720859482884407
35,hand,16,0,0.5074120759963989,0.269705206155777,-0.019016189500689507
35,hand,17,0,0.545765221118927,0.2926832437515259,-0.0158033799380064
35,hand,18,0,0.5342656373977661,0.29106995463371277,-0.019002972170710564
35,hand,19,0,0.5264426469802856,0.290489137172699,-0.0198744535446167
35,hand,20,0,0.5191946625709534,0.28985047340393066,-0.020617235451936722
35,hand,0,1,0.43969660997390747,0.7283790111541748,-1.0596496480275164e-07
35,hand,1,1,0.4526118040084839,0.7422455549240112,-0.005514614749699831
35,hand,2,1,0.45998552441596985,0.7644560933113098,-0.0076905363239347935
35,hand,3,1,0.46436047554016113,0.784995973110199,-0.008509458042681217
35,hand,4,1,0.4646204113960266,0.7982105016708374,-0.008280201815068722
35,hand,5,1,0.4414909780025482,0.7833958864212036,-0.007361907046288252
35,hand,6,1,0.45344865322113037,0.8061999678611755,-0.00778356846421957
35,hand,7,1,0.4577319622039795,0.7949967384338379,-0.006988673936575651
35,hand,8,1,0.45640119910240173,0.7844237089157104,-0.006420549005270004
35,hand,9,1,0.43559694290161133,0.7843760251998901,-0.004279209766536951
35,hand,10,1,0.44913387298583984,0.8042911887168884,-0.005345221143215895
35,hand,11,1,0.4535713493824005,0.793782651424408,-0.004622901789844036
35,hand,12,1,0.4519011080265045,0.7853018045425415,-0.004143980797380209
35,hand,13,1,0.43279507756233215,0.7822040915489197,-0.0011074513895437121
35,hand,14,1,0.4454432725906372,0.8004363775253296,-0.002816355787217617
35,hand,15,1,0.4493487775325775,0.7920421361923218,-0.0018083715112879872
35,hand,16,1,0.4477318525314331,0.7836034297943115,-0.0009324998827651143
35,hand,17,1,0.4323340058326721,0.7796989679336548,0.0019073697039857507
35,hand,18,1,0.44240304827690125,0.7946842312812805,-0.00041170098120346665
35,hand,19,1,0.4455622732639313,0.7884576916694641,-7.53716376493685e-05
35,hand,20,1,0.4441366493701935,0.7806859016418457,0.000806494674179703
35,pose,0,-1,0.5105845928192139,0.20690986514091492,-0.21383540332317352
35,pose,1,-1,0.5213981866836548,0.18396294116973877,-0.18824739754199982
35,pose,2,-1,0.5263004899024963,0.1847217082977295,-0.18841509521007538
35,pose,3,-1,0.5299326181411743,0.18587423861026764,-0.18838618695735931
35,pose,4,-1,0.5049668550491333,0.18195655941963196,-0.19128546118736267
35,pose,5,-1,0.49993380904197693,0.18151934444904327,-0.19135813415050507
35,pose,6,-1,0.49545371532440186,0.18163776397705078,-0.19143958389759064
35,pose,7,-1,0.5395603179931641,0.2008109837770462,-0.04494596645236015
35,pose,8,-1,0.4900817573070526,0.1955380141735077,-0.06091173738241196
35,pose,9,-1,0.5200885534286499,0.23463332653045654,-0.16122904419898987
35,pose,10,-1,0.5007044076919556,0.2328566312789917,-0.16629691421985626
35,pose,11,-1,0.5739425420761108,0.3314191997051239,0.009574868716299534
35,pose,12,-1,0.4507557153701782,0.34491801261901855,0.021214254200458527
35,pose,13,-1,0.6241056323051453,0.4638638198375702,-0.17874307930469513
35,pose,14,-1,0.44156965613365173,0.5429490804672241,0.08061737567186356
35,pose,15,-1,0.570050835609436,0.3073713183403015,-0.4561137855052948
35,pose,16,-1,0.4486634135246277,0.7232595086097717,0.014897096902132034
35,pose,17,-1,0.5479956865310669,0.2822434902191162,-0.5236738324165344
35,pose,18,-1,0.446611613035202,0.77298504114151,0.0003616199246607721
35,pose,19,-1,0.5437303185462952,0.27364757657051086,-0.5179009437561035
35,pose,20,-1,0.4559902250766754,0.7733216285705566,-0.0407530777156353
35,pose,21,-1,0.5480045080184937,0.28349071741104126,-0.45529958605766296
35,pose,22,-1,0.45924365520477295,0.7568178176879883,0.00045234878780320287
35,pose,23,-1,0.5576340556144714,0.7005040049552917,0.0035833457950502634
35,pose,24,-1,0.4860951602458954,0.703446090221405,-0.0031970625277608633
35,pose,25,-1,0.5533329248428345,0.9525111317634583,-0.0726531371474266
35,pose,26,-1,0.4947859048843384,0.9566256999969482,-0.05090051516890526
35,pose,27,-1,0.5573657751083374,1.1831237077713013,0.22882409393787384
35,pose,28,-1,0.49700167775154114,1.1533716917037964,0.2118094116449356
35,pose,29,-1,0.5608336329460144,1.2101012468338013,0.25159862637519836
35,pose,30,-1,0.4956846237182617,1.1755117177963257,0.23544086515903473
35,pose,31,-1,0.5491231083869934,1.2548123598098755,0.15385523438453674
35,pose,32,-1,0.5105029344558716,1.228468418121338,0.1213110163807869
36,hand,0,0,0.5739999413490295,0.2966189682483673,1.1856452708514098e-08
36,hand,1,0,0.5633867979049683,0.27961811423301697,0.002678490476682782
36,hand,2,0,0.5510272979736328,0.27260228991508484,0.0020867197308689356
36,hand,3,0,0.5413171648979187,0.27783524990081787,6.600507913390175e-05
36,hand,4,0,0.535383939743042,0.28640803694725037,-0.0023544016294181347
36,hand,5,0,0.5478108525276184,0.25630635023117065,0.0007338345167227089
36,hand,6,0,0.5336547493934631,0.2631344497203827,-0.003047269070520997
36,hand,7,0,0.5268189311027527,0.27041786909103394,-0.006265785079449415
36,hand,8,0,0.5221619009971619,0.27589064836502075,-0.008018769323825836
36,hand,9,0,0.5453435778617859,0.2647362947463989,-0.002840988803654909
36,hand,10,0,0.5281010270118713,0.2627732455730438,-0.006058470346033573
36,hand,11,0,0.5167872905731201,0.26344186067581177,-0.008585765957832336
36,hand,12,0,0.5069633722305298,0.2638643980026245,-0.01026652567088604
36,hand,13,0,0.5445574522018433,0.2764734923839569,-0.006238545756787062
36,hand,14,0,0.5304224491119385,0.28194838762283325,-0.009952573105692863
36,hand,15,0,0.5336120128631592,0.29025331139564514,-0.010331843048334122
36,hand,16,0,0.5380828976631165,0.2944425642490387,-0.009513071738183498
36,hand,17,0,0.5442489385604858,0.29000407457351685,-0.009400984272360802
36,hand,18,0,0.5329559445381165,0.2905878722667694,-0.011083466000854969
36,hand,19,0,0.532977283000946,0.29540959000587463,-0.009666559286415577
36,hand,20,0,0.5348514914512634,0.2997537851333618,-0.00812948402017355
36,hand,0,1,0.43899521231651306,0.7281887531280518,-1.0466566635614072e-07
36,hand,1,1,0.4514535963535309,0.7419255375862122,-0.006870479788631201
36,hand,2,1,0.4588037431240082,0.7636229395866394,-0.009825569577515125
36,hand,3,1,0.46341297030448914,0.7844032049179077,-0.011100947856903076
36,hand,4,1,0.46314144134521484,0.7985750436782837,-0.011263597756624222
36,hand,5,1,0.43971309065818787,0.7820404171943665,-0.009469308890402317
36,hand,6,1,0.4523157477378845,0.8057583570480347,-0.010587857104837894
36,hand,7,1,0.456460565328598,0.7942033410072327,-0.010100044310092926
36,hand,8,1,0.45492222905158997,0.7831799387931824,-0.00965315755456686
36,hand,9,1,0.43384912610054016,0.783551037311554,-0.005761098116636276
36,hand,10,1,0.4482553005218506,0.8040929436683655,-0.00753513490781188
36,hand,11,1,0.4525175094604492,0.7934526205062866,-0.00706607848405838
36,hand,12,1,0.45070570707321167,0.7846701145172119,-0.006710405927151442
36,hand,13,1,0.4313475489616394,0.7819430232048035,-0.0019934349693357944
36,hand,14,1,0.44477659463882446,0.7998902201652527,-0.004201654344797134
36,hand,15,1,0.4485142230987549,0.7913720011711121,-0.0032477499917149544
36,hand,16,1,0.4467100501060486,0.7826792597770691,-0.0023577555548399687
36,hand,17,1,0.43139562010765076,0.7800170183181763,0.0015159358736127615
36,hand,18,1,0.4418070316314697,0.7943692803382874,-0.00140474084764719
36,hand,19,1,0.4449441134929657,0.7877527475357056,-0.001345079974271357
36,hand,20,1,0.44351810216903687,0.7797958254814148,-0.0005546890897676349
36,pose,0,-1,0.5092002749443054,0.2080485075712204,-0.21584169566631317
36,pose,1,-1,0.519911527633667,0.18510478734970093,-0.19079309701919556
36,pose,2,-1,0.5251333713531494,0.18585729598999023,-0.19095878303050995
36,pose,3,-1,0.5286812782287598,0.18698297441005707,-0.19093504548072815
36,pose,4,-1,0.5038870573043823,0.18319931626319885,-0.1939244419336319
36,pose,5,-1,0.49917566776275635,0.18271178007125854,-0.19399340450763702
36,pose,6,-1,0.4948614537715912,0.18268871307373047,-0.19407448172569275
36,pose,7,-1,0.538343608379364,0.20167019963264465,-0.04799244552850723
36,pose,8,-1,0.4899936020374298,0.19562271237373352,-0.06438436359167099
36,pose,9,-1,0.5187685489654541,0.23531337082386017,-0.16308368742465973
36,pose,10,-1,0.4996589124202728,0.23344317078590393,-0.16819332540035248
36,pose,11,-1,0.572950541973114,0.3318997621536255,0.011278488673269749
36,pose,12,-1,0.4505038857460022,0.34486255049705505,0.02032265067100525
36,pose,13,-1,0.62806636095047,0.46399128437042236,-0.16723193228244781
36,pose,14,-1,0.44132378697395325,0.5429471731185913,0.08734668046236038
36,pose,15,-1,0.5733392834663391,0.3054763376712799,-0.4434753656387329
36,pose,16,-1,0.44819021224975586,0.7238097786903381,0.02795998938381672
36,pose,17,-1,0.551548957824707,0.2785308361053467,-0.5071665048599243
36,pose,18,-1,0.44606590270996094,0.7739070057868958,0.014811360277235508
36,pose,19,-1,0.5471068024635315,0.2705807685852051,-0.48660892248153687
36,pose,20,-1,0.4553978145122528,0.7743030786514282,-0.02666327729821205
36,pose,21,-1,0.5508586764335632,0.27990463376045227,-0.4403381645679474
36,pose,22,-1,0.458554744720459,0.7574414610862732,0.013676241971552372
36,pose,23,-1,0.5575256943702698,0.7007278800010681,0.002997553674504161
36,pose,24,-1,0.4858206808567047,0.7034304738044739,-0.0026217724662274122
36,pose,25,-1,0.5533162355422974,0.9529628157615662,-0.07650462538003922
36,pose,26,-1,0.4947587549686432,0.9573754072189331,-0.05391782522201538
36,pose,27,-1,0.5576504468917847,1.1836416721343994,0.22440651059150696
36,pose,28,-1,0.496528297662735,1.154091477394104,0.2144484966993332
36,pose,29,-1,0.5612190365791321,1.2106661796569824,0.24969463050365448
36,pose,30,-1,0.49503234028816223,1.176209568977356,0.23804692924022675
36,pose,31,-1,0.5497694611549377,1.2550491094589233,0.15377555787563324
36,pose,32,-1,0.5097483992576599,1.2288223505020142,0.12364474684000015
37,hand,0,0,0.5783246159553528,0.2966257333755493,-2.5261201130888367e-08
37,hand,1,0,0.5664149522781372,0.27859941124916077,0.006140555255115032
37,hand,2,0,0.5542113780975342,0.2712332308292389,0.00670468108728528
37,hand,3,0,0.5451823472976685,0.2730635106563568,0.005450697615742683
37,hand,4,0,0.5389516949653625,0.27758997678756714,0.003301184391602874
37,hand,5,0,0.5512793064117432,0.25570306181907654,0.0028046490624547005
37,hand,6,0,0.5365597009658813,0.26215171813964844,0.0002698272292036563
37,hand,7,0,0.5288995504379272,0.26859650015830994,-0.0023753498680889606
37,hand,8,0,0.522254228591919,0.27333858609199524,-0.004471656866371632
37,hand,9,0,0.5496318936347961,0.2618468403816223,-0.0028153234161436558
37,hand,10,0,0.5314016938209534,0.2600038945674896,-0.005087846890091896
37,hand,11,0,0.5206790566444397,0.2605586647987366,-0.007425861433148384
37,hand,12,0,0.5111557841300964,0.26212170720100403,-0.009497860446572304
37,hand,13,0,0.5493846535682678,0.27357587218284607,-0.008020669221878052
37,hand,14,0,0.5327289700508118,0.2670208811759949,-0.010202557779848576
37,hand,15,0,0.5228254199028015,0.2648523449897766,-0.012068254873156548
37,hand,16,0,0.5142357349395752,0.26226887106895447,-0.013797624036669731
37,hand,17,0,0.549633800983429,0.28838810324668884,-0.01259708497673273
37,hand,18,0,0.5379669666290283,0.28573012351989746,-0.014551953412592411
37,hand,19,0,0.5303820967674255,0.28499069809913635,-0.01504769641906023
37,hand,20,0,0.5233694314956665,0.2853620648384094,-0.015639422461390495
37,hand,0,1,0.4379851818084717,0.7285411953926086,-1.033587935239666e-07
37,hand,1,1,0.4504953622817993,0.7424107193946838,-0.005628893617540598
37,hand,2,1,0.45776131749153137,0.7633941769599915,-0.008110720664262772
37,hand,3,1,0.46228721737861633,0.7829947471618652,-0.009150728583335876
37,hand,4,1,0.4626394212245941,0.7957295179367065,-0.0090982960537076
37,hand,5,1,0.4399338960647583,0.7832370400428772,-0.008450500667095184
37,hand,6,1,0.4515605568885803,0.8054124712944031,-0.008622689172625542
37,hand,7,1,0.4556044936180115,0.794601321220398,-0.007182086817920208
37,hand,8,1,0.4544318616390228,0.7844547033309937,-0.006190515588968992
37,hand,9,1,0.4338243007659912,0.784338116645813,-0.005387638695538044
37,hand,10,1,0.4471009373664856,0.8040313124656677,-0.006382221821695566
37,hand,11,1,0.45146456360816956,0.7940203547477722,-0.005349874962121248
37,hand,12,1,0.45011210441589355,0.7857185006141663,-0.00470631942152977
37,hand,13,1,0.43075504899024963,0.7822588682174683,-0.0021404034923762083
37,hand,14,1,0.4431716501712799,0.8004032969474792,-0.0036476925015449524
37,hand,15,1,0.4470159113407135,0.7921671271324158,-0.002412476809695363
37,hand,16,1,0.44574812054634094,0.783882200717926,-0.0015006068861111999
37,hand,17,1,0.430141419172287,0.7796139121055603,0.0009313864284195006
37,hand,18,1,0.4398726224899292,0.7941235303878784,-0.0012042488669976592
37,hand,19,1,0.44302091002464294,0.7879320383071899,-0.0007963144453242421
37,hand,20,1,0.44195398688316345,0.7804697155952454,5.360836803447455e-05
37,pose,0,-1,0.5092217922210693,0.20874671638011932,-0.2197360396385193
37,pose,1,-1,0.5197252035140991,0.18576207756996155,-0.1943259984254837
37,pose,2,-1,0.5248522162437439,0.18652749061584473,-0.19447968900203705
37,pose,3,-1,0.5283721089363098,0.18761961162090302,-0.19447115063667297
37,pose,4,-1,0.5038408637046814,0.18394991755485535,-0.19942784309387207
37,pose,5,-1,0.49907588958740234,0.1834682822227478,-0.19950364530086517
37,pose,6,-1,0.49483639001846313,0.18335337936878204,-0.1995813399553299
37,pose,7,-1,0.5378244519233704,0.20204490423202515,-0.05011006072163582
37,pose,8,-1,0.48999106884002686,0.1957036554813385,-0.07072589546442032
37,pose,9,-1,0.5188048481941223,0.23569481074810028,-0.1640748828649521
37,pose,10,-1,0.4996863007545471,0.23388957977294922,-0.17173708975315094
37,pose,11,-1,0.5728699564933777,0.33190152049064636,0.014338015578687191
37,pose,12,-1,0.45037898421287537,0.34478381276130676,0.017626387998461723
37,pose,13,-1,0.6312936544418335,0.46383777260780334,-0.15659838914871216
37,pose,14,-1,0.4412178099155426,0.5431182384490967,0.07245040684938431
37,pose,15,-1,0.5757579803466797,0.3040214776992798,-0.4359404146671295
37,pose,16,-1,0.4475094974040985,0.7252391576766968,0.007251077797263861
37,pose,17,-1,0.5545268654823303,0.27493801712989807,-0.5001614093780518
37,pose,18,-1,0.44548124074935913,0.7755705118179321,-0.008285320363938808
37,pose,19,-1,0.550010085105896,0.26770201325416565,-0.4757874608039856
37,pose,20,-1,0.45494315028190613,0.7757071256637573,-0.04981684312224388
37,pose,21,-1,0.5532903671264648,0.2770312428474426,-0.432612806558609
37,pose,22,-1,0.4580126702785492,0.7586519122123718,-0.0073692332953214645
37,pose,23,-1,0.5575250387191772,0.7008678913116455,0.004644458647817373
37,pose,24,-1,0.48577168583869934,0.7034217715263367,-0.004306931514292955
37,pose,25,-1,0.5533180236816406,0.9531850218772888,-0.06877496093511581
37,pose,26,-1,0.4947601556777954,0.9575573801994324,-0.053147803992033005
37,pose,27,-1,0.5558671355247498,1.1836727857589722,0.22535447776317596
37,pose,28,-1,0.497271865606308,1.1552599668502808,0.21295791864395142
37,pose,29,-1,0.5584418177604675,1.2106308937072754,0.25175654888153076
37,pose,30,-1,0.4956408739089966,1.1774771213531494,0.23654204607009888
37,pose,31,-1,0.5490633845329285,1.2554004192352295,0.15439726412296295
37,pose,32,-1,0.5113680362701416,1.2307411432266235,0.11756475269794464
38,hand,0,0,0.5789563059806824,0.29818934202194214,-9.993025962273805e-09
38,hand,1,0,0.5658987760543823,0.28546035289764404,0.004606235306710005
38,hand,2,0,0.5525611042976379,0.27977949380874634,0.004440478980541229
38,hand,3,0,0.5426236987113953,0.28210991621017456,0.002984795719385147
38,hand,4,0,0.535881757736206,0.28673744201660156,0.0007019562181085348
38,hand,5,0,0.551784098148346,0.2554101049900055,3.516527795000002e-05
38,hand,6,0,0.536217451095581,0.26297229528427124,-0.002736331196501851
38,hand,7,0,0.5279807448387146,0.27076011896133423,-0.005688567645847797
38,hand,8,0,0.5213321447372437,0.27652424573898315,-0.007966119796037674
38,hand,9,0,0.5508334636688232,0.2594868540763855,-0.004378531593829393
38,hand,10,0,0.5322525501251221,0.2592235803604126,-0.007221522741019726
38,hand,11,0,0.5209066867828369,0.26055237650871277,-0.009892398491501808
38,hand,12,0,0.511070728302002,0.26240086555480957,-0.012212369590997696
38,hand,13,0,0.5507216453552246,0.26979243755340576,-0.008245444856584072
38,hand,14,0,0.5335928797721863,0.26616039872169495,-0.010607104748487473
38,hand,15,0,0.5241823792457581,0.26358309388160706,-0.012006476521492004
38,hand,16,0,0.5164614915847778,0.26125070452690125,-0.013396595604717731
38,hand,17,0,0.5506231188774109,0.2827906012535095,-0.011587557382881641
38,hand,18,0,0.5405287146568298,0.27514150738716125,-0.013041907921433449
38,hand,19,0,0.5348241925239563,0.2698554992675781,-0.012919324450194836
38,hand,20,0,0.5298367142677307,0.2658669948577881,-0.013172618113458157
38,hand,0,1,0.43734464049339294,0.7288997769355774,-1.0725670307465407e-07
38,hand,1,1,0.4500870108604431,0.7429720163345337,-0.005399878602474928
38,hand,2,1,0.4574699103832245,0.7645307183265686,-0.00774634163826704
38,hand,3,1,0.461874395608902,0.7844094634056091,-0.008703513070940971
38,hand,4,1,0.4617440402507782,0.7973645925521851,-0.00859924964606762
38,hand,5,1,0.43870869278907776,0.7832909822463989,-0.008443096652626991
38,hand,6,1,0.4508223831653595,0.805260181427002,-0.00884553138166666
38,hand,7,1,0.45483580231666565,0.793685257434845,-0.007557554170489311
38,hand,8,1,0.4533234238624573,0.7834084033966064,-0.006625914014875889
38,hand,9,1,0.43284833431243896,0.7841377258300781,-0.005484625697135925
38,hand,10,1,0.44656363129615784,0.8042832612991333,-0.006719659548252821
38,hand,11,1,0.4510316252708435,0.7935171723365784,-0.005607862025499344
38,hand,12,1,0.449305921792984,0.7851267457008362,-0.004847411531955004
38,hand,13,1,0.42999064922332764,0.7818555235862732,-0.0023420860525220633
38,hand,14,1,0.44289493560791016,0.8009278774261475,-0.004155047703534365
38,hand,15,1,0.44693151116371155,0.7921558618545532,-0.002761010779067874
38,hand,16,1,0.44532114267349243,0.7834292650222778,-0.0016090178396552801
38,hand,17,1,0.42954784631729126,0.7790260314941406,0.000662044680211693
38,hand,18,1,0.4396275281906128,0.7945545315742493,-0.0016462970525026321
38,hand,19,1,0.44308608770370483,0.7883266806602478,-0.001163979759439826
38,hand,20,1,0.4418812096118927,0.7803691029548645,-0.0001938909845193848
38,pose,0,-1,0.5093769431114197,0.21138907968997955,-0.2252216637134552
38,pose,1,-1,0.5198270678520203,0.18738210201263428,-0.20034196972846985
38,pose,2,-1,0.5248426795005798,0.18802589178085327,-0.20048938691616058
38,pose,3,-1,0.5283965468406677,0.18913893401622772,-0.20048250257968903
38,pose,4,-1,0.5038679838180542,0.18602266907691956,-0.20602233707904816
38,pose,5,-1,0.49901050329208374,0.1858176589012146,-0.20609229803085327
38,pose,6,-1,0.49481871724128723,0.1858300417661667,-0.20616869628429413
38,pose,7,-1,0.5376662015914917,0.20288099348545074,-0.052449438720941544
38,pose,8,-1,0.4899829924106598,0.19666004180908203,-0.07858108729124069
38,pose,9,-1,0.5189298987388611,0.23727674782276154,-0.16863961517810822
38,pose,10,-1,0.49977830052375793,0.2357724905014038,-0.17726127803325653
38,pose,11,-1,0.5729089379310608,0.3322782516479492,0.01217426173388958
38,pose,12,-1,0.45031362771987915,0.34465962648391724,0.01414470560848713
38,pose,13,-1,0.6329938769340515,0.46369805932044983,-0.15597034990787506
38,pose,14,-1,0.4411463737487793,0.5431564450263977,0.06642743945121765
38,pose,15,-1,0.577542245388031,0.3025829493999481,-0.4328666925430298
38,pose,16,-1,0.4467237591743469,0.7255429029464722,-0.0004927546833641827
38,pose,17,-1,0.5570164918899536,0.2717571258544922,-0.49738365411758423
38,pose,18,-1,0.4445565938949585,0.7758334875106812,-0.01665850169956684
38,pose,19,-1,0.5524837374687195,0.26514923572540283,-0.4723682701587677
38,pose,20,-1,0.4541698694229126,0.7759912610054016,-0.058234553784132004
38,pose,21,-1,0.5553745031356812,0.2753092050552368,-0.4296870529651642
38,pose,22,-1,0.457186222076416,0.7589653134346008,-0.015198529697954655
38,pose,23,-1,0.5574215054512024,0.7013480067253113,0.005218506325036287
38,pose,24,-1,0.48549988865852356,0.703429102897644,-0.004884388763457537
38,pose,25,-1,0.5532589554786682,0.9534220099449158,-0.06643419712781906
38,pose,26,-1,0.49472472071647644,0.9575287103652954,-0.04822436720132828
38,pose,27,-1,0.554970383644104,1.183090329170227,0.24203278124332428
38,pose,28,-1,0.49704641103744507,1.1557244062423706,0.2104124277830124
38,pose,29,-1,0.5570080876350403,1.2093706130981445,0.2691327631473541
38,pose,30,-1,0.49524208903312683,1.1785567998886108,0.23298615217208862
38,pose,31,-1,0.5483392477035522,1.2553672790527344,0.16823501884937286
38,pose,32,-1,0.5113411545753479,1.231472373008728,0.10924984514713287
39,hand,0,0,0.5815343856811523,0.2972618043422699,-3.2404546601583206e-08
39,hand,1,0,0.5695704817771912,0.2788773477077484,0.0068483781069517136
39,hand,2,0,0.5566662549972534,0.2722334861755371,0.007340996526181698
39,hand,3,0,0.5465365648269653,0.2734358608722687,0.005904623307287693
39,hand,4,0,0.5391137003898621,0.276638925075531,0.0034456432331353426
39,hand,5,0,0.5530219674110413,0.2553609609603882,0.0027042918372899294
39,hand,6,0,0.5384733080863953,0.2609741985797882,-5.291793786454946e-05
39,hand,7,0,0.5306346416473389,0.2690097987651825,-0.0032377950847148895
39,hand,8,0,0.5241924524307251,0.27454155683517456,-0.005785707384347916
39,hand,9,0,0.5521330833435059,0.2613708972930908,-0.003450647694990039
39,hand,10,0,0.533329427242279,0.2605381906032562,-0.005764904897660017
39,hand,11,0,0.5216656923294067,0.26229023933410645,-0.008005504496395588
39,hand,12,0,0.5119280219078064,0.2652006447315216,-0.010270615108311176
39,hand,13,0,0.5523120164871216,0.2732042968273163,-0.009149780496954918
39,hand,14,0,0.5342085957527161,0.2668083608150482,-0.011140871793031693
39,hand,15,0,0.5235376954078674,0.2640833258628845,-0.012297218665480614
39,hand,16,0,0.5145585536956787,0.26177331805229187,-0.013883027248084545
39,hand,17,0,0.553084671497345,0.2877143323421478,-0.01419514324516058
39,hand,18,0,0.5416179895401001,0.27994000911712646,-0.015991035848855972
39,hand,19,0,0.5340422987937927,0.2751019597053528,-0.016088411211967468
39,hand,20,0,0.526760458946228,0.2718309462070465,-0.016673555597662926
39,hand,0,1,0.43613338470458984,0.7282801866531372,-1.0758012791711735e-07
39,hand,1,1,0.4492175281047821,0.7414068579673767,-0.005293003283441067
39,hand,2,1,0.45701825618743896,0.7635692954063416,-0.007442502770572901
39,hand,3,1,0.4615800082683563,0.783989429473877,-0.008283307775855064
39,hand,4,1,0.46103110909461975,0.7960895895957947,-0.008090594783425331
39,hand,5,1,0.4381667375564575,0.7832787036895752,-0.007725426461547613
39,hand,6,1,0.45034176111221313,0.8057053089141846,-0.008276531472802162
39,hand,7,1,0.4543154239654541,0.7937414646148682,-0.007447246462106705
39,hand,8,1,0.4525015354156494,0.7836899757385254,-0.006911595351994038
39,hand,9,1,0.43231111764907837,0.783927321434021,-0.004880185704678297
39,hand,10,1,0.44616979360580444,0.8042117357254028,-0.006221061572432518
39,hand,11,1,0.45062893629074097,0.7931714057922363,-0.005280568730086088
39,hand,12,1,0.4484674334526062,0.7850321531295776,-0.004603690933436155
39,hand,13,1,0.42951205372810364,0.7814963459968567,-0.0019270649645477533
39,hand,14,1,0.4424391984939575,0.8005079030990601,-0.0038785834331065416
39,hand,15,1,0.44649162888526917,0.7916634678840637,-0.0025583163369446993
39,hand,16,1,0.44433650374412537,0.7833545207977295,-0.0014001784147694707
39,hand,17,1,0.42912721633911133,0.7786158323287964,0.0008731387206353247
39,hand,18,1,0.4394043982028961,0.7944215536117554,-0.0015568806556984782
39,hand,19,1,0.44277456402778625,0.7881573438644409,-0.0011079561663791537
39,hand,20,1,0.4410635232925415,0.7802127599716187,-0.00012030361540382728
39,pose,0,-1,0.5094965100288391,0.21350829303264618,-0.2334417849779129
39,pose,1,-1,0.5199114680290222,0.18892152607440948,-0.20934061706066132
39,pose,2,-1,0.5248456597328186,0.18935759365558624,-0.2094850242137909
39,pose,3,-1,0.5284268260002136,0.19043733179569244,-0.20948058366775513
39,pose,4,-1,0.5038924813270569,0.18803991377353668,-0.21516580879688263
39,pose,5,-1,0.4989544451236725,0.1880461573600769,-0.21522140502929688
39,pose,6,-1,0.4947974979877472,0.18824897706508636,-0.21529792249202728
39,pose,7,-1,0.5375328660011292,0.203303724527359,-0.06129465997219086
39,pose,8,-1,0.48992612957954407,0.19777175784111023,-0.0897538885474205
39,pose,9,-1,0.5189993381500244,0.2383825182914734,-0.17722228169441223
39,pose,10,-1,0.499843955039978,0.2370501160621643,-0.18602578341960907
39,pose,11,-1,0.5729417204856873,0.33231115341186523,0.010262688621878624
39,pose,12,-1,0.45023998618125916,0.34451672434806824,0.002185598947107792
39,pose,13,-1,0.6340189576148987,0.46378472447395325,-0.15703372657299042
39,pose,14,-1,0.44102469086647034,0.5433204174041748,0.06361139565706253
39,pose,15,-1,0.5789506435394287,0.3028956353664398,-0.4326268434524536
39,pose,16,-1,0.4461943209171295,0.7257866263389587,-0.0035013763699680567
39,pose,17,-1,0.5586925148963928,0.27208563685417175,-0.49711307883262634
39,pose,18,-1,0.44399768114089966,0.7761902213096619,-0.016894934698939323
39,pose,19,-1,0.553868293762207,0.2656540870666504,-0.4720779359340668
39,pose,20,-1,0.45375123620033264,0.7762253284454346,-0.06249702349305153
39,pose,21,-1,0.5566250085830688,0.27583450078964233,-0.4294925034046173
39,pose,22,-1,0.4567785859107971,0.7592329382896423,-0.019163955003023148
39,pose,23,-1,0.5571845769882202,0.7020664811134338,0.0057295504957437515
39,pose,24,-1,0.48531049489974976,0.7034713625907898,-0.0054055931977927685
39,pose,25,-1,0.5532004237174988,0.9534620642662048,-0.061694081872701645
39,pose,26,-1,0.4945564866065979,0.9573760032653809,-0.046396274119615555
39,pose,27,-1,0.553835928440094,1.181469202041626,0.24870046973228455
39,pose,28,-1,0.4957842528820038,1.1557213068008423,0.21030323207378387
39,pose,29,-1,0.555378794670105,1.2071187496185303,0.27542954683303833
39,pose,30,-1,0.49389979243278503,1.1785837411880493,0.23251229524612427
39,pose,31,-1,0.5475059151649475,1.2544612884521484,0.1743183732032776
39,pose,32,-1,0.5102661848068237,1.2314790487289429,0.10888126492500305
40,hand,0,0,0.5818060040473938,0.2975190281867981,-2.0625462227030766e-08
40,hand,1,0,0.5697712898254395,0.27825891971588135,0.007338180206716061
40,hand,2,0,0.5566216707229614,0.27121323347091675,0.008018296211957932
40,hand,3,0,0.5473906397819519,0.27260342240333557,0.006769806146621704
40,hand,4,0,0.5412585735321045,0.27777713537216187,0.004281163215637207
40,hand,5,0,0.553192675113678,0.2545506954193115,0.0024640150368213654
40,hand,6,0,0.5378082990646362,0.2616395652294159,-8.172835077857599e-05
40,hand,7,0,0.5298393964767456,0.26982933282852173,-0.003029888030141592
40,hand,8,0,0.5233420729637146,0.2759200632572174,-0.0053254384547472
40,hand,9,0,0.5521856546401978,0.26147788763046265,-0.003931736573576927
40,hand,10,0,0.5329207181930542,0.2592169940471649,-0.005559306591749191
40,hand,11,0,0.5215951800346375,0.2608596384525299,-0.007538813166320324
40,hand,12,0,0.5120685696601868,0.26302769780158997,-0.009548752568662167
40,hand,13,0,0.5527931451797485,0.2743825614452362,-0.009682610630989075
40,hand,14,0,0.5348474979400635,0.26576483249664307,-0.010986176319420338
40,hand,15,0,0.5246539115905762,0.26346781849861145,-0.012075839564204216
40,hand,16,0,0.5161164999008179,0.2604263424873352,-0.01366883609443903
40,hand,17,0,0.5541601777076721,0.2903392016887665,-0.014689569361507893
40,hand,18,0,0.5425885319709778,0.2862461507320404,-0.015967784449458122
40,hand,19,0,0.5361891388893127,0.28427696228027344,-0.01541000884026289
40,hand,20,0,0.5303452014923096,0.28270140290260315,-0.015424521639943123
40,hand,0,1,0.4367195665836334,0.7284497022628784,-1.0675162798179372e-07
40,hand,1,1,0.4497367739677429,0.7427968978881836,-0.005772733129560947
40,hand,2,1,0.45718422532081604,0.7647395133972168,-0.008013433776795864
40,hand,3,1,0.4614332616329193,0.7849278450012207,-0.008847621269524097
40,hand,4,1,0.4610617458820343,0.7975364923477173,-0.008632962591946125
40,hand,5,1,0.4376712441444397,0.7830381989479065,-0.007839829660952091
40,hand,6,1,0.45005425810813904,0.8055925965309143,-0.008317477069795132
40,hand,7,1,0.4544014036655426,0.7943342924118042,-0.0074883210472762585
40,hand,8,1,0.4530352056026459,0.7839213609695435,-0.006878581829369068
40,hand,9,1,0.43187469244003296,0.7838446497917175,-0.004654811695218086
40,hand,10,1,0.445732057094574,0.8039718866348267,-0.005863183178007603
40,hand,11,1,0.4505111575126648,0.7933630347251892,-0.0051641990430653095
40,hand,12,1,0.44879093766212463,0.7849457263946533,-0.004668747540563345
40,hand,13,1,0.4292494058609009,0.781643807888031,-0.001373574254103005
40,hand,14,1,0.44218653440475464,0.8001163601875305,-0.0031813262030482292
40,hand,15,1,0.4465978741645813,0.7918320894241333,-0.0021773572079837322
40,hand,16,1,0.44492700695991516,0.7834414839744568,-0.0012627175310626626
40,hand,17,1,0.4291017949581146,0.7789416909217834,0.0017302937339991331
40,hand,18,1,0.43920576572418213,0.7941787242889404,-0.0005652059917338192
40,hand,19,1,0.44287699460983276,0.7881304025650024,-0.0002082012069877237
40,hand,20,1,0.4415987432003021,0.7802160978317261,0.0006985518848523498
40,pose,0,-1,0.5095835328102112,0.21444794535636902,-0.23692446947097778
40,pose,1,-1,0.5199628472328186,0.18973109126091003,-0.21317237615585327
40,pose,2,-1,0.5248315334320068,0.1901034712791443,-0.21331563591957092
40,pose,3,-1,0.5284322500228882,0.19120050966739655,-0.21331405639648438
40,pose,4,-1,0.5038802623748779,0.18899302184581757,-0.21886563301086426
40,pose,5,-1,0.498871386051178,0.1890670508146286,-0.21891085803508759
40,pose,6,-1,0.4947405159473419,0.1893116682767868,-0.21898435056209564
40,pose,7,-1,0.5374740958213806,0.20362359285354614,-0.06598684936761856
40,pose,8,-1,0.4898463189601898,0.19838373363018036,-0.09420297294855118
40,pose,9,-1,0.5190899968147278,0.23901090025901794,-0.181218221783638
40,pose,10,-1,0.49989837408065796,0.2378399819135666,-0.1897750049829483
40,pose,11,-1,0.5729324221611023,0.33232003450393677,0.009534290060400963
40,pose,12,-1,0.45019790530204773,0.34414607286453247,-0.004387123975902796
40,pose,13,-1,0.6340721249580383,0.4638661742210388,-0.1573561131954193
40,pose,14,-1,0.44089987874031067,0.543731153011322,0.05839637666940689
40,pose,15,-1,0.5789983868598938,0.30276864767074585,-0.43032559752464294
40,pose,16,-1,0.44585907459259033,0.72621750831604,-0.006757021881639957
40,pose,17,-1,0.5589697957038879,0.27210864424705505,-0.4944022297859192
40,pose,18,-1,0.4436871111392975,0.7766895294189453,-0.01794293150305748
40,pose,19,-1,0.5540561079978943,0.26581549644470215,-0.46920153498649597
40,pose,20,-1,0.45351657271385193,0.7767470479011536,-0.06547019630670547
40,pose,21,-1,0.5567507147789001,0.2760102450847626,-0.42711564898490906
40,pose,22,-1,0.45652440190315247,0.759767472743988,-0.022702304646372795
40,pose,23,-1,0.5570515394210815,0.7023484110832214,0.006332366727292538
40,pose,24,-1,0.48526546359062195,0.703461766242981,-0.006017453037202358
40,pose,25,-1,0.5532121062278748,0.952743411064148,-0.052884820848703384
40,pose,26,-1,0.4943791925907135,0.9563351273536682,-0.04252566769719124
40,pose,27,-1,0.5535169243812561,1.1769218444824219,0.2554778754711151
40,pose,28,-1,0.49533703923225403,1.154479742050171,0.211506649851799
40,pose,29,-1,0.5547682642936707,1.2017822265625,0.28208521008491516
40,pose,30,-1,0.4934462606906891,1.1776878833770752,0.2337433397769928
40,pose,31,-1,0.5474937558174133,1.2505325078964233,0.18037380278110504
40,pose,32,-1,0.509972333908081,1.230563998222351,0.11035840958356857
41,hand,0,0,0.5823026299476624,0.3024365305900574,-2.2060074655883e-08
41,hand,1,0,0.5695174932479858,0.2847355604171753,0.00699714757502079
41,hand,2,0,0.5567688345909119,0.2776854336261749,0.0074354512616992
41,hand,3,0,0.5473227500915527,0.2799452543258667,0.005904864519834518
41,hand,4,0,0.5406389832496643,0.2841961681842804,0.0034591800067573786
41,hand,5,0,0.554273784160614,0.25634321570396423,0.003198089310899377
41,hand,6,0,0.5389771461486816,0.26408088207244873,0.0005896799848414958
41,hand,7,0,0.5311448574066162,0.27303650975227356,-0.002395016374066472
41,hand,8,0,0.5250324606895447,0.2795901894569397,-0.004627903923392296
41,hand,9,0,0.552798330783844,0.26229867339134216,-0.0027391877956688404
41,hand,10,0,0.5336471796035767,0.26046282052993774,-0.005095585249364376
41,hand,11,0,0.5223093032836914,0.26121729612350464,-0.007342704571783543
41,hand,12,0,0.5127532482147217,0.2625325918197632,-0.00939409900456667
41,hand,13,0,0.5522549152374268,0.2741478979587555,-0.008148184046149254
41,hand,14,0,0.5346409678459167,0.2670052647590637,-0.009753652848303318
41,hand,15,0,0.5246890187263489,0.26453810930252075,-0.010612156242132187
41,hand,16,0,0.5165405869483948,0.261651873588562,-0.011798943392932415
41,hand,17,0,0.5519111752510071,0.2890089750289917,-0.012923574075102806
41,hand,18,0,0.5396292805671692,0.28400886058807373,-0.013446580618619919
41,hand,19,0,0.5330897569656372,0.2814229130744934,-0.012542804703116417
41,hand,20,0,0.5274652242660522,0.2797650098800659,-0.012374486774206161
41,hand,0,1,0.43643006682395935,0.7282044887542725,-1.0740697575783997e-07
41,hand,1,1,0.4493149220943451,0.7418718338012695,-0.006322617642581463
41,hand,2,1,0.4566640853881836,0.7640950083732605,-0.008861836045980453
41,hand,3,1,0.46086710691452026,0.7849061489105225,-0.009743129834532738
41,hand,4,1,0.46069827675819397,0.7983437776565552,-0.009509950876235962
41,hand,5,1,0.43750840425491333,0.7815832495689392,-0.00942120049148798
41,hand,6,1,0.4499044120311737,0.8055353760719299,-0.00994729995727539
41,hand,7,1,0.4541586935520172,0.7946510314941406,-0.008764921687543392
41,hand,8,1,0.45289546251296997,0.7841549515724182,-0.007894416339695454
41,hand,9,1,0.4315064251422882,0.7827688455581665,-0.005884300451725721
41,hand,10,1,0.44552457332611084,0.8042463064193726,-0.0072104306891560555
41,hand,11,1,0.4502897262573242,0.7940111756324768,-0.006233307532966137
41,hand,12,1,0.4488927721977234,0.7852565050125122,-0.005563242360949516
41,hand,13,1,0.4288417100906372,0.7810516953468323,-0.002184694865718484
41,hand,14,1,0.44193804264068604,0.8006532788276672,-0.00409111101180315
41,hand,15,1,0.44631561636924744,0.7924201488494873,-0.002895934972912073
41,hand,16,1,0.44500166177749634,0.7836202383041382,-0.0018774453783407807
41,hand,17,1,0.4287450313568115,0.7788059115409851,0.0013174193445593119
41,hand,18,1,0.4390626549720764,0.7947717905044556,-0.0013919123448431492
41,hand,19,1,0.442716509103775,0.7890279293060303,-0.0012257493799552321
41,hand,20,1,0.44167131185531616,0.7812073230743408,-0.00040579045889899135
41,pose,0,-1,0.509619951248169,0.215457484126091,-0.2392885386943817
41,pose,1,-1,0.5199978947639465,0.19061791896820068,-0.21576547622680664
41,pose,2,-1,0.5248563289642334,0.19090484082698822,-0.21590977907180786
41,pose,3,-1,0.5284778475761414,0.19203853607177734,-0.21591229736804962
41,pose,4,-1,0.5039078593254089,0.19018156826496124,-0.221128448843956
41,pose,5,-1,0.4988749623298645,0.19035063683986664,-0.22117377817630768
41,pose,6,-1,0.49474743008613586,0.19075754284858704,-0.2212507724761963
41,pose,7,-1,0.5374929308891296,0.2040344476699829,-0.0683441013097763
41,pose,8,-1,0.48984307050704956,0.1994066685438156,-0.0952179804444313
41,pose,9,-1,0.5192212462425232,0.2396833300590515,-0.18342003226280212
41,pose,10,-1,0.4999180734157562,0.23867328464984894,-0.191543310880661
41,pose,11,-1,0.5730339288711548,0.3323837220668793,0.008582049049437046
41,pose,12,-1,0.45019611716270447,0.3435802459716797,-0.004769870545715094
41,pose,13,-1,0.6338837742805481,0.4645150601863861,-0.15674349665641785
41,pose,14,-1,0.44059669971466064,0.5437748432159424,0.057847242802381516
41,pose,15,-1,0.5796348452568054,0.3038341701030731,-0.4309315085411072
41,pose,16,-1,0.4454837739467621,0.7266822457313538,-0.00835470948368311
41,pose,17,-1,0.560219407081604,0.27288034558296204,-0.4952273964881897
41,pose,18,-1,0.44336065649986267,0.7771717309951782,-0.02133498154580593
41,pose,19,-1,0.5555782914161682,0.26636815071105957,-0.47061535716056824
41,pose,20,-1,0.45320382714271545,0.7771201729774475,-0.06707070022821426
41,pose,21,-1,0.5579532384872437,0.27671194076538086,-0.427960067987442
41,pose,22,-1,0.4561694264411926,0.7601833939552307,-0.024063246324658394
41,pose,23,-1,0.5570451021194458,0.70286625623703,0.006387322209775448
41,pose,24,-1,0.4852411150932312,0.7034733295440674,-0.006071052979677916
41,pose,25,-1,0.5530983209609985,0.9528263807296753,-0.048400554805994034
41,pose,26,-1,0.4942590296268463,0.9566148519515991,-0.038327161222696304
41,pose,27,-1,0.5516121983528137,1.1760995388031006,0.26117947697639465
41,pose,28,-1,0.4951842725276947,1.1545966863632202,0.21269209682941437
41,pose,29,-1,0.5523957014083862,1.2007322311401367,0.2879871726036072
41,pose,30,-1,0.4933120012283325,1.1781244277954102,0.23444315791130066
41,pose,31,-1,0.5453351140022278,1.2502856254577637,0.18469037115573883
41,pose,32,-1,0.5096598863601685,1.2309061288833618,0.11175964772701263
42,hand,0,0,0.5831400752067566,0.30846017599105835,-2.4358207895147643e-08
42,hand,1,0,0.5716190934181213,0.29214462637901306,0.004561908543109894
42,hand,2,0,0.5580560564994812,0.2831902801990509,0.004955146461725235
42,hand,3,0,0.5481956005096436,0.28557202219963074,0.004064806271344423
42,hand,4,0,0.5408225655555725,0.2885563373565674,0.002519323257729411
42,hand,5,0,0.5561832785606384,0.2591845691204071,0.0023616175167262554
42,hand,6,0,0.5403549671173096,0.2658956050872803,0.0001247747422894463
42,hand,7,0,0.5321636199951172,0.27290380001068115,-0.002525812014937401
42,hand,8,0,0.5258651375770569,0.2772592008113861,-0.004564362112432718
42,hand,9,0,0.5541802048683167,0.2653503119945526,-0.002221836242824793
42,hand,10,0,0.5352175235748291,0.2641145884990692,-0.004186995793133974
42,hand,11,0,0.5240713357925415,0.2654756009578705,-0.00625073816627264
42,hand,12,0,0.5148398280143738,0.26659706234931946,-0.007987771183252335
42,hand,13,0,0.5530941486358643,0.27680012583732605,-0.0064740958623588085
42,hand,14,0,0.5358415842056274,0.26969605684280396,-0.00855969823896885
42,hand,15,0,0.5267820954322815,0.2668549120426178,-0.009801224805414677
42,hand,16,0,0.5195044279098511,0.26340532302856445,-0.01096311118453741
42,hand,17,0,0.5523827075958252,0.29091790318489075,-0.010250921361148357
42,hand,18,0,0.5420553684234619,0.28669774532318115,-0.011650040745735168
42,hand,19,0,0.5392032861709595,0.2855936884880066,-0.010856413282454014
42,hand,20,0,0.5375800728797913,0.28497591614723206,-0.010418246500194073
42,hand,0,1,0.4368903338909149,0.7286863327026367,-1.0681296203074453e-07
42,hand,1,1,0.4499267339706421,0.7432877421379089,-0.005665211006999016
42,hand,2,1,0.45734190940856934,0.765944242477417,-0.007911240682005882
42,hand,3,1,0.4615112543106079,0.7869435548782349,-0.008610083721578121
42,hand,4,1,0.4612716734409332,0.8006150126457214,-0.008237550035119057
42,hand,5,1,0.4382578432559967,0.7829484939575195,-0.008571112528443336
42,hand,6,1,0.4504275918006897,0.8060890436172485,-0.00879735592752695
42,hand,7,1,0.45466190576553345,0.7951268553733826,-0.007452284451574087
42,hand,8,1,0.45328250527381897,0.784922182559967,-0.0065004401840269566
42,hand,9,1,0.43215644359588623,0.7834647297859192,-0.005321153439581394
42,hand,10,1,0.44591403007507324,0.8043311834335327,-0.006206287071108818
42,hand,11,1,0.4507582485675812,0.7942394018173218,-0.0050414246506989
42,hand,12,1,0.44919076561927795,0.7858169674873352,-0.0043293507769703865
42,hand,13,1,0.4292372763156891,0.7811558842658997,-0.0018895473331212997
42,hand,14,1,0.4421144723892212,0.8006196618080139,-0.0033871398773044348
42,hand,15,1,0.44652047753334045,0.7923837304115295,-0.002089170506224036
42,hand,16,1,0.44505199790000916,0.7838714122772217,-0.001113568665459752
42,hand,17,1,0.42875906825065613,0.7783574461936951,0.0013882149942219257
42,hand,18,1,0.43904778361320496,0.7941117882728577,-0.0008825720869936049
42,hand,19,1,0.442779541015625,0.7881423830986023,-0.0005355649627745152
42,hand,20,1,0.4416525065898895,0.7804254293441772,0.0003186918329447508
42,pose,0,-1,0.5096383094787598,0.21543394029140472,-0.2380591183900833
42,pose,1,-1,0.5200311541557312,0.19063380360603333,-0.21444231271743774
42,pose,2,-1,0.5248613953590393,0.1909336894750595,-0.21459221839904785
42,pose,3,-1,0.5285014510154724,0.19206403195858002,-0.21458935737609863
42,pose,4,-1,0.5039317011833191,0.19016940891742706,-0.21945926547050476
42,pose,5,-1,0.49885597825050354,0.19033224880695343,-0.2195071130990982
42,pose,6,-1,0.4947287142276764,0.19070656597614288,-0.21958598494529724
42,pose,7,-1,0.5375039577484131,0.20412160456180573,-0.06799100339412689
42,pose,8,-1,0.4897235929965973,0.19952936470508575,-0.09382829070091248
42,pose,9,-1,0.5192749500274658,0.23972170054912567,-0.18265151977539062
42,pose,10,-1,0.4999570846557617,0.23877586424350739,-0.19043679535388947
42,pose,11,-1,0.5730050206184387,0.3325608968734741,0.008411528542637825
42,pose,12,-1,0.4501839876174927,0.3435053527355194,-0.004680709447711706
42,pose,13,-1,0.6332913041114807,0.4686087667942047,-0.1483808308839798
42,pose,14,-1,0.44006580114364624,0.543781042098999,0.057371146976947784
42,pose,15,-1,0.580388605594635,0.3040648102760315,-0.4165959656238556
42,pose,16,-1,0.44510236382484436,0.7269425392150879,-0.00845037680119276
42,pose,17,-1,0.5612687468528748,0.27438056468963623,-0.4798964858055115
42,pose,18,-1,0.4430388808250427,0.7773804664611816,-0.022165127098560333
42,pose,19,-1,0.5566930174827576,0.26763075590133667,-0.45600515604019165
42,pose,20,-1,0.4530191123485565,0.7772986888885498,-0.06668436527252197
42,pose,21,-1,0.5588973760604858,0.2776253819465637,-0.41380754113197327
42,pose,22,-1,0.45598161220550537,0.7603949308395386,-0.023951683193445206
42,pose,23,-1,0.5570092797279358,0.7035219073295593,0.0065232086926698685
42,pose,24,-1,0.4852195680141449,0.7036241292953491,-0.006212080363184214
42,pose,25,-1,0.5530652403831482,0.9528218507766724,-0.04674101248383522
42,pose,26,-1,0.49420854449272156,0.9565877318382263,-0.036059070378541946
42,pose,27,-1,0.5514423847198486,1.1748698949813843,0.26251843571662903
42,pose,28,-1,0.49475783109664917,1.1546138525009155,0.21306464076042175
42,pose,29,-1,0.5522546768188477,1.1992055177688599,0.28945839405059814
42,pose,30,-1,0.4928874969482422,1.1781737804412842,0.23454774916172028
42,pose,31,-1,0.5450748205184937,1.2492265701293945,0.1878700852394104
42,pose,32,-1,0.50889652967453,1.2308624982833862,0.1127137690782547
43,hand,0,0,0.5829116106033325,0.3185541033744812,-3.119574998322605e-08
43,hand,1,0,0.5713847875595093,0.3004882037639618,0.004012704361230135
43,hand,2,0,0.5599162578582764,0.2897345721721649,0.004056245554238558
43,hand,3,0,0.550316572189331,0.2873836159706116,0.0027925807517021894
43,hand,4,0,0.5428490042686462,0.287510484457016,0.0011969846673309803
43,hand,5,0,0.5586436986923218,0.2685670256614685,0.0032653503585606813
43,hand,6,0,0.5423296093940735,0.26892223954200745,0.0006304140551947057
43,hand,7,0,0.5325049757957458,0.2720834016799927,-0.00239503663033247
43,hand,8,0,0.5250441431999207,0.27456679940223694,-0.004451511427760124
43,hand,9,0,0.5567026734352112,0.275542676448822,-0.0005299178301356733
43,hand,10,0,0.5397685766220093,0.2716328501701355,-0.0022052754648029804
43,hand,11,0,0.5298448801040649,0.2715250849723816,-0.004233784973621368
43,hand,12,0,0.5211987495422363,0.27149447798728943,-0.005975771229714155
43,hand,13,0,0.5547839999198914,0.2862623631954193,-0.004218840040266514
43,hand,14,0,0.539387583732605,0.27806583046913147,-0.005161031149327755
43,hand,15,0,0.5304999351501465,0.2744617462158203,-0.0053164055570960045
43,hand,16,0,0.5227229595184326,0.2705360949039459,-0.005829998292028904
43,hand,17,0,0.5530076026916504,0.298921674489975,-0.007699604146182537
43,hand,18,0,0.5427942276000977,0.28861385583877563,-0.008137651719152927
43,hand,19,0,0.5363054275512695,0.2829052805900574,-0.0072410875000059605
43,hand,20,0,0.5299695730209351,0.27848219871520996,-0.00672644330188632
43,hand,0,1,0.4367853105068207,0.729671061038971,-1.0579452691672486e-07
43,hand,1,1,0.4502321183681488,0.7434088587760925,-0.005863117054104805
43,hand,2,1,0.45814013481140137,0.767091691493988,-0.007890146225690842
43,hand,3,1,0.4622477889060974,0.789393424987793,-0.00838830228894949
43,hand,4,1,0.46146851778030396,0.8038185834884644,-0.007729546166956425
43,hand,5,1,0.4386603534221649,0.7853312492370605,-0.007387636695057154
43,hand,6,1,0.4510681927204132,0.8077496886253357,-0.007709878031164408
43,hand,7,1,0.45499569177627563,0.7958998084068298,-0.006772259250283241
43,hand,8,1,0.45320290327072144,0.7855438590049744,-0.006106087472289801
43,hand,9,1,0.43279948830604553,0.7860923409461975,-0.004025548696517944
43,hand,10,1,0.4469726085662842,0.8060954809188843,-0.0049620624631643295
43,hand,11,1,0.45139360427856445,0.7952341437339783,-0.004055208992213011
43,hand,12,1,0.4493845999240875,0.786889374256134,-0.0034400266595184803
43,hand,13,1,0.4301941692829132,0.7838630676269531,-0.0006290126475505531
43,hand,14,1,0.44353869557380676,0.8022904396057129,-0.0022837179712951183
43,hand,15,1,0.44751110672950745,0.7932602763175964,-0.001113000325858593
43,hand,16,1,0.44548851251602173,0.7851311564445496,-0.0001224050356540829
43,hand,17,1,0.42992767691612244,0.7811707258224487,0.00257951975800097
43,hand,18,1,0.44063112139701843,0.7964436411857605,0.00035800921614281833
43,hand,19,1,0.44401681423187256,0.7896367907524109,0.0007472726283594966
43,hand,20,1,0.44246381521224976,0.7817840576171875,0.0016680877888575196
43,pose,0,-1,0.5096791982650757,0.21381153166294098,-0.23723278939723969
43,pose,1,-1,0.5200623869895935,0.18992705643177032,-0.21413308382034302
43,pose,2,-1,0.5248052477836609,0.19036023318767548,-0.2142852246761322
43,pose,3,-1,0.5284143090248108,0.19140399992465973,-0.21428140997886658
43,pose,4,-1,0.5039190649986267,0.18915361166000366,-0.21861077845096588
43,pose,5,-1,0.4987379312515259,0.18908348679542542,-0.21866032481193542
43,pose,6,-1,0.4945741593837738,0.18937420845031738,-0.21874089539051056
43,pose,7,-1,0.5374439358711243,0.20380599796772003,-0.06682378798723221
43,pose,8,-1,0.48943185806274414,0.19850806891918182,-0.09291621297597885
43,pose,9,-1,0.5192912220954895,0.2388276606798172,-0.18210183084011078
43,pose,10,-1,0.4998857080936432,0.237697035074234,-0.1899874359369278
43,pose,11,-1,0.573072612285614,0.33404096961021423,0.008546307682991028
43,pose,12,-1,0.44985663890838623,0.34395748376846313,-0.008213255554437637
43,pose,13,-1,0.6321698427200317,0.4808514714241028,-0.14878199994564056
43,pose,14,-1,0.4399678409099579,0.5443532466888428,0.046053554862737656
43,pose,15,-1,0.581455647945404,0.3150971233844757,-0.4188026785850525
43,pose,16,-1,0.4450482726097107,0.7274611592292786,-0.026185592636466026
43,pose,17,-1,0.5632041096687317,0.2820000946521759,-0.481647789478302
43,pose,18,-1,0.44291287660598755,0.7778979539871216,-0.04277001693844795
43,pose,19,-1,0.558935284614563,0.2735708951950073,-0.4571334719657898
43,pose,20,-1,0.45292046666145325,0.777765154838562,-0.08585868030786514
43,pose,21,-1,0.5609596967697144,0.2854193449020386,-0.41476964950561523
43,pose,22,-1,0.45591866970062256,0.7608212828636169,-0.04168112203478813
43,pose,23,-1,0.5570030212402344,0.7036923766136169,0.0075887949205935
43,pose,24,-1,0.4852067530155182,0.7039477825164795,-0.007287148851901293
43,pose,25,-1,0.5531526803970337,0.9529091119766235,-0.0454396978020668
43,pose,26,-1,0.49421706795692444,0.9565887451171875,-0.03823822736740112
43,pose,27,-1,0.5514143109321594,1.1749186515808105,0.2608337700366974
43,pose,28,-1,0.49511346220970154,1.154863953590393,0.2123159021139145
43,pose,29,-1,0.5522729158401489,1.1993398666381836,0.2873600423336029
43,pose,30,-1,0.49324384331703186,1.17853581905365,0.23397502303123474
43,pose,31,-1,0.5450507402420044,1.2492271661758423,0.1849665492773056
43,pose,32,-1,0.5095171332359314,1.2308714389801025,0.11057417839765549
44,hand,0,0,0.43781566619873047,0.7299532890319824,-1.0578828835150489e-07
44,hand,1,0,0.450784832239151,0.7440840005874634,-0.006741644814610481
44,hand,2,0,0.4581368863582611,0.7669134140014648,-0.00941243302077055
44,hand,3,0,0.46235084533691406,0.7889954447746277,-0.010335896164178848
44,hand,4,0,0.4621953070163727,0.803947389125824,-0.0100907813757658
44,hand,5,0,0.43873101472854614,0.7843906879425049,-0.009396763518452644
44,hand,6,0,0.4514215886592865,0.8084176182746887,-0.010086079128086567
44,hand,7,0,0.4554665982723236,0.7962138056755066,-0.009120391681790352
44,hand,8,0,0.45365625619888306,0.78546541929245,-0.00840893853455782
44,hand,9,0,0.4331146478652954,0.785815954208374,-0.005634208209812641
44,hand,10,0,0.447576105594635,0.8071346282958984,-0.007112729363143444
44,hand,11,0,0.45206218957901,0.7957764863967896,-0.006275464780628681
44,hand,12,0,0.4500163793563843,0.7870543003082275,-0.005691769998520613
44,hand,13,0,0.43087005615234375,0.7842050790786743,-0.0017703697085380554
44,hand,14,0,0.4445033669471741,0.8035852313041687,-0.0037169898860156536
44,hand,15,0,0.4485251307487488,0.7943317294120789,-0.0024328508879989386
44,hand,16,0,0.44646328687667847,0.7854809165000916,-0.0013662351993843913
44,hand,17,0,0.43104058504104614,0.7821095585823059,0.0018421653658151627
44,hand,18,0,0.44157978892326355,0.7977613210678101,-0.0008309416007250547
44,hand,19,0,0.44502222537994385,0.7910042405128479,-0.0006249028956517577
44,hand,20,0,0.4434376657009125,0.7828119397163391,0.00021527869103010744
44,pose,0,-1,0.5096411108970642,0.20963582396507263,-0.235283762216568
44,pose,1,-1,0.5200361609458923,0.18681076169013977,-0.210598886013031
44,pose,2,-1,0.5247102379798889,0.1876520812511444,-0.21075671911239624
44,pose,3,-1,0.5283167362213135,0.1887931227684021,-0.2107553333044052
44,pose,4,-1,0.5037140846252441,0.1852348893880844,-0.21519310772418976
44,pose,5,-1,0.49845778942108154,0.1850699633359909,-0.2152479588985443
44,pose,6,-1,0.4942394495010376,0.1853543519973755,-0.21532832086086273
44,pose,7,-1,0.5374463796615601,0.20212949812412262,-0.0642155185341835
44,pose,8,-1,0.4891398847103119,0.19680334627628326,-0.08972570300102234
44,pose,9,-1,0.5193319320678711,0.23646368086338043,-0.18125586211681366
44,pose,10,-1,0.4997902512550354,0.23470233380794525,-0.18899792432785034
44,pose,11,-1,0.5737512707710266,0.33617880940437317,0.010877827182412148
44,pose,12,-1,0.4496724307537079,0.3454849123954773,-0.00811623316258192
44,pose,13,-1,0.6292537450790405,0.4925629198551178,-0.14400120079517365
44,pose,14,-1,0.4399135410785675,0.5455154776573181,0.04325456917285919
44,pose,15,-1,0.5824764370918274,0.3342706561088562,-0.41978010535240173
44,pose,16,-1,0.44506022334098816,0.7276206016540527,-0.029863553121685982
44,pose,17,-1,0.5666874051094055,0.3010522723197937,-0.4834597706794739
44,pose,18,-1,0.4429229497909546,0.778208315372467,-0.04728319123387337
44,pose,19,-1,0.5630520582199097,0.2901192009449005,-0.4607166349887848
44,pose,20,-1,0.4529319703578949,0.7780137062072754,-0.0887959748506546
44,pose,21,-1,0.564504086971283,0.3042029142379761,-0.4172908365726471
44,pose,22,-1,0.4559321999549866,0.7609730362892151,-0.045010387897491455
44,pose,23,-1,0.5569421052932739,0.7048127055168152,0.008604535833001137
44,pose,24,-1,0.48520272970199585,0.7051675915718079,-0.008295661769807339
44,pose,25,-1,0.5531512498855591,0.9545795321464539,-0.04356914013624191
44,pose,26,-1,0.49421626329421997,0.9582437872886658,-0.03811929374933243
44,pose,27,-1,0.5511696934700012,1.1765997409820557,0.26839062571525574
44,pose,28,-1,0.49510276317596436,1.1609224081039429,0.2127557396888733
44,pose,29,-1,0.5520338416099548,1.2002607583999634,0.2952481806278229
44,pose,30,-1,0.4932630956172943,1.1850831508636475,0.2344733327627182
44,pose,31,-1,0.5442134737968445,1.2526413202285767,0.18775542080402374
44,pose,32,-1,0.509515106678009,1.2371673583984375,0.10659949481487274
45,hand,0,0,0.4380527436733246,0.7306427359580994,-1.0585700493948025e-07
45,hand,1,0,0.4509273171424866,0.7440059185028076,-0.007635066751390696
45,hand,2,0,0.458303302526474,0.7669357657432556,-0.010517089627683163
45,hand,3,0,0.4626929461956024,0.7892777919769287,-0.01157303061336279
45,hand,4,0,0.4625844955444336,0.8048789501190186,-0.011405156925320625
45,hand,5,0,0.4386771619319916,0.7848276495933533,-0.009125133976340294
45,hand,6,0,0.4514302611351013,0.8093782663345337,-0.010760696604847908
45,hand,7,0,0.45577511191368103,0.796581506729126,-0.010710424743592739
45,hand,8,0,0.4536318778991699,0.7854964733123779,-0.010480200871825218
45,hand,9,0,0.43348273634910583,0.7867189645767212,-0.005030821077525616
45,hand,10,0,0.4480956196784973,0.8084353804588318,-0.007521891500800848
45,hand,11,0,0.4528450667858124,0.7964639067649841,-0.00720579456537962
45,hand,12,0,0.4503180682659149,0.7876810431480408,-0.0066733090206980705
45,hand,13,0,0.4317278265953064,0.7858158349990845,-0.0010779909789562225
45,hand,14,0,0.4455109238624573,0.805305540561676,-0.004025012254714966
45,hand,15,0,0.44972947239875793,0.7954432368278503,-0.0030102201271802187
45,hand,16,0,0.4470585882663727,0.7870796918869019,-0.001775491051375866
45,hand,17,0,0.4321833550930023,0.7845611572265625,0.0025546022225171328
45,hand,18,0,0.44287198781967163,0.8006700873374939,-0.0007011779816821218
45,hand,19,0,0.4462890625,0.7931241989135742,-0.0005984553135931492
45,hand,20,0,0.44413450360298157,0.7847058176994324,0.0003801683778874576
45,pose,0,-1,0.5096722841262817,0.2072795033454895,-0.2370455414056778
45,pose,1,-1,0.5200549364089966,0.18523281812667847,-0.21179471909999847
45,pose,2,-1,0.5246981978416443,0.18619190156459808,-0.21195855736732483
45,pose,3,-1,0.528328537940979,0.18708445131778717,-0.211959108710289
45,pose,4,-1,0.503699004650116,0.18369601666927338,-0.21543101966381073
45,pose,5,-1,0.4983883500099182,0.1835777461528778,-0.21548527479171753
45,pose,6,-1,0.494092732667923,0.18388858437538147,-0.2155596762895584
45,pose,7,-1,0.5374073386192322,0.2000700831413269,-0.06561856716871262
45,pose,8,-1,0.4887787699699402,0.1960461139678955,-0.08673276752233505
45,pose,9,-1,0.519405722618103,0.23500223457813263,-0.18352064490318298
45,pose,10,-1,0.4998058080673218,0.2334730327129364,-0.18942853808403015
45,pose,11,-1,0.5750640034675598,0.33594581484794617,0.010793969966471195
45,pose,12,-1,0.44963181018829346,0.3464243710041046,-0.003377809189260006
45,pose,13,-1,0.6254771947860718,0.5066752433776855,-0.1424717903137207
45,pose,14,-1,0.439932256937027,0.5464774370193481,0.05477217212319374
45,pose,15,-1,0.5821347832679749,0.3739318549633026,-0.42376142740249634
45,pose,16,-1,0.445592999458313,0.7275955677032471,-0.027219483628869057
45,pose,17,-1,0.5699501037597656,0.33927643299102783,-0.4904267191886902
45,pose,18,-1,0.44331079721450806,0.7781820297241211,-0.04676137492060661
45,pose,19,-1,0.567837119102478,0.3240815997123718,-0.4747679531574249
45,pose,20,-1,0.45321130752563477,0.77800053358078,-0.08798123151063919
45,pose,21,-1,0.5678976774215698,0.33552470803260803,-0.4241442084312439
45,pose,22,-1,0.45627880096435547,0.7609360218048096,-0.04336395114660263
45,pose,23,-1,0.5572265982627869,0.7044248580932617,0.008584502153098583
45,pose,24,-1,0.4852484464645386,0.7050777673721313,-0.008271932601928711
45,pose,25,-1,0.5533245205879211,0.9546384215354919,-0.040783125907182693
45,pose,26,-1,0.494272917509079,0.9582630395889282,-0.03927484527230263
45,pose,27,-1,0.5511928200721741,1.1740646362304688,0.2819538414478302
45,pose,28,-1,0.4949765205383301,1.1604341268539429,0.22817333042621613
45,pose,29,-1,0.5520597696304321,1.1979507207870483,0.3100011944770813
45,pose,30,-1,0.4932185113430023,1.1839323043823242,0.2518662214279175
45,pose,31,-1,0.5444080829620361,1.2491108179092407,0.19992931187152863
45,pose,32,-1,0.5094146132469177,1.2370669841766357,0.11900398880243301
46,hand,0,0,0.4390142261981964,0.7314102649688721,-1.0266501249134308e-07
46,hand,1,0,0.451982706785202,0.7456622123718262,-0.007496460806578398
46,hand,2,0,0.45901045203208923,0.768531322479248,-0.010319938883185387
46,hand,3,0,0.46313396096229553,0.7902594804763794,-0.01126509252935648
46,hand,4,0,0.46323126554489136,0.8053230047225952,-0.011021096259355545
46,hand,5,0,0.4392545521259308,0.7865005135536194,-0.009256742894649506
46,hand,6,0,0.45193779468536377,0.8104411363601685,-0.010260174982249737
46,hand,7,0,0.4557967782020569,0.7976222038269043,-0.009774131700396538
46,hand,8,0,0.4535832107067108,0.7866849303245544,-0.009333002381026745
46,hand,9,0,0.4339693486690521,0.7877237200737,-0.005036947783082724
46,hand,10,0,0.44819068908691406,0.8089928030967712,-0.006837508641183376
46,hand,11,0,0.4526965022087097,0.7973122596740723,-0.0063596367835998535
46,hand,12,0,0.45040246844291687,0.7885581851005554,-0.005912748631089926
46,hand,13,0,0.43203431367874146,0.7860973477363586,-0.0008396867197006941
46,hand,14,0,0.4453255534172058,0.8053150177001953,-0.0031153392046689987
46,hand,15,0,0.4493066370487213,0.7958426475524902,-0.0020999417174607515
46,hand,16,0,0.44689109921455383,0.7873773574829102,-0.0010946521069854498
46,hand,17,0,0.43229877948760986,0.7843267321586609,0.003063178388401866
46,hand,18,0,0.4425576627254486,0.8003643751144409,0.0002927786554209888
46,hand,19,0,0.44576403498649597,0.7928701043128967,0.0005136200343258679
46,hand,20,0,0.44371742010116577,0.7845075130462646,0.0014257702277973294
46,pose,0,-1,0.509567141532898,0.20251983404159546,-0.2935694754123688
46,pose,1,-1,0.5198537111282349,0.17970487475395203,-0.26972368359565735
46,pose,2,-1,0.5245227217674255,0.18092837929725647,-0.26989877223968506
46,pose,3,-1,0.5281605124473572,0.18219172954559326,-0.26989734172821045
46,pose,4,-1,0.5032810568809509,0.178256556391716,-0.2713026702404022
46,pose,5,-1,0.49798882007598877,0.178346186876297,-0.2713342010974884
46,pose,6,-1,0.4935905337333679,0.17837031185626984,-0.27142849564552307
46,pose,7,-1,0.537291944026947,0.19561780989170074,-0.12360015511512756
46,pose,8,-1,0.48821398615837097,0.193565234541893,-0.1324852854013443
46,pose,9,-1,0.5193993449211121,0.23023051023483276,-0.23968739807605743
46,pose,10,-1,0.4997125267982483,0.22935040295124054,-0.24232813715934753
46,pose,11,-1,0.5774775743484497,0.33518901467323303,-0.041176117956638336
46,pose,12,-1,0.4496098756790161,0.34648191928863525,-0.03813812881708145
46,pose,13,-1,0.6241639256477356,0.5151547193527222,-0.17545422911643982
46,pose,14,-1,0.43992406129837036,0.5466505885124207,0.025940587744116783
46,pose,15,-1,0.5817348957061768,0.42435789108276367,-0.5063459873199463
46,pose,16,-1,0.445923775434494,0.72767573595047,-0.07595919072628021
46,pose,17,-1,0.5692717432975769,0.40077102184295654,-0.5779760479927063
46,pose,18,-1,0.4436400830745697,0.7782592177391052,-0.10040128976106644
46,pose,19,-1,0.5679486989974976,0.37878212332725525,-0.5712103247642517
46,pose,20,-1,0.45344841480255127,0.7782036066055298,-0.14297816157341003
46,pose,21,-1,0.5682773590087891,0.38541269302368164,-0.5101895928382874
46,pose,22,-1,0.45651111006736755,0.7611566781997681,-0.09246723353862762
46,pose,23,-1,0.5573272705078125,0.7032862305641174,0.006986918859183788
46,pose,24,-1,0.48525577783584595,0.7049204707145691,-0.006686239503324032
46,pose,25,-1,0.5534514784812927,0.9546267986297607,-0.024757007136940956
46,pose,26,-1,0.49423786997795105,0.9582460522651672,-0.021451301872730255
46,pose,27,-1,0.5516538619995117,1.167635440826416,0.284658819437027
46,pose,28,-1,0.4930361211299896,1.1599812507629395,0.23174946010112762
46,pose,29,-1,0.552325963973999,1.192772626876831,0.3103691041469574
46,pose,30,-1,0.49192124605178833,1.1837366819381714,0.2531659007072449
46,pose,31,-1,0.5462964773178101,1.2389512062072754,0.1944638192653656
46,pose,32,-1,0.5052793622016907,1.236768126487732,0.11224885284900665
47,hand,0,0,0.4399232268333435,0.732008159160614,-1.0415647722084032e-07
47,hand,1,0,0.45259177684783936,0.7465239763259888,-0.007442442234605551
47,hand,2,0,0.4592781960964203,0.7693457007408142,-0.009919482283294201
47,hand,3,0,0.46341148018836975,0.790695071220398,-0.010518446564674377
47,hand,4,0,0.462994247674942,0.8048049807548523,-0.0098681366071105
47,hand,5,0,0.4396452009677887,0.788356363773346,-0.008305138908326626
47,hand,6,0,0.45252397656440735,0.80995774269104,-0.008876562118530273
47,hand,7,0,0.45651376247406006,0.7972346544265747,-0.00812254473567009
47,hand,8,0,0.45451414585113525,0.7862642407417297,-0.0074852509424090385
47,hand,9,0,0.43462300300598145,0.789675772190094,-0.003911159001290798
47,hand,10,0,0.4491766691207886,0.8087696433067322,-0.005365660414099693
47,hand,11,0,0.453694611787796,0.7968798279762268,-0.0047721159644424915
47,hand,12,0,0.4515228569507599,0.7878574728965759,-0.004185800906270742
47,hand,13,0,0.4329146146774292,0.7880508303642273,0.00040002865716814995
47,hand,14,0,0.44644615054130554,0.8057040572166443,-0.0015991489635780454
47,hand,15,0,0.45047619938850403,0.7963019013404846,-0.0008139283745549619
47,hand,16,0,0.4483959972858429,0.787472665309906,9.216296166414395e-05
47,hand,17,0,0.4333416819572449,0.7857868671417236,0.004380614496767521
47,hand,18,0,0.4436243176460266,0.799897313117981,0.001824751729145646
47,hand,19,0,0.4472196698188782,0.7931177616119385,0.0017245031194761395
47,hand,20,0,0.44582757353782654,0.785158097743988,0.00245400657877326
47,pose,0,-1,0.5092102885246277,0.20185348391532898,-0.3549371361732483
47,pose,1,-1,0.519023597240448,0.17863795161247253,-0.3330790102481842
47,pose,2,-1,0.5240226984024048,0.17975041270256042,-0.3332478106021881
47,pose,3,-1,0.5274932384490967,0.18100929260253906,-0.3332531154155731
47,pose,4,-1,0.5025318264961243,0.1773417443037033,-0.33312734961509705
47,pose,5,-1,0.4975362718105316,0.1775156408548355,-0.3331892192363739
47,pose,6,-1,0.49298036098480225,0.17770777642726898,-0.33330753445625305
47,pose,7,-1,0.5365391969680786,0.1942562460899353,-0.1851814240217209
47,pose,8,-1,0.48773208260536194,0.19330736994743347,-0.18625102937221527
47,pose,9,-1,0.5191589593887329,0.22924409806728363,-0.2989891469478607
47,pose,10,-1,0.4995401203632355,0.2291029393672943,-0.2993495762348175
47,pose,11,-1,0.579451858997345,0.334961473941803,-0.09282020479440689
47,pose,12,-1,0.4493389427661896,0.3470691740512848,-0.07482151687145233
47,pose,13,-1,0.6211072206497192,0.5205996632575989,-0.2019946426153183
47,pose,14,-1,0.43993261456489563,0.5468350052833557,-0.0002209561935160309
47,pose,15,-1,0.5822108387947083,0.476756751537323,-0.5425634384155273
47,pose,16,-1,0.4461059272289276,0.7278043031692505,-0.12186840921640396
47,pose,17,-1,0.5699449181556702,0.47238728404045105,-0.6167186498641968
47,pose,18,-1,0.4439326524734497,0.7783864140510559,-0.15145350992679596
47,pose,19,-1,0.5681979656219482,0.4470716714859009,-0.6200142502784729
47,pose,20,-1,0.4535704255104065,0.7783617973327637,-0.1942937821149826
47,pose,21,-1,0.5692633390426636,0.4464541971683502,-0.5498072504997253
47,pose,22,-1,0.4565812945365906,0.7613480687141418,-0.13831384479999542
47,pose,23,-1,0.5573402643203735,0.7019532322883606,0.001856073271483183
47,pose,24,-1,0.4852536916732788,0.7046213746070862,-0.0015167074743658304
47,pose,25,-1,0.5534913539886475,0.9547057151794434,-0.03910417482256889
47,pose,26,-1,0.4942362606525421,0.9570204019546509,-0.00501245865598321
47,pose,27,-1,0.5528910160064697,1.16616952419281,0.2611623704433441
47,pose,28,-1,0.49239200353622437,1.1528897285461426,0.2893819212913513
47,pose,29,-1,0.5529384613037109,1.1924798488616943,0.2844444215297699
47,pose,30,-1,0.49146586656570435,1.1760174036026,0.31446000933647156
47,pose,31,-1,0.5508110523223877,1.2362444400787354,0.1503472626209259
47,pose,32,-1,0.503559410572052,1.2292075157165527,0.1687929630279541
48,hand,0,0,0.44015437364578247,0.7326013445854187,-1.0337045353026042e-07
48,hand,1,0,0.45313411951065063,0.7468984723091125,-0.007059875875711441
48,hand,2,0,0.4601779878139496,0.7686488032341003,-0.009919730946421623
48,hand,3,0,0.4643177390098572,0.7890461683273315,-0.011059131473302841
48,hand,4,0,0.46453583240509033,0.8029153943061829,-0.011018862947821617
48,hand,5,0,0.44079309701919556,0.7877870798110962,-0.008908534422516823
48,hand,6,0,0.45391973853111267,0.8098087310791016,-0.010172710753977299
48,hand,7,0,0.4575421214103699,0.7970982789993286,-0.009999724105000496
48,hand,8,0,0.4553374648094177,0.7864946722984314,-0.00973606575280428
48,hand,9,0,0.43556028604507446,0.7893869876861572,-0.005113381892442703
48,hand,10,0,0.45039504766464233,0.8083477020263672,-0.007189138326793909
48,hand,11,0,0.45434215664863586,0.796621561050415,-0.006889162119477987
48,hand,12,0,0.4519790709018707,0.7879332304000854,-0.006475748959928751
48,hand,13,0,0.4335962235927582,0.788184642791748,-0.0013521546497941017
48,hand,14,0,0.4472593367099762,0.8049546480178833,-0.0035593421198427677
48,hand,15,0,0.4506779909133911,0.795692503452301,-0.0026422040536999702
48,hand,16,0,0.4482589066028595,0.7874507308006287,-0.00168933707755059
48,hand,17,0,0.43387317657470703,0.7863902449607849,0.002078574150800705
48,hand,18,0,0.444375216960907,0.8001611828804016,-0.0006079527083784342
48,hand,19,0,0.447265625,0.7930783033370972,-0.0004932691808789968
48,hand,20,0,0.44542431831359863,0.7852944731712341,0.0004036033642478287
48,pose,0,-1,0.5088182091712952,0.20125584304332733,-0.3720313310623169
48,pose,1,-1,0.5182157754898071,0.17805802822113037,-0.35050666332244873
48,pose,2,-1,0.5235145688056946,0.17908073961734772,-0.3506760001182556
48,pose,3,-1,0.5269350409507751,0.18033283948898315,-0.3507491648197174
48,pose,4,-1,0.501667857170105,0.17703065276145935,-0.3511143624782562
48,pose,5,-1,0.49695247411727905,0.17731982469558716,-0.35118553042411804
48,pose,6,-1,0.49207422137260437,0.17769764363765717,-0.3513216972351074
48,pose,7,-1,0.5355692505836487,0.19360575079917908,-0.20322933793067932
48,pose,8,-1,0.4871104657649994,0.1932615488767624,-0.20519433915615082
48,pose,9,-1,0.5190029740333557,0.22837115824222565,-0.3161311745643616
48,pose,10,-1,0.49928006529808044,0.22883617877960205,-0.3166317343711853
48,pose,11,-1,0.5799992084503174,0.3349420726299286,-0.10537881404161453
48,pose,12,-1,0.449105829000473,0.3479683995246887,-0.10903594642877579
48,pose,13,-1,0.6138982772827148,0.5153229236602783,-0.19323216378688812
48,pose,14,-1,0.44018498063087463,0.5474600195884705,-0.04846768453717232
48,pose,15,-1,0.5838509202003479,0.5405335426330566,-0.5064389109611511
48,pose,16,-1,0.4467596113681793,0.7277746796607971,-0.1775737851858139
48,pose,17,-1,0.5735882520675659,0.5691097974777222,-0.5720903873443604
48,pose,18,-1,0.444824755191803,0.778391420841217,-0.21630360186100006
48,pose,19,-1,0.5708907246589661,0.5432911515235901,-0.5680038332939148
48,pose,20,-1,0.4542003273963928,0.7783645987510681,-0.2587564289569855
48,pose,21,-1,0.5727872848510742,0.533080518245697,-0.5022712349891663
48,pose,22,-1,0.4570710361003876,0.7613394260406494,-0.19498752057552338
48,pose,23,-1,0.557337760925293,0.7016296982765198,0.002202189527451992
48,pose,24,-1,0.48517754673957825,0.704720139503479,-0.0018600278999656439
48,pose,25,-1,0.5535506010055542,0.9555954337120056,-0.05295775830745697
48,pose,26,-1,0.49428054690361023,0.9573739767074585,-0.02333076111972332
48,pose,27,-1,0.554984450340271,1.1538392305374146,0.28208044171333313
48,pose,28,-1,0.49175316095352173,1.1470378637313843,0.275521457195282
48,pose,29,-1,0.5540103912353516,1.1773810386657715,0.31018272042274475
48,pose,30,-1,0.4913104474544525,1.1675612926483154,0.30171871185302734
48,pose,31,-1,0.5563103556632996,1.2272135019302368,0.17602553963661194
48,pose,32,-1,0.5023875832557678,1.224046230316162,0.15749496221542358
49,hand,0,0,0.4416683316230774,0.7327262759208679,-1.0779420733797451e-07
49,hand,1,0,0.45464757084846497,0.747348964214325,-0.006424845661967993
49,hand,2,0,0.46130672097206116,0.7687861919403076,-0.008951236493885517
49,hand,3,0,0.4651903212070465,0.788042426109314,-0.009878316894173622
49,hand,4,0,0.46600663661956787,0.8012253642082214,-0.009707971476018429
49,hand,5,0,0.44158342480659485,0.7884373664855957,-0.00841034296900034
49,hand,6,0,0.45519962906837463,0.8094542622566223,-0.009461218491196632
49,hand,7,0,0.45895296335220337,0.7971950769424438,-0.009217553772032261
49,hand,8,0,0.4569859802722931,0.7866283655166626,-0.008878716267645359
49,hand,9,0,0.43595990538597107,0.7890888452529907,-0.004923646338284016
49,hand,10,0,0.45153409242630005,0.8061994910240173,-0.006657182238996029
49,hand,11,0,0.45519566535949707,0.7949582934379578,-0.006358344107866287
49,hand,12,0,0.45286503434181213,0.7866867780685425,-0.006006105802953243
49,hand,13,0,0.43373748660087585,0.7870593667030334,-0.0014240125892683864
49,hand,14,0,0.4479900002479553,0.8022229075431824,-0.003429714823141694
49,hand,15,0,0.45115503668785095,0.7935201525688171,-0.0026381006464362144
49,hand,16,0,0.44890061020851135,0.7855428457260132,-0.0017771763959899545
49,hand,17,0,0.43403977155685425,0.7846385836601257,0.0017983061261475086
49,hand,18,0,0.44485199451446533,0.7973417043685913,-0.0008193189860321581
49,hand,19,0,0.44763389229774475,0.7907161712646484,-0.000699032680131495
49,hand,20,0,0.4461508095264435,0.7832628488540649,0.00023708092339802533
49,pose,0,-1,0.5080850720405579,0.19958101212978363,-0.3681102991104126
49,pose,1,-1,0.5173766613006592,0.1764572113752365,-0.34568172693252563
49,pose,2,-1,0.5229812860488892,0.17745453119277954,-0.34582585096359253
49,pose,3,-1,0.5263850092887878,0.17890490591526031,-0.3458957374095917
49,pose,4,-1,0.5007628798484802,0.17570099234580994,-0.3454800844192505
49,pose,5,-1,0.4962206482887268,0.1759246289730072,-0.3455282151699066
49,pose,6,-1,0.49110135436058044,0.1764693409204483,-0.3456454575061798
49,pose,7,-1,0.534584105014801,0.19279998540878296,-0.2051742821931839
49,pose,8,-1,0.4866392910480499,0.19229935109615326,-0.2041819542646408
49,pose,9,-1,0.5185937285423279,0.22692929208278656,-0.31546223163604736
49,pose,10,-1,0.498665988445282,0.22741280496120453,-0.3150038719177246
49,pose,11,-1,0.5798477530479431,0.3347993493080139,-0.11796318739652634
49,pose,12,-1,0.4487694501876831,0.34825804829597473,-0.11513667553663254
49,pose,13,-1,0.6114727258682251,0.5117751359939575,-0.08513005822896957
49,pose,14,-1,0.4400976300239563,0.547456681728363,-0.05611862987279892
49,pose,15,-1,0.5875157713890076,0.6211904287338257,-0.25175079703330994
49,pose,16,-1,0.4470129609107971,0.7274562120437622,-0.18226896226406097
49,pose,17,-1,0.5802022218704224,0.6664242148399353,-0.3065757751464844
49,pose,18,-1,0.44567954540252686,0.7782992720603943,-0.2233668714761734
49,pose,19,-1,0.5730819702148438,0.6546538472175598,-0.34033840894699097
49,pose,20,-1,0.4550027847290039,0.7780037522315979,-0.26798614859580994
49,pose,21,-1,0.5739217400550842,0.6386124491691589,-0.26698797941207886
49,pose,22,-1,0.45760706067085266,0.760829508304596,-0.2015456110239029
49,pose,23,-1,0.556696891784668,0.6993193030357361,-6.391428178176284e-05
49,pose,24,-1,0.48514309525489807,0.7044582366943359,0.00034872570540755987
49,pose,25,-1,0.5535374879837036,0.9551532864570618,-0.06502090394496918
49,pose,26,-1,0.49428215622901917,0.9535527229309082,-0.017173171043395996
49,pose,27,-1,0.5557602047920227,1.1387196779251099,0.2698206603527069
49,pose,28,-1,0.49109527468681335,1.1268421411514282,0.3179856538772583
49,pose,29,-1,0.5547837615013123,1.1604290008544922,0.2968349754810333
49,pose,30,-1,0.491285115480423,1.144711971282959,0.348019540309906
49,pose,31,-1,0.5557963848114014,1.2185821533203125,0.16407103836536407
49,pose,32,-1,0.4966488182544708,1.2036092281341553,0.21588115394115448
50,hand,0,0,0.44120174646377563,0.7327781915664673,-1.0595869071039488e-07
50,hand,1,0,0.454502671957016,0.7472094297409058,-0.006646568886935711
50,hand,2,0,0.4619749188423157,0.7684739828109741,-0.0095020467415452
50,hand,3,0,0.4665142595767975,0.7886000275611877,-0.010706242173910141
50,hand,4,0,0.4664229154586792,0.8024028539657593,-0.010750814341008663
50,hand,5,0,0.44253799319267273,0.7887793779373169,-0.008598103187978268
50,hand,6,0,0.45561501383781433,0.8090168237686157,-0.009197735227644444
50,hand,7,0,0.4591067135334015,0.7965685129165649,-0.00850168988108635
50,hand,8,0,0.45723897218704224,0.7859818935394287,-0.007989306934177876
50,hand,9,0,0.43635672330856323,0.7890300750732422,-0.004999150056391954
50,hand,10,0,0.45110633969306946,0.805417537689209,-0.006280497647821903
50,hand,11,0,0.4547021985054016,0.7940503358840942,-0.0057288045063614845
50,hand,12,0,0.4526215195655823,0.7857494354248047,-0.005395818967372179
50,hand,13,0,0.4334895610809326,0.7863301038742065,-0.001344174612313509
50,hand,14,0,0.44698986411094666,0.8006767630577087,-0.0030765370465815067
50,hand,15,0,0.4501020908355713,0.7915692925453186,-0.0021614187862724066
50,hand,16,0,0.448120653629303,0.78340083360672,-0.001408723765052855
50,hand,17,0,0.4329928457736969,0.7831856608390808,0.002032039687037468
50,hand,18,0,0.4433303773403168,0.7955766320228577,-0.00045226700603961945
50,hand,19,0,0.44610491394996643,0.7883589863777161,-0.0002561323344707489
50,hand,20,0,0.44478192925453186,0.7804897427558899,0.000612011004704982
50,pose,0,-1,0.5075204372406006,0.19778087735176086,-0.3658461570739746
50,pose,1,-1,0.5168470740318298,0.1746654510498047,-0.3435463607311249
50,pose,2,-1,0.5226223468780518,0.17550495266914368,-0.3436757028102875
50,pose,3,-1,0.5260218977928162,0.17695875465869904,-0.3437223732471466
50,pose,4,-1,0.5001355409622192,0.17433030903339386,-0.34365013241767883
50,pose,5,-1,0.49561867117881775,0.17452572286128998,-0.34370189905166626
50,pose,6,-1,0.49037396907806396,0.17523737251758575,-0.34382104873657227
50,pose,7,-1,0.5341169834136963,0.19171032309532166,-0.204988032579422
50,pose,8,-1,0.4862312376499176,0.19146189093589783,-0.20654790103435516
50,pose,9,-1,0.518263041973114,0.22537828981876373,-0.3142179548740387
50,pose,10,-1,0.49818724393844604,0.2259315401315689,-0.3143933117389679
50,pose,11,-1,0.5799203515052795,0.3348063826560974,-0.1169656366109848
50,pose,12,-1,0.44858303666114807,0.34827950596809387,-0.12698128819465637
50,pose,13,-1,0.6077786087989807,0.510654866695404,-0.057721737772226334
50,pose,14,-1,0.4399060606956482,0.5474263429641724,-0.08214550465345383
50,pose,15,-1,0.5938970446586609,0.6506571173667908,-0.19862483441829681
50,pose,16,-1,0.4470936059951782,0.727354109287262,-0.20749084651470184
50,pose,17,-1,0.5906044244766235,0.6995739340782166,-0.24820879101753235
50,pose,18,-1,0.44603267312049866,0.7781778573989868,-0.25064006447792053
50,pose,19,-1,0.5815801024436951,0.6902647018432617,-0.2858884930610657
50,pose,20,-1,0.45552730560302734,0.7774747014045715,-0.29309219121932983
50,pose,21,-1,0.5804716348648071,0.6739232540130615,-0.21536943316459656
50,pose,22,-1,0.4581831097602844,0.7603433728218079,-0.2263595014810562
50,pose,23,-1,0.5567293167114258,0.6962758898735046,0.00017694970301818103
50,pose,24,-1,0.48509424924850464,0.703837513923645,0.00012860044080298394
50,pose,25,-1,0.5534204840660095,0.9522241950035095,-0.0434911847114563
50,pose,26,-1,0.4940812289714813,0.9459519982337952,-0.005128437653183937
50,pose,27,-1,0.5557278990745544,1.1244537830352783,0.306367963552475
50,pose,28,-1,0.4911366105079651,1.1158238649368286,0.3322468400001526
50,pose,29,-1,0.5546760559082031,1.145058512687683,0.3351714313030243
50,pose,30,-1,0.4915612041950226,1.1324892044067383,0.3626163899898529
50,pose,31,-1,0.5563947558403015,1.2057956457138062,0.2148185819387436
50,pose,32,-1,0.4973650872707367,1.1953387260437012,0.23255416750907898
51,hand,0,0,0.5956912636756897,0.6786184310913086,1.7713214006676026e-08
51,hand,1,0,0.5867478847503662,0.6846670508384705,-0.008662266656756401
51,hand,2,0,0.5801800489425659,0.7007281184196472,-0.013093355111777782
51,hand,3,0,0.5741435289382935,0.7171358466148376,-0.01566311903297901
51,hand,4,0,0.5713279843330383,0.7324583530426025,-0.016876570880413055
51,hand,5,0,0.5980875492095947,0.7245341539382935,-0.012120849452912807
51,hand,6,0,0.5903272032737732,0.7549923062324524,-0.01601765677332878
51,hand,7,0,0.5834052562713623,0.7464993596076965,-0.017254188656806946
51,hand,8,0,0.5817623138427734,0.7338910102844238,-0.0172739140689373
51,hand,9,0,0.6011143326759338,0.7281317114830017,-0.008205176331102848
51,hand,10,0,0.5917182564735413,0.7550826072692871,-0.010517541319131851
51,hand,11,0,0.5848168134689331,0.7450263500213623,-0.010486108250916004
51,hand,12,0,0.5837544798851013,0.7341595888137817,-0.010582470335066319
51,hand,13,0,0.6015583872795105,0.7291610240936279,-0.004740854725241661
51,hand,14,0,0.5927314162254333,0.7524297833442688,-0.006394871044903994
51,hand,15,0,0.5873950123786926,0.7439516186714172,-0.005236917641013861
51,hand,16,0,0.5868892073631287,0.733090877532959,-0.004570985212922096
51,hand,17,0,0.6006645560264587,0.7290991544723511,-0.0018681456567719579
51,hand,18,0,0.5941144227981567,0.7475671172142029,-0.0038585527800023556
51,hand,19,0,0.5891707539558411,0.7415246367454529,-0.003501925617456436
51,hand,20,0,0.5881880521774292,0.7310633659362793,-0.002982240403071046
51,hand,0,1,0.44044849276542664,0.7327157855033875,-1.0902174807370102e-07
51,hand,1,1,0.453595370054245,0.746767520904541,-0.006035916041582823
51,hand,2,1,0.4617031514644623,0.7684659957885742,-0.008709381334483624
51,hand,3,1,0.4664086103439331,0.7885559797286987,-0.009876705706119537
51,hand,4,1,0.4655704200267792,0.802122175693512,-0.009867767803370953
51,hand,5,1,0.44188305735588074,0.7883570790290833,-0.008162500336766243
51,hand,6,1,0.4551335573196411,0.8092862963676453,-0.008817373774945736
51,hand,7,1,0.45876872539520264,0.7963939905166626,-0.008107301779091358
51,hand,8,1,0.4568989872932434,0.7854307293891907,-0.0075399684719741344
51,hand,9,1,0.43604162335395813,0.7890204191207886,-0.004951983690261841
51,hand,10,1,0.4510047435760498,0.805517315864563,-0.00633508525788784
51,hand,11,1,0.4544409513473511,0.7940006852149963,-0.0057615903206169605
51,hand,12,1,0.4521806836128235,0.7857481837272644,-0.005337595473974943
51,hand,13,1,0.4334351718425751,0.7866994142532349,-0.0016665238654240966
51,hand,14,1,0.4469464421272278,0.8010074496269226,-0.003418397158384323
51,hand,15,1,0.44985005259513855,0.7920545935630798,-0.0024300110526382923
51,hand,16,1,0.4475681185722351,0.7842010855674744,-0.0015700424555689096
51,hand,17,1,0.43313631415367126,0.7839145660400391,0.001403896720148623
51,hand,18,1,0.4434349834918976,0.7965779304504395,-0.0008761358330957592
51,hand,19,1,0.44610291719436646,0.7895682454109192,-0.000466711848275736
51,hand,20,1,0.4445643723011017,0.7818483710289001,0.0005485742003656924
51,pose,0,-1,0.5074231028556824,0.1966170221567154,-0.37200281023979187
51,pose,1,-1,0.5167917609214783,0.17341183125972748,-0.34984540939331055
51,pose,2,-1,0.5225508809089661,0.1741601675748825,-0.34996163845062256
51,pose,3,-1,0.5259274840354919,0.175510972738266,-0.3499867022037506
51,pose,4,-1,0.4999735653400421,0.1733606606721878,-0.34984833002090454
51,pose,5,-1,0.49540144205093384,0.17358022928237915,-0.3499153256416321
51,pose,6,-1,0.4901363253593445,0.17433831095695496,-0.3500443696975708
51,pose,7,-1,0.5340473651885986,0.1908072680234909,-0.21208129823207855
51,pose,8,-1,0.4859679341316223,0.19077296555042267,-0.2144453525543213
51,pose,9,-1,0.5181984305381775,0.22429093718528748,-0.32107070088386536
51,pose,10,-1,0.49803516268730164,0.22506198287010193,-0.3214835226535797
51,pose,11,-1,0.5799729824066162,0.33497390151023865,-0.12935128808021545
51,pose,12,-1,0.4482223689556122,0.34843936562538147,-0.13434544205665588
51,pose,13,-1,0.6051253080368042,0.512396514415741,-0.06819356232881546
51,pose,14,-1,0.4397951066493988,0.5473983883857727,-0.09429706633090973
51,pose,15,-1,0.5965650677680969,0.6747511625289917,-0.2057114541530609
51,pose,16,-1,0.4473433196544647,0.7273486256599426,-0.22006763517856598
51,pose,17,-1,0.5978046655654907,0.7254690527915955,-0.25481611490249634
51,pose,18,-1,0.44639497995376587,0.7781075239181519,-0.26255056262016296
51,pose,19,-1,0.587600827217102,0.7191550731658936,-0.29272788763046265
51,pose,20,-1,0.45588842034339905,0.7770096659660339,-0.30403631925582886
51,pose,21,-1,0.5847523212432861,0.705213189125061,-0.22265608608722687
51,pose,22,-1,0.4586242437362671,0.760017991065979,-0.23854857683181763
51,pose,23,-1,0.5568443536758423,0.696294903755188,-0.0001770915841916576
51,pose,24,-1,0.4846392571926117,0.7039520144462585,0.00046802638098597527
51,pose,25,-1,0.5530117154121399,0.9491908550262451,-0.025371940806508064
51,pose,26,-1,0.49387267231941223,0.9438965916633606,0.017985964193940163
51,pose,27,-1,0.5549401044845581,1.1244381666183472,0.3256952166557312
51,pose,28,-1,0.4921116828918457,1.115749478340149,0.3423003852367401
51,pose,29,-1,0.5536057949066162,1.1453291177749634,0.35501453280448914
51,pose,30,-1,0.49305441975593567,1.1338999271392822,0.3712378442287445
51,pose,31,-1,0.5558900237083435,1.2052265405654907,0.24057190120220184
51,pose,32,-1,0.4980255365371704,1.1951959133148193,0.24023696780204773
52,hand,0,0,0.5965383052825928,0.6924811005592346,4.092314398462804e-08
52,hand,1,0,0.5862534642219543,0.7030230760574341,-0.009281963109970093
52,hand,2,0,0.5795144438743591,0.7220104336738586,-0.01336375717073679
52,hand,3,0,0.5751605033874512,0.7427931427955627,-0.015244442969560623
52,hand,4,0,0.5719721913337708,0.7601708173751831,-0.015561745502054691
52,hand,5,0,0.5996913909912109,0.7453698515892029,-0.01053917407989502
52,hand,6,0,0.5879895091056824,0.7677277326583862,-0.012663893401622772
52,hand,7,0,0.5812193155288696,0.7610868811607361,-0.012654718942940235
52,hand,8,0,0.5806468725204468,0.7510514855384827,-0.011950822547078133
52,hand,9,0,0.6037058234214783,0.7504062056541443,-0.0062301368452608585
52,hand,10,0,0.5914195775985718,0.7730594873428345,-0.007998588494956493
52,hand,11,0,0.5842386484146118,0.765886664390564,-0.007870352827012539
52,hand,12,0,0.5833467841148376,0.7550584673881531,-0.007418619003146887
52,hand,13,0,0.6043957471847534,0.752170741558075,-0.00222517317160964
52,hand,14,0,0.5942203998565674,0.7739335298538208,-0.003679807996377349
52,hand,15,0,0.5880411863327026,0.7680038213729858,-0.0028331754729151726
52,hand,16,0,0.5866675972938538,0.7580615878105164,-0.0019311627838760614
52,hand,17,0,0.6037185788154602,0.7517316341400146,0.0011342830257490277
52,hand,18,0,0.5960767269134521,0.7700409293174744,-0.0004601027467288077
52,hand,19,0,0.5915517807006836,0.7674481272697449,-0.00012110633542761207
52,hand,20,0,0.5900617837905884,0.7610569000244141,0.0007749068317934871
52,hand,0,1,0.43993934988975525,0.731395423412323,-1.1072864936068072e-07
52,hand,1,1,0.4523305594921112,0.7454296350479126,-0.006298781838268042
52,hand,2,1,0.459895521402359,0.7669759392738342,-0.008693822659552097
52,hand,3,1,0.4647614657878876,0.7868514657020569,-0.009486493654549122
52,hand,4,1,0.46407565474510193,0.7988093495368958,-0.00909132044762373
52,hand,5,1,0.4411340057849884,0.7875911593437195,-0.008025688119232655
52,hand,6,1,0.45382991433143616,0.808756411075592,-0.007972151041030884
52,hand,7,1,0.45838940143585205,0.7971189618110657,-0.006547315511852503
52,hand,8,1,0.45752623677253723,0.7855790257453918,-0.005498227197676897
52,hand,9,1,0.43545234203338623,0.7885180711746216,-0.004343528300523758
52,hand,10,1,0.4498450756072998,0.8047248125076294,-0.005173745099455118
52,hand,11,1,0.45394787192344666,0.7935645580291748,-0.004493497312068939
52,hand,12,1,0.4525631368160248,0.7847810387611389,-0.004009926691651344
52,hand,13,1,0.4328199625015259,0.786321222782135,-0.0005378253990784287
52,hand,14,1,0.4460379183292389,0.8002568483352661,-0.002012090990319848
52,hand,15,1,0.44945481419563293,0.791558563709259,-0.0013958611525595188
52,hand,16,1,0.4481353461742401,0.782813549041748,-0.0007852145354263484
52,hand,17,1,0.4324744939804077,0.7835701704025269,0.003075537271797657
52,hand,18,1,0.44265711307525635,0.7956770658493042,0.0008731834241189063
52,hand,19,1,0.44571176171302795,0.7889330387115479,0.0009726219577714801
52,hand,20,1,0.4449112117290497,0.780893862247467,0.0017743303906172514
52,pose,0,-1,0.5074093341827393,0.19547908008098602,-0.4063059687614441
52,pose,1,-1,0.5167831778526306,0.1722560077905655,-0.38471704721450806
52,pose,2,-1,0.5225107073783875,0.17290335893630981,-0.3848137855529785
52,pose,3,-1,0.5258792638778687,0.1740884929895401,-0.3848431706428528
52,pose,4,-1,0.49990347027778625,0.17255592346191406,-0.38488098978996277
52,pose,5,-1,0.49528786540031433,0.17282907664775848,-0.38494589924812317
52,pose,6,-1,0.4900328814983368,0.1736147701740265,-0.38507333397865295
52,pose,7,-1,0.534039318561554,0.18969003856182098,-0.24506019055843353
52,pose,8,-1,0.48579132556915283,0.19016344845294952,-0.24850234389305115
52,pose,9,-1,0.5181999802589417,0.22327876091003418,-0.3542502820491791
52,pose,10,-1,0.49802306294441223,0.22426769137382507,-0.3550396263599396
52,pose,11,-1,0.580109179019928,0.33561185002326965,-0.15546055138111115
52,pose,12,-1,0.44804731011390686,0.3484475016593933,-0.1620412915945053
52,pose,13,-1,0.6039852499961853,0.5173711776733398,-0.08536160737276077
52,pose,14,-1,0.43943896889686584,0.5470886826515198,-0.11901959776878357
52,pose,15,-1,0.5983118414878845,0.6930060982704163,-0.2174980640411377
52,pose,16,-1,0.4474563002586365,0.7268491387367249,-0.24498748779296875
52,pose,17,-1,0.6013572812080383,0.7421690225601196,-0.2655475437641144
52,pose,18,-1,0.4464678168296814,0.7777043581008911,-0.2868073284626007
52,pose,19,-1,0.5916762948036194,0.7382078170776367,-0.3030978739261627
52,pose,20,-1,0.4560050666332245,0.7765190005302429,-0.329553484916687
52,pose,21,-1,0.5881932973861694,0.7246859669685364,-0.23399123549461365
52,pose,22,-1,0.4588034451007843,0.7595529556274414,-0.26363062858581543
52,pose,23,-1,0.5568014979362488,0.6964002251625061,-0.0006021528388373554
52,pose,24,-1,0.48411673307418823,0.7039486169815063,0.0008674261043779552
52,pose,25,-1,0.5528237223625183,0.949292004108429,-0.024584975093603134
52,pose,26,-1,0.49353334307670593,0.9438263773918152,0.01962006837129593
52,pose,27,-1,0.5552098155021667,1.1303446292877197,0.31468597054481506
52,pose,28,-1,0.4921305477619171,1.1197640895843506,0.3493942320346832
52,pose,29,-1,0.5539535284042358,1.1522736549377441,0.34241607785224915
52,pose,30,-1,0.4932268261909485,1.1385083198547363,0.37885862588882446
52,pose,31,-1,0.556755781173706,1.2097177505493164,0.22393916547298431
52,pose,32,-1,0.4978434443473816,1.198697805404663,0.2456485480070114
53,hand,0,0,0.5967908501625061,0.7083790302276611,4.586158652841732e-08
53,hand,1,0,0.5871334075927734,0.7210309505462646,-0.009582998231053352
53,hand,2,0,0.5825566053390503,0.7414183616638184,-0.013379541225731373
53,hand,3,0,0.5786980390548706,0.7624276876449585,-0.015151022002100945
53,hand,4,0,0.5749799013137817,0.7779734134674072,-0.015402008779346943
53,hand,5,0,0.6015852093696594,0.764646589756012,-0.008092775009572506
53,hand,6,0,0.5908194184303284,0.7890762090682983,-0.010410956107079983
53,hand,7,0,0.5824739933013916,0.7813705801963806,-0.01115388236939907
53,hand,8,0,0.5802651047706604,0.7703412771224976,-0.0107618672773242
53,hand,9,0,0.605086624622345,0.7672967910766602,-0.003325937781482935
53,hand,10,0,0.5934861302375793,0.7906817197799683,-0.005352039355784655
53,hand,11,0,0.5846538543701172,0.7830391526222229,-0.005898596718907356
53,hand,12,0,0.5818525552749634,0.7714253664016724,-0.005558056756854057
53,hand,13,0,0.6051596999168396,0.7667037844657898,0.0008647860959172249
53,hand,14,0,0.5947381258010864,0.787935733795166,-0.001272617606446147
53,hand,15,0,0.5869919061660767,0.7821767926216125,-0.001575139700435102
53,hand,16,0,0.5838507413864136,0.7713303565979004,-0.0009293528273701668
53,hand,17,0,0.6033744812011719,0.764896035194397,0.004400183446705341
53,hand,18,0,0.5959092378616333,0.7830193042755127,0.0021036274265497923
53,hand,19,0,0.5899786949157715,0.781231164932251,0.0015985704958438873
53,hand,20,0,0.5870460867881775,0.7743889689445496,0.002207712968811393
53,hand,0,1,0.43934696912765503,0.732586681842804,-1.095015136343136e-07
53,hand,1,1,0.45148026943206787,0.7468024492263794,-0.006018931046128273
53,hand,2,1,0.4585241675376892,0.7676813006401062,-0.008514841087162495
53,hand,3,1,0.46293774247169495,0.7866812944412231,-0.009617902338504791
53,hand,4,1,0.4628753066062927,0.7987252473831177,-0.009645980782806873
53,hand,5,1,0.44002580642700195,0.7878673672676086,-0.007458076346665621
53,hand,6,1,0.4523376226425171,0.8081455230712891,-0.00813304167240858
53,hand,7,1,0.45647159218788147,0.7958276867866516,-0.007665104698389769
53,hand,8,1,0.45499223470687866,0.7847799062728882,-0.0072866748087108135
53,hand,9,1,0.4344685673713684,0.7887820601463318,-0.004232610110193491
53,hand,10,1,0.4485046863555908,0.8052756190299988,-0.005744348745793104
53,hand,11,1,0.4523564577102661,0.7938445806503296,-0.005459627602249384
53,hand,12,1,0.45048102736473083,0.7851065397262573,-0.005137438420206308
53,hand,13,1,0.43188783526420593,0.7866312265396118,-0.000979335280135274
53,hand,14,1,0.4450998604297638,0.801205575466156,-0.0029554166831076145
53,hand,15,1,0.4481988251209259,0.7921835780143738,-0.002223285147920251
53,hand,16,1,0.44618138670921326,0.783929169178009,-0.0014141361461952329
53,hand,17,1,0.43152928352355957,0.7840031981468201,0.0020525576546788216
53,hand,18,1,0.4418305456638336,0.7966311573982239,-0.0003847734769806266
53,hand,19,1,0.44442906975746155,0.7894892692565918,-8.68635397637263e-05
53,hand,20,1,0.44289448857307434,0.7816718816757202,0.0008889600285328925
53,pose,0,-1,0.5073983073234558,0.19468988478183746,-0.4021628797054291
53,pose,1,-1,0.516796886920929,0.17145958542823792,-0.38083913922309875
53,pose,2,-1,0.522497296333313,0.17211736738681793,-0.3809378743171692
53,pose,3,-1,0.5258765816688538,0.17326033115386963,-0.3809712529182434
53,pose,4,-1,0.49988895654678345,0.17188315093517303,-0.3813266158103943
53,pose,5,-1,0.49523764848709106,0.17218957841396332,-0.38139304518699646
53,pose,6,-1,0.49000969529151917,0.1729491800069809,-0.3815096318721771
53,pose,7,-1,0.5340690612792969,0.18909215927124023,-0.2425563484430313
53,pose,8,-1,0.48569390177726746,0.18953119218349457,-0.24764446914196014
53,pose,9,-1,0.5182009935379028,0.22266876697540283,-0.3505006432533264
53,pose,10,-1,0.49802106618881226,0.22369858622550964,-0.3517068922519684
53,pose,11,-1,0.5801972150802612,0.33575576543807983,-0.15196864306926727
53,pose,12,-1,0.4479568898677826,0.34838011860847473,-0.16527527570724487
53,pose,13,-1,0.6017356514930725,0.5206947326660156,-0.08260584622621536
53,pose,14,-1,0.4391292333602905,0.5471505522727966,-0.12830738723278046
53,pose,15,-1,0.5993786454200745,0.7072672247886658,-0.20907850563526154
53,pose,16,-1,0.4474163353443146,0.7269269824028015,-0.25038662552833557
53,pose,17,-1,0.6039361953735352,0.7546968460083008,-0.2555760443210602
53,pose,18,-1,0.44638490676879883,0.7778164148330688,-0.2921608090400696
53,pose,19,-1,0.5939253568649292,0.7518897652626038,-0.2939029633998871
53,pose,20,-1,0.45601192116737366,0.7765377759933472,-0.33420029282569885
53,pose,21,-1,0.5899819135665894,0.7380707263946533,-0.22590695321559906
53,pose,22,-1,0.45884770154953003,0.759550154209137,-0.26899001002311707
53,pose,23,-1,0.5564756393432617,0.6965028643608093,-0.00010438026947667822
53,pose,24,-1,0.48341527581214905,0.7044661045074463,0.00030176632571965456
53,pose,25,-1,0.5525920987129211,0.94838947057724,-0.0027216679882258177
53,pose,26,-1,0.4931003451347351,0.9441385865211487,0.018861765041947365
53,pose,27,-1,0.5550780892372131,1.1297370195388794,0.3465290069580078
53,pose,28,-1,0.49246886372566223,1.1221439838409424,0.3292306065559387
53,pose,29,-1,0.5537149906158447,1.151195764541626,0.3753916621208191
53,pose,30,-1,0.4938434660434723,1.1409374475479126,0.3566585183143616
53,pose,31,-1,0.5564396381378174,1.2091953754425049,0.2551358640193939
53,pose,32,-1,0.49837830662727356,1.2008613348007202,0.21957944333553314
54,hand,0,0,0.5980138182640076,0.722632646560669,2.7173429728577503e-08
54,hand,1,0,0.5876147150993347,0.7353261113166809,-0.009523829445242882
54,hand,2,0,0.582996129989624,0.7560611963272095,-0.013368038460612297
54,hand,3,0,0.5800542831420898,0.7774325013160706,-0.015201197005808353
54,hand,4,0,0.5767487287521362,0.7930251359939575,-0.015457073226571083
54,hand,5,0,0.6028817296028137,0.777463436126709,-0.008625030517578125
54,hand,6,0,0.5919703245162964,0.8011245131492615,-0.011364202946424484
54,hand,7,0,0.5844442248344421,0.7925723195075989,-0.012192550115287304
54,hand,8,0,0.5829682350158691,0.780687689781189,-0.011913792230188847
54,hand,9,0,0.6067206263542175,0.7794579267501831,-0.004045023582875729
54,hand,10,0,0.5946679711341858,0.8017457723617554,-0.006581863388419151
54,hand,11,0,0.5864167213439941,0.7930178046226501,-0.0070008630864322186
54,hand,12,0,0.5843631029129028,0.7810442447662354,-0.006594651844352484
54,hand,13,0,0.6068824529647827,0.7791903614997864,-5.05115240230225e-05
54,hand,14,0,0.5958832502365112,0.7999268770217896,-0.0027458001859486103
54,hand,15,0,0.5886605381965637,0.7934312224388123,-0.002643866930156946
54,hand,16,0,0.5862289667129517,0.7823798656463623,-0.0016987340059131384
54,hand,17,0,0.605252206325531,0.7779639959335327,0.0032940618693828583
54,hand,18,0,0.596705973148346,0.7947158217430115,0.0007030818378552794
54,hand,19,0,0.5911023020744324,0.7913922071456909,0.0004045488021802157
54,hand,20,0,0.5888049006462097,0.7836158871650696,0.0011432056780904531
54,hand,0,1,0.4377400875091553,0.7324010729789734,-1.0595514510214343e-07
54,hand,1,1,0.45021992921829224,0.746506929397583,-0.006635705474764109
54,hand,2,1,0.45759305357933044,0.768811821937561,-0.009128855541348457
54,hand,3,1,0.46213093400001526,0.7889893054962158,-0.01005160715430975
54,hand,4,1,0.4617539048194885,0.8019545674324036,-0.009825833141803741
54,hand,5,1,0.43852195143699646,0.787070631980896,-0.00762547692283988
54,hand,6,1,0.4510634243488312,0.8083921670913696,-0.008566818200051785
54,hand,7,1,0.45502060651779175,0.795934796333313,-0.008331971243023872
54,hand,8,1,0.453361839056015,0.7848700284957886,-0.008043921552598476
54,hand,9,1,0.4330889880657196,0.7882729768753052,-0.003958806861191988
54,hand,10,1,0.44735780358314514,0.805378258228302,-0.005690386518836021
54,hand,11,1,0.45116016268730164,0.7936951518058777,-0.005479616578668356
54,hand,12,1,0.4490690231323242,0.784940779209137,-0.005127591546624899
54,hand,13,1,0.4307885468006134,0.7864289283752441,-0.00035572287742979825
54,hand,14,1,0.44402655959129333,0.8011803030967712,-0.0025358148850500584
54,hand,15,1,0.4471707344055176,0.7920294404029846,-0.0018648779951035976
54,hand,16,1,0.44503194093704224,0.783645749092102,-0.000992590212263167
54,hand,17,1,0.43065792322158813,0.7841384410858154,0.002976322080940008
54,hand,18,1,0.4407821297645569,0.7967683672904968,0.00044286734191700816
54,hand,19,1,0.4434362053871155,0.7895870208740234,0.0006217522313818336
54,hand,20,1,0.44185957312583923,0.781566858291626,0.0015672309091314673
54,pose,0,-1,0.5074034929275513,0.19422122836112976,-0.41155338287353516
54,pose,1,-1,0.5168058276176453,0.170876145362854,-0.3910497725009918
54,pose,2,-1,0.5224997401237488,0.17152342200279236,-0.39113032817840576
54,pose,3,-1,0.5258840918540955,0.1725451499223709,-0.3911629915237427
54,pose,4,-1,0.49990519881248474,0.1714012771844864,-0.39140135049819946
54,pose,5,-1,0.49523264169692993,0.17174389958381653,-0.39146894216537476
54,pose,6,-1,0.4900270104408264,0.17244313657283783,-0.3915882706642151
54,pose,7,-1,0.5342533588409424,0.18829107284545898,-0.2535035014152527
54,pose,8,-1,0.48567959666252136,0.18905562162399292,-0.25796064734458923
54,pose,9,-1,0.5182300209999084,0.2220705896615982,-0.3598371148109436
54,pose,10,-1,0.4980601966381073,0.22328369319438934,-0.36086589097976685
54,pose,11,-1,0.5806329846382141,0.3364977240562439,-0.15886612236499786
54,pose,12,-1,0.4479459226131439,0.3482702970504761,-0.17449207603931427
54,pose,13,-1,0.6009029150009155,0.5267906188964844,-0.08494491875171661
54,pose,14,-1,0.43877583742141724,0.5470912456512451,-0.13611957430839539
54,pose,15,-1,0.6000500917434692,0.7181859612464905,-0.20611263811588287
54,pose,16,-1,0.44698184728622437,0.7267934679985046,-0.2556573450565338
54,pose,17,-1,0.6065576076507568,0.7656005024909973,-0.2507104277610779
54,pose,18,-1,0.44550153613090515,0.7777917981147766,-0.2959446310997009
54,pose,19,-1,0.5962589979171753,0.763854444026947,-0.2895481288433075
54,pose,20,-1,0.45566192269325256,0.7765171527862549,-0.3392084836959839
54,pose,21,-1,0.5916911363601685,0.7485108971595764,-0.22294020652770996
54,pose,22,-1,0.4586626887321472,0.7595081925392151,-0.2745301127433777
54,pose,23,-1,0.5561613440513611,0.6970109343528748,0.0010289237834513187
54,pose,24,-1,0.48290058970451355,0.7045007944107056,-0.0008968166657723486
54,pose,25,-1,0.5522969365119934,0.9484265446662903,-0.007336365059018135
54,pose,26,-1,0.4928305447101593,0.9443705081939697,0.012718326412141323
54,pose,27,-1,0.5546926259994507,1.132218837738037,0.3308798372745514
54,pose,28,-1,0.4926562011241913,1.1239804029464722,0.3191337287425995
54,pose,29,-1,0.5531415939331055,1.1541372537612915,0.35838887095451355
54,pose,30,-1,0.4942040741443634,1.1416869163513184,0.3460012674331665
54,pose,31,-1,0.5562335848808289,1.2105934619903564,0.23679152131080627
54,pose,32,-1,0.4985928237438202,1.205336570739746,0.2094123810529709
55,hand,0,0,0.5976455211639404,0.7305734753608704,1.947412719971453e-08
55,hand,1,0,0.5887424945831299,0.7423115372657776,-0.009648682549595833
55,hand,2,0,0.5843043327331543,0.7639052867889404,-0.013499990105628967
55,hand,3,0,0.5811519622802734,0.7860421538352966,-0.015354570001363754
55,hand,4,0,0.5779090523719788,0.8037682771682739,-0.015768127515912056
55,hand,5,0,0.6038023829460144,0.7859931588172913,-0.008008266799151897
55,hand,6,0,0.5926060080528259,0.8081100583076477,-0.01089586690068245
55,hand,7,0,0.585524320602417,0.7991682887077332,-0.012139812111854553
55,hand,8,0,0.5842428803443909,0.7876478433609009,-0.012152348645031452
55,hand,9,0,0.6069375276565552,0.7876102328300476,-0.0034098527394235134
55,hand,10,0,0.59450763463974,0.8081645965576172,-0.0060903150588274
55,hand,11,0,0.5868915319442749,0.7994970679283142,-0.006853921338915825
55,hand,12,0,0.5849155783653259,0.7883015275001526,-0.006635569501668215
55,hand,13,0,0.6068246960639954,0.7867065668106079,0.000531404628418386
55,hand,14,0,0.595563530921936,0.8061621189117432,-0.002299222629517317
55,hand,15,0,0.5891616344451904,0.7993504405021667,-0.0022960237693041563
55,hand,16,0,0.5870766639709473,0.7891612648963928,-0.0013391157845035195
55,hand,17,0,0.6054061055183411,0.7849448919296265,0.003840323770418763
55,hand,18,0,0.5970919132232666,0.8011137843132019,0.0014536494854837656
55,hand,19,0,0.5919743776321411,0.7981054186820984,0.0013852075207978487
55,hand,20,0,0.589925229549408,0.7916423082351685,0.0023160851560533047
55,hand,0,1,0.4373745322227478,0.7316735982894897,-1.0725219823370935e-07
55,hand,1,1,0.44964534044265747,0.7463497519493103,-0.006742733530700207
55,hand,2,1,0.4570324420928955,0.7696104645729065,-0.009024454280734062
55,hand,3,1,0.4616067707538605,0.7903512120246887,-0.009735760278999805
55,hand,4,1,0.4606267511844635,0.8041523694992065,-0.009277011267840862
55,hand,5,1,0.4377290904521942,0.7877132296562195,-0.006759176030755043
55,hand,6,1,0.45035117864608765,0.808799684047699,-0.007364241871982813
55,hand,7,1,0.4548061490058899,0.7965221405029297,-0.006986306980252266
55,hand,8,1,0.45343318581581116,0.7854097485542297,-0.006628296338021755
55,hand,9,1,0.43221819400787354,0.7882229685783386,-0.0029338011518120766
55,hand,10,1,0.44644176959991455,0.8048468828201294,-0.004356095101684332
55,hand,11,1,0.45045697689056396,0.7932769060134888,-0.004220917820930481
55,hand,12,1,0.4486069083213806,0.7846456170082092,-0.00393750611692667
55,hand,13,1,0.4298730492591858,0.7857480645179749,0.0007724759634584188
55,hand,14,1,0.44304656982421875,0.8001574873924255,-0.0013939866330474615
55,hand,15,1,0.4463391602039337,0.7910274267196655,-0.000986564322374761
55,hand,16,1,0.44447746872901917,0.7826212048530579,-0.00025765193277038634
55,hand,17,1,0.4296177625656128,0.7830166220664978,0.004222793970257044
55,hand,18,1,0.43981584906578064,0.7953823208808899,0.001531429123133421
55,hand,19,1,0.4426974058151245,0.7880933880805969,0.0015171541599556804
55,hand,20,1,0.44142335653305054,0.7798157334327698,0.0023919902741909027
55,pose,0,-1,0.5074909329414368,0.1938888132572174,-0.40092048048973083
55,pose,1,-1,0.5169464945793152,0.17055021226406097,-0.380486398935318
55,pose,2,-1,0.522543728351593,0.17117610573768616,-0.3805726170539856
55,pose,3,-1,0.5259698629379272,0.17205119132995605,-0.3806052803993225
55,pose,4,-1,0.4999377131462097,0.17111000418663025,-0.38077443838119507
55,pose,5,-1,0.49524128437042236,0.17148832976818085,-0.3808381259441376
55,pose,6,-1,0.49008479714393616,0.17211687564849854,-0.3809609115123749
55,pose,7,-1,0.5344964265823364,0.18769384920597076,-0.24362428486347198
55,pose,8,-1,0.4856957793235779,0.18879473209381104,-0.2477307766675949
55,pose,9,-1,0.5183911919593811,0.22167061269283295,-0.3494567573070526
55,pose,10,-1,0.49822476506233215,0.22292697429656982,-0.3503977358341217
55,pose,11,-1,0.5812796354293823,0.33750003576278687,-0.15214504301548004
55,pose,12,-1,0.4479461908340454,0.34811195731163025,-0.16557258367538452
55,pose,13,-1,0.5992211699485779,0.5302473902702332,-0.08212259411811829
55,pose,14,-1,0.4384874105453491,0.5469152927398682,-0.13018785417079926
55,pose,15,-1,0.60025554895401,0.7215514183044434,-0.2040705680847168
55,pose,16,-1,0.4463246464729309,0.7267935276031494,-0.24929171800613403
55,pose,17,-1,0.6074386239051819,0.7699658274650574,-0.24839265644550323
55,pose,18,-1,0.4443536102771759,0.7777945399284363,-0.2887667119503021
55,pose,19,-1,0.5972437262535095,0.7690608501434326,-0.28752806782722473
55,pose,20,-1,0.455020010471344,0.7765219807624817,-0.3320975601673126
55,pose,21,-1,0.5923999547958374,0.7531158924102783,-0.2211877405643463
55,pose,22,-1,0.45821574330329895,0.759519636631012,-0.2682879865169525
55,pose,23,-1,0.5557219982147217,0.6981553435325623,0.0018904858734458685
55,pose,24,-1,0.4822610020637512,0.7047428488731384,-0.0017957985401153564
55,pose,25,-1,0.551824152469635,0.9482060074806213,-0.008149931207299232
55,pose,26,-1,0.49208295345306396,0.9445095062255859,0.010633191093802452
55,pose,27,-1,0.553112268447876,1.133760690689087,0.3301403224468231
55,pose,28,-1,0.49243056774139404,1.127392053604126,0.30065327882766724
55,pose,29,-1,0.5513142943382263,1.1557612419128418,0.35759228467941284
55,pose,30,-1,0.49386435747146606,1.1451154947280884,0.3251325786113739
55,pose,31,-1,0.5552259087562561,1.2120016813278198,0.23479832708835602
55,pose,32,-1,0.49877944588661194,1.210000991821289,0.17941759526729584
56,hand,0,0,0.5969554781913757,0.7343316078186035,1.70889400408214e-08
56,hand,1,0,0.5882095694541931,0.7473880648612976,-0.008663640357553959
56,hand,2,0,0.5842760801315308,0.770359992980957,-0.011930775828659534
56,hand,3,0,0.5811294913291931,0.7931919097900391,-0.01347112562507391
56,hand,4,0,0.5775849223136902,0.8109009265899658,-0.013675156980752945
56,hand,5,0,0.6036324501037598,0.7901670336723328,-0.005442584399133921
56,hand,6,0,0.5920188426971436,0.8123758435249329,-0.00805870071053505
56,hand,7,0,0.5854450464248657,0.8037999868392944,-0.010000002570450306
56,hand,8,0,0.5847503542900085,0.7928036451339722,-0.010708090849220753
56,hand,9,0,0.606631338596344,0.7910032868385315,-0.0013042917707934976
56,hand,10,0,0.5943655371665955,0.8110957741737366,-0.003156582359224558
56,hand,11,0,0.5869781970977783,0.8039092421531677,-0.004241888411343098
56,hand,12,0,0.5853593945503235,0.794331431388855,-0.0046148342080414295
56,hand,13,0,0.606437087059021,0.7895094156265259,0.0021105397026985884
56,hand,14,0,0.5953508019447327,0.8088322877883911,2.62017401837511e-05
56,hand,15,0,0.5888516902923584,0.8030069470405579,1.911358594952617e-05
56,hand,16,0,0.5869951844215393,0.7938698530197144,0.0006647175177931786
56,hand,17,0,0.6050015091896057,0.7876009941101074,0.004906881600618362
56,hand,18,0,0.5970242619514465,0.8044251799583435,0.0031062792986631393
56,hand,19,0,0.591549813747406,0.8023293614387512,0.003290248569101095
56,hand,20,0,0.5893258452415466,0.7966657280921936,0.0042201760224998
56,hand,0,1,0.4367994964122772,0.7311529517173767,-1.0564188812622888e-07
56,hand,1,1,0.4489209055900574,0.7455562353134155,-0.0066017210483551025
56,hand,2,1,0.45577746629714966,0.7673656940460205,-0.009058824740350246
56,hand,3,1,0.4603310823440552,0.787863552570343,-0.009941109456121922
56,hand,4,1,0.4602510333061218,0.801459789276123,-0.00965353474020958
56,hand,5,1,0.4378599226474762,0.7876004576683044,-0.007334137335419655
56,hand,6,1,0.4500389099121094,0.808361291885376,-0.007954845204949379
56,hand,7,1,0.45412832498550415,0.7966302037239075,-0.007410988211631775
56,hand,8,1,0.45288732647895813,0.7854248285293579,-0.006898744963109493
56,hand,9,1,0.4322609305381775,0.7886057496070862,-0.0036621233448386192
56,hand,10,1,0.4464913308620453,0.8046537041664124,-0.005102106835693121
56,hand,11,1,0.4502251148223877,0.7935386896133423,-0.0049210707657039165
56,hand,12,1,0.44853103160858154,0.7849041819572449,-0.004609895870089531
56,hand,13,1,0.4298781752586365,0.7864404916763306,-4.457133400137536e-05
56,hand,14,1,0.443277508020401,0.8006337881088257,-0.002041845815256238
56,hand,15,1,0.4463057219982147,0.7918931841850281,-0.001529735280200839
56,hand,16,1,0.4445157051086426,0.7836733460426331,-0.0007857296732254326
56,hand,17,1,0.42988938093185425,0.7838841080665588,0.00331677938811481
56,hand,18,1,0.44028690457344055,0.7961336970329285,0.0008777299080975354
56,hand,19,1,0.44292476773262024,0.7891458868980408,0.0009990409016609192
56,hand,20,1,0.4416908025741577,0.7813150882720947,0.0019176137866452336
56,pose,0,-1,0.5080510377883911,0.19385021924972534,-0.40614789724349976
56,pose,1,-1,0.5175991654396057,0.17049817740917206,-0.3856543004512787
56,pose,2,-1,0.5228126645088196,0.17111016809940338,-0.3857349455356598
56,pose,3,-1,0.5264259576797485,0.17187532782554626,-0.3857765793800354
56,pose,4,-1,0.5003912448883057,0.1710338592529297,-0.3862937390804291
56,pose,5,-1,0.49548542499542236,0.1714448630809784,-0.386356920003891
56,pose,6,-1,0.49051952362060547,0.1720447838306427,-0.38648489117622375
56,pose,7,-1,0.5347893834114075,0.18731017410755157,-0.2473173886537552
56,pose,8,-1,0.48580440878868103,0.1886630356311798,-0.25344738364219666
56,pose,9,-1,0.5188666582107544,0.2214696705341339,-0.35400083661079407
56,pose,10,-1,0.4988454580307007,0.2228154093027115,-0.3555431365966797
56,pose,11,-1,0.5818443298339844,0.33871957659721375,-0.15551303327083588
56,pose,12,-1,0.44792646169662476,0.3480474650859833,-0.1680033653974533
56,pose,13,-1,0.5985469818115234,0.533257782459259,-0.08248183131217957
56,pose,14,-1,0.4381360709667206,0.5468591451644897,-0.1309318244457245
56,pose,15,-1,0.6002829074859619,0.7225826978683472,-0.2035086750984192
56,pose,16,-1,0.44588714838027954,0.7267885208129883,-0.24992075562477112
56,pose,17,-1,0.6073731780052185,0.771777331829071,-0.24747729301452637
56,pose,18,-1,0.4435409903526306,0.777787446975708,-0.2888716161251068
56,pose,19,-1,0.5972424745559692,0.7717106342315674,-0.2867372930049896
56,pose,20,-1,0.4545068144798279,0.7765268087387085,-0.33203405141830444
56,pose,21,-1,0.5924158692359924,0.7547638416290283,-0.22065719962120056
56,pose,22,-1,0.4579290449619293,0.7595345973968506,-0.2687481939792633
56,pose,23,-1,0.5555013418197632,0.6984490752220154,0.0019043093780055642
56,pose,24,-1,0.48212751746177673,0.7048568725585938,-0.001826346735469997
56,pose,25,-1,0.5516631007194519,0.9482486248016357,-0.008495877496898174
56,pose,26,-1,0.49178722500801086,0.9446758031845093,0.0067446245811879635
56,pose,27,-1,0.5529468059539795,1.1339982748031616,0.3355346620082855
56,pose,28,-1,0.49247583746910095,1.1289184093475342,0.29708462953567505
56,pose,29,-1,0.5512315034866333,1.1555066108703613,0.3636040687561035
56,pose,30,-1,0.49392426013946533,1.146321415901184,0.32188472151756287
56,pose,31,-1,0.5550787448883057,1.2129966020584106,0.2420538365840912
56,pose,32,-1,0.49887800216674805,1.2118251323699951,0.17728093266487122
57,hand,0,0,0.5971959233283997,0.7355685830116272,-6.236052119135138e-09
57,hand,1,0,0.5878162384033203,0.7474613785743713,-0.00790348183363676
57,hand,2,0,0.5833269357681274,0.7709748148918152,-0.010921208187937737
57,hand,3,0,0.580019474029541,0.7938491106033325,-0.012337712571024895
57,hand,4,0,0.577019214630127,0.8110193610191345,-0.012472793459892273
57,hand,5,0,0.6019638180732727,0.7919987440109253,-0.006200667470693588
57,hand,6,0,0.5899183750152588,0.8138363361358643,-0.009022191166877747
57,hand,7,0,0.5837969779968262,0.8040435314178467,-0.010817047208547592
57,hand,8,0,0.5837425589561462,0.7921159863471985,-0.011405791155993938
57,hand,9,0,0.605084240436554,0.7933161854743958,-0.0025420687161386013
57,hand,10,0,0.5922111868858337,0.8128678798675537,-0.004429531283676624
57,hand,11,0,0.5855899453163147,0.8036664128303528,-0.005030469037592411
57,hand,12,0,0.5851724743843079,0.7931712865829468,-0.005094463005661964
57,hand,13,0,0.6048937439918518,0.7919921875,0.0005095546366646886
57,hand,14,0,0.5932327508926392,0.8110732436180115,-0.0013546537375077605
57,hand,15,0,0.5875449180603027,0.8029682636260986,-0.0006575314910151064
57,hand,16,0,0.5868036150932312,0.7932513952255249,0.0003236350603401661
57,hand,17,0,0.6034661531448364,0.7897728681564331,0.0029859314672648907
57,hand,18,0,0.5945116877555847,0.8059152364730835,0.0017486129654571414
57,hand,19,0,0.5897323489189148,0.8015566468238831,0.0025425483472645283
57,hand,20,0,0.5884290933609009,0.7949387431144714,0.0037276032380759716
57,hand,0,1,0.4372788965702057,0.7305488586425781,-1.031772995929714e-07
57,hand,1,1,0.4493520259857178,0.7455092072486877,-0.007580135017633438
57,hand,2,1,0.45633015036582947,0.7678765058517456,-0.010404330678284168
57,hand,3,1,0.46092793345451355,0.7890118956565857,-0.01137527171522379
57,hand,4,1,0.45990321040153503,0.8020276427268982,-0.011036255396902561
57,hand,5,1,0.4372970163822174,0.7864226698875427,-0.00847396720200777
57,hand,6,1,0.4497089087963104,0.8076463937759399,-0.008628246374428272
57,hand,7,1,0.4535149335861206,0.7952709197998047,-0.007359156850725412
57,hand,8,1,0.4520602226257324,0.7844451069831848,-0.006450199522078037
57,hand,9,1,0.4314086139202118,0.7870132327079773,-0.004106062464416027
57,hand,10,1,0.44559162855148315,0.8033941388130188,-0.005327408667653799
57,hand,11,1,0.4492609202861786,0.7918728590011597,-0.00475239148363471
57,hand,12,1,0.4475543797016144,0.7837817668914795,-0.004286895506083965
57,hand,13,1,0.428822785615921,0.7847477793693542,0.00023777034948579967
57,hand,14,1,0.44189515709877014,0.7991076111793518,-0.001666190568357706
57,hand,15,1,0.4449509382247925,0.7901532053947449,-0.0010002459166571498
57,hand,16,1,0.4433084726333618,0.7819485068321228,-0.00023561512352898717
57,hand,17,1,0.42851683497428894,0.7821650505065918,0.004274104721844196
57,hand,18,1,0.43846774101257324,0.7942967414855957,0.0017400665674358606
57,hand,19,1,0.44105657935142517,0.787360668182373,0.0017046540742740035
57,hand,20,1,0.4398551881313324,0.7795027494430542,0.002471928484737873
57,pose,0,-1,0.5084335207939148,0.19379952549934387,-0.41735875606536865
57,pose,1,-1,0.5181137323379517,0.17044351994991302,-0.39690956473350525
57,pose,2,-1,0.5230706334114075,0.17104388773441315,-0.3969893753528595
57,pose,3,-1,0.5268848538398743,0.17173074185848236,-0.39703360199928284
57,pose,4,-1,0.5007372498512268,0.17098574340343475,-0.39752498269081116
57,pose,5,-1,0.495685875415802,0.17142784595489502,-0.3975936770439148
57,pose,6,-1,0.4908216595649719,0.17201468348503113,-0.39771515130996704
57,pose,7,-1,0.5351449251174927,0.1869911551475525,-0.2572798430919647
57,pose,8,-1,0.4858621060848236,0.18857930600643158,-0.2634061872959137
57,pose,9,-1,0.5192024111747742,0.22130213677883148,-0.36457762122154236
57,pose,10,-1,0.49923285841941833,0.22272060811519623,-0.3661442697048187
57,pose,11,-1,0.5822924971580505,0.3394930064678192,-0.16303230822086334
57,pose,12,-1,0.44789400696754456,0.34787341952323914,-0.17534209787845612
57,pose,13,-1,0.5980309844017029,0.5357972979545593,-0.08576371520757675
57,pose,14,-1,0.4377076327800751,0.5467560887336731,-0.13729093968868256
57,pose,15,-1,0.6003523468971252,0.7251065373420715,-0.20641377568244934
57,pose,16,-1,0.44566431641578674,0.7267681360244751,-0.2563256025314331
57,pose,17,-1,0.6071615815162659,0.774573564529419,-0.24996785819530487
57,pose,18,-1,0.4431828260421753,0.7777757048606873,-0.29546403884887695
57,pose,19,-1,0.596899151802063,0.7748947143554688,-0.2891415059566498
57,pose,20,-1,0.4542413353919983,0.7765496969223022,-0.33823689818382263
57,pose,21,-1,0.5921961069107056,0.7572044730186462,-0.22344253957271576
57,pose,22,-1,0.45776259899139404,0.759550929069519,-0.2749141454696655
57,pose,23,-1,0.5551388263702393,0.6988210678100586,0.0019531636498868465
57,pose,24,-1,0.48194190859794617,0.7052241563796997,-0.0018623783253133297
57,pose,25,-1,0.5514184832572937,0.9482928514480591,-0.005116769578307867
57,pose,26,-1,0.49149462580680847,0.9458489418029785,0.0062322067096829414
57,pose,27,-1,0.5529829263687134,1.1341540813446045,0.34861481189727783
57,pose,28,-1,0.4924284815788269,1.1294373273849487,0.2992367446422577
57,pose,29,-1,0.5512783527374268,1.1554094552993774,0.3776814639568329
57,pose,30,-1,0.49388644099235535,1.1464829444885254,0.32486072182655334
57,pose,31,-1,0.5549821853637695,1.213655710220337,0.2559305429458618
57,pose,32,-1,0.4987809360027313,1.2126761674880981,0.17745527625083923
58,hand,0,0,0.5957993268966675,0.7358017563819885,-1.1835824764716563e-08
58,hand,1,0,0.5861217379570007,0.7484897375106812,-0.007843155413866043
58,hand,2,0,0.5816937685012817,0.771855890750885,-0.01082826592028141
58,hand,3,0,0.5781574249267578,0.7939425706863403,-0.012326410971581936
58,hand,4,0,0.5742633938789368,0.8108257055282593,-0.012495221570134163
58,hand,5,0,0.6001032590866089,0.7930794358253479,-0.005434390157461166
58,hand,6,0,0.5871752500534058,0.813218891620636,-0.008435655385255814
58,hand,7,0,0.582201361656189,0.8028687834739685,-0.010532031767070293
58,hand,8,0,0.5836063027381897,0.7913288474082947,-0.011408565565943718
58,hand,9,0,0.603255569934845,0.7943248152732849,-0.0019664852879941463
58,hand,10,0,0.5896758437156677,0.8125364184379578,-0.004037247039377689
58,hand,11,0,0.5841705799102783,0.8027731776237488,-0.004856922663748264
58,hand,12,0,0.5852925777435303,0.7928956747055054,-0.005136929918080568
58,hand,13,0,0.6031939387321472,0.7930682897567749,0.0008093374199233949
58,hand,14,0,0.5908450484275818,0.8110569715499878,-0.0011635618284344673
58,hand,15,0,0.5859674215316772,0.8024840950965881,-0.0004731628578156233
58,hand,16,0,0.5865712761878967,0.7932202219963074,0.0004346371570136398
58,hand,17,0,0.6017432808876038,0.7909832000732422,0.0029771102126687765
58,hand,18,0,0.5921792984008789,0.8063622713088989,0.0016696766251698136
58,hand,19,0,0.5881216526031494,0.8011515140533447,0.002513144863769412
58,hand,20,0,0.5881825089454651,0.7943363189697266,0.0036765229888260365
58,hand,0,1,0.43683409690856934,0.7297737002372742,-1.0445627651733957e-07
58,hand,1,1,0.4487822651863098,0.7442818880081177,-0.006816785782575607
58,hand,2,1,0.45545852184295654,0.765809953212738,-0.009444063529372215
58,hand,3,1,0.4599519371986389,0.7858976721763611,-0.010411249473690987
58,hand,4,1,0.4597986936569214,0.7993460893630981,-0.010173553600907326
58,hand,5,1,0.437051922082901,0.7862504720687866,-0.007919307798147202
58,hand,6,1,0.4495140016078949,0.8066005706787109,-0.008445586077868938
58,hand,7,1,0.4532986581325531,0.7950021624565125,-0.007658621296286583
58,hand,8,1,0.4518689811229706,0.7845029830932617,-0.007033290807157755
58,hand,9,1,0.43141838908195496,0.7866812944412231,-0.004188574850559235
58,hand,10,1,0.4458906054496765,0.8032734990119934,-0.0056548831053078175
58,hand,11,1,0.44962406158447266,0.7923720479011536,-0.005303854122757912
58,hand,12,1,0.4479127526283264,0.7840576767921448,-0.004930912051349878
58,hand,13,1,0.4290408790111542,0.7841907143592834,-0.0004904794041067362
58,hand,14,1,0.44238388538360596,0.7992740273475647,-0.0025363543536514044
58,hand,15,1,0.4455625116825104,0.7906822562217712,-0.0018800634425133467
58,hand,16,1,0.44381052255630493,0.7826651334762573,-0.0010872376151382923
58,hand,17,1,0.42903605103492737,0.781376838684082,0.0029259915463626385
58,hand,18,1,0.4394170045852661,0.793938934803009,0.000328464520862326
58,hand,19,1,0.44226619601249695,0.7873877882957458,0.0003439865540713072
58,hand,20,1,0.44108930230140686,0.7799831628799438,0.0011703410418704152
58,pose,0,-1,0.5088469982147217,0.1937442570924759,-0.4184807538986206
58,pose,1,-1,0.5185630321502686,0.17041121423244476,-0.39778947830200195
58,pose,2,-1,0.5233035087585449,0.1710217297077179,-0.39786815643310547
58,pose,3,-1,0.5272857546806335,0.1716693639755249,-0.3979116976261139
58,pose,4,-1,0.5010789036750793,0.17091955244541168,-0.39854252338409424
58,pose,5,-1,0.4958804249763489,0.17139394581317902,-0.3986133933067322
58,pose,6,-1,0.49111661314964294,0.1719633936882019,-0.3987449109554291
58,pose,7,-1,0.5355311036109924,0.18685626983642578,-0.25674840807914734
58,pose,8,-1,0.48593318462371826,0.18852168321609497,-0.2634827196598053
58,pose,9,-1,0.5195367336273193,0.2212062031030655,-0.3652133643627167
58,pose,10,-1,0.49963510036468506,0.22268334031105042,-0.3670073449611664
58,pose,11,-1,0.5825703144073486,0.3403482139110565,-0.1639603078365326
58,pose,12,-1,0.4478749930858612,0.34760406613349915,-0.17373470962047577
58,pose,13,-1,0.597625732421875,0.5374200344085693,-0.08815086632966995
58,pose,14,-1,0.4372732937335968,0.546683669090271,-0.1343384087085724
58,pose,15,-1,0.6002883315086365,0.727948009967804,-0.2113536149263382
58,pose,16,-1,0.4454702138900757,0.7268154621124268,-0.2547110915184021
58,pose,17,-1,0.6062265634536743,0.7786307334899902,-0.25571954250335693
58,pose,18,-1,0.44290781021118164,0.777839720249176,-0.2935706079006195
58,pose,19,-1,0.5960461497306824,0.7774116396903992,-0.2948685884475708
58,pose,20,-1,0.4540855586528778,0.7766030430793762,-0.3364754319190979
58,pose,21,-1,0.5916817784309387,0.7598205804824829,-0.22832855582237244
58,pose,22,-1,0.45764949917793274,0.7595918774604797,-0.2731633186340332
58,pose,23,-1,0.5551010370254517,0.7005415558815002,0.0013834609417244792
58,pose,24,-1,0.4817799925804138,0.7070085406303406,-0.0012872287770733237
58,pose,25,-1,0.5513584613800049,0.9498192667961121,-0.019623955711722374
58,pose,26,-1,0.49115005135536194,0.94887775182724,0.00375947798602283
58,pose,27,-1,0.5535086989402771,1.1381101608276367,0.3162499964237213
58,pose,28,-1,0.492156058549881,1.1333242654800415,0.299591988325119
58,pose,29,-1,0.5519642233848572,1.1597920656204224,0.342774361371994
58,pose,30,-1,0.49362078309059143,1.1512417793273926,0.32541221380233765
58,pose,31,-1,0.5555537939071655,1.2189961671829224,0.2174617201089859
58,pose,32,-1,0.4975779950618744,1.2153123617172241,0.177666574716568
59,hand,0,0,0.5937250256538391,0.7357994318008423,-2.7676465563786223e-09
59,hand,1,0,0.584980309009552,0.7492904663085938,-0.008005904965102673
59,hand,2,0,0.5812230706214905,0.7730337977409363,-0.01029124017804861
59,hand,3,0,0.5776311755180359,0.795448899269104,-0.010921543464064598
59,hand,4,0,0.5744576454162598,0.8121886849403381,-0.010261700488626957
59,hand,5,0,0.5985556840896606,0.7937671542167664,-0.003906589932739735
59,hand,6,0,0.5857343673706055,0.8129468560218811,-0.006098474841564894
59,hand,7,0,0.5805673003196716,0.8030717372894287,-0.0079721137881279
59,hand,8,0,0.5811339616775513,0.7917198538780212,-0.008651882410049438
59,hand,9,0,0.6010993123054504,0.7943785786628723,0.00018982529581990093
59,hand,10,0,0.5880287289619446,0.8114715814590454,-0.0011985620949417353
59,hand,11,0,0.5822315812110901,0.8019788265228271,-0.002117031952366233
59,hand,12,0,0.5822135806083679,0.7918817400932312,-0.002348510315641761
59,hand,13,0,0.6007834672927856,0.7921592593193054,0.0035190063063055277
59,hand,14,0,0.5888599753379822,0.8083115220069885,0.0020112982019782066
59,hand,15,0,0.5837047696113586,0.8000203967094421,0.0020605053286999464
59,hand,16,0,0.5834454298019409,0.7903518080711365,0.002655468415468931
59,hand,17,0,0.5992974638938904,0.789076566696167,0.006252591498196125
59,hand,18,0,0.5902983546257019,0.8029118180274963,0.005093217361718416
59,hand,19,0,0.5859673619270325,0.7982138395309448,0.005412666127085686
59,hand,20,0,0.5852014422416687,0.7915756106376648,0.006320376880466938
59,hand,0,1,0.436678022146225,0.7294149994850159,-1.0410343520561582e-07
59,hand,1,1,0.448748379945755,0.7440359592437744,-0.007068383041769266
59,hand,2,1,0.4558841586112976,0.7663078308105469,-0.009629441425204277
59,hand,3,1,0.4604346752166748,0.7873470187187195,-0.010424192063510418
59,hand,4,1,0.4593749940395355,0.8009873032569885,-0.009983057156205177
59,hand,5,1,0.4367130994796753,0.7850452661514282,-0.007951625622808933
59,hand,6,1,0.44922947883605957,0.8063588738441467,-0.008052811026573181
59,hand,7,1,0.4537021517753601,0.795791745185852,-0.0068479967303574085
59,hand,8,1,0.4529687762260437,0.7849341630935669,-0.005938602611422539
59,hand,9,1,0.43119102716445923,0.7855329513549805,-0.0039042378775775433
59,hand,10,1,0.44573941826820374,0.8026908040046692,-0.004922559950500727
59,hand,11,1,0.4499802589416504,0.7925035953521729,-0.004461862612515688
59,hand,12,1,0.4487839341163635,0.7840063571929932,-0.004135511815547943
59,hand,13,1,0.4290091097354889,0.7833085060119629,0.00012740909005515277
59,hand,14,1,0.4421904683113098,0.7988202571868896,-0.0015852563083171844
59,hand,15,1,0.445782333612442,0.7909203767776489,-0.0010893200524151325
59,hand,16,1,0.4446309506893158,0.782580554485321,-0.0005175898550078273
59,hand,17,1,0.4291491210460663,0.7808594703674316,0.003891236148774624
59,hand,18,1,0.4392555058002472,0.7937519550323486,0.001469029695726931
59,hand,19,1,0.44249799847602844,0.7877739071846008,0.0013356934068724513
59,hand,20,1,0.44177722930908203,0.7804193496704102,0.0019756362307816744
59,pose,0,-1,0.509200930595398,0.19378627836704254,-0.407029926776886
59,pose,1,-1,0.5189167261123657,0.17044278979301453,-0.3860829770565033
59,pose,2,-1,0.5235211253166199,0.17105934023857117,-0.38617220520973206
59,pose,3,-1,0.5276771187782288,0.17170719802379608,-0.3862139880657196
59,pose,4,-1,0.5013893246650696,0.17092826962471008,-0.3868465721607208
59,pose,5,-1,0.4960784316062927,0.17141304910182953,-0.3869115114212036
59,pose,6,-1,0.49138787388801575,0.17198164761066437,-0.3870408833026886
59,pose,7,-1,0.5358541011810303,0.18684150278568268,-0.2458379566669464
59,pose,8,-1,0.4860052168369293,0.18851850926876068,-0.2523292899131775
59,pose,9,-1,0.5198313593864441,0.22123637795448303,-0.3541954457759857
59,pose,10,-1,0.49997204542160034,0.22270376980304718,-0.3559240996837616
59,pose,11,-1,0.5826183557510376,0.34092941880226135,-0.15648815035820007
59,pose,12,-1,0.447847843170166,0.3472646176815033,-0.1651400774717331
59,pose,13,-1,0.5966236591339111,0.5383086800575256,-0.08733682334423065
59,pose,14,-1,0.4368835389614105,0.5467157363891602,-0.12728160619735718
59,pose,15,-1,0.5999492406845093,0.7290115356445312,-0.2107667773962021
59,pose,16,-1,0.4453245997428894,0.7269462943077087,-0.24747659265995026
59,pose,17,-1,0.6052661538124084,0.7794342637062073,-0.2562512457370758
59,pose,18,-1,0.442883163690567,0.7781469225883484,-0.2867395579814911
59,pose,19,-1,0.5952774286270142,0.7784662842750549,-0.2951001822948456
59,pose,20,-1,0.45404455065727234,0.7767546772956848,-0.3294934928417206
59,pose,21,-1,0.5911171436309814,0.761261522769928,-0.22777266800403595
59,pose,22,-1,0.45758113265037537,0.7597553133964539,-0.26600563526153564
59,pose,23,-1,0.554387092590332,0.7033094763755798,0.0007318287971429527
59,pose,24,-1,0.4813177287578583,0.7090174555778503,-0.0006086198845878243
59,pose,25,-1,0.5512826442718506,0.951798141002655,-0.02441568300127983
59,pose,26,-1,0.4909310042858124,0.9517311453819275,0.00785006582736969
59,pose,27,-1,0.5540563464164734,1.1396797895431519,0.3002067804336548
59,pose,28,-1,0.49217596650123596,1.1352322101593018,0.30636903643608093
59,pose,29,-1,0.5526717305183411,1.1617096662521362,0.32584625482559204
59,pose,30,-1,0.49362823367118835,1.1541715860366821,0.3321792185306549
59,pose,31,-1,0.5563192963600159,1.2210242748260498,0.20113129913806915
59,pose,32,-1,0.4975547790527344,1.2164945602416992,0.18651485443115234
