frame,part,index,hand_index,x,y,z
1,hand,0,0,0.571028470993042,0.8288167715072632,8.657185901483899e-08
1,hand,1,0,0.5546653270721436,0.8415073156356812,-0.0026579180266708136
1,hand,2,0,0.5463728308677673,0.8693772554397583,-0.0029923964757472277
1,hand,3,0,0.5434496402740479,0.8954801559448242,-0.0025045431684702635
1,hand,4,0,0.5408217906951904,0.9147158861160278,-0.0014812779845669866
1,hand,5,0,0.5576145648956299,0.8984348773956299,-0.0026240588631480932
1,hand,6,0,0.5517727732658386,0.9314507246017456,-0.0027413954958319664
1,hand,7,0,0.5465633273124695,0.9433488845825195,-0.0024251220747828484
1,hand,8,0,0.5423508882522583,0.9498373866081238,-0.0018977891886606812
1,hand,9,0,0.5671411156654358,0.89961177110672,-0.0011204766342416406
1,hand,10,0,0.560157299041748,0.9326262474060059,-0.0004083170788362622
1,hand,11,0,0.5532192587852478,0.9407594799995422,0.0004568455333355814
1,hand,12,0,0.5482391119003296,0.942553699016571,0.001088484888896346
1,hand,13,0,0.5739014744758606,0.8954836130142212,0.0004077904741279781
1,hand,14,0,0.5680601596832275,0.9255622625350952,0.001303102937527001
1,hand,15,0,0.561328113079071,0.9320122003555298,0.0025821453891694546
1,hand,16,0,0.5566760301589966,0.9327536225318909,0.0032928851433098316
1,hand,17,0,0.5784324407577515,0.8892020583152771,0.001725778798572719
1,hand,18,0,0.5753486752510071,0.9163202047348022,0.002824588678777218
1,hand,19,0,0.5698986053466797,0.9229854345321655,0.0049058361910283566
1,hand,20,0,0.5657534003257751,0.9229574203491211,0.006594096310436726
1,hand,0,1,0.39805924892425537,0.829756498336792,-6.308674027621919e-09
1,hand,1,1,0.41461655497550964,0.8424637317657471,-0.004928550682961941
1,hand,2,1,0.4235553741455078,0.867771565914154,-0.006364533212035894
1,hand,3,1,0.4286773204803467,0.8926806449890137,-0.006808487232774496
1,hand,4,1,0.43455031514167786,0.9113873243331909,-0.006474568974226713
1,hand,5,1,0.41307705640792847,0.8939051032066345,-0.002946279477328062
1,hand,6,1,0.4200969636440277,0.9240896105766296,-0.0036189269740134478
1,hand,7,1,0.42542409896850586,0.9387831091880798,-0.004163291305303574
1,hand,8,1,0.43011802434921265,0.9494632482528687,-0.004344574641436338
1,hand,9,1,0.40433138608932495,0.8970130681991577,-0.0007158048101700842
1,hand,10,1,0.41163018345832825,0.9263187646865845,-0.0008916855440475047
1,hand,11,1,0.4196333587169647,0.9366861581802368,-0.0007300262222997844
1,hand,12,1,0.4256899058818817,0.9418848752975464,-0.000470877654151991
1,hand,13,1,0.3984774351119995,0.8955534100532532,0.0011617845157161355
1,hand,14,1,0.4047941267490387,0.9225338697433472,0.0008752073626965284
1,hand,15,1,0.41216424107551575,0.9314519166946411,0.0017891272436827421
1,hand,16,1,0.4178116023540497,0.934251606464386,0.002750023500993848
1,hand,17,1,0.39502644538879395,0.8921611309051514,0.0025762803852558136
1,hand,18,1,0.3985261023044586,0.9152030944824219,0.00291995657607913
1,hand,19,1,0.4047861695289612,0.9239179491996765,0.004292038269340992
1,hand,20,1,0.41025230288505554,0.9259593486785889,0.005706160794943571
1,pose,0,-1,0.47470512986183167,0.200647234916687,-0.46342459321022034
1,pose,1,-1,0.4849061667919159,0.17289501428604126,-0.44093072414398193
1,pose,2,-1,0.490841805934906,0.17255711555480957,-0.4410274922847748
1,pose,3,-1,0.49580010771751404,0.17291492223739624,-0.44105061888694763
1,pose,4,-1,0.4661155641078949,0.17657214403152466,-0.4412006437778473
1,pose,5,-1,0.4601587951183319,0.1784963607788086,-0.44122064113616943
1,pose,6,-1,0.4550013542175293,0.17998725175857544,-0.4414062798023224
1,pose,7,-1,0.5055704712867737,0.18778806924819946,-0.2857722342014313
1,pose,8,-1,0.45077988505363464,0.19589120149612427,-0.2845824062824249
1,pose,9,-1,0.4894838333129883,0.23170888423919678,-0.40489017963409424
1,pose,10,-1,0.46585676074028015,0.23401868343353271,-0.4043269455432892
1,pose,11,-1,0.5660009384155273,0.36965522170066833,-0.1748078614473343
1,pose,12,-1,0.4109722375869751,0.380151629447937,-0.21000060439109802
1,pose,13,-1,0.5788450241088867,0.6096219420433044,-0.12029425799846649
1,pose,14,-1,0.3954409062862396,0.6193166971206665,-0.19675865769386292
1,pose,15,-1,0.5707400441169739,0.8145492076873779,-0.28561657667160034
1,pose,16,-1,0.4037714898586273,0.8233003616333008,-0.35959023237228394
1,pose,17,-1,0.5722541213035583,0.8871082663536072,-0.3445298373699188
1,pose,18,-1,0.40624889731407166,0.8914535641670227,-0.4134095013141632
1,pose,19,-1,0.5580272674560547,0.8833791613578796,-0.3851744830608368
1,pose,20,-1,0.4194682538509369,0.8863840699195862,-0.4612003266811371
1,pose,21,-1,0.5526701807975769,0.8683344125747681,-0.305457204580307
1,pose,22,-1,0.4221249222755432,0.868667483329773,-0.38143786787986755
1,pose,23,-1,0.5305813550949097,0.7912560105323792,0.00803384929895401
1,pose,24,-1,0.4420296549797058,0.7961149215698242,-0.007428925018757582
1,pose,25,-1,0.5281087160110474,1.0883967876434326,-0.02358045056462288
1,pose,26,-1,0.4578978717327118,1.023056983947754,0.04464573785662651
1,pose,27,-1,0.5337309241294861,1.3248153924942017,0.318279892206192
1,pose,28,-1,0.45624786615371704,1.3279036283493042,0.3439427316188812
1,pose,29,-1,0.5332810878753662,1.3587653636932373,0.3421957790851593
1,pose,30,-1,0.4567946493625641,1.363220453262329,0.36710330843925476
1,pose,31,-1,0.5311165452003479,1.4137821197509766,0.15921084582805634
1,pose,32,-1,0.4677687883377075,1.4184596538543701,0.16386903822422028
2,hand,0,0,0.5706682205200195,0.8281568288803101,8.436198584149679e-08
2,hand,1,0,0.554926335811615,0.8411023616790771,-0.0017456304049119353
2,hand,2,0,0.5462718605995178,0.8695312738418579,-0.001330084283836186
2,hand,3,0,0.5435382723808289,0.8957686424255371,4.859613000007812e-06
2,hand,4,0,0.5411285161972046,0.914847731590271,0.0018858668627217412
2,hand,5,0,0.5569502115249634,0.8966042399406433,-0.0018673994345590472
2,hand,6,0,0.5515158176422119,0.930149495601654,-0.0007906574755907059
2,hand,7,0,0.5470192432403564,0.9423444271087646,0.00048720836639404297
2,hand,8,0,0.5434613227844238,0.9498488306999207,0.0016297720139846206
2,hand,9,0,0.5664193630218506,0.8985109329223633,-0.00015817259554751217
2,hand,10,0,0.5597320199012756,0.9315577745437622,0.0018508300418034196
2,hand,11,0,0.5531506538391113,0.9383478760719299,0.00368423736654222
2,hand,12,0,0.5487832427024841,0.9387401342391968,0.005001578014343977
2,hand,13,0,0.5731066465377808,0.8948659896850586,0.0017292167758569121
2,hand,14,0,0.5678208470344543,0.9251631498336792,0.0038614985533058643
2,hand,15,0,0.5612499713897705,0.9307223558425903,0.005831832066178322
2,hand,16,0,0.5570217370986938,0.9304012656211853,0.006890039425343275
2,hand,17,0,0.5776337385177612,0.8890275955200195,0.003487642854452133
2,hand,18,0,0.5745226144790649,0.9144936800003052,0.0056331343948841095
2,hand,19,0,0.5692539811134338,0.9193129539489746,0.008111496455967426
2,hand,20,0,0.5657885074615479,0.9177930951118469,0.010023614391684532
2,hand,0,1,0.39834675192832947,0.8301336169242859,8.087956082647452e-09
2,hand,1,1,0.4146079421043396,0.8427727222442627,-0.005449396558105946
2,hand,2,1,0.42323270440101624,0.8681256771087646,-0.007152687758207321
2,hand,3,1,0.42827847599983215,0.8929624557495117,-0.007655149791389704
2,hand,4,1,0.4346989691257477,0.9105538725852966,-0.007471475284546614
2,hand,5,1,0.4124954342842102,0.8909013271331787,-0.005084609612822533
2,hand,6,1,0.41984403133392334,0.9221895933151245,-0.006627868860960007
2,hand,7,1,0.4251127541065216,0.9370212554931641,-0.007455587852746248
2,hand,8,1,0.42979055643081665,0.9486477375030518,-0.0077274879440665245
2,hand,9,1,0.40376439690589905,0.8948484659194946,-0.0026638752315193415
2,hand,10,1,0.41200342774391174,0.9262245297431946,-0.003820000682026148
2,hand,11,1,0.41966745257377625,0.9380253553390503,-0.0040648761205375195
2,hand,12,1,0.4255116879940033,0.9439178109169006,-0.004005161579698324
2,hand,13,1,0.39823493361473083,0.8942354917526245,-0.0005372245796024799
2,hand,14,1,0.4051206111907959,0.9224156737327576,-0.0016781993908807635
2,hand,15,1,0.41251319646835327,0.932449221611023,-0.001560617471113801
2,hand,16,1,0.41828733682632446,0.9357621669769287,-0.0010103356325998902
2,hand,17,1,0.3954080045223236,0.8920932412147522,0.001174024771898985
2,hand,18,1,0.399567574262619,0.9153966903686523,0.0005742585635744035
2,hand,19,1,0.40587589144706726,0.9254084825515747,0.0009576810407452285
2,hand,20,1,0.4115523397922516,0.9291661381721497,0.00172344536986202
2,pose,0,-1,0.4745701253414154,0.20157277584075928,-0.46636006236076355
2,pose,1,-1,0.4846562445163727,0.17335085570812225,-0.44480568170547485
2,pose,2,-1,0.49079498648643494,0.1731378585100174,-0.44490373134613037
2,pose,3,-1,0.4959387481212616,0.17354948818683624,-0.44491904973983765
2,pose,4,-1,0.46554988622665405,0.1765604019165039,-0.4443887770175934
2,pose,5,-1,0.4597387909889221,0.1783118098974228,-0.4444390535354614
2,pose,6,-1,0.45496681332588196,0.17975379526615143,-0.4446183145046234
2,pose,7,-1,0.5055971741676331,0.18810498714447021,-0.2908499538898468
2,pose,8,-1,0.4508306682109833,0.19543451070785522,-0.2869912087917328
2,pose,9,-1,0.48918354511260986,0.23348353803157806,-0.4077262282371521
2,pose,10,-1,0.46535444259643555,0.23551411926746368,-0.40652114152908325
2,pose,11,-1,0.5655533075332642,0.36966472864151,-0.17653430998325348
2,pose,12,-1,0.4095540940761566,0.3809032440185547,-0.20830614864826202
2,pose,13,-1,0.5788720846176147,0.6096208095550537,-0.11782094836235046
2,pose,14,-1,0.3947850167751312,0.6188103556632996,-0.18691638112068176
2,pose,15,-1,0.571066677570343,0.8177189826965332,-0.28199806809425354
2,pose,16,-1,0.4036339223384857,0.8237919211387634,-0.34280723333358765
2,pose,17,-1,0.5733720660209656,0.8871025443077087,-0.34106239676475525
2,pose,18,-1,0.4056384265422821,0.8915377855300903,-0.3957735300064087
2,pose,19,-1,0.5601093173027039,0.8834723234176636,-0.3833848237991333
2,pose,20,-1,0.4194674789905548,0.8871760964393616,-0.44281861186027527
2,pose,21,-1,0.5559189915657043,0.8674742579460144,-0.3019704222679138
2,pose,22,-1,0.42229005694389343,0.8685998320579529,-0.36329492926597595
2,pose,23,-1,0.5307421684265137,0.7919064164161682,0.008022000081837177
2,pose,24,-1,0.44242462515830994,0.7993956208229065,-0.007428437937051058
2,pose,25,-1,0.5242265462875366,1.0503836870193481,-0.01774449832737446
2,pose,26,-1,0.45837756991386414,1.0321635007858276,0.03521681949496269
2,pose,27,-1,0.5337277054786682,1.3268173933029175,0.34670814871788025
2,pose,28,-1,0.45629051327705383,1.3280538320541382,0.33176174759864807
2,pose,29,-1,0.5332937836647034,1.3594392538070679,0.3743028938770294
2,pose,30,-1,0.4568818211555481,1.3630269765853882,0.3557792007923126
2,pose,31,-1,0.5308880805969238,1.4152212142944336,0.20281723141670227
2,pose,32,-1,0.46821069717407227,1.418458342552185,0.16173981130123138
3,hand,0,0,0.570476233959198,0.8286845088005066,8.855911914906756e-08
3,hand,1,0,0.5546198487281799,0.8416820764541626,-0.0019967786502093077
3,hand,2,0,0.5462263822555542,0.869735062122345,-0.0019250172190368176
3,hand,3,0,0.5433560609817505,0.8963969945907593,-0.0009649985004216433
3,hand,4,0,0.5402993559837341,0.9153786301612854,0.0005219738814048469
3,hand,5,0,0.5570780038833618,0.896686851978302,-0.0024047670885920525
3,hand,6,0,0.5518975853919983,0.9304882884025574,-0.0017421055817976594
3,hand,7,0,0.547487735748291,0.9423673748970032,-0.0006434235256165266
3,hand,8,0,0.5438747406005859,0.9492667317390442,0.0004567182040773332
3,hand,9,0,0.5665377378463745,0.8986132144927979,-0.0007023721700534225
3,hand,10,0,0.5600436925888062,0.9318476319313049,0.0010722962906584144
3,hand,11,0,0.5536044836044312,0.9387373328208923,0.0029376025777310133
3,hand,12,0,0.5491307973861694,0.9391871094703674,0.004333207383751869
3,hand,13,0,0.5733513832092285,0.8949897885322571,0.0011530362535268068
3,hand,14,0,0.5680602788925171,0.9248884320259094,0.003142982255667448
3,hand,15,0,0.5616697072982788,0.9303578734397888,0.005257639568299055
3,hand,16,0,0.5573870539665222,0.9299141764640808,0.006480855867266655
3,hand,17,0,0.5781171917915344,0.8891178965568542,0.002832371275871992
3,hand,18,0,0.5749040246009827,0.9142115116119385,0.004818845074623823
3,hand,19,0,0.5696882009506226,0.919269859790802,0.0073039354756474495
3,hand,20,0,0.5661991834640503,0.9181809425354004,0.009299944154918194
3,hand,0,1,0.39827680587768555,0.8317504525184631,4.368372330532111e-09
3,hand,1,1,0.41476166248321533,0.8426728844642639,-0.005041888449341059
3,hand,2,1,0.4235042333602905,0.8676065802574158,-0.0063666305504739285
3,hand,3,1,0.42824915051460266,0.8925051093101501,-0.006486962549388409
3,hand,4,1,0.4344159662723541,0.9101089239120483,-0.005890280473977327
3,hand,5,1,0.4128998816013336,0.8933908343315125,-0.00388812692835927
3,hand,6,1,0.42033669352531433,0.9245436787605286,-0.0044418261386454105
3,hand,7,1,0.42551687359809875,0.9383498430252075,-0.004764443263411522
3,hand,8,1,0.43003055453300476,0.9489105939865112,-0.004710812121629715
3,hand,9,1,0.40417951345443726,0.896824061870575,-0.0011692267144098878
3,hand,10,1,0.4124700725078583,0.9273117184638977,-0.0013337834971025586
3,hand,11,1,0.42007970809936523,0.937495768070221,-0.0011869097361341119
3,hand,12,1,0.4256066083908081,0.9421036243438721,-0.000900872575584799
3,hand,13,1,0.39865636825561523,0.8956921100616455,0.001318383147008717
3,hand,14,1,0.40552955865859985,0.9232012033462524,0.0011214320547878742
3,hand,15,1,0.41294363141059875,0.9323364496231079,0.0015419060364365578
3,hand,16,1,0.418499231338501,0.9351687431335449,0.002166185062378645
3,hand,17,1,0.3957037329673767,0.8934811353683472,0.0034251767210662365
3,hand,18,1,0.40012234449386597,0.9164470434188843,0.0036687215324491262
3,hand,19,1,0.4065345227718353,0.925890326499939,0.004441472701728344
3,hand,20,1,0.41193830966949463,0.9294208884239197,0.005395146086812019
3,pose,0,-1,0.4745693504810333,0.2018250674009323,-0.4665132164955139
3,pose,1,-1,0.4846416413784027,0.17348657548427582,-0.4448346197605133
3,pose,2,-1,0.49081727862358093,0.17337022721767426,-0.4449325203895569
3,pose,3,-1,0.4963154196739197,0.1738610863685608,-0.44494447112083435
3,pose,4,-1,0.4654344916343689,0.17637108266353607,-0.4444246292114258
3,pose,5,-1,0.45958349108695984,0.17777715623378754,-0.44447702169418335
3,pose,6,-1,0.45496615767478943,0.17910294234752655,-0.44465363025665283
3,pose,7,-1,0.5057329535484314,0.18821051716804504,-0.2905954420566559
3,pose,8,-1,0.4509660303592682,0.19431540369987488,-0.28694114089012146
3,pose,9,-1,0.48914575576782227,0.2340378612279892,-0.40779390931129456
3,pose,10,-1,0.46527156233787537,0.23586608469486237,-0.406612753868103
3,pose,11,-1,0.5654209852218628,0.36973270773887634,-0.17646823823451996
3,pose,12,-1,0.4085770845413208,0.3821108341217041,-0.20454950630664825
3,pose,13,-1,0.5789443850517273,0.6097254157066345,-0.11459913849830627
3,pose,14,-1,0.3942170739173889,0.6187077164649963,-0.18129701912403107
3,pose,15,-1,0.5713132619857788,0.8196619153022766,-0.2801300287246704
3,pose,16,-1,0.4036204516887665,0.8239473104476929,-0.3382723927497864
3,pose,17,-1,0.5742548704147339,0.8870050311088562,-0.3394450545310974
3,pose,18,-1,0.40541887283325195,0.8915737867355347,-0.39138343930244446
3,pose,19,-1,0.5615078806877136,0.8834702968597412,-0.38237541913986206
3,pose,20,-1,0.4196307957172394,0.8876653909683228,-0.4380966126918793
3,pose,21,-1,0.5577201247215271,0.8665591478347778,-0.3002096116542816
3,pose,22,-1,0.42289406061172485,0.8685053586959839,-0.3584996461868286
3,pose,23,-1,0.5311823487281799,0.7929115295410156,0.007843682542443275
3,pose,24,-1,0.44274693727493286,0.802214503288269,-0.007300467696040869
3,pose,25,-1,0.5242699980735779,1.0780271291732788,-0.012320165522396564
3,pose,26,-1,0.4586467742919922,1.0370439291000366,0.030440781265497208
3,pose,27,-1,0.5335415601730347,1.330318808555603,0.35146623849868774
3,pose,28,-1,0.4562247693538666,1.3300000429153442,0.3197159171104431
3,pose,29,-1,0.5331541895866394,1.3619568347930908,0.3787096440792084
3,pose,30,-1,0.45680996775627136,1.3637062311172485,0.34299126267433167
3,pose,31,-1,0.530449390411377,1.4176937341690063,0.20691217482089996
3,pose,32,-1,0.46830254793167114,1.4198338985443115,0.15039177238941193
4,hand,0,0,0.5705605149269104,0.8289316892623901,9.023285230114197e-08
4,hand,1,0,0.5547911524772644,0.8424442410469055,-0.001638437039218843
4,hand,2,0,0.5464460849761963,0.8708810210227966,-0.0011851141462102532
4,hand,3,0,0.5433493256568909,0.8971596360206604,0.00011903054837603122
4,hand,4,0,0.5404924750328064,0.9160166382789612,0.001953601837158203
4,hand,5,0,0.5570129752159119,0.8971007466316223,-0.0016043157083913684
4,hand,6,0,0.5518732666969299,0.9305606484413147,-0.0006126607768237591
4,hand,7,0,0.5474447011947632,0.9426995515823364,0.0005762348300777376
4,hand,8,0,0.5437964200973511,0.9500727653503418,0.0016908308025449514
4,hand,9,0,0.5664580464363098,0.8989037871360779,1.3634398783324286e-05
4,hand,10,0,0.560190737247467,0.9317382574081421,0.0018880846910178661
4,hand,11,0,0.5535731315612793,0.9391962885856628,0.0036430037580430508
4,hand,12,0,0.5488846302032471,0.9400932788848877,0.004980153404176235
4,hand,13,0,0.5733078718185425,0.895255446434021,0.0017899208469316363
4,hand,14,0,0.5681934356689453,0.9249342083930969,0.003831747453659773
4,hand,15,0,0.5616119503974915,0.9307942390441895,0.005735664162784815
4,hand,16,0,0.5571196675300598,0.9307489395141602,0.006843991577625275
4,hand,17,0,0.5779929161071777,0.889496922492981,0.0034256905782967806
4,hand,18,0,0.5747700333595276,0.91462242603302,0.005551377311348915
4,hand,19,0,0.5695188045501709,0.9199122786521912,0.00799505040049553
4,hand,20,0,0.5658597350120544,0.9189830422401428,0.009941458702087402
4,hand,0,1,0.39831215143203735,0.8305127024650574,7.981548755253698e-09
4,hand,1,1,0.4148131012916565,0.8426116108894348,-0.005084918811917305
4,hand,2,1,0.423522412776947,0.8678215742111206,-0.00636634137481451
4,hand,3,1,0.42840707302093506,0.8925491571426392,-0.006494598928838968
4,hand,4,1,0.4343385696411133,0.9102973341941833,-0.005913581699132919
4,hand,5,1,0.41304799914360046,0.8922399282455444,-0.003765011439099908
4,hand,6,1,0.4201868176460266,0.9229544997215271,-0.004607703071087599
4,hand,7,1,0.42532220482826233,0.937269926071167,-0.005221003200858831
4,hand,8,1,0.4299989640712738,0.9485977292060852,-0.005443644244223833
4,hand,9,1,0.4043968915939331,0.8958296775817871,-0.0012652231380343437
4,hand,10,1,0.41251909732818604,0.9258535504341125,-0.001771471812389791
4,hand,11,1,0.4201582670211792,0.9376591444015503,-0.0019958573393523693
4,hand,12,1,0.4260694086551666,0.9440472722053528,-0.0020503068808466196
4,hand,13,1,0.3988294005393982,0.8949551582336426,0.000939197139814496
4,hand,14,1,0.40569382905960083,0.9224308729171753,0.0002671792171895504
4,hand,15,1,0.41300255060195923,0.932482123374939,0.00029581718263216317
4,hand,16,1,0.41880983114242554,0.9361210465431213,0.0006711621535941958
4,hand,17,1,0.39585739374160767,0.8928638696670532,0.002749773906543851
4,hand,18,1,0.39995241165161133,0.9155967831611633,0.002491337712854147
4,hand,19,1,0.40614253282546997,0.9255460500717163,0.002880829619243741
4,hand,20,1,0.41164442896842957,0.9297033548355103,0.0035736130084842443
4,pose,0,-1,0.4745960533618927,0.2018115222454071,-0.4711707830429077
4,pose,1,-1,0.48464372754096985,0.17348681390285492,-0.44887882471084595
4,pose,2,-1,0.490874320268631,0.17338405549526215,-0.4489701986312866
4,pose,3,-1,0.4966667592525482,0.17388778924942017,-0.44897034764289856
4,pose,4,-1,0.46540603041648865,0.175955668091774,-0.449124276638031
4,pose,5,-1,0.4595089554786682,0.17703695595264435,-0.4491848945617676
4,pose,6,-1,0.45496585965156555,0.17822551727294922,-0.44935473799705505
4,pose,7,-1,0.5058643817901611,0.18818095326423645,-0.2922385334968567
4,pose,8,-1,0.45101940631866455,0.1931375116109848,-0.291525274515152
4,pose,9,-1,0.48914986848831177,0.23403726518154144,-0.4115893244743347
4,pose,10,-1,0.465265154838562,0.23586830496788025,-0.4113028347492218
4,pose,11,-1,0.5653775334358215,0.3698727488517761,-0.17657926678657532
4,pose,12,-1,0.4080880582332611,0.38315460085868835,-0.20645475387573242
4,pose,13,-1,0.5789743661880493,0.6101447939872742,-0.11413436383008957
4,pose,14,-1,0.3939523696899414,0.6187069416046143,-0.18304334580898285
4,pose,15,-1,0.5716330409049988,0.8209667205810547,-0.2802627980709076
4,pose,16,-1,0.40361785888671875,0.8245060443878174,-0.3409549593925476
4,pose,17,-1,0.5749809145927429,0.8870092034339905,-0.3396090865135193
4,pose,18,-1,0.4052870571613312,0.8917616605758667,-0.3941032290458679
4,pose,19,-1,0.5624557733535767,0.8835196495056152,-0.38304802775382996
4,pose,20,-1,0.4198063910007477,0.888275146484375,-0.44124582409858704
4,pose,21,-1,0.5588786602020264,0.8661933541297913,-0.3002687990665436
4,pose,22,-1,0.4233551621437073,0.8685057759284973,-0.3614892065525055
4,pose,23,-1,0.5314754843711853,0.7944409847259521,0.008015015162527561
4,pose,24,-1,0.44292742013931274,0.8051965832710266,-0.007514460943639278
4,pose,25,-1,0.5245665907859802,1.0914727449417114,-0.0019994033500552177
4,pose,26,-1,0.4590536952018738,1.040318489074707,0.03088485263288021
4,pose,27,-1,0.5334722995758057,1.334725260734558,0.3529464900493622
4,pose,28,-1,0.4562202990055084,1.3335877656936646,0.3162994980812073
4,pose,29,-1,0.5330718755722046,1.366227149963379,0.37897318601608276
4,pose,30,-1,0.4568025767803192,1.3664311170578003,0.3388259708881378
4,pose,31,-1,0.5303000807762146,1.4211716651916504,0.20426273345947266
4,pose,32,-1,0.46830305457115173,1.422872543334961,0.1438186764717102
5,hand,0,0,0.5701208114624023,0.8274431228637695,9.559954605720122e-08
5,hand,1,0,0.5544360876083374,0.8410610556602478,-0.002478261711075902
5,hand,2,0,0.5458773970603943,0.8701426386833191,-0.00261928653344512
5,hand,3,0,0.5419673323631287,0.8961688280105591,-0.0018466045148670673
5,hand,4,0,0.5380553603172302,0.9144182205200195,-0.0005677339504472911
5,hand,5,0,0.5570113658905029,0.8956270813941956,-0.003199869766831398
5,hand,6,0,0.5511451959609985,0.9287949800491333,-0.0029493302572518587
5,hand,7,0,0.5461466312408447,0.9415262341499329,-0.0021985748317092657
5,hand,8,0,0.5422197580337524,0.9499906301498413,-0.0014936774969100952
5,hand,9,0,0.5665305852890015,0.8975343704223633,-0.0016192588955163956
5,hand,10,0,0.5593464374542236,0.9309006929397583,-0.0008638257859274745
5,hand,11,0,0.5518007874488831,0.9378176927566528,0.000470466329716146
5,hand,12,0,0.5465488433837891,0.9384534358978271,0.001529152737930417
5,hand,13,0,0.5731332302093506,0.893970251083374,8.110958151519299e-05
5,hand,14,0,0.5675959587097168,0.9248958826065063,0.0010717607801780105
5,hand,15,0,0.560236930847168,0.9297521114349365,0.002709851833060384
5,hand,16,0,0.5551914572715759,0.928615152835846,0.0036949627101421356
5,hand,17,0,0.5773013830184937,0.888150155544281,0.0015773489139974117
5,hand,18,0,0.5737919211387634,0.913787305355072,0.0028272182680666447
5,hand,19,0,0.5682934522628784,0.9176385402679443,0.004968530964106321
5,hand,20,0,0.5645920038223267,0.9150944352149963,0.006677108351141214
5,hand,0,1,0.39881059527397156,0.8321017026901245,5.680004022678986e-09
5,hand,1,1,0.41484126448631287,0.8431485295295715,-0.005084977485239506
5,hand,2,1,0.423397958278656,0.8676779866218567,-0.006550997029989958
5,hand,3,1,0.42837560176849365,0.8920094966888428,-0.006882914807647467
5,hand,4,1,0.43464982509613037,0.9095606803894043,-0.006544601637870073
5,hand,5,1,0.4128800332546234,0.8928079009056091,-0.003918688278645277
5,hand,6,1,0.4204971194267273,0.9230979681015015,-0.004705881699919701
5,hand,7,1,0.4255373477935791,0.9371282458305359,-0.00527257239446044
5,hand,8,1,0.4299645721912384,0.948174774646759,-0.005488092079758644
5,hand,9,1,0.4042596220970154,0.8967134356498718,-0.0014453775947913527
5,hand,10,1,0.4128343164920807,0.9263219237327576,-0.0019023304339498281
5,hand,11,1,0.42015331983566284,0.9370969533920288,-0.0021364251151680946
5,hand,12,1,0.42559725046157837,0.9424294233322144,-0.0022109358105808496
5,hand,13,1,0.3988257050514221,0.8959762454032898,0.0007676391396671534
5,hand,14,1,0.40603962540626526,0.9231292605400085,0.00023692395188845694
5,hand,15,1,0.41317662596702576,0.9330686330795288,0.0002960780111607164
5,hand,16,1,0.4187358617782593,0.936656653881073,0.0005997769767418504
5,hand,17,1,0.3959575295448303,0.8939229249954224,0.0025894243735820055
5,hand,18,1,0.4003708064556122,0.9165287017822266,0.002365734428167343
5,hand,19,1,0.40663132071495056,0.9260048270225525,0.0027636659797281027
5,hand,20,1,0.41214683651924133,0.9296519160270691,0.003414766164496541
5,pose,0,-1,0.47459694743156433,0.2017955780029297,-0.47361865639686584
5,pose,1,-1,0.4846396744251251,0.17347903549671173,-0.4511417746543884
5,pose,2,-1,0.4909045994281769,0.17338553071022034,-0.45123350620269775
5,pose,3,-1,0.49688681960105896,0.1738893836736679,-0.45122820138931274
5,pose,4,-1,0.4653147757053375,0.17569643259048462,-0.45145705342292786
5,pose,5,-1,0.4593895673751831,0.17662875354290009,-0.4515199065208435
5,pose,6,-1,0.45495492219924927,0.17773617804050446,-0.451686292886734
5,pose,7,-1,0.5059977173805237,0.18804562091827393,-0.29320618510246277
5,pose,8,-1,0.4510423541069031,0.1924934685230255,-0.2928489148616791
5,pose,9,-1,0.48915916681289673,0.23404835164546967,-0.4135914742946625
5,pose,10,-1,0.4652424156665802,0.235936239361763,-0.4133901000022888
5,pose,11,-1,0.5653745532035828,0.3699913024902344,-0.17695175111293793
5,pose,12,-1,0.4076603353023529,0.3837237060070038,-0.20666246116161346
5,pose,13,-1,0.579210638999939,0.610467791557312,-0.11420093476772308
5,pose,14,-1,0.39381492137908936,0.6187199354171753,-0.1831146627664566
5,pose,15,-1,0.5716555714607239,0.8227024078369141,-0.2838113605976105
5,pose,16,-1,0.40362122654914856,0.8248953223228455,-0.34000450372695923
5,pose,17,-1,0.574966311454773,0.8875572085380554,-0.3444647789001465
5,pose,18,-1,0.4052368998527527,0.891957700252533,-0.393221378326416
5,pose,19,-1,0.5623681545257568,0.8838656544685364,-0.38822582364082336
5,pose,20,-1,0.41992732882499695,0.888732373714447,-0.44073134660720825
5,pose,21,-1,0.5587033629417419,0.8661765456199646,-0.30411264300346375
5,pose,22,-1,0.42366594076156616,0.8685109615325928,-0.3606452941894531
5,pose,23,-1,0.5316665768623352,0.7959049344062805,0.008046090602874756
5,pose,24,-1,0.4429738223552704,0.8075683116912842,-0.00756033044308424
5,pose,25,-1,0.5247965455055237,1.0984065532684326,0.0030283136293292046
5,pose,26,-1,0.45919230580329895,1.0427696704864502,0.030984176322817802
5,pose,27,-1,0.5334492325782776,1.3388084173202515,0.35636183619499207
5,pose,28,-1,0.4560944139957428,1.3379021883010864,0.3130859136581421
5,pose,29,-1,0.533061146736145,1.3703981637954712,0.38217809796333313
5,pose,30,-1,0.4567022919654846,1.3704068660736084,0.33521944284439087
5,pose,31,-1,0.5301821827888489,1.425153136253357,0.2065504938364029
5,pose,32,-1,0.46824854612350464,1.427132487297058,0.1384231448173523
6,hand,0,0,0.568894624710083,0.8238468766212463,9.611369478079723e-08
6,hand,1,0,0.5519850850105286,0.8335479497909546,-0.004677116870880127
6,hand,2,0,0.5415543913841248,0.8621006011962891,-0.005323085933923721
6,hand,3,0,0.5355980396270752,0.8878381252288818,-0.004777201451361179
6,hand,4,0,0.5293616652488708,0.9033540487289429,-0.003539747092872858
6,hand,5,0,0.5521000623703003,0.8896176815032959,-0.0038877218030393124
6,hand,6,0,0.5450844168663025,0.9210394024848938,-0.004871826618909836
6,hand,7,0,0.5392703413963318,0.9357303977012634,-0.0052137477323412895
6,hand,8,0,0.5344144105911255,0.9454903602600098,-0.005270116962492466
6,hand,9,0,0.560482382774353,0.8946776390075684,-0.0014527775347232819
6,hand,10,0,0.5530937314033508,0.9251320362091064,-0.002300540916621685
6,hand,11,0,0.5458714365959167,0.9374566078186035,-0.002205746015533805
6,hand,12,0,0.539803147315979,0.9450422525405884,-0.0018764397827908397
6,hand,13,0,0.5658904314041138,0.8956528306007385,0.000732237531337887
6,hand,14,0,0.5593807101249695,0.9237926602363586,0.0001754469849402085
6,hand,15,0,0.552221953868866,0.9358042478561401,0.0004197329399175942
6,hand,16,0,0.5459707975387573,0.9439225792884827,0.0007951819570735097
6,hand,17,0,0.5688146948814392,0.8940126895904541,0.002480157185345888
6,hand,18,0,0.562828004360199,0.9190208315849304,0.0026017860509455204
6,hand,19,0,0.5562959313392639,0.9294400215148926,0.0034907711669802666
6,hand,20,0,0.550510585308075,0.934685230255127,0.004436487331986427
6,hand,0,1,0.399223268032074,0.8320961594581604,2.6967479360706648e-09
6,hand,1,1,0.4155275821685791,0.8430224657058716,-0.0049148546531796455
6,hand,2,1,0.4237149953842163,0.8680868148803711,-0.006358638871461153
6,hand,3,1,0.42833268642425537,0.8927310109138489,-0.006666178349405527
6,hand,4,1,0.434410035610199,0.9100939035415649,-0.006313031539320946
6,hand,5,1,0.4131805896759033,0.8925299048423767,-0.004482709337025881
6,hand,6,1,0.4203276038169861,0.9231517910957336,-0.005574854090809822
6,hand,7,1,0.4254055321216583,0.9373762607574463,-0.006124909035861492
6,hand,8,1,0.4299566149711609,0.9481431245803833,-0.00621340237557888
6,hand,9,1,0.4044647216796875,0.8956328630447388,-0.0022015119902789593
6,hand,10,1,0.41278156638145447,0.9257867932319641,-0.003003023099154234
6,hand,11,1,0.4203460216522217,0.9369810223579407,-0.0030500974971801043
6,hand,12,1,0.42610374093055725,0.9426641464233398,-0.002860191510990262
6,hand,13,1,0.3989039659500122,0.8945527672767639,-0.00015834598161745816
6,hand,14,1,0.4061466157436371,0.9222024083137512,-0.001033581094816327
6,hand,15,1,0.41330763697624207,0.932086706161499,-0.0007923832745291293
6,hand,16,1,0.418888658285141,0.9356931447982788,-0.00020338404283393174
6,hand,17,1,0.3959658741950989,0.8922094106674194,0.0015234663151204586
6,hand,18,1,0.40041184425354004,0.9153304696083069,0.0011354626622051
6,hand,19,1,0.406565397977829,0.9251421689987183,0.0016501814825460315
6,hand,20,1,0.411969393491745,0.9290680885314941,0.0024860885459929705
6,pose,0,-1,0.47459056973457336,0.20185044407844543,-0.46475866436958313
6,pose,1,-1,0.4846267104148865,0.17348156869411469,-0.44225531816482544
6,pose,2,-1,0.49091288447380066,0.17339736223220825,-0.44235286116600037
6,pose,3,-1,0.4970040023326874,0.17389944195747375,-0.44232651591300964
6,pose,4,-1,0.46525830030441284,0.17558124661445618,-0.4415440559387207
6,pose,5,-1,0.45932185649871826,0.17642223834991455,-0.4416097104549408
6,pose,6,-1,0.45495015382766724,0.1774931102991104,-0.4417683482170105
6,pose,7,-1,0.5060728788375854,0.18799558281898499,-0.28579533100128174
6,pose,8,-1,0.4511553943157196,0.19207894802093506,-0.2808278799057007
6,pose,9,-1,0.4891603887081146,0.23409564793109894,-0.40568748116493225
6,pose,10,-1,0.46519869565963745,0.236113503575325,-0.40413230657577515
6,pose,11,-1,0.5654061436653137,0.3704304099082947,-0.17375178635120392
6,pose,12,-1,0.4075244069099426,0.3839676082134247,-0.19562490284442902
6,pose,13,-1,0.5797563791275024,0.6108838319778442,-0.11401811242103577
6,pose,14,-1,0.3937230706214905,0.6187654137611389,-0.16775844991207123
6,pose,15,-1,0.5706315636634827,0.8237388134002686,-0.2857133448123932
6,pose,16,-1,0.4036060869693756,0.8250101804733276,-0.32496345043182373
6,pose,17,-1,0.5716915130615234,0.8887525200843811,-0.347808301448822
6,pose,18,-1,0.4051768183708191,0.8920077681541443,-0.378101646900177
6,pose,19,-1,0.5579878091812134,0.8842653036117554,-0.39070814847946167
6,pose,20,-1,0.41997864842414856,0.8889538645744324,-0.4255673289299011
6,pose,21,-1,0.5542503595352173,0.866180956363678,-0.3056923747062683
6,pose,22,-1,0.4237663447856903,0.8685176968574524,-0.3456260859966278
6,pose,23,-1,0.531755268573761,0.7971901893615723,0.008000464178621769
6,pose,24,-1,0.4431236684322357,0.8093060255050659,-0.007527298294007778
6,pose,25,-1,0.5250495672225952,1.1020305156707764,0.0027578275185078382
6,pose,26,-1,0.4519400894641876,1.082794427871704,0.025207258760929108
6,pose,27,-1,0.5333837270736694,1.343062400817871,0.35547077655792236
6,pose,28,-1,0.4558563232421875,1.3436366319656372,0.2943997383117676
6,pose,29,-1,0.5330587029457092,1.3744711875915527,0.38141584396362305
6,pose,30,-1,0.4564632773399353,1.3763279914855957,0.315422922372818
6,pose,31,-1,0.529602587223053,1.4301241636276245,0.20856337249279022
6,pose,32,-1,0.46799367666244507,1.43266761302948,0.1196892037987709
7,hand,0,0,0.3993481397628784,0.832197368144989,1.471819999210311e-09
7,hand,1,0,0.41545751690864563,0.842749297618866,-0.004649305250495672
7,hand,2,0,0.4238443374633789,0.8681547045707703,-0.0058248648419976234
7,hand,3,0,0.428724467754364,0.8927051424980164,-0.005908379331231117
7,hand,4,0,0.43458178639411926,0.9100834727287292,-0.005313658155500889
7,hand,5,0,0.4134913682937622,0.8926787376403809,-0.003801917191594839
7,hand,6,0,0.4206775724887848,0.9227991104125977,-0.004641677252948284
7,hand,7,0,0.4257084131240845,0.9371365308761597,-0.0050915442407131195
7,hand,8,0,0.4300821125507355,0.9480245113372803,-0.0051609911024570465
7,hand,9,0,0.4048082232475281,0.8960381746292114,-0.0015368603635579348
7,hand,10,0,0.4131002426147461,0.9256287813186646,-0.001892683794721961
7,hand,11,0,0.4206107556819916,0.9370666742324829,-0.0017971749184653163
7,hand,12,0,0.4262755215167999,0.9432357549667358,-0.001593412715010345
7,hand,13,0,0.39920181035995483,0.8950386643409729,0.00048397685168311
7,hand,14,0,0.4063158929347992,0.9222115278244019,-4.711552173830569e-05
7,hand,15,0,0.41335350275039673,0.9320648312568665,0.00031816380214877427
7,hand,16,0,0.4188588261604309,0.9359887838363647,0.000901533174328506
7,hand,17,0,0.39612799882888794,0.8925743103027344,0.0021494084503501654
7,hand,18,0,0.4004763960838318,0.9150646924972534,0.00201002461835742
7,hand,19,0,0.40653136372566223,0.9247936010360718,0.0026444208342581987
7,hand,20,0,0.4118850529193878,0.9289294481277466,0.0035213646478950977
7,pose,0,-1,0.4745710790157318,0.20191283524036407,-0.46602126955986023
7,pose,1,-1,0.4846089482307434,0.1734922081232071,-0.44416019320487976
7,pose,2,-1,0.49091631174087524,0.17342156171798706,-0.44424933195114136
7,pose,3,-1,0.49708178639411926,0.1739223301410675,-0.4442302882671356
7,pose,4,-1,0.4652109742164612,0.1754893809556961,-0.44280093908309937
7,pose,5,-1,0.4592612683773041,0.17625853419303894,-0.4428553581237793
7,pose,6,-1,0.45494282245635986,0.1773090958595276,-0.44301044940948486
7,pose,7,-1,0.5061439871788025,0.18800583481788635,-0.2901393175125122
7,pose,8,-1,0.4512486457824707,0.19181571900844574,-0.2816065847873688
7,pose,9,-1,0.48915088176727295,0.2341633290052414,-0.40756288170814514
7,pose,10,-1,0.4651484191417694,0.23626583814620972,-0.40517881512641907
7,pose,11,-1,0.5655925273895264,0.371011883020401,-0.18136699497699738
7,pose,12,-1,0.4074486494064331,0.38403555750846863,-0.19725023210048676
7,pose,13,-1,0.5824211239814758,0.6106201410293579,-0.1282227784395218
7,pose,14,-1,0.3937263786792755,0.6187258958816528,-0.16964076459407806
7,pose,15,-1,0.5635145902633667,0.8227324485778809,-0.3070141077041626
7,pose,16,-1,0.40360528230667114,0.8250109553337097,-0.326687753200531
7,pose,17,-1,0.563701868057251,0.8886511325836182,-0.3720463216304779
7,pose,18,-1,0.40517178177833557,0.8919597268104553,-0.3803321123123169
7,pose,19,-1,0.5458904504776001,0.8838571310043335,-0.4130438566207886
7,pose,20,-1,0.42002183198928833,0.8889937400817871,-0.4276140034198761
7,pose,21,-1,0.540197491645813,0.8647257089614868,-0.32610151171684265
7,pose,22,-1,0.423827588558197,0.8685123920440674,-0.3474923372268677
7,pose,23,-1,0.5317733883857727,0.7972331643104553,0.008003385737538338
7,pose,24,-1,0.44337353110313416,0.8090786337852478,-0.007535893004387617
7,pose,25,-1,0.5250867009162903,1.1020749807357788,0.0012716816272586584
7,pose,26,-1,0.44934093952178955,1.0889739990234375,0.00854354165494442
7,pose,27,-1,0.5331746339797974,1.3429542779922485,0.35558316111564636
7,pose,28,-1,0.45570865273475647,1.3455660343170166,0.2638665735721588
7,pose,29,-1,0.5329210162162781,1.374066710472107,0.3817950487136841
7,pose,30,-1,0.45636889338493347,1.3781757354736328,0.283437579870224
7,pose,31,-1,0.5289838314056396,1.4311026334762573,0.2102317214012146
7,pose,32,-1,0.46741563081741333,1.434935212135315,0.0861959382891655
8,hand,0,0,0.39996007084846497,0.8315573334693909,6.208618064107441e-09
8,hand,1,0,0.41613468527793884,0.8428403735160828,-0.004787761718034744
8,hand,2,0,0.4242022633552551,0.8679928183555603,-0.0061581749469041824
8,hand,3,0,0.4287601709365845,0.8924218416213989,-0.006389578338712454
8,hand,4,0,0.4345114827156067,0.9099724292755127,-0.005953324027359486
8,hand,5,0,0.4136214852333069,0.8912138938903809,-0.004787100479006767
8,hand,6,0,0.42071372270584106,0.9219037294387817,-0.006067387759685516
8,hand,7,0,0.4258275330066681,0.9365379810333252,-0.006685502827167511
8,hand,8,0,0.4303676187992096,0.9477716684341431,-0.006812657695263624
8,hand,9,0,0.4050571024417877,0.8945305347442627,-0.002590636257082224
8,hand,10,0,0.413247287273407,0.9246059656143188,-0.0035210822243243456
8,hand,11,0,0.4208196997642517,0.9369187355041504,-0.0035994478967040777
8,hand,12,0,0.4266526699066162,0.943713903427124,-0.00345448381267488
8,hand,13,0,0.3995327949523926,0.8935812711715698,-0.0006015795515850186
8,hand,14,0,0.4063452184200287,0.9209559559822083,-0.001581019489094615
8,hand,15,0,0.4132867753505707,0.9311919212341309,-0.0013031585840508342
8,hand,16,0,0.4188336730003357,0.9351982474327087,-0.0006593044381588697
8,hand,17,0,0.39652711153030396,0.8911138772964478,0.0010425583459436893
8,hand,18,0,0.40041157603263855,0.9138956069946289,0.0006862953887321055
8,hand,19,0,0.40621089935302734,0.9239521026611328,0.0013114043977111578
8,hand,20,0,0.41143277287483215,0.9280698299407959,0.0022491291165351868
8,pose,0,-1,0.4745716154575348,0.20192615687847137,-0.4486932158470154
8,pose,1,-1,0.4846140444278717,0.17349207401275635,-0.4265419840812683
8,pose,2,-1,0.490988552570343,0.17342454195022583,-0.426642507314682
8,pose,3,-1,0.4972814619541168,0.17392504215240479,-0.4266338646411896
8,pose,4,-1,0.46520867943763733,0.1753472089767456,-0.42512068152427673
8,pose,5,-1,0.4592577815055847,0.17603808641433716,-0.42516225576400757
8,pose,6,-1,0.45495355129241943,0.17704875767230988,-0.4253157079219818
8,pose,7,-1,0.5063217878341675,0.18799392879009247,-0.2737608253955841
8,pose,8,-1,0.45146897435188293,0.19150318205356598,-0.2654955983161926
8,pose,9,-1,0.4891531765460968,0.2342040240764618,-0.390786737203598
8,pose,10,-1,0.4651469886302948,0.2363308221101761,-0.38830405473709106
8,pose,11,-1,0.5659438371658325,0.37100276350975037,-0.16683664917945862
8,pose,12,-1,0.4073795676231384,0.3839224874973297,-0.17917296290397644
8,pose,13,-1,0.5867671370506287,0.6042051911354065,-0.12764176726341248
8,pose,14,-1,0.3937442898750305,0.6186383366584778,-0.1417795866727829
8,pose,15,-1,0.550114095211029,0.7848497629165649,-0.3106100857257843
8,pose,16,-1,0.4041951894760132,0.8245375156402588,-0.29821059107780457
8,pose,17,-1,0.5466063022613525,0.8472071290016174,-0.37806352972984314
8,pose,18,-1,0.40528497099876404,0.8913249373435974,-0.35197219252586365
8,pose,19,-1,0.5262757539749146,0.8383299708366394,-0.4160889685153961
8,pose,20,-1,0.4202928841114044,0.8887572288513184,-0.399106502532959
8,pose,21,-1,0.5222364068031311,0.8207849860191345,-0.3286023437976837
8,pose,22,-1,0.42410242557525635,0.867504894733429,-0.31903019547462463
8,pose,23,-1,0.531719446182251,0.7872785925865173,0.009078488685190678
8,pose,24,-1,0.4439629018306732,0.8006702065467834,-0.008639565669000149
8,pose,25,-1,0.5265284180641174,1.0988653898239136,-0.013722574338316917
8,pose,26,-1,0.45588716864585876,1.0538235902786255,-0.01831403374671936
8,pose,27,-1,0.5336753726005554,1.342452883720398,0.31915873289108276
8,pose,28,-1,0.45712995529174805,1.3458542823791504,0.21210403740406036
8,pose,29,-1,0.5335274934768677,1.3727657794952393,0.3429514467716217
8,pose,30,-1,0.4577559530735016,1.3790639638900757,0.22821488976478577
8,pose,31,-1,0.5294232368469238,1.430602788925171,0.17550773918628693
8,pose,32,-1,0.46785539388656616,1.4349861145019531,0.030655015259981155
9,hand,0,0,0.39896246790885925,0.8328500986099243,2.3756474565317376e-10
9,hand,1,0,0.41555312275886536,0.8422439694404602,-0.004560600034892559
9,hand,2,0,0.42406439781188965,0.8674494624137878,-0.005458535626530647
9,hand,3,0,0.4289296269416809,0.8917868733406067,-0.005248752422630787
9,hand,4,0,0.43485021591186523,0.9087639451026917,-0.004386596847325563
9,hand,5,0,0.41395148634910583,0.8931769132614136,-0.003226724686101079
9,hand,6,0,0.42141446471214294,0.9227785468101501,-0.0036367035936564207
9,hand,7,0,0.42633867263793945,0.9367563128471375,-0.003944163676351309
9,hand,8,0,0.43061187863349915,0.9478376507759094,-0.004002714995294809
9,hand,9,0,0.40549442172050476,0.8967383503913879,-0.0009018645505420864
9,hand,10,0,0.41403526067733765,0.9250285625457764,-0.0008111578063108027
9,hand,11,0,0.42144984006881714,0.9361687898635864,-0.0007385800126940012
9,hand,12,0,0.4270794987678528,0.9426606297492981,-0.000663852202706039
9,hand,13,0,0.40004366636276245,0.895918071269989,0.0011659216834232211
9,hand,14,0,0.40743106603622437,0.9219916462898254,0.0009394946973770857
9,hand,15,0,0.4142925441265106,0.9317389726638794,0.0010887198150157928
9,hand,16,0,0.41971296072006226,0.9361070990562439,0.0014094520593062043
9,hand,17,0,0.3970867395401001,0.8938318490982056,0.002886422909796238
9,hand,18,0,0.40162336826324463,0.9159033298492432,0.0029127784073352814
9,hand,19,0,0.40744754672050476,0.9253696799278259,0.0034524404909461737
9,hand,20,0,0.4126332998275757,0.929516613483429,0.004190605133771896
9,pose,0,-1,0.4746549725532532,0.20205384492874146,-0.4493025839328766
9,pose,1,-1,0.4846731424331665,0.1735546886920929,-0.4275113344192505
9,pose,2,-1,0.491119384765625,0.17350444197654724,-0.4276091456413269
9,pose,3,-1,0.4974994361400604,0.1740085929632187,-0.42762044072151184
9,pose,4,-1,0.46531182527542114,0.17534121870994568,-0.42555907368659973
9,pose,5,-1,0.45934581756591797,0.17601142823696136,-0.4255915582180023
9,pose,6,-1,0.45504751801490784,0.1770235002040863,-0.42573967576026917
9,pose,7,-1,0.5064327716827393,0.18816107511520386,-0.2704375684261322
9,pose,8,-1,0.45191991329193115,0.19150285422801971,-0.2573406398296356
9,pose,9,-1,0.48927563428878784,0.2343485951423645,-0.38944724202156067
9,pose,10,-1,0.4652332365512848,0.23652467131614685,-0.38569360971450806
9,pose,11,-1,0.5669185519218445,0.37061095237731934,-0.1586344838142395
9,pose,12,-1,0.4074690639972687,0.38399386405944824,-0.1583356261253357
9,pose,13,-1,0.592579185962677,0.5964977741241455,-0.14568977057933807
9,pose,14,-1,0.3940044939517975,0.6185972690582275,-0.10840906947851181
9,pose,15,-1,0.543819010257721,0.723097562789917,-0.3953493535518646
9,pose,16,-1,0.40382739901542664,0.8232787251472473,-0.27778851985931396
9,pose,17,-1,0.5261009335517883,0.7807878255844116,-0.4722488522529602
9,pose,18,-1,0.40520018339157104,0.8910720348358154,-0.3337969481945038
9,pose,19,-1,0.5119314789772034,0.7565628886222839,-0.5013404488563538
9,pose,20,-1,0.42007651925086975,0.8887320756912231,-0.37908652424812317
9,pose,21,-1,0.5136291980743408,0.7361287474632263,-0.4108443558216095
9,pose,22,-1,0.42331257462501526,0.8670132756233215,-0.2982918322086334
9,pose,23,-1,0.5319030284881592,0.7880638241767883,0.008951516821980476
9,pose,24,-1,0.4446253776550293,0.8007380962371826,-0.008485257625579834
9,pose,25,-1,0.5303715467453003,1.1030772924423218,-0.014770511537790298
9,pose,26,-1,0.4593585133552551,1.0549437999725342,-0.00757982162758708
9,pose,27,-1,0.5358571410179138,1.3493140935897827,0.345101922750473
9,pose,28,-1,0.4575901925563812,1.3558443784713745,0.2522377669811249
9,pose,29,-1,0.5357681512832642,1.3814611434936523,0.37350600957870483
9,pose,30,-1,0.45796138048171997,1.390568494796753,0.27284249663352966
9,pose,31,-1,0.5310935378074646,1.4391146898269653,0.19798164069652557
9,pose,32,-1,0.468452513217926,1.4481995105743408,0.036505334079265594
10,hand,0,0,0.3997447192668915,0.8339493870735168,1.1164100754967876e-08
10,hand,1,0,0.41624584794044495,0.843874990940094,-0.005508818663656712
10,hand,2,0,0.42471325397491455,0.8679381012916565,-0.007112344726920128
10,hand,3,0,0.4295036196708679,0.8920713663101196,-0.007474178913980722
10,hand,4,0,0.4350418746471405,0.9101793766021729,-0.0071259611286222935
10,hand,5,0,0.4144907295703888,0.8933036923408508,-0.0046120802871882915
10,hand,6,0,0.4213946461677551,0.922864556312561,-0.00574973039329052
10,hand,7,0,0.4263937175273895,0.9367644786834717,-0.006474660709500313
10,hand,8,0,0.43081724643707275,0.9475387334823608,-0.0067227003164589405
10,hand,9,0,0.40581655502319336,0.8968439102172852,-0.002030425239354372
10,hand,10,0,0.4139459431171417,0.9258553981781006,-0.0026531540788710117
10,hand,11,0,0.42147698998451233,0.9372997879981995,-0.0027521217707544565
10,hand,12,0,0.4272216260433197,0.9433621764183044,-0.002691504545509815
10,hand,13,0,0.40016698837280273,0.8959212899208069,0.0002279601467307657
10,hand,14,0,0.4073347747325897,0.9223437905311584,-0.0005961062852293253
10,hand,15,0,0.4144457280635834,0.9317457675933838,-0.0003523808845784515
10,hand,16,0,0.419985830783844,0.93533855676651,0.00019188316946383566
10,hand,17,0,0.39702335000038147,0.8935497999191284,0.002059152815490961
10,hand,18,0,0.40140289068222046,0.9156277179718018,0.0016181222163140774
10,hand,19,0,0.4075288474559784,0.924820601940155,0.002138626528903842
10,hand,20,0,0.412892609834671,0.9285476207733154,0.0029795763548463583
10,pose,0,-1,0.47593337297439575,0.20235973596572876,-0.49572572112083435
10,pose,1,-1,0.48605746030807495,0.1736144870519638,-0.4764343500137329
10,pose,2,-1,0.49280205368995667,0.17358087003231049,-0.47650381922721863
10,pose,3,-1,0.49882957339286804,0.17406968772411346,-0.47655901312828064
10,pose,4,-1,0.46642550826072693,0.17534078657627106,-0.4749923646450043
10,pose,5,-1,0.46021682024002075,0.17601504921913147,-0.4750427305698395
10,pose,6,-1,0.4554988741874695,0.17706309258937836,-0.47519540786743164
10,pose,7,-1,0.5075200796127319,0.18830935657024384,-0.31184741854667664
10,pose,8,-1,0.4523613750934601,0.19171658158302307,-0.3012864291667938
10,pose,9,-1,0.49046069383621216,0.23477107286453247,-0.4311487376689911
10,pose,10,-1,0.46627840399742126,0.23730655014514923,-0.4280533194541931
10,pose,11,-1,0.5684680342674255,0.369757741689682,-0.18749485909938812
10,pose,12,-1,0.4076145589351654,0.3843465745449066,-0.16180537641048431
10,pose,13,-1,0.5940800905227661,0.5970152616500854,-0.2560659646987915
10,pose,14,-1,0.39459508657455444,0.6186575889587402,-0.12936632335186005
10,pose,15,-1,0.5155365467071533,0.6467550992965698,-0.5778101682662964
10,pose,16,-1,0.4038623869419098,0.8229938745498657,-0.2931487262248993
10,pose,17,-1,0.49613890051841736,0.6725505590438843,-0.656944215297699
10,pose,18,-1,0.4051600396633148,0.8906940817832947,-0.34565383195877075
10,pose,19,-1,0.4848753809928894,0.6362771391868591,-0.6627742052078247
10,pose,20,-1,0.419777512550354,0.8887935876846313,-0.3878759443759918
10,pose,21,-1,0.48990756273269653,0.6289089918136597,-0.584968626499176
10,pose,22,-1,0.42297419905662537,0.8669543266296387,-0.31224554777145386
10,pose,23,-1,0.5329900979995728,0.7884486317634583,0.00685998285189271
10,pose,24,-1,0.4459925591945648,0.8008000254631042,-0.0063903541304171085
10,pose,25,-1,0.5341598391532898,1.1032445430755615,0.010915285907685757
10,pose,26,-1,0.46144598722457886,1.0538784265518188,0.02719387412071228
10,pose,27,-1,0.5377865433692932,1.3496780395507812,0.3770669102668762
10,pose,28,-1,0.4584115147590637,1.356600046157837,0.30614903569221497
10,pose,29,-1,0.537224531173706,1.383472204208374,0.4057292342185974
10,pose,30,-1,0.458710640668869,1.391796350479126,0.3278108835220337
10,pose,31,-1,0.5347298979759216,1.439132809638977,0.22696086764335632
10,pose,32,-1,0.46900540590286255,1.4519004821777344,0.10845312476158142
11,hand,0,0,0.4000867009162903,0.8348132967948914,1.1005147015907824e-08
11,hand,1,0,0.41680413484573364,0.8444308638572693,-0.005009802989661694
11,hand,2,0,0.4249553680419922,0.8690629005432129,-0.006367667578160763
11,hand,3,0,0.42931753396987915,0.8938802480697632,-0.006534590385854244
11,hand,4,0,0.4349290132522583,0.9122004508972168,-0.006036573555320501
11,hand,5,0,0.41487807035446167,0.8946474194526672,-0.004193862900137901
11,hand,6,0,0.42159509658813477,0.9243208169937134,-0.004945171996951103
11,hand,7,0,0.4264390170574188,0.9382533431053162,-0.005383085459470749
11,hand,8,0,0.4307997226715088,0.9486174583435059,-0.005437395069748163
11,hand,9,0,0.4060610830783844,0.8980503678321838,-0.0017377614276483655
11,hand,10,0,0.41421449184417725,0.9269828200340271,-0.002050560200586915
11,hand,11,0,0.4214989244937897,0.9380808472633362,-0.00195530173368752
11,hand,12,0,0.42698636651039124,0.943637490272522,-0.0017302524065598845
11,hand,13,0,0.4001982510089874,0.8968704342842102,0.0004657086683437228
11,hand,14,0,0.40721264481544495,0.9232668280601501,4.453012297744863e-05
11,hand,15,0,0.41392993927001953,0.9325686693191528,0.00047131904284469783
11,hand,16,0,0.4192277789115906,0.9360166192054749,0.0010957536287605762
11,hand,17,0,0.3967348635196686,0.8942164778709412,0.0022879638709127903
11,hand,18,0,0.4008653461933136,0.9162140488624573,0.0023036678321659565
11,hand,19,0,0.40649211406707764,0.925538957118988,0.003057774156332016
11,hand,20,0,0.4114757180213928,0.9293779134750366,0.0040228827856481075
11,pose,0,-1,0.4777366518974304,0.20277832448482513,-0.4937945008277893
11,pose,1,-1,0.4875508248806,0.17366798222064972,-0.47418007254600525
11,pose,2,-1,0.4944201409816742,0.17363350093364716,-0.4742503762245178
11,pose,3,-1,0.5000078678131104,0.17410919070243835,-0.47429144382476807
11,pose,4,-1,0.46786797046661377,0.17537102103233337,-0.47301381826400757
11,pose,5,-1,0.46157026290893555,0.17610536515712738,-0.47305813431739807
11,pose,6,-1,0.45626792311668396,0.17726826667785645,-0.47319498658180237
11,pose,7,-1,0.5086702108383179,0.18835298717021942,-0.3096170425415039
11,pose,8,-1,0.45294708013534546,0.19217228889465332,-0.30130818486213684
11,pose,9,-1,0.49192461371421814,0.2351091355085373,-0.42939338088035583
11,pose,10,-1,0.4681667685508728,0.2382270246744156,-0.4269302487373352
11,pose,11,-1,0.5687231421470642,0.3669421374797821,-0.1918204128742218
11,pose,12,-1,0.40805020928382874,0.3843384385108948,-0.17011302709579468
11,pose,13,-1,0.5960558652877808,0.5975940823554993,-0.295705646276474
11,pose,14,-1,0.3950726091861725,0.6185228824615479,-0.11257655918598175
11,pose,15,-1,0.5071680545806885,0.5814034938812256,-0.6556411385536194
11,pose,16,-1,0.4038991630077362,0.8231567144393921,-0.2743968665599823
11,pose,17,-1,0.48284026980400085,0.5816326141357422,-0.7422088980674744
11,pose,18,-1,0.40507417917251587,0.8906939625740051,-0.3224000036716461
11,pose,19,-1,0.47923508286476135,0.5495643615722656,-0.7401539087295532
11,pose,20,-1,0.419687956571579,0.8891367316246033,-0.3659466803073883
11,pose,21,-1,0.48651811480522156,0.5458052754402161,-0.6599311828613281
11,pose,22,-1,0.4228834807872772,0.867069661617279,-0.29306504130363464
11,pose,23,-1,0.5336992144584656,0.7882294058799744,0.004640869330614805
11,pose,24,-1,0.44656822085380554,0.7985287308692932,-0.004147224593907595
11,pose,25,-1,0.5361942052841187,1.1028568744659424,0.01888306811451912
11,pose,26,-1,0.4625622630119324,1.0474236011505127,0.03780437260866165
11,pose,27,-1,0.5379359722137451,1.3490418195724487,0.39208072423934937
11,pose,28,-1,0.4584555923938751,1.3553190231323242,0.31980350613594055
11,pose,29,-1,0.5372604131698608,1.3824106454849243,0.42191454768180847
11,pose,30,-1,0.4586905837059021,1.3903714418411255,0.3422105014324188
11,pose,31,-1,0.5347977876663208,1.4382705688476562,0.25032490491867065
11,pose,32,-1,0.46928468346595764,1.4510465860366821,0.13796386122703552
12,hand,0,0,0.4001704752445221,0.8360677361488342,1.1599990301647267e-08
12,hand,1,0,0.41683924198150635,0.8461853265762329,-0.004748230800032616
12,hand,2,0,0.4251745343208313,0.8709745407104492,-0.006169534288346767
12,hand,3,0,0.4295281767845154,0.8955444097518921,-0.006410183385014534
12,hand,4,0,0.4350484311580658,0.9134078025817871,-0.005975406151264906
12,hand,5,0,0.4149013161659241,0.894310474395752,-0.005117867607623339
12,hand,6,0,0.42171743512153625,0.9249790906906128,-0.006356681697070599
12,hand,7,0,0.4264723062515259,0.9394740462303162,-0.006846270523965359
12,hand,8,0,0.43065664172172546,0.9502003192901611,-0.006836569868028164
12,hand,9,0,0.4060121774673462,0.8980246782302856,-0.002920059487223625
12,hand,10,0,0.41407886147499084,0.9281752109527588,-0.0036625091452151537
12,hand,11,0,0.4211741089820862,0.9399082660675049,-0.003444214817136526
12,hand,12,0,0.42650485038757324,0.9458194971084595,-0.0030491347424685955
12,hand,13,0,0.3999800980091095,0.8973659873008728,-0.0009021966252475977
12,hand,14,0,0.4070051312446594,0.9243119955062866,-0.0014429758302867413
12,hand,15,0,0.4135015904903412,0.9342836141586304,-0.0007655329536646605
12,hand,16,0,0.4185612201690674,0.9381107687950134,4.2494484659982845e-05
12,hand,17,0,0.3962767720222473,0.8950477242469788,0.000744074466638267
12,hand,18,0,0.4004472494125366,0.9166871309280396,0.0007998207001946867
12,hand,19,0,0.40586820244789124,0.9261149168014526,0.0017501885304227471
12,hand,20,0,0.4106239676475525,0.9301016330718994,0.002865474671125412
12,pose,0,-1,0.47940510511398315,0.2036426067352295,-0.48486536741256714
12,pose,1,-1,0.4888615012168884,0.17380915582180023,-0.4613615572452545
12,pose,2,-1,0.49574172496795654,0.17368640005588531,-0.4614547789096832
12,pose,3,-1,0.500929594039917,0.17412523925304413,-0.46145403385162354
12,pose,4,-1,0.4693050980567932,0.17588084936141968,-0.46127811074256897
12,pose,5,-1,0.4630293548107147,0.17690922319889069,-0.46133193373680115
12,pose,6,-1,0.4572241008281708,0.17834019660949707,-0.46147429943084717
12,pose,7,-1,0.5092896819114685,0.1883409470319748,-0.28153082728385925
12,pose,8,-1,0.45355117321014404,0.1932062804698944,-0.27752885222435
12,pose,9,-1,0.49321165680885315,0.2352500557899475,-0.4139816462993622
12,pose,10,-1,0.47011393308639526,0.23934400081634521,-0.4129783511161804
12,pose,11,-1,0.5687633156776428,0.3645020127296448,-0.17247532308101654
12,pose,12,-1,0.4081869125366211,0.3844934403896332,-0.14495134353637695
12,pose,13,-1,0.5957120060920715,0.5976677536964417,-0.32316797971725464
12,pose,14,-1,0.39522239565849304,0.6184324622154236,-0.08377406001091003
12,pose,15,-1,0.5049583911895752,0.5294111371040344,-0.73111891746521
12,pose,16,-1,0.40391772985458374,0.8244962096214294,-0.24814924597740173
12,pose,17,-1,0.47074028849601746,0.5229709148406982,-0.824641227722168
12,pose,18,-1,0.4050688147544861,0.8910706639289856,-0.2934616208076477
12,pose,19,-1,0.4713854491710663,0.49556466937065125,-0.8136062026023865
12,pose,20,-1,0.41965484619140625,0.8898786902427673,-0.3390255570411682
12,pose,21,-1,0.481521874666214,0.49299758672714233,-0.7338651418685913
12,pose,22,-1,0.42284372448921204,0.8676432967185974,-0.2670621871948242
12,pose,23,-1,0.5342177152633667,0.7881379723548889,0.0005575190880335867
12,pose,24,-1,0.4467621147632599,0.796983003616333,-6.128558993623301e-07
12,pose,25,-1,0.5375747680664062,1.1024765968322754,0.0034607823472470045
12,pose,26,-1,0.4624716341495514,1.0448615550994873,0.0405559279024601
12,pose,27,-1,0.5378330945968628,1.349297285079956,0.3844156563282013
12,pose,28,-1,0.45835039019584656,1.3550753593444824,0.3258776366710663
12,pose,29,-1,0.5372060537338257,1.3828529119491577,0.41890543699264526
12,pose,30,-1,0.45837539434432983,1.3903236389160156,0.34870195388793945
12,pose,31,-1,0.5341204404830933,1.4393250942230225,0.24201293289661407
12,pose,32,-1,0.46957847476005554,1.4506022930145264,0.14647318422794342
13,hand,0,0,0.4946076571941376,0.4570050835609436,1.0805381123191182e-07
13,hand,1,0,0.49226346611976624,0.4324064254760742,-0.009287982247769833
13,hand,2,0,0.48742565512657166,0.41007959842681885,-0.015725668519735336
13,hand,3,0,0.48682260513305664,0.3867766857147217,-0.020959477871656418
13,hand,4,0,0.487311452627182,0.36865392327308655,-0.02672569453716278
13,hand,5,0,0.4637660086154938,0.4246293604373932,-0.012326805852353573
13,hand,6,0,0.4493003487586975,0.4215000867843628,-0.017025696113705635
13,hand,7,0,0.4382377564907074,0.42110052704811096,-0.021082129329442978
13,hand,8,0,0.42932212352752686,0.4225412905216217,-0.024504555389285088
13,hand,9,0,0.4605411887168884,0.4420464038848877,-0.01131534669548273
13,hand,10,0,0.44641420245170593,0.44166404008865356,-0.016199547797441483
13,hand,11,0,0.4364679753780365,0.4408167004585266,-0.02099052257835865
13,hand,12,0,0.4281991720199585,0.44196635484695435,-0.024958809837698936
13,hand,13,0,0.4608747959136963,0.45779949426651,-0.010741325095295906
13,hand,14,0,0.4455910921096802,0.4610185921192169,-0.015919318422675133
13,hand,15,0,0.4345173239707947,0.4629670977592468,-0.020076412707567215
13,hand,16,0,0.4256591200828552,0.46495121717453003,-0.023152420297265053
13,hand,17,0,0.4639785587787628,0.4716775119304657,-0.010748503729701042
13,hand,18,0,0.4509415328502655,0.4771735966205597,-0.016114752739667892
13,hand,19,0,0.44118547439575195,0.4819239377975464,-0.019116632640361786
13,hand,20,0,0.4325910806655884,0.48513466119766235,-0.021146010607481003
13,hand,0,1,0.40161746740341187,0.8377099633216858,1.144555206167297e-08
13,hand,1,1,0.4181573987007141,0.848166823387146,-0.004166991449892521
13,hand,2,1,0.4261871874332428,0.8727347254753113,-0.005327175837010145
13,hand,3,1,0.4303203821182251,0.896602988243103,-0.005417679436504841
13,hand,4,1,0.43522199988365173,0.914648711681366,-0.004835190717130899
13,hand,5,1,0.41645970940589905,0.8968584537506104,-0.004147748928517103
13,hand,6,1,0.4225943982601166,0.9264214634895325,-0.005148726049810648
13,hand,7,1,0.4269963204860687,0.9410498142242432,-0.005513537209481001
13,hand,8,1,0.4307836890220642,0.9515935182571411,-0.005411566235125065
13,hand,9,1,0.40721121430397034,0.900095522403717,-0.0021639505866914988
13,hand,10,1,0.4144723415374756,0.9293491244316101,-0.002557723317295313
13,hand,11,1,0.4210702180862427,0.9403971433639526,-0.002086726715788245
13,hand,12,1,0.42593681812286377,0.9456543326377869,-0.0014872035244479775
13,hand,13,1,0.4007580876350403,0.898973822593689,-0.00036206195363774896
13,hand,14,1,0.40696847438812256,0.925562858581543,-0.0006116513977758586
13,hand,15,1,0.4130113124847412,0.9349330067634583,0.00042136659612879157
13,hand,16,1,0.417768269777298,0.9381901621818542,0.0014892388135194778
13,hand,17,1,0.39672574400901794,0.8958327174186707,0.0011012009344995022
13,hand,18,1,0.4002203941345215,0.9172242879867554,0.0015450905775651336
13,hand,19,1,0.40514788031578064,0.9264774322509766,0.00285747810266912
13,hand,20,1,0.40968331694602966,0.9303610324859619,0.004233246203511953
13,pose,0,-1,0.481113076210022,0.20465876162052155,-0.37602049112319946
13,pose,1,-1,0.49074846506118774,0.1745494157075882,-0.35299763083457947
13,pose,2,-1,0.49749755859375,0.17434611916542053,-0.3530961275100708
13,pose,3,-1,0.5020076632499695,0.17459708452224731,-0.3530726432800293
13,pose,4,-1,0.4710252583026886,0.17676058411598206,-0.35353001952171326
13,pose,5,-1,0.4648090600967407,0.17786462604999542,-0.3535710275173187
13,pose,6,-1,0.458454430103302,0.17933064699172974,-0.3537324070930481
13,pose,7,-1,0.5103355050086975,0.18852607905864716,-0.18876127898693085
13,pose,8,-1,0.4540693461894989,0.19406898319721222,-0.19015170633792877
13,pose,9,-1,0.49449050426483154,0.23605306446552277,-0.31326764822006226
13,pose,10,-1,0.4714553952217102,0.24039998650550842,-0.31397655606269836
13,pose,11,-1,0.5687485337257385,0.3624180853366852,-0.09668704122304916
13,pose,12,-1,0.4089617133140564,0.3844868838787079,-0.07708968222141266
13,pose,13,-1,0.5952646136283875,0.5967139005661011,-0.2660568058490753
13,pose,14,-1,0.39526575803756714,0.6175022721290588,-0.018620163202285767
13,pose,15,-1,0.5040814876556396,0.4753246307373047,-0.619683027267456
13,pose,16,-1,0.40399715304374695,0.824416995048523,-0.14884468913078308
13,pose,17,-1,0.47000354528427124,0.451724648475647,-0.7028451561927795
13,pose,18,-1,0.4049980342388153,0.8907063603401184,-0.18208257853984833
13,pose,19,-1,0.47186657786369324,0.42305460572242737,-0.6858639121055603
13,pose,20,-1,0.41947200894355774,0.8896871209144592,-0.22809624671936035
13,pose,21,-1,0.4823783338069916,0.4280036687850952,-0.6195871829986572
13,pose,22,-1,0.42273762822151184,0.8673856258392334,-0.16718988120555878
13,pose,23,-1,0.5354032516479492,0.7886106967926025,0.00033766296110115945
13,pose,24,-1,0.44703590869903564,0.7971033453941345,0.0002816033666022122
13,pose,25,-1,0.5400441884994507,1.1042544841766357,-0.02117903344333172
13,pose,26,-1,0.46235191822052,1.0454273223876953,0.03497684746980667
13,pose,27,-1,0.5381307005882263,1.3604298830032349,0.33317553997039795
13,pose,28,-1,0.4580664336681366,1.3606771230697632,0.3071688413619995
13,pose,29,-1,0.5384635329246521,1.3954095840454102,0.3630450665950775
13,pose,30,-1,0.4575376510620117,1.3963690996170044,0.32976233959198
13,pose,31,-1,0.5322179198265076,1.451741099357605,0.20321591198444366
13,pose,32,-1,0.4702547490596771,1.4565141201019287,0.145083487033844
14,hand,0,0,0.5035301446914673,0.4364500641822815,1.2554444595025416e-07
14,hand,1,0,0.5020715594291687,0.4124360978603363,-0.005550759378820658
14,hand,2,0,0.49374690651893616,0.38934680819511414,-0.009944588877260685
14,hand,3,0,0.49072620272636414,0.370691180229187,-0.014213179238140583
14,hand,4,0,0.4916123151779175,0.35700345039367676,-0.018642626702785492
14,hand,5,0,0.46824559569358826,0.38332298398017883,-0.005472314544022083
14,hand,6,0,0.45116502046585083,0.3737045228481293,-0.010105358436703682
14,hand,7,0,0.4398534297943115,0.36912864446640015,-0.014278552494943142
14,hand,8,0,0.43139350414276123,0.3682873845100403,-0.01720854640007019
14,hand,9,0,0.4644688069820404,0.3955762982368469,-0.005997234955430031
14,hand,10,0,0.4480292499065399,0.3831496834754944,-0.009843208827078342
14,hand,11,0,0.4373997747898102,0.3777914345264435,-0.013635849580168724
14,hand,12,0,0.4296056032180786,0.37587296962738037,-0.016205398365855217
14,hand,13,0,0.46265485882759094,0.41179177165031433,-0.0070966873317956924
14,hand,14,0,0.4474266767501831,0.4015231728553772,-0.010389480739831924
14,hand,15,0,0.4372548758983612,0.39698824286460876,-0.01300347875803709
14,hand,16,0,0.4296235144138336,0.3944144546985626,-0.01460979599505663
14,hand,17,0,0.46299049258232117,0.43129754066467285,-0.008729545399546623
14,hand,18,0,0.45056501030921936,0.42806169390678406,-0.010692100040614605
14,hand,19,0,0.4435478150844574,0.42648959159851074,-0.011037562042474747
14,hand,20,0,0.4383114278316498,0.425436407327652,-0.011039439588785172
14,hand,0,1,0.4017072319984436,0.8392181992530823,1.1336621419388848e-08
14,hand,1,1,0.4185049533843994,0.8482412695884705,-0.00446667056530714
14,hand,2,1,0.4268333911895752,0.8720349073410034,-0.0057593220844864845
14,hand,3,1,0.4309927225112915,0.8966963291168213,-0.005934709683060646
14,hand,4,1,0.4360989034175873,0.9151857495307922,-0.00546501949429512
14,hand,5,1,0.4169471561908722,0.897484302520752,-0.004464453551918268
14,hand,6,1,0.42373403906822205,0.9276722073554993,-0.005472732242196798
14,hand,7,1,0.42822396755218506,0.9427154064178467,-0.0058797127567231655
14,hand,8,1,0.4320693016052246,0.9536207914352417,-0.005867605097591877
14,hand,9,1,0.40776094794273376,0.9010440707206726,-0.002359253354370594
14,hand,10,1,0.41556620597839355,0.9304696321487427,-0.0028330483473837376
14,hand,11,1,0.42214202880859375,0.9416759014129639,-0.002390397246927023
14,hand,12,1,0.42688149213790894,0.946874737739563,-0.0018369524041190743
14,hand,13,1,0.40125301480293274,0.9001650214195251,-0.00046176451724022627
14,hand,14,1,0.4080118238925934,0.9269469976425171,-0.0006914024124853313
14,hand,15,1,0.41414564847946167,0.9371194243431091,0.0003143279463984072
14,hand,16,1,0.41890522837638855,0.9411575198173523,0.00129135197494179
14,hand,17,1,0.39702391624450684,0.897498607635498,0.0010584464762359858
14,hand,18,1,0.4009242355823517,0.9189338684082031,0.001420467859134078
14,hand,19,1,0.40604352951049805,0.9286773800849915,0.0026071660686284304
14,hand,20,1,0.4106138050556183,0.9332037568092346,0.0038556500803679228
14,pose,0,-1,0.483496755361557,0.2060428410768509,-0.3355712890625
14,pose,1,-1,0.4930213391780853,0.17631983757019043,-0.31288185715675354
14,pose,2,-1,0.49920907616615295,0.1762094646692276,-0.3129962086677551
14,pose,3,-1,0.5032017230987549,0.17633973062038422,-0.3129507899284363
14,pose,4,-1,0.473314106464386,0.17781956493854523,-0.31417372822761536
14,pose,5,-1,0.4670533537864685,0.17883619666099548,-0.3142147958278656
14,pose,6,-1,0.46045923233032227,0.18030565977096558,-0.3143661320209503
14,pose,7,-1,0.5114216804504395,0.18929985165596008,-0.15535834431648254
14,pose,8,-1,0.4545117914676666,0.19493257999420166,-0.1616763025522232
14,pose,9,-1,0.4962483048439026,0.23774388432502747,-0.27594467997550964
14,pose,10,-1,0.4731937050819397,0.2410561740398407,-0.27798083424568176
14,pose,11,-1,0.5683915019035339,0.36172738671302795,-0.06804997473955154
14,pose,12,-1,0.41024264693260193,0.38394445180892944,-0.05471042916178703
14,pose,13,-1,0.5920637249946594,0.5929263830184937,-0.2416815310716629
14,pose,14,-1,0.3953830897808075,0.6174188256263733,0.002751817461103201
14,pose,15,-1,0.5071916580200195,0.4388636648654938,-0.5575703382492065
14,pose,16,-1,0.40417787432670593,0.824425220489502,-0.11485172808170319
14,pose,17,-1,0.4750097692012787,0.40047743916511536,-0.635844349861145
14,pose,18,-1,0.40499427914619446,0.8906786441802979,-0.14355525374412537
14,pose,19,-1,0.4799911081790924,0.37274590134620667,-0.6270509958267212
14,pose,20,-1,0.4194256663322449,0.8896294236183167,-0.1897110939025879
14,pose,21,-1,0.4883566200733185,0.38127076625823975,-0.5586356520652771
14,pose,22,-1,0.4227149188518524,0.8672767281532288,-0.13264474272727966
14,pose,23,-1,0.5363571047782898,0.7891824841499329,0.0006185856182128191
14,pose,24,-1,0.44757720828056335,0.7971540689468384,-2.843185211531818e-05
14,pose,25,-1,0.5407192707061768,1.1063874959945679,-0.018592361360788345
14,pose,26,-1,0.4529447853565216,1.0944979190826416,0.032168660312891006
14,pose,27,-1,0.5380713939666748,1.3681738376617432,0.32692521810531616
14,pose,28,-1,0.45765045285224915,1.3643320798873901,0.2964361906051636
14,pose,29,-1,0.5386393070220947,1.4039615392684937,0.35533982515335083
14,pose,30,-1,0.45637747645378113,1.3997191190719604,0.3187968134880066
14,pose,31,-1,0.5297195911407471,1.458805799484253,0.2028273493051529
14,pose,32,-1,0.4707176387310028,1.4599002599716187,0.14141745865345
15,hand,0,0,0.510002851486206,0.41105735301971436,1.031477694368732e-07
15,hand,1,0,0.5090404748916626,0.38494566082954407,-0.00392054533585906
15,hand,2,0,0.5010590553283691,0.36005982756614685,-0.008229924365878105
15,hand,3,0,0.49677833914756775,0.3407810926437378,-0.01269867829978466
15,hand,4,0,0.49744483828544617,0.32637646794319153,-0.017442086711525917
15,hand,5,0,0.48034951090812683,0.3477415144443512,-0.007388495374470949
15,hand,6,0,0.4623454511165619,0.3334956765174866,-0.013054557144641876
15,hand,7,0,0.4499100148677826,0.32620999217033386,-0.01731526479125023
15,hand,8,0,0.44035810232162476,0.3219805359840393,-0.020464258268475533
15,hand,9,0,0.47472426295280457,0.36114904284477234,-0.009120369330048561
15,hand,10,0,0.45622655749320984,0.34618932008743286,-0.014633428305387497
15,hand,11,0,0.443494975566864,0.33845221996307373,-0.01888919621706009
15,hand,12,0,0.43323904275894165,0.33398133516311646,-0.021947339177131653
15,hand,13,0,0.4713485538959503,0.37826886773109436,-0.011087561026215553
15,hand,14,0,0.45387959480285645,0.365362286567688,-0.01565251499414444
15,hand,15,0,0.441658079624176,0.359722375869751,-0.01889931410551071
15,hand,16,0,0.43204325437545776,0.3568539023399353,-0.02118362858891487
15,hand,17,0,0.4701084494590759,0.39766016602516174,-0.013325178064405918
15,hand,18,0,0.4560895562171936,0.39158350229263306,-0.017231334000825882
15,hand,19,0,0.446471244096756,0.38826122879981995,-0.019200481474399567
15,hand,20,0,0.43838149309158325,0.3861609101295471,-0.020381560549139977
15,hand,0,1,0.40216848254203796,0.8388227820396423,9.405217049618386e-09
15,hand,1,1,0.41907453536987305,0.8481557965278625,-0.004542882554233074
15,hand,2,1,0.4277816414833069,0.8727826476097107,-0.005979223642498255
15,hand,3,1,0.43205979466438293,0.8974742889404297,-0.00631690165027976
15,hand,4,1,0.4371761083602905,0.915766179561615,-0.006076359190046787
15,hand,5,1,0.4175579249858856,0.8967114090919495,-0.0054160733707249165
15,hand,6,1,0.424472451210022,0.9274731874465942,-0.006748964078724384
15,hand,7,1,0.4290142357349396,0.9427064657211304,-0.007333661895245314
15,hand,8,1,0.4329851269721985,0.9541254043579102,-0.007490947376936674
15,hand,9,1,0.4083020091056824,0.9006592035293579,-0.0034846439957618713
15,hand,10,1,0.4165554642677307,0.9305772185325623,-0.00420734565705061
15,hand,11,1,0.4235376715660095,0.9416099190711975,-0.0038135021459311247
15,hand,12,1,0.4285057485103607,0.9467100501060486,-0.0034002582542598248
15,hand,13,1,0.4017694294452667,0.9000310897827148,-0.0017362323123961687
15,hand,14,1,0.4089341163635254,0.9279540777206421,-0.0022862975019961596
15,hand,15,1,0.4154735207557678,0.9378870129585266,-0.0013225063448771834
15,hand,16,1,0.4203419089317322,0.9414258003234863,-0.00041146596777252853
15,hand,17,1,0.39772936701774597,0.8976480960845947,-0.0003698498767334968
15,hand,18,1,0.40194928646087646,0.9201152324676514,-0.00046208599815145135
15,hand,19,1,0.40749284625053406,0.929909348487854,0.0004851962730754167
15,hand,20,1,0.4123157858848572,0.9341951012611389,0.0015456648543477058
15,pose,0,-1,0.4863806366920471,0.210146963596344,-0.2995254695415497
15,pose,1,-1,0.49572688341140747,0.180241197347641,-0.27771902084350586
15,pose,2,-1,0.5008423328399658,0.18004921078681946,-0.2778250277042389
15,pose,3,-1,0.5045956373214722,0.18011023104190826,-0.2777666449546814
15,pose,4,-1,0.47583529353141785,0.18043804168701172,-0.2793191969394684
15,pose,5,-1,0.4691164791584015,0.18094402551651,-0.2793435752391815
15,pose,6,-1,0.4624272584915161,0.18211977183818817,-0.27947062253952026
15,pose,7,-1,0.5123852491378784,0.1908908486366272,-0.12586311995983124
15,pose,8,-1,0.4548393785953522,0.19576722383499146,-0.13446283340454102
15,pose,9,-1,0.4979214668273926,0.24215282499790192,-0.2417619824409485
15,pose,10,-1,0.4754325747489929,0.24321696162223816,-0.24448074400424957
15,pose,11,-1,0.5662152171134949,0.35683247447013855,-0.04485289379954338
15,pose,12,-1,0.410272479057312,0.3829793930053711,-0.032719679176807404
15,pose,13,-1,0.5860118865966797,0.5847270488739014,-0.20539402961730957
15,pose,14,-1,0.3953569829463959,0.6174918413162231,0.01613594964146614
15,pose,15,-1,0.5080063939094543,0.40235674381256104,-0.5124284625053406
15,pose,16,-1,0.4049120843410492,0.8243820071220398,-0.09418555349111557
15,pose,17,-1,0.47909408807754517,0.3599308431148529,-0.5848711729049683
15,pose,18,-1,0.4055452048778534,0.8905627727508545,-0.12065818905830383
15,pose,19,-1,0.48564210534095764,0.33572688698768616,-0.5513854622840881
15,pose,20,-1,0.4200117886066437,0.8894301056861877,-0.16445384919643402
15,pose,21,-1,0.49258604645729065,0.3488483130931854,-0.5022516846656799
15,pose,22,-1,0.4233839213848114,0.8670891523361206,-0.11062288284301758
15,pose,23,-1,0.5371865034103394,0.7891893982887268,0.0007062469376251101
15,pose,24,-1,0.4485939145088196,0.7972270250320435,-0.00017008520080707967
15,pose,25,-1,0.5417012572288513,1.1074763536453247,-0.021360071375966072
15,pose,26,-1,0.4492025375366211,1.1023166179656982,0.015725027769804
15,pose,27,-1,0.538282573223114,1.3737536668777466,0.3226547837257385
15,pose,28,-1,0.45762112736701965,1.3670976161956787,0.2504556477069855
15,pose,29,-1,0.5398094654083252,1.4097169637680054,0.3513856828212738
15,pose,30,-1,0.4559248089790344,1.4021538496017456,0.27014750242233276
15,pose,31,-1,0.5290321111679077,1.4647952318191528,0.20407846570014954
15,pose,32,-1,0.47270044684410095,1.46465265750885,0.09886123239994049
16,hand,0,0,0.5145676732063293,0.38419198989868164,3.589807562320857e-08
16,hand,1,0,0.5155439376831055,0.35847198963165283,0.0007225613226182759
16,hand,2,0,0.5111502408981323,0.3341656029224396,-0.0006628443370573223
16,hand,3,0,0.5112437009811401,0.31429338455200195,-0.0033302821684628725
16,hand,4,0,0.5151427388191223,0.29850974678993225,-0.006474032532423735
16,hand,5,0,0.49220940470695496,0.3223862946033478,0.00026709598023444414
16,hand,6,0,0.4792194664478302,0.30873221158981323,-0.0029869754798710346
16,hand,7,0,0.47084352374076843,0.30278027057647705,-0.0057073188945651054
16,hand,8,0,0.463758260011673,0.2985759973526001,-0.008074423298239708
16,hand,9,0,0.4833914637565613,0.33080828189849854,-0.0032176743261516094
16,hand,10,0,0.46792173385620117,0.3154543340206146,-0.006613590754568577
16,hand,11,0,0.45929527282714844,0.30760711431503296,-0.009164495393633842
16,hand,12,0,0.4520066976547241,0.3018478751182556,-0.011196810752153397
16,hand,13,0,0.4769948422908783,0.3449065089225769,-0.0070555866695940495
16,hand,14,0,0.4596859812736511,0.33328962326049805,-0.011071700602769852
16,hand,15,0,0.44971752166748047,0.32795730233192444,-0.014280995354056358
16,hand,16,0,0.4413427412509918,0.32392799854278564,-0.01656394451856613
16,hand,17,0,0.4728696942329407,0.36133214831352234,-0.010788306593894958
16,hand,18,0,0.4564626216888428,0.3569492995738983,-0.014871985651552677
16,hand,19,0,0.44639521837234497,0.3567126989364624,-0.017084717750549316
16,hand,20,0,0.4373351037502289,0.35629862546920776,-0.018602415919303894
16,hand,0,1,0.4033021032810211,0.8401845097541809,1.2169298457820332e-08
16,hand,1,1,0.42025768756866455,0.8491078615188599,-0.00484571373090148
16,hand,2,1,0.42887580394744873,0.8732220530509949,-0.0063074370846152306
16,hand,3,1,0.4334636926651001,0.8979558348655701,-0.006580546498298645
16,hand,4,1,0.43904680013656616,0.9160244464874268,-0.006223298609256744
16,hand,5,1,0.4185808598995209,0.8974865674972534,-0.005365199875086546
16,hand,6,1,0.4258629381656647,0.9284828305244446,-0.006588929798454046
16,hand,7,1,0.43049484491348267,0.9436754584312439,-0.007057606242597103
16,hand,8,1,0.4344451427459717,0.9550127387046814,-0.007098283618688583
16,hand,9,1,0.40934571623802185,0.9019054770469666,-0.0031161350198090076
16,hand,10,1,0.4178875982761383,0.9317662715911865,-0.003861933248117566
16,hand,11,1,0.42478147149086,0.9427930116653442,-0.0035279691219329834
16,hand,12,1,0.42966428399086,0.9477370977401733,-0.0030879764817655087
16,hand,13,1,0.40297576785087585,0.9017278552055359,-0.001063458970747888
16,hand,14,1,0.41048258543014526,0.9290394186973572,-0.0016091386787593365
16,hand,15,1,0.4170878231525421,0.9392909407615662,-0.0007921538199298084
16,hand,16,1,0.422048419713974,0.943138062953949,7.066364923957735e-05
16,hand,17,1,0.3991115987300873,0.8996319770812988,0.0005975233507342637
16,hand,18,1,0.4034023880958557,0.9218341708183289,0.0005619221483357251
16,hand,19,1,0.40904515981674194,0.9317132234573364,0.0014175806427374482
16,hand,20,1,0.41402843594551086,0.9360079765319824,0.002445354126393795
16,pose,0,-1,0.48621082305908203,0.21386931836605072,-0.3022661805152893
16,pose,1,-1,0.49568212032318115,0.1837162971496582,-0.278905987739563
16,pose,2,-1,0.5009073615074158,0.1835751235485077,-0.27900785207748413
16,pose,3,-1,0.5046479105949402,0.1836588829755783,-0.27893951535224915
16,pose,4,-1,0.4757276773452759,0.18318656086921692,-0.28068721294403076
16,pose,5,-1,0.46908870339393616,0.1834063082933426,-0.2807151675224304
16,pose,6,-1,0.4624142050743103,0.1841883808374405,-0.2808416485786438
16,pose,7,-1,0.5123735070228577,0.19380515813827515,-0.12402593344449997
16,pose,8,-1,0.4548421800136566,0.19696924090385437,-0.13391613960266113
16,pose,9,-1,0.4978293478488922,0.2456723302602768,-0.2440650910139084
16,pose,10,-1,0.47529977560043335,0.24473565816879272,-0.24710889160633087
16,pose,11,-1,0.5637727975845337,0.35573869943618774,-0.04408152773976326
16,pose,12,-1,0.40986204147338867,0.3829871118068695,-0.03254878148436546
16,pose,13,-1,0.5811684131622314,0.5773994326591492,-0.19580167531967163
16,pose,14,-1,0.395285964012146,0.6191494464874268,0.013331474736332893
16,pose,15,-1,0.5116061568260193,0.38875696063041687,-0.5006836652755737
16,pose,16,-1,0.4061867296695709,0.8246034979820251,-0.10190382599830627
16,pose,17,-1,0.4865260124206543,0.34263885021209717,-0.5732229948043823
16,pose,18,-1,0.40691661834716797,0.8906777501106262,-0.12944193184375763
16,pose,19,-1,0.4866882860660553,0.3219120502471924,-0.5443717837333679
16,pose,20,-1,0.4216975271701813,0.8894325494766235,-0.1717413365840912
16,pose,21,-1,0.49317213892936707,0.3376103937625885,-0.4919643998146057
16,pose,22,-1,0.42501145601272583,0.8671057224273682,-0.11785051226615906
16,pose,23,-1,0.5379427671432495,0.7893010377883911,0.0009196964674629271
16,pose,24,-1,0.4499179720878601,0.7981112599372864,-0.00030429480830207467
16,pose,25,-1,0.5439289212226868,1.108590841293335,-0.019665470346808434
16,pose,26,-1,0.44845494627952576,1.1043367385864258,0.010694446042180061
16,pose,27,-1,0.5406902432441711,1.3781369924545288,0.3243306577205658
16,pose,28,-1,0.4584672749042511,1.3682385683059692,0.23989014327526093
16,pose,29,-1,0.54373699426651,1.4147807359695435,0.3528072237968445
16,pose,30,-1,0.45630311965942383,1.4032161235809326,0.2587875723838806
16,pose,31,-1,0.529613733291626,1.468002200126648,0.20549863576889038
16,pose,32,-1,0.4774893820285797,1.4658170938491821,0.08457992970943451
17,hand,0,0,0.5245939493179321,0.369811087846756,6.969442978288498e-08
17,hand,1,0,0.5263059139251709,0.3423503041267395,-0.0022928346879780293
17,hand,2,0,0.5247538089752197,0.3168239891529083,-0.0058226920664310455
17,hand,3,0,0.5276511311531067,0.2992907464504242,-0.009859834797680378
17,hand,4,0,0.533020555973053,0.2857525944709778,-0.014498306438326836
17,hand,5,0,0.5022890567779541,0.30277806520462036,-0.005620997864753008
17,hand,6,0,0.48540666699409485,0.29281002283096313,-0.010712381452322006
17,hand,7,0,0.4739246964454651,0.2877618968486786,-0.014340279623866081
17,hand,8,0,0.46578896045684814,0.28259173035621643,-0.016992170363664627
17,hand,9,0,0.4958603084087372,0.31455284357070923,-0.007995943538844585
17,hand,10,0,0.47841787338256836,0.3053685128688812,-0.012820731848478317
17,hand,11,0,0.46734508872032166,0.2993830144405365,-0.016084833070635796
17,hand,12,0,0.4589393138885498,0.29350459575653076,-0.018400680273771286
17,hand,13,0,0.4916314482688904,0.33132901787757874,-0.010602997615933418
17,hand,14,0,0.47493094205856323,0.3288799226284027,-0.015077627263963223
17,hand,15,0,0.46545225381851196,0.32676610350608826,-0.01694941148161888
17,hand,16,0,0.4584329128265381,0.3228071630001068,-0.018050989136099815
17,hand,17,0,0.4893081486225128,0.3509765565395355,-0.01342175342142582
17,hand,18,0,0.47544512152671814,0.348849356174469,-0.01728089526295662
17,hand,19,0,0.46827399730682373,0.34652096033096313,-0.01800113543868065
17,hand,20,0,0.46240487694740295,0.3417941927909851,-0.018107537180185318
17,hand,0,1,0.40437379479408264,0.8400698900222778,8.26987811564095e-09
17,hand,1,1,0.42131471633911133,0.8482392430305481,-0.005247328896075487
17,hand,2,1,0.43002864718437195,0.8727694153785706,-0.006914277095347643
17,hand,3,1,0.43471914529800415,0.897949755191803,-0.0073213293217122555
17,hand,4,1,0.4403272867202759,0.9165138602256775,-0.007097040303051472
17,hand,5,1,0.42002105712890625,0.8972116112709045,-0.0061000338755548
17,hand,6,1,0.42744165658950806,0.9291273355484009,-0.007547682151198387
17,hand,7,1,0.432217538356781,0.9446291327476501,-0.008135284297168255
17,hand,8,1,0.43630626797676086,0.9561452865600586,-0.008242213167250156
17,hand,9,1,0.41084685921669006,0.9019763469696045,-0.00369781325571239
17,hand,10,1,0.41953006386756897,0.93243008852005,-0.004385960754007101
17,hand,11,1,0.42669054865837097,0.9425808787345886,-0.0038672771770507097
17,hand,12,1,0.4316242039203644,0.9466972947120667,-0.003334921086207032
17,hand,13,1,0.40443286299705505,0.9019961357116699,-0.0015193622093647718
17,hand,14,1,0.4122069180011749,0.9303523898124695,-0.002040276536718011
17,hand,15,1,0.41912588477134705,0.9395033121109009,-0.0009434433304704726
17,hand,16,1,0.4240170419216156,0.9422043561935425,8.595246617915109e-05
17,hand,17,1,0.4006175100803375,0.900057852268219,0.00021453984663821757
17,hand,18,1,0.40531378984451294,0.9232297539710999,3.5559463867684826e-05
17,hand,19,1,0.4113156497478485,0.9329180121421814,0.000917320023290813
17,hand,20,1,0.41637206077575684,0.9366992115974426,0.0019758702255785465
17,pose,0,-1,0.4858618676662445,0.21522344648838043,-0.30970144271850586
17,pose,1,-1,0.4954506456851959,0.18436302244663239,-0.2850188910961151
17,pose,2,-1,0.5007752180099487,0.1841820925474167,-0.2851122319698334
17,pose,3,-1,0.5045703649520874,0.18420886993408203,-0.28503933548927307
17,pose,4,-1,0.47543489933013916,0.1837986558675766,-0.28759869933128357
17,pose,5,-1,0.46883901953697205,0.18394611775875092,-0.28761595487594604
17,pose,6,-1,0.4623035192489624,0.18465009331703186,-0.2877480685710907
17,pose,7,-1,0.512340247631073,0.19472981989383698,-0.126431405544281
17,pose,8,-1,0.4546095132827759,0.19733738899230957,-0.13983018696308136
17,pose,9,-1,0.4976787865161896,0.2468252182006836,-0.25061163306236267
17,pose,10,-1,0.47510826587677,0.245828777551651,-0.2546122968196869
17,pose,11,-1,0.5614345669746399,0.3533693850040436,-0.04444798082113266
17,pose,12,-1,0.40882250666618347,0.38301026821136475,-0.039609145373106
17,pose,13,-1,0.5784109234809875,0.571389377117157,-0.1936478465795517
17,pose,14,-1,0.3952144682407379,0.6200741529464722,0.006990499794483185
17,pose,15,-1,0.5119495987892151,0.37859266996383667,-0.49743637442588806
17,pose,16,-1,0.4072890877723694,0.8249819874763489,-0.10553419589996338
17,pose,17,-1,0.4906529188156128,0.32714858651161194,-0.5698556303977966
17,pose,18,-1,0.4081147611141205,0.8911809921264648,-0.1323729306459427
17,pose,19,-1,0.4966418445110321,0.3068086504936218,-0.5443746447563171
17,pose,20,-1,0.4231913983821869,0.8897236585617065,-0.17542199790477753
17,pose,21,-1,0.5006116032600403,0.32294997572898865,-0.4904516935348511
17,pose,22,-1,0.42648178339004517,0.8674678206443787,-0.12176761031150818
17,pose,23,-1,0.5382579565048218,0.7894318699836731,0.001313696033321321
17,pose,24,-1,0.4504301846027374,0.7989681959152222,-0.0006128177046775818
17,pose,25,-1,0.54527348279953,1.1090840101242065,-0.014444123022258282
17,pose,26,-1,0.4485686421394348,1.1040385961532593,0.011553014628589153
17,pose,27,-1,0.5422624349594116,1.378884196281433,0.32639285922050476
17,pose,28,-1,0.4594804346561432,1.3677469491958618,0.24013380706310272
17,pose,29,-1,0.5457412600517273,1.4156973361968994,0.35423290729522705
17,pose,30,-1,0.4570181965827942,1.4028035402297974,0.25861695408821106
17,pose,31,-1,0.5304540991783142,1.4679310321807861,0.20575685799121857
17,pose,32,-1,0.4798218011856079,1.4647765159606934,0.08166538178920746
18,hand,0,0,0.5320917367935181,0.3657951354980469,-1.6574757122356232e-09
18,hand,1,0,0.536210298538208,0.33998703956604004,0.0012389851035550237
18,hand,2,0,0.5344564914703369,0.3118939697742462,0.000534350227098912
18,hand,3,0,0.5367677211761475,0.2921670377254486,-0.0011926766019314528
18,hand,4,0,0.544050931930542,0.28050699830055237,-0.0036122144665569067
18,hand,5,0,0.5175768733024597,0.29537224769592285,0.0001401241315761581
18,hand,6,0,0.5037648677825928,0.28602880239486694,-0.0018299620132893324
18,hand,7,0,0.4942590594291687,0.2814946174621582,-0.003609348786994815
18,hand,8,0,0.486887127161026,0.2775461673736572,-0.005451301112771034
18,hand,9,0,0.5101870894432068,0.30213290452957153,-0.0031491739209741354
18,hand,10,0,0.49455899000167847,0.2879072427749634,-0.005656304303556681
18,hand,11,0,0.4845641553401947,0.2810613512992859,-0.007701150607317686
18,hand,12,0,0.4770665466785431,0.2755325436592102,-0.009347743354737759
18,hand,13,0,0.5038887858390808,0.3146126866340637,-0.006459354422986507
18,hand,14,0,0.4885733127593994,0.29712584614753723,-0.009459441527724266
18,hand,15,0,0.47810569405555725,0.2861795425415039,-0.012407545000314713
18,hand,16,0,0.4700828492641449,0.27660179138183594,-0.014560091309249401
18,hand,17,0,0.4985266923904419,0.3308113217353821,-0.009560255333781242
18,hand,18,0,0.4848645329475403,0.3200342655181885,-0.012722929008305073
18,hand,19,0,0.4757471978664398,0.31348690390586853,-0.014345495961606503
18,hand,20,0,0.4680953025817871,0.3071410059928894,-0.015432404354214668
18,hand,0,1,0.40462738275527954,0.8395931720733643,9.9640136141943e-09
18,hand,1,1,0.42193615436553955,0.8477202653884888,-0.004764930345118046
18,hand,2,1,0.4310379922389984,0.8722811341285706,-0.006193442735821009
18,hand,3,1,0.43586453795433044,0.8978510499000549,-0.00648498022928834
18,hand,4,1,0.44135427474975586,0.9166800379753113,-0.006134203169494867
18,hand,5,1,0.4211285412311554,0.8975367546081543,-0.005158835556358099
18,hand,6,1,0.4289173483848572,0.9285772442817688,-0.006529109552502632
18,hand,7,1,0.43396490812301636,0.9445278644561768,-0.007108732592314482
18,hand,8,1,0.43816253542900085,0.956335723400116,-0.007210732437670231
18,hand,9,1,0.4120156466960907,0.9023536443710327,-0.0030594663694500923
18,hand,10,1,0.4208942949771881,0.9323074221611023,-0.003845742205157876
18,hand,11,1,0.42802029848098755,0.9437735080718994,-0.003529793117195368
18,hand,12,1,0.4330735504627228,0.9489023685455322,-0.0030824809800833464
18,hand,13,1,0.4057520031929016,0.9025884866714478,-0.001204472384415567
18,hand,14,1,0.41353487968444824,0.9302539229393005,-0.001984909176826477
18,hand,15,1,0.42031633853912354,0.940993070602417,-0.00138609588611871
18,hand,16,1,0.42553195357322693,0.945023238658905,-0.0006130283582024276
18,hand,17,1,0.4020611345767975,0.9008241295814514,0.0002753740700427443
18,hand,18,1,0.4065325856208801,0.9233667254447937,-3.951992403017357e-05
18,hand,19,1,0.412243127822876,0.9339984059333801,0.0005759428604505956
18,hand,20,1,0.41747748851776123,0.938693106174469,0.001474338467232883
18,pose,0,-1,0.4857049286365509,0.2153765857219696,-0.3181270360946655
18,pose,1,-1,0.4952901601791382,0.1844644397497177,-0.29207462072372437
18,pose,2,-1,0.5006954073905945,0.18428587913513184,-0.29213958978652954
18,pose,3,-1,0.5044175982475281,0.18430936336517334,-0.2920522093772888
18,pose,4,-1,0.4753871262073517,0.18392762541770935,-0.2965339422225952
18,pose,5,-1,0.4688071608543396,0.1840514987707138,-0.29653432965278625
18,pose,6,-1,0.4620119035243988,0.18470779061317444,-0.29666557908058167
18,pose,7,-1,0.5119590163230896,0.1951400190591812,-0.12929373979568481
18,pose,8,-1,0.45418456196784973,0.1973475068807602,-0.15119552612304688
18,pose,9,-1,0.4972626864910126,0.24707944691181183,-0.2580055296421051
18,pose,10,-1,0.473961740732193,0.2459280788898468,-0.26434409618377686
18,pose,11,-1,0.5584297180175781,0.3525756895542145,-0.03987671434879303
18,pose,12,-1,0.40759578347206116,0.38352400064468384,-0.05427136272192001
18,pose,13,-1,0.5784909129142761,0.5693435668945312,-0.19029584527015686
18,pose,14,-1,0.3952060043811798,0.6218613386154175,-0.010430499911308289
18,pose,15,-1,0.5248027443885803,0.3738492429256439,-0.49960869550704956
18,pose,16,-1,0.4090615510940552,0.8263137936592102,-0.1199093908071518
18,pose,17,-1,0.5114710330963135,0.32316771149635315,-0.5728126764297485
18,pose,18,-1,0.4104156494140625,0.8931694030761719,-0.1449502855539322
18,pose,19,-1,0.5154321789741516,0.30141210556030273,-0.5499904155731201
18,pose,20,-1,0.42603224515914917,0.8912004232406616,-0.187239870429039
18,pose,21,-1,0.5174959301948547,0.31755274534225464,-0.4928927719593048
18,pose,22,-1,0.42910462617874146,0.8691207766532898,-0.13535568118095398
18,pose,23,-1,0.5386329889297485,0.7894943356513977,0.00430837320163846
18,pose,24,-1,0.45093783736228943,0.8000766038894653,-0.0034653623588383198
18,pose,25,-1,0.5457846522331238,1.1097317934036255,-0.00790326576679945
18,pose,26,-1,0.44874075055122375,1.104727029800415,0.008884324692189693
18,pose,27,-1,0.5436156988143921,1.3814101219177246,0.3220774829387665
18,pose,28,-1,0.46053534746170044,1.3688822984695435,0.22834302484989166
18,pose,29,-1,0.5472289323806763,1.4193511009216309,0.34780606627464294
18,pose,30,-1,0.45785143971443176,1.4042463302612305,0.2453959435224533
18,pose,31,-1,0.5319889187812805,1.469024896621704,0.19862180948257446
18,pose,32,-1,0.48216283321380615,1.4658129215240479,0.06560651957988739
19,hand,0,0,0.5370383262634277,0.36802005767822266,4.846273604641738e-09
19,hand,1,0,0.5406866073608398,0.3388929069042206,0.001474920311011374
19,hand,2,0,0.5401111245155334,0.309976190328598,0.00017265700444113463
19,hand,3,0,0.5439834594726562,0.28976067900657654,-0.002056393539533019
19,hand,4,0,0.5506486296653748,0.2786005735397339,-0.004920309875160456
19,hand,5,0,0.5244652032852173,0.29406341910362244,-0.0006719653611071408
19,hand,6,0,0.5081068873405457,0.2804807722568512,-0.0032821244094520807
19,hand,7,0,0.49822646379470825,0.27704423666000366,-0.0057411412708461285
19,hand,8,0,0.49128201603889465,0.27630266547203064,-0.0075655486434698105
19,hand,9,0,0.5167205929756165,0.3031541407108307,-0.003720721462741494
19,hand,10,0,0.4996383488178253,0.28624433279037476,-0.005645514465868473
19,hand,11,0,0.48913639783859253,0.2798742949962616,-0.007634605746716261
19,hand,12,0,0.4813899099826813,0.27713263034820557,-0.009251697920262814
19,hand,13,0,0.509890615940094,0.3165557086467743,-0.006705800071358681
19,hand,14,0,0.49404507875442505,0.29878363013267517,-0.008381782099604607
19,hand,15,0,0.4835052192211151,0.2903333902359009,-0.010235205292701721
19,hand,16,0,0.47526776790618896,0.2849331498146057,-0.011700612492859364
19,hand,17,0,0.5044868588447571,0.33252212405204773,-0.009525434114038944
19,hand,18,0,0.490743488073349,0.3182193338871002,-0.01149662397801876
19,hand,19,0,0.4817858338356018,0.311164528131485,-0.012248428538441658
19,hand,20,0,0.4741806983947754,0.30532822012901306,-0.012576588429510593
19,hand,0,1,0.4051426351070404,0.8400229811668396,1.8279637359341905e-08
19,hand,1,1,0.42257145047187805,0.8477258086204529,-0.005536696407943964
19,hand,2,1,0.43186041712760925,0.8720148801803589,-0.007293024566024542
19,hand,3,1,0.43691733479499817,0.8977279663085938,-0.007744640111923218
19,hand,4,1,0.4428139626979828,0.91663658618927,-0.007530252914875746
19,hand,5,1,0.42151257395744324,0.8958650231361389,-0.006498660892248154
19,hand,6,1,0.4294830858707428,0.9280036091804504,-0.008315540850162506
19,hand,7,1,0.43492528796195984,0.9442209005355835,-0.00897451676428318
19,hand,8,1,0.43950197100639343,0.9562853574752808,-0.009052455425262451
19,hand,9,1,0.4126124978065491,0.9010271430015564,-0.004135897848755121
19,hand,10,1,0.4213999807834625,0.9329260587692261,-0.0054063317365944386
19,hand,11,1,0.4292035400867462,0.9451718330383301,-0.005141604226082563
19,hand,12,1,0.4348415434360504,0.950952410697937,-0.004669660236686468
19,hand,13,1,0.40664026141166687,0.9017955660820007,-0.00204181345179677
19,hand,14,1,0.4142237603664398,0.9308685064315796,-0.0031626473646610975
19,hand,15,1,0.4216451048851013,0.9415473341941833,-0.0025648032315075397
19,hand,16,1,0.42730802297592163,0.9455364942550659,-0.0017306818626821041
19,hand,17,1,0.4032796025276184,0.9006416201591492,-0.0003818529949057847
19,hand,18,1,0.40789324045181274,0.9243395924568176,-0.0009342332486994565
19,hand,19,1,0.414014995098114,0.9348094463348389,-0.0003588752879295498
19,hand,20,1,0.4195452034473419,0.9392184019088745,0.0005364578682929277
19,pose,0,-1,0.48548927903175354,0.2152138650417328,-0.3281271159648895
19,pose,1,-1,0.49515092372894287,0.18419507145881653,-0.30185917019844055
19,pose,2,-1,0.5005991458892822,0.18404027819633484,-0.3019298017024994
19,pose,3,-1,0.5040671229362488,0.18412059545516968,-0.30184951424598694
19,pose,4,-1,0.4752245545387268,0.1836940050125122,-0.30691051483154297
19,pose,5,-1,0.468694806098938,0.18382549285888672,-0.30690690875053406
19,pose,6,-1,0.4619717001914978,0.1845085769891739,-0.3070458471775055
19,pose,7,-1,0.5113301873207092,0.19510403275489807,-0.1362113356590271
19,pose,8,-1,0.45365503430366516,0.19718745350837708,-0.16048508882522583
19,pose,9,-1,0.49716880917549133,0.2469796985387802,-0.26680245995521545
19,pose,10,-1,0.4738474190235138,0.24566899240016937,-0.2737514078617096
19,pose,11,-1,0.5575069785118103,0.351019024848938,-0.04232069477438927
19,pose,12,-1,0.4069575369358063,0.383663535118103,-0.06386350095272064
19,pose,13,-1,0.5789052248001099,0.5699020624160767,-0.19287385046482086
19,pose,14,-1,0.3954958915710449,0.6225063800811768,-0.02208668179810047
19,pose,15,-1,0.5327891707420349,0.37626269459724426,-0.5301375985145569
19,pose,16,-1,0.4101916551589966,0.8274341225624084,-0.14070631563663483
19,pose,17,-1,0.5196691751480103,0.3240585923194885,-0.6077880263328552
19,pose,18,-1,0.4118841290473938,0.8946150541305542,-0.16885916888713837
19,pose,19,-1,0.5225192308425903,0.30130961537361145,-0.5835824608802795
19,pose,20,-1,0.4277985692024231,0.8923322558403015,-0.21138907968997955
19,pose,21,-1,0.5244923830032349,0.31806427240371704,-0.527819037437439
19,pose,22,-1,0.43064820766448975,0.8703426718711853,-0.15666241943836212
19,pose,23,-1,0.538604199886322,0.7895448207855225,0.005850950721651316
19,pose,24,-1,0.45089131593704224,0.8002188205718994,-0.004968168213963509
19,pose,25,-1,0.5456316471099854,1.1096382141113281,-0.0077848127111792564
19,pose,26,-1,0.44873425364494324,1.1022286415100098,0.007633801084011793
19,pose,27,-1,0.543607771396637,1.3797483444213867,0.31205496191978455
19,pose,28,-1,0.46085861325263977,1.3685662746429443,0.22736120223999023
19,pose,29,-1,0.5471076369285583,1.4172613620758057,0.336508184671402
19,pose,30,-1,0.458108514547348,1.4037988185882568,0.2445444017648697
19,pose,31,-1,0.532127320766449,1.4673086404800415,0.18672138452529907
19,pose,32,-1,0.48255664110183716,1.4654371738433838,0.06505267322063446
20,hand,0,0,0.5405880212783813,0.376830518245697,2.2309793124009047e-08
20,hand,1,0,0.54423588514328,0.3456926941871643,0.0016554562607780099
20,hand,2,0,0.5448378324508667,0.3147323727607727,0.0002056009543593973
20,hand,3,0,0.5488285422325134,0.2920636832714081,-0.002133271424099803
20,hand,4,0,0.556311845779419,0.2796418070793152,-0.005018607247620821
20,hand,5,0,0.5315157771110535,0.3022794723510742,-0.0006550028338097036
20,hand,6,0,0.5172960758209229,0.28176137804985046,-0.003003782592713833
20,hand,7,0,0.5081560015678406,0.2737670838832855,-0.005299883894622326
20,hand,8,0,0.5014912486076355,0.26970377564430237,-0.006991945207118988
20,hand,9,0,0.5233727693557739,0.3108999729156494,-0.00359747395850718
20,hand,10,0,0.5091452598571777,0.28892016410827637,-0.004965122323483229
20,hand,11,0,0.500376284122467,0.2789381742477417,-0.006728389300405979
20,hand,12,0,0.4939028024673462,0.27349793910980225,-0.008350292220711708
20,hand,13,0,0.5159731507301331,0.32317206263542175,-0.006384027190506458
20,hand,14,0,0.503145158290863,0.30028676986694336,-0.00718500604853034
20,hand,15,0,0.4946856200695038,0.28976088762283325,-0.008250000886619091
20,hand,16,0,0.4881829023361206,0.28338682651519775,-0.009333102032542229
20,hand,17,0,0.5096216797828674,0.33746787905693054,-0.009036869741976261
20,hand,18,0,0.49817630648612976,0.3182569444179535,-0.0098900580778718
20,hand,19,0,0.49099108576774597,0.3090357184410095,-0.009811258874833584
20,hand,20,0,0.4847981631755829,0.30209171772003174,-0.009659642353653908
20,hand,0,1,0.4063601791858673,0.8417297005653381,1.5295157140826632e-08
20,hand,1,1,0.42368367314338684,0.8488765954971313,-0.005336012691259384
20,hand,2,1,0.433026522397995,0.8729398846626282,-0.0068692974746227264
20,hand,3,1,0.43809157609939575,0.8983151316642761,-0.007098805159330368
20,hand,4,1,0.4436938464641571,0.9172853231430054,-0.006665768101811409
20,hand,5,1,0.4226747751235962,0.8985084295272827,-0.006012365221977234
20,hand,6,1,0.4306327700614929,0.9298563599586487,-0.0073705450631678104
20,hand,7,1,0.43604129552841187,0.9453534483909607,-0.0077825370244681835
20,hand,8,1,0.440523624420166,0.9570636749267578,-0.007744709029793739
20,hand,9,1,0.4136449992656708,0.9036634564399719,-0.003563109552487731
20,hand,10,1,0.4226355254650116,0.9347957968711853,-0.004296669736504555
20,hand,11,1,0.43046727776527405,0.946437418460846,-0.0038207971956580877
20,hand,12,1,0.435992956161499,0.952254593372345,-0.0032955959904938936
20,hand,13,1,0.40763112902641296,0.9041516780853271,-0.0013545171823352575
20,hand,14,1,0.4155505299568176,0.9325776100158691,-0.0021403799764811993
20,hand,15,1,0.42306527495384216,0.9422495365142822,-0.0014221598394215107
20,hand,16,1,0.4284982979297638,0.9457438588142395,-0.000567614973988384
20,hand,17,1,0.4043172597885132,0.9027361869812012,0.00044073976459912956
20,hand,18,1,0.4095185399055481,0.9261918067932129,8.205345511669293e-05
20,hand,19,1,0.41586416959762573,0.9357374906539917,0.0007817805162630975
20,hand,20,1,0.4211789667606354,0.9394491910934448,0.0017470635939389467
20,pose,0,-1,0.4854223132133484,0.21504652500152588,-0.31543686985969543
20,pose,1,-1,0.4947700500488281,0.18407590687274933,-0.28920257091522217
20,pose,2,-1,0.5000216364860535,0.18394413590431213,-0.2892657220363617
20,pose,3,-1,0.5032230615615845,0.18406347930431366,-0.2891859710216522
20,pose,4,-1,0.4751797020435333,0.18363626301288605,-0.2941770553588867
20,pose,5,-1,0.46862760186195374,0.18363338708877563,-0.2941656708717346
20,pose,6,-1,0.4618692994117737,0.18423449993133545,-0.2942957282066345
20,pose,7,-1,0.5096638798713684,0.1951293796300888,-0.12604688107967377
20,pose,8,-1,0.4530295431613922,0.19654013216495514,-0.15011818706989288
20,pose,9,-1,0.49645841121673584,0.24655447900295258,-0.2551262676715851
20,pose,10,-1,0.4732784926891327,0.24491441249847412,-0.2621157467365265
20,pose,11,-1,0.5558289885520935,0.34817245602607727,-0.034767746925354004
20,pose,12,-1,0.4062645733356476,0.3836342394351959,-0.05730418488383293
20,pose,13,-1,0.5794912576675415,0.5706714391708374,-0.18874309957027435
20,pose,14,-1,0.3959640860557556,0.6224849820137024,-0.018595384433865547
20,pose,15,-1,0.5361568927764893,0.37768012285232544,-0.5228120684623718
20,pose,16,-1,0.41098088026046753,0.8277324438095093,-0.13051529228687286
20,pose,17,-1,0.5220116376876831,0.3240821659564972,-0.5993597507476807
20,pose,18,-1,0.4129265546798706,0.8951236605644226,-0.15638957917690277
20,pose,19,-1,0.5238584876060486,0.3026757836341858,-0.5756320953369141
20,pose,20,-1,0.42875298857688904,0.8930230140686035,-0.1990746110677719
20,pose,21,-1,0.5259060263633728,0.31854525208473206,-0.5250174403190613
20,pose,22,-1,0.43153616786003113,0.8708338141441345,-0.14627863466739655
20,pose,23,-1,0.5385889410972595,0.7881011962890625,0.00753138680011034
20,pose,24,-1,0.45085376501083374,0.7991936206817627,-0.006610607262700796
20,pose,25,-1,0.5459486246109009,1.1077239513397217,-0.014725818298757076
20,pose,26,-1,0.448967844247818,1.0995382070541382,-0.004038284998387098
20,pose,27,-1,0.5444815158843994,1.378395676612854,0.30379870533943176
20,pose,28,-1,0.46160265803337097,1.3680015802383423,0.21228379011154175
20,pose,29,-1,0.5481231808662415,1.4155570268630981,0.32863959670066833
20,pose,30,-1,0.45865973830223083,1.4033482074737549,0.22875866293907166
20,pose,31,-1,0.5329144597053528,1.4662811756134033,0.1783691942691803
20,pose,32,-1,0.48344817757606506,1.4643787145614624,0.04824777692556381
21,hand,0,0,0.5416759848594666,0.3866064250469208,9.498940301000403e-08
21,hand,1,0,0.5483565926551819,0.3562583923339844,-0.0006099361344240606
21,hand,2,0,0.5497933030128479,0.3247698247432709,-0.002654214156791568
21,hand,3,0,0.5541819930076599,0.3005615770816803,-0.00452756742015481
21,hand,4,0,0.561316728591919,0.28795093297958374,-0.006762244738638401
21,hand,5,0,0.5366484522819519,0.3145752251148224,-0.005602681543678045
21,hand,6,0,0.5255549550056458,0.2846231460571289,-0.007479231338948011
21,hand,7,0,0.5183975100517273,0.27015072107315063,-0.008589569479227066
21,hand,8,0,0.5130983591079712,0.2597257196903229,-0.009361667558550835
21,hand,9,0,0.5264121294021606,0.32377004623413086,-0.00646992539986968
21,hand,10,0,0.5143848657608032,0.2933862507343292,-0.007698652800172567
21,hand,11,0,0.5068178772926331,0.27734148502349854,-0.008685980923473835
21,hand,12,0,0.5013707876205444,0.26664456725120544,-0.009592215530574322
21,hand,13,0,0.5178482532501221,0.33506327867507935,-0.006911886390298605
21,hand,14,0,0.5068866014480591,0.30826008319854736,-0.007026037201285362
21,hand,15,0,0.5002253651618958,0.29308760166168213,-0.007799185812473297
21,hand,16,0,0.4954049587249756,0.28319525718688965,-0.008739770390093327
21,hand,17,0,0.5117959976196289,0.3460090160369873,-0.007323646917939186
21,hand,18,0,0.5047469139099121,0.3234480321407318,-0.007189667318016291
21,hand,19,0,0.5001378059387207,0.3113204836845398,-0.0067961313761770725
21,hand,20,0,0.4965234398841858,0.30146175622940063,-0.006505855359137058
21,hand,0,1,0.40692439675331116,0.8411691784858704,1.3043764290898707e-08
21,hand,1,1,0.4241948127746582,0.8491250276565552,-0.005706666968762875
21,hand,2,1,0.4332534968852997,0.8735163807868958,-0.0073559037409722805
21,hand,3,1,0.43822890520095825,0.8989338278770447,-0.007668009959161282
21,hand,4,1,0.4440920352935791,0.9177504777908325,-0.007294803392142057
21,hand,5,1,0.4228097200393677,0.8980336785316467,-0.006184703670442104
21,hand,6,1,0.4311802387237549,0.9296539425849915,-0.007700904738157988
21,hand,7,1,0.4367082417011261,0.9453538656234741,-0.008233292028307915
21,hand,8,1,0.44134536385536194,0.9574308395385742,-0.008277869783341885
21,hand,9,1,0.41405120491981506,0.9034083485603333,-0.0036042097490280867
21,hand,10,1,0.42341816425323486,0.9344862103462219,-0.004544049501419067
21,hand,11,1,0.4313708245754242,0.946619987487793,-0.004260181915014982
21,hand,12,1,0.43705612421035767,0.9529756903648376,-0.003868809435516596
21,hand,13,1,0.40827494859695435,0.9042139649391174,-0.001314506633207202
21,hand,14,1,0.41631972789764404,0.9325278997421265,-0.002319604391232133
21,hand,15,1,0.42373496294021606,0.942366898059845,-0.0018235277384519577
21,hand,16,1,0.42925503849983215,0.9459247589111328,-0.0010647043818607926
21,hand,17,1,0.40517523884773254,0.903036892414093,0.0005262406193651259
21,hand,18,1,0.41017237305641174,0.9263669848442078,-5.6013093853835016e-05
21,hand,19,1,0.4164806008338928,0.9363068342208862,0.00041550322202965617
21,hand,20,1,0.4220183491706848,0.9402092695236206,0.001246559782885015
21,pose,0,-1,0.4852372109889984,0.21487519145011902,-0.30843833088874817
21,pose,1,-1,0.4947073757648468,0.18449212610721588,-0.28299519419670105
21,pose,2,-1,0.49971574544906616,0.1844020038843155,-0.2830583453178406
21,pose,3,-1,0.5027859807014465,0.18451537191867828,-0.2829846143722534
21,pose,4,-1,0.4750428795814514,0.18368561565876007,-0.28815799951553345
21,pose,5,-1,0.46847498416900635,0.18360739946365356,-0.2881411910057068
21,pose,6,-1,0.46179088950157166,0.18419961631298065,-0.2882709503173828
21,pose,7,-1,0.5087371468544006,0.1952047497034073,-0.12233481556177139
21,pose,8,-1,0.45274263620376587,0.1963784396648407,-0.14714168012142181
21,pose,9,-1,0.4963632822036743,0.2464590072631836,-0.24883170425891876
21,pose,10,-1,0.47319018840789795,0.24469031393527985,-0.2560521364212036
21,pose,11,-1,0.5548722743988037,0.3458062708377838,-0.030445804819464684
21,pose,12,-1,0.40570059418678284,0.3836366534233093,-0.05560968816280365
21,pose,13,-1,0.5795810222625732,0.5712514519691467,-0.18357275426387787
21,pose,14,-1,0.39647868275642395,0.6225389242172241,-0.016194313764572144
21,pose,15,-1,0.538253903388977,0.38210394978523254,-0.5200716853141785
21,pose,16,-1,0.41168826818466187,0.828025221824646,-0.12100835889577866
21,pose,17,-1,0.5263463258743286,0.326399564743042,-0.597184419631958
21,pose,18,-1,0.4134872257709503,0.8956032991409302,-0.14479486644268036
21,pose,19,-1,0.5281346440315247,0.3056482970714569,-0.5695841908454895
21,pose,20,-1,0.4290885627269745,0.8935545682907104,-0.187988743185997
21,pose,21,-1,0.5293146371841431,0.3222009837627411,-0.5244166254997253
21,pose,22,-1,0.4319421648979187,0.8712980151176453,-0.13670668005943298
21,pose,23,-1,0.5385644435882568,0.7874476909637451,0.008275053463876247
21,pose,24,-1,0.45076945424079895,0.7987197041511536,-0.0073464540764689445
21,pose,25,-1,0.5458776354789734,1.1067477464675903,-0.021497029811143875
21,pose,26,-1,0.4490410387516022,1.0980430841445923,-0.009015805087983608
21,pose,27,-1,0.5445187091827393,1.3774921894073486,0.30037030577659607
21,pose,28,-1,0.4615950882434845,1.3676332235336304,0.2094161957502365
21,pose,29,-1,0.5480729937553406,1.4144461154937744,0.32570788264274597
21,pose,30,-1,0.4586557149887085,1.403052568435669,0.22637134790420532
21,pose,31,-1,0.5329393148422241,1.4654537439346313,0.17677868902683258
21,pose,32,-1,0.4832209348678589,1.4640840291976929,0.04681788757443428
22,hand,0,0,0.5424123406410217,0.3990837335586548,1.1029227664494101e-07
22,hand,1,0,0.5506165027618408,0.37100210785865784,-0.002412959933280945
22,hand,2,0,0.552873969078064,0.34224361181259155,-0.005582410376518965
22,hand,3,0,0.5577499866485596,0.3210497200489044,-0.008273780345916748
22,hand,4,0,0.564980149269104,0.312033087015152,-0.011504488065838814
22,hand,5,0,0.5402091145515442,0.33318233489990234,-0.011117609217762947
22,hand,6,0,0.5301275253295898,0.29861122369766235,-0.015228250995278358
22,hand,7,0,0.5237041115760803,0.27970457077026367,-0.017444569617509842
22,hand,8,0,0.5185360908508301,0.2645564377307892,-0.01888604648411274
22,hand,9,0,0.5296881198883057,0.3404097855091095,-0.011876680888235569
22,hand,10,0,0.5199581384658813,0.30366846919059753,-0.015288250520825386
22,hand,11,0,0.5134170055389404,0.28219425678253174,-0.01738867349922657
22,hand,12,0,0.5083667039871216,0.26557955145835876,-0.019036248326301575
22,hand,13,0,0.5211966633796692,0.34900927543640137,-0.012094267643988132
22,hand,14,0,0.5119325518608093,0.3160790801048279,-0.01399427093565464
22,hand,15,0,0.505933403968811,0.2955174744129181,-0.016182906925678253
22,hand,16,0,0.5014165043830872,0.28084489703178406,-0.018035229295492172
22,hand,17,0,0.5152192711830139,0.3575303256511688,-0.012356639839708805
22,hand,18,0,0.5090161561965942,0.3326098322868347,-0.01361124962568283
22,hand,19,0,0.5049265623092651,0.3181205093860626,-0.014363006688654423
22,hand,20,0,0.501724123954773,0.3067983388900757,-0.014963616617023945
22,hand,0,1,0.4055587947368622,0.8425114154815674,1.2673872618051973e-08
22,hand,1,1,0.42330247163772583,0.8486446738243103,-0.0062792422249913216
22,hand,2,1,0.4329269826412201,0.8729028105735779,-0.007871109060943127
22,hand,3,1,0.4380907118320465,0.8986524343490601,-0.007916096597909927
22,hand,4,1,0.44411835074424744,0.9177560210227966,-0.007222168613225222
22,hand,5,1,0.4225046634674072,0.9001954197883606,-0.006158952601253986
22,hand,6,1,0.43119123578071594,0.931416392326355,-0.006936082616448402
22,hand,7,1,0.4367560148239136,0.9464188814163208,-0.007067734841257334
22,hand,8,1,0.4413553774356842,0.9581258296966553,-0.006929892115294933
22,hand,9,1,0.4136330187320709,0.905585765838623,-0.0029717599973082542
22,hand,10,1,0.4236329197883606,0.935856282711029,-0.003267076797783375
22,hand,11,1,0.43186184763908386,0.9472979307174683,-0.0027640305925160646
22,hand,12,1,0.4376855194568634,0.9531621336936951,-0.0023108634632080793
22,hand,13,1,0.4080642759799957,0.906028687953949,-8.624444308225065e-05
22,hand,14,1,0.41685622930526733,0.9336994290351868,-0.0006799594266340137
22,hand,15,1,0.4247016906738281,0.9428830146789551,-0.0002335423487238586
22,hand,16,1,0.4305132031440735,0.9460588097572327,0.000390875618904829
22,hand,17,1,0.405370831489563,0.9048264026641846,0.0023163422010838985
22,hand,18,1,0.4109829068183899,0.9277617931365967,0.0019278202671557665
22,hand,19,1,0.417606920003891,0.9369693994522095,0.0023121011909097433
22,hand,20,1,0.42318081855773926,0.9403517246246338,0.0030071684159338474
22,pose,0,-1,0.4855233132839203,0.21393953263759613,-0.31876546144485474
22,pose,1,-1,0.49460622668266296,0.18403352797031403,-0.29355111718177795
22,pose,2,-1,0.4996797740459442,0.18399308621883392,-0.2936248183250427
22,pose,3,-1,0.5027648210525513,0.18418899178504944,-0.29355838894844055
22,pose,4,-1,0.47545698285102844,0.18306086957454681,-0.29912954568862915
22,pose,5,-1,0.46858465671539307,0.1829453706741333,-0.2991254925727844
22,pose,6,-1,0.4620071351528168,0.18347005546092987,-0.2992655634880066
22,pose,7,-1,0.508274257183075,0.19482269883155823,-0.13152888417243958
22,pose,8,-1,0.4525323212146759,0.19574478268623352,-0.1554412841796875
22,pose,9,-1,0.4963364899158478,0.24590134620666504,-0.25842463970184326
22,pose,10,-1,0.4734906852245331,0.24389611184597015,-0.26606568694114685
22,pose,11,-1,0.5546286702156067,0.3454429805278778,-0.0358518548309803
22,pose,12,-1,0.40511706471443176,0.3838101029396057,-0.06027616560459137
22,pose,13,-1,0.5797061920166016,0.5715521574020386,-0.18407024443149567
22,pose,14,-1,0.39688166975975037,0.6233900189399719,-0.019798196852207184
22,pose,15,-1,0.5400475859642029,0.3915822505950928,-0.5203019976615906
22,pose,16,-1,0.4118596911430359,0.8282394409179688,-0.13033373653888702
22,pose,17,-1,0.5293885469436646,0.3343988060951233,-0.5969935059547424
22,pose,18,-1,0.4135954976081848,0.8957369923591614,-0.15540623664855957
22,pose,19,-1,0.5311292409896851,0.3119358420372009,-0.5750120282173157
22,pose,20,-1,0.42899230122566223,0.8936612606048584,-0.1993485391139984
22,pose,21,-1,0.5322028994560242,0.3310840427875519,-0.522613525390625
22,pose,22,-1,0.43185269832611084,0.8713527917861938,-0.1464846283197403
22,pose,23,-1,0.5384942889213562,0.7868258953094482,0.00858642440289259
22,pose,24,-1,0.4506426751613617,0.7980819344520569,-0.007674820721149445
22,pose,25,-1,0.5460560321807861,1.1057687997817993,-0.02186153642833233
22,pose,26,-1,0.44908607006073,1.0975345373153687,-0.009457333013415337
22,pose,27,-1,0.5452856421470642,1.3770458698272705,0.30451950430870056
22,pose,28,-1,0.46236172318458557,1.3674721717834473,0.21691471338272095
22,pose,29,-1,0.5490846633911133,1.4139350652694702,0.330207884311676
22,pose,30,-1,0.4594755172729492,1.4028651714324951,0.23478180170059204
22,pose,31,-1,0.5336670279502869,1.4648805856704712,0.17912569642066956
22,pose,32,-1,0.4843604266643524,1.463791847229004,0.05342820659279823
23,hand,0,0,0.5451685786247253,0.4117472171783447,1.1014419953880861e-07
23,hand,1,0,0.5540238618850708,0.38383349776268005,-0.0034627425484359264
23,hand,2,0,0.5567877888679504,0.3536839187145233,-0.006867038551717997
23,hand,3,0,0.5584953427314758,0.33186906576156616,-0.009128643199801445
23,hand,4,0,0.5615449547767639,0.3210892081260681,-0.011647725477814674
23,hand,5,0,0.5441606044769287,0.35078614950180054,-0.014331507496535778
23,hand,6,0,0.5339707732200623,0.3133854269981384,-0.01890474557876587
23,hand,7,0,0.5280816555023193,0.29362618923187256,-0.020697643980383873
23,hand,8,0,0.5231904983520508,0.2780532240867615,-0.021606942638754845
23,hand,9,0,0.5329166054725647,0.35750314593315125,-0.01425192505121231
23,hand,10,0,0.5240927934646606,0.31682971119880676,-0.01819261908531189
23,hand,11,0,0.5187520384788513,0.2934339940547943,-0.01980997622013092
23,hand,12,0,0.5146215558052063,0.27591729164123535,-0.020914606750011444
23,hand,13,0,0.5242501497268677,0.3647555708885193,-0.013532852753996849
23,hand,14,0,0.5162148475646973,0.3273094892501831,-0.01592404581606388
23,hand,15,0,0.5108530521392822,0.3045428395271301,-0.018182028084993362
23,hand,16,0,0.506519615650177,0.2884310781955719,-0.01998901180922985
23,hand,17,0,0.5185984969139099,0.3715198040008545,-0.012780864723026752
23,hand,18,0,0.5133835077285767,0.34530195593833923,-0.014569858089089394
23,hand,19,0,0.5094954967498779,0.33189475536346436,-0.015481834299862385
23,hand,20,0,0.5057536363601685,0.3225955367088318,-0.016074951738119125
23,hand,0,1,0.40591272711753845,0.8433817028999329,1.437317642682956e-08
23,hand,1,1,0.42326968908309937,0.8515849709510803,-0.005560631398111582
23,hand,2,1,0.43241366744041443,0.8757646679878235,-0.007035539951175451
23,hand,3,1,0.4372974634170532,0.9008815884590149,-0.007286993786692619
23,hand,4,1,0.44369059801101685,0.9189887046813965,-0.006853777449578047
23,hand,5,1,0.42239096760749817,0.9015601277351379,-0.004632637370377779
23,hand,6,1,0.4303588569164276,0.9318618178367615,-0.005763315595686436
23,hand,7,1,0.435749888420105,0.9467236399650574,-0.006429980043321848
23,hand,8,1,0.4404435157775879,0.9582744240760803,-0.006670751608908176
23,hand,9,1,0.41366100311279297,0.9068600535392761,-0.0021603796631097794
23,hand,10,1,0.4228511452674866,0.93666672706604,-0.0028699799440801144
23,hand,11,1,0.43084800243377686,0.9482225775718689,-0.003048816928640008
23,hand,12,1,0.43675169348716736,0.954346776008606,-0.0030315301846712828
23,hand,13,1,0.4079253673553467,0.9073059558868408,-2.6334177164244466e-05
23,hand,14,1,0.415923535823822,0.9344539642333984,-0.0009322719415649772
23,hand,15,1,0.4234723150730133,0.9434786438941956,-0.000735077599529177
23,hand,16,1,0.429127037525177,0.9466773271560669,-0.0001985599665204063
23,hand,17,1,0.40481409430503845,0.9058618545532227,0.0016524731181561947
23,hand,18,1,0.4099905490875244,0.9287363290786743,0.0012169925030320883
23,hand,19,1,0.4163808822631836,0.937580943107605,0.0017489978345111012
23,hand,20,1,0.42175859212875366,0.9406111836433411,0.0025857200380414724
23,pose,0,-1,0.48570892214775085,0.21388815343379974,-0.32490280270576477
23,pose,1,-1,0.4945223927497864,0.18404974043369293,-0.300071656703949
23,pose,2,-1,0.4994201362133026,0.18399354815483093,-0.3001471161842346
23,pose,3,-1,0.5024932622909546,0.1841762810945511,-0.3000834584236145
23,pose,4,-1,0.4756115972995758,0.18308301270008087,-0.3048764765262604
23,pose,5,-1,0.4686056971549988,0.18296752870082855,-0.3048809766769409
23,pose,6,-1,0.462106853723526,0.18347808718681335,-0.3050197660923004
23,pose,7,-1,0.5071765184402466,0.19470208883285522,-0.13844169676303864
23,pose,8,-1,0.4523693323135376,0.1957148164510727,-0.1645459085702896
23,pose,9,-1,0.49628570675849915,0.24577517807483673,-0.26452261209487915
23,pose,10,-1,0.47379323840141296,0.24389061331748962,-0.27123743295669556
23,pose,11,-1,0.5544090867042542,0.34572282433509827,-0.04065416380763054
23,pose,12,-1,0.40464264154434204,0.38438183069229126,-0.06843774020671844
23,pose,13,-1,0.579753577709198,0.5721365809440613,-0.18533985316753387
23,pose,14,-1,0.3969387710094452,0.6245189905166626,-0.02227577567100525
23,pose,15,-1,0.5429152846336365,0.39692139625549316,-0.5297911763191223
23,pose,16,-1,0.4118306338787079,0.8286367654800415,-0.13264200091362
23,pose,17,-1,0.5349712371826172,0.33846038579940796,-0.6061446666717529
23,pose,18,-1,0.4135044515132904,0.8961031436920166,-0.15596388280391693
23,pose,19,-1,0.5363506078720093,0.31637415289878845,-0.5873088240623474
23,pose,20,-1,0.42884692549705505,0.893944501876831,-0.20110441744327545
23,pose,21,-1,0.5362962484359741,0.3369304835796356,-0.5316754579544067
23,pose,22,-1,0.43172433972358704,0.871533215045929,-0.14905360341072083
23,pose,23,-1,0.5384836196899414,0.7865585684776306,0.009486168622970581
23,pose,24,-1,0.45061784982681274,0.7980085611343384,-0.008591922000050545
23,pose,25,-1,0.5463098883628845,1.1050716638565063,-0.01776793785393238
23,pose,26,-1,0.44950780272483826,1.0970008373260498,-0.006955841556191444
23,pose,27,-1,0.5457980632781982,1.3766419887542725,0.3015241324901581
23,pose,28,-1,0.4636360704898834,1.367310643196106,0.2123195081949234
23,pose,29,-1,0.5494993329048157,1.4134972095489502,0.3254739046096802
23,pose,30,-1,0.4607616066932678,1.402667760848999,0.22890077531337738
23,pose,31,-1,0.534534215927124,1.4647390842437744,0.17201772332191467
23,pose,32,-1,0.4854428470134735,1.4631949663162231,0.0460057370364666
24,hand,0,0,0.5497693419456482,0.424288809299469,6.853793621530713e-08
24,hand,1,0,0.5577899813652039,0.39507782459259033,-0.0029370756819844246
24,hand,2,0,0.5553113222122192,0.36521533131599426,-0.005836665164679289
24,hand,3,0,0.5457099676132202,0.34711191058158875,-0.007903038524091244
24,hand,4,0,0.5366613268852234,0.33799999952316284,-0.010213279165327549
24,hand,5,0,0.553514838218689,0.3636232018470764,-0.013335328549146652
24,hand,6,0,0.5405944585800171,0.32832011580467224,-0.018941160291433334
24,hand,7,0,0.532613217830658,0.3097003996372223,-0.02137589268386364
24,hand,8,0,0.5262196660041809,0.29485759139060974,-0.02255748212337494
24,hand,9,0,0.5423707962036133,0.37021440267562866,-0.01426166482269764
24,hand,10,0,0.530307412147522,0.3314164876937866,-0.019806625321507454
24,hand,11,0,0.5229976773262024,0.3092217445373535,-0.0221300907433033
24,hand,12,0,0.5177689790725708,0.29235193133354187,-0.02338346093893051
24,hand,13,0,0.5323576331138611,0.37705129384994507,-0.01472634356468916
24,hand,14,0,0.5224759578704834,0.3395825922489166,-0.01864170841872692
24,hand,15,0,0.5166131854057312,0.31671270728111267,-0.020893139764666557
24,hand,16,0,0.5121455192565918,0.2993175983428955,-0.022323941811919212
24,hand,17,0,0.5244981050491333,0.38278642296791077,-0.015097619965672493
24,hand,18,0,0.519464910030365,0.3522753119468689,-0.017945177853107452
24,hand,19,0,0.5169116258621216,0.3355698883533478,-0.018961826339364052
24,hand,20,0,0.5144054293632507,0.32280927896499634,-0.019464368000626564
24,hand,0,1,0.4041658937931061,0.8434596061706543,7.90669485439821e-09
24,hand,1,1,0.42188891768455505,0.8516591191291809,-0.005215315148234367
24,hand,2,1,0.4311385452747345,0.8765283226966858,-0.00651204027235508
24,hand,3,1,0.43592339754104614,0.9021404385566711,-0.006611821707338095
24,hand,4,1,0.4421766400337219,0.9201594591140747,-0.006062567699700594
24,hand,5,1,0.4209139347076416,0.9011547565460205,-0.004937620367854834
24,hand,6,1,0.42840588092803955,0.9315212368965149,-0.006214146967977285
24,hand,7,1,0.4336910545825958,0.9468019008636475,-0.0068135871551930904
24,hand,8,1,0.43831512331962585,0.9588135480880737,-0.0070013627409935
24,hand,9,1,0.4121966063976288,0.9061567783355713,-0.0027380636893212795
24,hand,10,1,0.42098790407180786,0.9364292621612549,-0.003670377191156149
24,hand,11,1,0.4291173219680786,0.9480528235435486,-0.0036288106348365545
24,hand,12,1,0.43524014949798584,0.9543032050132751,-0.003389126155525446
24,hand,13,1,0.4064241945743561,0.9064958691596985,-0.0008555515087209642
24,hand,14,1,0.4140869677066803,0.93446946144104,-0.002077072160318494
24,hand,15,1,0.42166343331336975,0.9433015584945679,-0.001747528207488358
24,hand,16,1,0.427396297454834,0.9463197588920593,-0.001004088670015335
24,hand,17,1,0.4032363295555115,0.9049357771873474,0.0006144851795397699
24,hand,18,1,0.40821734070777893,0.9284910559654236,-3.2659012504154816e-05
24,hand,19,1,0.4145413935184479,0.9374436140060425,0.0005215547862462699
24,hand,20,1,0.419863760471344,0.9404944181442261,0.0014321437338367105
24,pose,0,-1,0.48581990599632263,0.21400310099124908,-0.31681933999061584
24,pose,1,-1,0.4944767653942108,0.18440501391887665,-0.29264822602272034
24,pose,2,-1,0.49909308552742004,0.18433743715286255,-0.2927204370498657
24,pose,3,-1,0.5021513104438782,0.18449877202510834,-0.292656272649765
24,pose,4,-1,0.4757186770439148,0.18347255885601044,-0.29939571022987366
24,pose,5,-1,0.46862518787384033,0.18335658311843872,-0.29937973618507385
24,pose,6,-1,0.4621534049510956,0.1838473230600357,-0.2995123267173767
24,pose,7,-1,0.5062553882598877,0.19473648071289062,-0.13461492955684662
24,pose,8,-1,0.45205923914909363,0.19586049020290375,-0.1655501425266266
24,pose,9,-1,0.4962526559829712,0.24577337503433228,-0.2577391564846039
24,pose,10,-1,0.47398650646209717,0.2440498024225235,-0.2669353187084198
24,pose,11,-1,0.5541461110115051,0.3458784520626068,-0.03658849745988846
24,pose,12,-1,0.4040737748146057,0.38559985160827637,-0.06840360909700394
24,pose,13,-1,0.58014315366745,0.5757119059562683,-0.17401908338069916
24,pose,14,-1,0.39702102541923523,0.6261253356933594,-0.015643179416656494
24,pose,15,-1,0.5461248755455017,0.4035705626010895,-0.5104947090148926
24,pose,16,-1,0.41177526116371155,0.8290039300918579,-0.11112845689058304
24,pose,17,-1,0.5393381118774414,0.3478408455848694,-0.5839566588401794
24,pose,18,-1,0.4134828746318817,0.8964186906814575,-0.1315806359052658
24,pose,19,-1,0.5402851700782776,0.3249349594116211,-0.5658885836601257
24,pose,20,-1,0.4287373721599579,0.8942965865135193,-0.17711402475833893
24,pose,21,-1,0.5399709939956665,0.34554970264434814,-0.5119434595108032
24,pose,22,-1,0.4316679835319519,0.8717263340950012,-0.12751196324825287
24,pose,23,-1,0.5384635925292969,0.7865954637527466,0.01007606741040945
24,pose,24,-1,0.45059287548065186,0.7981409430503845,-0.009200643748044968
24,pose,25,-1,0.533126175403595,1.0606273412704468,-0.016018662601709366
24,pose,26,-1,0.450359970331192,1.0979558229446411,-0.00588189298287034
24,pose,27,-1,0.5467880368232727,1.3771289587020874,0.30425789952278137
24,pose,28,-1,0.4652852416038513,1.3671163320541382,0.21406258642673492
24,pose,29,-1,0.5503681898117065,1.413948893547058,0.3287150263786316
24,pose,30,-1,0.4624478220939636,1.4023677110671997,0.230745330452919
24,pose,31,-1,0.5359765887260437,1.464544415473938,0.17514848709106445
24,pose,32,-1,0.48707452416419983,1.462812900543213,0.0473218597471714
25,hand,0,0,0.551582932472229,0.4292120635509491,1.3154207501031578e-08
25,hand,1,0,0.5565545558929443,0.40209853649139404,-0.0007976243505254388
25,hand,2,0,0.5569952726364136,0.37020957469940186,-0.0037756399251520634
25,hand,3,0,0.5525998473167419,0.3467120826244354,-0.00619946513324976
25,hand,4,0,0.5472280979156494,0.33382901549339294,-0.009177430532872677
25,hand,5,0,0.5609598159790039,0.3659505248069763,-0.013065129518508911
25,hand,6,0,0.5480055212974548,0.33563974499702454,-0.018536413088440895
25,hand,7,0,0.5390042662620544,0.32102200388908386,-0.021087871864438057
25,hand,8,0,0.5315092206001282,0.3097166419029236,-0.022438205778598785
25,hand,9,0,0.5533319711685181,0.3764328360557556,-0.015395079739391804
25,hand,10,0,0.5377696752548218,0.3421052396297455,-0.02065655030310154
25,hand,11,0,0.5286161303520203,0.32380715012550354,-0.02268466167151928
25,hand,12,0,0.5219639539718628,0.31040406227111816,-0.024138113483786583
25,hand,13,0,0.5440033674240112,0.38639307022094727,-0.017061922699213028
25,hand,14,0,0.5304813385009766,0.3525269329547882,-0.021338505670428276
25,hand,15,0,0.5232109427452087,0.33297163248062134,-0.02267482317984104
25,hand,16,0,0.5182586312294006,0.31829336285591125,-0.023480955511331558
25,hand,17,0,0.5341843962669373,0.3947882056236267,-0.018402662128210068
25,hand,18,0,0.5268606543540955,0.3659558892250061,-0.021735532209277153
25,hand,19,0,0.5235840678215027,0.3498140573501587,-0.022367194294929504
25,hand,20,0,0.521083414554596,0.3362889885902405,-0.022576216608285904
25,hand,0,1,0.4030052125453949,0.844457745552063,1.3566708645385006e-08
25,hand,1,1,0.420656681060791,0.8529901504516602,-0.005423509981483221
25,hand,2,1,0.4297422766685486,0.8778682947158813,-0.006585780996829271
25,hand,3,1,0.4340313673019409,0.9028865098953247,-0.006688218098133802
25,hand,4,1,0.4402829110622406,0.9207507967948914,-0.006137550808489323
25,hand,5,1,0.41962313652038574,0.9030433297157288,-0.0032959235832095146
25,hand,6,1,0.42658382654190063,0.9318856000900269,-0.0045679290778934956
25,hand,7,1,0.43173906207084656,0.9474630355834961,-0.005653470288962126
25,hand,8,1,0.43639612197875977,0.9598026275634766,-0.006263274233788252
25,hand,9,1,0.41103947162628174,0.9080930352210999,-0.0011734500294551253
25,hand,10,1,0.4193367660045624,0.9362898468971252,-0.0017838062485679984
25,hand,11,1,0.42720526456832886,0.9483972787857056,-0.0022989376448094845
25,hand,12,1,0.4331305921077728,0.9552960395812988,-0.0026067786384373903
25,hand,13,1,0.40534842014312744,0.9087237119674683,0.00045631270040757954
25,hand,14,1,0.41274890303611755,0.9345315098762512,-0.0005163034074939787
25,hand,15,1,0.42034661769866943,0.9438878893852234,-0.0005774255841970444
25,hand,16,1,0.42620038986206055,0.9477989077568054,-0.00026047852588817477
25,hand,17,1,0.40212780237197876,0.9075935482978821,0.0015844196313992143
25,hand,18,1,0.40710705518722534,0.9296947717666626,0.0009807685855776072
25,hand,19,1,0.4134925901889801,0.9385562539100647,0.0014115069061517715
25,hand,20,1,0.4190196692943573,0.9416601657867432,0.0021607137750834227
25,pose,0,-1,0.48596903681755066,0.2139018028974533,-0.3175075650215149
25,pose,1,-1,0.4943682551383972,0.18437235057353973,-0.2954241633415222
25,pose,2,-1,0.4986282289028168,0.18430596590042114,-0.2955001890659332
25,pose,3,-1,0.5016830563545227,0.1844683438539505,-0.2954489588737488
25,pose,4,-1,0.47570905089378357,0.18345573544502258,-0.30716612935066223
25,pose,5,-1,0.4685894846916199,0.18336121737957,-0.30713146924972534
25,pose,6,-1,0.4621429443359375,0.1838715523481369,-0.307265967130661
25,pose,7,-1,0.5050564408302307,0.19464275240898132,-0.14169272780418396
25,pose,8,-1,0.4517025351524353,0.19591467082500458,-0.18710099160671234
25,pose,9,-1,0.4962159991264343,0.24570530652999878,-0.2598515748977661
25,pose,10,-1,0.4742656648159027,0.24402494728565216,-0.27523288130760193
25,pose,11,-1,0.5539823770523071,0.34651508927345276,-0.039741337299346924
25,pose,12,-1,0.4036210775375366,0.38666239380836487,-0.08457732200622559
25,pose,13,-1,0.5808722376823425,0.5776585340499878,-0.1768164038658142
25,pose,14,-1,0.39710310101509094,0.6273708939552307,-0.01908089593052864
25,pose,15,-1,0.5491872429847717,0.407656729221344,-0.5115234851837158
25,pose,16,-1,0.4113853871822357,0.8300268650054932,-0.11805032938718796
25,pose,17,-1,0.5449009537696838,0.356729120016098,-0.5849732160568237
25,pose,18,-1,0.4129582643508911,0.8976206183433533,-0.1386772096157074
25,pose,19,-1,0.5457658767700195,0.33400774002075195,-0.5677350759506226
25,pose,20,-1,0.4276965260505676,0.8954778909683228,-0.1847972422838211
25,pose,21,-1,0.5447604656219482,0.35250917077064514,-0.5132578015327454
25,pose,22,-1,0.4306773841381073,0.8726063370704651,-0.13461114466190338
25,pose,23,-1,0.5384472012519836,0.7863229513168335,0.011598480865359306
25,pose,24,-1,0.45057404041290283,0.7981094717979431,-0.01075838878750801
25,pose,25,-1,0.5290239453315735,1.0478357076644897,-0.010302702896296978
25,pose,26,-1,0.45245304703712463,1.0981985330581665,-0.005102609749883413
25,pose,27,-1,0.5475369691848755,1.376896858215332,0.3052217364311218
25,pose,28,-1,0.4671308100223541,1.3670055866241455,0.21703940629959106
25,pose,29,-1,0.5509046912193298,1.4136784076690674,0.3292674422264099
25,pose,30,-1,0.4643768072128296,1.4022102355957031,0.23376330733299255
25,pose,31,-1,0.5372860431671143,1.4644944667816162,0.17622612416744232
25,pose,32,-1,0.4882713854312897,1.4625271558761597,0.04906109720468521
26,hand,0,0,0.5483531951904297,0.42621520161628723,-8.157531539154661e-08
26,hand,1,0,0.550711989402771,0.3971659243106842,-0.0008501017582602799
26,hand,2,0,0.5547957420349121,0.3656000792980194,-0.004525937605649233
26,hand,3,0,0.5575323700904846,0.34210115671157837,-0.007956141605973244
26,hand,4,0,0.5628557205200195,0.3295912742614746,-0.011991968378424644
26,hand,5,0,0.5672881007194519,0.3620271682739258,-0.01289007905870676
26,hand,6,0,0.5568016171455383,0.33624786138534546,-0.020098909735679626
26,hand,7,0,0.5451312065124512,0.32679057121276855,-0.024319777265191078
26,hand,8,0,0.5353960990905762,0.32163286209106445,-0.026753947138786316
26,hand,9,0,0.5644704103469849,0.3741248846054077,-0.015608929097652435
26,hand,10,0,0.5500359535217285,0.3472731113433838,-0.021380392834544182
26,hand,11,0,0.5375363230705261,0.33559539914131165,-0.023411478847265244
26,hand,12,0,0.5274644494056702,0.32847440242767334,-0.025516731664538383
26,hand,13,0,0.5573455691337585,0.386087030172348,-0.018019020557403564
26,hand,14,0,0.5418494343757629,0.36043593287467957,-0.02282274328172207
26,hand,15,0,0.5314795970916748,0.3483232855796814,-0.0232493057847023
26,hand,16,0,0.5235319137573242,0.3409024477005005,-0.02388300560414791
26,hand,17,0,0.5475304126739502,0.39654237031936646,-0.020192814990878105
26,hand,18,0,0.5359546542167664,0.3741355836391449,-0.023437416180968285
26,hand,19,0,0.5291273593902588,0.36322909593582153,-0.023456530645489693
26,hand,20,0,0.5237491726875305,0.35516905784606934,-0.023660466074943542
26,hand,0,1,0.4014122188091278,0.8447903394699097,1.3036029145041539e-08
26,hand,1,1,0.4187668561935425,0.8538404107093811,-0.00556560093536973
26,hand,2,1,0.42762094736099243,0.8787163496017456,-0.006998992059379816
26,hand,3,1,0.4319372773170471,0.9037120342254639,-0.00715605216100812
26,hand,4,1,0.43802502751350403,0.921711266040802,-0.006659144535660744
26,hand,5,1,0.4171489477157593,0.9026077389717102,-0.00526748551055789
26,hand,6,1,0.42454031109809875,0.9327505826950073,-0.00640734750777483
26,hand,7,1,0.429820716381073,0.9483885765075684,-0.006981227546930313
26,hand,8,1,0.43439438939094543,0.9606344103813171,-0.007226900663226843
26,hand,9,1,0.4083898365497589,0.9073572754859924,-0.0029238169081509113
26,hand,10,1,0.41699591279029846,0.9368982315063477,-0.0037308689206838608
26,hand,11,1,0.42492011189460754,0.9475486874580383,-0.003703163471072912
26,hand,12,1,0.4306473135948181,0.9525973200798035,-0.003529174020513892
26,hand,13,1,0.40268731117248535,0.9073633551597595,-0.0009064896148629487
26,hand,14,1,0.41006240248680115,0.9346511363983154,-0.001936163636855781
26,hand,15,1,0.4175965189933777,0.9430031180381775,-0.0015958377625793219
26,hand,16,1,0.42314979434013367,0.9453025460243225,-0.0009630498243495822
26,hand,17,1,0.3996691405773163,0.905712902545929,0.000651958747766912
26,hand,18,1,0.4042380154132843,0.9285600781440735,1.876281385193579e-05
26,hand,19,1,0.41036590933799744,0.9369010925292969,0.0005289168911986053
26,hand,20,1,0.41553330421447754,0.9391664266586304,0.0013468640390783548
26,pose,0,-1,0.4856301248073578,0.21355699002742767,-0.34304770827293396
26,pose,1,-1,0.4934057593345642,0.18434512615203857,-0.32127776741981506
26,pose,2,-1,0.4975995719432831,0.18428325653076172,-0.32133862376213074
26,pose,3,-1,0.5006420016288757,0.18445031344890594,-0.321273535490036
26,pose,4,-1,0.4750310182571411,0.18347352743148804,-0.3283631205558777
26,pose,5,-1,0.46801233291625977,0.1834510862827301,-0.32834652066230774
26,pose,6,-1,0.461696594953537,0.18402454257011414,-0.32848164439201355
26,pose,7,-1,0.5041194558143616,0.19456930458545685,-0.1676795482635498
26,pose,8,-1,0.45105046033859253,0.19619350135326385,-0.19772948324680328
26,pose,9,-1,0.4959237277507782,0.24549207091331482,-0.285590797662735
26,pose,10,-1,0.47419318556785583,0.24401473999023438,-0.2949870824813843
26,pose,11,-1,0.554098904132843,0.347848117351532,-0.06345929205417633
26,pose,12,-1,0.40362364053726196,0.387389212846756,-0.0941803902387619
26,pose,13,-1,0.5825635194778442,0.5808001756668091,-0.20139384269714355
26,pose,14,-1,0.3973575234413147,0.6280921697616577,-0.027779262512922287
26,pose,15,-1,0.5509735345840454,0.4239792823791504,-0.5520899891853333
26,pose,16,-1,0.4103821814060211,0.8309746980667114,-0.11950217932462692
26,pose,17,-1,0.5489106774330139,0.37520697712898254,-0.6270671486854553
26,pose,18,-1,0.41168075799942017,0.8983856439590454,-0.1445987969636917
26,pose,19,-1,0.5501310229301453,0.34427377581596375,-0.6122414469718933
26,pose,20,-1,0.4258034825325012,0.8964793682098389,-0.18935544788837433
26,pose,21,-1,0.5477495193481445,0.3605864644050598,-0.5540910363197327
26,pose,22,-1,0.4289894700050354,0.8735771775245667,-0.13609740138053894
26,pose,23,-1,0.538467288017273,0.7862932085990906,0.01152210496366024
26,pose,24,-1,0.4505653977394104,0.7980473041534424,-0.010687853209674358
26,pose,25,-1,0.5285800695419312,1.0428721904754639,-0.005535997916013002
26,pose,26,-1,0.4533839523792267,1.0979770421981812,0.00431973347440362
26,pose,27,-1,0.5475318431854248,1.374437689781189,0.3060678243637085
26,pose,28,-1,0.4674891531467438,1.364627718925476,0.23234087228775024
26,pose,29,-1,0.5507627725601196,1.4114232063293457,0.330903023481369
26,pose,30,-1,0.46477842330932617,1.39967942237854,0.24964605271816254
26,pose,31,-1,0.5376461744308472,1.4612957239151,0.17761649191379547
26,pose,32,-1,0.48839184641838074,1.460379719734192,0.0661792904138565
27,hand,0,0,0.5443920493125916,0.419348806142807,-9.913188137034012e-08
27,hand,1,0,0.5371441841125488,0.3901432752609253,-0.0031375226099044085
27,hand,2,0,0.5364522337913513,0.3646508455276489,-0.007355323527008295
27,hand,3,0,0.5349432826042175,0.34750646352767944,-0.0118454210460186
27,hand,4,0,0.5299046039581299,0.33607593178749084,-0.01607052981853485
27,hand,5,0,0.5641800761222839,0.3564659059047699,-0.00814441591501236
27,hand,6,0,0.5667344927787781,0.33343204855918884,-0.01644272916018963
27,hand,7,0,0.5539231896400452,0.3302239179611206,-0.021297791972756386
27,hand,8,0,0.5441572070121765,0.33277079463005066,-0.02358834631741047
27,hand,9,0,0.5667980313301086,0.3695058226585388,-0.010400337167084217
27,hand,10,0,0.5636957287788391,0.347543329000473,-0.017815938219428062
27,hand,11,0,0.5496731400489807,0.34279805421829224,-0.020042695105075836
27,hand,12,0,0.5406764149665833,0.3454015851020813,-0.020528189837932587
27,hand,13,0,0.5641672015190125,0.3834289312362671,-0.013221070170402527
27,hand,14,0,0.5542159676551819,0.3640093505382538,-0.019690535962581635
27,hand,15,0,0.5415064096450806,0.36129745841026306,-0.020095249637961388
27,hand,16,0,0.5334729552268982,0.3643779456615448,-0.019306667149066925
27,hand,17,0,0.5581125020980835,0.3972368836402893,-0.016247104853391647
27,hand,18,0,0.5448734760284424,0.38321447372436523,-0.021051885560154915
27,hand,19,0,0.5351164937019348,0.37889352440834045,-0.02120494283735752
27,hand,20,0,0.5288197994232178,0.37897899746894836,-0.020281659439206123
27,hand,0,1,0.40081822872161865,0.8442040681838989,1.2790901671166921e-08
27,hand,1,1,0.4178689420223236,0.854724109172821,-0.005188249051570892
27,hand,2,1,0.4261418282985687,0.8801383376121521,-0.0064497399143874645
27,hand,3,1,0.4301631450653076,0.9045538902282715,-0.006535264663398266
27,hand,4,1,0.43613144755363464,0.9217495918273926,-0.006016568746417761
27,hand,5,1,0.4159104824066162,0.9041792750358582,-0.00424242252483964
27,hand,6,1,0.422749400138855,0.9333004355430603,-0.005223258398473263
27,hand,7,1,0.42766064405441284,0.9483204483985901,-0.005991698708385229
27,hand,8,1,0.43209007382392883,0.9601129293441772,-0.006405004300177097
27,hand,9,1,0.40698912739753723,0.907602846622467,-0.002034286502748728
27,hand,10,1,0.414933443069458,0.936009407043457,-0.0026546698063611984
27,hand,11,1,0.4223902225494385,0.9476141929626465,-0.0029465542174875736
27,hand,12,1,0.42814308404922485,0.9538909196853638,-0.003079402493312955
27,hand,13,1,0.40120652318000793,0.9064920544624329,-0.00015420099953189492
27,hand,14,1,0.40803611278533936,0.9327152967453003,-0.0010258771944791079
27,hand,15,1,0.4151415526866913,0.9428929090499878,-0.0010212864726781845
27,hand,16,1,0.4207434058189392,0.9472410678863525,-0.0006984376814216375
27,hand,17,1,0.3980640769004822,0.9040609002113342,0.0013060380006209016
27,hand,18,1,0.4022279381752014,0.9263055324554443,0.0007651502965018153
27,hand,19,1,0.4081386923789978,0.9358804225921631,0.0011579416459426284
27,hand,20,1,0.41329124569892883,0.9398853778839111,0.0018430905183777213
27,pose,0,-1,0.48366424441337585,0.21328940987586975,-0.35414594411849976
27,pose,1,-1,0.49124664068222046,0.18432016670703888,-0.3323134481906891
27,pose,2,-1,0.4960385262966156,0.18425962328910828,-0.33237600326538086
27,pose,3,-1,0.49917346239089966,0.1844199299812317,-0.33229607343673706
27,pose,4,-1,0.47288978099823,0.18353939056396484,-0.3367612659931183
27,pose,5,-1,0.46627166867256165,0.18363656103610992,-0.3367427885532379
27,pose,6,-1,0.4601007401943207,0.18432852625846863,-0.3368767201900482
27,pose,7,-1,0.5033401846885681,0.19449427723884583,-0.17844000458717346
27,pose,8,-1,0.450189471244812,0.19687502086162567,-0.19892331957817078
27,pose,9,-1,0.49478545784950256,0.24510110914707184,-0.2965780198574066
27,pose,10,-1,0.47289422154426575,0.24400575459003448,-0.3025176227092743
27,pose,11,-1,0.5542747974395752,0.3490300476551056,-0.07248756289482117
27,pose,12,-1,0.40363380312919617,0.3875909745693207,-0.0938970148563385
27,pose,13,-1,0.5849226713180542,0.5836589932441711,-0.204115092754364
27,pose,14,-1,0.39738237857818604,0.6282174587249756,-0.028049293905496597
27,pose,15,-1,0.5545033812522888,0.44450631737709045,-0.5514362454414368
27,pose,16,-1,0.4091572165489197,0.8309590816497803,-0.12374647706747055
27,pose,17,-1,0.5517511963844299,0.4059622883796692,-0.6260586380958557
27,pose,18,-1,0.40993741154670715,0.8983803391456604,-0.14898885786533356
27,pose,19,-1,0.5524588823318481,0.3669160306453705,-0.6127392649650574
27,pose,20,-1,0.42384985089302063,0.8966876268386841,-0.19387520849704742
27,pose,21,-1,0.5499509572982788,0.3795822560787201,-0.5535733699798584
27,pose,22,-1,0.4273870587348938,0.8735792636871338,-0.14031410217285156
27,pose,23,-1,0.5385035276412964,0.78620445728302,0.011371804401278496
27,pose,24,-1,0.4505583345890045,0.7979440689086914,-0.010539296083152294
27,pose,25,-1,0.5283875465393066,1.0422613620758057,-0.005276868119835854
27,pose,26,-1,0.4542933404445648,1.0977416038513184,0.007668020203709602
27,pose,27,-1,0.5481461882591248,1.373496413230896,0.3028942942619324
27,pose,28,-1,0.4686065912246704,1.3635843992233276,0.2378655970096588
27,pose,29,-1,0.5513073205947876,1.4107098579406738,0.326149582862854
27,pose,30,-1,0.4660477638244629,1.3980576992034912,0.2555698752403259
27,pose,31,-1,0.538863480091095,1.4594480991363525,0.1712326556444168
27,pose,32,-1,0.48941710591316223,1.4594943523406982,0.07472619414329529
28,hand,0,0,0.5461300611495972,0.42762407660484314,-1.390204857898425e-07
28,hand,1,0,0.540680468082428,0.3992158770561218,-0.002055766060948372
28,hand,2,0,0.5403568148612976,0.3683799207210541,-0.004722074139863253
28,hand,3,0,0.5359256267547607,0.3506307899951935,-0.008291211910545826
28,hand,4,0,0.529442548751831,0.33997511863708496,-0.011274431832134724
28,hand,5,0,0.5662130117416382,0.3555365204811096,-0.003288312815129757
28,hand,6,0,0.5650676488876343,0.3308020234107971,-0.011934012174606323
28,hand,7,0,0.5524503588676453,0.3342665135860443,-0.016639763489365578
28,hand,8,0,0.5466794371604919,0.34207290410995483,-0.018814416602253914
28,hand,9,0,0.5708610415458679,0.3678005337715149,-0.00656071025878191
28,hand,10,0,0.5653480291366577,0.3423273265361786,-0.015161724761128426
28,hand,11,0,0.5522733926773071,0.3456522524356842,-0.017175501212477684
28,hand,12,0,0.5482289791107178,0.35223692655563354,-0.016651660203933716
28,hand,13,0,0.5710029006004333,0.3829287588596344,-0.010763566941022873
28,hand,14,0,0.5568737387657166,0.36315298080444336,-0.01762360706925392
28,hand,15,0,0.5455623865127563,0.37006616592407227,-0.015864452347159386
28,hand,16,0,0.5441950559616089,0.37667739391326904,-0.013217679224908352
28,hand,17,0,0.5673573613166809,0.3982246518135071,-0.015354101546108723
28,hand,18,0,0.5526202917098999,0.38305985927581787,-0.018823176622390747
28,hand,19,0,0.5444545745849609,0.3863741159439087,-0.016656389459967613
28,hand,20,0,0.5438672304153442,0.3911011219024658,-0.014120305888354778
28,hand,0,1,0.4004637897014618,0.8451530337333679,9.775865450478705e-09
28,hand,1,1,0.4167865514755249,0.8556602597236633,-0.004752657376229763
28,hand,2,1,0.4249728322029114,0.8804498314857483,-0.005896823946386576
28,hand,3,1,0.4290603697299957,0.9048551917076111,-0.005853502545505762
28,hand,4,1,0.4346834421157837,0.9224602580070496,-0.00514105474576354
28,hand,5,1,0.41426682472229004,0.9043040871620178,-0.004352587275207043
28,hand,6,1,0.42114031314849854,0.9347656965255737,-0.0050829206593334675
28,hand,7,1,0.4261011481285095,0.9491850137710571,-0.005407838616520166
28,hand,8,1,0.43049347400665283,0.9598647952079773,-0.005345325917005539
28,hand,9,1,0.4055401086807251,0.9076717495918274,-0.0019922172650694847
28,hand,10,1,0.41373246908187866,0.9375372529029846,-0.0023329800460487604
28,hand,11,1,0.42127224802970886,0.9490618705749512,-0.0021751720923930407
28,hand,12,1,0.42697110772132874,0.9549279808998108,-0.0018628580728545785
28,hand,13,1,0.39993587136268616,0.906782329082489,0.00016355779371224344
28,hand,14,1,0.40700840950012207,0.9335271716117859,-0.00022847157379146665
28,hand,15,1,0.4140775501728058,0.9432631731033325,0.0001297521375818178
28,hand,16,1,0.4196048080921173,0.9470797777175903,0.0007290240610018373
28,hand,17,1,0.3968224823474884,0.9047136306762695,0.0019599159713834524
28,hand,18,1,0.40109342336654663,0.9266814589500427,0.0019968650303781033
28,hand,19,1,0.40695056319236755,0.9357770085334778,0.0027278889901936054
28,hand,20,1,0.4120054244995117,0.9393560886383057,0.003680167719721794
28,pose,0,-1,0.4807789921760559,0.21255218982696533,-0.34168022871017456
28,pose,1,-1,0.4883508086204529,0.18406005203723907,-0.32022130489349365
28,pose,2,-1,0.49418365955352783,0.18392571806907654,-0.32031163573265076
28,pose,3,-1,0.4975581765174866,0.1839253008365631,-0.32022079825401306
28,pose,4,-1,0.469789981842041,0.18349052965641022,-0.32316917181015015
28,pose,5,-1,0.4637625813484192,0.18363289535045624,-0.3231721818447113
28,pose,6,-1,0.45744040608406067,0.18434970080852509,-0.32330065965652466
28,pose,7,-1,0.5023960471153259,0.1940174251794815,-0.17403754591941833
28,pose,8,-1,0.4493218660354614,0.19714564085006714,-0.1857290267944336
28,pose,9,-1,0.4930422008037567,0.24404102563858032,-0.28657063841819763
28,pose,10,-1,0.47095879912376404,0.24382013082504272,-0.2904680371284485
28,pose,11,-1,0.5544880032539368,0.35015225410461426,-0.0662015825510025
28,pose,12,-1,0.4036266505718231,0.38756975531578064,-0.08369696140289307
28,pose,13,-1,0.5858414173126221,0.5866632461547852,-0.18468423187732697
28,pose,14,-1,0.3973754346370697,0.6275496482849121,-0.007898742333054543
28,pose,15,-1,0.557949423789978,0.4513898491859436,-0.5242616534233093
28,pose,16,-1,0.40744447708129883,0.829854428768158,-0.09962784498929977
28,pose,17,-1,0.5577725172042847,0.4152108430862427,-0.5954602360725403
28,pose,18,-1,0.40714821219444275,0.8960100412368774,-0.1199415773153305
28,pose,19,-1,0.5579971671104431,0.3772489130496979,-0.5864170789718628
28,pose,20,-1,0.42056429386138916,0.8952239751815796,-0.16652104258537292
28,pose,21,-1,0.5549468994140625,0.3886928856372833,-0.5279305577278137
28,pose,22,-1,0.4241234362125397,0.8718972206115723,-0.11670418828725815
28,pose,23,-1,0.538460910320282,0.7854906320571899,0.011423994787037373
28,pose,24,-1,0.4504818618297577,0.7971997857093811,-0.010600815527141094
28,pose,25,-1,0.5281698703765869,1.0390920639038086,-0.018041053786873817
28,pose,26,-1,0.46043917536735535,1.055267333984375,-0.002207245910540223
28,pose,27,-1,0.5481165647506714,1.3713085651397705,0.2921942472457886
28,pose,28,-1,0.46869775652885437,1.3602828979492188,0.2448977380990982
28,pose,29,-1,0.5512800812721252,1.4081833362579346,0.3159419894218445
28,pose,30,-1,0.4661004841327667,1.3931941986083984,0.26552435755729675
28,pose,31,-1,0.5387699604034424,1.4572006464004517,0.16636276245117188
28,pose,32,-1,0.4894646406173706,1.4551230669021606,0.09576675295829773
29,hand,0,0,0.5458394885063171,0.4307745695114136,-1.713264907721168e-07
29,hand,1,0,0.5397265553474426,0.4042556583881378,-0.003166752867400646
29,hand,2,0,0.5404995679855347,0.37497496604919434,-0.006093611475080252
29,hand,3,0,0.5438353419303894,0.35720008611679077,-0.009850829839706421
29,hand,4,0,0.5488119721412659,0.35679227113723755,-0.012585404329001904
29,hand,5,0,0.567238450050354,0.3551652431488037,-0.00061614258447662
29,hand,6,0,0.5665329694747925,0.33156412839889526,-0.009697207249701023
29,hand,7,0,0.5550365447998047,0.3360876441001892,-0.014630773104727268
29,hand,8,0,0.5496546626091003,0.3457108736038208,-0.016654863953590393
29,hand,9,0,0.5733506083488464,0.36683350801467896,-0.003203348722308874
29,hand,10,0,0.5667927265167236,0.3448048532009125,-0.01181022822856903
29,hand,11,0,0.5534387230873108,0.3542391359806061,-0.012970257550477982
29,hand,12,0,0.5506101846694946,0.3641705811023712,-0.011588924564421177
29,hand,13,0,0.5754185318946838,0.38170328736305237,-0.0072704944759607315
29,hand,14,0,0.5632795691490173,0.36528143286705017,-0.015087468549609184
29,hand,15,0,0.5520008206367493,0.37597471475601196,-0.012782983481884003
29,hand,16,0,0.5504216551780701,0.38508135080337524,-0.009213956072926521
29,hand,17,0,0.5740712285041809,0.3975406885147095,-0.011920970864593983
29,hand,18,0,0.5616210699081421,0.38480037450790405,-0.01571398414671421
29,hand,19,0,0.5527946352958679,0.391035795211792,-0.013497356325387955
29,hand,20,0,0.551235556602478,0.3977835774421692,-0.010598130524158478
29,hand,0,1,0.39958491921424866,0.8446414470672607,4.063818614952197e-09
29,hand,1,1,0.41613832116127014,0.8554274439811707,-0.004784246440976858
29,hand,2,1,0.4240581691265106,0.8806048035621643,-0.005989694502204657
29,hand,3,1,0.42777886986732483,0.9054535031318665,-0.006072065327316523
29,hand,4,1,0.4331257939338684,0.9230490326881409,-0.005544953513890505
29,hand,5,1,0.413432776927948,0.9037532210350037,-0.004443730693310499
29,hand,6,1,0.419708788394928,0.9341080784797668,-0.005453914403915405
29,hand,7,1,0.42453232407569885,0.9485952258110046,-0.006039218977093697
29,hand,8,1,0.4290904700756073,0.9596297144889832,-0.006188672035932541
29,hand,9,1,0.40468931198120117,0.9067200422286987,-0.002271633129566908
29,hand,10,1,0.4123519957065582,0.9366354942321777,-0.002938340650871396
29,hand,11,1,0.41998469829559326,0.9491906762123108,-0.0031043493654578924
29,hand,12,1,0.42601272463798523,0.9560337662696838,-0.0030668512918055058
29,hand,13,1,0.3990199863910675,0.9056917428970337,-0.00033069384517148137
29,hand,14,1,0.40574848651885986,0.9331172704696655,-0.0012952641118317842
29,hand,15,1,0.4130072295665741,0.9429759979248047,-0.001288325758650899
29,hand,16,1,0.41879528760910034,0.9467585682868958,-0.000835634651593864
29,hand,17,1,0.39591535925865173,0.9036363363265991,0.001274722395464778
29,hand,18,1,0.40029338002204895,0.9263593554496765,0.000739784212782979
29,hand,19,1,0.4064197838306427,0.9359325766563416,0.0011440087109804153
29,hand,20,1,0.41172632575035095,0.9398697018623352,0.0019205249845981598
29,pose,0,-1,0.4780076742172241,0.2123325765132904,-0.3401363492012024
29,pose,1,-1,0.4858270585536957,0.18403469026088715,-0.3187119662761688
29,pose,2,-1,0.4922533631324768,0.18386176228523254,-0.3188064396381378
29,pose,3,-1,0.4961835443973541,0.18378938734531403,-0.31871622800827026
29,pose,4,-1,0.4672170877456665,0.183602437376976,-0.3211316466331482
29,pose,5,-1,0.4613521993160248,0.18389973044395447,-0.3211352229118347
29,pose,6,-1,0.4550251066684723,0.18475347757339478,-0.3212663233280182
29,pose,7,-1,0.5016350150108337,0.19384469091892242,-0.1718062460422516
29,pose,8,-1,0.4484829902648926,0.19815732538700104,-0.18151946365833282
29,pose,9,-1,0.49138858914375305,0.24369323253631592,-0.28547653555870056
29,pose,10,-1,0.4688705801963806,0.24382548034191132,-0.2883601784706116
29,pose,11,-1,0.554882287979126,0.35022374987602234,-0.06407122313976288
29,pose,12,-1,0.40361255407333374,0.38770750164985657,-0.08200656622648239
29,pose,13,-1,0.5875345468521118,0.5877484083175659,-0.1829550862312317
29,pose,14,-1,0.3974122107028961,0.6277435421943665,-0.0090094655752182
29,pose,15,-1,0.5597503185272217,0.4566187858581543,-0.5235069990158081
29,pose,16,-1,0.40634623169898987,0.8298714756965637,-0.10487288981676102
29,pose,17,-1,0.5601676106452942,0.4234524965286255,-0.594286322593689
29,pose,18,-1,0.40557336807250977,0.8957999348640442,-0.1258135437965393
29,pose,19,-1,0.5606605410575867,0.3855111598968506,-0.5850086808204651
29,pose,20,-1,0.4183814227581024,0.8952028751373291,-0.1725241243839264
29,pose,21,-1,0.5572260618209839,0.3976140022277832,-0.5273528695106506
29,pose,22,-1,0.4219917953014374,0.8718948364257812,-0.12218152731657028
29,pose,23,-1,0.5383564233779907,0.7853897213935852,0.011386176571249962
29,pose,24,-1,0.4503602981567383,0.7970466613769531,-0.01056600920855999
29,pose,25,-1,0.5285041332244873,1.0386639833450317,-0.02407333068549633
29,pose,26,-1,0.45926204323768616,1.0785977840423584,-0.0013759677531197667
29,pose,27,-1,0.5480944514274597,1.3707261085510254,0.28825509548187256
29,pose,28,-1,0.46859481930732727,1.3586982488632202,0.2682511508464813
29,pose,29,-1,0.5512589812278748,1.407867670059204,0.31205353140830994
29,pose,30,-1,0.46601811051368713,1.3910396099090576,0.2911026179790497
29,pose,31,-1,0.5387364625930786,1.4567352533340454,0.16052664816379547
29,pose,32,-1,0.4895470440387726,1.454030156135559,0.12194430828094482
30,hand,0,0,0.55133056640625,0.43826550245285034,-1.342144031468706e-07
30,hand,1,0,0.542457103729248,0.4128008782863617,-0.004340748768299818
30,hand,2,0,0.5390300750732422,0.3828357458114624,-0.008341069333255291
30,hand,3,0,0.544140636920929,0.36605358123779297,-0.012938759289681911
30,hand,4,0,0.5523627400398254,0.3759637176990509,-0.01648489572107792
30,hand,5,0,0.562898576259613,0.3552410900592804,-0.0021557495929300785
30,hand,6,0,0.567549467086792,0.33235231041908264,-0.00953249353915453
30,hand,7,0,0.5590959191322327,0.32952097058296204,-0.013770406134426594
30,hand,8,0,0.5530266761779785,0.33383139967918396,-0.015921523794531822
30,hand,9,0,0.5703309774398804,0.36421144008636475,-0.003716727253049612
30,hand,10,0,0.5643487572669983,0.34655365347862244,-0.011085708625614643
30,hand,11,0,0.5541356801986694,0.35911697149276733,-0.012191579677164555
30,hand,12,0,0.5517688393592834,0.37144508957862854,-0.011303277686238289
30,hand,13,0,0.5748768448829651,0.37743568420410156,-0.006568527780473232
30,hand,14,0,0.5638532042503357,0.3670813739299774,-0.013463761657476425
30,hand,15,0,0.5547160506248474,0.3802972435951233,-0.011959075927734375
30,hand,16,0,0.5524115562438965,0.3915756642818451,-0.009303025901317596
30,hand,17,0,0.5772181749343872,0.39383143186569214,-0.010149596258997917
30,hand,18,0,0.5667175650596619,0.38400405645370483,-0.013881572522222996
30,hand,19,0,0.557380199432373,0.3904459476470947,-0.012566874735057354
30,hand,20,0,0.5528598427772522,0.397847056388855,-0.010560445487499237
30,hand,0,1,0.39842018485069275,0.8452423810958862,6.404774044455053e-09
30,hand,1,1,0.41503506898880005,0.8555272817611694,-0.005314606707543135
30,hand,2,1,0.4230464994907379,0.8803895115852356,-0.006494905333966017
30,hand,3,1,0.42685967683792114,0.9053062200546265,-0.006336313672363758
30,hand,4,1,0.4321806728839874,0.9232401847839355,-0.005478596780449152
30,hand,5,1,0.41213178634643555,0.9032125473022461,-0.004859179724007845
30,hand,6,1,0.41875892877578735,0.9343308806419373,-0.00556976580992341
30,hand,7,1,0.4237833023071289,0.9485156536102295,-0.0058069354854524136
30,hand,8,1,0.4284307062625885,0.9589539170265198,-0.005652464926242828
30,hand,9,1,0.40348395705223083,0.9068447351455688,-0.0021100188605487347
30,hand,10,1,0.4113316237926483,0.9372128248214722,-0.0022881561890244484
30,hand,11,1,0.41890379786491394,0.9493906497955322,-0.002089744433760643
30,hand,12,1,0.4248892366886139,0.9556885361671448,-0.0018104346236214042
30,hand,13,1,0.3980039954185486,0.9064300060272217,0.0003922200121451169
30,hand,14,1,0.40475940704345703,0.9338564872741699,-8.833658648654819e-05
30,hand,15,1,0.41184601187705994,0.9432350993156433,8.659106242703274e-05
30,hand,16,1,0.4174762964248657,0.9466556906700134,0.0005849527660757303
30,hand,17,1,0.395140677690506,0.9049947261810303,0.0025263086427003145
30,hand,18,1,0.3995848298072815,0.9273595213890076,0.002400988945737481
30,hand,19,1,0.4054827392101288,0.9361764788627625,0.0029663359746336937
30,hand,20,1,0.4105324447154999,0.9392963647842407,0.00381160038523376
30,pose,0,-1,0.4739433228969574,0.2117927521467209,-0.347552090883255
30,pose,1,-1,0.48231732845306396,0.18402305245399475,-0.32574668526649475
30,pose,2,-1,0.4891895651817322,0.1838432103395462,-0.3258078992366791
30,pose,3,-1,0.4942439794540405,0.18376588821411133,-0.3257083594799042
30,pose,4,-1,0.46350812911987305,0.18359199166297913,-0.3272794485092163
30,pose,5,-1,0.4576180577278137,0.18389573693275452,-0.3272789418697357
30,pose,6,-1,0.4519259035587311,0.18475356698036194,-0.3274146318435669
30,pose,7,-1,0.5006155967712402,0.19384579360485077,-0.17651596665382385
30,pose,8,-1,0.4471818208694458,0.19834373891353607,-0.18436704576015472
30,pose,9,-1,0.488205224275589,0.2432791292667389,-0.29257315397262573
30,pose,10,-1,0.46439048647880554,0.24373126029968262,-0.29462146759033203
30,pose,11,-1,0.554954469203949,0.3507809042930603,-0.07162626832723618
30,pose,12,-1,0.40357476472854614,0.38783031702041626,-0.08394764363765717
30,pose,13,-1,0.5884655714035034,0.5891838073730469,-0.19724257290363312
30,pose,14,-1,0.3974587321281433,0.628202497959137,-0.011361506767570972
30,pose,15,-1,0.5623970031738281,0.45570069551467896,-0.5400822162628174
30,pose,16,-1,0.4056778848171234,0.829831600189209,-0.10696223378181458
30,pose,17,-1,0.5633025765419006,0.4201081395149231,-0.6113410592079163
30,pose,18,-1,0.4044412076473236,0.895592212677002,-0.1314479559659958
30,pose,19,-1,0.5631160140037537,0.38455429673194885,-0.5984790325164795
30,pose,20,-1,0.4168580174446106,0.895196795463562,-0.17730958759784698
30,pose,21,-1,0.5597784519195557,0.39676064252853394,-0.5422613620758057
30,pose,22,-1,0.42064252495765686,0.8718639612197876,-0.1232655867934227
30,pose,23,-1,0.538250207901001,0.785399317741394,0.010769153945147991
30,pose,24,-1,0.45022791624069214,0.7969852685928345,-0.009918549098074436
30,pose,25,-1,0.5383208394050598,1.0787274837493896,-0.022533444687724113
30,pose,26,-1,0.457495778799057,1.0844942331314087,0.013272380456328392
30,pose,27,-1,0.547696053981781,1.3697993755340576,0.2899467647075653
30,pose,28,-1,0.46767550706863403,1.3566044569015503,0.28510889410972595
30,pose,29,-1,0.5508773922920227,1.407618761062622,0.3132781386375427
30,pose,30,-1,0.4650161564350128,1.389636516571045,0.3072454631328583
30,pose,31,-1,0.5380460023880005,1.456120252609253,0.15770921111106873
30,pose,32,-1,0.4887082278728485,1.4526379108428955,0.13401763141155243
31,hand,0,0,0.5552182197570801,0.4445720613002777,-1.4729776864896849e-07
31,hand,1,0,0.5454738140106201,0.4159543216228485,-0.001470779301598668
31,hand,2,0,0.5404433012008667,0.39062315225601196,-0.005600414238870144
31,hand,3,0,0.5398679971694946,0.3764188289642334,-0.011139452457427979
31,hand,4,0,0.545673668384552,0.3784692883491516,-0.016254335641860962
31,hand,5,0,0.5641916990280151,0.36165034770965576,-0.002465945202857256
31,hand,6,0,0.5680637359619141,0.336161345243454,-0.010351317934691906
31,hand,7,0,0.5599653124809265,0.33138343691825867,-0.015109469182789326
31,hand,8,0,0.5528821349143982,0.3329775035381317,-0.017678095027804375
31,hand,9,0,0.5717158317565918,0.3702965974807739,-0.005875865463167429
31,hand,10,0,0.5582062005996704,0.35338154435157776,-0.013820603489875793
31,hand,11,0,0.5486513376235962,0.3699122667312622,-0.015050309710204601
31,hand,12,0,0.5479613542556763,0.38470035791397095,-0.014774555340409279
31,hand,13,0,0.5756117105484009,0.38335880637168884,-0.010264183394610882
31,hand,14,0,0.5599032044410706,0.3666495382785797,-0.017453113570809364
31,hand,15,0,0.5520487427711487,0.3830893337726593,-0.014962759800255299
31,hand,16,0,0.5513734817504883,0.39798957109451294,-0.012057609856128693
31,hand,17,0,0.5771851539611816,0.39879345893859863,-0.015069883316755295
31,hand,18,0,0.5628923773765564,0.38454470038414,-0.019518984481692314
31,hand,19,0,0.5536975264549255,0.39111557602882385,-0.01753825508058071
31,hand,20,0,0.5497538447380066,0.39997655153274536,-0.015087230131030083
31,hand,0,1,0.39846906065940857,0.8446695804595947,6.293101151300107e-09
31,hand,1,1,0.4145372211933136,0.8552475571632385,-0.005235473625361919
31,hand,2,1,0.42244282364845276,0.8800891041755676,-0.00652176421135664
31,hand,3,1,0.42644184827804565,0.904810905456543,-0.006513652857393026
31,hand,4,1,0.43152326345443726,0.9235501885414124,-0.005797304213047028
31,hand,5,1,0.41154909133911133,0.9041209816932678,-0.004481337498873472
31,hand,6,1,0.4180159568786621,0.9349307417869568,-0.005108834244310856
31,hand,7,1,0.4229978621006012,0.9489803910255432,-0.005375958513468504
31,hand,8,1,0.4276118278503418,0.9593129754066467,-0.0052542719058692455
31,hand,9,1,0.40283718705177307,0.9069375991821289,-0.0017772187711670995
31,hand,10,1,0.4105043411254883,0.9372538328170776,-0.0019046002998948097
31,hand,11,1,0.4181690216064453,0.9491652250289917,-0.0016755597898736596
31,hand,12,1,0.42412039637565613,0.9553087949752808,-0.0013665709411725402
31,hand,13,1,0.3973294496536255,0.9056821465492249,0.0006774498033337295
31,hand,14,1,0.4041055738925934,0.9333850741386414,0.00026618310948833823
31,hand,15,1,0.4113790690898895,0.9426651000976562,0.0006120943580754101
31,hand,16,1,0.4170640707015991,0.9460598230361938,0.0012333134654909372
31,hand,17,1,0.3944557011127472,0.903414249420166,0.0027624627109616995
31,hand,18,1,0.3990040421485901,0.9263415932655334,0.002680962672457099
31,hand,19,1,0.40514639019966125,0.9354356527328491,0.0033652172423899174
31,hand,20,1,0.410347580909729,0.938866376876831,0.004304559901356697
31,pose,0,-1,0.4712865948677063,0.21146482229232788,-0.36813971400260925
31,pose,1,-1,0.4795444905757904,0.18400299549102783,-0.3452475368976593
31,pose,2,-1,0.486666202545166,0.18382588028907776,-0.3452838957309723
31,pose,3,-1,0.4924796521663666,0.18375015258789062,-0.3451857268810272
31,pose,4,-1,0.4610362946987152,0.18358729779720306,-0.34642133116722107
31,pose,5,-1,0.45522192120552063,0.18389667570590973,-0.3464120328426361
31,pose,6,-1,0.450065553188324,0.18476472795009613,-0.3465435802936554
31,pose,7,-1,0.4997696876525879,0.19400086998939514,-0.191161647439003
31,pose,8,-1,0.4462054371833801,0.19862259924411774,-0.19771476089954376
31,pose,9,-1,0.4856415092945099,0.24298332631587982,-0.31157591938972473
31,pose,10,-1,0.4614204466342926,0.24368715286254883,-0.31332844495773315
31,pose,11,-1,0.5549772381782532,0.3529503643512726,-0.08656039834022522
31,pose,12,-1,0.4035215377807617,0.38811254501342773,-0.09310479462146759
31,pose,13,-1,0.5889301300048828,0.5905553102493286,-0.22213515639305115
31,pose,14,-1,0.39745238423347473,0.6286740303039551,-0.0242437906563282
31,pose,15,-1,0.5643972754478455,0.4563399851322174,-0.574692964553833
31,pose,16,-1,0.40510648488998413,0.8298521637916565,-0.1347160041332245
31,pose,17,-1,0.5654203295707703,0.4208177626132965,-0.6483907699584961
31,pose,18,-1,0.40362659096717834,0.8954930305480957,-0.1570432335138321
31,pose,19,-1,0.5649029016494751,0.38673439621925354,-0.6338806748390198
31,pose,20,-1,0.4158119559288025,0.8952305316925049,-0.20302420854568481
31,pose,21,-1,0.5614327192306519,0.3979012966156006,-0.5763120055198669
31,pose,22,-1,0.4196580648422241,0.8718855381011963,-0.1519571840763092
31,pose,23,-1,0.5379728674888611,0.7857711911201477,0.009197578765451908
31,pose,24,-1,0.45001450181007385,0.7970038652420044,-0.008333177305758
31,pose,25,-1,0.5416957139968872,1.0912787914276123,-0.01901371218264103
31,pose,26,-1,0.4556623697280884,1.088784098625183,0.02186546102166176
31,pose,27,-1,0.5473386645317078,1.3689849376678467,0.29422685503959656
31,pose,28,-1,0.46673157811164856,1.3548935651779175,0.2942518889904022
31,pose,29,-1,0.5505086183547974,1.4074251651763916,0.31687232851982117
31,pose,30,-1,0.46417489647865295,1.3884520530700684,0.316445529460907
31,pose,31,-1,0.5375903844833374,1.4558473825454712,0.16028554737567902
31,pose,32,-1,0.4879688322544098,1.4516515731811523,0.14116999506950378
32,hand,0,0,0.5559031963348389,0.4463770389556885,-1.431744749424979e-07
32,hand,1,0,0.5475256443023682,0.4231802523136139,-0.0035478209611028433
32,hand,2,0,0.541249692440033,0.4008515179157257,-0.008365332148969173
32,hand,3,0,0.5375890135765076,0.38654622435569763,-0.014262720942497253
32,hand,4,0,0.5371658205986023,0.3773335814476013,-0.01940973848104477
32,hand,5,0,0.561505913734436,0.3696235716342926,-0.005179434083402157
32,hand,6,0,0.5650069713592529,0.3410934507846832,-0.014511197805404663
32,hand,7,0,0.5556904077529907,0.34359532594680786,-0.020115211606025696
32,hand,8,0,0.5486353635787964,0.35320794582366943,-0.02249038778245449
32,hand,9,0,0.5690712928771973,0.37718236446380615,-0.007355981972068548
32,hand,10,0,0.5623437762260437,0.3585268259048462,-0.016741758212447166
32,hand,11,0,0.5500383973121643,0.3711169958114624,-0.019298367202281952
32,hand,12,0,0.5453711152076721,0.3848259449005127,-0.019304445013403893
32,hand,13,0,0.5742759108543396,0.3892902731895447,-0.010607234202325344
32,hand,14,0,0.5690662264823914,0.37369504570961,-0.018343880772590637
32,hand,15,0,0.5579177141189575,0.38281145691871643,-0.017087770625948906
32,hand,16,0,0.5518121123313904,0.3949756622314453,-0.014370471239089966
32,hand,17,0,0.5779595971107483,0.4037931263446808,-0.014334392733871937
32,hand,18,0,0.5788590908050537,0.3920176923274994,-0.01860426552593708
32,hand,19,0,0.57260662317276,0.3921278715133667,-0.01721283234655857
32,hand,20,0,0.5679225325584412,0.3969282805919647,-0.01476364117115736
32,hand,0,1,0.39808395504951477,0.84420245885849,2.4124449105045187e-09
32,hand,1,1,0.4144042432308197,0.8546155691146851,-0.004995257128030062
32,hand,2,1,0.4222014248371124,0.8803746104240417,-0.006085967179387808
32,hand,3,1,0.4260644018650055,0.9051964282989502,-0.0058821095153689384
32,hand,4,1,0.4312921464443207,0.9233120679855347,-0.004971672780811787
32,hand,5,1,0.41139736771583557,0.9052440524101257,-0.004002182278782129
32,hand,6,1,0.4177745580673218,0.9356760382652283,-0.004173360299319029
32,hand,7,1,0.4227941632270813,0.949431300163269,-0.0041748941875994205
32,hand,8,1,0.42740583419799805,0.9594103097915649,-0.003892929758876562
32,hand,9,1,0.40259429812431335,0.9073829054832458,-0.0012561422772705555
32,hand,10,1,0.4099854826927185,0.9374106526374817,-0.0009159119217656553
32,hand,11,1,0.41758257150650024,0.9483802318572998,-0.00039868283784016967
32,hand,12,1,0.423266738653183,0.9538244009017944,0.00011740360787371174
32,hand,13,1,0.397025465965271,0.9054661393165588,0.0012701298110187054
32,hand,14,1,0.403576135635376,0.9330986142158508,0.001327848993241787
32,hand,15,1,0.41083595156669617,0.9423843622207642,0.0018949636723846197
32,hand,16,1,0.41632285714149475,0.9458485841751099,0.0026159672997891903
32,hand,17,1,0.3940744698047638,0.9026620388031006,0.0034464127384126186
32,hand,18,1,0.39843112230300903,0.9260956048965454,0.0038181226700544357
32,hand,19,1,0.40459874272346497,0.9357213377952576,0.004737778566777706
32,hand,20,1,0.4097352921962738,0.9394900798797607,0.005799260921776295
32,pose,0,-1,0.4701104164123535,0.2112381011247635,-0.3708122670650482
32,pose,1,-1,0.478066086769104,0.1839856058359146,-0.3476903736591339
32,pose,2,-1,0.4852248728275299,0.1838085949420929,-0.3477279543876648
32,pose,3,-1,0.4912498891353607,0.18373295664787292,-0.34763237833976746
32,pose,4,-1,0.45986267924308777,0.18358317017555237,-0.34910836815834045
32,pose,5,-1,0.45411697030067444,0.18389450013637543,-0.349094957113266
32,pose,6,-1,0.44913142919540405,0.1847684681415558,-0.3492210805416107
32,pose,7,-1,0.49895527958869934,0.19414255023002625,-0.19296108186244965
32,pose,8,-1,0.44554758071899414,0.1988241821527481,-0.20043908059597015
32,pose,9,-1,0.4842391610145569,0.24282483756542206,-0.3141196668148041
32,pose,10,-1,0.4600735306739807,0.243678480386734,-0.31615564227104187
32,pose,11,-1,0.5550346970558167,0.35497668385505676,-0.08873815089464188
32,pose,12,-1,0.40344667434692383,0.38833341002464294,-0.0953601822257042
32,pose,13,-1,0.5894865393638611,0.5911795496940613,-0.2229567915201187
32,pose,14,-1,0.3974200189113617,0.6292062401771545,-0.027552634477615356
32,pose,15,-1,0.564864456653595,0.4561653435230255,-0.570284903049469
32,pose,16,-1,0.4043981730937958,0.8298476934432983,-0.13992375135421753
32,pose,17,-1,0.5658489465713501,0.419608473777771,-0.6432682871818542
32,pose,18,-1,0.4030306935310364,0.8951566815376282,-0.16175030171871185
32,pose,19,-1,0.5641434788703918,0.3879554569721222,-0.6289193630218506
32,pose,20,-1,0.41503599286079407,0.8952246904373169,-0.20792965590953827
32,pose,21,-1,0.5607436299324036,0.39938995242118835,-0.5718790888786316
32,pose,22,-1,0.41872546076774597,0.8718308806419373,-0.1574019491672516
32,pose,23,-1,0.5376222133636475,0.7856203317642212,0.008433696813881397
32,pose,24,-1,0.4496932923793793,0.796795666217804,-0.007565637119114399
32,pose,25,-1,0.5433651804924011,1.0925118923187256,-0.00854246225208044
32,pose,26,-1,0.45544561743736267,1.0888234376907349,0.027770141139626503
32,pose,27,-1,0.5473223328590393,1.3664425611495972,0.29537999629974365
32,pose,28,-1,0.4667080342769623,1.3513991832733154,0.28747469186782837
32,pose,29,-1,0.550483763217926,1.405677318572998,0.3184176981449127
32,pose,30,-1,0.464169979095459,1.385556697845459,0.30824071168899536
32,pose,31,-1,0.5375639200210571,1.4531316757202148,0.1602073460817337
32,pose,32,-1,0.4879065752029419,1.4479600191116333,0.1307925581932068
33,hand,0,0,0.5523097515106201,0.44102248549461365,5.506387878995156e-08
33,hand,1,0,0.5443150997161865,0.4293632507324219,-0.006378255318850279
33,hand,2,0,0.5383281707763672,0.41984274983406067,-0.01360591221600771
33,hand,3,0,0.5336115956306458,0.4224078357219696,-0.02094864472746849
33,hand,4,0,0.5326008796691895,0.42373475432395935,-0.029117483645677567
33,hand,5,0,0.553329586982727,0.3845082223415375,-0.0134291285648942
33,hand,6,0,0.5510256290435791,0.3629966974258423,-0.024006346240639687
33,hand,7,0,0.5446176528930664,0.35773709416389465,-0.032320838421583176
33,hand,8,0,0.5378300547599792,0.35555166006088257,-0.03733229637145996
33,hand,9,0,0.5615742802619934,0.38701215386390686,-0.016224229708313942
33,hand,10,0,0.5687817931175232,0.36057594418525696,-0.023851290345191956
33,hand,11,0,0.5677602887153625,0.34612902998924255,-0.029615605250000954
33,hand,12,0,0.5646792650222778,0.33624154329299927,-0.033628031611442566
33,hand,13,0,0.5662348866462708,0.3991047441959381,-0.01970260962843895
33,hand,14,0,0.5782626867294312,0.3839475214481354,-0.02777792699635029
33,hand,15,0,0.5816605687141418,0.3753538131713867,-0.03257942944765091
33,hand,16,0,0.5825597047805786,0.36638790369033813,-0.03577848896384239
33,hand,17,0,0.5671387910842896,0.41833484172821045,-0.02352282591164112
33,hand,18,0,0.5792621970176697,0.420538991689682,-0.030995100736618042
33,hand,19,0,0.5854187607765198,0.4203547239303589,-0.03310868889093399
33,hand,20,0,0.5892229676246643,0.41845226287841797,-0.034237995743751526
33,hand,0,1,0.3987710773944855,0.8436209559440613,2.0113868348659025e-09
33,hand,1,1,0.41473516821861267,0.854754626750946,-0.004959807265549898
33,hand,2,1,0.42231664061546326,0.879409670829773,-0.006309683434665203
33,hand,3,1,0.42598408460617065,0.9041277766227722,-0.006474458612501621
33,hand,4,1,0.4309263229370117,0.9226645231246948,-0.00595638295635581
33,hand,5,1,0.411382257938385,0.9045541286468506,-0.004129901994019747
33,hand,6,1,0.4181184470653534,0.9346861243247986,-0.004673902876675129
33,hand,7,1,0.4230894148349762,0.9485977292060852,-0.004976272117346525
33,hand,8,1,0.42754125595092773,0.9591467976570129,-0.0049722217954695225
33,hand,9,1,0.402737557888031,0.9068924188613892,-0.001645619166083634
33,hand,10,1,0.4106667637825012,0.9363505244255066,-0.0017840610817074776
33,hand,11,1,0.4183698892593384,0.9478288888931274,-0.0016178081277757883
33,hand,12,1,0.4242038428783417,0.9541534781455994,-0.0014214410912245512
33,hand,13,1,0.39726778864860535,0.9050667881965637,0.0006033708341419697
33,hand,14,1,0.4042274057865143,0.9323041439056396,0.00022534832532983273
33,hand,15,1,0.41148486733436584,0.9425585269927979,0.0006209231214597821
33,hand,16,1,0.41716715693473816,0.9470244646072388,0.0011972704669460654
33,hand,17,1,0.3943966329097748,0.902143657207489,0.002481382805854082
33,hand,18,1,0.3985082507133484,0.9253222346305847,0.002412755973637104
33,hand,19,1,0.4046679437160492,0.9356983304023743,0.0030583799816668034
33,hand,20,1,0.41011613607406616,0.9404183626174927,0.003929274622350931
33,pose,0,-1,0.46888744831085205,0.21107172966003418,-0.3558153808116913
33,pose,1,-1,0.47668761014938354,0.18397323787212372,-0.33197179436683655
33,pose,2,-1,0.48393213748931885,0.18379774689674377,-0.3320382535457611
33,pose,3,-1,0.49006402492523193,0.1837235391139984,-0.33193323016166687
33,pose,4,-1,0.4587070643901825,0.18358038365840912,-0.3324781656265259
33,pose,5,-1,0.4531126022338867,0.18390628695487976,-0.332476407289505
33,pose,6,-1,0.448281466960907,0.1848173439502716,-0.3325934112071991
33,pose,7,-1,0.4983709156513214,0.19431045651435852,-0.1800093948841095
33,pose,8,-1,0.4450094401836395,0.1990889608860016,-0.18343839049339294
33,pose,9,-1,0.4829873740673065,0.24263983964920044,-0.300848126411438
33,pose,10,-1,0.45891180634498596,0.24366669356822968,-0.30138975381851196
33,pose,11,-1,0.5550842881202698,0.35659870505332947,-0.07538194209337234
33,pose,12,-1,0.4033762216567993,0.38867002725601196,-0.08483561128377914
33,pose,13,-1,0.5900638103485107,0.5912432670593262,-0.2144351750612259
33,pose,14,-1,0.3975810110569,0.6293566226959229,-0.012246787548065186
33,pose,15,-1,0.5661922693252563,0.4553859531879425,-0.5659294128417969
33,pose,16,-1,0.4040060043334961,0.8298465013504028,-0.11328385770320892
33,pose,17,-1,0.5662797689437866,0.418596476316452,-0.6331970691680908
33,pose,18,-1,0.4026738107204437,0.8948314785957336,-0.13188186287879944
33,pose,19,-1,0.5639835596084595,0.3868536353111267,-0.615984320640564
33,pose,20,-1,0.4144342839717865,0.8951817154884338,-0.17913968861103058
33,pose,21,-1,0.5608754754066467,0.39908865094184875,-0.5663737058639526
33,pose,22,-1,0.4180036783218384,0.871756374835968,-0.13111618161201477
33,pose,23,-1,0.5373636484146118,0.7856177091598511,0.008457611314952374
33,pose,24,-1,0.4495663046836853,0.7967183589935303,-0.00759623758494854
33,pose,25,-1,0.543623685836792,1.0972487926483154,-0.01896846480667591
33,pose,26,-1,0.4550402760505676,1.0957832336425781,0.009021144360303879
33,pose,27,-1,0.5468332171440125,1.3664627075195312,0.2958340048789978
33,pose,28,-1,0.46647748351097107,1.3515585660934448,0.28235265612602234
33,pose,29,-1,0.5500961542129517,1.4056509733200073,0.3192797899246216
33,pose,30,-1,0.46398109197616577,1.3855880498886108,0.3048083186149597
33,pose,31,-1,0.5367025136947632,1.4532933235168457,0.16107608377933502
33,pose,32,-1,0.48740890622138977,1.4480501413345337,0.13546016812324524
34,hand,0,0,0.5566197633743286,0.44091367721557617,6.04195804498886e-08
34,hand,1,0,0.5478726029396057,0.42918330430984497,-0.004712630063295364
34,hand,2,0,0.5416867136955261,0.4174141585826874,-0.010758822783827782
34,hand,3,0,0.5382038950920105,0.4176916182041168,-0.017084062099456787
34,hand,4,0,0.5373256802558899,0.42333000898361206,-0.02389593794941902
34,hand,5,0,0.5537325143814087,0.38061031699180603,-0.009355737827718258
34,hand,6,0,0.5542111992835999,0.35979482531547546,-0.017656147480010986
34,hand,7,0,0.5489593744277954,0.3611708879470825,-0.024382807314395905
34,hand,8,0,0.5430389642715454,0.3686668574810028,-0.028141610324382782
34,hand,9,0,0.5624018311500549,0.38710659742355347,-0.01228046603500843
34,hand,10,0,0.5687105655670166,0.36269325017929077,-0.01711648516356945
34,hand,11,0,0.5687054991722107,0.35417455434799194,-0.021132364869117737
34,hand,12,0,0.567247748374939,0.35357895493507385,-0.024147631600499153
34,hand,13,0,0.5675497651100159,0.402222216129303,-0.015953056514263153
34,hand,14,0,0.577549159526825,0.38491395115852356,-0.021232403814792633
34,hand,15,0,0.5787742137908936,0.38230809569358826,-0.024849310517311096
34,hand,16,0,0.5774167776107788,0.3838006854057312,-0.027393333613872528
34,hand,17,0,0.5698010921478271,0.42243286967277527,-0.019866282120347023
34,hand,18,0,0.5774868130683899,0.4179874360561371,-0.024846311658620834
34,hand,19,0,0.5777808427810669,0.418901652097702,-0.025967709720134735
34,hand,20,0,0.5752184391021729,0.42098113894462585,-0.026561403647065163
34,hand,0,1,0.39871808886528015,0.8434898853302002,-1.6067881469794543e-09
34,hand,1,1,0.4150535762310028,0.8542059659957886,-0.005040773190557957
34,hand,2,1,0.42314326763153076,0.8797571659088135,-0.006340304855257273
34,hand,3,1,0.4269108176231384,0.9049072861671448,-0.006420085206627846
34,hand,4,1,0.43173596262931824,0.9229526519775391,-0.005850928835570812
34,hand,5,1,0.4120032489299774,0.9032006859779358,-0.004773461259901524
34,hand,6,1,0.41864752769470215,0.9337615370750427,-0.005721131805330515
34,hand,7,1,0.4237010180950165,0.947910487651825,-0.0061722793616354465
34,hand,8,1,0.4280909299850464,0.9584403038024902,-0.006233362480998039
34,hand,9,1,0.40326306223869324,0.9058515429496765,-0.002394357929006219
34,hand,10,1,0.4111383557319641,0.93588787317276,-0.0027291346341371536
34,hand,11,1,0.41895103454589844,0.947595477104187,-0.002459622221067548
34,hand,12,1,0.4248761832714081,0.9536887407302856,-0.0021982663311064243
34,hand,13,1,0.3977276682853699,0.9045379757881165,-0.00029315045685507357
34,hand,14,1,0.4047539234161377,0.9321150779724121,-0.0008970247581601143
34,hand,15,1,0.4121590256690979,0.9421383142471313,-0.0005546456668525934
34,hand,16,1,0.4179152846336365,0.9461697936058044,-3.480882151052356e-05
34,hand,17,1,0.39484548568725586,0.902038037776947,0.001420815009623766
34,hand,18,1,0.3989216089248657,0.9249553084373474,0.0009673148160800338
34,hand,19,1,0.4050478935241699,0.9352681636810303,0.0013438102323561907
34,hand,20,1,0.41050806641578674,0.9398965835571289,0.002026879694312811
34,pose,0,-1,0.46771955490112305,0.21104317903518677,-0.3585825562477112
34,pose,1,-1,0.47541648149490356,0.18396258354187012,-0.3363291323184967
34,pose,2,-1,0.4826653301715851,0.18379391729831696,-0.3363758325576782
34,pose,3,-1,0.48892101645469666,0.18370971083641052,-0.3362746834754944
34,pose,4,-1,0.4577028155326843,0.18364736437797546,-0.3362455368041992
34,pose,5,-1,0.45226868987083435,0.1840411275625229,-0.33624154329299927
34,pose,6,-1,0.4476427435874939,0.18503856658935547,-0.33636897802352905
34,pose,7,-1,0.4977511167526245,0.19436968863010406,-0.18669652938842773
34,pose,8,-1,0.4447224736213684,0.19938211143016815,-0.1866881102323532
34,pose,9,-1,0.4817405045032501,0.24246320128440857,-0.30367711186408997
34,pose,10,-1,0.4580138623714447,0.24363963305950165,-0.3037649691104889
34,pose,11,-1,0.5550985336303711,0.3566248416900635,-0.08109532296657562
34,pose,12,-1,0.40337032079696655,0.3888365924358368,-0.0866904929280281
34,pose,13,-1,0.590097963809967,0.5915583372116089,-0.21867282688617706
34,pose,14,-1,0.39763742685317993,0.6294892430305481,-0.01293653342872858
34,pose,15,-1,0.5660917162895203,0.4545549750328064,-0.5650801062583923
34,pose,16,-1,0.4038711488246918,0.82984459400177,-0.11465247720479965
34,pose,17,-1,0.5671058893203735,0.417257696390152,-0.6345458626747131
34,pose,18,-1,0.4025122821331024,0.8948172926902771,-0.13561230897903442
34,pose,19,-1,0.5648402571678162,0.38650333881378174,-0.6196759343147278
34,pose,20,-1,0.4143391251564026,0.8952624797821045,-0.18265452980995178
34,pose,21,-1,0.5614464282989502,0.3984784185886383,-0.566486120223999
34,pose,22,-1,0.41789892315864563,0.8717663884162903,-0.13247081637382507
34,pose,23,-1,0.5370734333992004,0.7854501008987427,0.008027477189898491
34,pose,24,-1,0.4494296908378601,0.7964639663696289,-0.007177283987402916
34,pose,25,-1,0.5434554815292358,1.0971342325210571,-0.01738390140235424
34,pose,26,-1,0.4541204273700714,1.0960137844085693,0.010628505609929562
34,pose,27,-1,0.5462588667869568,1.3661034107208252,0.2960788309574127
34,pose,28,-1,0.4658818244934082,1.350969672203064,0.2799104154109955
34,pose,29,-1,0.5495117902755737,1.4053984880447388,0.3192896544933319
34,pose,30,-1,0.4635104238986969,1.3848261833190918,0.3017648160457611
34,pose,31,-1,0.5360890030860901,1.4530671834945679,0.161010280251503
34,pose,32,-1,0.4865727424621582,1.4476664066314697,0.12952259182929993
35,hand,0,0,0.5581727027893066,0.4420459270477295,-2.0504083764194547e-08
35,hand,1,0,0.5512757301330566,0.42829200625419617,-0.004242374561727047
35,hand,2,0,0.5460614562034607,0.41299915313720703,-0.009773638099431992
35,hand,3,0,0.541824460029602,0.40818217396736145,-0.015759211033582687
35,hand,4,0,0.5402790307998657,0.4134349822998047,-0.021858742460608482
35,hand,5,0,0.5625795722007751,0.38021785020828247,-0.007882514037191868
35,hand,6,0,0.564622163772583,0.35839149355888367,-0.016683511435985565
35,hand,7,0,0.5569018721580505,0.3621141016483307,-0.02235965058207512
35,hand,8,0,0.5508697032928467,0.37249788641929626,-0.025074318051338196
35,hand,9,0,0.5707370638847351,0.38970258831977844,-0.01068777497857809
35,hand,10,0,0.5776687860488892,0.36826595664024353,-0.018929773941636086
35,hand,11,0,0.5680304765701294,0.37011072039604187,-0.0223423782736063
35,hand,12,0,0.5601779818534851,0.3779222071170807,-0.022965406998991966
35,hand,13,0,0.5750840902328491,0.40515241026878357,-0.014263593591749668
35,hand,14,0,0.5750382542610168,0.3920915126800537,-0.021993085741996765
35,hand,15,0,0.5621119141578674,0.39679795503616333,-0.024105696007609367
35,hand,16,0,0.5534840226173401,0.4042661190032959,-0.02386954240500927
35,hand,17,0,0.5761899948120117,0.4235919713973999,-0.018012363463640213
35,hand,18,0,0.567638635635376,0.4205821454524994,-0.02339467778801918
35,hand,19,0,0.5569031834602356,0.42341259121894836,-0.02392290160059929
35,hand,20,0,0.5500195026397705,0.426422655582428,-0.023194830864667892
35,hand,0,1,0.3995458483695984,0.8437785506248474,4.342301629378653e-09
35,hand,1,1,0.4160401523113251,0.8542259335517883,-0.004909184295684099
35,hand,2,1,0.42395925521850586,0.8789850473403931,-0.006203279830515385
35,hand,3,1,0.42760106921195984,0.9038636088371277,-0.00638075266033411
35,hand,4,1,0.43229740858078003,0.9222697019577026,-0.005915296729654074
35,hand,5,1,0.4134853482246399,0.9021919965744019,-0.004626376088708639
35,hand,6,1,0.419729083776474,0.9327300786972046,-0.005975130945444107
35,hand,7,1,0.4246925115585327,0.9474743008613586,-0.006700734607875347
35,hand,8,1,0.4291720986366272,0.9586427211761475,-0.006935258395969868
35,hand,9,1,0.4047881066799164,0.9051325917243958,-0.002580230822786689
35,hand,10,1,0.41206610202789307,0.9350833892822266,-0.003347269957885146
35,hand,11,1,0.41967475414276123,0.9474328756332397,-0.0033761232625693083
35,hand,12,1,0.42564788460731506,0.9540603756904602,-0.00328973401337862
35,hand,13,1,0.39903151988983154,0.9040849208831787,-0.0008365194080397487
35,hand,14,1,0.40551212430000305,0.9313876032829285,-0.0017808581469580531
35,hand,15,1,0.41273027658462524,0.9415179491043091,-0.001530233770608902
35,hand,16,1,0.418391615152359,0.9455609321594238,-0.0010195680661126971
35,hand,17,1,0.3957110047340393,0.9017980694770813,0.0005140785360708833
35,hand,18,1,0.39976051449775696,0.9244844317436218,-6.290908640949056e-05
35,hand,19,1,0.40581193566322327,0.9344368577003479,0.00038754043634980917
35,hand,20,1,0.4110451340675354,0.9387130737304688,0.0011515944497659802
35,pose,0,-1,0.46672168374061584,0.21090131998062134,-0.3568301498889923
35,pose,1,-1,0.474274218082428,0.18394078314304352,-0.33554014563560486
35,pose,2,-1,0.48137167096138,0.18377237021923065,-0.3355732858181
35,pose,3,-1,0.48775938153266907,0.18364974856376648,-0.3354647755622864
35,pose,4,-1,0.4568568766117096,0.18366730213165283,-0.3342849910259247
35,pose,5,-1,0.45158612728118896,0.18410952389240265,-0.33427226543426514
35,pose,6,-1,0.44712308049201965,0.18514439463615417,-0.33440324664115906
35,pose,7,-1,0.496856689453125,0.1943262219429016,-0.18432417511940002
35,pose,8,-1,0.44445478916168213,0.19950081408023834,-0.18446819484233856
35,pose,9,-1,0.48063474893569946,0.24179178476333618,-0.30328109860420227
35,pose,10,-1,0.4573480784893036,0.24336637556552887,-0.30144625902175903
35,pose,11,-1,0.5551774501800537,0.3565051555633545,-0.07975760102272034
35,pose,12,-1,0.40333083271980286,0.38886916637420654,-0.08583297580480576
35,pose,13,-1,0.5902148485183716,0.5917238593101501,-0.2157270610332489
35,pose,14,-1,0.39769241213798523,0.6293885111808777,-0.014585183002054691
35,pose,15,-1,0.5673722624778748,0.4549464285373688,-0.5629004240036011
35,pose,16,-1,0.40390002727508545,0.8295759558677673,-0.11706901341676712
35,pose,17,-1,0.5680294632911682,0.41813963651657104,-0.6341723799705505
35,pose,18,-1,0.4025925397872925,0.8945986032485962,-0.1381262093782425
35,pose,19,-1,0.5666729807853699,0.3880508840084076,-0.6210759878158569
35,pose,20,-1,0.4144943654537201,0.8951939940452576,-0.18475009500980377
35,pose,21,-1,0.5632389783859253,0.3986639380455017,-0.565167248249054
35,pose,22,-1,0.41805383563041687,0.8715929388999939,-0.13469025492668152
35,pose,23,-1,0.5370625257492065,0.7854467034339905,0.007998286746442318
35,pose,24,-1,0.449419230222702,0.7963688969612122,-0.0071492320857942104
35,pose,25,-1,0.5443430542945862,1.0967992544174194,-0.017015665769577026
35,pose,26,-1,0.45415401458740234,1.0959419012069702,0.009000536054372787
35,pose,27,-1,0.5465895533561707,1.3661099672317505,0.29296398162841797
35,pose,28,-1,0.46614086627960205,1.3510531187057495,0.2592593729496002
35,pose,29,-1,0.5499249696731567,1.4053914546966553,0.31533554196357727
35,pose,30,-1,0.4637972116470337,1.384939193725586,0.27878034114837646
35,pose,31,-1,0.5363960266113281,1.4529986381530762,0.15639735758304596
35,pose,32,-1,0.4868493378162384,1.447695255279541,0.10226865857839584
36,hand,0,0,0.5585594177246094,0.44628629088401794,-1.0080090362407645e-07
36,hand,1,0,0.5502833724021912,0.43239399790763855,-0.006202413234859705
36,hand,2,0,0.544891357421875,0.4143422842025757,-0.011794894933700562
36,hand,3,0,0.5433831810951233,0.40459346771240234,-0.01742674969136715
36,hand,4,0,0.5462050437927246,0.4060574471950531,-0.022289389744400978
36,hand,5,0,0.5617159605026245,0.3766787052154541,-0.006424800492823124
36,hand,6,0,0.5619175434112549,0.35903018712997437,-0.01611301489174366
36,hand,7,0,0.5539941191673279,0.3735705018043518,-0.022321240976452827
36,hand,8,0,0.5492878556251526,0.3871234357357025,-0.02523854747414589
36,hand,9,0,0.5700323581695557,0.38703858852386475,-0.00792093388736248
36,hand,10,0,0.5718780755996704,0.37025782465934753,-0.01717694289982319
36,hand,11,0,0.5607358813285828,0.38293883204460144,-0.02023559808731079
36,hand,12,0,0.5541172027587891,0.39450594782829285,-0.020185647532343864
36,hand,13,0,0.5752048492431641,0.4023333787918091,-0.010681884363293648
36,hand,14,0,0.5758345723152161,0.38965871930122375,-0.0186212919652462
36,hand,15,0,0.5637787580490112,0.398568719625473,-0.01886160485446453
36,hand,16,0,0.5561626553535461,0.4069373309612274,-0.017160333693027496
36,hand,17,0,0.577880322933197,0.42097246646881104,-0.014010387472808361
36,hand,18,0,0.5720605254173279,0.4167080223560333,-0.019112545996904373
36,hand,19,0,0.5618007779121399,0.4210890233516693,-0.01885990798473358
36,hand,20,0,0.5554534196853638,0.4251531958580017,-0.017370767891407013
36,hand,0,1,0.40020501613616943,0.8446673154830933,4.93550711411217e-09
36,hand,1,1,0.4166560471057892,0.8536777496337891,-0.005089497193694115
36,hand,2,1,0.42460209131240845,0.8781532645225525,-0.006559961941093206
36,hand,3,1,0.4283111095428467,0.9031010866165161,-0.006799285300076008
36,hand,4,1,0.43323227763175964,0.9214871525764465,-0.0063762180507183075
36,hand,5,1,0.413794606924057,0.9019439220428467,-0.0054490515030920506
36,hand,6,1,0.4206302762031555,0.9327076077461243,-0.006743904203176498
36,hand,7,1,0.4256742596626282,0.9472527503967285,-0.0072660488076508045
36,hand,8,1,0.4300316274166107,0.958324134349823,-0.007336646784096956
36,hand,9,1,0.40511763095855713,0.9049907922744751,-0.0031926576048135757
36,hand,10,1,0.4130244255065918,0.9350109696388245,-0.0040198746137320995
36,hand,11,1,0.42091041803359985,0.9462560415267944,-0.0037713919300585985
36,hand,12,1,0.42682015895843506,0.9520636200904846,-0.0034262242261320353
36,hand,13,1,0.3995856046676636,0.9041313529014587,-0.0011760966153815389
36,hand,14,1,0.40656551718711853,0.9315873980522156,-0.002096593612805009
36,hand,15,1,0.4140034317970276,0.9409870505332947,-0.001559750409796834
36,hand,16,1,0.4196475148200989,0.9445620179176331,-0.0008225280325859785
36,hand,17,1,0.3966529667377472,0.9019652009010315,0.0004490607534535229
36,hand,18,1,0.40082839131355286,0.9248618483543396,-5.243195846560411e-05
36,hand,19,1,0.40695440769195557,0.9342285394668579,0.0005532956565730274
36,hand,20,1,0.41217517852783203,0.9379668831825256,0.001453909557312727
36,pose,0,-1,0.4659760892391205,0.2108190953731537,-0.35621461272239685
36,pose,1,-1,0.47352123260498047,0.1839078664779663,-0.3345985412597656
36,pose,2,-1,0.4804254472255707,0.1837291419506073,-0.3346368968486786
36,pose,3,-1,0.48685958981513977,0.18354924023151398,-0.3345338702201843
36,pose,4,-1,0.4562132954597473,0.18368646502494812,-0.334129273891449
36,pose,5,-1,0.45104852318763733,0.18416112661361694,-0.33411985635757446
36,pose,6,-1,0.4466642141342163,0.18520207703113556,-0.3342525362968445
36,pose,7,-1,0.49609848856925964,0.1942775845527649,-0.18315505981445312
36,pose,8,-1,0.4440823197364807,0.1995064914226532,-0.18345396220684052
36,pose,9,-1,0.4796985387802124,0.2412995547056198,-0.3018929362297058
36,pose,10,-1,0.45675355195999146,0.24318689107894897,-0.30133992433547974
36,pose,11,-1,0.5552812218666077,0.3564971387386322,-0.07868918031454086
36,pose,12,-1,0.40323251485824585,0.38888129591941833,-0.08459474891424179
36,pose,13,-1,0.5904634594917297,0.5923709273338318,-0.21493783593177795
36,pose,14,-1,0.3976949453353882,0.6291775703430176,-0.012639259919524193
36,pose,15,-1,0.5681118369102478,0.4565944969654083,-0.5593822598457336
36,pose,16,-1,0.40392005443573,0.8294519782066345,-0.11674454808235168
36,pose,17,-1,0.5684098601341248,0.420523464679718,-0.6311607956886292
36,pose,18,-1,0.4026097357273102,0.8944286108016968,-0.13783206045627594
36,pose,19,-1,0.5671539902687073,0.39056864380836487,-0.618122398853302
36,pose,20,-1,0.41469722986221313,0.895076334476471,-0.18421263992786407
36,pose,21,-1,0.5636825561523438,0.4002573490142822,-0.5615680813789368
36,pose,22,-1,0.418264776468277,0.8714962005615234,-0.1342591792345047
36,pose,23,-1,0.5369882583618164,0.7854387164115906,0.007869349792599678
36,pose,24,-1,0.44941246509552,0.7962114214897156,-0.007024933584034443
36,pose,25,-1,0.5443899035453796,1.0969243049621582,-0.02287595346570015
36,pose,26,-1,0.4541305899620056,1.0967615842819214,0.004408078733831644
36,pose,27,-1,0.5465850234031677,1.365867018699646,0.29255640506744385
36,pose,28,-1,0.4661654233932495,1.3509409427642822,0.26486384868621826
36,pose,29,-1,0.549928605556488,1.404855728149414,0.31554287672042847
36,pose,30,-1,0.46384599804878235,1.3843785524368286,0.2867719829082489
36,pose,31,-1,0.5363937020301819,1.4529715776443481,0.1578078418970108
36,pose,32,-1,0.4868599772453308,1.4476245641708374,0.11539062857627869
37,hand,0,0,0.557327389717102,0.4540255665779114,-1.1791778575798162e-07
37,hand,1,0,0.5493959784507751,0.4339907765388489,-0.005843620281666517
37,hand,2,0,0.5440545678138733,0.41451263427734375,-0.010574686340987682
37,hand,3,0,0.543819010257721,0.40344974398612976,-0.01531237456947565
37,hand,4,0,0.549960732460022,0.40846654772758484,-0.01888575404882431
37,hand,5,0,0.5609321594238281,0.37573936581611633,-0.003626012708991766
37,hand,6,0,0.5564402341842651,0.36564651131629944,-0.010821210220456123
37,hand,7,0,0.5508660078048706,0.3848309814929962,-0.015324623323976994
37,hand,8,0,0.5509074330329895,0.39378076791763306,-0.01787814125418663
37,hand,9,0,0.569444477558136,0.3845462501049042,-0.004728626925498247
37,hand,10,0,0.5651382207870483,0.3768884241580963,-0.011430217884480953
37,hand,11,0,0.5574274063110352,0.39339479804039,-0.012981940060853958
37,hand,12,0,0.5550545454025269,0.40112391114234924,-0.012761654332280159
37,hand,13,0,0.575241208076477,0.3987016975879669,-0.007111139129847288
37,hand,14,0,0.5694078803062439,0.393982857465744,-0.013365223072469234
37,hand,15,0,0.5605560541152954,0.40739479660987854,-0.01258956640958786
37,hand,16,0,0.5566824078559875,0.4149830639362335,-0.010793987661600113
37,hand,17,0,0.5785186290740967,0.415712833404541,-0.010229694657027721
37,hand,18,0,0.5683166980743408,0.4167167544364929,-0.013986310921609402
37,hand,19,0,0.5591359734535217,0.4247368276119232,-0.013416367582976818
37,hand,20,0,0.5539650321006775,0.4296916425228119,-0.012108372524380684
37,hand,0,1,0.40109193325042725,0.845294177532196,1.7735616308911517e-09
37,hand,1,1,0.41783300042152405,0.853712260723114,-0.005148910917341709
37,hand,2,1,0.4259898364543915,0.87818443775177,-0.006459780968725681
37,hand,3,1,0.4295690059661865,0.9028453826904297,-0.0065445126965641975
37,hand,4,1,0.4341242015361786,0.9208391904830933,-0.006017328705638647
37,hand,5,1,0.41457995772361755,0.9025925397872925,-0.005011115223169327
37,hand,6,1,0.4216000735759735,0.9326325058937073,-0.006151642184704542
37,hand,7,1,0.42665672302246094,0.9473685622215271,-0.006707579828798771
37,hand,8,1,0.4309912919998169,0.9584368467330933,-0.006846691016107798
37,hand,9,1,0.405865877866745,0.9058722257614136,-0.0026730368845164776
37,hand,10,1,0.41396158933639526,0.9348902106285095,-0.003269254695624113
37,hand,11,1,0.421703040599823,0.9460663199424744,-0.0030896696262061596
37,hand,12,1,0.42750439047813416,0.9517483711242676,-0.0028286362066864967
37,hand,13,1,0.40033018589019775,0.9051389098167419,-0.0006225201650522649
37,hand,14,1,0.40765658020973206,0.9317689538002014,-0.0014681880129501224
37,hand,15,1,0.41500794887542725,0.9413837194442749,-0.0011163540184497833
37,hand,16,1,0.4206174612045288,0.9452735185623169,-0.0005437099607661366
37,hand,17,1,0.3974454700946808,0.9030272364616394,0.0010325523326173425
37,hand,18,1,0.4020436108112335,0.9253899455070496,0.00044193436042405665
37,hand,19,1,0.40809112787246704,0.9349415898323059,0.0008897869847714901
37,hand,20,1,0.41329509019851685,0.9390843510627747,0.0016590309096500278
37,pose,0,-1,0.4655075967311859,0.210776686668396,-0.3451002240180969
37,pose,1,-1,0.4730501174926758,0.18389633297920227,-0.3225303292274475
37,pose,2,-1,0.4798612892627716,0.1837187260389328,-0.322583943605423
37,pose,3,-1,0.48633310198783875,0.18353798985481262,-0.3224762976169586
37,pose,4,-1,0.45573246479034424,0.18376588821411133,-0.32212984561920166
37,pose,5,-1,0.45060887932777405,0.1842968761920929,-0.32211247086524963
37,pose,6,-1,0.446308434009552,0.18532170355319977,-0.322232723236084
37,pose,7,-1,0.4955947995185852,0.19427497684955597,-0.17365416884422302
37,pose,8,-1,0.44370800256729126,0.1995113343000412,-0.17348864674568176
37,pose,9,-1,0.4791148006916046,0.2412138432264328,-0.291415810585022
37,pose,10,-1,0.45634448528289795,0.24313442409038544,-0.2909591495990753
37,pose,11,-1,0.5553134679794312,0.35661864280700684,-0.07178840786218643
37,pose,12,-1,0.4030757546424866,0.3889811933040619,-0.0762198269367218
37,pose,13,-1,0.5906888246536255,0.5929245352745056,-0.20017831027507782
37,pose,14,-1,0.3978513181209564,0.6289754509925842,-0.0026207356713712215
37,pose,15,-1,0.5693366527557373,0.4561809301376343,-0.537818193435669
37,pose,16,-1,0.4039839804172516,0.8290529847145081,-0.10447169840335846
37,pose,17,-1,0.5695307850837708,0.4198685884475708,-0.6082119345664978
37,pose,18,-1,0.40266579389572144,0.893937885761261,-0.12446538358926773
37,pose,19,-1,0.56782466173172,0.3903743028640747,-0.5961028933525085
37,pose,20,-1,0.41487082839012146,0.8945900797843933,-0.17049910128116608
37,pose,21,-1,0.5643816590309143,0.39994487166404724,-0.5400092005729675
37,pose,22,-1,0.4184677004814148,0.8711651563644409,-0.12185302376747131
37,pose,23,-1,0.5369164347648621,0.7854124903678894,0.00787108764052391
37,pose,24,-1,0.44940289855003357,0.7959226965904236,-0.007027476094663143
37,pose,25,-1,0.5444434881210327,1.0963597297668457,-0.022724194452166557
37,pose,26,-1,0.46099817752838135,1.0517534017562866,-0.0006040036678314209
37,pose,27,-1,0.5466005802154541,1.3652448654174805,0.29292094707489014
37,pose,28,-1,0.46629270911216736,1.3505486249923706,0.26239243149757385
37,pose,29,-1,0.5499976873397827,1.4039530754089355,0.31570565700531006
37,pose,30,-1,0.4640246033668518,1.3835960626602173,0.28441622853279114
37,pose,31,-1,0.5363913774490356,1.4525617361068726,0.16077126562595367
37,pose,32,-1,0.4871115982532501,1.4473068714141846,0.11483023315668106
38,hand,0,0,0.5632386207580566,0.4640180170536041,-1.1696113944026365e-07
38,hand,1,0,0.554498553276062,0.4413888454437256,-0.0021575819700956345
38,hand,2,0,0.5486493110656738,0.42007336020469666,-0.005390793550759554
38,hand,3,0,0.5455265045166016,0.41027727723121643,-0.009376573376357555
38,hand,4,0,0.5453993082046509,0.41241538524627686,-0.01294807530939579
38,hand,5,0,0.5648003220558167,0.3862491250038147,-0.0019472932908684015
38,hand,6,0,0.5537838339805603,0.3769015073776245,-0.008578375913202763
38,hand,7,0,0.5487358570098877,0.3902603089809418,-0.01321303192526102
38,hand,8,0,0.5494839549064636,0.3988346755504608,-0.015714453533291817
38,hand,9,0,0.5707498788833618,0.3961142301559448,-0.004582508467137814
38,hand,10,0,0.5586269497871399,0.39391079545021057,-0.009687046520411968
38,hand,11,0,0.5533735752105713,0.4046476185321808,-0.011435246095061302
38,hand,12,0,0.5537807941436768,0.40972471237182617,-0.012010195292532444
38,hand,13,0,0.5739648938179016,0.41170719265937805,-0.008038678206503391
38,hand,14,0,0.5610694885253906,0.412184476852417,-0.012108922936022282
38,hand,15,0,0.5560726523399353,0.4209156036376953,-0.01126725971698761
38,hand,16,0,0.5566832423210144,0.4239717423915863,-0.010236091911792755
38,hand,17,0,0.574826180934906,0.4293700158596039,-0.011975442990660667
38,hand,18,0,0.5617653131484985,0.431619793176651,-0.013377539813518524
38,hand,19,0,0.5562421083450317,0.43739455938339233,-0.011566875502467155
38,hand,20,0,0.5555078983306885,0.4400300979614258,-0.009842625819146633
38,hand,0,1,0.4010826349258423,0.8451250195503235,4.53009052492348e-09
38,hand,1,1,0.41810980439186096,0.8526723384857178,-0.00597116444259882
38,hand,2,1,0.42668473720550537,0.8766155242919922,-0.007683303207159042
38,hand,3,1,0.4304649233818054,0.9017767906188965,-0.007925445213913918
38,hand,4,1,0.4351196587085724,0.9205566644668579,-0.00748938973993063
38,hand,5,1,0.41508808732032776,0.9018875956535339,-0.006328107323497534
38,hand,6,1,0.4225411117076874,0.9322666525840759,-0.0075651369988918304
38,hand,7,1,0.4276902973651886,0.9470710158348083,-0.008092638105154037
38,hand,8,1,0.4319992661476135,0.9584240913391113,-0.008203255943953991
38,hand,9,1,0.40639621019363403,0.9053961038589478,-0.003510336624458432
38,hand,10,1,0.41485556960105896,0.9347555637359619,-0.0041863154619932175
38,hand,11,1,0.42275720834732056,0.9458500146865845,-0.0038320007734000683
38,hand,12,1,0.4284946024417877,0.9513089656829834,-0.0034554325975477695
38,hand,13,1,0.4010283946990967,0.9048675894737244,-0.0009898593416437507
38,hand,14,1,0.408603310585022,0.9317823648452759,-0.0018975220154970884
38,hand,15,1,0.4161487817764282,0.9414098262786865,-0.0014814315363764763
38,hand,16,1,0.42176035046577454,0.9450947046279907,-0.000861923152115196
38,hand,17,1,0.39839011430740356,0.9031132459640503,0.0010762885212898254
38,hand,18,1,0.40313097834587097,0.9256933927536011,0.000343495950801298
38,hand,19,1,0.40938228368759155,0.9352499842643738,0.0006816182867623866
38,hand,20,1,0.41463688015937805,0.9392558932304382,0.0013878768077120185
38,pose,0,-1,0.4644392132759094,0.2107418030500412,-0.3410438001155853
38,pose,1,-1,0.47225457429885864,0.18390338122844696,-0.3191205561161041
38,pose,2,-1,0.4788271188735962,0.1837238371372223,-0.31917113065719604
38,pose,3,-1,0.4854497015476227,0.1835240125656128,-0.3190629184246063
38,pose,4,-1,0.4550197422504425,0.18396307528018951,-0.3185945451259613
38,pose,5,-1,0.4499362111091614,0.18461431562900543,-0.31858301162719727
38,pose,6,-1,0.44581329822540283,0.1855827122926712,-0.31871187686920166
38,pose,7,-1,0.49508771300315857,0.1942504346370697,-0.17218619585037231
38,pose,8,-1,0.4434100389480591,0.19953054189682007,-0.17094792425632477
38,pose,9,-1,0.47801831364631653,0.24114996194839478,-0.287618488073349
38,pose,10,-1,0.4555608034133911,0.24309895932674408,-0.28690019249916077
38,pose,11,-1,0.5553686022758484,0.3566259741783142,-0.07033877074718475
38,pose,12,-1,0.4030369520187378,0.38912278413772583,-0.07523989677429199
38,pose,13,-1,0.5909749269485474,0.5929063558578491,-0.1981695592403412
38,pose,14,-1,0.3979041874408722,0.6288726925849915,-0.004484947305172682
38,pose,15,-1,0.5688458681106567,0.45671355724334717,-0.5352045893669128
38,pose,16,-1,0.4040904641151428,0.8288328647613525,-0.10676323622465134
38,pose,17,-1,0.5689738392829895,0.4206794202327728,-0.6054925322532654
38,pose,18,-1,0.4029199779033661,0.8938143849372864,-0.12711116671562195
38,pose,19,-1,0.5673246383666992,0.3916161358356476,-0.5933069586753845
38,pose,20,-1,0.4152151346206665,0.894497275352478,-0.17286156117916107
38,pose,21,-1,0.5638696551322937,0.4012451469898224,-0.5373941659927368
38,pose,22,-1,0.41879183053970337,0.8710796236991882,-0.12403905391693115
38,pose,23,-1,0.5368058085441589,0.7853975296020508,0.007877510972321033
38,pose,24,-1,0.44929224252700806,0.7957484722137451,-0.007034122012555599
38,pose,25,-1,0.5443301796913147,1.0959147214889526,-0.022688502445816994
38,pose,26,-1,0.4580420255661011,1.0686626434326172,8.27612602734007e-05
38,pose,27,-1,0.5465623736381531,1.3650895357131958,0.2914883494377136
38,pose,28,-1,0.4660971760749817,1.3500287532806396,0.2625384032726288
38,pose,29,-1,0.5499914288520813,1.4038209915161133,0.31458696722984314
38,pose,30,-1,0.4637889862060547,1.3828285932540894,0.28446441888809204
38,pose,31,-1,0.5363137722015381,1.4522817134857178,0.1603318750858307
38,pose,32,-1,0.4870724081993103,1.4467947483062744,0.1150444820523262
39,hand,0,0,0.4019499123096466,0.844241201877594,5.756015664104552e-09
39,hand,1,0,0.4187158942222595,0.8520088791847229,-0.00589128490537405
39,hand,2,0,0.42707008123397827,0.8763994574546814,-0.007458878681063652
39,hand,3,0,0.43100133538246155,0.9016135931015015,-0.007511992007493973
39,hand,4,0,0.4360964000225067,0.9199357032775879,-0.006886929739266634
39,hand,5,0,0.4154597222805023,0.9006540179252625,-0.006635298486799002
39,hand,6,0,0.42295390367507935,0.9318034052848816,-0.007664060685783625
39,hand,7,0,0.42828479409217834,0.9464412927627563,-0.007863138802349567
39,hand,8,0,0.43280547857284546,0.9575063586235046,-0.0077133686281740665
39,hand,9,0,0.4069613516330719,0.9042894840240479,-0.0037060375325381756
39,hand,10,0,0.41533762216567993,0.934696614742279,-0.004349634982645512
39,hand,11,0,0.42339321970939636,0.945469856262207,-0.0037882719188928604
39,hand,12,0,0.42924147844314575,0.9505878686904907,-0.0031969156116247177
39,hand,13,0,0.40172624588012695,0.9038688540458679,-0.0010105767287313938
39,hand,14,0,0.4088900089263916,0.9316597580909729,-0.001779684447683394
39,hand,15,0,0.4164469838142395,0.9406743049621582,-0.0012156175216659904
39,hand,16,0,0.42205920815467834,0.9437298774719238,-0.0004534778418019414
39,hand,17,0,0.3992004990577698,0.9021211266517639,0.001247313804924488
39,hand,18,0,0.40349632501602173,0.9250531792640686,0.0008112358045764267
39,hand,19,0,0.4096834659576416,0.9341655373573303,0.0012791522312909365
39,hand,20,0,0.4149012267589569,0.9374847412109375,0.0020572373177856207
39,pose,0,-1,0.4642219543457031,0.21077942848205566,-0.35934969782829285
39,pose,1,-1,0.4719594419002533,0.1839722841978073,-0.3380967080593109
39,pose,2,-1,0.47843053936958313,0.1838127076625824,-0.33815041184425354
39,pose,3,-1,0.4850442111492157,0.1835363507270813,-0.3380524218082428
39,pose,4,-1,0.4547930955886841,0.1842377781867981,-0.3375178873538971
39,pose,5,-1,0.44965994358062744,0.18504172563552856,-0.33750098943710327
39,pose,6,-1,0.44560229778289795,0.18605226278305054,-0.33763283491134644
39,pose,7,-1,0.4947931170463562,0.19424283504486084,-0.1890338510274887
39,pose,8,-1,0.4431736171245575,0.19960911571979523,-0.18670210242271423
39,pose,9,-1,0.47761544585227966,0.2411399632692337,-0.3043043315410614
39,pose,10,-1,0.455241858959198,0.24314340949058533,-0.30347660183906555
39,pose,11,-1,0.5552735924720764,0.35617944598197937,-0.08040159195661545
39,pose,12,-1,0.40303418040275574,0.38913199305534363,-0.08663342148065567
39,pose,13,-1,0.5909677147865295,0.5916948914527893,-0.2065998613834381
39,pose,14,-1,0.3979107439517975,0.6286993622779846,-0.015567331574857235
39,pose,15,-1,0.5685216784477234,0.4565909802913666,-0.5453135371208191
39,pose,16,-1,0.40441954135894775,0.8288316130638123,-0.12114543467760086
39,pose,17,-1,0.5688268542289734,0.4206593632698059,-0.6158530712127686
39,pose,18,-1,0.40356332063674927,0.8940312266349792,-0.14252044260501862
39,pose,19,-1,0.5670251846313477,0.39252012968063354,-0.6047401428222656
39,pose,20,-1,0.41619518399238586,0.894720196723938,-0.18781693279743195
39,pose,21,-1,0.5634979009628296,0.4030395746231079,-0.5478419065475464
39,pose,22,-1,0.41978156566619873,0.8712248206138611,-0.13802911341190338
39,pose,23,-1,0.536763608455658,0.7844268083572388,0.007714881561696529
39,pose,24,-1,0.4492844045162201,0.7946640849113464,-0.0068887025117874146
39,pose,25,-1,0.5345135927200317,1.0439834594726562,-0.022314246743917465
39,pose,26,-1,0.4579511284828186,1.0739680528640747,0.0005910046747885644
39,pose,27,-1,0.5465859770774841,1.360329508781433,0.2859482169151306
39,pose,28,-1,0.46688440442085266,1.3467161655426025,0.2626301348209381
39,pose,29,-1,0.5499915480613708,1.3980575799942017,0.30829304456710815
39,pose,30,-1,0.4649070203304291,1.3785452842712402,0.28448858857154846
39,pose,31,-1,0.5365321040153503,1.4477074146270752,0.15277114510536194
39,pose,32,-1,0.48740261793136597,1.4432556629180908,0.11511660367250443
40,hand,0,0,0.5594836473464966,0.46711522340774536,2.1764367374998983e-07
40,hand,1,0,0.5496566295623779,0.4674820005893707,-0.004177088849246502
40,hand,2,0,0.5408300161361694,0.46754905581474304,-0.010706398636102676
40,hand,3,0,0.5357718467712402,0.48188120126724243,-0.017229707911610603
40,hand,4,0,0.5334889888763428,0.4964638650417328,-0.025260774418711662
40,hand,5,0,0.54206383228302,0.43770188093185425,-0.02010645531117916
40,hand,6,0,0.5359864830970764,0.41088780760765076,-0.026282260194420815
40,hand,7,0,0.5339921116828918,0.3932937979698181,-0.02944074384868145
40,hand,8,0,0.5336952805519104,0.37972262501716614,-0.03162635490298271
40,hand,9,0,0.5522059798240662,0.43509581685066223,-0.022564535960555077
40,hand,10,0,0.5586738586425781,0.40440768003463745,-0.029574749991297722
40,hand,11,0,0.5675711631774902,0.38925492763519287,-0.032536692917346954
40,hand,12,0,0.5757815837860107,0.38294029235839844,-0.03411557525396347
40,hand,13,0,0.562370777130127,0.4410451054573059,-0.024243667721748352
40,hand,14,0,0.5718337893486023,0.4300081729888916,-0.03072190470993519
40,hand,15,0,0.5778268575668335,0.43212369084358215,-0.033368270844221115
40,hand,16,0,0.5830408930778503,0.4346826374530792,-0.0344897024333477
40,hand,17,0,0.5708045363426208,0.45125406980514526,-0.02580714412033558
40,hand,18,0,0.5777387619018555,0.45162537693977356,-0.030688589438796043
40,hand,19,0,0.5801981687545776,0.45464026927948,-0.031149698421359062
40,hand,20,0,0.5831602811813354,0.4581882953643799,-0.0309930220246315
40,hand,0,1,0.40197405219078064,0.844355583190918,2.0894572738683337e-09
40,hand,1,1,0.41877511143684387,0.8518925905227661,-0.006007113493978977
40,hand,2,1,0.4272390902042389,0.8758557438850403,-0.007828515954315662
40,hand,3,1,0.4312984347343445,0.9010987281799316,-0.008210123516619205
40,hand,4,1,0.43633919954299927,0.9198249578475952,-0.007913844659924507
40,hand,5,1,0.41592419147491455,0.9000123143196106,-0.006935594137758017
40,hand,6,1,0.4232977330684662,0.9315701723098755,-0.008429369889199734
40,hand,7,1,0.42869678139686584,0.9462664127349854,-0.008889362215995789
40,hand,8,1,0.43320828676223755,0.9572091102600098,-0.008864868432283401
40,hand,9,1,0.40736567974090576,0.9037823677062988,-0.004233409184962511
40,hand,10,1,0.4158964157104492,0.9346064329147339,-0.005211052484810352
40,hand,11,1,0.42402756214141846,0.9455306529998779,-0.004787065554410219
40,hand,12,1,0.42985647916793823,0.9505872130393982,-0.004269268363714218
40,hand,13,1,0.40204155445098877,0.9036752581596375,-0.0018091662786900997
40,hand,14,1,0.40961822867393494,0.9318833947181702,-0.0028672453481703997
40,hand,15,1,0.41727185249328613,0.9409535527229309,-0.0023193340748548508
40,hand,16,1,0.42286020517349243,0.9440762996673584,-0.0015456031542271376
40,hand,17,1,0.3994516134262085,0.902197539806366,0.0001497701450716704
40,hand,18,1,0.4042871296405792,0.925559937953949,-0.0006397244869731367
40,hand,19,1,0.41065824031829834,0.9349506497383118,-0.00026535324286669493
40,hand,20,1,0.4159492254257202,0.938458263874054,0.0004917375626973808
40,pose,0,-1,0.46404018998146057,0.21106483042240143,-0.407036691904068
40,pose,1,-1,0.47169917821884155,0.18430739641189575,-0.3861426115036011
40,pose,2,-1,0.47809478640556335,0.18422850966453552,-0.38618528842926025
40,pose,3,-1,0.4846990704536438,0.1838025450706482,-0.3860764503479004
40,pose,4,-1,0.45459315180778503,0.18472039699554443,-0.38607433438301086
40,pose,5,-1,0.4494227170944214,0.18564385175704956,-0.38605600595474243
40,pose,6,-1,0.4454430937767029,0.1866641342639923,-0.3862153887748718
40,pose,7,-1,0.49451887607574463,0.19426631927490234,-0.22970761358737946
40,pose,8,-1,0.44294700026512146,0.1998756229877472,-0.22835959494113922
40,pose,9,-1,0.47723859548568726,0.24136598408222198,-0.3483990728855133
40,pose,10,-1,0.45499199628829956,0.24345120787620544,-0.3478655517101288
40,pose,11,-1,0.5552912354469299,0.35459619760513306,-0.11328598111867905
40,pose,12,-1,0.4029623568058014,0.3892170488834381,-0.11557336151599884
40,pose,13,-1,0.5911138653755188,0.5893558859825134,-0.2464151680469513
40,pose,14,-1,0.3979932963848114,0.6285723447799683,-0.04817948117852211
40,pose,15,-1,0.566162109375,0.46919262409210205,-0.6313077807426453
40,pose,16,-1,0.4050331711769104,0.8287400603294373,-0.1802992969751358
40,pose,17,-1,0.5642328262329102,0.44731152057647705,-0.7119064927101135
40,pose,18,-1,0.40437889099121094,0.8940442204475403,-0.2104322463274002
40,pose,19,-1,0.5626726150512695,0.4189992845058441,-0.7048878073692322
40,pose,20,-1,0.41724881529808044,0.8947262763977051,-0.25610119104385376
40,pose,21,-1,0.559430718421936,0.42796963453292847,-0.6362202167510986
40,pose,22,-1,0.42089006304740906,0.8712218403816223,-0.19778844714164734
40,pose,23,-1,0.5367923378944397,0.782995879650116,0.0056068855337798595
40,pose,24,-1,0.4493098556995392,0.7941592931747437,-0.004780198913067579
40,pose,25,-1,0.5313533544540405,1.0331453084945679,-0.019747251644730568
40,pose,26,-1,0.4579119086265564,1.0757460594177246,0.01579485461115837
40,pose,27,-1,0.5472021102905273,1.3562923669815063,0.2923675775527954
40,pose,28,-1,0.46695470809936523,1.343948483467102,0.2800411880016327
40,pose,29,-1,0.5506638884544373,1.3939553499221802,0.3146863877773285
40,pose,30,-1,0.4650385081768036,1.3762654066085815,0.3014988899230957
40,pose,31,-1,0.5373865962028503,1.4427225589752197,0.15378212928771973
40,pose,32,-1,0.4875205159187317,1.4398690462112427,0.12054996937513351
41,hand,0,0,0.40250149369239807,0.8439217209815979,1.1600501892417014e-08
41,hand,1,0,0.4190690517425537,0.8526968359947205,-0.005407168995589018
41,hand,2,0,0.4269222617149353,0.8767516613006592,-0.006986524909734726
41,hand,3,0,0.4308112859725952,0.9013941287994385,-0.0071908170357346535
41,hand,4,0,0.4360637068748474,0.9199928045272827,-0.006698263809084892
41,hand,5,0,0.41642606258392334,0.9011769890785217,-0.005952487234026194
41,hand,6,0,0.42329537868499756,0.9324660897254944,-0.006839258596301079
41,hand,7,0,0.42849746346473694,0.9470293521881104,-0.007000261452049017
41,hand,8,0,0.43312937021255493,0.9574465751647949,-0.0067698466591537
41,hand,9,0,0.40761908888816833,0.9044983983039856,-0.00325677334330976
41,hand,10,0,0.41547349095344543,0.9351767897605896,-0.0037612353917211294
41,hand,11,0,0.4232162535190582,0.9463409185409546,-0.0032664628233760595
41,hand,12,0,0.42904675006866455,0.9512558579444885,-0.0026793149299919605
41,hand,13,0,0.401978999376297,0.9034493565559387,-0.0007392652332782745
41,hand,14,0,0.4085942208766937,0.9314029812812805,-0.001224088715389371
41,hand,15,0,0.41573530435562134,0.9408630132675171,-0.0005162830930203199
41,hand,16,0,0.42124783992767334,0.9440217018127441,0.00034803280141204596
41,hand,17,0,0.39900150895118713,0.9009647369384766,0.001387839438393712
41,hand,18,0,0.40294957160949707,0.9238378405570984,0.0013962293742224574
41,hand,19,0,0.4088716208934784,0.9330568909645081,0.002266257768496871
41,hand,20,0,0.4139898419380188,0.9362537264823914,0.00332205300219357
41,pose,0,-1,0.46407753229141235,0.21105633676052094,-0.41363847255706787
41,pose,1,-1,0.47173699736595154,0.18431124091148376,-0.3912414014339447
41,pose,2,-1,0.47817274928092957,0.18423759937286377,-0.3912964463233948
41,pose,3,-1,0.48474010825157166,0.18380166590213776,-0.3911927342414856
41,pose,4,-1,0.4545607566833496,0.18476347625255585,-0.3919428884983063
41,pose,5,-1,0.44934433698654175,0.18569894134998322,-0.3919409513473511
41,pose,6,-1,0.44535690546035767,0.18672098219394684,-0.3920947015285492
41,pose,7,-1,0.49448156356811523,0.19426432251930237,-0.23101571202278137
41,pose,8,-1,0.44275227189064026,0.1998877227306366,-0.23303882777690887
41,pose,9,-1,0.47722387313842773,0.24134303629398346,-0.3538174033164978
41,pose,10,-1,0.454886794090271,0.24344247579574585,-0.3543018698692322
41,pose,11,-1,0.5553115606307983,0.3533172309398651,-0.11465664952993393
41,pose,12,-1,0.4027068316936493,0.38937661051750183,-0.11861632019281387
41,pose,13,-1,0.5915847420692444,0.5883303284645081,-0.2482154816389084
41,pose,14,-1,0.3979979455471039,0.628563642501831,-0.04978932812809944
41,pose,15,-1,0.5658819675445557,0.4755607843399048,-0.637850821018219
41,pose,16,-1,0.40524497628211975,0.8285970687866211,-0.1863672137260437
41,pose,17,-1,0.5618708729743958,0.4603356420993805,-0.7200441956520081
41,pose,18,-1,0.4047776758670807,0.8940386176109314,-0.21774202585220337
41,pose,19,-1,0.5602909326553345,0.4299807846546173,-0.7128848433494568
41,pose,20,-1,0.41758251190185547,0.8947247266769409,-0.2640569806098938
41,pose,21,-1,0.5578998923301697,0.4372331500053406,-0.6427372694015503
41,pose,22,-1,0.42118480801582336,0.8711877465248108,-0.20411226153373718
41,pose,23,-1,0.536776602268219,0.781517744064331,0.004817724693566561
41,pose,24,-1,0.44928330183029175,0.7935133576393127,-0.003993995487689972
41,pose,25,-1,0.5301791429519653,1.0299756526947021,-0.022681592032313347
41,pose,26,-1,0.4578290283679962,1.0762883424758911,0.017187131568789482
41,pose,27,-1,0.5481882095336914,1.3539634943008423,0.2968778610229492
41,pose,28,-1,0.4673656225204468,1.3424043655395508,0.29641759395599365
41,pose,29,-1,0.5516840219497681,1.391511082649231,0.3204904794692993
41,pose,30,-1,0.46560248732566833,1.374977946281433,0.31945091485977173
41,pose,31,-1,0.5388712286949158,1.4405829906463623,0.15421374142169952
41,pose,32,-1,0.48833009600639343,1.4376569986343384,0.1371316760778427
42,hand,0,0,0.40143585205078125,0.84322190284729,3.9126724082905184e-09
42,hand,1,0,0.4183766543865204,0.8519616723060608,-0.005127789452672005
42,hand,2,0,0.4267641305923462,0.8764665722846985,-0.006430439185351133
42,hand,3,0,0.43077415227890015,0.9017036557197571,-0.00656760623678565
42,hand,4,0,0.4359396696090698,0.920289158821106,-0.0060534393414855
42,hand,5,0,0.4162222146987915,0.9011246562004089,-0.0045594219118356705
42,hand,6,0,0.4231697618961334,0.9316067695617676,-0.005672774277627468
42,hand,7,0,0.4282153844833374,0.9464815258979797,-0.006260129623115063
42,hand,8,0,0.4326726198196411,0.9575281143188477,-0.006405256222933531
42,hand,9,0,0.4074776768684387,0.9047163128852844,-0.00229758326895535
42,hand,10,0,0.4154340624809265,0.9342776536941528,-0.002872561337426305
42,hand,11,0,0.4232458770275116,0.9463104009628296,-0.002858514431864023
42,hand,12,0,0.42923057079315186,0.9523745775222778,-0.0027217776514589787
42,hand,13,0,0.40186989307403564,0.9042178392410278,-0.0003605758538469672
42,hand,14,0,0.4088081121444702,0.9314787983894348,-0.0012118399608880281
42,hand,15,0,0.41603776812553406,0.9417387247085571,-0.001095835817977786
42,hand,16,0,0.42174583673477173,0.9457849860191345,-0.0006568796816281974
42,hand,17,0,0.39886927604675293,0.9023581147193909,0.001178984297439456
42,hand,18,0,0.40316006541252136,0.9246401190757751,0.0006594301667064428
42,hand,19,0,0.40914714336395264,0.9347368478775024,0.000982393859885633
42,hand,20,0,0.41453421115875244,0.939111053943634,0.001651891740038991
42,pose,0,-1,0.46357375383377075,0.21132755279541016,-0.43135127425193787
42,pose,1,-1,0.47127264738082886,0.18461358547210693,-0.4117444157600403
42,pose,2,-1,0.47760918736457825,0.1845683455467224,-0.4117683172225952
42,pose,3,-1,0.4842087924480438,0.1840893030166626,-0.4116470515727997
42,pose,4,-1,0.4540620446205139,0.185294970870018,-0.41103729605674744
42,pose,5,-1,0.44887247681617737,0.1863611936569214,-0.41102251410484314
42,pose,6,-1,0.4450543224811554,0.18730314075946808,-0.4112042486667633
42,pose,7,-1,0.49422788619995117,0.19431345164775848,-0.2553243339061737
42,pose,8,-1,0.4424220621585846,0.20031343400478363,-0.24821186065673828
42,pose,9,-1,0.4766835570335388,0.24154075980186462,-0.37213650345802307
42,pose,10,-1,0.45452451705932617,0.24374748766422272,-0.3698617219924927
42,pose,11,-1,0.555339515209198,0.35161036252975464,-0.1304989457130432
42,pose,12,-1,0.4026308059692383,0.38957157731056213,-0.14018578827381134
42,pose,13,-1,0.5915486216545105,0.5774466395378113,-0.25971609354019165
42,pose,14,-1,0.397959440946579,0.6286265254020691,-0.08886869251728058
42,pose,15,-1,0.5663516521453857,0.5046701431274414,-0.6759918332099915
42,pose,16,-1,0.4052686393260956,0.8284996747970581,-0.2417317032814026
42,pose,17,-1,0.5635700821876526,0.5184466242790222,-0.7621356248855591
42,pose,18,-1,0.4048261046409607,0.8939749002456665,-0.27963879704475403
42,pose,19,-1,0.5590099692344666,0.4859115183353424,-0.7656546235084534
42,pose,20,-1,0.41777363419532776,0.894638180732727,-0.32402148842811584
42,pose,21,-1,0.5568687915802002,0.48215654492378235,-0.6856523156166077
42,pose,22,-1,0.4213891923427582,0.8711212277412415,-0.25908491015434265
42,pose,23,-1,0.5364870429039001,0.7796473503112793,0.004866553004831076
42,pose,24,-1,0.4491432011127472,0.7916396856307983,-0.004044308327138424
42,pose,25,-1,0.5288476347923279,1.029166340827942,-0.016017505899071693
42,pose,26,-1,0.4576641917228699,1.0771710872650146,0.03405055031180382
42,pose,27,-1,0.5491829514503479,1.3490971326828003,0.2985724210739136
42,pose,28,-1,0.467853844165802,1.3413021564483643,0.3207378089427948
42,pose,29,-1,0.5524019598960876,1.3867095708847046,0.3212834298610687
42,pose,30,-1,0.4664129912853241,1.374207615852356,0.3438776731491089
42,pose,31,-1,0.5402230620384216,1.4365074634552002,0.14943593740463257
42,pose,32,-1,0.48832017183303833,1.4362716674804688,0.15676485002040863
43,hand,0,0,0.4014888107776642,0.8442017436027527,1.782297154306889e-08
43,hand,1,0,0.41824254393577576,0.8534815311431885,-0.005422787740826607
43,hand,2,0,0.4262452721595764,0.8784282803535461,-0.006722680758684874
43,hand,3,0,0.4300832748413086,0.9030606746673584,-0.006668608170002699
43,hand,4,0,0.4356429874897003,0.9208161234855652,-0.005941721610724926
43,hand,5,0,0.4157911241054535,0.9027562141418457,-0.005104419309645891
43,hand,6,0,0.4224291145801544,0.9331481456756592,-0.005863414611667395
43,hand,7,0,0.4275272488594055,0.9474697709083557,-0.0061730812303721905
43,hand,8,0,0.4321678578853607,0.9581132531166077,-0.006116297096014023
43,hand,9,0,0.40711742639541626,0.9058133363723755,-0.002442314988002181
43,hand,10,0,0.4149494767189026,0.9359670877456665,-0.0027999740559607744
43,hand,11,0,0.42280030250549316,0.9483320713043213,-0.0026282507460564375
43,hand,12,0,0.4289260506629944,0.9547678232192993,-0.0023651139345020056
43,hand,13,0,0.4015347361564636,0.9044438600540161,-3.957408989663236e-05
43,hand,14,0,0.4082174003124237,0.931663453578949,-0.0006416655378416181
43,hand,15,0,0.4155413806438446,0.941482663154602,-0.0004365451750345528
43,hand,16,0,0.4213663935661316,0.9455102682113647,6.666820263490081e-05
43,hand,17,0,0.3984571099281311,0.9019638299942017,0.0019760606810450554
43,hand,18,0,0.4023880064487457,0.9246604442596436,0.0017652407987043262
43,hand,19,0,0.40826937556266785,0.9339960813522339,0.0023113235365599394
43,hand,20,0,0.41341233253479004,0.9378848671913147,0.0031184132676571608
43,pose,0,-1,0.46338605880737305,0.21131883561611176,-0.41945916414260864
43,pose,1,-1,0.47105544805526733,0.1846223920583725,-0.39998573064804077
43,pose,2,-1,0.4773576557636261,0.18456946313381195,-0.40008220076560974
43,pose,3,-1,0.48397013545036316,0.18408618867397308,-0.40005895495414734
43,pose,4,-1,0.45383045077323914,0.1855270117521286,-0.3952535092830658
43,pose,5,-1,0.4486548602581024,0.18677149713039398,-0.39519184827804565
43,pose,6,-1,0.44489142298698425,0.18778860569000244,-0.39535555243492126
43,pose,7,-1,0.4940420985221863,0.1943155974149704,-0.25208181142807007
43,pose,8,-1,0.44220978021621704,0.20085664093494415,-0.22126895189285278
43,pose,9,-1,0.47664743661880493,0.2415318787097931,-0.3636423647403717
43,pose,10,-1,0.45439139008522034,0.2437996119260788,-0.3523288667201996
43,pose,11,-1,0.5554385781288147,0.3502069115638733,-0.11842627078294754
43,pose,12,-1,0.4026159346103668,0.39058274030685425,-0.13211403787136078
43,pose,13,-1,0.5917659401893616,0.5603674054145813,-0.22600111365318298
43,pose,14,-1,0.3982934355735779,0.628621518611908,-0.0716785192489624
43,pose,15,-1,0.5644426345825195,0.5343036651611328,-0.6374527215957642
43,pose,16,-1,0.40525856614112854,0.827904462814331,-0.2370605617761612
43,pose,17,-1,0.5624669790267944,0.5654702186584473,-0.7129542827606201
43,pose,18,-1,0.4048211872577667,0.8930487036705017,-0.28395432233810425
43,pose,19,-1,0.5467063784599304,0.5431550741195679,-0.7149288058280945
43,pose,20,-1,0.4177941083908081,0.8937527537345886,-0.3282066583633423
43,pose,21,-1,0.5434509515762329,0.5322807431221008,-0.6392091512680054
43,pose,22,-1,0.42140069603919983,0.8701620101928711,-0.2558452785015106
43,pose,23,-1,0.5364851355552673,0.7791286110877991,0.00490720896050334
43,pose,24,-1,0.44914111495018005,0.7913578748703003,-0.004084277432411909
43,pose,25,-1,0.5285832285881042,1.026094675064087,-0.011006573215126991
43,pose,26,-1,0.4582190215587616,1.0782585144042969,0.03725564479827881
43,pose,27,-1,0.5510298609733582,1.3434580564498901,0.3069538176059723
43,pose,28,-1,0.4685993790626526,1.3393512964248657,0.3112540543079376
43,pose,29,-1,0.553926408290863,1.3814380168914795,0.3305603265762329
43,pose,30,-1,0.4672134220600128,1.3730671405792236,0.33337223529815674
43,pose,31,-1,0.5433400869369507,1.430124282836914,0.16272825002670288
43,pose,32,-1,0.48856642842292786,1.433718204498291,0.150582954287529
44,hand,0,0,0.401576966047287,0.8437369465827942,9.726615957106333e-09
44,hand,1,0,0.4178922474384308,0.8534516096115112,-0.005422025918960571
44,hand,2,0,0.42566952109336853,0.8785609006881714,-0.006787127815186977
44,hand,3,0,0.42946383357048035,0.9034515619277954,-0.006802947260439396
44,hand,4,0,0.43495696783065796,0.9218286871910095,-0.006112714763730764
44,hand,5,0,0.41504016518592834,0.9029226899147034,-0.0050377571024000645
44,hand,6,0,0.4219712018966675,0.9335809350013733,-0.0058468240313231945
44,hand,7,0,0.42707473039627075,0.9479910135269165,-0.006220404990017414
44,hand,8,0,0.4315783381462097,0.9589349031448364,-0.006243706215173006
44,hand,9,0,0.406449556350708,0.9060067534446716,-0.0024575460702180862
44,hand,10,0,0.41440311074256897,0.9362889528274536,-0.0028520154301077127
44,hand,11,0,0.42219600081443787,0.9482544660568237,-0.002739131450653076
44,hand,12,0,0.42824485898017883,0.9543696045875549,-0.0025448331143707037
44,hand,13,0,0.40103238821029663,0.9047935009002686,-0.00015265830734279007
44,hand,14,0,0.4078606069087982,0.9324008226394653,-0.000801360176410526
44,hand,15,0,0.4151460826396942,0.9426654577255249,-0.0006393316434696317
44,hand,16,0,0.4209114909172058,0.9470486640930176,-0.0002045733417617157
44,hand,17,0,0.39826107025146484,0.9024384021759033,0.001752918353304267
44,hand,18,0,0.40224534273147583,0.9254150390625,0.0013773082755506039
44,hand,19,0,0.4082413911819458,0.9349238872528076,0.001796851516701281
44,hand,20,0,0.4135412573814392,0.9388100504875183,0.002509757410734892
44,pose,0,-1,0.46340322494506836,0.21146661043167114,-0.3789127767086029
44,pose,1,-1,0.4709555506706238,0.1848548799753189,-0.35778868198394775
44,pose,2,-1,0.47723931074142456,0.18477509915828705,-0.3579176068305969
44,pose,3,-1,0.4838167726993561,0.1842162311077118,-0.35789114236831665
44,pose,4,-1,0.4537159502506256,0.1861203908920288,-0.3544063866138458
44,pose,5,-1,0.44851258397102356,0.18755190074443817,-0.35436293482780457
44,pose,6,-1,0.44480767846107483,0.18869706988334656,-0.354486346244812
44,pose,7,-1,0.49383893609046936,0.19438517093658447,-0.20916111767292023
44,pose,8,-1,0.4420296251773834,0.20186501741409302,-0.18759527802467346
44,pose,9,-1,0.4767216742038727,0.24162721633911133,-0.32323604822158813
44,pose,10,-1,0.4544330835342407,0.24408160150051117,-0.3155195415019989
44,pose,11,-1,0.5555107593536377,0.3482428789138794,-0.10931747406721115
44,pose,12,-1,0.40262871980667114,0.3920661509037018,-0.0983438491821289
44,pose,13,-1,0.5916019678115845,0.5471094846725464,-0.18756361305713654
44,pose,14,-1,0.39850857853889465,0.6283766627311707,-0.05666448920965195
44,pose,15,-1,0.5644442439079285,0.5658491253852844,-0.5854879021644592
44,pose,16,-1,0.4049757122993469,0.8264224529266357,-0.2162792682647705
44,pose,17,-1,0.5624276995658875,0.6130359768867493,-0.6796519756317139
44,pose,18,-1,0.40456119179725647,0.8916333317756653,-0.26526132225990295
44,pose,19,-1,0.5458152294158936,0.5998736619949341,-0.6968325972557068
44,pose,20,-1,0.41746050119400024,0.8921021223068237,-0.3095925450325012
44,pose,21,-1,0.5423343777656555,0.5862969160079956,-0.6024322509765625
44,pose,22,-1,0.4208793342113495,0.8682190775871277,-0.23535658419132233
44,pose,23,-1,0.5365192294120789,0.7787389159202576,0.004684551618993282
44,pose,24,-1,0.44930145144462585,0.7912384867668152,-0.0038209876511245966
44,pose,25,-1,0.5284377932548523,1.0242201089859009,-0.01148911938071251
44,pose,26,-1,0.45843884348869324,1.0780470371246338,0.033034052699804306
44,pose,27,-1,0.5517393946647644,1.3387867212295532,0.3340787887573242
44,pose,28,-1,0.4687058627605438,1.3363561630249023,0.3054485619068146
44,pose,29,-1,0.5545440912246704,1.375484585762024,0.36227622628211975
44,pose,30,-1,0.46723127365112305,1.3705036640167236,0.3276936709880829
44,pose,31,-1,0.5439700484275818,1.4261431694030762,0.20535895228385925
44,pose,32,-1,0.48880699276924133,1.4303247928619385,0.1466093361377716
45,hand,0,0,0.40124189853668213,0.844795823097229,3.218275645977542e-09
45,hand,1,0,0.41780927777290344,0.8547425270080566,-0.004877960309386253
45,hand,2,0,0.42570170760154724,0.8791550397872925,-0.0061898184940218925
45,hand,3,0,0.4294589161872864,0.9036319851875305,-0.006296033505350351
45,hand,4,0,0.43462514877319336,0.9219670295715332,-0.005706484895199537
45,hand,5,0,0.4149750769138336,0.9034063816070557,-0.00479109538719058
45,hand,6,0,0.42175620794296265,0.9345713257789612,-0.005796126555651426
45,hand,7,0,0.4267237186431885,0.9487602710723877,-0.0062203300185501575
45,hand,8,0,0.43119195103645325,0.9592294692993164,-0.0061674294993281364
45,hand,9,0,0.4063146114349365,0.9064443707466125,-0.0024686388205736876
45,hand,10,0,0.41423356533050537,0.9369092583656311,-0.0030044112354516983
45,hand,11,0,0.4218135178089142,0.9483067989349365,-0.0028153290040791035
45,hand,12,0,0.42768511176109314,0.9540638327598572,-0.002472916152328253
45,hand,13,0,0.40072503685951233,0.9053071141242981,-0.0003762890992220491
45,hand,14,0,0.407682865858078,0.932966947555542,-0.0010377215221524239
45,hand,15,0,0.4147859811782837,0.9427453279495239,-0.000662997190374881
45,hand,16,0,0.42037081718444824,0.9467881321907043,-2.3078326194081455e-05
45,hand,17,0,0.3976679742336273,0.9030412435531616,0.0013577364152297378
45,hand,18,0,0.40169835090637207,0.9261082410812378,0.0011129513150081038
45,hand,19,0,0.407591849565506,0.935564398765564,0.0017522632842883468
45,hand,20,0,0.41276678442955017,0.9395248889923096,0.002664558356627822
45,pose,0,-1,0.4630664587020874,0.21151216328144073,-0.38211601972579956
45,pose,1,-1,0.4706118702888489,0.18500801920890808,-0.362900048494339
45,pose,2,-1,0.47682124376296997,0.18488004803657532,-0.363018661737442
45,pose,3,-1,0.4833680987358093,0.18427549302577972,-0.3630189001560211
45,pose,4,-1,0.4532901346683502,0.18665653467178345,-0.35913461446762085
45,pose,5,-1,0.4481341540813446,0.18821017444133759,-0.35909906029701233
45,pose,6,-1,0.44458866119384766,0.18933500349521637,-0.35921886563301086
45,pose,7,-1,0.4935418367385864,0.1943858414888382,-0.21922889351844788
45,pose,8,-1,0.44190722703933716,0.20233575999736786,-0.19503627717494965
45,pose,9,-1,0.4767035245895386,0.2416106015443802,-0.32739967107772827
45,pose,10,-1,0.4543493688106537,0.2441057562828064,-0.3195157051086426
45,pose,11,-1,0.5558230876922607,0.34687408804893494,-0.12383878231048584
45,pose,12,-1,0.4026268422603607,0.3929325342178345,-0.10989927500486374
45,pose,13,-1,0.5912498831748962,0.545036792755127,-0.16682066023349762
45,pose,14,-1,0.3985382318496704,0.6281768679618835,-0.06689618527889252
45,pose,15,-1,0.5653148889541626,0.6340781450271606,-0.4770119786262512
45,pose,16,-1,0.4047461748123169,0.8253847360610962,-0.2352309376001358
45,pose,17,-1,0.5623988509178162,0.692070484161377,-0.5598155856132507
45,pose,18,-1,0.40426215529441833,0.890419602394104,-0.29043906927108765
45,pose,19,-1,0.5459852814674377,0.6807911396026611,-0.5954444408416748
45,pose,20,-1,0.4171859323978424,0.8907155394554138,-0.33737999200820923
45,pose,21,-1,0.5427808165550232,0.6644511818885803,-0.497244656085968
45,pose,22,-1,0.42051923274993896,0.8665826916694641,-0.2565535604953766
45,pose,23,-1,0.5366359353065491,0.7762773633003235,0.004709422588348389
45,pose,24,-1,0.44941622018814087,0.7904981374740601,-0.0038454753812402487
45,pose,25,-1,0.5281813144683838,1.02376127243042,-0.011672209948301315
45,pose,26,-1,0.458767294883728,1.0723168849945068,0.044984448701143265
45,pose,27,-1,0.5516557693481445,1.3300139904022217,0.3170463740825653
45,pose,28,-1,0.46882301568984985,1.32948637008667,0.3107452392578125
45,pose,29,-1,0.5544884204864502,1.3663978576660156,0.3428463637828827
45,pose,30,-1,0.4674307107925415,1.3640532493591309,0.3317321836948395
45,pose,31,-1,0.5441263318061829,1.4143377542495728,0.18032102286815643
45,pose,32,-1,0.4886053204536438,1.421000361442566,0.1492583155632019
46,face,0,-1,0.5020426511764526,0.781058132648468,-0.024693742394447327
46,face,1,-1,0.48816317319869995,0.7478775382041931,-0.044270772486925125
46,face,2,-1,0.4888383746147156,0.7592380046844482,-0.024930112063884735
46,face,3,-1,0.4772646427154541,0.7066737413406372,-0.03143204376101494
46,face,4,-1,0.487335205078125,0.7352356910705566,-0.04651147872209549
46,face,5,-1,0.48609358072280884,0.7182772159576416,-0.04260651767253876
46,face,6,-1,0.48283809423446655,0.6755266189575195,-0.018660221248865128
46,face,7,-1,0.4321157932281494,0.6743991374969482,0.01503552682697773
46,face,8,-1,0.4803782105445862,0.6419801712036133,-0.01075237151235342
46,face,9,-1,0.4791640341281891,0.6245669722557068,-0.011000129394233227
46,face,10,-1,0.4755677282810211,0.5648159384727478,0.0029809309635311365
46,face,11,-1,0.5022808909416199,0.7849616408348083,-0.023458808660507202
46,face,12,-1,0.5017719268798828,0.7889625430107117,-0.021028365939855576
46,face,13,-1,0.5010493397712708,0.7920296788215637,-0.017249086871743202
46,face,14,-1,0.5003634095191956,0.7952290773391724,-0.017606819048523903
46,face,15,-1,0.5015342235565186,0.799848198890686,-0.01893305964767933
46,face,16,-1,0.5022389888763428,0.8055669665336609,-0.0216083861887455
46,face,17,-1,0.5023861527442932,0.8114073276519775,-0.021837465465068817
46,face,18,-1,0.4940159320831299,0.8362566232681274,-0.01674816943705082
46,face,19,-1,0.4886285662651062,0.7545445561408997,-0.04039418324828148
46,face,20,-1,0.47900334000587463,0.7553099989891052,-0.029274648055434227
46,face,21,-1,0.39537161588668823,0.6347404718399048,0.05710563063621521
46,face,22,-1,0.45101937651634216,0.6786941289901733,0.006045612506568432
46,face,23,-1,0.4450046718120575,0.6811032891273499,0.006754547823220491
46,face,24,-1,0.43830975890159607,0.6830681562423706,0.009034739807248116
46,face,25,-1,0.42794474959373474,0.6803219318389893,0.01591808721423149
46,face,26,-1,0.4558129906654358,0.6752161383628845,0.0069643245078623295
46,face,27,-1,0.43982383608818054,0.6501122713088989,0.004638612736016512
46,face,28,-1,0.44674891233444214,0.6494420766830444,0.004739460069686174
46,face,29,-1,0.4329512417316437,0.6538057327270508,0.007059115916490555
46,face,30,-1,0.4282767176628113,0.6597053408622742,0.010201822966337204
46,face,31,-1,0.42114776372909546,0.6904920339584351,0.019602634012699127
46,face,32,-1,0.46157994866371155,0.8597526550292969,-0.0043504205532372
46,face,33,-1,0.4286358654499054,0.6734049320220947,0.01771218329668045
46,face,34,-1,0.3939552307128906,0.6898742914199829,0.05514360964298248
46,face,35,-1,0.4101386070251465,0.685122013092041,0.02807963639497757
46,face,36,-1,0.4415770471096039,0.7397399544715881,-0.004592933226376772
46,face,37,-1,0.48798230290412903,0.7828453779220581,-0.02335365116596222
46,face,38,-1,0.48922163248062134,0.7923259139060974,-0.019307192414999008
46,face,39,-1,0.4727763533592224,0.7910789847373962,-0.017931800335645676
46,face,40,-1,0.46201908588409424,0.7984175682067871,-0.01100246049463749
46,face,41,-1,0.47683143615722656,0.7968751192092896,-0.015286168083548546
46,face,42,-1,0.4665994644165039,0.8013129830360413,-0.009152195416390896
46,face,43,-1,0.44938015937805176,0.8182657361030579,0.0005597389535978436
46,face,44,-1,0.48055726289749146,0.7490593791007996,-0.04345247894525528
46,face,45,-1,0.4782566726207733,0.7372052669525146,-0.045377541333436966
46,face,46,-1,0.4157746434211731,0.6520541906356812,0.012942842207849026
46,face,47,-1,0.4577691853046417,0.7056054472923279,-0.0045175678096711636
46,face,48,-1,0.4565075635910034,0.7467400431632996,-0.02274933271110058
46,face,49,-1,0.45533156394958496,0.7396284341812134,-0.019976405426859856
46,face,50,-1,0.417782187461853,0.7405588626861572,0.00681309076026082
46,face,51,-1,0.4776785671710968,0.7210816144943237,-0.03991125524044037
46,face,52,-1,0.43456947803497314,0.6333383917808533,-0.0003226229746360332
46,face,53,-1,0.42391884326934814,0.6406232714653015,0.005905936937779188
46,face,54,-1,0.4001682996749878,0.613173246383667,0.0428202785551548
46,face,55,-1,0.4649881422519684,0.6372699737548828,-0.007927305065095425
46,face,56,-1,0.45275405049324036,0.6523334383964539,0.006884651258587837
46,face,57,-1,0.4415649473667145,0.807246744632721,0.003688044613227248
46,face,58,-1,0.40753892064094543,0.8041164875030518,0.06929660588502884
46,face,59,-1,0.4638611674308777,0.7526723146438599,-0.02033361978828907
46,face,60,-1,0.47173231840133667,0.7558577060699463,-0.021799059584736824
46,face,61,-1,0.44866830110549927,0.8103348016738892,0.0029308139346539974
46,face,62,-1,0.4518076777458191,0.8092107772827148,0.0005947935278527439
46,face,63,-1,0.41820579767227173,0.6341506838798523,0.010275080800056458
46,face,64,-1,0.45624232292175293,0.7514128684997559,-0.018624255433678627
46,face,65,-1,0.4480765461921692,0.6311661601066589,-0.0051967971958220005
46,face,66,-1,0.446022629737854,0.6217328310012817,-0.006269464734941721
46,face,67,-1,0.42803049087524414,0.5806482434272766,0.013410373590886593
46,face,68,-1,0.4045277237892151,0.6255427002906799,0.023640712723135948
46,face,69,-1,0.43312135338783264,0.6034366488456726,0.0024206461384892464
46,face,70,-1,0.40905314683914185,0.6484768390655518,0.020097188651561737
46,face,71,-1,0.3989405930042267,0.6433776617050171,0.03690757229924202
46,face,72,-1,0.48862114548683167,0.7879925966262817,-0.022097453474998474
46,face,73,-1,0.47496160864830017,0.7942050099372864,-0.016834773123264313
46,face,74,-1,0.46432924270629883,0.799984872341156,-0.010671909898519516
46,face,75,-1,0.46592971682548523,0.7546451687812805,-0.018860826268792152
46,face,76,-1,0.4503110349178314,0.809825599193573,0.0016794705297797918
46,face,77,-1,0.4564303457736969,0.8098568916320801,-0.0040931361727416515
46,face,78,-1,0.45324137806892395,0.8086125254631042,0.0002462009433656931
46,face,79,-1,0.46933361887931824,0.7497002482414246,-0.03123595379292965
46,face,80,-1,0.4682827293872833,0.8021378517150879,-0.007901201024651527
46,face,81,-1,0.4781065285205841,0.7985050678253174,-0.012125879526138306
46,face,82,-1,0.4894815683364868,0.7950774431228638,-0.015690114349126816
46,face,83,-1,0.4810292720794678,0.8375561833381653,-0.015513661317527294
46,face,84,-1,0.48792532086372375,0.8142810463905334,-0.020368095487356186
46,face,85,-1,0.4883047640323639,0.8083285093307495,-0.02011098712682724
46,face,86,-1,0.48843398690223694,0.8024893999099731,-0.017254848033189774
46,face,87,-1,0.4884004294872284,0.7980086803436279,-0.015931319445371628
46,face,88,-1,0.46724244952201843,0.8036065101623535,-0.008091631345450878
46,face,89,-1,0.46600279211997986,0.8061865568161011,-0.00957617536187172
46,face,90,-1,0.4640564024448395,0.8096320033073425,-0.011103091761469841
46,face,91,-1,0.46220582723617554,0.8133132457733154,-0.009847472421824932
46,face,92,-1,0.44961100816726685,0.7844042778015137,-0.008595190942287445
46,face,93,-1,0.397002249956131,0.7414535284042358,0.0843963772058487
46,face,94,-1,0.48878681659698486,0.757116436958313,-0.030002392828464508
46,face,95,-1,0.4601547420024872,0.8060369491577148,-0.0032633249647915363
46,face,96,-1,0.4587041735649109,0.8077471256256104,-0.004174839239567518
46,face,97,-1,0.4754543602466583,0.7603788375854492,-0.022700516507029533
46,face,98,-1,0.4595613479614258,0.7580344676971436,-0.013583994470536709
46,face,99,-1,0.47363710403442383,0.7582268118858337,-0.022397847846150398
46,face,100,-1,0.4494000971317291,0.7134676575660706,-0.0018416772363707423
46,face,101,-1,0.43637803196907043,0.7235476970672607,0.00047791795805096626
46,face,102,-1,0.4541533589363098,0.7447529435157776,-0.015668418258428574
46,face,103,-1,0.41004279255867004,0.5948953032493591,0.02730143815279007
46,face,104,-1,0.41520920395851135,0.611991822719574,0.01241296250373125
46,face,105,-1,0.4306739568710327,0.6247496008872986,0.001827839994803071
46,face,106,-1,0.4576472043991089,0.8264576196670532,-0.005063118413090706
46,face,107,-1,0.46207645535469055,0.6219537854194641,-0.01010498683899641
46,face,108,-1,0.4534541368484497,0.5988850593566895,-0.003428750205785036
46,face,109,-1,0.4493444561958313,0.571467399597168,0.005175846628844738
46,face,110,-1,0.4321231245994568,0.6828639507293701,0.012556036002933979
46,face,111,-1,0.41279420256614685,0.7012881636619568,0.02388937585055828
46,face,112,-1,0.45875677466392517,0.671571671962738,0.008199704810976982
46,face,113,-1,0.4195154309272766,0.6675135493278503,0.01686253771185875
46,face,114,-1,0.46350815892219543,0.697306215763092,-0.007337264250963926
46,face,115,-1,0.46254125237464905,0.7427557110786438,-0.03072798252105713
46,face,116,-1,0.39903169870376587,0.7136719822883606,0.03221982717514038
46,face,117,-1,0.42058390378952026,0.7078132629394531,0.016206981614232063
46,face,118,-1,0.43148982524871826,0.7097232937812805,0.008443641476333141
46,face,119,-1,0.44494250416755676,0.7044059634208679,0.004550626967102289
46,face,120,-1,0.4539085626602173,0.6970517635345459,0.002759601455181837
46,face,121,-1,0.46039021015167236,0.6899849772453308,0.0006518984446302056
46,face,122,-1,0.4744587242603302,0.6800222396850586,-0.015331688337028027
46,face,123,-1,0.40033456683158875,0.7387920022010803,0.029001804068684578
46,face,124,-1,0.4120740592479706,0.6678849458694458,0.020729849115014076
46,face,125,-1,0.48388564586639404,0.7549827694892883,-0.039841413497924805
46,face,126,-1,0.4581875205039978,0.7184361815452576,-0.008738027885556221
46,face,127,-1,0.39372706413269043,0.6858064532279968,0.08221070468425751
46,face,128,-1,0.46540284156799316,0.6824872493743896,-0.00024378395755775273
46,face,129,-1,0.4534294605255127,0.7446362972259521,-0.007540964987128973
46,face,130,-1,0.4246200919151306,0.6744388341903687,0.019089875742793083
46,face,131,-1,0.46130886673927307,0.733930766582489,-0.02729354426264763
46,face,132,-1,0.40067291259765625,0.7720954418182373,0.07892822474241257
46,face,133,-1,0.457774817943573,0.6677954196929932,0.010665335692465305
46,face,134,-1,0.4693962335586548,0.7263942360877991,-0.0351310670375824
46,face,135,-1,0.42351022362709045,0.8351663947105408,0.027781767770648003
46,face,136,-1,0.42651182413101196,0.8490030765533447,0.03894931823015213
46,face,137,-1,0.395047128200531,0.7425653338432312,0.05671745538711548
46,face,138,-1,0.41268616914749146,0.8190099000930786,0.03818490356206894
46,face,139,-1,0.3965071141719818,0.664690375328064,0.04838446527719498
46,face,140,-1,0.46066203713417053,0.8736821413040161,-0.00048464632709510624
46,face,141,-1,0.484801709651947,0.7573155164718628,-0.029397396370768547
46,face,142,-1,0.45095115900039673,0.7282720804214478,-0.005993480794131756
46,face,143,-1,0.40136557817459106,0.6894802451133728,0.03602045401930809
46,face,144,-1,0.43966636061668396,0.6740916967391968,0.010156504809856415
46,face,145,-1,0.44518741965293884,0.6731992363929749,0.008113276213407516
46,face,146,-1,0.4541359543800354,0.8120027184486389,-0.0027050138451159
46,face,147,-1,0.4024107754230499,0.7637342214584351,0.030598949640989304
46,face,148,-1,0.4782845079898834,0.8894702792167664,-0.002797818975523114
46,face,149,-1,0.45119887590408325,0.8751813173294067,0.01587657257914543
46,face,150,-1,0.4397881031036377,0.8646410703659058,0.026347171515226364
46,face,151,-1,0.4772130846977234,0.5944331884384155,-0.005524565000087023
46,face,152,-1,0.49691247940063477,0.8885574340820312,-0.0059108007699251175
46,face,153,-1,0.44977226853370667,0.6717120409011841,0.007667893543839455
46,face,154,-1,0.4538845419883728,0.6697386503219604,0.008763409219682217
46,face,155,-1,0.4565419554710388,0.6685470938682556,0.010482871904969215
46,face,156,-1,0.4041163921356201,0.6672991514205933,0.028978487476706505
46,face,157,-1,0.45251139998435974,0.662883460521698,0.008116801269352436
46,face,158,-1,0.44741344451904297,0.6622335314750671,0.006888400297611952
46,face,159,-1,0.44230037927627563,0.6634050011634827,0.0073671950958669186
46,face,160,-1,0.4368167221546173,0.6661710143089294,0.009201514534652233
46,face,161,-1,0.43304264545440674,0.6692541837692261,0.011692275293171406
46,face,162,-1,0.39345189929008484,0.6575319170951843,0.07162424176931381
46,face,163,-1,0.4355502128601074,0.6744398474693298,0.01272952277213335
46,face,164,-1,0.48969101905822754,0.7670111656188965,-0.023457041010260582
46,face,165,-1,0.4574105441570282,0.7761388421058655,-0.014131736010313034
46,face,166,-1,0.4640030264854431,0.7511709332466125,-0.023030979558825493
46,face,167,-1,0.4757040739059448,0.769818902015686,-0.022391492500901222
46,face,168,-1,0.4816422462463379,0.6592952013015747,-0.011770142242312431
46,face,169,-1,0.4359162449836731,0.8503284454345703,0.01906847208738327
46,face,170,-1,0.4474888741970062,0.8622934818267822,0.009687702171504498
46,face,171,-1,0.4769309461116791,0.8803863525390625,-0.009388529695570469
46,face,172,-1,0.41637206077575684,0.830218493938446,0.05446913093328476
46,face,173,-1,0.4560297727584839,0.665726900100708,0.009668460115790367
46,face,174,-1,0.469677597284317,0.7012859582901001,-0.01886330358684063
46,face,175,-1,0.4962127208709717,0.8795509338378906,-0.011934752576053143
46,face,176,-1,0.46355685591697693,0.884174108505249,0.004964309278875589
46,face,177,-1,0.39818552136421204,0.7700787782669067,0.05425240844488144
46,face,178,-1,0.47699281573295593,0.8008192181587219,-0.012338105589151382
46,face,179,-1,0.47607988119125366,0.8045290112495422,-0.013773363083600998
46,face,180,-1,0.47494733333587646,0.8093467950820923,-0.01576543040573597
46,face,181,-1,0.47407498955726624,0.8145801424980164,-0.015344556421041489
46,face,182,-1,0.4679049253463745,0.8337051272392273,-0.011024403385818005
46,face,183,-1,0.45844030380249023,0.8055195808410645,-0.0038696457631886005
46,face,184,-1,0.45592519640922546,0.8053817749023438,-0.00369199994020164
46,face,185,-1,0.45362037420272827,0.8048542737960815,-0.0036558976862579584
46,face,186,-1,0.4440506398677826,0.7948194146156311,-0.0019096351461485028
46,face,187,-1,0.41253793239593506,0.7689192295074463,0.014416953548789024
46,face,188,-1,0.4691041111946106,0.6879663467407227,-0.010703880339860916
46,face,189,-1,0.4632714092731476,0.6578169465065002,0.004919900093227625
46,face,190,-1,0.4584991931915283,0.6601559519767761,0.008412755094468594
46,face,191,-1,0.4607990086078644,0.8053891062736511,-0.0032036276534199715
46,face,192,-1,0.4137340486049652,0.8001608848571777,0.024817444384098053
46,face,193,-1,0.4706321060657501,0.6568072438240051,-0.00595563929527998
46,face,194,-1,0.4643673598766327,0.8460874557495117,-0.007554031442850828
46,face,195,-1,0.48496630787849426,0.7035698890686035,-0.034296341240406036
46,face,196,-1,0.47580012679100037,0.6939609050750732,-0.024104565382003784
46,face,197,-1,0.48393285274505615,0.6900327801704407,-0.026110585778951645
46,face,198,-1,0.4637998342514038,0.7217125296592712,-0.019548123702406883
46,face,199,-1,0.49542567133903503,0.8657797574996948,-0.015768565237522125
46,face,200,-1,0.4945932924747467,0.8498563170433044,-0.015884611755609512
46,face,201,-1,0.4792458415031433,0.8513360023498535,-0.013596922159194946
46,face,202,-1,0.44256308674812317,0.8244935870170593,0.004909694194793701
46,face,203,-1,0.44730034470558167,0.7554864883422852,-0.005801462568342686
46,face,204,-1,0.45252224802970886,0.8369268178939819,-0.0011108944891020656
46,face,205,-1,0.4292925000190735,0.7564396262168884,-0.0015120417810976505
46,face,206,-1,0.44093841314315796,0.7693151235580444,-0.004104009363800287
46,face,207,-1,0.42351409792900085,0.7776675820350647,0.005014913622289896
46,face,208,-1,0.4774506688117981,0.8668248057365417,-0.012902484275400639
46,face,209,-1,0.45816850662231445,0.7285730242729187,-0.013971694745123386
46,face,210,-1,0.43691399693489075,0.835686981678009,0.011394058354198933
46,face,211,-1,0.4488317370414734,0.8486676812171936,0.004422768950462341
46,face,212,-1,0.4342641234397888,0.8094830513000488,0.007004740182310343
46,face,213,-1,0.4057275652885437,0.7853644490242004,0.032352130860090256
46,face,214,-1,0.4243186414241791,0.813302755355835,0.014299498870968819
46,face,215,-1,0.4035230278968811,0.7958501577377319,0.04965836927294731
46,face,216,-1,0.43562477827072144,0.7860056161880493,0.00033610002719797194
46,face,217,-1,0.4640352725982666,0.7098597288131714,-0.013383007608354092
46,face,218,-1,0.4662609398365021,0.7480762600898743,-0.03267955034971237
46,face,219,-1,0.4598144590854645,0.7506182789802551,-0.024044053629040718
46,face,220,-1,0.47008654475212097,0.7398051619529724,-0.038477107882499695
46,face,221,-1,0.4580455422401428,0.6476279497146606,0.0030880661215633154
46,face,222,-1,0.4474974572658539,0.6427034139633179,0.0019156490452587605
46,face,223,-1,0.43823280930519104,0.6434626579284668,0.0026397700421512127
46,face,224,-1,0.4297764301300049,0.6482239365577698,0.005879359319806099
46,face,225,-1,0.42341622710227966,0.656123161315918,0.010654962621629238
46,face,226,-1,0.4182419776916504,0.6795444488525391,0.02218986488878727
46,face,227,-1,0.39363396167755127,0.7163184285163879,0.05636673793196678
46,face,228,-1,0.4266310930252075,0.6939440965652466,0.015278877690434456
46,face,229,-1,0.4347202181816101,0.6954225301742554,0.010089568793773651
46,face,230,-1,0.4442235231399536,0.6924248337745667,0.006611181423068047
46,face,231,-1,0.45230233669281006,0.6874500513076782,0.005099147092550993
46,face,232,-1,0.4581683576107025,0.6823272705078125,0.004917778540402651
46,face,233,-1,0.46226510405540466,0.6777129769325256,0.0045820376835763454
46,face,234,-1,0.39540114998817444,0.7129088044166565,0.08607468754053116
46,face,235,-1,0.4599514305591583,0.7532065510749817,-0.02019955962896347
46,face,236,-1,0.47035595774650574,0.7132953405380249,-0.025833159685134888
46,face,237,-1,0.4735751450061798,0.7485311031341553,-0.03929735720157623
46,face,238,-1,0.4788001477718353,0.7537800073623657,-0.036455266177654266
46,face,239,-1,0.4736243784427643,0.7503178715705872,-0.03543165326118469
46,face,240,-1,0.4623844027519226,0.7564194798469543,-0.017874890938401222
46,face,241,-1,0.48086896538734436,0.7547315955162048,-0.038679130375385284
46,face,242,-1,0.4815092980861664,0.7569466829299927,-0.029306480661034584
46,face,243,-1,0.4604586362838745,0.6675073504447937,0.00925609190016985
46,face,244,-1,0.46512100100517273,0.6702494025230408,0.003991967067122459
46,face,245,-1,0.46865084767341614,0.6722419857978821,-0.002210453152656555
46,face,246,-1,0.4306280016899109,0.6716086864471436,0.014246365986764431
46,face,247,-1,0.4247356653213501,0.6667113304138184,0.014638405293226242
46,face,248,-1,0.4926212430000305,0.7034248113632202,-0.03179492428898811
46,face,249,-1,0.5377413630485535,0.6558709740638733,0.012821633368730545
46,face,250,-1,0.4981926679611206,0.7519633173942566,-0.029560087248682976
46,face,251,-1,0.56293123960495,0.5974167585372925,0.0538020096719265
46,face,252,-1,0.5165348052978516,0.6688370108604431,0.004554282408207655
46,face,253,-1,0.523486316204071,0.6686160564422607,0.004946817643940449
46,face,254,-1,0.5306848287582397,0.6673601269721985,0.0070196958258748055
46,face,255,-1,0.5414587259292603,0.6587956547737122,0.013593935407698154
46,face,256,-1,0.5107753276824951,0.6674917340278625,0.005693483166396618
46,face,257,-1,0.5255727171897888,0.6390157341957092,0.0028807742055505514
46,face,258,-1,0.5179798007011414,0.6417187452316284,0.00329620111733675
46,face,259,-1,0.5333288908004761,0.6385166645050049,0.005135613493621349
46,face,260,-1,0.5388274192810059,0.6410397291183472,0.008086959831416607
46,face,261,-1,0.5480747222900391,0.6647675633430481,0.016985489055514336
46,face,262,-1,0.5277093648910522,0.8456841707229614,-0.005891015287488699
46,face,263,-1,0.5411683320999146,0.6522881388664246,0.01536522340029478
46,face,264,-1,0.5694234371185303,0.6515119075775146,0.051856961101293564
46,face,265,-1,0.5567567944526672,0.6541054248809814,0.025226693600416183
46,face,266,-1,0.5313668251037598,0.7206444144248962,-0.006730895955115557
46,face,267,-1,0.5136438608169556,0.7754784226417542,-0.024032630026340485
46,face,268,-1,0.5114030838012695,0.7857556343078613,-0.02006508596241474
46,face,269,-1,0.5236766934394836,0.7756735682487488,-0.019335657358169556
46,face,270,-1,0.5294588804244995,0.7778908610343933,-0.012868472374975681
46,face,271,-1,0.5190129280090332,0.7838905453681946,-0.016678540036082268
46,face,272,-1,0.5246380567550659,0.7835195660591125,-0.010920151136815548
46,face,273,-1,0.536779522895813,0.799591064453125,-0.0017610968789085746
46,face,274,-1,0.4957074224948883,0.746084451675415,-0.04363075643777847
46,face,275,-1,0.4960379898548126,0.7335717678070068,-0.04567243903875351
46,face,276,-1,0.5495049357414246,0.6277939677238464,0.010350116528570652
46,face,277,-1,0.5112117528915405,0.694500744342804,-0.005646813195198774
46,face,278,-1,0.5183786153793335,0.7340172529220581,-0.023813271895051003
46,face,279,-1,0.5182927250862122,0.7266513705253601,-0.021095765754580498
46,face,280,-1,0.5540052056312561,0.7108933329582214,0.003676444059237838
46,face,281,-1,0.49447718262672424,0.7175005674362183,-0.04029346629977226
46,face,282,-1,0.5296253561973572,0.62250816822052,-0.0022676659282296896
46,face,283,-1,0.5407654047012329,0.6227217316627502,0.0036082237493246794
46,face,284,-1,0.5554223656654358,0.5787401795387268,0.04004170373082161
46,face,285,-1,0.4976290166378021,0.6394435167312622,-0.008606497198343277
46,face,286,-1,0.5116429328918457,0.6469061970710754,0.005708067677915096
46,face,287,-1,0.5430493354797363,0.7852335572242737,0.0008964959415607154
46,face,288,-1,0.573429524898529,0.7665108442306519,0.06580470502376556
46,face,289,-1,0.5126579403877258,0.7428802847862244,-0.020921630784869194
46,face,290,-1,0.5054118037223816,0.7494534254074097,-0.022116634994745255
46,face,291,-1,0.5355606079101562,0.783835232257843,0.0005664142081514001
46,face,292,-1,0.5328036546707153,0.7842621803283691,-0.0015797036467120051
46,face,293,-1,0.5451387763023376,0.6136525869369507,0.007986853830516338
46,face,294,-1,0.5195507407188416,0.7384867668151855,-0.019704105332493782
46,face,295,-1,0.5156100392341614,0.6269555687904358,-0.006445617415010929
46,face,296,-1,0.5164071321487427,0.6173731088638306,-0.007477923762053251
46,face,297,-1,0.5235360264778137,0.5600398182868958,0.012046508491039276
46,face,298,-1,0.5517582893371582,0.5930038690567017,0.021267011761665344
46,face,299,-1,0.5204199552536011,0.584725022315979,0.0010707320179790258
46,face,300,-1,0.5546725392341614,0.6207910776138306,0.017458245158195496
46,face,301,-1,0.5596399307250977,0.6077561378479004,0.03395836800336838
46,face,302,-1,0.5129267573356628,0.7808752059936523,-0.02284538745880127
46,face,303,-1,0.5214622616767883,0.7800176739692688,-0.01823917031288147
46,face,304,-1,0.5272272229194641,0.7806957960128784,-0.012515777722001076
46,face,305,-1,0.5108269453048706,0.7457243800163269,-0.019465934485197067
46,face,306,-1,0.534195065498352,0.7841014862060547,-0.0005600411095656455
46,face,307,-1,0.530941367149353,0.7874998450279236,-0.005971791222691536
46,face,308,-1,0.5312385559082031,0.7844407558441162,-0.0018616927554830909
46,face,309,-1,0.5067031979560852,0.74228835105896,-0.03192595764994621
46,face,310,-1,0.5219634771347046,0.7856980562210083,-0.009524820372462273
46,face,311,-1,0.5165855288505554,0.7868901491165161,-0.013380198739469051
46,face,312,-1,0.5095505118370056,0.7892687320709229,-0.016462378203868866
46,face,313,-1,0.5068643689155579,0.8322485685348511,-0.01630229502916336
46,face,314,-1,0.5134484171867371,0.8074709177017212,-0.021221240982413292
46,face,315,-1,0.5127791166305542,0.8016759753227234,-0.02096216380596161
46,face,316,-1,0.511225700378418,0.7960779070854187,-0.018070831894874573
46,face,317,-1,0.5093135237693787,0.7920428514480591,-0.016780534759163857
46,face,318,-1,0.5219845771789551,0.7869164943695068,-0.009696613997220993
46,face,319,-1,0.5244579911231995,0.7889026403427124,-0.011134385131299496
46,face,320,-1,0.5271491408348083,0.791534960269928,-0.012821036390960217
46,face,321,-1,0.5294014811515808,0.7946189045906067,-0.011642060242593288
46,face,322,-1,0.5314031839370728,0.7669062614440918,-0.010597947053611279
46,face,323,-1,0.5742803812026978,0.7026596069335938,0.08095601201057434
46,face,324,-1,0.5261082649230957,0.7856446504592896,-0.005148892290890217
46,face,325,-1,0.5283799171447754,0.7865179777145386,-0.00604589469730854
46,face,326,-1,0.5025252103805542,0.7553576827049255,-0.023121986538171768
46,face,327,-1,0.5174813270568848,0.7463398575782776,-0.014555227942764759
46,face,328,-1,0.5039535164833069,0.7525994181632996,-0.02271999977529049
46,face,329,-1,0.5202206969261169,0.6985394358634949,-0.0034582961816340685
46,face,330,-1,0.5339733958244324,0.7026224732398987,-0.001808328670449555
46,face,331,-1,0.520302414894104,0.7312695980072021,-0.016875507310032845
46,face,332,-1,0.5431970357894897,0.5657643675804138,0.025288069620728493
46,face,333,-1,0.5393655896186829,0.5848163962364197,0.010475090704858303
46,face,334,-1,0.5321483016014099,0.6124254465103149,-0.00013938387564849108
46,face,335,-1,0.5292181372642517,0.8112804889678955,-0.00699265394359827
46,face,336,-1,0.49882036447525024,0.6248806715011597,-0.010774057358503342
46,face,337,-1,0.500332772731781,0.588965117931366,-0.004134933929890394
46,face,338,-1,0.5016393065452576,0.5601645708084106,0.0045201750472188
46,face,339,-1,0.5373365879058838,0.6639382243156433,0.010390554554760456
46,face,340,-1,0.5569242835044861,0.6706026792526245,0.02099461294710636
46,face,341,-1,0.5071950554847717,0.6654573082923889,0.007121635135263205
46,face,342,-1,0.5474852919578552,0.6429504752159119,0.01440564263612032
46,face,343,-1,0.5044870972633362,0.6889111995697021,-0.008197859860956669
46,face,344,-1,0.5117007493972778,0.7327715754508972,-0.03152763471007347
46,face,345,-1,0.5676569938659668,0.6770670413970947,0.02898036129772663
46,face,346,-1,0.5515732765197754,0.6801141500473022,0.013384820893406868
46,face,347,-1,0.5414444208145142,0.6872122287750244,0.005860086064785719
46,face,348,-1,0.5264338850975037,0.6885375380516052,0.0024146265350282192
46,face,349,-1,0.5157793164253235,0.6857818365097046,0.001125337672419846
46,face,350,-1,0.5079184770584106,0.6824147701263428,-0.0004875711165368557
46,face,351,-1,0.4914303719997406,0.6765632033348083,-0.015694206580519676
46,face,352,-1,0.5699816942214966,0.7016659379005432,0.025583341717720032
46,face,353,-1,0.5537149906158447,0.6394959092140198,0.01810973696410656
46,face,354,-1,0.4932329058647156,0.7532757520675659,-0.04000479355454445
46,face,355,-1,0.5125426054000854,0.7071504592895508,-0.009905566461384296
46,face,356,-1,0.5699600577354431,0.6468021273612976,0.07868900895118713
46,face,357,-1,0.5018253326416016,0.6780843734741211,-0.001153098070062697
46,face,358,-1,0.5212259292602539,0.7307033538818359,-0.008988133631646633
46,face,359,-1,0.5443201661109924,0.6513874530792236,0.016682453453540802
46,face,360,-1,0.5115914344787598,0.7236068248748779,-0.02815399132668972
46,face,361,-1,0.5752395987510681,0.7333541512489319,0.07555435597896576
46,face,362,-1,0.5077881217002869,0.6613463163375854,0.009631479158997536
46,face,363,-1,0.5028025507926941,0.7195282578468323,-0.03576162829995155
46,face,364,-1,0.5614877939224243,0.8045061230659485,0.024921836331486702
46,face,365,-1,0.5613387823104858,0.8182668685913086,0.03612617775797844
46,face,366,-1,0.5752807855606079,0.7031523585319519,0.053167108446359634
46,face,367,-1,0.5694522261619568,0.7838960886001587,0.034902408719062805
46,face,368,-1,0.5644619464874268,0.6276084184646606,0.045245785266160965
46,face,369,-1,0.5297849774360657,0.8589140176773071,-0.002017510589212179
46,face,370,-1,0.49272263050079346,0.7559451460838318,-0.029495133087038994
46,face,371,-1,0.5208047032356262,0.7135950326919556,-0.007536842487752438
46,face,372,-1,0.5631927251815796,0.6548373103141785,0.032910849899053574
46,face,373,-1,0.5294063687324524,0.6604877710342407,0.008184218779206276
46,face,374,-1,0.523079514503479,0.6619959473609924,0.006347488611936569
46,face,375,-1,0.5331776142120361,0.7886080741882324,-0.004692826885730028
46,face,376,-1,0.5717456936836243,0.726598858833313,0.026974186301231384
46,face,377,-1,0.5152334570884705,0.8815370202064514,-0.003859185380861163
46,face,378,-1,0.5402688980102539,0.8551385402679443,0.013833696022629738
46,face,379,-1,0.550408124923706,0.8395805954933167,0.023970475420355797
46,face,380,-1,0.5175054669380188,0.6622931957244873,0.006198539864271879
46,face,381,-1,0.5124332308769226,0.6617879271507263,0.007499816827476025
46,face,382,-1,0.509282112121582,0.6615955233573914,0.009407305158674717
46,face,383,-1,0.5593169331550598,0.6350439190864563,0.026104267686605453
46,face,384,-1,0.5133646726608276,0.6547636985778809,0.006908044219017029
46,face,385,-1,0.5190077424049377,0.6516308784484863,0.005462123546749353
46,face,386,-1,0.5247485041618347,0.6499669551849365,0.005683360155671835
46,face,387,-1,0.5311558246612549,0.6495731472969055,0.007275409996509552
46,face,388,-1,0.5358100533485413,0.6504444479942322,0.00952718872576952
46,face,389,-1,0.5672705769538879,0.6187964081764221,0.06817253679037094
46,face,390,-1,0.5340821743011475,0.6582968235015869,0.010602112859487534
46,face,391,-1,0.5224123001098633,0.7626595497131348,-0.015577406622469425
46,face,392,-1,0.5122309923171997,0.7414337396621704,-0.023754406720399857
46,face,393,-1,0.5039936900138855,0.7642062902450562,-0.023002857342362404
46,face,394,-1,0.5515104532241821,0.8250522017478943,0.016712035983800888
46,face,395,-1,0.54130619764328,0.841987133026123,0.007789137773215771
46,face,396,-1,0.5148775577545166,0.8723828792572021,-0.01035306230187416
46,face,397,-1,0.568501353263855,0.7952523231506348,0.051188986748456955
46,face,398,-1,0.5096274614334106,0.6587071418762207,0.008580919355154037
46,face,399,-1,0.49891552329063416,0.6951911449432373,-0.019428476691246033
46,face,400,-1,0.5289634466171265,0.8696867823600769,0.0033421216066926718
46,face,401,-1,0.5761786103248596,0.7308481931686401,0.05073178559541702
46,face,402,-1,0.516495406627655,0.7890660762786865,-0.013628478161990643
46,face,403,-1,0.5188926458358765,0.7922425866127014,-0.015029096975922585
46,face,404,-1,0.5211427807807922,0.7965811491012573,-0.017202923074364662
46,face,405,-1,0.5227725505828857,0.8017619848251343,-0.016826625913381577
46,face,406,-1,0.5195574164390564,0.8229321241378784,-0.012548689730465412
46,face,407,-1,0.5288327932357788,0.7837998270988464,-0.005805227439850569
46,face,408,-1,0.5313441157341003,0.7822941541671753,-0.0057660313323140144
46,face,409,-1,0.5334931015968323,0.780609130859375,-0.005762871354818344
46,face,410,-1,0.5387235879898071,0.7743194699287415,-0.004398040007799864
46,face,411,-1,0.5629273653030396,0.7360345125198364,0.01103542372584343
46,face,412,-1,0.4977688789367676,0.6821923851966858,-0.011316213756799698
46,face,413,-1,0.5007946491241455,0.6559215784072876,0.004306458868086338
46,face,414,-1,0.506076455116272,0.6559150218963623,0.007346450351178646
46,face,415,-1,0.5260134339332581,0.7851753830909729,-0.005151708610355854
46,face,416,-1,0.5665591955184937,0.766304612159729,0.021518021821975708
46,face,417,-1,0.49279677867889404,0.6583081483840942,-0.006419492419809103
46,face,418,-1,0.5238035321235657,0.833404004573822,-0.009089147672057152
46,face,419,-1,0.4921188950538635,0.6905650496482849,-0.024418318644165993
46,face,420,-1,0.507552444934845,0.7126699090003967,-0.020375441759824753
46,face,421,-1,0.5096890926361084,0.8448765277862549,-0.014347926713526249
46,face,422,-1,0.5432855486869812,0.8025696277618408,0.0022900481708347797
46,face,423,-1,0.528803288936615,0.738416314125061,-0.007577585056424141
46,face,424,-1,0.5347325205802917,0.8191831111907959,-0.0031688674353063107
46,face,425,-1,0.5455164313316345,0.7314032912254333,-0.004319918341934681
46,face,426,-1,0.5371357202529907,0.748784065246582,-0.006421447265893221
46,face,427,-1,0.5543699860572815,0.7491293549537659,0.0017928980523720384
46,face,428,-1,0.5129176378250122,0.859330415725708,-0.013855207711458206
46,face,429,-1,0.5141297578811646,0.7169573903083801,-0.015042267739772797
46,face,430,-1,0.549451470375061,0.8110472559928894,0.008877498097717762
46,face,431,-1,0.5390363335609436,0.8291394114494324,0.0023849953431636095
46,face,432,-1,0.5495018362998962,0.7843669652938843,0.003980382811278105
46,face,433,-1,0.5719577074050903,0.7485918998718262,0.028846068307757378
46,face,434,-1,0.5586174130439758,0.7838013172149658,0.011288871057331562
46,face,435,-1,0.5747535228729248,0.7575425505638123,0.04608805850148201
46,face,436,-1,0.5451318025588989,0.7622030973434448,-0.002483710879459977
46,face,437,-1,0.5056455135345459,0.7012736201286316,-0.014258074574172497
46,face,438,-1,0.5092786550521851,0.7394067645072937,-0.03339618071913719
46,face,439,-1,0.5159685015678406,0.7391310334205627,-0.024904029443860054
46,face,440,-1,0.5042007565498352,0.7328981757164001,-0.03890351951122284
46,face,441,-1,0.5057680606842041,0.6449651122093201,0.0023112776689231396
46,face,442,-1,0.5166868567466736,0.6359880566596985,0.0007224493310786784
46,face,443,-1,0.5268934369087219,0.6322385668754578,0.0008948176400735974
46,face,444,-1,0.5361454486846924,0.6318607330322266,0.003763299435377121
46,face,445,-1,0.5430471301078796,0.6354638934135437,0.008313948288559914
46,face,446,-1,0.5496314167976379,0.6528227925300598,0.01966431923210621
46,face,447,-1,0.5729691982269287,0.6771915555000305,0.0528646856546402
46,face,448,-1,0.5436466336250305,0.6708222031593323,0.012709183618426323
46,face,449,-1,0.5355846881866455,0.6760826706886292,0.007839455269277096
46,face,450,-1,0.5253440737724304,0.677748441696167,0.004697833210229874
46,face,451,-1,0.5160471200942993,0.6767646074295044,0.003512866096571088
46,face,452,-1,0.5090991854667664,0.6746483445167542,0.003721035784110427
46,face,453,-1,0.5041512250900269,0.6722812652587891,0.003562345402315259
46,face,454,-1,0.5719038844108582,0.6741865873336792,0.0824585109949112
46,face,455,-1,0.5163190960884094,0.7417438626289368,-0.021097328513860703
46,face,456,-1,0.5001031160354614,0.7070358991622925,-0.026441510766744614
46,face,457,-1,0.5023149847984314,0.742874026298523,-0.03974728658795357
46,face,458,-1,0.49807900190353394,0.750357449054718,-0.036700714379549026
46,face,459,-1,0.5027154684066772,0.744807243347168,-0.03588505834341049
46,face,460,-1,0.5144534707069397,0.7459284067153931,-0.018654901534318924
46,face,461,-1,0.49615687131881714,0.7519643306732178,-0.038896236568689346
46,face,462,-1,0.49594029784202576,0.7544059753417969,-0.029507698491215706
46,face,463,-1,0.5048513412475586,0.6626225709915161,0.008364304900169373
46,face,464,-1,0.5001539587974548,0.6672426462173462,0.0031977572944015265
46,face,465,-1,0.4969468414783478,0.6706801056861877,-0.0028482801280915737
46,face,466,-1,0.5388439297676086,0.6514878869056702,0.012048700824379921
46,face,467,-1,0.5431358814239502,0.6449475288391113,0.012347611598670483
46,face,468,-1,0.44491076469421387,0.6685123443603516,0.010531720705330372
46,face,469,-1,0.4519263207912445,0.6668654084205627,0.010531720705330372
46,face,470,-1,0.44434863328933716,0.658964216709137,0.010531720705330372
46,face,471,-1,0.43785229325294495,0.6701119542121887,0.010531720705330372
46,face,472,-1,0.44560492038726807,0.678193986415863,0.010531720705330372
46,face,473,-1,0.5227546095848083,0.6474950909614563,0.008846472948789597
46,face,474,-1,0.5299129486083984,0.6462476849555969,0.008846472948789597
46,face,475,-1,0.5220714211463928,0.6362344026565552,0.008846472948789597
46,face,476,-1,0.5156724452972412,0.6486992835998535,0.008846472948789597
46,face,477,-1,0.5234964489936829,0.658737301826477,0.008846472948789597
46,hand,0,0,0.5588253140449524,0.6937718987464905,7.090883968885464e-08
46,hand,1,0,0.5453543663024902,0.7109629511833191,-0.0019235315266996622
46,hand,2,0,0.5388674139976501,0.7370904088020325,-0.003800411708652973
46,hand,3,0,0.5354116559028625,0.7593318223953247,-0.005495432764291763
46,hand,4,0,0.5343759655952454,0.7754034399986267,-0.00778446439653635
46,hand,5,0,0.5452613830566406,0.757237434387207,-0.008658058010041714
46,hand,6,0,0.5439884662628174,0.7908143997192383,-0.01303834281861782
46,hand,7,0,0.5434237122535706,0.8106482028961182,-0.015490137040615082
46,hand,8,0,0.5430005192756653,0.8255282640457153,-0.017150897532701492
46,hand,9,0,0.5554664731025696,0.7581149339675903,-0.010216038674116135
46,hand,10,0,0.5561373829841614,0.7945724129676819,-0.014540399424731731
46,hand,11,0,0.5564451217651367,0.8184847831726074,-0.017279820516705513
46,hand,12,0,0.5562484860420227,0.8367607593536377,-0.019354427233338356
46,hand,13,0,0.5649182796478271,0.7533726692199707,-0.011596345342695713
46,hand,14,0,0.5659045577049255,0.7872164249420166,-0.01574394851922989
46,hand,15,0,0.5669074654579163,0.8102498650550842,-0.01884058304131031
46,hand,16,0,0.5670462846755981,0.8281064033508301,-0.02112584561109543
46,hand,17,0,0.5729634761810303,0.7447923421859741,-0.012819294817745686
46,hand,18,0,0.5768818855285645,0.7689985632896423,-0.017576634883880615
46,hand,19,0,0.5794153809547424,0.7865858674049377,-0.020218059420585632
46,hand,20,0,0.5811114311218262,0.801691472530365,-0.021822262555360794
46,hand,0,1,0.4006394147872925,0.8444099426269531,3.760508793249073e-09
46,hand,1,1,0.4173114001750946,0.8542523980140686,-0.0053859599865973
46,hand,2,1,0.4253607988357544,0.8791092038154602,-0.006839659530669451
46,hand,3,1,0.42930978536605835,0.9040787220001221,-0.0069427890703082085
46,hand,4,1,0.4345227777957916,0.9224250912666321,-0.006379054859280586
46,hand,5,1,0.41408976912498474,0.9024902582168579,-0.0056271119974553585
46,hand,6,1,0.42115116119384766,0.9340641498565674,-0.006602933164685965
46,hand,7,1,0.4262230098247528,0.9483179450035095,-0.006945232395082712
46,hand,8,1,0.4308910667896271,0.9589298367500305,-0.0068645537830889225
46,hand,9,1,0.40534213185310364,0.9059139490127563,-0.002971887355670333
46,hand,10,1,0.41374078392982483,0.9368075132369995,-0.0035412434954196215
46,hand,11,1,0.421608030796051,0.9482355117797852,-0.0033096333499997854
46,hand,12,1,0.4276091754436493,0.9540196657180786,-0.0029664908070117235
46,hand,13,1,0.39986923336982727,0.9052029848098755,-0.0005226316279731691
46,hand,14,1,0.4072837233543396,0.9334309101104736,-0.0012111966498196125
46,hand,15,1,0.4145832657814026,0.9429053664207458,-0.0007999566732905805
46,hand,16,1,0.4202347993850708,0.9464250206947327,-0.0001408799726050347
46,hand,17,1,0.3971250355243683,0.9032028913497925,0.0015383304562419653
46,hand,18,1,0.40167102217674255,0.9263472557067871,0.0012489940272644162
46,hand,19,1,0.40776121616363525,0.9356154799461365,0.001831078203395009
46,hand,20,1,0.41299182176589966,0.9392525553703308,0.0026841561775654554
46,pose,0,-1,0.4607730209827423,0.21152275800704956,-0.37924033403396606
46,pose,1,-1,0.46900585293769836,0.18514345586299896,-0.3608601987361908
46,pose,2,-1,0.4749755561351776,0.18491403758525848,-0.3609912097454071
46,pose,3,-1,0.48146453499794006,0.18431934714317322,-0.36101144552230835
46,pose,4,-1,0.45192039012908936,0.18714797496795654,-0.3554527163505554
46,pose,5,-1,0.44729840755462646,0.18864652514457703,-0.355431467294693
46,pose,6,-1,0.4439041018486023,0.1896931231021881,-0.3555549681186676
46,pose,7,-1,0.4927862286567688,0.1943875551223755,-0.21735407412052155
46,pose,8,-1,0.4418643116950989,0.2023831009864807,-0.1932460367679596
46,pose,9,-1,0.4754551351070404,0.24144139885902405,-0.326774001121521
46,pose,10,-1,0.45341256260871887,0.24410399794578552,-0.31730547547340393
46,pose,11,-1,0.5558387637138367,0.34758612513542175,-0.1233799159526825
46,pose,12,-1,0.40266284346580505,0.3932660222053528,-0.11183884739875793
46,pose,13,-1,0.5909538865089417,0.5499554872512817,-0.12670615315437317
46,pose,14,-1,0.39854124188423157,0.6277416944503784,-0.07263412326574326
46,pose,15,-1,0.5666366219520569,0.6844711899757385,-0.3779602646827698
46,pose,16,-1,0.4047306180000305,0.8245293498039246,-0.23685601353645325
46,pose,17,-1,0.5638077259063721,0.7548781633377075,-0.4523683786392212
46,pose,18,-1,0.40421661734580994,0.8891084790229797,-0.2922619581222534
46,pose,19,-1,0.5463644862174988,0.7453842163085938,-0.4929121434688568
46,pose,20,-1,0.41714709997177124,0.8890290260314941,-0.3395959734916687
46,pose,21,-1,0.5433453321456909,0.7241982221603394,-0.3990640640258789
46,pose,22,-1,0.42047831416130066,0.864800214767456,-0.2584080398082733
46,pose,23,-1,0.5363368391990662,0.7761080265045166,0.00473921000957489
46,pose,24,-1,0.4494592249393463,0.7905051708221436,-0.0038970920722931623
46,pose,25,-1,0.5275636315345764,1.0261975526809692,-0.0169835165143013
46,pose,26,-1,0.4589986801147461,1.0712074041366577,0.04064876586198807
46,pose,27,-1,0.5510690212249756,1.3297624588012695,0.3178599774837494
46,pose,28,-1,0.4688088297843933,1.3273972272872925,0.3138580322265625
46,pose,29,-1,0.5536958575248718,1.3649086952209473,0.3442566990852356
46,pose,30,-1,0.4674164354801178,1.3618383407592773,0.3360153138637543
46,pose,31,-1,0.543441653251648,1.4142018556594849,0.18167561292648315
46,pose,32,-1,0.4874553978443146,1.4173189401626587,0.15276281535625458
47,face,0,-1,0.5081504583358765,0.7824473977088928,-0.024471115320920944
47,face,1,-1,0.4999835193157196,0.7563576698303223,-0.043105755001306534
47,face,2,-1,0.49946075677871704,0.7680734395980835,-0.024263789877295494
47,face,3,-1,0.48913848400115967,0.7184479236602783,-0.03102208860218525
47,face,4,-1,0.49944359064102173,0.7443352937698364,-0.04526188224554062
47,face,5,-1,0.49809592962265015,0.7286249995231628,-0.04141060262918472
47,face,6,-1,0.49418142437934875,0.6898317933082581,-0.017969045788049698
47,face,7,-1,0.43672263622283936,0.6984736323356628,0.011193173937499523
47,face,8,-1,0.4914666712284088,0.6576787233352661,-0.010289900936186314
47,face,9,-1,0.4904366731643677,0.6410171389579773,-0.010593222454190254
47,face,10,-1,0.4871058166027069,0.5849348902702332,0.0022335131652653217
47,face,11,-1,0.5079684257507324,0.7856131196022034,-0.023339806124567986
47,face,12,-1,0.5071150660514832,0.7893365621566772,-0.020924879238009453
47,face,13,-1,0.506054699420929,0.7923977375030518,-0.017022233456373215
47,face,14,-1,0.5052114725112915,0.8081581592559814,-0.017047537490725517
47,face,15,-1,0.5063822865486145,0.8122832775115967,-0.0180723425000906
47,face,16,-1,0.507340133190155,0.8177157640457153,-0.02054629474878311
47,face,17,-1,0.5076674222946167,0.8233758211135864,-0.02053149975836277
47,face,18,-1,0.5020583868026733,0.8438119888305664,-0.015304305590689182
47,face,19,-1,0.5000330209732056,0.7628191113471985,-0.03932513669133186
47,face,20,-1,0.49047306180000305,0.764333188533783,-0.028899041935801506
47,face,21,-1,0.40502452850341797,0.6534619927406311,0.05055208131670952
47,face,22,-1,0.45731109380722046,0.7020270228385925,0.0034052052069455385
47,face,23,-1,0.449745237827301,0.7052536010742188,0.003695155493915081
47,face,24,-1,0.4423507750034332,0.7074032425880432,0.005620806012302637
47,face,25,-1,0.4334571957588196,0.7047092914581299,0.01194668933749199
47,face,26,-1,0.46419036388397217,0.6979766488075256,0.0048795100301504135
47,face,27,-1,0.4487033188343048,0.6738897562026978,0.0014379519270732999
47,face,28,-1,0.4570937156677246,0.6732290387153625,0.002082067308947444
47,face,29,-1,0.44101354479789734,0.6774554252624512,0.0035308983642607927
47,face,30,-1,0.4356474280357361,0.6830947399139404,0.006427919026464224
47,face,31,-1,0.4263015687465668,0.7153040170669556,0.015366127714514732
47,face,32,-1,0.47004273533821106,0.8654927611351013,-0.005464629270136356
47,face,33,-1,0.4339486360549927,0.6971406936645508,0.013751369901001453
47,face,34,-1,0.4033900201320648,0.706278920173645,0.04886477440595627
47,face,35,-1,0.42041388154029846,0.7098047733306885,0.023297572508454323
47,face,36,-1,0.45252811908721924,0.7525838613510132,-0.006778663955628872
47,face,37,-1,0.4944154620170593,0.7847794890403748,-0.023784611374139786
47,face,38,-1,0.49481669068336487,0.7924771904945374,-0.01991359330713749
47,face,39,-1,0.47933313250541687,0.792439341545105,-0.01935758627951145
47,face,40,-1,0.46893393993377686,0.7994406819343567,-0.013440405018627644
47,face,41,-1,0.4829515516757965,0.7971063256263733,-0.016779093071818352
47,face,42,-1,0.4737488329410553,0.8018810749053955,-0.011494801379740238
47,face,43,-1,0.4596918523311615,0.8278582692146301,-0.0027214481960982084
47,face,44,-1,0.4925982654094696,0.7576836943626404,-0.04262121394276619
47,face,45,-1,0.4905846118927002,0.7464842796325684,-0.044551022350788116
47,face,46,-1,0.42678189277648926,0.6768136620521545,0.00896646548062563
47,face,47,-1,0.46818140149116516,0.7199812531471252,-0.005893549416214228
47,face,48,-1,0.4685590863227844,0.7576599717140198,-0.023646455258131027
47,face,49,-1,0.46724069118499756,0.7512893080711365,-0.020995941013097763
47,face,50,-1,0.4286530613899231,0.7547361850738525,0.003036357229575515
47,face,51,-1,0.48984625935554504,0.7315667271614075,-0.039287373423576355
47,face,52,-1,0.44605734944343567,0.6587842106819153,-0.002914049429818988
47,face,53,-1,0.4348523020744324,0.6656417846679688,0.002664775587618351
47,face,54,-1,0.41018810868263245,0.6324488520622253,0.036998629570007324
47,face,55,-1,0.4770773947238922,0.6606999635696411,-0.008613313548266888
47,face,56,-1,0.4646647274494171,0.6757215857505798,0.0045543210580945015
47,face,57,-1,0.4526190757751465,0.8177894949913025,-0.00014478983939625323
47,face,58,-1,0.4145483374595642,0.8144819736480713,0.0634409636259079
47,face,59,-1,0.4756152629852295,0.7629693150520325,-0.02094440720975399
47,face,60,-1,0.48326748609542847,0.7657428979873657,-0.021712493151426315
47,face,61,-1,0.4571951627731323,0.8125465512275696,-0.0008256330038420856
47,face,62,-1,0.4602845311164856,0.8116195201873779,-0.00294026592746377
47,face,63,-1,0.43196022510528564,0.6596064567565918,0.006739497650414705
47,face,64,-1,0.468159556388855,0.76252281665802,-0.019622553139925003
47,face,65,-1,0.45964887738227844,0.6563980579376221,-0.006936811376363039
47,face,66,-1,0.4592689871788025,0.6465097665786743,-0.00802774541079998
47,face,67,-1,0.43945905566215515,0.6005424857139587,0.009864813648164272
47,face,68,-1,0.4148496389389038,0.6431398391723633,0.019375048577785492
47,face,69,-1,0.4444613456726074,0.6217771172523499,0.00010264559386996552
47,face,70,-1,0.42307132482528687,0.6734681129455566,0.015738150104880333
47,face,71,-1,0.4090067744255066,0.660586953163147,0.03171319514513016
47,face,72,-1,0.4945796728134155,0.7887187600135803,-0.022669527679681778
47,face,73,-1,0.48117056488990784,0.7948092222213745,-0.018346909433603287
47,face,74,-1,0.47136738896369934,0.8006721138954163,-0.013077265582978725
47,face,75,-1,0.4776614010334015,0.7649505734443665,-0.019213028252124786
47,face,76,-1,0.4588392972946167,0.8121426701545715,-0.0019420812604948878
47,face,77,-1,0.4641287326812744,0.8156220316886902,-0.00702497735619545
47,face,78,-1,0.4614201486110687,0.8112813234329224,-0.0031830258667469025
47,face,79,-1,0.4811103940010071,0.7591102123260498,-0.03142498433589935
47,face,80,-1,0.4754234552383423,0.80251544713974,-0.010090054012835026
47,face,81,-1,0.48425281047821045,0.7985785603523254,-0.01350574754178524
47,face,82,-1,0.4948883652687073,0.7950248718261719,-0.01621873304247856
47,face,83,-1,0.4897458255290985,0.8451213836669922,-0.014900991693139076
47,face,84,-1,0.4934808909893036,0.8256994485855103,-0.019985904917120934
47,face,85,-1,0.4937634766101837,0.8201280832290649,-0.01991158351302147
47,face,86,-1,0.49386945366859436,0.8144486546516418,-0.017238551750779152
47,face,87,-1,0.4938550293445587,0.8106080293655396,-0.016174791380763054
47,face,88,-1,0.47441545128822327,0.8129366636276245,-0.010065024718642235
47,face,89,-1,0.473107248544693,0.8150826692581177,-0.011391973122954369
47,face,90,-1,0.4710067808628082,0.8182250261306763,-0.012991807423532009
47,face,91,-1,0.46914613246917725,0.8215767741203308,-0.011946185491979122
47,face,92,-1,0.4612622559070587,0.7947441339492798,-0.011279469355940819
47,face,93,-1,0.4046907424926758,0.75553959608078,0.0777592808008194
47,face,94,-1,0.4998130798339844,0.7654902338981628,-0.02920570969581604
47,face,95,-1,0.4681832492351532,0.8126716613769531,-0.00615957984700799
47,face,96,-1,0.4664600193500519,0.8139147758483887,-0.006999510806053877
47,face,97,-1,0.4866902530193329,0.7698358297348022,-0.022621091455221176
47,face,98,-1,0.4712965488433838,0.7690322995185852,-0.014414415694773197
47,face,99,-1,0.48502227663993835,0.767889142036438,-0.022262802347540855
47,face,100,-1,0.45968833565711975,0.7280287742614746,-0.0037317697424441576
47,face,101,-1,0.44691216945648193,0.7379823923110962,-0.001971406629309058
47,face,102,-1,0.4659222960472107,0.7564743757247925,-0.01686851680278778
47,face,103,-1,0.4207266569137573,0.6146315336227417,0.022498439997434616
47,face,104,-1,0.4258689284324646,0.6298897862434387,0.00901653990149498
47,face,105,-1,0.44451916217803955,0.6499320864677429,-0.001036193105392158
47,face,106,-1,0.4675029218196869,0.8350167274475098,-0.007462984416633844
47,face,107,-1,0.47640812397003174,0.6453655362129211,-0.010823646560311317
47,face,108,-1,0.465064138174057,0.6174637079238892,-0.004576799459755421
47,face,109,-1,0.46111103892326355,0.5914901494979858,0.0029971895273774862
47,face,110,-1,0.4364430010318756,0.7074837684631348,0.008813546039164066
47,face,111,-1,0.4181944727897644,0.7267020344734192,0.019136479124426842
47,face,112,-1,0.4688721299171448,0.6941923499107361,0.0062822760082781315
47,face,113,-1,0.42871832847595215,0.6912540793418884,0.012725172564387321
47,face,114,-1,0.47409048676490784,0.7115854024887085,-0.00829231645911932
47,face,115,-1,0.4746197760105133,0.7530041933059692,-0.031102649867534637
47,face,116,-1,0.4089711606502533,0.7291735410690308,0.02677587792277336
47,face,117,-1,0.4199416935443878,0.7325233817100525,0.011773306876420975
47,face,118,-1,0.4280138313770294,0.7332415580749512,0.0047101834788918495
47,face,119,-1,0.4432384967803955,0.726864755153656,0.0017778284382075071
47,face,120,-1,0.45496872067451477,0.7190617918968201,0.0005838169017806649
47,face,121,-1,0.46375566720962524,0.7114010453224182,-0.0009472410310991108
47,face,122,-1,0.4857098460197449,0.6943782567977905,-0.015285024419426918
47,face,123,-1,0.410610556602478,0.753335177898407,0.023538997396826744
47,face,124,-1,0.4232848882675171,0.6921877861022949,0.01620139367878437
47,face,125,-1,0.4954235851764679,0.763408899307251,-0.039051949977874756
47,face,126,-1,0.4691755771636963,0.7317041158676147,-0.010039071552455425
47,face,127,-1,0.40229085087776184,0.7028124928474426,0.07510000467300415
47,face,128,-1,0.47080546617507935,0.7035565972328186,-0.0014757700264453888
47,face,129,-1,0.4649219214916229,0.756819486618042,-0.009022610262036324
47,face,130,-1,0.4314843416213989,0.6979462504386902,0.015000279061496258
47,face,131,-1,0.4732695519924164,0.7451044321060181,-0.027772435918450356
47,face,132,-1,0.4078986346721649,0.784354031085968,0.07272008061408997
47,face,133,-1,0.4692130386829376,0.6906928420066833,0.00857189018279314
47,face,134,-1,0.48146381974220276,0.7371946573257446,-0.035035837441682816
47,face,135,-1,0.4321250915527344,0.8434944748878479,0.02335762418806553
47,face,136,-1,0.433576375246048,0.8562891483306885,0.034955356270074844
47,face,137,-1,0.4043431878089905,0.7565084099769592,0.05025525018572807
47,face,138,-1,0.42156869173049927,0.8283172845840454,0.032982971519231796
47,face,139,-1,0.40628260374069214,0.6817194223403931,0.042570434510707855
47,face,140,-1,0.4685506522655487,0.878513514995575,-0.001662975875660777
47,face,141,-1,0.49604615569114685,0.7658511400222778,-0.028780773282051086
47,face,142,-1,0.46183112263679504,0.7415554523468018,-0.007685039658099413
47,face,143,-1,0.4161129593849182,0.7146289348602295,0.030635474249720573
47,face,144,-1,0.4443287253379822,0.6986473202705383,0.006720757577568293
47,face,145,-1,0.45080631971359253,0.697270393371582,0.005025267135351896
47,face,146,-1,0.4617622494697571,0.8173421025276184,-0.00585224898532033
47,face,147,-1,0.412620484828949,0.7768155336380005,0.02512251026928425
47,face,148,-1,0.4850001633167267,0.8930739164352417,-0.001992921344935894
47,face,149,-1,0.45807021856307983,0.8804288506507874,0.013965004123747349
47,face,150,-1,0.44666579365730286,0.8708147406578064,0.023320382460951805
47,face,151,-1,0.4887089431285858,0.612886905670166,-0.005347638390958309
47,face,152,-1,0.5030444860458374,0.8917921781539917,-0.003907268401235342
47,face,153,-1,0.4569303095340729,0.6951353549957275,0.005013656802475452
47,face,154,-1,0.46294060349464417,0.6927973031997681,0.006433058995753527
47,face,155,-1,0.4671434164047241,0.691496729850769,0.008334383368492126
47,face,156,-1,0.41973453760147095,0.6923331022262573,0.024008886888623238
47,face,157,-1,0.4626515507698059,0.6856122612953186,0.00555552588775754
47,face,158,-1,0.45591628551483154,0.6847144961357117,0.004091913811862469
47,face,159,-1,0.44944947957992554,0.6857072710990906,0.004210102371871471
47,face,160,-1,0.44293466210365295,0.6884683966636658,0.005725727882236242
47,face,161,-1,0.4384574592113495,0.6918845772743225,0.007977372035384178
47,face,162,-1,0.4027180075645447,0.6756521463394165,0.06468014419078827
47,face,163,-1,0.4398728013038635,0.698845386505127,0.009052159264683723
47,face,164,-1,0.49996137619018555,0.7761553525924683,-0.02296753041446209
47,face,165,-1,0.46887993812561035,0.7863897681236267,-0.01577763259410858
47,face,166,-1,0.4758003056049347,0.7612351179122925,-0.023478154093027115
47,face,167,-1,0.4867243468761444,0.7793026566505432,-0.02259952388703823
47,face,168,-1,0.4926493167877197,0.6745055317878723,-0.011327527463436127
47,face,169,-1,0.443998247385025,0.8575581908226013,0.015556136146187782
47,face,170,-1,0.45549577474594116,0.8682955503463745,0.0073240976780653
47,face,171,-1,0.4845000207424164,0.8843982219696045,-0.009259724989533424
47,face,172,-1,0.4234386384487152,0.8388219475746155,0.04949960485100746
47,face,173,-1,0.4671780467033386,0.6884559988975525,0.00740174762904644
47,face,174,-1,0.4810183048248291,0.7142410278320312,-0.019135544076561928
47,face,175,-1,0.5030518770217896,0.8832717537879944,-0.010666275396943092
47,face,176,-1,0.470505028963089,0.8884855508804321,0.004367096349596977
47,face,177,-1,0.40731266140937805,0.7824152708053589,0.04798581451177597
47,face,178,-1,0.48339974880218506,0.8122718334197998,-0.013462385162711143
47,face,179,-1,0.48234808444976807,0.8154482841491699,-0.014699002727866173
47,face,180,-1,0.4811401069164276,0.8199559450149536,-0.01675833947956562
47,face,181,-1,0.4802791178226471,0.8249015808105469,-0.016420962288975716
47,face,182,-1,0.47722864151000977,0.8416200876235962,-0.0121398214250803
47,face,183,-1,0.465917706489563,0.8068881034851074,-0.00693498644977808
47,face,184,-1,0.46341824531555176,0.80678391456604,-0.006930971052497625
47,face,185,-1,0.46100419759750366,0.8063448071479797,-0.006989714223891497
47,face,186,-1,0.45565488934516907,0.8054287433624268,-0.005479389801621437
47,face,187,-1,0.4233039617538452,0.7815064191818237,0.009984584525227547
47,face,188,-1,0.47999364137649536,0.7022143006324768,-0.011183453723788261
47,face,189,-1,0.47620871663093567,0.6800786852836609,0.0034753826912492514
47,face,190,-1,0.4711681604385376,0.6828892827033997,0.006429293658584356
47,face,191,-1,0.4680493175983429,0.8066330552101135,-0.006183143705129623
47,face,192,-1,0.4236561954021454,0.8108207583427429,0.0200145673006773
47,face,193,-1,0.4818549156188965,0.677828311920166,-0.006524633150547743
47,face,194,-1,0.47318610548973083,0.852931559085846,-0.008622769266366959
47,face,195,-1,0.4967631995677948,0.7152458429336548,-0.033313799649477005
47,face,196,-1,0.4874234199523926,0.7069620490074158,-0.02381744049489498
47,face,197,-1,0.4955168068408966,0.7029830813407898,-0.02529941312968731
47,face,198,-1,0.47523677349090576,0.7338157296180725,-0.020129231736063957
47,face,199,-1,0.5027672648429871,0.8704664707183838,-0.014295757748186588
47,face,200,-1,0.5023089051246643,0.8561098575592041,-0.014385981485247612
47,face,201,-1,0.48767316341400146,0.8576208353042603,-0.013048085384070873
47,face,202,-1,0.45222142338752747,0.8336728811264038,0.0014904342824593186
47,face,203,-1,0.45859405398368835,0.7672510147094727,-0.007753078825771809
47,face,204,-1,0.46162867546081543,0.8448361158370972,-0.0034640245139598846
47,face,205,-1,0.44049403071403503,0.7688030004501343,-0.004409825894981623
47,face,206,-1,0.45218944549560547,0.7804893255233765,-0.006904273759573698
47,face,207,-1,0.4345390498638153,0.789228081703186,0.0012334516504779458
47,face,208,-1,0.4855613112449646,0.8716771006584167,-0.012569932267069817
47,face,209,-1,0.46953096985816956,0.7410302758216858,-0.015019532293081284
47,face,210,-1,0.4458371102809906,0.8440446257591248,0.0078972689807415
47,face,211,-1,0.4574483335018158,0.8556814789772034,0.002090450143441558
47,face,212,-1,0.4446955621242523,0.8197928667068481,0.0030349064618349075
47,face,213,-1,0.41555824875831604,0.7970505952835083,0.02696668915450573
47,face,214,-1,0.43426647782325745,0.8232617974281311,0.010046911425888538
47,face,215,-1,0.41245725750923157,0.8065909147262573,0.04365762323141098
47,face,216,-1,0.44689756631851196,0.797051727771759,-0.0031792810186743736
47,face,217,-1,0.47514718770980835,0.7229149341583252,-0.014200940728187561
47,face,218,-1,0.47822460532188416,0.7576774954795837,-0.032907113432884216
47,face,219,-1,0.47178390622138977,0.7609831094741821,-0.024678202345967293
47,face,220,-1,0.4823288917541504,0.7494603991508484,-0.03823528066277504
47,face,221,-1,0.4706753194332123,0.6710709929466248,0.0012361494591459632
47,face,222,-1,0.45854178071022034,0.6669936776161194,-0.00039389432640746236
47,face,223,-1,0.4481750726699829,0.6676581501960754,-0.00016395439160987735
47,face,224,-1,0.43908005952835083,0.6720432639122009,0.0025421157479286194
47,face,225,-1,0.43246570229530334,0.6798493266105652,0.006901368498802185
47,face,226,-1,0.4265865385532379,0.7034713625907898,0.01790096051990986
47,face,227,-1,0.4029548764228821,0.7315738201141357,0.04984105005860329
47,face,228,-1,0.42897164821624756,0.7183968424797058,0.011233408004045486
47,face,229,-1,0.4358859062194824,0.7190288305282593,0.006604275666177273
47,face,230,-1,0.4462903141975403,0.7155770659446716,0.003719293512403965
47,face,231,-1,0.45653608441352844,0.7100769877433777,0.0026226164773106575
47,face,232,-1,0.46453502774238586,0.7045324444770813,0.003097325097769499
47,face,233,-1,0.47039595246315,0.6996789574623108,0.003011598950251937
47,face,234,-1,0.4033583998680115,0.7286438345909119,0.07902085036039352
47,face,235,-1,0.4718324542045593,0.7638205289840698,-0.02091486193239689
47,face,236,-1,0.4820336401462555,0.7251486778259277,-0.025963908061385155
47,face,237,-1,0.48562124371528625,0.7575191259384155,-0.03893917053937912
47,face,238,-1,0.4903455972671509,0.7626147270202637,-0.03589250147342682
47,face,239,-1,0.4853486716747284,0.7594069838523865,-0.03519131988286972
47,face,240,-1,0.4741716980934143,0.7670365571975708,-0.018448691815137863
47,face,241,-1,0.49242234230041504,0.7633388638496399,-0.037978194653987885
47,face,242,-1,0.49285730719566345,0.7657294273376465,-0.028812507167458534
47,face,243,-1,0.4722748100757599,0.6900725364685059,0.00747839268296957
47,face,244,-1,0.47555306553840637,0.6921136975288391,0.0027055321261286736
47,face,245,-1,0.4769850969314575,0.6931570768356323,-0.0029857114423066378
47,face,246,-1,0.435770720243454,0.694601833820343,0.010442480444908142
47,face,247,-1,0.4321107864379883,0.6899606585502625,0.010658325627446175
47,face,248,-1,0.5040231347084045,0.7151516079902649,-0.03036528266966343
47,face,249,-1,0.5465347170829773,0.6788793206214905,0.016159363090991974
47,face,250,-1,0.50839763879776,0.7605651617050171,-0.02837715484201908
47,face,251,-1,0.5672287344932556,0.6177406907081604,0.05771525949239731
47,face,252,-1,0.5263220071792603,0.6920848488807678,0.006527061108499765
47,face,253,-1,0.5337656736373901,0.6912964582443237,0.007447346579283476
47,face,254,-1,0.5407864451408386,0.6888562440872192,0.010018239729106426
47,face,255,-1,0.5500577092170715,0.6813012361526489,0.01715965010225773
47,face,256,-1,0.519849419593811,0.6905407905578613,0.007281013298779726
47,face,257,-1,0.533997118473053,0.6576597690582275,0.0056072017177939415
47,face,258,-1,0.5262672305107117,0.6610169410705566,0.0053483727388083935
47,face,259,-1,0.5416420102119446,0.6571282148361206,0.008405816741287708
47,face,260,-1,0.5470320582389832,0.6603429317474365,0.011641827411949635
47,face,261,-1,0.5562524795532227,0.6855058670043945,0.020766407251358032
47,face,262,-1,0.5326408743858337,0.8510456085205078,-0.003571918234229088
47,face,263,-1,0.5490227341651917,0.6760244369506836,0.018915420398116112
47,face,264,-1,0.5731658935546875,0.6687996983528137,0.05643530935049057
47,face,265,-1,0.5630534887313843,0.6756739616394043,0.029483554884791374
47,face,266,-1,0.5387507677078247,0.7334001064300537,-0.004149722401052713
47,face,267,-1,0.5191141366958618,0.7788180112838745,-0.023143667727708817
47,face,268,-1,0.5165221691131592,0.7871466279029846,-0.019452758133411407
47,face,269,-1,0.5283863544464111,0.7803398966789246,-0.01806521601974964
47,face,270,-1,0.532791256904602,0.7838444113731384,-0.011618910357356071
47,face,271,-1,0.5231361389160156,0.7870317101478577,-0.015805788338184357
47,face,272,-1,0.527486264705658,0.788791298866272,-0.010088248178362846
47,face,273,-1,0.5412464737892151,0.8091095685958862,-0.0003200349456164986
47,face,274,-1,0.5070950388908386,0.7545307278633118,-0.042138271033763885
47,face,275,-1,0.5076847076416016,0.7427222728729248,-0.044051989912986755
47,face,276,-1,0.5556361079216003,0.6443376541137695,0.015031927265226841
47,face,277,-1,0.5202114582061768,0.7086684107780457,-0.003933004569262266
47,face,278,-1,0.5271019339561462,0.7447440028190613,-0.021714743226766586
47,face,279,-1,0.5269871950149536,0.7380715608596802,-0.019043736159801483
47,face,280,-1,0.559755265712738,0.7252392768859863,0.007476877421140671
47,face,281,-1,0.5060529708862305,0.7279050946235657,-0.038659919053316116
47,face,282,-1,0.5378543734550476,0.6355254650115967,0.0012754634954035282
47,face,283,-1,0.5480419993400574,0.6369441747665405,0.007954438216984272
47,face,284,-1,0.5612938404083252,0.5994241237640381,0.043674156069755554
47,face,285,-1,0.5074300169944763,0.6545355916023254,-0.007208412978798151
47,face,286,-1,0.519645094871521,0.6673329472541809,0.007213139906525612
47,face,287,-1,0.5471200346946716,0.7958279848098755,0.0027311656158417463
47,face,288,-1,0.5728760957717896,0.7773447632789612,0.06977014988660812
47,face,289,-1,0.5213186740875244,0.7529434561729431,-0.01934932917356491
47,face,290,-1,0.5145881175994873,0.7590650320053101,-0.020930606871843338
47,face,291,-1,0.5355755090713501,0.7927815914154053,0.0017508143791928887
47,face,292,-1,0.5327401757240295,0.7934220433235168,-0.0007031972054392099
47,face,293,-1,0.5511984825134277,0.6278958320617676,0.012481641955673695
47,face,294,-1,0.5276521444320679,0.7494837641716003,-0.01777423545718193
47,face,295,-1,0.5246866941452026,0.6403666734695435,-0.003927040845155716
47,face,296,-1,0.5250529050827026,0.6297938823699951,-0.004857615102082491
47,face,297,-1,0.5327964425086975,0.580873429775238,0.013904416933655739
47,face,298,-1,0.5592402219772339,0.6117938160896301,0.02578999102115631
47,face,299,-1,0.5306323766708374,0.6035675406455994,0.0037552774883806705
47,face,300,-1,0.5592407584190369,0.6382544040679932,0.022311046719551086
47,face,301,-1,0.5657090544700623,0.6263948082923889,0.038694024085998535
47,face,302,-1,0.5182890892028809,0.7828646898269653,-0.022105902433395386
47,face,303,-1,0.5260576009750366,0.7838079333305359,-0.01721295155584812
47,face,304,-1,0.5305606722831726,0.786135733127594,-0.011515931226313114
47,face,305,-1,0.5194461941719055,0.7558156847953796,-0.018014954403042793
47,face,306,-1,0.5342199206352234,0.7932132482528687,0.0004155434435233474
47,face,307,-1,0.5322773456573486,0.798205554485321,-0.005032970570027828
47,face,308,-1,0.5313974618911743,0.7935758829116821,-0.0009897317504510283
47,face,309,-1,0.5166548490524292,0.7513717412948608,-0.030057093128561974
47,face,310,-1,0.5246310234069824,0.7903890609741211,-0.008693935349583626
47,face,311,-1,0.5204818248748779,0.7895503640174866,-0.01252079103142023
47,face,312,-1,0.5143824219703674,0.7903051972389221,-0.015721626579761505
47,face,313,-1,0.5138422846794128,0.8398094773292542,-0.014447405003011227
47,face,314,-1,0.5190027952194214,0.8193809986114502,-0.01948000118136406
47,face,315,-1,0.5177803039550781,0.8139441609382629,-0.019380437210202217
47,face,316,-1,0.5158580541610718,0.8086469769477844,-0.016698408871889114
47,face,317,-1,0.5140397548675537,0.8050423860549927,-0.015719227492809296
47,face,318,-1,0.5246967673301697,0.7996622920036316,-0.008668115362524986
47,face,319,-1,0.5270627737045288,0.801236093044281,-0.009933688677847385
47,face,320,-1,0.5299874544143677,0.8032540082931519,-0.011568048037588596
47,face,321,-1,0.5324456691741943,0.8056377172470093,-0.010363475419580936
47,face,322,-1,0.5373350381851196,0.7774807810783386,-0.009037178941071033
47,face,323,-1,0.5746701955795288,0.7175682187080383,0.08483337610960007
47,face,324,-1,0.5274516344070435,0.7972944974899292,-0.004282624926418066
47,face,325,-1,0.5298610329627991,0.7976990938186646,-0.005109566263854504
47,face,326,-1,0.5119859576225281,0.7645830512046814,-0.02197033166885376
47,face,327,-1,0.525291919708252,0.7572146654129028,-0.013038191944360733
47,face,328,-1,0.5132774114608765,0.7620020508766174,-0.021531546488404274
47,face,329,-1,0.5286879539489746,0.7128813862800598,-0.0012968926457688212
47,face,330,-1,0.5415742993354797,0.7170358300209045,0.0011510258773341775
47,face,331,-1,0.5284703969955444,0.7427611351013184,-0.01490007434040308
47,face,332,-1,0.550716757774353,0.5866991877555847,0.0281845536082983
47,face,333,-1,0.5482471585273743,0.6036551594734192,0.01427864283323288
47,face,334,-1,0.5396111607551575,0.6249579787254333,0.0035148465540260077
47,face,335,-1,0.5342528820037842,0.8198102712631226,-0.005483086220920086
47,face,336,-1,0.5081995725631714,0.6380122303962708,-0.00925868283957243
47,face,337,-1,0.5113494992256165,0.6077275276184082,-0.002646602923050523
47,face,338,-1,0.5121890902519226,0.5807145833969116,0.00508050387725234
47,face,339,-1,0.5467468500137329,0.6857389211654663,0.013758307322859764
47,face,340,-1,0.5643170475959778,0.6908262372016907,0.025098631158471107
47,face,341,-1,0.5157432556152344,0.6884368658065796,0.008477680385112762
47,face,342,-1,0.5547177195549011,0.6627662777900696,0.018538864329457283
47,face,343,-1,0.514035701751709,0.7030296921730042,-0.0066957599483430386
47,face,344,-1,0.5215848088264465,0.7426853775978088,-0.029485849663615227
47,face,345,-1,0.5721781849861145,0.6929531097412109,0.033509109169244766
47,face,346,-1,0.560547411441803,0.6983365416526794,0.017348693683743477
47,face,347,-1,0.5520923137664795,0.7035045027732849,0.009260685183107853
47,face,348,-1,0.538154125213623,0.7059757113456726,0.005105277523398399
47,face,349,-1,0.5272523760795593,0.7047111988067627,0.0031376779079437256
47,face,350,-1,0.5188321471214294,0.7015722990036011,0.0010917334584519267
47,face,351,-1,0.502331554889679,0.6908556222915649,-0.014593207277357578
47,face,352,-1,0.573894202709198,0.7165616750717163,0.030072970315814018
47,face,353,-1,0.5599367618560791,0.6592119336128235,0.02263728156685829
47,face,354,-1,0.5043279528617859,0.7615128755569458,-0.03867894038558006
47,face,355,-1,0.5213726162910461,0.7202336192131042,-0.008180566132068634
47,face,356,-1,0.5718318223953247,0.6651446223258972,0.08252990245819092
47,face,357,-1,0.512470006942749,0.6968250870704651,0.00011796281614806503
47,face,358,-1,0.5289425849914551,0.7426561117172241,-0.007289496250450611
47,face,359,-1,0.5521649718284607,0.6741870641708374,0.020432237535715103
47,face,360,-1,0.5213416218757629,0.7344604730606079,-0.026179468259215355
47,face,361,-1,0.5750213861465454,0.7462261915206909,0.07954327762126923
47,face,362,-1,0.5154955983161926,0.6853523850440979,0.010970372706651688
47,face,363,-1,0.5135996341705322,0.7300646901130676,-0.03388774022459984
47,face,364,-1,0.5631553530693054,0.8125458359718323,0.02804875746369362
47,face,365,-1,0.5621842741966248,0.8254547715187073,0.039672888815402985
47,face,366,-1,0.5775058269500732,0.7175424695014954,0.05755852162837982
47,face,367,-1,0.5703219771385193,0.7932946085929871,0.03854663297533989
47,face,368,-1,0.5693545937538147,0.6458595395088196,0.04991030693054199
47,face,369,-1,0.5343855619430542,0.863196849822998,0.00047460244968533516
47,face,370,-1,0.5034669637680054,0.7643287777900696,-0.02855844609439373
47,face,371,-1,0.5288721323013306,0.726706862449646,-0.005520745646208525
47,face,372,-1,0.5685854554176331,0.676662802696228,0.03742099180817604
47,face,373,-1,0.5392793416976929,0.6833282709121704,0.011013666167855263
47,face,374,-1,0.5329870581626892,0.6853681802749634,0.008805627003312111
47,face,375,-1,0.5344225168228149,0.7987858057022095,-0.003676432417705655
47,face,376,-1,0.5745578408241272,0.7399364113807678,0.03117050603032112
47,face,377,-1,0.520366370677948,0.8848452568054199,-0.0010101469233632088
47,face,378,-1,0.5434737205505371,0.8600124716758728,0.016948778182268143
47,face,379,-1,0.5525555610656738,0.8454288244247437,0.02716064453125
47,face,380,-1,0.526838481426239,0.6860226988792419,0.008246908895671368
47,face,381,-1,0.5209469199180603,0.6857122182846069,0.00920162908732891
47,face,382,-1,0.5173118114471436,0.6856210231781006,0.0108757009729743
47,face,383,-1,0.5642780065536499,0.6557207107543945,0.03080315701663494
47,face,384,-1,0.5218743085861206,0.6797318458557129,0.00859539583325386
47,face,385,-1,0.5280404090881348,0.6770821213722229,0.007568880449980497
47,face,386,-1,0.5337548851966858,0.6753084659576416,0.008270465768873692
47,face,387,-1,0.5397228598594666,0.6745237112045288,0.01031390018761158
47,face,388,-1,0.5440923571586609,0.6748589873313904,0.012770837172865868
47,face,389,-1,0.570307731628418,0.6384449601173401,0.07205316424369812
47,face,390,-1,0.5435194373130798,0.6810428500175476,0.013753149658441544
47,face,391,-1,0.5296701788902283,0.7728772759437561,-0.014019973576068878
47,face,392,-1,0.5212321877479553,0.7512729167938232,-0.022088859230279922
47,face,393,-1,0.5131242275238037,0.7735762000083923,-0.021862037479877472
47,face,394,-1,0.5541565418243408,0.8316846489906311,0.019390735775232315
47,face,395,-1,0.5448949337005615,0.8474135994911194,0.010331334546208382
47,face,396,-1,0.5205958485603333,0.8760767579078674,-0.00821883324533701
47,face,397,-1,0.568389892578125,0.8041410446166992,0.05503430590033531
47,face,398,-1,0.5175138115882874,0.6829367280006409,0.010065875016152859
47,face,399,-1,0.5093967914581299,0.7080698013305664,-0.018020903691649437
47,face,400,-1,0.5331876277923584,0.8736073970794678,0.006490322295576334
47,face,401,-1,0.5775161385536194,0.7435552477836609,0.054933127015829086
47,face,402,-1,0.5202818512916565,0.8022279739379883,-0.01248978078365326
47,face,403,-1,0.5225529074668884,0.8050172328948975,-0.013641477562487125
47,face,404,-1,0.5251867771148682,0.8088729381561279,-0.015734246000647545
47,face,405,-1,0.5272808074951172,0.8135020136833191,-0.015314395539462566
47,face,406,-1,0.5254542231559753,0.8307965397834778,-0.010812011547386646
47,face,407,-1,0.5300137400627136,0.7910884618759155,-0.0049605644308030605
47,face,408,-1,0.5327705144882202,0.7896544933319092,-0.004757633898407221
47,face,409,-1,0.5350295305252075,0.7881109714508057,-0.004597377497702837
47,face,410,-1,0.5434743165969849,0.7852004766464233,-0.0026992494240403175
47,face,411,-1,0.5667545795440674,0.7488616704940796,0.014897361397743225
47,face,412,-1,0.5080377459526062,0.6963107585906982,-0.010044222697615623
47,face,413,-1,0.5094893574714661,0.6757164597511292,0.0051858071237802505
47,face,414,-1,0.5140241980552673,0.6775162816047668,0.008638838306069374
47,face,415,-1,0.5273950695991516,0.7919574975967407,-0.0043432870879769325
47,face,416,-1,0.568596601486206,0.7770949602127075,0.025126684457063675
47,face,417,-1,0.5030159950256348,0.6753814220428467,-0.005547212436795235
47,face,418,-1,0.5291847586631775,0.8400415778160095,-0.007082845084369183
47,face,419,-1,0.503296971321106,0.7035210132598877,-0.023202793672680855
47,face,420,-1,0.5172630548477173,0.7245482206344604,-0.018711330369114876
47,face,421,-1,0.5162419080734253,0.8510947227478027,-0.012354444712400436
47,face,422,-1,0.5473401546478271,0.8114473819732666,0.004274169914424419
47,face,423,-1,0.5357826352119446,0.7500221729278564,-0.0055499509908258915
47,face,424,-1,0.5393139123916626,0.8267433643341064,-0.001253653084859252
47,face,425,-1,0.5514112710952759,0.7439190745353699,-0.0011318966280668974
47,face,426,-1,0.5431194305419922,0.7600380182266235,-0.004201473202556372
47,face,427,-1,0.5586867332458496,0.7609277367591858,0.005011619068682194
47,face,428,-1,0.5190420150756836,0.8640221953392029,-0.011652166023850441
47,face,429,-1,0.5228992700576782,0.7291796207427979,-0.013274895958602428
47,face,430,-1,0.5527719855308533,0.81892991065979,0.011352111585438251
47,face,431,-1,0.5431497097015381,0.8356724381446838,0.004694080911576748
47,face,432,-1,0.5532721281051636,0.7945482134819031,0.006452239118516445
47,face,433,-1,0.5738564729690552,0.7605143189430237,0.032762497663497925
47,face,434,-1,0.5613809823989868,0.7935817241668701,0.014258981682360172
47,face,435,-1,0.5755397081375122,0.7685976028442383,0.05010049790143967
47,face,436,-1,0.5497305989265442,0.773535430431366,-4.5465287257684395e-05
47,face,437,-1,0.5152948498725891,0.7141905426979065,-0.01267946045845747
47,face,438,-1,0.5192106366157532,0.7486740946769714,-0.0314205177128315
47,face,439,-1,0.524760901927948,0.7493252754211426,-0.023004475980997086
47,face,440,-1,0.5150445699691772,0.7422491908073425,-0.036941561847925186
47,face,441,-1,0.5143488049507141,0.6634660959243774,0.0036344293039292097
47,face,442,-1,0.5254449248313904,0.6526739001274109,0.002923806896433234
47,face,443,-1,0.5355384945869446,0.6483119130134583,0.0038902065716683865
47,face,444,-1,0.5443382263183594,0.6483724117279053,0.007464554160833359
47,face,445,-1,0.5508490800857544,0.6530385613441467,0.012440728023648262
47,face,446,-1,0.5568284392356873,0.6748324632644653,0.023647790774703026
47,face,447,-1,0.5759702324867249,0.6930423974990845,0.057434722781181335
47,face,448,-1,0.5528881549835205,0.6908095479011536,0.016252148896455765
47,face,449,-1,0.5457366108894348,0.6951681971549988,0.010975459590554237
47,face,450,-1,0.5361173748970032,0.6979838609695435,0.007285501342266798
47,face,451,-1,0.5265604257583618,0.6980627775192261,0.005412768572568893
47,face,452,-1,0.5189357995986938,0.6960375905036926,0.005220512393862009
47,face,453,-1,0.5137003064155579,0.6932425498962402,0.004727885127067566
47,face,454,-1,0.5730067491531372,0.6910228133201599,0.086301289498806
47,face,455,-1,0.5246972441673279,0.7522144913673401,-0.019333330914378166
47,face,456,-1,0.510794460773468,0.7187560200691223,-0.024834180250763893
47,face,457,-1,0.5131003856658936,0.7514864802360535,-0.03799786418676376
47,face,458,-1,0.5086379051208496,0.7587326765060425,-0.03531934320926666
47,face,459,-1,0.51313316822052,0.7534145712852478,-0.03421196714043617
47,face,460,-1,0.5226680040359497,0.7564173340797424,-0.01713903620839119
47,face,461,-1,0.5070134997367859,0.7602311372756958,-0.03751935809850693
47,face,462,-1,0.5063923001289368,0.7628474831581116,-0.028444509953260422
47,face,463,-1,0.5129347443580627,0.6853230595588684,0.009484885260462761
47,face,464,-1,0.5094053149223328,0.6876563429832458,0.0041168187744915485
47,face,465,-1,0.50733482837677,0.6889756917953491,-0.0018428800394758582
47,face,466,-1,0.5468912124633789,0.6755021214485168,0.015450838953256607
47,face,467,-1,0.5510565042495728,0.6655803918838501,0.01608244515955448
47,face,468,-1,0.4493284225463867,0.6681691408157349,0.007468786556273699
47,face,469,-1,0.45703551173210144,0.6659481525421143,0.007468786556273699
47,face,470,-1,0.44836512207984924,0.6571347713470459,0.007468786556273699
47,face,471,-1,0.4417066276073456,0.6699303388595581,0.007468786556273699
47,face,472,-1,0.4503057599067688,0.6790024638175964,0.007468786556273699
47,face,473,-1,0.5325392484664917,0.6783384084701538,0.011311125941574574
47,face,474,-1,0.539506196975708,0.6768365502357483,0.011311125941574574
47,face,475,-1,0.5317893028259277,0.667763888835907,0.011311125941574574
47,face,476,-1,0.5256267786026001,0.6796948909759521,0.011311125941574574
47,face,477,-1,0.533225417137146,0.6886009573936462,0.011311125941574574
47,hand,0,0,0.5676915645599365,0.7103077173233032,1.2413590866344748e-07
47,hand,1,0,0.5519893169403076,0.7304694056510925,-0.0009723390103317797
47,hand,2,0,0.5459103584289551,0.7584618926048279,-0.0018180619226768613
47,hand,3,0,0.5448722243309021,0.7820094227790833,-0.0025922409258782864
47,hand,4,0,0.545688807964325,0.8012674450874329,-0.003420712659135461
47,hand,5,0,0.5497521162033081,0.7778287529945374,-0.0048990873619914055
47,hand,6,0,0.5487664341926575,0.8113486766815186,-0.009242513217031956
47,hand,7,0,0.5475071668624878,0.8344734311103821,-0.012066815979778767
47,hand,8,0,0.5466486811637878,0.85338294506073,-0.013808738440275192
47,hand,9,0,0.5603429675102234,0.7821221947669983,-0.006285129580646753
47,hand,10,0,0.5612695217132568,0.8171805143356323,-0.010325719602406025
47,hand,11,0,0.5608073472976685,0.8417757749557495,-0.013198435306549072
47,hand,12,0,0.5598350763320923,0.8620389699935913,-0.01508619636297226
47,hand,13,0,0.5703140497207642,0.7829529643058777,-0.007607137318700552
47,hand,14,0,0.5722267031669617,0.8164761066436768,-0.011465473100543022
47,hand,15,0,0.5724016427993774,0.8407012224197388,-0.014598055742681026
47,hand,16,0,0.5723199844360352,0.8601903319358826,-0.016476010903716087
47,hand,17,0,0.5782684683799744,0.7805619239807129,-0.008810149505734444
47,hand,18,0,0.5823990106582642,0.8087560534477234,-0.012844870798289776
47,hand,19,0,0.5852422714233398,0.8287221193313599,-0.015278703533113003
47,hand,20,0,0.5877481698989868,0.8459290862083435,-0.016427084803581238
47,hand,0,1,0.4005087614059448,0.844193696975708,4.578881274142077e-09
47,hand,1,1,0.41708940267562866,0.8539807200431824,-0.005109546706080437
47,hand,2,1,0.42506447434425354,0.8783448338508606,-0.00648122513666749
47,hand,3,1,0.42902982234954834,0.9032066464424133,-0.006615772843360901
47,hand,4,1,0.4340210258960724,0.9215897917747498,-0.006051550153642893
47,hand,5,1,0.41438183188438416,0.9028418660163879,-0.00476080784574151
47,hand,6,1,0.4212035536766052,0.9334626197814941,-0.005625049117952585
47,hand,7,1,0.4261874854564667,0.9477448463439941,-0.005936422385275364
47,hand,8,1,0.4306904077529907,0.958519458770752,-0.005851486697793007
47,hand,9,1,0.40575218200683594,0.9060501456260681,-0.0022871477995067835
47,hand,10,1,0.41359254717826843,0.9360619783401489,-0.002718572970479727
47,hand,11,1,0.42141950130462646,0.948248565196991,-0.0024648653343319893
47,hand,12,1,0.42754489183425903,0.954903781414032,-0.002120551187545061
47,hand,13,1,0.40025579929351807,0.9051310420036316,-6.674383621430025e-05
47,hand,14,1,0.407074511051178,0.9325965046882629,-0.0007479875930584967
47,hand,15,1,0.41435307264328003,0.9426764845848083,-0.000392808869946748
47,hand,16,1,0.42013394832611084,0.9468116760253906,0.00026698291185311973
47,hand,17,1,0.3973773717880249,0.9029954075813293,0.0017787058604881167
47,hand,18,1,0.40149253606796265,0.9258735179901123,0.0015312553150579333
47,hand,19,1,0.4074901044368744,0.9357103109359741,0.00213499553501606
47,hand,20,1,0.41276732087135315,0.9398259520530701,0.0030336310155689716
47,pose,0,-1,0.45914021134376526,0.21152187883853912,-0.38277101516723633
47,pose,1,-1,0.46783703565597534,0.1852472722530365,-0.36461201310157776
47,pose,2,-1,0.4737010896205902,0.18493524193763733,-0.36473116278648376
47,pose,3,-1,0.4801384210586548,0.18434791266918182,-0.364727646112442
47,pose,4,-1,0.45092466473579407,0.18747751414775848,-0.3591025173664093
47,pose,5,-1,0.44663485884666443,0.18889877200126648,-0.3591040372848511
47,pose,6,-1,0.443276971578598,0.18986329436302185,-0.3592413067817688
47,pose,7,-1,0.49218183755874634,0.1943875402212143,-0.2270520031452179
47,pose,8,-1,0.44177964329719543,0.20238779485225677,-0.20047229528427124
47,pose,9,-1,0.47423455119132996,0.24129845201969147,-0.33138540387153625
47,pose,10,-1,0.4525199234485626,0.24409838020801544,-0.3223653733730316
47,pose,11,-1,0.5558245778083801,0.34794411063194275,-0.13309939205646515
47,pose,12,-1,0.4026789963245392,0.39335888624191284,-0.12652333080768585
47,pose,13,-1,0.5901459455490112,0.5524414777755737,-0.10667269676923752
47,pose,14,-1,0.39883148670196533,0.6271852850914001,-0.09149785339832306
47,pose,15,-1,0.5682468414306641,0.7179468274116516,-0.3145114779472351
47,pose,16,-1,0.40486449003219604,0.8238205909729004,-0.2522183358669281
47,pose,17,-1,0.5676575303077698,0.7915617227554321,-0.3817467987537384
47,pose,18,-1,0.4042200446128845,0.8881439566612244,-0.30709436535835266
47,pose,19,-1,0.5495161414146423,0.783446729183197,-0.42426034808158875
47,pose,20,-1,0.4171523451805115,0.8878085613250732,-0.35505184531211853
47,pose,21,-1,0.5452175736427307,0.7641443610191345,-0.3350472152233124
47,pose,22,-1,0.42056402564048767,0.8636689782142639,-0.2740272879600525
47,pose,23,-1,0.5366997122764587,0.7728503346443176,0.004831595346331596
47,pose,24,-1,0.4498785436153412,0.789823055267334,-0.004036969039589167
47,pose,25,-1,0.5274574756622314,1.0210539102554321,-0.0195342805236578
47,pose,26,-1,0.46301859617233276,1.024940013885498,0.033359967172145844
47,pose,27,-1,0.5500577092170715,1.3220133781433105,0.31604906916618347
47,pose,28,-1,0.4687109887599945,1.3201063871383667,0.2950059175491333
47,pose,29,-1,0.5524888634681702,1.3555289506912231,0.34202730655670166
47,pose,30,-1,0.46740615367889404,1.3535478115081787,0.31584951281547546
47,pose,31,-1,0.542834997177124,1.4056689739227295,0.18076470494270325
47,pose,32,-1,0.48658934235572815,1.4085155725479126,0.13443049788475037
48,face,0,-1,0.5124799609184265,0.7755857706069946,-0.025320211425423622
48,face,1,-1,0.4989199638366699,0.7477009892463684,-0.0425785668194294
48,face,2,-1,0.49922746419906616,0.7595572471618652,-0.024578675627708435
48,face,3,-1,0.48843610286712646,0.7132178544998169,-0.02977578528225422
48,face,4,-1,0.4981735348701477,0.7363433241844177,-0.044452715665102005
48,face,5,-1,0.49695155024528503,0.722011148929596,-0.04034372791647911
48,face,6,-1,0.49373599886894226,0.6870279908180237,-0.016430340707302094
48,face,7,-1,0.4373660683631897,0.7004655003547668,0.012865926139056683
48,face,8,-1,0.49151411652565,0.6596498489379883,-0.008237416855990887
48,face,9,-1,0.49048441648483276,0.6439672112464905,-0.008061094209551811
48,face,10,-1,0.48705339431762695,0.5857380628585815,0.0064611053094267845
48,face,11,-1,0.5125656127929688,0.7790629863739014,-0.024324040859937668
48,face,12,-1,0.5118774175643921,0.7827975749969482,-0.022096408531069756
48,face,13,-1,0.5110560655593872,0.7858193516731262,-0.018576327711343765
48,face,14,-1,0.5106832385063171,0.7854313850402832,-0.019136199727654457
48,face,15,-1,0.5112677216529846,0.7888591289520264,-0.020532837137579918
48,face,16,-1,0.5114051699638367,0.7936338782310486,-0.023128613829612732
48,face,17,-1,0.511021077632904,0.7987771034240723,-0.023335078731179237
48,face,18,-1,0.5037802457809448,0.8335986733436584,-0.018512573093175888
48,face,19,-1,0.4992968440055847,0.7542335987091064,-0.039017949253320694
48,face,20,-1,0.4902958571910858,0.7561739087104797,-0.028828781098127365
48,face,21,-1,0.40909543633461,0.6553118824958801,0.053029440343379974
48,face,22,-1,0.4569372534751892,0.7030469179153442,0.005146900657564402
48,face,23,-1,0.4491478204727173,0.7060787081718445,0.005406772252172232
48,face,24,-1,0.4420064091682434,0.7080429196357727,0.007252376992255449
48,face,25,-1,0.4349856972694397,0.7070419788360596,0.0134397242218256
48,face,26,-1,0.4640263319015503,0.6990850567817688,0.006508807651698589
48,face,27,-1,0.4496472477912903,0.6772128939628601,0.0036333326715976
48,face,28,-1,0.45798128843307495,0.6763748526573181,0.004321708809584379
48,face,29,-1,0.44228407740592957,0.6808426380157471,0.0055781579576432705
48,face,30,-1,0.4372578263282776,0.6864309310913086,0.008367789909243584
48,face,31,-1,0.42808666825294495,0.716619074344635,0.016601309180259705
48,face,32,-1,0.4723973274230957,0.857826828956604,-0.008866027928888798
48,face,33,-1,0.4355274736881256,0.7000100612640381,0.01539292186498642
48,face,34,-1,0.407584547996521,0.7069708704948425,0.04955146089196205
48,face,35,-1,0.4248150587081909,0.712551474571228,0.024521373212337494
48,face,36,-1,0.4533138871192932,0.7468420267105103,-0.006410436239093542
48,face,37,-1,0.4995172321796417,0.7781856060028076,-0.02458375133574009
48,face,38,-1,0.5002659559249878,0.7864598631858826,-0.021029213443398476
48,face,39,-1,0.4853050410747528,0.7869395613670349,-0.020132500678300858
48,face,40,-1,0.4753566086292267,0.7942847609519958,-0.01407599076628685
48,face,41,-1,0.48906511068344116,0.7913565635681152,-0.0177525095641613
48,face,42,-1,0.47985729575157166,0.7961708903312683,-0.012262255884706974
48,face,43,-1,0.46037018299102783,0.8190399408340454,-0.0040251752361655235
48,face,44,-1,0.49180835485458374,0.7492631673812866,-0.04207118973135948
48,face,45,-1,0.48963096737861633,0.7387218475341797,-0.043709464371204376
48,face,46,-1,0.42954006791114807,0.6814308762550354,0.010878168046474457
48,face,47,-1,0.46879833936691284,0.7157070636749268,-0.0048362636007368565
48,face,48,-1,0.4683053195476532,0.7501001954078674,-0.023282350972294807
48,face,49,-1,0.4670719504356384,0.7441937923431396,-0.02052236534655094
48,face,50,-1,0.42995285987854004,0.7499164342880249,0.003304646350443363
48,face,51,-1,0.4889379143714905,0.7250195145606995,-0.038210608065128326
48,face,52,-1,0.44692182540893555,0.6628105640411377,-0.0005243701743893325
48,face,53,-1,0.436495304107666,0.6701487302780151,0.004796760156750679
48,face,54,-1,0.4138738512992859,0.6342893838882446,0.04024399071931839
48,face,55,-1,0.4776299297809601,0.6632776856422424,-0.006372351665049791
48,face,56,-1,0.46567586064338684,0.6784840226173401,0.006707897875458002
48,face,57,-1,0.4528573453426361,0.8091215491294861,-0.0011740407207980752
48,face,58,-1,0.41859012842178345,0.8136711716651917,0.060717273503541946
48,face,59,-1,0.47544682025909424,0.7550777196884155,-0.02081284672021866
48,face,60,-1,0.4832192361354828,0.7576102614402771,-0.021896129474043846
48,face,61,-1,0.46374332904815674,0.8051201105117798,-0.0016070386627689004
48,face,62,-1,0.4670378863811493,0.8035016059875488,-0.0036310763098299503
48,face,63,-1,0.4345545172691345,0.6651878952980042,0.009021704085171223
48,face,64,-1,0.46800586581230164,0.7547836303710938,-0.019469067454338074
48,face,65,-1,0.4602263867855072,0.6597716808319092,-0.0045279450714588165
48,face,66,-1,0.45998862385749817,0.6502844095230103,-0.005331129767000675
48,face,67,-1,0.44136467576026917,0.6019643545150757,0.014182179234921932
48,face,68,-1,0.41839706897735596,0.6448511481285095,0.02192704752087593
48,face,69,-1,0.4466395974159241,0.6232499480247498,0.003547063795849681
48,face,70,-1,0.4273926317691803,0.6790503859519958,0.01768014393746853
48,face,71,-1,0.41270020604133606,0.6622803211212158,0.03378051891922951
48,face,72,-1,0.4998813569545746,0.7826616764068604,-0.023575499653816223
48,face,73,-1,0.4872826933860779,0.7893694639205933,-0.019199920818209648
48,face,74,-1,0.4776415228843689,0.795333743095398,-0.013755954802036285
48,face,75,-1,0.4775230884552002,0.7569234371185303,-0.01924075186252594
48,face,76,-1,0.4654808044433594,0.8043460249900818,-0.0026785582304000854
48,face,77,-1,0.47125497460365295,0.8034398555755615,-0.00799983274191618
48,face,78,-1,0.4684767723083496,0.8027858734130859,-0.003932497929781675
48,face,79,-1,0.4808383882045746,0.7512893676757812,-0.030959654599428177
48,face,80,-1,0.4816476106643677,0.7965091466903687,-0.011036154814064503
48,face,81,-1,0.490344762802124,0.7925125956535339,-0.014720071107149124
48,face,82,-1,0.5004305243492126,0.788899838924408,-0.017668213695287704
48,face,83,-1,0.49117374420166016,0.8353806138038635,-0.017923200502991676
48,face,84,-1,0.49835753440856934,0.8025066256523132,-0.02255946770310402
48,face,85,-1,0.4991580545902252,0.7970327138900757,-0.022336091846227646
48,face,86,-1,0.4997485280036926,0.7920705080032349,-0.019535576924681664
48,face,87,-1,0.500008225440979,0.7886384725570679,-0.018140485510230064
48,face,88,-1,0.48127660155296326,0.796446681022644,-0.011350306682288647
48,face,89,-1,0.47997820377349854,0.7988618016242981,-0.012828219681978226
48,face,90,-1,0.47792500257492065,0.8021602630615234,-0.014413132332265377
48,face,91,-1,0.4758315086364746,0.8059962391853333,-0.013334987685084343
48,face,92,-1,0.46102383732795715,0.7863227128982544,-0.011626788415014744
48,face,93,-1,0.40902480483055115,0.7567117214202881,0.07642009109258652
48,face,94,-1,0.49933192133903503,0.7571465969085693,-0.029272496700286865
48,face,95,-1,0.4749435484409332,0.7995955944061279,-0.0070434208028018475
48,face,96,-1,0.4735506772994995,0.8012046217918396,-0.0079641817137599
48,face,97,-1,0.486606627702713,0.7615429759025574,-0.022955944761633873
48,face,98,-1,0.4711906909942627,0.7609503865242004,-0.014592395164072514
48,face,99,-1,0.4849689304828644,0.7596588134765625,-0.022524449974298477
48,face,100,-1,0.4606192111968994,0.7233596444129944,-0.0028932385612279177
48,face,101,-1,0.4480806589126587,0.7330729365348816,-0.0014075844082981348
48,face,102,-1,0.4658774137496948,0.7492326498031616,-0.016579946503043175
48,face,103,-1,0.4237915277481079,0.6163667440414429,0.02636323869228363
48,face,104,-1,0.4291294515132904,0.631601870059967,0.012079702690243721
48,face,105,-1,0.4459931254386902,0.6545901894569397,0.0016684273723512888
48,face,106,-1,0.46846282482147217,0.826167643070221,-0.009129242040216923
48,face,107,-1,0.47698506712913513,0.6484876871109009,-0.008173272013664246
48,face,108,-1,0.46615320444107056,0.6183474063873291,-0.0010439796606078744
48,face,109,-1,0.4619652032852173,0.5925515294075012,0.007401385344564915
48,face,110,-1,0.43699559569358826,0.7087659239768982,0.010311993770301342
48,face,111,-1,0.4211249351501465,0.7270690202713013,0.02015514113008976
48,face,112,-1,0.4689371883869171,0.6954463124275208,0.007923444733023643
48,face,113,-1,0.4315027892589569,0.6946994066238403,0.014438597485423088
48,face,114,-1,0.4744778871536255,0.7078317999839783,-0.007103384006768465
48,face,115,-1,0.4743046164512634,0.74556565284729,-0.030492344871163368
48,face,116,-1,0.41196367144584656,0.7277325987815857,0.02736624702811241
48,face,117,-1,0.42003878951072693,0.7315917015075684,0.012773278169333935
48,face,118,-1,0.42589640617370605,0.7311312556266785,0.005770357325673103
48,face,119,-1,0.44074270129203796,0.7249398231506348,0.00278076040558517
48,face,120,-1,0.4531664550304413,0.7176325917243958,0.0017109760083258152
48,face,121,-1,0.46243467926979065,0.7098847031593323,0.000278459454420954
48,face,122,-1,0.48549166321754456,0.6916064023971558,-0.013747971504926682
48,face,123,-1,0.41288208961486816,0.7506651282310486,0.023588234558701515
48,face,124,-1,0.42715007066726685,0.6959691047668457,0.017866946756839752
48,face,125,-1,0.494902104139328,0.7549439072608948,-0.03872377797961235
48,face,126,-1,0.4693867862224579,0.7264761924743652,-0.009191940538585186
48,face,127,-1,0.407146155834198,0.7046905159950256,0.07552167028188705
48,face,128,-1,0.4696976840496063,0.7019262909889221,-0.00010328344069421291
48,face,129,-1,0.4650299847126007,0.7497616410255432,-0.008807599544525146
48,face,130,-1,0.4337388873100281,0.7014067769050598,0.016546649858355522
48,face,131,-1,0.472964346408844,0.7382498383522034,-0.027048209682106972
48,face,132,-1,0.4121558964252472,0.784722089767456,0.07065331190824509
48,face,133,-1,0.469689279794693,0.6922892332077026,0.010343853384256363
48,face,134,-1,0.4809393286705017,0.7305967211723328,-0.034076567739248276
48,face,135,-1,0.4349273145198822,0.8391368985176086,0.020694255828857422
48,face,136,-1,0.4372875690460205,0.85301673412323,0.031524620950222015
48,face,137,-1,0.4076251685619354,0.7559407949447632,0.049584824591875076
48,face,138,-1,0.42422521114349365,0.8252649903297424,0.03055596724152565
48,face,139,-1,0.41034120321273804,0.68291175365448,0.04392518475651741
48,face,140,-1,0.47154155373573303,0.8711090087890625,-0.005626040510833263
48,face,141,-1,0.49566611647605896,0.7575545310974121,-0.028848256915807724
48,face,142,-1,0.4623902142047882,0.7359586954116821,-0.007090175990015268
48,face,143,-1,0.42269760370254517,0.7176463603973389,0.03169984370470047
48,face,144,-1,0.44373828172683716,0.6997768878936768,0.008485542610287666
48,face,145,-1,0.45002907514572144,0.6984233260154724,0.006812639534473419
48,face,146,-1,0.46881645917892456,0.8057906627655029,-0.0068269092589616776
48,face,147,-1,0.4145040512084961,0.7738759517669678,0.024442346766591072
48,face,148,-1,0.48832783102989197,0.8849004507064819,-0.007111518643796444
48,face,149,-1,0.4617202877998352,0.8746232986450195,0.00984989758580923
48,face,150,-1,0.45039573311805725,0.8662363886833191,0.01961241476237774
48,face,151,-1,0.4887331426143646,0.6136358380317688,-0.0019215148640796542
48,face,152,-1,0.5061327815055847,0.882910966873169,-0.00933842547237873
48,face,153,-1,0.4564630687236786,0.696464478969574,0.006785198580473661
48,face,154,-1,0.4627988338470459,0.6944204568862915,0.00816184002906084
48,face,155,-1,0.4672963619232178,0.6932084560394287,0.010052019730210304
48,face,156,-1,0.42582592368125916,0.6969244480133057,0.025579199194908142
48,face,157,-1,0.4630620777606964,0.6874874830245972,0.007605948019772768
48,face,158,-1,0.4563923478126526,0.6866765022277832,0.00614743959158659
48,face,159,-1,0.45013538002967834,0.6875821948051453,0.006256879307329655
48,face,160,-1,0.44389283657073975,0.6904991865158081,0.007672211620956659
48,face,161,-1,0.43956199288368225,0.6942226886749268,0.009861651808023453
48,face,162,-1,0.40727198123931885,0.6774476170539856,0.06616644561290741
48,face,163,-1,0.4398171305656433,0.700240433216095,0.010750154964625835
48,face,164,-1,0.4998919367790222,0.766917884349823,-0.023473581299185753
48,face,165,-1,0.4687189757823944,0.777722954750061,-0.016172213479876518
48,face,166,-1,0.4755792021751404,0.7534343004226685,-0.023181386291980743
48,face,167,-1,0.4865929186344147,0.7702284455299377,-0.023114245384931564
48,face,168,-1,0.49257922172546387,0.6739725470542908,-0.009501660242676735
48,face,169,-1,0.44713130593299866,0.8520784974098206,0.01248459704220295
48,face,170,-1,0.4585455358028412,0.8619847893714905,0.0037829498760402203
48,face,171,-1,0.48731529712677,0.875782310962677,-0.013613387010991573
48,face,172,-1,0.4272218942642212,0.8367672562599182,0.04629023000597954
48,face,173,-1,0.46758317947387695,0.6900242567062378,0.009282907471060753
48,face,174,-1,0.4808359146118164,0.7099006772041321,-0.017850706353783607
48,face,175,-1,0.5057162046432495,0.8739872574806213,-0.015224202536046505
48,face,176,-1,0.47399431467056274,0.881390392780304,-0.0002535248058848083
48,face,177,-1,0.4103330373764038,0.7813007235527039,0.046626199036836624
48,face,178,-1,0.4899258613586426,0.7923949956893921,-0.01511729322373867
48,face,179,-1,0.4888918995857239,0.7956383228302002,-0.0165860615670681
48,face,180,-1,0.48753878474235535,0.800057590007782,-0.018628612160682678
48,face,181,-1,0.4862058460712433,0.8050667643547058,-0.01826273836195469
48,face,182,-1,0.478423148393631,0.8323839902877808,-0.014383704401552677
48,face,183,-1,0.47292348742485046,0.8002821803092957,-0.0075963628478348255
48,face,184,-1,0.47030964493751526,0.8005933165550232,-0.0075500416569411755
48,face,185,-1,0.4679548740386963,0.8005019426345825,-0.0075452388264238834
48,face,186,-1,0.45539140701293945,0.7968283295631409,-0.0059552802704274654
48,face,187,-1,0.42451292276382446,0.7770942449569702,0.009420386515557766
48,face,188,-1,0.4800863564014435,0.6990272402763367,-0.00982504803687334
48,face,189,-1,0.4772475063800812,0.6814357042312622,0.0054259151220321655
48,face,190,-1,0.47217094898223877,0.6848302483558655,0.008374608121812344
48,face,191,-1,0.4752715229988098,0.799704909324646,-0.006907632574439049
48,face,192,-1,0.4253699779510498,0.8067309856414795,0.018413864076137543
48,face,193,-1,0.48207736015319824,0.6781333088874817,-0.004576846491545439
48,face,194,-1,0.47496113181114197,0.8446240425109863,-0.01143569964915514
48,face,195,-1,0.495834618806839,0.7099895477294922,-0.032055679708719254
48,face,196,-1,0.48696544766426086,0.7028712034225464,-0.022360146045684814
48,face,197,-1,0.4948134422302246,0.6988970637321472,-0.02382933534681797
48,face,198,-1,0.4750615358352661,0.728074848651886,-0.019226105883717537
48,face,199,-1,0.5050739049911499,0.8611218929290771,-0.018528293818235397
48,face,200,-1,0.504319429397583,0.846450924873352,-0.01821134425699711
48,face,201,-1,0.48946696519851685,0.8485527634620667,-0.016647208482027054
48,face,202,-1,0.4538500905036926,0.826073169708252,-0.0002523675502743572
48,face,203,-1,0.4590222239494324,0.7602347135543823,-0.007745472714304924
48,face,204,-1,0.4634891748428345,0.8369506597518921,-0.005688046105206013
48,face,205,-1,0.4412083625793457,0.7630937695503235,-0.004446738865226507
48,face,206,-1,0.4525885581970215,0.7736469507217407,-0.006998436525464058
48,face,207,-1,0.4353225827217102,0.7836208343505859,0.0007406624499708414
48,face,208,-1,0.4878399670124054,0.8629871606826782,-0.01656479388475418
48,face,209,-1,0.4694991111755371,0.7349263429641724,-0.014366821385920048
48,face,210,-1,0.4482794404029846,0.8375938534736633,0.0055123865604400635
48,face,211,-1,0.4599153697490692,0.8487359285354614,-0.0008598327403888106
48,face,212,-1,0.4458184838294983,0.8125297427177429,0.0016987926792353392
48,face,213,-1,0.4174981415271759,0.7939901351928711,0.02566695027053356
48,face,214,-1,0.43599390983581543,0.8175815343856812,0.008416074328124523
48,face,215,-1,0.41533133387565613,0.8047599196434021,0.04163592308759689
48,face,216,-1,0.4471852779388428,0.7898904085159302,-0.0037031383253633976
48,face,217,-1,0.4751703441143036,0.7181637287139893,-0.013129491358995438
48,face,218,-1,0.4779035151004791,0.7499058842658997,-0.032349031418561935
48,face,219,-1,0.4715207815170288,0.7532230615615845,-0.024411041289567947
48,face,220,-1,0.48177483677864075,0.7418777942657471,-0.03756532818078995
48,face,221,-1,0.47185274958610535,0.6735698580741882,0.003539318684488535
48,face,222,-1,0.45937851071357727,0.6699166297912598,0.001958094537258148
48,face,223,-1,0.44897618889808655,0.6709764003753662,0.0021041000727564096
48,face,224,-1,0.4402581751346588,0.6755965948104858,0.004658490419387817
48,face,225,-1,0.434303879737854,0.6836087107658386,0.008848298341035843
48,face,226,-1,0.4297267496585846,0.7063800096511841,0.019279787316918373
48,face,227,-1,0.40672767162323,0.7316640019416809,0.04988882690668106
48,face,228,-1,0.4293338656425476,0.7188800573348999,0.012508482672274113
48,face,229,-1,0.43494680523872375,0.7185819745063782,0.007898909039795399
48,face,230,-1,0.4450072646141052,0.7152974009513855,0.005046558100730181
48,face,231,-1,0.4556431174278259,0.7101233005523682,0.004124991595745087
48,face,232,-1,0.46407371759414673,0.704648494720459,0.0045373146422207355
48,face,233,-1,0.4702087640762329,0.6995713114738464,0.004526474047452211
48,face,234,-1,0.40801990032196045,0.7302836775779724,0.07857081294059753
48,face,235,-1,0.4716567099094391,0.7559207081794739,-0.02078934758901596
48,face,236,-1,0.4816146194934845,0.7197579741477966,-0.02484811842441559
48,face,237,-1,0.4851544499397278,0.749435305595398,-0.03835514560341835
48,face,238,-1,0.49010393023490906,0.7544042468070984,-0.035584598779678345
48,face,239,-1,0.4850917160511017,0.7514446377754211,-0.0347222201526165
48,face,240,-1,0.47400906682014465,0.7589781880378723,-0.018502293154597282
48,face,241,-1,0.4920590817928314,0.755010724067688,-0.03766883909702301
48,face,242,-1,0.49260225892066956,0.7574941515922546,-0.028806336224079132
48,face,243,-1,0.47283220291137695,0.6914186477661133,0.00918954610824585
48,face,244,-1,0.47585102915763855,0.692249596118927,0.004352137446403503
48,face,245,-1,0.47637271881103516,0.6919853687286377,-0.0015012266812846065
48,face,246,-1,0.43703481554985046,0.6971861124038696,0.012201345525681973
48,face,247,-1,0.4341862201690674,0.6934163570404053,0.012429910711944103
48,face,248,-1,0.5030813217163086,0.7097344994544983,-0.029207460582256317
48,face,249,-1,0.5491439700126648,0.6693651080131531,0.017342502251267433
48,face,250,-1,0.507811963558197,0.7522323131561279,-0.02837969735264778
48,face,251,-1,0.5686165690422058,0.6176714897155762,0.05920153483748436
48,face,252,-1,0.5271552205085754,0.6825413107872009,0.007911362685263157
48,face,253,-1,0.5346382856369019,0.6818268299102783,0.0087176114320755
48,face,254,-1,0.5420078039169312,0.6800715327262878,0.011165826581418514
48,face,255,-1,0.5524880290031433,0.6720255613327026,0.01816183142364025
48,face,256,-1,0.5208858251571655,0.6817394495010376,0.00860019400715828
48,face,257,-1,0.5364217162132263,0.6527660489082336,0.0074150110594928265
48,face,258,-1,0.5282792448997498,0.656186580657959,0.00729533052071929
48,face,259,-1,0.5444605946540833,0.6517869830131531,0.010028266347944736
48,face,260,-1,0.5500651597976685,0.6541464328765869,0.013097001239657402
48,face,261,-1,0.5583205223083496,0.6774799227714539,0.02146093174815178
48,face,262,-1,0.5350241661071777,0.8418452143669128,-0.007287623360753059
48,face,263,-1,0.552203357219696,0.6659953594207764,0.020036255940794945
48,face,264,-1,0.5747287273406982,0.6673678159713745,0.056516773998737335
48,face,265,-1,0.5657640695571899,0.6687423586845398,0.03009124845266342
48,face,266,-1,0.5394535660743713,0.725845456123352,-0.004146849736571312
48,face,267,-1,0.5236654281616211,0.7705749273300171,-0.02402772381901741
48,face,268,-1,0.5211628079414368,0.7798307538032532,-0.02061617001891136
48,face,269,-1,0.5337554216384888,0.7708250880241394,-0.01900470070540905
48,face,270,-1,0.539826512336731,0.7729232907295227,-0.012478034943342209
48,face,271,-1,0.5287336111068726,0.7782498002052307,-0.016842832788825035
48,face,272,-1,0.5347045660018921,0.7780975699424744,-0.011006341315805912
48,face,273,-1,0.5436325669288635,0.797655463218689,-0.0019311645301058888
48,face,274,-1,0.5058969259262085,0.7458370327949524,-0.04166499152779579
48,face,275,-1,0.5063138604164124,0.7347021698951721,-0.04329995438456535
48,face,276,-1,0.559624969959259,0.6414994597434998,0.016352392733097076
48,face,277,-1,0.5204703211784363,0.7033951282501221,-0.003104770788922906
48,face,278,-1,0.5270442962646484,0.735933780670166,-0.021639559417963028
48,face,279,-1,0.5270271897315979,0.7297753691673279,-0.018848050385713577
48,face,280,-1,0.561100959777832,0.7175407409667969,0.00728012528270483
48,face,281,-1,0.5048590302467346,0.721175491809845,-0.03768329322338104
48,face,282,-1,0.5408586859703064,0.6357312798500061,0.0030919495038688183
48,face,283,-1,0.5517061948776245,0.6358815431594849,0.009457351639866829
48,face,284,-1,0.5617263913154602,0.5997692942619324,0.04604334756731987
48,face,285,-1,0.5086791515350342,0.6543780565261841,-0.005215418059378862
48,face,286,-1,0.5214136242866516,0.6619739532470703,0.009106472134590149
48,face,287,-1,0.5495240688323975,0.7840922474861145,0.001271850080229342
48,face,288,-1,0.5771203637123108,0.7734881043434143,0.06602504104375839
48,face,289,-1,0.521406888961792,0.7440429329872131,-0.0193630363792181
48,face,290,-1,0.5145533084869385,0.7504441142082214,-0.021183699369430542
48,face,291,-1,0.5466687083244324,0.778821587562561,0.0006339923711493611
48,face,292,-1,0.5437697768211365,0.7788758277893066,-0.001648943405598402
48,face,293,-1,0.555314838886261,0.6277461647987366,0.014184338971972466
48,face,294,-1,0.5280275344848633,0.7404008507728577,-0.017900925129652023
48,face,295,-1,0.5268638730049133,0.6411375999450684,-0.0018997560255229473
48,face,296,-1,0.5275492668151855,0.6320409178733826,-0.002556790830567479
48,face,297,-1,0.5323606729507446,0.5813484191894531,0.017609011381864548
48,face,298,-1,0.5585980415344238,0.612816572189331,0.027795184403657913
48,face,299,-1,0.5295247435569763,0.6048535704612732,0.006765157449990511
48,face,300,-1,0.5635539889335632,0.6360083818435669,0.02366289682686329
48,face,301,-1,0.5660074353218079,0.6268343925476074,0.04019603878259659
48,face,302,-1,0.5228065848350525,0.7754148244857788,-0.023087574169039726
48,face,303,-1,0.5312718749046326,0.7748824954032898,-0.018196851015090942
48,face,304,-1,0.5373440980911255,0.7755951881408691,-0.01237450446933508
48,face,305,-1,0.5196822881698608,0.7469237446784973,-0.01823095604777336
48,face,306,-1,0.5452038645744324,0.7789012789726257,-0.0005732739227823913
48,face,307,-1,0.5411558151245117,0.7814050316810608,-0.006175743881613016
48,face,308,-1,0.542334258556366,0.7789459228515625,-0.0019563697278499603
48,face,309,-1,0.5160340666770935,0.7427712678909302,-0.029807323589920998
48,face,310,-1,0.5321023464202881,0.7800000309944153,-0.009764201007783413
48,face,311,-1,0.526387631893158,0.7809002995491028,-0.013812044635415077
48,face,312,-1,0.5193901658058167,0.7829300761222839,-0.017209937795996666
48,face,313,-1,0.5157321095466614,0.8293247818946838,-0.01754015125334263
48,face,314,-1,0.5214570164680481,0.7954848408699036,-0.0220970269292593
48,face,315,-1,0.5213258266448975,0.7902657985687256,-0.02177891694009304
48,face,316,-1,0.520331084728241,0.7856650948524475,-0.018994096666574478
48,face,317,-1,0.518966019153595,0.782830536365509,-0.01768435537815094
48,face,318,-1,0.5320635437965393,0.7801998853683472,-0.010056434199213982
48,face,319,-1,0.5342057347297668,0.7818272709846497,-0.011486397124826908
48,face,320,-1,0.536550760269165,0.7840377688407898,-0.013130126520991325
48,face,321,-1,0.5385425686836243,0.786811351776123,-0.01193133182823658
48,face,322,-1,0.5389702320098877,0.7666594982147217,-0.009681621566414833
48,face,323,-1,0.5784097909927368,0.7159175276756287,0.08250493556261063
48,face,324,-1,0.5366183519363403,0.7797731161117554,-0.005352787673473358
48,face,325,-1,0.5387794375419617,0.7805031538009644,-0.006248940248042345
48,face,326,-1,0.5119337439537048,0.7558367848396301,-0.022384313866496086
48,face,327,-1,0.5260179042816162,0.7479158639907837,-0.01344701461493969
48,face,328,-1,0.5132223963737488,0.7533250451087952,-0.02186550199985504
48,face,329,-1,0.529097318649292,0.7067683935165405,-0.0007298293057829142
48,face,330,-1,0.5421455502510071,0.7101200222969055,0.0013532114680856466
48,face,331,-1,0.5288150310516357,0.7342149019241333,-0.014901514165103436
48,face,332,-1,0.5504609942436218,0.5872012376785278,0.03128358721733093
48,face,333,-1,0.5470085144042969,0.6051021218299866,0.016817105934023857
48,face,334,-1,0.5429652333259583,0.626395583152771,0.005657382775098085
48,face,335,-1,0.5365476608276367,0.8088549971580505,-0.007412174716591835
48,face,336,-1,0.5099021196365356,0.6402486562728882,-0.006871976889669895
48,face,337,-1,0.5107259750366211,0.608494222164154,0.0006570369005203247
48,face,338,-1,0.5118428468704224,0.5812565684318542,0.009166513569653034
48,face,339,-1,0.5486109852790833,0.6767606139183044,0.01481669768691063
48,face,340,-1,0.5663030743598938,0.6831209659576416,0.02554387040436268
48,face,341,-1,0.5169275403022766,0.6802401542663574,0.009858223609626293
48,face,342,-1,0.5579068064689636,0.6566219925880432,0.019691120833158493
48,face,343,-1,0.5140886306762695,0.6985759735107422,-0.0057010045275092125
48,face,344,-1,0.5209026336669922,0.7343766689300537,-0.029117083176970482
48,face,345,-1,0.5735006928443909,0.6888476014137268,0.033512186259031296
48,face,346,-1,0.5620576739311218,0.6906163692474365,0.01778748631477356
48,face,347,-1,0.5527620911598206,0.6961542963981628,0.009857827797532082
48,face,348,-1,0.5381610989570618,0.6981357932090759,0.0057229697704315186
48,face,349,-1,0.52717524766922,0.6965264081954956,0.003956259228289127
48,face,350,-1,0.5189517736434937,0.6938175559043884,0.0020759354811161757
48,face,351,-1,0.5019301176071167,0.6878266334533691,-0.013172511011362076
48,face,352,-1,0.5758662223815918,0.7106767296791077,0.029545776546001434
48,face,353,-1,0.5631718635559082,0.6542133092880249,0.02374698780477047
48,face,354,-1,0.5034701824188232,0.7529187202453613,-0.0384097620844841
48,face,355,-1,0.5217139720916748,0.7139508128166199,-0.007558252662420273
48,face,356,-1,0.5746195912361145,0.6646043658256531,0.08185750991106033
48,face,357,-1,0.5127477645874023,0.6899113655090332,0.0012566075893118978
48,face,358,-1,0.5296045541763306,0.7342197299003601,-0.00737596582621336
48,face,359,-1,0.5551241636276245,0.6651391386985779,0.021425355225801468
48,face,360,-1,0.520859956741333,0.7267863750457764,-0.02568020112812519
48,face,361,-1,0.5790566205978394,0.7437105178833008,0.07645878195762634
48,face,362,-1,0.5170775651931763,0.6769571900367737,0.012467768974602222
48,face,363,-1,0.5126268267631531,0.723064124584198,-0.033097438514232635
48,face,364,-1,0.5662283897399902,0.8049878478050232,0.02486521191895008
48,face,365,-1,0.5655359625816345,0.819236159324646,0.035346608608961105
48,face,366,-1,0.5802901983261108,0.7139936089515686,0.05633975565433502
48,face,367,-1,0.5740351676940918,0.7867776155471802,0.035582683980464935
48,face,368,-1,0.5703473091125488,0.6453717947006226,0.050730686634778976
48,face,369,-1,0.536797285079956,0.8543458580970764,-0.0038169787731021643
48,face,370,-1,0.5029190182685852,0.7559557557106018,-0.028640206903219223
48,face,371,-1,0.5294244885444641,0.7197067141532898,-0.005198087077587843
48,face,372,-1,0.5708468556404114,0.6703467965126038,0.03787868097424507
48,face,373,-1,0.5409737825393677,0.6740086078643799,0.012311653234064579
48,face,374,-1,0.5343010425567627,0.6758972406387329,0.010180851444602013
48,face,375,-1,0.5434261560440063,0.7825318574905396,-0.004872789140790701
48,face,376,-1,0.5774122476577759,0.7334536910057068,0.0299551859498024
48,face,377,-1,0.5230423212051392,0.8759158253669739,-0.006458112504333258
48,face,378,-1,0.5461007356643677,0.8523733615875244,0.012166780419647694
48,face,379,-1,0.5553523302078247,0.8383982181549072,0.022628193721175194
48,face,380,-1,0.5281243324279785,0.6766167879104614,0.009661667048931122
48,face,381,-1,0.5223678946495056,0.676741898059845,0.010636208578944206
48,face,382,-1,0.518792450428009,0.6770057082176208,0.012324844487011433
48,face,383,-1,0.5675036311149597,0.6512700915336609,0.03177381306886673
48,face,384,-1,0.5234639644622803,0.6702850461006165,0.0103600500151515
48,face,385,-1,0.5296312570571899,0.6666132807731628,0.009306810796260834
48,face,386,-1,0.5357255339622498,0.6642590761184692,0.009941644966602325
48,face,387,-1,0.5423242449760437,0.6633867621421814,0.011841345578432083
48,face,388,-1,0.5470048785209656,0.6641020774841309,0.014193871058523655
48,face,389,-1,0.5724117159843445,0.6381073594093323,0.07248622179031372
48,face,390,-1,0.5456777215003967,0.6717307567596436,0.014970201067626476
48,face,391,-1,0.5306490659713745,0.7624637484550476,-0.014646098017692566
48,face,392,-1,0.5210840106010437,0.7424331903457642,-0.021993637084960938
48,face,393,-1,0.5132920145988464,0.7637983560562134,-0.022479712963104248
48,face,394,-1,0.5567020773887634,0.8235642313957214,0.015847403556108475
48,face,395,-1,0.547353982925415,0.8390151858329773,0.00641341507434845
48,face,396,-1,0.522983193397522,0.8666565418243408,-0.012766167521476746
48,face,397,-1,0.5723608732223511,0.7990137338638306,0.05094379931688309
48,face,398,-1,0.5191617012023926,0.6743650436401367,0.011698948219418526
48,face,399,-1,0.5089340209960938,0.703291118144989,-0.01686287485063076
48,face,400,-1,0.5357346534729004,0.865226149559021,0.0013360538287088275
48,face,401,-1,0.5809657573699951,0.7391528487205505,0.05299757421016693
48,face,402,-1,0.5260751247406006,0.781020998954773,-0.014192609116435051
48,face,403,-1,0.5280101299285889,0.7834402918815613,-0.015576784498989582
48,face,404,-1,0.529786229133606,0.7870820760726929,-0.017658008262515068
48,face,405,-1,0.5308991074562073,0.7916881442070007,-0.017287224531173706
48,face,406,-1,0.5275858640670776,0.8200631141662598,-0.013195935636758804
48,face,407,-1,0.5396175384521484,0.7784854173660278,-0.005792031995952129
48,face,408,-1,0.5421872138977051,0.7772538661956787,-0.0055894688703119755
48,face,409,-1,0.5446115732192993,0.7757325768470764,-0.005427386611700058
48,face,410,-1,0.5456607937812805,0.7736822962760925,-0.0035811932757496834
48,face,411,-1,0.5693415999412537,0.7409840822219849,0.013844774104654789
48,face,412,-1,0.5078282356262207,0.6926794648170471,-0.008819559589028358
48,face,413,-1,0.51065993309021,0.6705076694488525,0.007010295987129211
48,face,414,-1,0.5155435800552368,0.6710882782936096,0.01035392563790083
48,face,415,-1,0.5368494987487793,0.7796329855918884,-0.005248599220067263
48,face,416,-1,0.5718415975570679,0.7694066166877747,0.02300618216395378
48,face,417,-1,0.5037869811058044,0.6717712879180908,-0.0037509931717067957
48,face,418,-1,0.5315196514129639,0.8302175998687744,-0.010123389773070812
48,face,419,-1,0.5025679469108582,0.6992189288139343,-0.021834054961800575
48,face,420,-1,0.5170421600341797,0.7181008458137512,-0.01798221282660961
48,face,421,-1,0.5183886885643005,0.8412115573883057,-0.016080603003501892
48,face,422,-1,0.5494412779808044,0.8012610673904419,0.0021107287611812353
48,face,423,-1,0.5366553664207458,0.7412912845611572,-0.005843251943588257
48,face,424,-1,0.5415065884590149,0.8168230056762695,-0.003814639523625374
48,face,425,-1,0.5528783202171326,0.7355433702468872,-0.0016301337163895369
48,face,426,-1,0.5445197820663452,0.7508513331413269,-0.004685553722083569
48,face,427,-1,0.5609837770462036,0.7521011829376221,0.0039959498681128025
48,face,428,-1,0.5213024616241455,0.8544824719429016,-0.015818236395716667
48,face,429,-1,0.5231708884239197,0.7220178246498108,-0.012853420339524746
48,face,430,-1,0.5549842119216919,0.8098132610321045,0.008504992350935936
48,face,431,-1,0.54543137550354,0.8266376852989197,0.0013591668102890253
48,face,432,-1,0.5554916262626648,0.784273624420166,0.00463533541187644
48,face,433,-1,0.5771853923797607,0.7538084983825684,0.03092210181057453
48,face,434,-1,0.5639994144439697,0.7846226096153259,0.012137585319578648
48,face,435,-1,0.5793418884277344,0.7633639574050903,0.04752139374613762
48,face,436,-1,0.5518760681152344,0.7633740901947021,-0.0009971001418307424
48,face,437,-1,0.5152318477630615,0.708712100982666,-0.011800285428762436
48,face,438,-1,0.5185255408287048,0.74005126953125,-0.031079651787877083
48,face,439,-1,0.524688720703125,0.7403640151023865,-0.0229889415204525
48,face,440,-1,0.5138660669326782,0.7341347932815552,-0.0363781563937664
48,face,441,-1,0.5158448815345764,0.6599535346031189,0.005733434110879898
48,face,442,-1,0.5273960828781128,0.6501615047454834,0.004962817765772343
48,face,443,-1,0.5380259156227112,0.6455973386764526,0.005691596772521734
48,face,444,-1,0.5473999381065369,0.6449364423751831,0.009020003490149975
48,face,445,-1,0.554158091545105,0.648487389087677,0.013797822408378124
48,face,446,-1,0.5596027374267578,0.6668961048126221,0.024463124573230743
48,face,447,-1,0.5781010389328003,0.690518319606781,0.056888747960329056
48,face,448,-1,0.5544700622558594,0.6825963258743286,0.01702832616865635
48,face,449,-1,0.5466381311416626,0.6872589588165283,0.011811939999461174
48,face,450,-1,0.5365049839019775,0.6894037127494812,0.008209356106817722
48,face,451,-1,0.5268869996070862,0.6892224550247192,0.006565692834556103
48,face,452,-1,0.5194929242134094,0.6876891255378723,0.006370812654495239
48,face,453,-1,0.5143688917160034,0.6856371760368347,0.005981162656098604
48,face,454,-1,0.5762929916381836,0.6899500489234924,0.08477354794740677
48,face,455,-1,0.5249361991882324,0.743107795715332,-0.019454574212431908
48,face,456,-1,0.510106086730957,0.7129751443862915,-0.023849017918109894
48,face,457,-1,0.511947512626648,0.7429149746894836,-0.03756624460220337
48,face,458,-1,0.5077946782112122,0.7503242492675781,-0.035091251134872437
48,face,459,-1,0.5122037529945374,0.7449610233306885,-0.03388271853327751
48,face,460,-1,0.5231615304946899,0.7472777366638184,-0.017406374216079712
48,face,461,-1,0.5061219930648804,0.7516873478889465,-0.037272751331329346
48,face,462,-1,0.5058019161224365,0.7544807195663452,-0.028485586866736412
48,face,463,-1,0.5142970681190491,0.6777634620666504,0.010961946099996567
48,face,464,-1,0.5102178454399109,0.6809824109077454,0.0055468142963945866
48,face,465,-1,0.5078145265579224,0.6831745505332947,-0.0005366539116948843
48,face,466,-1,0.5499807596206665,0.665105938911438,0.01671847701072693
48,face,467,-1,0.5541560053825378,0.6582849025726318,0.017338018864393234
48,face,468,-1,0.45211243629455566,0.6702299118041992,0.009292405098676682
48,face,469,-1,0.4597971737384796,0.6679829955101013,0.009292405098676682
48,face,470,-1,0.4511372148990631,0.6603068709373474,0.009292405098676682
48,face,471,-1,0.4446098208427429,0.6719691157341003,0.009292405098676682
48,face,472,-1,0.453216552734375,0.6796528100967407,0.009292405098676682
48,face,473,-1,0.5320977568626404,0.6630181074142456,0.012749568559229374
48,face,474,-1,0.5400146245956421,0.6611752510070801,0.012749568559229374
48,face,475,-1,0.5314087271690369,0.6530652642250061,0.012749568559229374
48,face,476,-1,0.524051308631897,0.664695143699646,0.012749568559229374
48,face,477,-1,0.5326948165893555,0.6726380586624146,0.012749568559229374
48,hand,0,0,0.5708048343658447,0.7320191860198975,1.1246524422858784e-07
48,hand,1,0,0.5557756423950195,0.7555750012397766,0.0010441744234412909
48,hand,2,0,0.5467041730880737,0.786555290222168,0.0012997376034036279
48,hand,3,0,0.5412485003471375,0.8118212223052979,0.0010325117036700249
48,hand,4,0,0.5364198088645935,0.830182671546936,0.0006928849616087973
48,hand,5,0,0.5521194934844971,0.8052330017089844,0.0014507572632282972
48,hand,6,0,0.5495291948318481,0.8363340497016907,-3.455627665971406e-05
48,hand,7,0,0.5480027198791504,0.8571414947509766,-0.0016991466982290149
48,hand,8,0,0.546936571598053,0.8733340501785278,-0.0029668579809367657
48,hand,9,0,0.5617169737815857,0.8097668886184692,-0.0004586221184581518
48,hand,10,0,0.560623288154602,0.8423678278923035,-0.0016675059450790286
48,hand,11,0,0.5591714978218079,0.8645516037940979,-0.0037617383059114218
48,hand,12,0,0.557489812374115,0.8811646699905396,-0.005484625697135925
48,hand,13,0,0.571297824382782,0.8109035491943359,-0.002410236047580838
48,hand,14,0,0.5709179639816284,0.8429923057556152,-0.0038492842577397823
48,hand,15,0,0.5699886083602905,0.8656466007232666,-0.006163373589515686
48,hand,16,0,0.568867027759552,0.8826729655265808,-0.008009891025722027
48,hand,17,0,0.58012855052948,0.8083080053329468,-0.004196478053927422
48,hand,18,0,0.5835791826248169,0.8355082273483276,-0.006206932011991739
48,hand,19,0,0.585380494594574,0.8545457720756531,-0.007516242563724518
48,hand,20,0,0.5865048766136169,0.8706358075141907,-0.008230552077293396
48,hand,0,1,0.3999398648738861,0.8421856164932251,9.301064807232251e-09
48,hand,1,1,0.4165695011615753,0.8520667552947998,-0.005740933120250702
48,hand,2,1,0.42465922236442566,0.8766550421714783,-0.007348327431827784
48,hand,3,1,0.42871010303497314,0.9016005992889404,-0.007562993559986353
48,hand,4,1,0.4337722361087799,0.920295238494873,-0.007052324246615171
48,hand,5,1,0.4138096570968628,0.900672435760498,-0.005406241863965988
48,hand,6,1,0.4205368459224701,0.9320821166038513,-0.006459164433181286
48,hand,7,1,0.4257732629776001,0.946618378162384,-0.006962717976421118
48,hand,8,1,0.4305151104927063,0.9571861624717712,-0.006988036446273327
48,hand,9,1,0.40511423349380493,0.9033591747283936,-0.002731116721406579
48,hand,10,1,0.4125727415084839,0.9344055652618408,-0.0033849466126412153
48,hand,11,1,0.4205344617366791,0.9467377662658691,-0.0034155724570155144
48,hand,12,1,0.4267038106918335,0.9528362154960632,-0.0032367443200200796
48,hand,13,1,0.399710088968277,0.9020483493804932,-0.0003536686417646706
48,hand,14,1,0.40623435378074646,0.9306127429008484,-0.0012627720134332776
48,hand,15,1,0.4138031601905823,0.9413222074508667,-0.0012578001478686929
48,hand,16,1,0.41965022683143616,0.9455928802490234,-0.0007985233678482473
48,hand,17,1,0.39701274037361145,0.8997732996940613,0.0016314027598127723
48,hand,18,1,0.4013735353946686,0.923753023147583,0.0010956217302009463
48,hand,19,1,0.40764299035072327,0.9342845678329468,0.001440884661860764
48,hand,20,1,0.412988543510437,0.9386260509490967,0.002180984476581216
48,pose,0,-1,0.4586776793003082,0.21152855455875397,-0.4134298861026764
48,pose,1,-1,0.4674949049949646,0.18530452251434326,-0.3947868049144745
48,pose,2,-1,0.473387748003006,0.18494735658168793,-0.3948874771595001
48,pose,3,-1,0.479875773191452,0.1843605786561966,-0.39485201239585876
48,pose,4,-1,0.4504590928554535,0.18768702447414398,-0.3905138373374939
48,pose,5,-1,0.44626384973526,0.18907052278518677,-0.3905496597290039
48,pose,6,-1,0.4429345428943634,0.18997760117053986,-0.39071494340896606
48,pose,7,-1,0.49205079674720764,0.19437482953071594,-0.2549702227115631
48,pose,8,-1,0.4416947066783905,0.20240306854248047,-0.23304280638694763
48,pose,9,-1,0.4739130735397339,0.24121172726154327,-0.3604866862297058
48,pose,10,-1,0.45213812589645386,0.2440948784351349,-0.3536723852157593
48,pose,11,-1,0.55588299036026,0.3498328626155853,-0.15046674013137817
48,pose,12,-1,0.40267759561538696,0.39337727427482605,-0.15671037137508392
48,pose,13,-1,0.5895825028419495,0.5612356066703796,-0.10147436708211899
48,pose,14,-1,0.3988431394100189,0.6271400451660156,-0.12190927565097809
48,pose,15,-1,0.5711525082588196,0.7488480806350708,-0.2832143008708954
48,pose,16,-1,0.4050614535808563,0.8239390254020691,-0.2835548520088196
48,pose,17,-1,0.5719376802444458,0.8247383236885071,-0.3456079363822937
48,pose,18,-1,0.40427350997924805,0.8881784081459045,-0.3382684290409088
48,pose,19,-1,0.554724931716919,0.8170446753501892,-0.38866010308265686
48,pose,20,-1,0.41752105951309204,0.8878397345542908,-0.388030081987381
48,pose,21,-1,0.5496035814285278,0.799257755279541,-0.3031683564186096
48,pose,22,-1,0.42138293385505676,0.8637185096740723,-0.30595484375953674
48,pose,23,-1,0.5368005037307739,0.7729547619819641,0.0051389290019869804
48,pose,24,-1,0.44987547397613525,0.7905793190002441,-0.004436884541064501
48,pose,25,-1,0.5274378657341003,1.0220091342926025,-0.0176872406154871
48,pose,26,-1,0.4616653025150299,1.0292181968688965,0.032759491354227066
48,pose,27,-1,0.5494887828826904,1.3211572170257568,0.3168852627277374
48,pose,28,-1,0.46870648860931396,1.3188508749008179,0.2931826710700989
48,pose,29,-1,0.5516289472579956,1.3540314435958862,0.3423491418361664
48,pose,30,-1,0.4676445722579956,1.3518860340118408,0.3139860928058624
48,pose,31,-1,0.5427548885345459,1.4049021005630493,0.1799040138721466
48,pose,32,-1,0.485847145318985,1.4063448905944824,0.13178369402885437
49,face,0,-1,0.5106648206710815,0.7713146805763245,-0.02945040911436081
49,face,1,-1,0.49983781576156616,0.7396426796913147,-0.043367594480514526
49,face,2,-1,0.5007774233818054,0.7546219825744629,-0.02676342986524105
49,face,3,-1,0.48797863721847534,0.7071953415870667,-0.027745554223656654
49,face,4,-1,0.49860212206840515,0.7278275489807129,-0.044463735073804855
49,face,5,-1,0.4968314468860626,0.7142355442047119,-0.03922569006681442
49,face,6,-1,0.4926283657550812,0.6825129389762878,-0.011779513210058212
49,face,7,-1,0.4378580152988434,0.7029099464416504,0.016859643161296844
49,face,8,-1,0.48929718136787415,0.6534329056739807,-0.001054563676007092
49,face,9,-1,0.4877033531665802,0.6372007131576538,0.0005451635806821287
49,face,10,-1,0.4827287197113037,0.5854096412658691,0.020320137962698936
49,face,11,-1,0.5110722780227661,0.776112973690033,-0.028801554813981056
49,face,12,-1,0.5111799836158752,0.7810259461402893,-0.02684580534696579
49,face,13,-1,0.5111309289932251,0.7845527529716492,-0.02361418306827545
49,face,14,-1,0.5104560256004333,0.785162091255188,-0.024017127230763435
49,face,15,-1,0.510722279548645,0.7897787690162659,-0.025807246565818787
49,face,16,-1,0.5107746124267578,0.7953352332115173,-0.028963329270482063
49,face,17,-1,0.5106808543205261,0.8012982606887817,-0.029890194535255432
49,face,18,-1,0.5085432529449463,0.8323286771774292,-0.026325108483433723
49,face,19,-1,0.5004627704620361,0.7473094463348389,-0.040212664753198624
49,face,20,-1,0.491722047328949,0.7510916590690613,-0.03033466637134552
49,face,21,-1,0.4065757691860199,0.6666982173919678,0.062118109315633774
49,face,22,-1,0.4568784832954407,0.7041332721710205,0.008478956297039986
49,face,23,-1,0.4494558274745941,0.7078853249549866,0.008660710416734219
49,face,24,-1,0.4424920678138733,0.7106788754463196,0.010572890751063824
49,face,25,-1,0.43546178936958313,0.7102116346359253,0.017080532386898994
49,face,26,-1,0.46363565325737,0.6996521949768066,0.010236934758722782
49,face,27,-1,0.4494292438030243,0.6801413893699646,0.008771833032369614
49,face,28,-1,0.4573049247264862,0.6783461570739746,0.009666100144386292
49,face,29,-1,0.44249922037124634,0.684342086315155,0.010567792691290379
49,face,30,-1,0.4376620352268219,0.6900339126586914,0.01317363791167736
49,face,31,-1,0.4282418489456177,0.7207440137863159,0.019763169810175896
49,face,32,-1,0.4776194989681244,0.860639750957489,-0.01871410943567753
49,face,33,-1,0.43593811988830566,0.7028012871742249,0.019649380818009377
49,face,34,-1,0.4066181480884552,0.7183048129081726,0.053249575197696686
49,face,35,-1,0.42438581585884094,0.7168965339660645,0.028474850580096245
49,face,36,-1,0.45373234152793884,0.7477743625640869,-0.007349265739321709
49,face,37,-1,0.4985834062099457,0.7746936678886414,-0.028760619461536407
49,face,38,-1,0.5007637739181519,0.7851518392562866,-0.025959955528378487
49,face,39,-1,0.48598435521125793,0.7839316725730896,-0.024771761149168015
49,face,40,-1,0.47791653871536255,0.7918645739555359,-0.019215481355786324
49,face,41,-1,0.49123698472976685,0.7900006771087646,-0.02287471294403076
49,face,42,-1,0.4836778938770294,0.794635534286499,-0.01777014508843422
49,face,43,-1,0.46384197473526,0.8212273716926575,-0.011222263798117638
49,face,44,-1,0.4927217662334442,0.7418743371963501,-0.04288952425122261
49,face,45,-1,0.490106463432312,0.7310073971748352,-0.04376734420657158
49,face,46,-1,0.42922893166542053,0.6855664253234863,0.017358586192131042
49,face,47,-1,0.46838557720184326,0.715677797794342,-0.0029461493249982595
49,face,48,-1,0.4693107306957245,0.7475846409797668,-0.024287080392241478
49,face,49,-1,0.46783655881881714,0.7422947287559509,-0.02117229998111725
49,face,50,-1,0.43017154932022095,0.7542621493339539,0.002530554076656699
49,face,51,-1,0.4888245165348053,0.7180435657501221,-0.03722691163420677
49,face,52,-1,0.4464558959007263,0.6663716435432434,0.006921454332768917
49,face,53,-1,0.43629229068756104,0.6738783121109009,0.01206559780985117
49,face,54,-1,0.4106285870075226,0.6432732343673706,0.051207929849624634
49,face,55,-1,0.4764118492603302,0.6641973853111267,0.000765283708460629
49,face,56,-1,0.46465373039245605,0.6793642640113831,0.011864298023283482
49,face,57,-1,0.45596927404403687,0.8117572069168091,-0.007523948792368174
49,face,58,-1,0.42167407274246216,0.8281002044677734,0.054105546325445175
49,face,59,-1,0.47677063941955566,0.7521973252296448,-0.02223801426589489
49,face,60,-1,0.4847404658794403,0.7542705535888672,-0.02360359951853752
49,face,61,-1,0.4693204164505005,0.8024962544441223,-0.007877116091549397
49,face,62,-1,0.47239577770233154,0.8009759187698364,-0.009861422702670097
49,face,63,-1,0.4338516592979431,0.6683294177055359,0.017038149759173393
49,face,64,-1,0.46929681301116943,0.753220796585083,-0.020938057452440262
49,face,65,-1,0.4594103991985321,0.6624376177787781,0.002911932999268174
49,face,66,-1,0.45875757932662964,0.6522705554962158,0.0029710293747484684
49,face,67,-1,0.43696582317352295,0.6057009696960449,0.027220239862799644
49,face,68,-1,0.4148842394351959,0.6502009630203247,0.03114274889230728
49,face,69,-1,0.4424732029438019,0.6237525939941406,0.014101546257734299
49,face,70,-1,0.42609864473342896,0.6824877858161926,0.024744730442762375
49,face,71,-1,0.40994125604629517,0.6700302362442017,0.04166443273425102
49,face,72,-1,0.4994821548461914,0.7804408073425293,-0.028148416429758072
49,face,73,-1,0.4885207414627075,0.7873581051826477,-0.024141468107700348
49,face,74,-1,0.48065850138664246,0.7933475375175476,-0.019139183685183525
49,face,75,-1,0.47899332642555237,0.7542261481285095,-0.020740915089845657
49,face,76,-1,0.47099506855010986,0.8017544746398926,-0.008901707828044891
49,face,77,-1,0.47549086809158325,0.8016100525856018,-0.014489246532320976
49,face,78,-1,0.47356200218200684,0.8002474308013916,-0.010107047855854034
49,face,79,-1,0.4818607568740845,0.7464299201965332,-0.03186110407114029
49,face,80,-1,0.4858320951461792,0.7948516607284546,-0.01670905388891697
49,face,81,-1,0.4932217001914978,0.7913522124290466,-0.02013242244720459
49,face,82,-1,0.5017276406288147,0.7879035472869873,-0.022860608994960785
49,face,83,-1,0.49583303928375244,0.8348299264907837,-0.025911923497915268
49,face,84,-1,0.4985911548137665,0.8050092458724976,-0.029270896688103676
49,face,85,-1,0.4992172420024872,0.7988235354423523,-0.028378291055560112
49,face,86,-1,0.5001097321510315,0.7929882407188416,-0.024989692494273186
49,face,87,-1,0.5009452700614929,0.7885570526123047,-0.0232000183314085
49,face,88,-1,0.48516127467155457,0.7949839234352112,-0.01698002964258194
49,face,89,-1,0.4832385778427124,0.7978473901748657,-0.018800536170601845
49,face,90,-1,0.4809248149394989,0.801628053188324,-0.02092457190155983
49,face,91,-1,0.47885867953300476,0.8058474063873291,-0.02025088667869568
49,face,92,-1,0.46307358145713806,0.7865197658538818,-0.016059109941124916
49,face,93,-1,0.4097828269004822,0.7719426155090332,0.07529653608798981
49,face,94,-1,0.5006365180015564,0.7512544393539429,-0.030974747613072395
49,face,95,-1,0.4795461893081665,0.7975121140480042,-0.013038194738328457
49,face,96,-1,0.477779746055603,0.7993695735931396,-0.014221630059182644
49,face,97,-1,0.48817598819732666,0.7579659819602966,-0.02530641481280327
49,face,98,-1,0.4727005362510681,0.7597643136978149,-0.016709739342331886
49,face,99,-1,0.4865227937698364,0.7562129497528076,-0.02445850521326065
49,face,100,-1,0.4602501392364502,0.7245339155197144,-0.0017511519836261868
49,face,101,-1,0.44782987236976624,0.7351816296577454,-0.0008718688623048365
49,face,102,-1,0.4668949544429779,0.7481226921081543,-0.01769173890352249
49,face,103,-1,0.4198668301105499,0.6228364706039429,0.03853844851255417
49,face,104,-1,0.4250006079673767,0.6346583366394043,0.02206713892519474
49,face,105,-1,0.44488292932510376,0.6572684645652771,0.00996621884405613
49,face,106,-1,0.4723004102706909,0.8276663422584534,-0.016860684379935265
49,face,107,-1,0.47545361518859863,0.6490485668182373,0.0002032185293501243
49,face,108,-1,0.4622390568256378,0.6170710325241089,0.009775705635547638
49,face,109,-1,0.45751017332077026,0.5941726565361023,0.020848628133535385
49,face,110,-1,0.4375491142272949,0.7117912769317627,0.013753754086792469
49,face,111,-1,0.42084944248199463,0.7322478294372559,0.02263876609504223
49,face,112,-1,0.4683195948600769,0.6957542300224304,0.011951394379138947
49,face,113,-1,0.43163764476776123,0.6985817551612854,0.01939558796584606
49,face,114,-1,0.47392037510871887,0.7066559195518494,-0.004551970399916172
49,face,115,-1,0.47505807876586914,0.741195023059845,-0.03104320541024208
49,face,116,-1,0.4114892780780792,0.7363218069076538,0.02900775708258152
49,face,117,-1,0.42062142491340637,0.7370938658714294,0.014421357773244381
49,face,118,-1,0.42671462893486023,0.7364342212677002,0.0070702615194022655
49,face,119,-1,0.4412345588207245,0.7289635539054871,0.004362114239484072
49,face,120,-1,0.45318907499313354,0.720219075679779,0.003699451219290495
49,face,121,-1,0.46201199293136597,0.7115997672080994,0.002891887677833438
49,face,122,-1,0.4844973385334015,0.687974214553833,-0.00941487867385149
49,face,123,-1,0.41319069266319275,0.7590847015380859,0.02305625192821026
49,face,124,-1,0.42673709988594055,0.6999819874763489,0.0231875479221344
49,face,125,-1,0.49612322449684143,0.7483230829238892,-0.03997030854225159
49,face,126,-1,0.469454824924469,0.7257071137428284,-0.008451729081571102
49,face,127,-1,0.40617915987968445,0.7192882299423218,0.07948485016822815
49,face,128,-1,0.4689648747444153,0.7028881311416626,0.0031890899408608675
49,face,129,-1,0.46607470512390137,0.7496496438980103,-0.010165175423026085
49,face,130,-1,0.43415629863739014,0.7045773267745972,0.020807845517992973
49,face,131,-1,0.47343724966049194,0.7346643209457397,-0.02709623984992504
49,face,132,-1,0.4140264391899109,0.7998579144477844,0.0668463259935379
49,face,133,-1,0.46935659646987915,0.6922705173492432,0.01478886790573597
49,face,134,-1,0.4810910224914551,0.7250362634658813,-0.03353171795606613
49,face,135,-1,0.43897545337677,0.8477060794830322,0.012272483669221401
49,face,136,-1,0.4415602385997772,0.8640483617782593,0.02191787399351597
49,face,137,-1,0.4083389937877655,0.7676884531974792,0.048656661063432693
49,face,138,-1,0.42793992161750793,0.835250198841095,0.02327236719429493
49,face,139,-1,0.40844225883483887,0.6928132176399231,0.049908947199583054
49,face,140,-1,0.47710707783699036,0.8755495548248291,-0.016588794067502022
49,face,141,-1,0.4970356822013855,0.7519630789756775,-0.030563969165086746
49,face,142,-1,0.4626838266849518,0.7363085150718689,-0.007187510374933481
49,face,143,-1,0.4217380881309509,0.7219426035881042,0.035505592823028564
49,face,144,-1,0.44426149129867554,0.7017083168029785,0.01220010407269001
49,face,145,-1,0.45046213269233704,0.6997581124305725,0.010547148063778877
49,face,146,-1,0.4731270372867584,0.8042073845863342,-0.013530577532947063
49,face,147,-1,0.41581493616104126,0.7826237678527832,0.021631011739373207
49,face,148,-1,0.4948066771030426,0.8902987837791443,-0.01896628364920616
49,face,149,-1,0.4668894112110138,0.8825063109397888,-0.0010895453160628676
49,face,150,-1,0.4551410675048828,0.8754903078079224,0.009231757372617722
49,face,151,-1,0.4851920008659363,0.6105829477310181,0.009108230471611023
49,face,152,-1,0.5132226943969727,0.8870802521705627,-0.02109270915389061
49,face,153,-1,0.45664966106414795,0.697167158126831,0.010689875110983849
49,face,154,-1,0.4627552032470703,0.6945952773094177,0.012298636138439178
49,face,155,-1,0.4670887589454651,0.6932132840156555,0.014428012073040009
49,face,156,-1,0.4246196746826172,0.7004208564758301,0.031140774488449097
49,face,157,-1,0.4627671539783478,0.6886376142501831,0.01233336515724659
49,face,158,-1,0.45620572566986084,0.6890373826026917,0.011024260893464088
49,face,159,-1,0.4500076174736023,0.6908419132232666,0.011072708293795586
49,face,160,-1,0.4439221918582916,0.6941536664962769,0.012353593483567238
49,face,161,-1,0.4398254454135895,0.697687566280365,0.014341413043439388
49,face,162,-1,0.40549057722091675,0.6906992197036743,0.07297057658433914
49,face,163,-1,0.4403097927570343,0.7025061249732971,0.014610530808568
49,face,164,-1,0.5017870664596558,0.7618656754493713,-0.026426037773489952
49,face,165,-1,0.47044843435287476,0.776689887046814,-0.019901329651474953
49,face,166,-1,0.47674760222435,0.7500314116477966,-0.02421720325946808
49,face,167,-1,0.4884340465068817,0.7663533687591553,-0.02631613425910473
49,face,168,-1,0.49099200963974,0.6695021390914917,-0.003624245058745146
49,face,169,-1,0.451562762260437,0.8592947721481323,0.002920683706179261
49,face,170,-1,0.46351173520088196,0.8678766489028931,-0.006592229474335909
49,face,171,-1,0.49349603056907654,0.8785942792892456,-0.02494998089969158
49,face,172,-1,0.4311160147190094,0.8496506810188293,0.03791430965065956
49,face,173,-1,0.4671524465084076,0.6903212070465088,0.013908443041145802
49,face,174,-1,0.4803265333175659,0.7062169313430786,-0.01538771204650402
49,face,175,-1,0.512347400188446,0.8756066560745239,-0.026475869119167328
49,face,176,-1,0.4797849953174591,0.8879090547561646,-0.011718531139194965
49,face,177,-1,0.4121255874633789,0.7931408286094666,0.04329432547092438
49,face,178,-1,0.49240535497665405,0.7917710542678833,-0.020431440323591232
49,face,179,-1,0.49066221714019775,0.7957835793495178,-0.022283026948571205
49,face,180,-1,0.48901504278182983,0.8007906675338745,-0.024950284510850906
49,face,181,-1,0.4876302480697632,0.8066282868385315,-0.025193560868501663
49,face,182,-1,0.48267802596092224,0.8330370187759399,-0.022352635860443115
49,face,183,-1,0.4775775372982025,0.7982515096664429,-0.013431977480649948
49,face,184,-1,0.4747987985610962,0.7983285188674927,-0.013331728056073189
49,face,185,-1,0.47227805852890015,0.7979102730751038,-0.013199064880609512
49,face,186,-1,0.457985520362854,0.7984121441841125,-0.011125760152935982
49,face,187,-1,0.42589592933654785,0.7831935286521912,0.006308331154286861
49,face,188,-1,0.4792702794075012,0.6965310573577881,-0.006326835136860609
49,face,189,-1,0.4757157862186432,0.6811769008636475,0.010643299669027328
49,face,190,-1,0.47099775075912476,0.6849095225334167,0.013414578512310982
49,face,191,-1,0.4799000322818756,0.7976170778274536,-0.012911174446344376
49,face,192,-1,0.42820170521736145,0.8144505620002747,0.012780566699802876
49,face,193,-1,0.4802475571632385,0.6777021288871765,0.0008854144834913313
49,face,194,-1,0.47970515489578247,0.846408486366272,-0.020417271181941032
49,face,195,-1,0.4953393042087555,0.7032477855682373,-0.029789986088871956
49,face,196,-1,0.48624521493911743,0.6980264782905579,-0.019061213359236717
49,face,197,-1,0.49402549862861633,0.6932841539382935,-0.02033175341784954
49,face,198,-1,0.47518011927604675,0.7250798344612122,-0.0183949563652277
49,face,199,-1,0.5111290812492371,0.8612315058708191,-0.02855088748037815
49,face,200,-1,0.5097383260726929,0.8458771109580994,-0.027057673782110214
49,face,201,-1,0.4947425425052643,0.848908007144928,-0.025720523670315742
49,face,202,-1,0.45745110511779785,0.8295915126800537,-0.007867616601288319
49,face,203,-1,0.46020373702049255,0.7608216404914856,-0.009874287061393261
49,face,204,-1,0.46763721108436584,0.8398326635360718,-0.014236479997634888
49,face,205,-1,0.4420947730541229,0.765389084815979,-0.006671980023384094
49,face,206,-1,0.4541005492210388,0.7747860550880432,-0.010336196981370449
49,face,207,-1,0.4370515048503876,0.7875354290008545,-0.003131762146949768
49,face,208,-1,0.49364882707595825,0.8641272187232971,-0.02673082984983921
49,face,209,-1,0.4698995053768158,0.7335617542266846,-0.014283152297139168
49,face,210,-1,0.45223382115364075,0.8428992033004761,-0.0028931796550750732
49,face,211,-1,0.4645167291164398,0.852971076965332,-0.010263572447001934
49,face,212,-1,0.44883233308792114,0.8162688612937927,-0.004719576332718134
49,face,213,-1,0.4197613596916199,0.8030519485473633,0.021044105291366577
49,face,214,-1,0.43914201855659485,0.823617696762085,0.0018769415328279138
49,face,215,-1,0.4182340204715729,0.816142737865448,0.03603684529662132
49,face,216,-1,0.449413537979126,0.7922527194023132,-0.008171376772224903
49,face,217,-1,0.47495347261428833,0.7159409523010254,-0.011546826921403408
49,face,218,-1,0.4788326919078827,0.7450892329216003,-0.03307608142495155
49,face,219,-1,0.47267580032348633,0.7502166628837585,-0.02563823014497757
49,face,220,-1,0.48238885402679443,0.7357008457183838,-0.037740904837846756
49,face,221,-1,0.47046956419944763,0.674349308013916,0.009407555684447289
49,face,222,-1,0.4586560130119324,0.6722095012664795,0.008193917572498322
49,face,223,-1,0.4487914741039276,0.6741663813591003,0.008231338113546371
49,face,224,-1,0.44037318229675293,0.6790884137153625,0.010519609786570072
49,face,225,-1,0.4345671832561493,0.6873658299446106,0.014452965930104256
49,face,226,-1,0.4297635853290558,0.7104775309562683,0.023462295532226562
49,face,227,-1,0.40657371282577515,0.7432378530502319,0.0512428879737854
49,face,228,-1,0.42991727590560913,0.7230930328369141,0.015174477361142635
49,face,229,-1,0.4355708956718445,0.7224206328392029,0.010392370633780956
49,face,230,-1,0.44536080956459045,0.7181304693222046,0.007528380025178194
49,face,231,-1,0.4556019604206085,0.7118044495582581,0.006715669296681881
49,face,232,-1,0.4636065363883972,0.7055752277374268,0.007734180428087711
49,face,233,-1,0.4693654179573059,0.7000394463539124,0.00803293939679861
49,face,234,-1,0.407831072807312,0.7454720735549927,0.08005212247371674
49,face,235,-1,0.4730045199394226,0.7536362409591675,-0.022248290479183197
49,face,236,-1,0.4813708961009979,0.7150185704231262,-0.02335718274116516
49,face,237,-1,0.4861033856868744,0.7431108951568604,-0.03909675404429436
49,face,238,-1,0.4914047122001648,0.7485772371292114,-0.036779697984457016
49,face,239,-1,0.48618656396865845,0.745793342590332,-0.035596996545791626
49,face,240,-1,0.4755263328552246,0.7569987177848816,-0.020266171544790268
49,face,241,-1,0.4933144152164459,0.7487503290176392,-0.03891598433256149
49,face,242,-1,0.49402764439582825,0.7521698474884033,-0.030423732474446297
49,face,243,-1,0.4719030559062958,0.6913996338844299,0.013613990508019924
49,face,244,-1,0.4746476411819458,0.6921641230583191,0.0086356895044446
49,face,245,-1,0.47519320249557495,0.692207396030426,0.0026870700530707836
49,face,246,-1,0.43741267919540405,0.7003347873687744,0.016588512808084488
49,face,247,-1,0.4346684515476227,0.6968764662742615,0.016991449519991875
49,face,248,-1,0.502833366394043,0.7026702165603638,-0.02698030322790146
49,face,249,-1,0.5482428073883057,0.6651750802993774,0.022554567083716393
49,face,250,-1,0.5089179873466492,0.7461940050125122,-0.02972920425236225
49,face,251,-1,0.5668842196464539,0.6190630197525024,0.06935480237007141
49,face,252,-1,0.5259221196174622,0.6779286861419678,0.012075494974851608
49,face,253,-1,0.5334922075271606,0.6773555278778076,0.012968270108103752
49,face,254,-1,0.5409702062606812,0.6757586002349854,0.015587786212563515
49,face,255,-1,0.5519670844078064,0.6679793000221252,0.023084891960024834
49,face,256,-1,0.5195642709732056,0.6770544052124023,0.013011441566050053
49,face,257,-1,0.5356206297874451,0.6456319093704224,0.013518142513930798
49,face,258,-1,0.5271735191345215,0.6489187479019165,0.013404078781604767
49,face,259,-1,0.5438471436500549,0.645423412322998,0.01611955836415291
49,face,260,-1,0.549637496471405,0.648689866065979,0.019090091809630394
49,face,261,-1,0.5581125020980835,0.6733759045600891,0.026034386828541756
49,face,262,-1,0.5413163304328918,0.8405441045761108,-0.016400432214140892
49,face,263,-1,0.5516191720962524,0.6618689298629761,0.025577669963240623
49,face,264,-1,0.5751480460166931,0.6673307418823242,0.06211701035499573
49,face,265,-1,0.5659820437431335,0.6639658808708191,0.03564687445759773
49,face,266,-1,0.541348934173584,0.7207458019256592,-0.00416120421141386
49,face,267,-1,0.5217061042785645,0.7664596438407898,-0.027894841507077217
49,face,268,-1,0.520456850528717,0.7783771753311157,-0.025241196155548096
49,face,269,-1,0.5331467390060425,0.7672334909439087,-0.02303851954638958
49,face,270,-1,0.5406863689422607,0.7701457738876343,-0.016829784959554672
49,face,271,-1,0.5287880897521973,0.7770763635635376,-0.021444447338581085
49,face,272,-1,0.5355634689331055,0.7771890163421631,-0.01585775800049305
49,face,273,-1,0.5481570959091187,0.7942136526107788,-0.00823192298412323
49,face,274,-1,0.5068656802177429,0.7376711368560791,-0.042354755103588104
49,face,275,-1,0.506912350654602,0.7259121537208557,-0.043202660977840424
49,face,276,-1,0.5590838193893433,0.6366292238235474,0.02429981902241707
49,face,277,-1,0.5211187601089478,0.6996991634368896,-0.0006303767440840602
49,face,278,-1,0.5282738208770752,0.7295486330986023,-0.02205352485179901
49,face,279,-1,0.5281930565834045,0.7237573862075806,-0.018890606239438057
49,face,280,-1,0.5634645223617554,0.712989091873169,0.0080060213804245
49,face,281,-1,0.5049444437026978,0.7130555510520935,-0.03649866208434105
49,face,282,-1,0.5395671129226685,0.6291901469230652,0.011681150645017624
49,face,283,-1,0.5507542490959167,0.630171000957489,0.018080715090036392
49,face,284,-1,0.5592764019966125,0.5995156764984131,0.05787774547934532
49,face,285,-1,0.5068067908287048,0.6470400094985962,0.002307583810761571
49,face,286,-1,0.5201137661933899,0.6551588773727417,0.014914031140506268
49,face,287,-1,0.5535861253738403,0.7804298400878906,-0.0039411792531609535
49,face,288,-1,0.5818000435829163,0.7785218954086304,0.060775745660066605
49,face,289,-1,0.5226050019264221,0.738285481929779,-0.020378349348902702
49,face,290,-1,0.5157191157341003,0.7449785470962524,-0.022694367915391922
49,face,291,-1,0.5490142107009888,0.7769643664360046,-0.004675427917391062
49,face,292,-1,0.5458874702453613,0.7773657441139221,-0.007025393191725016
49,face,293,-1,0.554226279258728,0.6218550205230713,0.023561464622616768
49,face,294,-1,0.5292718410491943,0.734809160232544,-0.01877298392355442
49,face,295,-1,0.5252196788787842,0.6338150501251221,0.006306833121925592
49,face,296,-1,0.5258697867393494,0.6242820620536804,0.006518387235701084
49,face,297,-1,0.5285665988922119,0.5793965458869934,0.031188329681754112
49,face,298,-1,0.5564238429069519,0.6084477305412292,0.03845106065273285
49,face,299,-1,0.5265063047409058,0.5993565917015076,0.01816796138882637
49,face,300,-1,0.5630496740341187,0.6303763389587402,0.03226926550269127
49,face,301,-1,0.5644067525863647,0.6240329742431641,0.04972464591264725
49,face,302,-1,0.5213286876678467,0.7727781534194946,-0.027352526783943176
49,face,303,-1,0.530921459197998,0.7727134823799133,-0.022568412125110626
49,face,304,-1,0.5381820797920227,0.7737500071525574,-0.017030151560902596
49,face,305,-1,0.5208553075790405,0.7414831519126892,-0.019349636510014534
49,face,306,-1,0.5473871231079102,0.7773136496543884,-0.0059291040524840355
49,face,307,-1,0.5430942177772522,0.7797926664352417,-0.011937151663005352
49,face,308,-1,0.5445326566696167,0.7774588465690613,-0.007324878126382828
49,face,309,-1,0.5171638131141663,0.7359251379966736,-0.030300214886665344
49,face,310,-1,0.5335441827774048,0.7790334224700928,-0.014818820171058178
49,face,311,-1,0.526920735836029,0.7799033522605896,-0.018720367923378944
49,face,312,-1,0.5194987654685974,0.7817825675010681,-0.02210664190351963
49,face,313,-1,0.5206676721572876,0.8270267248153687,-0.025275254622101784
49,face,314,-1,0.5220988988876343,0.7968708276748657,-0.028500759974122047
49,face,315,-1,0.5214214324951172,0.7909367680549622,-0.027517013251781464
49,face,316,-1,0.5202360153198242,0.7857211232185364,-0.024115610867738724
49,face,317,-1,0.5189898014068604,0.7821525931358337,-0.022443439811468124
49,face,318,-1,0.533364474773407,0.779103696346283,-0.015054463408887386
49,face,319,-1,0.5356801152229309,0.7805224657058716,-0.01684398204088211
49,face,320,-1,0.538094162940979,0.7827568054199219,-0.018990492448210716
49,face,321,-1,0.5402606725692749,0.7855449914932251,-0.018161911517381668
49,face,322,-1,0.5420309901237488,0.7615390419960022,-0.013264968991279602
49,face,323,-1,0.5807142853736877,0.7203487753868103,0.0827353447675705
49,face,324,-1,0.5387048721313477,0.7784410715103149,-0.010631386190652847
49,face,325,-1,0.5408573746681213,0.7790508270263672,-0.011805156245827675
49,face,326,-1,0.5134450793266296,0.7504161596298218,-0.024514352902770042
49,face,327,-1,0.5274533033370972,0.7429038286209106,-0.015057451091706753
49,face,328,-1,0.5145564675331116,0.7478906512260437,-0.023603947833180428
49,face,329,-1,0.5302422642707825,0.703118622303009,0.0011924287537112832
49,face,330,-1,0.5437942743301392,0.7057241797447205,0.002957275602966547
49,face,331,-1,0.5300792455673218,0.7287691235542297,-0.015372815541923046
49,face,332,-1,0.5472437143325806,0.5857685804367065,0.04416608065366745
49,face,333,-1,0.5443648099899292,0.5997964143753052,0.028003618121147156
49,face,334,-1,0.5415146946907043,0.6195570230484009,0.01510019600391388
49,face,335,-1,0.5413859486579895,0.8056447505950928,-0.014392334967851639
49,face,336,-1,0.5080931782722473,0.6316016912460327,0.0019367336062714458
49,face,337,-1,0.5074325799942017,0.6040080785751343,0.011944605968892574
49,face,338,-1,0.5076854825019836,0.579788327217102,0.02289966121315956
49,face,339,-1,0.5477863550186157,0.6726287007331848,0.019449502229690552
49,face,340,-1,0.5666669607162476,0.6787598133087158,0.029620209708809853
49,face,341,-1,0.5154911875724792,0.6753765344619751,0.014478697441518307
49,face,342,-1,0.5575871467590332,0.6520062685012817,0.02605513297021389
49,face,343,-1,0.5142531394958496,0.6945890188217163,-0.002681146143004298
49,face,344,-1,0.5219805836677551,0.727024495601654,-0.029185494408011436
49,face,345,-1,0.5749092102050781,0.6866261959075928,0.03696591407060623
49,face,346,-1,0.5621265172958374,0.6871682405471802,0.020968152210116386
49,face,347,-1,0.5525391697883606,0.6932185888290405,0.01248339843004942
49,face,348,-1,0.5374870896339417,0.6955587267875671,0.008354670368134975
49,face,349,-1,0.5261062979698181,0.6938530206680298,0.006760418880730867
49,face,350,-1,0.5176604390144348,0.6908928751945496,0.005298549309372902
49,face,351,-1,0.5010868906974792,0.6830379366874695,-0.00864237267524004
49,face,352,-1,0.5782874226570129,0.7082006335258484,0.030881907790899277
49,face,353,-1,0.5630263090133667,0.6492902636528015,0.030573770403862
49,face,354,-1,0.5046554207801819,0.7458655834197998,-0.03954996541142464
49,face,355,-1,0.5225790143013,0.7094382047653198,-0.006245175842195749
49,face,356,-1,0.5749119520187378,0.6684263944625854,0.0872262716293335
49,face,357,-1,0.5113154053688049,0.6865402460098267,0.005041675642132759
49,face,358,-1,0.5309770107269287,0.7295755743980408,-0.008045179769396782
49,face,359,-1,0.5548776388168335,0.6610632538795471,0.027035821229219437
49,face,360,-1,0.5217854380607605,0.7198976278305054,-0.0252422746270895
49,face,361,-1,0.5824830532073975,0.7484501004219055,0.074020616710186
49,face,362,-1,0.5156019330024719,0.6716808676719666,0.017495928332209587
49,face,363,-1,0.5130689740180969,0.7153007388114929,-0.032187022268772125
49,face,364,-1,0.5726725459098816,0.8056768774986267,0.017980467528104782
49,face,365,-1,0.5725845098495483,0.8229652643203735,0.026909954845905304
49,face,366,-1,0.5829191207885742,0.7142782807350159,0.05741076543927193
49,face,367,-1,0.5796099901199341,0.787775993347168,0.03004787303507328
49,face,368,-1,0.569610595703125,0.6443187594413757,0.05849326401948929
49,face,369,-1,0.5440539717674255,0.8544913530349731,-0.013984800316393375
49,face,370,-1,0.5041635036468506,0.7499382495880127,-0.03029504418373108
49,face,371,-1,0.5307361483573914,0.7153419256210327,-0.004564570728689432
49,face,372,-1,0.5719102621078491,0.6650359034538269,0.04342065379023552
49,face,373,-1,0.5396838188171387,0.6691969037055969,0.017124256119132042
49,face,374,-1,0.5329437851905823,0.6707526445388794,0.014881299808621407
49,face,375,-1,0.5454369783401489,0.780877411365509,-0.010790500789880753
49,face,376,-1,0.5807335376739502,0.7315143346786499,0.029011854901909828
49,face,377,-1,0.5307276844978333,0.8790184259414673,-0.017951725050807
49,face,378,-1,0.5540131330490112,0.8549846410751343,0.002027228707447648
49,face,379,-1,0.5630887150764465,0.8414788842201233,0.01326622162014246
49,face,380,-1,0.5267746448516846,0.6712802052497864,0.014410736039280891
49,face,381,-1,0.5209832191467285,0.6714253425598145,0.015481778420507908
49,face,382,-1,0.5173518061637878,0.671718180179596,0.01733081415295601
49,face,383,-1,0.5677434206008911,0.6454828977584839,0.03897111862897873
49,face,384,-1,0.5220680236816406,0.6644764542579651,0.015782438218593597
49,face,385,-1,0.528388261795044,0.6605619788169861,0.014999307692050934
49,face,386,-1,0.5345847606658936,0.6582719087600708,0.0156823992729187
49,face,387,-1,0.5413697361946106,0.6578114628791809,0.017572836950421333
49,face,388,-1,0.5462164282798767,0.6591871976852417,0.019820423796772957
49,face,389,-1,0.5715276002883911,0.6408929824829102,0.08052679151296616
49,face,390,-1,0.5445396304130554,0.6673197150230408,0.020002270117402077
49,face,391,-1,0.533375084400177,0.7570249438285828,-0.017740581184625626
49,face,392,-1,0.5222966074943542,0.7362817525863647,-0.02260606177151203
49,face,393,-1,0.5153691172599792,0.7581124305725098,-0.025410735979676247
49,face,394,-1,0.5636724233627319,0.8240712881088257,0.007550012785941362
49,face,395,-1,0.5545964241027832,0.8393169045448303,-0.0029370347037911415
49,face,396,-1,0.5300244092941284,0.8671091198921204,-0.02365018241107464
49,face,397,-1,0.5782926082611084,0.8036085963249207,0.04381130635738373
49,face,398,-1,0.5176787972450256,0.6689371466636658,0.01695629209280014
49,face,399,-1,0.5088630318641663,0.6975993514060974,-0.014080108143389225
49,face,400,-1,0.5436676740646362,0.8676831722259521,-0.009499169886112213
49,face,401,-1,0.584551215171814,0.7399970889091492,0.05166265368461609
49,face,402,-1,0.5266581177711487,0.7800427079200745,-0.018995065242052078
49,face,403,-1,0.5287110209465027,0.7827015519142151,-0.02074494957923889
49,face,404,-1,0.5305799841880798,0.7865095138549805,-0.023427652195096016
49,face,405,-1,0.5320919752120972,0.7914817333221436,-0.02363741211593151
49,face,406,-1,0.5325867533683777,0.8171709179878235,-0.020607557147741318
49,face,407,-1,0.5411941409111023,0.777458131313324,-0.010856976732611656
49,face,408,-1,0.5437448024749756,0.7756083011627197,-0.010533998720347881
49,face,409,-1,0.5462013483047485,0.7734416723251343,-0.010194072499871254
49,face,410,-1,0.5491780638694763,0.769250750541687,-0.00770716043189168
49,face,411,-1,0.5727876424789429,0.7374972105026245,0.012334588915109634
49,face,412,-1,0.5074636340141296,0.6882167458534241,-0.005007769912481308
49,face,413,-1,0.5090936422348022,0.6646161079406738,0.012575836852192879
49,face,414,-1,0.5140569806098938,0.6652203798294067,0.01593281328678131
49,face,415,-1,0.5387059450149536,0.7786359786987305,-0.010513785295188427
49,face,416,-1,0.5765103101730347,0.767998456954956,0.019006460905075073
49,face,417,-1,0.5020236372947693,0.6662085652351379,0.0019435369176790118
49,face,418,-1,0.5371973514556885,0.8282085657119751,-0.018479440361261368
49,face,419,-1,0.5020408034324646,0.6932738423347473,-0.018364716321229935
49,face,420,-1,0.5176985859870911,0.7120960354804993,-0.01669616810977459
49,face,421,-1,0.523958146572113,0.8396089673042297,-0.024839188903570175
49,face,422,-1,0.5545557737350464,0.7986351251602173,-0.004447123501449823
49,face,423,-1,0.538602888584137,0.7363778352737427,-0.007176352199167013
49,face,424,-1,0.547085165977478,0.8145655393600464,-0.011536580510437489
49,face,425,-1,0.5555262565612793,0.7302302122116089,-0.0026633325032889843
49,face,426,-1,0.5472062230110168,0.7456274628639221,-0.007064637262374163
49,face,427,-1,0.5644537806510925,0.7476733326911926,0.0014833639143034816
49,face,428,-1,0.5275227427482605,0.8534308075904846,-0.025563841685652733
49,face,429,-1,0.5241814255714417,0.7168269157409668,-0.01222109142690897
49,face,430,-1,0.5609493851661682,0.8084959387779236,0.0012942437315359712
49,face,431,-1,0.5517491102218628,0.8254743218421936,-0.007097387220710516
49,face,432,-1,0.5600191354751587,0.7809679508209229,-0.0005324638332240283
49,face,433,-1,0.5813027620315552,0.7527397274971008,0.028124354779720306
49,face,434,-1,0.5691714882850647,0.7826413512229919,0.006989386398345232
49,face,435,-1,0.5838724970817566,0.7646511197090149,0.04388907551765442
49,face,436,-1,0.5552197098731995,0.7587433457374573,-0.0043336451053619385
49,face,437,-1,0.5156406164169312,0.7036065459251404,-0.0097659258171916
49,face,438,-1,0.5196393728256226,0.7328702211380005,-0.03135783225297928
49,face,439,-1,0.525937557220459,0.7340312004089355,-0.02371395006775856
49,face,440,-1,0.5146695971488953,0.7259790301322937,-0.036251381039619446
49,face,441,-1,0.5143531560897827,0.6531180143356323,0.01209476962685585
49,face,442,-1,0.5261930823326111,0.6427677273750305,0.011925948783755302
49,face,443,-1,0.5371848344802856,0.6385218501091003,0.012841679155826569
49,face,444,-1,0.5467643737792969,0.6386747360229492,0.016114918515086174
49,face,445,-1,0.5537201166152954,0.6431816220283508,0.020748209208250046
49,face,446,-1,0.5595440864562988,0.6626980304718018,0.03010154329240322
49,face,447,-1,0.5796962380409241,0.6905819773674011,0.060222942382097244
49,face,448,-1,0.5541038513183594,0.6788612604141235,0.021040089428424835
49,face,449,-1,0.5460107326507568,0.6836061477661133,0.01550561934709549
49,face,450,-1,0.5356118679046631,0.6858078241348267,0.011701453477144241
49,face,451,-1,0.5257862210273743,0.6855607032775879,0.009973429143428802
49,face,452,-1,0.5182052850723267,0.683851957321167,0.010217586532235146
49,face,453,-1,0.5129804015159607,0.6815282702445984,0.010021885856986046
49,face,454,-1,0.5776066184043884,0.694272518157959,0.0876745879650116
49,face,455,-1,0.5261793732643127,0.7373671531677246,-0.020412268117070198
49,face,456,-1,0.5102622509002686,0.7062122821807861,-0.022026151418685913
49,face,457,-1,0.512946605682373,0.7351207137107849,-0.03801940754055977
49,face,458,-1,0.5089020133018494,0.7436139583587646,-0.036122266203165054
49,face,459,-1,0.5132786631584167,0.7378805875778198,-0.03448512405157089
49,face,460,-1,0.5244283676147461,0.7419770359992981,-0.018737224861979485
49,face,461,-1,0.5072852969169617,0.7447453737258911,-0.03838644549250603
49,face,462,-1,0.507012128829956,0.7484319806098938,-0.029984567314386368
49,face,463,-1,0.5127676129341125,0.6725560426712036,0.01587766595184803
49,face,464,-1,0.5087254643440247,0.6762524843215942,0.010248507373034954
49,face,465,-1,0.5062659382820129,0.679002046585083,0.004009919706732035
49,face,466,-1,0.5493412613868713,0.6606423854827881,0.022326115518808365
49,face,467,-1,0.5538066625595093,0.6536645293235779,0.02318192459642887
49,face,468,-1,0.4506310522556305,0.6661474704742432,0.013605905696749687
49,face,469,-1,0.4587823748588562,0.6628710031509399,0.013605905696749687
49,face,470,-1,0.4493561387062073,0.655234158039093,0.013605905696749687
49,face,471,-1,0.44270944595336914,0.668745219707489,0.013605905696749687
49,face,472,-1,0.4520386755466461,0.6766504049301147,0.013605905696749687
49,face,473,-1,0.5328003764152527,0.6615756154060364,0.01799994520843029
49,face,474,-1,0.539903998374939,0.6599621176719666,0.01799994520843029
49,face,475,-1,0.5323394536972046,0.6513486504554749,0.01799994520843029
49,face,476,-1,0.5256110429763794,0.662959098815918,0.01799994520843029
49,face,477,-1,0.5332287549972534,0.6716081500053406,0.01799994520843029
49,hand,0,0,0.5752740502357483,0.7581397294998169,1.4671466885829432e-07
49,hand,1,0,0.558850109577179,0.7832198739051819,-0.0004145625571254641
49,hand,2,0,0.5499350428581238,0.8121068477630615,-0.0015419935807585716
49,hand,3,0,0.5437788367271423,0.8365328907966614,-0.002651396207511425
49,hand,4,0,0.5386601686477661,0.8555827736854553,-0.0037154587917029858
49,hand,5,0,0.5573015809059143,0.8328867554664612,-0.0023733589332550764
49,hand,6,0,0.5542473196983337,0.8674079179763794,-0.004934381227940321
49,hand,7,0,0.5517662763595581,0.8887741565704346,-0.00681431544944644
49,hand,8,0,0.5494135022163391,0.9052544832229614,-0.007859228178858757
49,hand,9,0,0.5668222904205322,0.8373292684555054,-0.003496423363685608
49,hand,10,0,0.563845157623291,0.8730118870735168,-0.005075803492218256
49,hand,11,0,0.5605144500732422,0.8961467742919922,-0.006709806155413389
49,hand,12,0,0.5568941235542297,0.9129762053489685,-0.00785968080163002
49,hand,13,0,0.5755068063735962,0.8376874327659607,-0.00455906055867672
49,hand,14,0,0.5737437009811401,0.8711990714073181,-0.005794056691229343
49,hand,15,0,0.5704917907714844,0.8931961059570312,-0.007568830158561468
49,hand,16,0,0.5667174458503723,0.90931236743927,-0.008976026438176632
49,hand,17,0,0.582776665687561,0.8337686657905579,-0.005543727893382311
49,hand,18,0,0.5846131443977356,0.8605838418006897,-0.007221082225441933
49,hand,19,0,0.5845080018043518,0.8771681189537048,-0.007951941341161728
49,hand,20,0,0.5836932063102722,0.8905658721923828,-0.008085189387202263
49,hand,0,1,0.4003719091415405,0.8405711054801941,6.548890763014015e-09
49,hand,1,1,0.4167141616344452,0.8502089381217957,-0.0060249995440244675
49,hand,2,1,0.4247818887233734,0.8747802376747131,-0.007622949313372374
49,hand,3,1,0.4289315938949585,0.8997717499732971,-0.007757522631436586
49,hand,4,1,0.434093177318573,0.9185702204704285,-0.007157378364354372
49,hand,5,1,0.41316503286361694,0.8999266028404236,-0.00513592129573226
49,hand,6,1,0.42068177461624146,0.9307278394699097,-0.005841600708663464
49,hand,7,1,0.42601802945137024,0.9449354410171509,-0.0061597018502652645
49,hand,8,1,0.4307023584842682,0.955582857131958,-0.006125429645180702
49,hand,9,1,0.4046720862388611,0.9031472206115723,-0.002104697749018669
49,hand,10,1,0.4130125343799591,0.933311939239502,-0.0023281837347894907
49,hand,11,1,0.4209035038948059,0.9450812935829163,-0.0022587415296584368
49,hand,12,1,0.42692604660987854,0.9512300491333008,-0.002118903212249279
49,hand,13,1,0.3996279835700989,0.9023994207382202,0.0006045815534889698
49,hand,14,1,0.4068625271320343,0.92991703748703,6.765675061615184e-05
49,hand,15,1,0.41447049379348755,0.940498411655426,3.2378538890043274e-05
49,hand,16,1,0.4204176962375641,0.9450687766075134,0.0003224723623134196
49,hand,17,1,0.3973992168903351,0.9006222486495972,0.002879442647099495
49,hand,18,1,0.40216556191444397,0.923705518245697,0.0025329100899398327
49,hand,19,1,0.40852195024490356,0.9337506294250488,0.00277281878516078
49,hand,20,1,0.4140012860298157,0.9380635023117065,0.0033573375549167395
49,pose,0,-1,0.45879602432250977,0.21152625977993011,-0.43430179357528687
49,pose,1,-1,0.46755775809288025,0.18531396985054016,-0.4158497154712677
49,pose,2,-1,0.47347375750541687,0.18495593965053558,-0.4159229099750519
49,pose,3,-1,0.4799601137638092,0.18436962366104126,-0.41588786244392395
49,pose,4,-1,0.45039600133895874,0.18770936131477356,-0.41162097454071045
49,pose,5,-1,0.44611918926239014,0.18908493220806122,-0.4116535782814026
49,pose,6,-1,0.4427652955055237,0.18998318910598755,-0.4118152856826782
49,pose,7,-1,0.4920421540737152,0.1943427175283432,-0.2756192088127136
49,pose,8,-1,0.44155195355415344,0.20238840579986572,-0.2538858950138092
49,pose,9,-1,0.4739322066307068,0.241166353225708,-0.3809790015220642
49,pose,10,-1,0.4520144462585449,0.2440912276506424,-0.3744228780269623
49,pose,11,-1,0.5561449527740479,0.35156723856925964,-0.16789795458316803
49,pose,12,-1,0.40268880128860474,0.393387109041214,-0.1747836321592331
49,pose,13,-1,0.5888329148292542,0.5692847967147827,-0.10784079879522324
49,pose,14,-1,0.39880794286727905,0.6271061301231384,-0.14475132524967194
49,pose,15,-1,0.5733374357223511,0.768211841583252,-0.27603772282600403
49,pose,16,-1,0.40528014302253723,0.8243346214294434,-0.30840519070625305
49,pose,17,-1,0.5743619799613953,0.8446983098983765,-0.33526286482810974
49,pose,18,-1,0.40434902906417847,0.8885111212730408,-0.36319148540496826
49,pose,19,-1,0.558844268321991,0.837310791015625,-0.37891149520874023
49,pose,20,-1,0.4178631901741028,0.8878901600837708,-0.4116348624229431
49,pose,21,-1,0.553618848323822,0.8199656009674072,-0.2959176003932953
49,pose,22,-1,0.42205876111984253,0.8638350367546082,-0.3302127718925476
49,pose,23,-1,0.5371387004852295,0.7730899453163147,0.00514887785539031
49,pose,24,-1,0.4497434198856354,0.7909266352653503,-0.00445106066763401
49,pose,25,-1,0.5277042984962463,1.0228376388549805,-0.017679572105407715
49,pose,26,-1,0.46162182092666626,1.0173183679580688,0.03841022774577141
49,pose,27,-1,0.5490524172782898,1.3217742443084717,0.3183090090751648
49,pose,28,-1,0.46844881772994995,1.3178205490112305,0.3142246901988983
49,pose,29,-1,0.5509780645370483,1.3551092147827148,0.3439423441886902
49,pose,30,-1,0.46763721108436584,1.3507243394851685,0.33676597476005554
49,pose,31,-1,0.542697012424469,1.4058823585510254,0.1798463761806488
49,pose,32,-1,0.4851612150669098,1.4061346054077148,0.15375269949436188
50,face,0,-1,0.5065062046051025,0.7740417122840881,-0.028618546202778816
50,face,1,-1,0.4997512996196747,0.7372193336486816,-0.043644391000270844
50,face,2,-1,0.500554621219635,0.752007782459259,-0.026194652542471886
50,face,3,-1,0.48821812868118286,0.7044872641563416,-0.02869345061480999
50,face,4,-1,0.49867743253707886,0.7255471348762512,-0.045050207525491714
50,face,5,-1,0.49703919887542725,0.7117066979408264,-0.04007646068930626
50,face,6,-1,0.49295032024383545,0.6784155964851379,-0.01326858252286911
50,face,7,-1,0.4339697062969208,0.7005404829978943,0.01594565063714981
50,face,8,-1,0.48969435691833496,0.6498485803604126,-0.0032231388613581657
50,face,9,-1,0.4881094992160797,0.6336613297462463,-0.0021192177664488554
50,face,10,-1,0.48329639434814453,0.5787743926048279,0.016546454280614853
50,face,11,-1,0.5066617727279663,0.7785809636116028,-0.027838386595249176
50,face,12,-1,0.5067248940467834,0.7833881974220276,-0.025676513090729713
50,face,13,-1,0.5067148208618164,0.7867658138275146,-0.022179631516337395
50,face,14,-1,0.5066385269165039,0.7864341735839844,-0.023799842223525047
50,face,15,-1,0.5069308280944824,0.790993869304657,-0.025466229766607285
50,face,16,-1,0.5070313215255737,0.7963972091674805,-0.02853286825120449
50,face,17,-1,0.5069165229797363,0.8019956946372986,-0.02934897691011429
50,face,18,-1,0.5075409412384033,0.8285642266273499,-0.025124888867139816
50,face,19,-1,0.5003174543380737,0.7446230053901672,-0.040271952748298645
50,face,20,-1,0.49160993099212646,0.7484526038169861,-0.03008313663303852
50,face,21,-1,0.40504658222198486,0.661209225654602,0.060692448168992996
50,face,22,-1,0.4550323784351349,0.7007364630699158,0.0077353608794510365
50,face,23,-1,0.4471140503883362,0.7046003341674805,0.00788810569792986
50,face,24,-1,0.4397968053817749,0.7075408697128296,0.009773368947207928
50,face,25,-1,0.4321853816509247,0.7073587775230408,0.01626327447593212
50,face,26,-1,0.4620056450366974,0.6961849331855774,0.009432753548026085
50,face,27,-1,0.4453272819519043,0.6773159503936768,0.007226301822811365
50,face,28,-1,0.45387542247772217,0.6754302382469177,0.00812068022787571
50,face,29,-1,0.43802231550216675,0.6815367341041565,0.009035651572048664
50,face,30,-1,0.4332519769668579,0.6872879862785339,0.011757707223296165
50,face,31,-1,0.4259209930896759,0.7175453901290894,0.01919139362871647
50,face,32,-1,0.47709059715270996,0.8593993186950684,-0.01678021065890789
50,face,33,-1,0.4318769574165344,0.7003658413887024,0.01864464022219181
50,face,34,-1,0.40497785806655884,0.7137019038200378,0.05324627086520195
50,face,35,-1,0.42210695147514343,0.7132805585861206,0.027772702276706696
50,face,36,-1,0.4538505971431732,0.7459250092506409,-0.007005758583545685
50,face,37,-1,0.4939618706703186,0.776694118976593,-0.027944155037403107
50,face,38,-1,0.4958059787750244,0.7872053980827332,-0.024800660088658333
50,face,39,-1,0.4815824627876282,0.7854027152061462,-0.023876791819930077
50,face,40,-1,0.4733949303627014,0.7927622199058533,-0.018452240154147148
50,face,41,-1,0.486106276512146,0.7914330363273621,-0.02181330695748329
50,face,42,-1,0.47829878330230713,0.7955073714256287,-0.016814852133393288
50,face,43,-1,0.4637274742126465,0.8203009366989136,-0.010312944650650024
50,face,44,-1,0.4926888346672058,0.7396196126937866,-0.043161556124687195
50,face,45,-1,0.49015742540359497,0.7290152311325073,-0.04433710500597954
50,face,46,-1,0.4243171811103821,0.6823185086250305,0.015484068542718887
50,face,47,-1,0.4684039056301117,0.7124142050743103,-0.0034577162005007267
50,face,48,-1,0.46938881278038025,0.7458266019821167,-0.024109648540616035
50,face,49,-1,0.4679064154624939,0.7403696775436401,-0.021065760403871536
50,face,50,-1,0.43018800020217896,0.7528136968612671,0.0029529407620429993
50,face,51,-1,0.4889950752258301,0.7157511711120605,-0.03800177201628685
50,face,52,-1,0.44099369645118713,0.6633007526397705,0.004542907699942589
50,face,53,-1,0.43061184883117676,0.6710257530212402,0.009785396978259087
50,face,54,-1,0.4095386266708374,0.6379224061965942,0.04879968240857124
50,face,55,-1,0.47373130917549133,0.6610171794891357,-0.0013934801099821925
50,face,56,-1,0.4618924856185913,0.6764090061187744,0.010526604019105434
50,face,57,-1,0.45596787333488464,0.8115163445472717,-0.006568324752151966
50,face,58,-1,0.419919490814209,0.8238987326622009,0.05810720473527908
50,face,59,-1,0.4768159091472626,0.750002384185791,-0.02186793088912964
50,face,60,-1,0.48471564054489136,0.7519319653511047,-0.023165946826338768
50,face,61,-1,0.4643406867980957,0.8029066324234009,-0.007070205174386501
50,face,62,-1,0.4670717716217041,0.8017623424530029,-0.00915042869746685
50,face,63,-1,0.42816412448883057,0.6652086973190308,0.014608422294259071
50,face,64,-1,0.46940141916275024,0.7514274716377258,-0.02053653635084629
50,face,65,-1,0.4549482762813568,0.659386932849884,0.0005413399776443839
50,face,66,-1,0.45403772592544556,0.6492629647254944,0.0003158386389259249
50,face,67,-1,0.4371226131916046,0.6004094481468201,0.02371235378086567
50,face,68,-1,0.4142650365829468,0.6462246775627136,0.028601117432117462
50,face,69,-1,0.44277554750442505,0.6198646426200867,0.010909315198659897
50,face,70,-1,0.42188936471939087,0.6790335178375244,0.022856513038277626
50,face,71,-1,0.4089082181453705,0.6657300591468811,0.03988316282629967
50,face,72,-1,0.49463027715682983,0.7824167013168335,-0.02719035930931568
50,face,73,-1,0.4837663173675537,0.7886785268783569,-0.023199480026960373
50,face,74,-1,0.4757794141769409,0.7942146062850952,-0.01830027624964714
50,face,75,-1,0.4790554940700531,0.7520229816436768,-0.020294824615120888
50,face,76,-1,0.46580028533935547,0.8023221492767334,-0.008149253204464912
50,face,77,-1,0.4705567955970764,0.8023866415023804,-0.014018412679433823
50,face,78,-1,0.468301385641098,0.8011823296546936,-0.009438859298825264
50,face,79,-1,0.48189279437065125,0.7440744638442993,-0.031865574419498444
50,face,80,-1,0.4802579879760742,0.7962033748626709,-0.015595958568155766
50,face,81,-1,0.4878781735897064,0.7931182384490967,-0.018828995525836945
50,face,82,-1,0.49680212140083313,0.7900137901306152,-0.021465454250574112
50,face,83,-1,0.495246022939682,0.8313474655151367,-0.02474377118051052
50,face,84,-1,0.49456462264060974,0.805575966835022,-0.02875080332159996
50,face,85,-1,0.4950527548789978,0.7999072074890137,-0.028029825538396835
50,face,86,-1,0.495758056640625,0.7942622900009155,-0.024700915440917015
50,face,87,-1,0.49657848477363586,0.7896691560745239,-0.023016372695565224
50,face,88,-1,0.4801463782787323,0.7960126399993896,-0.0167341660708189
50,face,89,-1,0.47836095094680786,0.7988219857215881,-0.01849432662129402
50,face,90,-1,0.47627103328704834,0.8022913932800293,-0.02052510529756546
50,face,91,-1,0.47451865673065186,0.8058966994285583,-0.019728029146790504
50,face,92,-1,0.4633063077926636,0.7857585549354553,-0.015361993573606014
50,face,93,-1,0.4073351323604584,0.7669709920883179,0.07816830277442932
50,face,94,-1,0.5004704594612122,0.7483422756195068,-0.030635157600045204
50,face,95,-1,0.47428619861602783,0.7985992431640625,-0.012663462199270725
50,face,96,-1,0.47257933020591736,0.8004261255264282,-0.013787639327347279
50,face,97,-1,0.48819947242736816,0.7557427287101746,-0.024694353342056274
50,face,98,-1,0.47293317317962646,0.7580370903015137,-0.01600133255124092
50,face,99,-1,0.4865260720252991,0.7539324760437012,-0.02395663596689701
50,face,100,-1,0.46025416254997253,0.7217070460319519,-0.001972523517906666
50,face,101,-1,0.44789010286331177,0.73313969373703,-0.0008818738278932869
50,face,102,-1,0.46698763966560364,0.7461574673652649,-0.01735999621450901
50,face,103,-1,0.41942036151885986,0.6176248788833618,0.03543105348944664
50,face,104,-1,0.4248543977737427,0.6307809948921204,0.019142229110002518
50,face,105,-1,0.43939000368118286,0.6542546153068542,0.0073682041838765144
50,face,106,-1,0.47218865156173706,0.8256587386131287,-0.015935389325022697
50,face,107,-1,0.4721505641937256,0.645814061164856,-0.002417865674942732
50,face,108,-1,0.4626971483230591,0.6126489639282227,0.006494206376373768
50,face,109,-1,0.4579911530017853,0.5883623361587524,0.01715683937072754
50,face,110,-1,0.43450605869293213,0.7089179158210754,0.012937953695654869
50,face,111,-1,0.41942456364631653,0.7285661697387695,0.022339852526783943
50,face,112,-1,0.4667697548866272,0.692312479019165,0.011122000403702259
50,face,113,-1,0.42765575647354126,0.6953834891319275,0.018098900094628334
50,face,114,-1,0.4739828407764435,0.7030866146087646,-0.00529805663973093
50,face,115,-1,0.4751414358615875,0.7392982244491577,-0.031154798343777657
50,face,116,-1,0.4104263186454773,0.7332286238670349,0.029114361852407455
50,face,117,-1,0.4188704788684845,0.734198808670044,0.014205212704837322
50,face,118,-1,0.42499372363090515,0.7338157892227173,0.006874893791973591
50,face,119,-1,0.4398905038833618,0.7259932160377502,0.004069785121828318
50,face,120,-1,0.4522736370563507,0.7169394493103027,0.0032935170456767082
50,face,121,-1,0.46133872866630554,0.7080085873603821,0.002235562074929476
50,face,122,-1,0.48475539684295654,0.6840912699699402,-0.010777728632092476
50,face,123,-1,0.41251450777053833,0.7567061185836792,0.023776093497872353
50,face,124,-1,0.4231213629245758,0.6966316103935242,0.02182488515973091
50,face,125,-1,0.49603697657585144,0.7457769513130188,-0.04002409428358078
50,face,126,-1,0.46950563788414,0.7229102253913879,-0.008630103431642056
50,face,127,-1,0.4036604166030884,0.7138479948043823,0.08051801472902298
50,face,128,-1,0.46822288632392883,0.699356734752655,0.002369293011724949
50,face,129,-1,0.4661678075790405,0.7475206851959229,-0.009585283696651459
50,face,130,-1,0.4303821325302124,0.7019399404525757,0.019843077287077904
50,face,131,-1,0.47352394461631775,0.7326669096946716,-0.02730489894747734
50,face,132,-1,0.4119088053703308,0.7952734231948853,0.07034814357757568
50,face,133,-1,0.4672626256942749,0.6889954209327698,0.013883747160434723
50,face,134,-1,0.48120489716529846,0.7229055762290955,-0.03408420830965042
50,face,135,-1,0.43822866678237915,0.8456928133964539,0.0148311797529459
50,face,136,-1,0.44064924120903015,0.8612569570541382,0.025609364733099937
50,face,137,-1,0.407082200050354,0.7639048099517822,0.05018825829029083
50,face,138,-1,0.42706725001335144,0.8325837850570679,0.026012906804680824
50,face,139,-1,0.4071118235588074,0.6881414651870728,0.04899745434522629
50,face,140,-1,0.4764690101146698,0.8746525645256042,-0.014088870026171207
50,face,141,-1,0.4969136118888855,0.7491330504417419,-0.030228791758418083
50,face,142,-1,0.46275556087493896,0.7338801622390747,-0.007043497171252966
50,face,143,-1,0.4203234314918518,0.7178826332092285,0.03502333536744118
50,face,144,-1,0.44071534276008606,0.6988732218742371,0.011351197026669979
50,face,145,-1,0.4473044276237488,0.6966303586959839,0.009678776375949383
50,face,146,-1,0.468563050031662,0.8045324683189392,-0.01294662058353424
50,face,147,-1,0.4154062271118164,0.7802698016166687,0.023071791976690292
50,face,148,-1,0.4942909777164459,0.8892472386360168,-0.01633005030453205
50,face,149,-1,0.46636489033699036,0.8811309337615967,0.001858313917182386
50,face,150,-1,0.45445311069488525,0.8735378384590149,0.012494077906012535
50,face,151,-1,0.48559626936912537,0.6054126024246216,0.005885449703782797
50,face,152,-1,0.5125424861907959,0.8857267498970032,-0.018498631194233894
50,face,153,-1,0.45390141010284424,0.6939108371734619,0.009812152944505215
50,face,154,-1,0.4603455364704132,0.6912820935249329,0.011407889425754547
50,face,155,-1,0.46486905217170715,0.6898550987243652,0.013521351851522923
50,face,156,-1,0.4219406247138977,0.696721613407135,0.02991892211139202
50,face,157,-1,0.4600006639957428,0.6852239370346069,0.011132637970149517
50,face,158,-1,0.452986478805542,0.6854097247123718,0.009675863198935986
50,face,159,-1,0.44632095098495483,0.6871229410171509,0.009694555774331093
50,face,160,-1,0.43991154432296753,0.6906484365463257,0.011009612120687962
50,face,161,-1,0.43565791845321655,0.6946253776550293,0.013146782293915749
50,face,162,-1,0.40349870920181274,0.6850963234901428,0.07273455709218979
50,face,163,-1,0.43657606840133667,0.6999528408050537,0.013719407841563225
50,face,164,-1,0.501457154750824,0.7601551413536072,-0.025710126385092735
50,face,165,-1,0.47067999839782715,0.7756838798522949,-0.019131772220134735
50,face,166,-1,0.4767625331878662,0.7478427886962891,-0.02399272844195366
50,face,167,-1,0.48839500546455383,0.7650211453437805,-0.025629334151744843
50,face,168,-1,0.491324782371521,0.6651651263237,-0.005318644922226667
50,face,169,-1,0.45081597566604614,0.8578159809112549,0.0053924270905554295
50,face,170,-1,0.46285223960876465,0.8668173551559448,-0.004090121015906334
50,face,171,-1,0.4927087724208832,0.8775768280029297,-0.022493958473205566
50,face,172,-1,0.4298015832901001,0.8460215330123901,0.0419100821018219
50,face,173,-1,0.4648270905017853,0.6870165467262268,0.012839040718972683
50,face,174,-1,0.48047369718551636,0.7031093239784241,-0.01626834087073803
50,face,175,-1,0.5115014314651489,0.8743011951446533,-0.0240396149456501
50,face,176,-1,0.47935351729393005,0.8868529200553894,-0.00899948924779892
50,face,177,-1,0.4111301302909851,0.7895076870918274,0.045482978224754333
50,face,178,-1,0.48763683438301086,0.7928262948989868,-0.02022128365933895
50,face,179,-1,0.4859882891178131,0.796867847442627,-0.022025959566235542
50,face,180,-1,0.48452651500701904,0.8016156554222107,-0.024586960673332214
50,face,181,-1,0.4834671914577484,0.806911289691925,-0.024702511727809906
50,face,182,-1,0.48245009779930115,0.8301161527633667,-0.021370714530348778
50,face,183,-1,0.4721716344356537,0.7988917827606201,-0.01267964392900467
50,face,184,-1,0.46983689069747925,0.7988560795783997,-0.012632389552891254
50,face,185,-1,0.46766775846481323,0.7984389066696167,-0.012516286224126816
50,face,186,-1,0.45807626843452454,0.7980450391769409,-0.01043605525046587
50,face,187,-1,0.42579275369644165,0.7815792560577393,0.007418210618197918
50,face,188,-1,0.47942304611206055,0.6927706599235535,-0.007385967765003443
50,face,189,-1,0.47431275248527527,0.6779451370239258,0.009338830597698689
50,face,190,-1,0.4691332280635834,0.6817319393157959,0.012214471586048603
50,face,191,-1,0.4744621217250824,0.7986199259757996,-0.011989948339760303
50,face,192,-1,0.42776402831077576,0.8125160336494446,0.014693506062030792
50,face,193,-1,0.47943025827407837,0.6747084259986877,-0.0006163138896226883
50,face,194,-1,0.4793766140937805,0.8444052934646606,-0.018889473751187325
50,face,195,-1,0.495612770318985,0.7003076672554016,-0.03085600584745407
50,face,196,-1,0.48647573590278625,0.6947960257530212,-0.020292287692427635
50,face,197,-1,0.4943314790725708,0.689784824848175,-0.021633002907037735
50,face,198,-1,0.47529223561286926,0.7225770950317383,-0.018745193257927895
50,face,199,-1,0.51024329662323,0.8594646453857422,-0.02672993764281273
50,face,200,-1,0.5088110566139221,0.8431264162063599,-0.025565162301063538
50,face,201,-1,0.4940950870513916,0.8464227318763733,-0.024204015731811523
50,face,202,-1,0.45709824562072754,0.8287442922592163,-0.006613290403038263
50,face,203,-1,0.46022576093673706,0.7591328024864197,-0.009238320402801037
50,face,204,-1,0.467359721660614,0.8385095000267029,-0.012837088666856289
50,face,205,-1,0.44221222400665283,0.7640023231506348,-0.006040164269506931
50,face,206,-1,0.4540899097919464,0.7735342383384705,-0.009639305993914604
50,face,207,-1,0.43696779012680054,0.7864027619361877,-0.0021156552247703075
50,face,208,-1,0.49286869168281555,0.8626502752304077,-0.02485799416899681
50,face,209,-1,0.46998330950737,0.7311401963233948,-0.014311332255601883
50,face,210,-1,0.4517102539539337,0.8418638706207275,-0.0011092538479715586
50,face,211,-1,0.4640604555606842,0.8519794940948486,-0.008314089849591255
50,face,212,-1,0.44858425855636597,0.8157987594604492,-0.003543692408129573
50,face,213,-1,0.41927915811538696,0.8006410002708435,0.022989699617028236
50,face,214,-1,0.43882259726524353,0.8223690986633301,0.003434274112805724
50,face,215,-1,0.41724535822868347,0.8128187656402588,0.03871536999940872
50,face,216,-1,0.4492855966091156,0.7916797995567322,-0.0073651582933962345
50,face,217,-1,0.4750378429889679,0.7129361629486084,-0.012070187367498875
50,face,218,-1,0.47888052463531494,0.7429530024528503,-0.033168476074934006
50,face,219,-1,0.47272685170173645,0.7483130693435669,-0.02540033683180809
50,face,220,-1,0.48243576288223267,0.733713686466217,-0.038182079792022705
50,face,221,-1,0.468077689409256,0.6711569428443909,0.007735729217529297
50,face,222,-1,0.45489075779914856,0.6689823865890503,0.006287562195211649
50,face,223,-1,0.44407665729522705,0.6711188554763794,0.006324648391455412
50,face,224,-1,0.43529608845710754,0.6762734055519104,0.008668513968586922
50,face,225,-1,0.4296906888484955,0.6844918131828308,0.012759394012391567
50,face,226,-1,0.42671963572502136,0.7071178555488586,0.02258126623928547
50,face,227,-1,0.4050196707248688,0.7390894889831543,0.05200401321053505
50,face,228,-1,0.42748093605041504,0.720215916633606,0.01469474658370018
50,face,229,-1,0.4333571195602417,0.7195850014686584,0.00985022820532322
50,face,230,-1,0.44353288412094116,0.7150605916976929,0.006954019423574209
50,face,231,-1,0.4542511999607086,0.7084638476371765,0.0061740209348499775
50,face,232,-1,0.462548166513443,0.7020938992500305,0.007016608491539955
50,face,233,-1,0.4684576094150543,0.6965043544769287,0.007274669595062733
50,face,234,-1,0.405210018157959,0.7401384115219116,0.08203266561031342
50,face,235,-1,0.473079651594162,0.7517017126083374,-0.021857408806681633
50,face,236,-1,0.4815426766872406,0.7124181985855103,-0.024031449109315872
50,face,237,-1,0.48611345887184143,0.7408393621444702,-0.039322398602962494
50,face,238,-1,0.4913354516029358,0.7459922432899475,-0.03678816556930542
50,face,239,-1,0.48617592453956604,0.7433596253395081,-0.03568551689386368
50,face,240,-1,0.4756929278373718,0.7550658583641052,-0.01972876861691475
50,face,241,-1,0.49325284361839294,0.7461960315704346,-0.03894287347793579
50,face,242,-1,0.49389612674713135,0.7494759559631348,-0.030128058046102524
50,face,243,-1,0.4704109728336334,0.6880768537521362,0.012728817760944366
50,face,244,-1,0.47372543811798096,0.6887654662132263,0.007683908101171255
50,face,245,-1,0.47437411546707153,0.6887924075126648,0.0016143880784511566
50,face,246,-1,0.4332330524921417,0.6977100372314453,0.015484469942748547
50,face,247,-1,0.4304819107055664,0.6941816806793213,0.015766924247145653
50,face,248,-1,0.5030472874641418,0.6994819641113281,-0.027918275445699692
50,face,249,-1,0.5461608171463013,0.6547694206237793,0.021760059520602226
50,face,250,-1,0.508631706237793,0.7429673075675964,-0.02945786342024803
50,face,251,-1,0.5669565796852112,0.6073588132858276,0.06823541969060898
50,face,252,-1,0.5242007970809937,0.668573260307312,0.01138934213668108
50,face,253,-1,0.5313982367515564,0.6683030128479004,0.012249451130628586
50,face,254,-1,0.5387281179428101,0.6668586730957031,0.014904149807989597
50,face,255,-1,0.5493940114974976,0.6571136116981506,0.022410310804843903
50,face,256,-1,0.5184614062309265,0.6675050258636475,0.012196808122098446
50,face,257,-1,0.5353375673294067,0.6360287070274353,0.012174892239272594
50,face,258,-1,0.526957631111145,0.6395628452301025,0.012024653144180775
50,face,259,-1,0.5432385206222534,0.6355017423629761,0.01482158899307251
50,face,260,-1,0.5485596060752869,0.6383062601089478,0.01790798455476761
50,face,261,-1,0.5551409721374512,0.6631255149841309,0.025539647787809372
50,face,262,-1,0.5402607917785645,0.8379651308059692,-0.014417562633752823
50,face,263,-1,0.549447774887085,0.6503965854644775,0.02472183294594288
50,face,264,-1,0.5751387476921082,0.6567572951316833,0.06215478852391243
50,face,265,-1,0.5632319450378418,0.651586651802063,0.035049960017204285
50,face,266,-1,0.540740430355072,0.7166078686714172,-0.0037508474197238684
50,face,267,-1,0.5181332230567932,0.7683163285255432,-0.02704700455069542
50,face,268,-1,0.5169191360473633,0.7800848484039307,-0.024041367694735527
50,face,269,-1,0.5298414826393127,0.7687662839889526,-0.022103315219283104
50,face,270,-1,0.5375238060951233,0.7711396813392639,-0.01603466272354126
50,face,271,-1,0.5259732604026794,0.7781134843826294,-0.0203334279358387
50,face,272,-1,0.5331268906593323,0.7775379419326782,-0.014870679937303066
50,face,273,-1,0.5465589165687561,0.7917556762695312,-0.007282824721187353
50,face,274,-1,0.5067348480224609,0.7349287867546082,-0.04262927919626236
50,face,275,-1,0.506955087184906,0.7233386635780334,-0.0437694676220417
50,face,276,-1,0.5584462285041809,0.6255605220794678,0.022692831233143806
50,face,277,-1,0.5209065675735474,0.6948291659355164,-0.0010427105007693172
50,face,278,-1,0.5278741121292114,0.7261896729469299,-0.02181817777454853
50,face,279,-1,0.5278324484825134,0.7202115654945374,-0.01872415840625763
50,face,280,-1,0.5627133846282959,0.7077363729476929,0.008445177227258682
50,face,281,-1,0.505097508430481,0.7102677822113037,-0.03727446496486664
50,face,282,-1,0.5406908988952637,0.6207571625709534,0.009473963640630245
50,face,283,-1,0.5510817170143127,0.620512068271637,0.016046728938817978
50,face,284,-1,0.5591223835945129,0.5885723233222961,0.055849865078926086
50,face,285,-1,0.508270800113678,0.6403855085372925,0.0001911161671159789
50,face,286,-1,0.5199733972549438,0.6459184288978577,0.013671835884451866
50,face,287,-1,0.5520665049552917,0.7782303690910339,-0.002934819320216775
50,face,288,-1,0.5806445479393005,0.7688076496124268,0.0648728534579277
50,face,289,-1,0.5222283601760864,0.7348663210868835,-0.019871685653924942
50,face,290,-1,0.5154446959495544,0.7418373227119446,-0.022184060886502266
50,face,291,-1,0.5463794469833374,0.7769719958305359,-0.0038504954427480698
50,face,292,-1,0.5438247919082642,0.7774497866630554,-0.006303443573415279
50,face,293,-1,0.5547386407852173,0.6115232110023499,0.021442050114274025
50,face,294,-1,0.5288066864013672,0.7316372990608215,-0.018322767689824104
50,face,295,-1,0.526898205280304,0.6263143420219421,0.004094690550118685
50,face,296,-1,0.5279370546340942,0.6171371936798096,0.004033039323985577
50,face,297,-1,0.5286597013473511,0.5707629919052124,0.027874521911144257
50,face,298,-1,0.5563236474990845,0.5993539094924927,0.036226458847522736
50,face,299,-1,0.5265697836875916,0.5924032926559448,0.015163375996053219
50,face,300,-1,0.5624849796295166,0.6182783246040344,0.030654020607471466
50,face,301,-1,0.564460277557373,0.6142308712005615,0.04818546772003174
50,face,302,-1,0.5177540183067322,0.7745066285133362,-0.026369407773017883
50,face,303,-1,0.5279488563537598,0.7737501859664917,-0.021588832139968872
50,face,304,-1,0.5353665351867676,0.7743780016899109,-0.01615774631500244
50,face,305,-1,0.5204919576644897,0.7382435202598572,-0.018881144002079964
50,face,306,-1,0.5450707077980042,0.7772775888442993,-0.0051619368605315685
50,face,307,-1,0.5407586693763733,0.7800641655921936,-0.011456620879471302
50,face,308,-1,0.5425589680671692,0.7776656746864319,-0.006624583620578051
50,face,309,-1,0.516853928565979,0.7325068712234497,-0.030260717496275902
50,face,310,-1,0.5312997698783875,0.779710054397583,-0.013676781207323074
50,face,311,-1,0.5242393016815186,0.7810962200164795,-0.017390556633472443
50,face,312,-1,0.5160291194915771,0.7835584282875061,-0.02068169228732586
50,face,313,-1,0.5192115306854248,0.8231770992279053,-0.024077005684375763
50,face,314,-1,0.5189993381500244,0.7973492741584778,-0.027982197701931
50,face,315,-1,0.5184019207954407,0.7919480204582214,-0.02713906206190586
50,face,316,-1,0.5173177719116211,0.7868834733963013,-0.0238180048763752
50,face,317,-1,0.5160718560218811,0.7831689715385437,-0.02225436642765999
50,face,318,-1,0.5312873125076294,0.7797451615333557,-0.014793417416512966
50,face,319,-1,0.533368706703186,0.7811288237571716,-0.01653056964278221
50,face,320,-1,0.5355243682861328,0.7831488251686096,-0.0186284389346838
50,face,321,-1,0.5372963547706604,0.78554368019104,-0.017691627144813538
50,face,322,-1,0.540657103061676,0.7592673301696777,-0.012533432804048061
50,face,323,-1,0.5804969668388367,0.7090857028961182,0.08547723293304443
50,face,324,-1,0.5368706583976746,0.7789353132247925,-0.010219967924058437
50,face,325,-1,0.5388572216033936,0.7794482707977295,-0.011352663859724998
50,face,326,-1,0.5130484104156494,0.7476599216461182,-0.023864295333623886
50,face,327,-1,0.5268242359161377,0.7401753067970276,-0.014346828684210777
50,face,328,-1,0.5142292380332947,0.7449395656585693,-0.02304837480187416
50,face,329,-1,0.529946506023407,0.6982827186584473,0.0010331396479159594
50,face,330,-1,0.5433908104896545,0.7009623646736145,0.0029827312100678682
50,face,331,-1,0.5296163558959961,0.725308895111084,-0.01498572900891304
50,face,332,-1,0.5470406413078308,0.5758782625198364,0.04137599095702171
50,face,333,-1,0.544192373752594,0.5916810035705566,0.025345314294099808
50,face,334,-1,0.5430219769477844,0.6109970808029175,0.012723327614367008
50,face,335,-1,0.5396864414215088,0.8024287223815918,-0.01347652543336153
50,face,336,-1,0.5101885199546814,0.6256102323532104,-0.0006485852063633502
50,face,337,-1,0.5077062249183655,0.5979036688804626,0.008765236474573612
50,face,338,-1,0.5080647468566895,0.5721375942230225,0.01930304802954197
50,face,339,-1,0.5453541278839111,0.6629378795623779,0.018800979480147362
50,face,340,-1,0.5629196166992188,0.6684521436691284,0.029397040605545044
50,face,341,-1,0.5148414373397827,0.6658969521522522,0.013644094578921795
50,face,342,-1,0.5559080243110657,0.6406201720237732,0.0249176025390625
50,face,343,-1,0.5141578912734985,0.6897542476654053,-0.0033539598807692528
50,face,344,-1,0.5217377543449402,0.7237454652786255,-0.02924780547618866
50,face,345,-1,0.5745561122894287,0.6780393123626709,0.037108488380908966
50,face,346,-1,0.5581150650978088,0.6793475151062012,0.020822403952479362
50,face,347,-1,0.5485699772834778,0.6872978806495667,0.01233739499002695
50,face,348,-1,0.5339810252189636,0.6893343925476074,0.008085557259619236
50,face,349,-1,0.5233103036880493,0.6869614124298096,0.006389233749359846
50,face,350,-1,0.5157322287559509,0.6840851306915283,0.004739709664136171
50,face,351,-1,0.501308262348175,0.6786101460456848,-0.009981496259570122
50,face,352,-1,0.5774639248847961,0.7006335258483887,0.03161979466676712
50,face,353,-1,0.561360776424408,0.637222945690155,0.02944285422563553
50,face,354,-1,0.504437267780304,0.7430296540260315,-0.039598498493433
50,face,355,-1,0.5222792625427246,0.7051082849502563,-0.0063479384407401085
50,face,356,-1,0.5753002762794495,0.6563528180122375,0.08824145793914795
50,face,357,-1,0.5100916028022766,0.6803267002105713,0.0042683943174779415
50,face,358,-1,0.530460774898529,0.7260110378265381,-0.007494036573916674
50,face,359,-1,0.5525489449501038,0.6491835713386536,0.026184288784861565
50,face,360,-1,0.5215992331504822,0.7164394855499268,-0.025395164266228676
50,face,361,-1,0.5816811919212341,0.7378964424133301,0.0775112733244896
50,face,362,-1,0.5154576897621155,0.6616107225418091,0.01658564619719982
50,face,363,-1,0.5130806565284729,0.7121633291244507,-0.03272302448749542
50,face,364,-1,0.571366548538208,0.7997757792472839,0.020632976666092873
50,face,365,-1,0.5713263750076294,0.8160476684570312,0.030698582530021667
50,face,366,-1,0.5819836258888245,0.704744815826416,0.05897113308310509
50,face,367,-1,0.5780806541442871,0.7805196046829224,0.03289442136883736
50,face,368,-1,0.5697180032730103,0.6338855624198914,0.057744838297367096
50,face,369,-1,0.5431857109069824,0.8521827459335327,-0.011407767422497272
50,face,370,-1,0.5039311647415161,0.7469140887260437,-0.029949204996228218
50,face,371,-1,0.5303046703338623,0.7111489176750183,-0.004369426518678665
50,face,372,-1,0.5688480734825134,0.6512365937232971,0.04303595796227455
50,face,373,-1,0.5377910137176514,0.6601333618164062,0.016336016356945038
50,face,374,-1,0.5312754511833191,0.6616987586021423,0.014065751805901527
50,face,375,-1,0.542639434337616,0.780925989151001,-0.010175718925893307
50,face,376,-1,0.5792951583862305,0.7242326140403748,0.030474452301859856
50,face,377,-1,0.5299868583679199,0.8772417306900024,-0.015151255764067173
50,face,378,-1,0.5532201528549194,0.8515269756317139,0.00517636351287365
50,face,379,-1,0.5621420741081238,0.8365465998649597,0.016662435606122017
50,face,380,-1,0.5254465937614441,0.6618325710296631,0.0135653642937541
50,face,381,-1,0.5201517343521118,0.6615043878555298,0.014600557275116444
50,face,382,-1,0.5169234871864319,0.6616230607032776,0.01643345132470131
50,face,383,-1,0.5661765933036804,0.6322101950645447,0.03793808072805405
50,face,384,-1,0.5216013789176941,0.6537414193153381,0.014722887426614761
50,face,385,-1,0.5277493596076965,0.6494495868682861,0.013827737420797348
50,face,386,-1,0.5340333580970764,0.6472251415252686,0.01452263630926609
50,face,387,-1,0.540513277053833,0.646849513053894,0.01645432598888874
50,face,388,-1,0.5447850227355957,0.6481238603591919,0.018793227151036263
50,face,389,-1,0.5717735886573792,0.6287787556648254,0.08043654263019562
50,face,390,-1,0.5425614714622498,0.6577048897743225,0.019224338233470917
50,face,391,-1,0.5322422981262207,0.7548352479934692,-0.016914036124944687
50,face,392,-1,0.52195805311203,0.7327922582626343,-0.02234051190316677
50,face,393,-1,0.5146967172622681,0.7562710642814636,-0.024674391373991966
50,face,394,-1,0.562614381313324,0.8195818662643433,0.010148591361939907
50,face,395,-1,0.5537365674972534,0.8360907435417175,-0.0003322277625557035
50,face,396,-1,0.5291309356689453,0.865295946598053,-0.0211336649954319
50,face,397,-1,0.5770112872123718,0.7950520515441895,0.04798155277967453
50,face,398,-1,0.5174258351325989,0.6586962342262268,0.01595510169863701
50,face,399,-1,0.5089356899261475,0.6935861110687256,-0.014923431910574436
50,face,400,-1,0.5428842306137085,0.8653438687324524,-0.006574124563485384
50,face,401,-1,0.5830356478691101,0.7309156060218811,0.05391138792037964
50,face,402,-1,0.5244015455245972,0.7808228135108948,-0.01877855509519577
50,face,403,-1,0.5263252258300781,0.7834936380386353,-0.020487600937485695
50,face,404,-1,0.5280019044876099,0.7871183156967163,-0.023100340738892555
50,face,405,-1,0.5292649269104004,0.7916232347488403,-0.023205459117889404
50,face,406,-1,0.5308837294578552,0.8134908080101013,-0.01964583992958069
50,face,407,-1,0.5389426350593567,0.7774168252944946,-0.009998304769396782
50,face,408,-1,0.5410304069519043,0.7757415175437927,-0.009758589789271355
50,face,409,-1,0.543052077293396,0.7738599181175232,-0.00944578368216753
50,face,410,-1,0.5476939082145691,0.7670321464538574,-0.006983931176364422
50,face,411,-1,0.5714171528816223,0.7317270636558533,0.013531907461583614
50,face,412,-1,0.5075296759605408,0.6835455894470215,-0.005983990617096424
50,face,413,-1,0.5092174410820007,0.6566933989524841,0.011398890055716038
50,face,414,-1,0.5140040516853333,0.655979335308075,0.014757711440324783
50,face,415,-1,0.5367470979690552,0.778838038444519,-0.009552021510899067
50,face,416,-1,0.5748565793037415,0.7617557644844055,0.020995840430259705
50,face,417,-1,0.5020995140075684,0.6603724956512451,0.0004888198454864323
50,face,418,-1,0.5358412861824036,0.8251285552978516,-0.016954069957137108
50,face,419,-1,0.5022920966148376,0.6895127892494202,-0.019571736454963684
50,face,420,-1,0.5175409913063049,0.708329975605011,-0.016998646780848503
50,face,421,-1,0.522760808467865,0.8366124033927917,-0.023295557126402855
50,face,422,-1,0.5532577037811279,0.7953896522521973,-0.003141928231343627
50,face,423,-1,0.5379012227058411,0.7328366041183472,-0.006482883356511593
50,face,424,-1,0.5456990599632263,0.8115200400352478,-0.010118784382939339
50,face,425,-1,0.5546032190322876,0.725820004940033,-0.0019519119523465633
50,face,426,-1,0.5462310910224915,0.7420735955238342,-0.00628970330581069
50,face,427,-1,0.5632603764533997,0.7430408000946045,0.0025756165850907564
50,face,428,-1,0.5265265703201294,0.8512338995933533,-0.023647932335734367
50,face,429,-1,0.5238710641860962,0.712870180606842,-0.012185458093881607
50,face,430,-1,0.5597730278968811,0.8045331835746765,0.00317768775857985
50,face,431,-1,0.5506570339202881,0.8224197030067444,-0.00509535800665617
50,face,432,-1,0.5587065815925598,0.7775937914848328,0.0007313707610592246
50,face,433,-1,0.5795450806617737,0.7455365061759949,0.030123066157102585
50,face,434,-1,0.5676932334899902,0.7777565121650696,0.008658214472234249
50,face,435,-1,0.5822039842605591,0.7561399340629578,0.04667670652270317
50,face,436,-1,0.5540358424186707,0.7555170655250549,-0.003393785562366247
50,face,437,-1,0.5155308842658997,0.6993517279624939,-0.010228495113551617
50,face,438,-1,0.5193703174591064,0.7294830083847046,-0.03141140192747116
50,face,439,-1,0.5255419015884399,0.730651319026947,-0.023415645584464073
50,face,440,-1,0.5146081447601318,0.7229200601577759,-0.036587171256542206
50,face,441,-1,0.514930248260498,0.644865095615387,0.010605087503790855
50,face,442,-1,0.5267332792282104,0.6344255208969116,0.010180248878896236
50,face,443,-1,0.537500262260437,0.6298885941505432,0.011066478677093983
50,face,444,-1,0.5465139746665955,0.6295125484466553,0.014430006965994835
50,face,445,-1,0.5527166128158569,0.6329715251922607,0.019225994125008583
50,face,446,-1,0.5570765733718872,0.65069979429245,0.029322318732738495
50,face,447,-1,0.5793302059173584,0.6804481744766235,0.061005786061286926
50,face,448,-1,0.5510686039924622,0.6697567701339722,0.020626427605748177
50,face,449,-1,0.5430991053581238,0.6757921576499939,0.015047703869640827
50,face,450,-1,0.5328412652015686,0.6778793334960938,0.011192318983376026
50,face,451,-1,0.5235462784767151,0.6771077513694763,0.009472573176026344
50,face,452,-1,0.5167518258094788,0.675350546836853,0.00951817911118269
50,face,453,-1,0.5120372772216797,0.6734974980354309,0.009281125850975513
50,face,454,-1,0.5778673887252808,0.6824538707733154,0.08961242437362671
50,face,455,-1,0.525753915309906,0.7341333627700806,-0.019973913207650185
50,face,456,-1,0.5103088617324829,0.7027101516723633,-0.022668566554784775
50,face,457,-1,0.5127749443054199,0.7319790124893188,-0.038223836570978165
50,face,458,-1,0.5086256265640259,0.7404499053955078,-0.03611775487661362
50,face,459,-1,0.5130047798156738,0.7345808148384094,-0.03454850614070892
50,face,460,-1,0.5239353179931641,0.7390352487564087,-0.01817300170660019
50,face,461,-1,0.5070195198059082,0.7417360544204712,-0.038415614515542984
50,face,462,-1,0.5067470073699951,0.7453212738037109,-0.029677119106054306
50,face,463,-1,0.5125175714492798,0.6632559299468994,0.014973334036767483
50,face,464,-1,0.5082749724388123,0.6686758399009705,0.009311449714004993
50,face,465,-1,0.5056383609771729,0.6731806397438049,0.0029799281619489193
50,face,466,-1,0.5475054979324341,0.6494205594062805,0.021373016759753227
50,face,467,-1,0.5520570278167725,0.6424719095230103,0.022159067913889885
50,face,468,-1,0.44804683327674866,0.6668828725814819,0.012559236027300358
50,face,469,-1,0.45619913935661316,0.6632518768310547,0.012559236027300358
50,face,470,-1,0.4464312195777893,0.6565696001052856,0.012559236027300358
50,face,471,-1,0.4400150775909424,0.6701064109802246,0.012559236027300358
50,face,472,-1,0.4497208893299103,0.6768049001693726,0.012559236027300358
50,face,473,-1,0.5318160653114319,0.640383780002594,0.017058871686458588
50,face,474,-1,0.5397828221321106,0.6387082934379578,0.017058871686458588
50,face,475,-1,0.5316877961158752,0.6287627220153809,0.017058871686458588
50,face,476,-1,0.5236936807632446,0.6419892311096191,0.017058871686458588
50,face,477,-1,0.5320056080818176,0.6519069075584412,0.017058871686458588
50,hand,0,0,0.5784821510314941,0.7812439799308777,1.2287962647405948e-07
50,hand,1,0,0.5616776347160339,0.7997945547103882,-0.002797188237309456
50,hand,2,0,0.5519167184829712,0.8272831439971924,-0.004158406052738428
50,hand,3,0,0.5471610426902771,0.8532605171203613,-0.004847206640988588
50,hand,4,0,0.5421139001846313,0.8721532821655273,-0.005113290157169104
50,hand,5,0,0.5625535845756531,0.8510524034500122,-0.0035684839822351933
50,hand,6,0,0.5575622916221619,0.8855139017105103,-0.005933814216405153
50,hand,7,0,0.5541223883628845,0.9041842222213745,-0.007414024788886309
50,hand,8,0,0.5509752631187439,0.9184854626655579,-0.008222749456763268
50,hand,9,0,0.5715433955192566,0.8555326461791992,-0.002974920906126499
50,hand,10,0,0.5659993290901184,0.8899699449539185,-0.004460022319108248
50,hand,11,0,0.5613471865653992,0.9085946679115295,-0.005201548337936401
50,hand,12,0,0.5568138957023621,0.9224529266357422,-0.005689925514161587
50,hand,13,0,0.5784478187561035,0.8559043407440186,-0.0025354132521897554
50,hand,14,0,0.5746378898620605,0.8876352906227112,-0.003460278734564781
50,hand,15,0,0.5709450840950012,0.9066778421401978,-0.003709659446030855
50,hand,16,0,0.5670785307884216,0.921759307384491,-0.0041131372563540936
50,hand,17,0,0.5836861729621887,0.8524713516235352,-0.002356827026233077
50,hand,18,0,0.5833680033683777,0.8763892650604248,-0.0030504094902426004
50,hand,19,0,0.5821059942245483,0.8908154964447021,-0.002728005638346076
50,hand,20,0,0.5806131958961487,0.9030398726463318,-0.0023255706764757633
50,hand,0,1,0.3990345299243927,0.8387863039970398,-2.5805655390342963e-09
50,hand,1,1,0.4158592224121094,0.8471298217773438,-0.006174883805215359
50,hand,2,1,0.42451438307762146,0.8718811869621277,-0.007783488370478153
50,hand,3,1,0.42903515696525574,0.8971066474914551,-0.00806462299078703
50,hand,4,1,0.43496280908584595,0.9148978590965271,-0.0076811909675598145
50,hand,5,1,0.4127669334411621,0.8972092866897583,-0.004837474320083857
50,hand,6,1,0.4207957983016968,0.9274917840957642,-0.0058884830214083195
50,hand,7,1,0.4263055622577667,0.9420731067657471,-0.006645007990300655
50,hand,8,1,0.4310421347618103,0.9533759355545044,-0.007013452239334583
50,hand,9,1,0.40451037883758545,0.900842010974884,-0.00205337000079453
50,hand,10,1,0.41371577978134155,0.9298712611198425,-0.002730961423367262
50,hand,11,1,0.4220617413520813,0.9424235820770264,-0.003085965057834983
50,hand,12,1,0.4284535348415375,0.9497165679931641,-0.003301912685856223
50,hand,13,1,0.399611234664917,0.9006112813949585,0.00030529595096595585
50,hand,14,1,0.4080881178379059,0.9272786974906921,-0.0008027885924093425
50,hand,15,1,0.41594016551971436,0.9379754662513733,-0.0010923956288024783
50,hand,16,1,0.4221617877483368,0.9432351589202881,-0.0009731354075483978
50,hand,17,1,0.3974659740924835,0.8994004130363464,0.002177999820560217
50,hand,18,1,0.4029870927333832,0.9222173094749451,0.0011883018305525184
50,hand,19,1,0.4095188081264496,0.9326538443565369,0.0011057174997404218
50,hand,20,1,0.41520458459854126,0.9378624558448792,0.0014661919558420777
50,pose,0,-1,0.4588368535041809,0.21156413853168488,-0.44076913595199585
50,pose,1,-1,0.4675948917865753,0.18532848358154297,-0.421973317861557
50,pose,2,-1,0.4735454320907593,0.1849728226661682,-0.42204099893569946
50,pose,3,-1,0.48008477687835693,0.1843746304512024,-0.4220113456249237
50,pose,4,-1,0.4504379332065582,0.18775203824043274,-0.4187762439250946
50,pose,5,-1,0.44614800810813904,0.18914484977722168,-0.41880911588668823
50,pose,6,-1,0.4427812397480011,0.19002681970596313,-0.4189748466014862
50,pose,7,-1,0.49208229780197144,0.1943412870168686,-0.2801423966884613
50,pose,8,-1,0.44155067205429077,0.202395960688591,-0.26333087682724
50,pose,9,-1,0.47396838665008545,0.2411620318889618,-0.38679781556129456
50,pose,10,-1,0.4520459771156311,0.2441340982913971,-0.38168075680732727
50,pose,11,-1,0.5566895604133606,0.35316604375839233,-0.16968244314193726
50,pose,12,-1,0.4027561545372009,0.3932991325855255,-0.1856880486011505
50,pose,13,-1,0.5877338647842407,0.5756052732467651,-0.10263967514038086
50,pose,14,-1,0.39875566959381104,0.6269611120223999,-0.15989583730697632
50,pose,15,-1,0.5763698220252991,0.7835738062858582,-0.25937536358833313
50,pose,16,-1,0.40532156825065613,0.8245581388473511,-0.3219466805458069
50,pose,17,-1,0.5773952603340149,0.8575989603996277,-0.3159184753894806
50,pose,18,-1,0.40438413619995117,0.8885465860366821,-0.37635737657546997
50,pose,19,-1,0.5635373592376709,0.8513869047164917,-0.3601367771625519
50,pose,20,-1,0.41806188225746155,0.8878992795944214,-0.42481082677841187
50,pose,21,-1,0.5590915679931641,0.8328699469566345,-0.2792942225933075
50,pose,22,-1,0.42240187525749207,0.8638713955879211,-0.343534380197525
50,pose,23,-1,0.5378206372261047,0.7754687666893005,0.0053365654312074184
50,pose,24,-1,0.44973576068878174,0.7933639287948608,-0.004676788579672575
50,pose,25,-1,0.5286414623260498,1.0222458839416504,0.005249191541224718
50,pose,26,-1,0.46159639954566956,1.017202615737915,0.049362119287252426
50,pose,27,-1,0.5483442544937134,1.3221676349639893,0.32856041193008423
50,pose,28,-1,0.46806758642196655,1.3170957565307617,0.31981149315834045
50,pose,29,-1,0.5499637722969055,1.3559374809265137,0.35293421149253845
50,pose,30,-1,0.46760231256484985,1.3500847816467285,0.34183934330940247
50,pose,31,-1,0.5424801707267761,1.4058605432510376,0.1884995400905609
50,pose,32,-1,0.4841414988040924,1.4053518772125244,0.1606995165348053
51,face,0,-1,0.5024994611740112,0.7781332731246948,-0.024751638993620872
51,face,1,-1,0.4993693232536316,0.746484100818634,-0.04219308868050575
51,face,2,-1,0.5001040697097778,0.7597066164016724,-0.023895954713225365
51,face,3,-1,0.48704513907432556,0.7118902802467346,-0.029761899262666702
51,face,4,-1,0.4981042742729187,0.7347528338432312,-0.04419293627142906
51,face,5,-1,0.4961117208003998,0.7199835777282715,-0.04022148996591568
51,face,6,-1,0.4911348223686218,0.6833736896514893,-0.016689620912075043
51,face,7,-1,0.43181949853897095,0.710690438747406,0.012637600302696228
51,face,8,-1,0.4872831404209137,0.6542925238609314,-0.008797693997621536
51,face,9,-1,0.4853741526603699,0.6384248733520508,-0.008876170963048935
51,face,10,-1,0.4798789620399475,0.5818349123001099,0.004766759928315878
51,face,11,-1,0.5028987526893616,0.7821428775787354,-0.023715676739811897
51,face,12,-1,0.5033218264579773,0.7865490317344666,-0.02137896418571472
51,face,13,-1,0.5037732124328613,0.7899114489555359,-0.017588814720511436
51,face,14,-1,0.5033485293388367,0.7927877306938171,-0.01838630996644497
51,face,15,-1,0.5034613609313965,0.7975811958312988,-0.019484927877783775
51,face,16,-1,0.5037936568260193,0.8035913705825806,-0.022007325664162636
51,face,17,-1,0.5044834017753601,0.8094263672828674,-0.022155672311782837
51,face,18,-1,0.5080520510673523,0.8359487652778625,-0.01703338697552681
51,face,19,-1,0.49999549984931946,0.7533242702484131,-0.03853760287165642
51,face,20,-1,0.4911651611328125,0.7568826675415039,-0.02827119268476963
51,face,21,-1,0.4026188552379608,0.6639708280563354,0.05272907763719559
51,face,22,-1,0.4544229209423065,0.7087003588676453,0.004790242295712233
51,face,23,-1,0.44679325819015503,0.7132176160812378,0.005098325666040182
51,face,24,-1,0.4392351806163788,0.7161914110183716,0.0069969031028449535
51,face,25,-1,0.429213285446167,0.7156940698623657,0.013230277225375175
51,face,26,-1,0.46075746417045593,0.7034334540367126,0.0061634904704988
51,face,27,-1,0.44204744696617126,0.6842243075370789,0.0032972644548863173
51,face,28,-1,0.4504913091659546,0.6818646788597107,0.0038326450157910585
51,face,29,-1,0.43444135785102844,0.6890169978141785,0.005241311155259609
51,face,30,-1,0.4293937087059021,0.695357084274292,0.008024106733500957
51,face,31,-1,0.42336541414260864,0.7238819003105164,0.016480809077620506
51,face,32,-1,0.4783443212509155,0.8653596639633179,-0.0073401182889938354
51,face,33,-1,0.4288770258426666,0.7099924087524414,0.015118014998733997
51,face,34,-1,0.40323200821876526,0.7170239686965942,0.04961923137307167
51,face,35,-1,0.4159385859966278,0.7190521955490112,0.024367446079850197
51,face,36,-1,0.45342686772346497,0.7532945275306702,-0.006133285816758871
51,face,37,-1,0.4904061555862427,0.7813701629638672,-0.024021530523896217
51,face,38,-1,0.49316468834877014,0.790526270866394,-0.020389704033732414
51,face,39,-1,0.47899383306503296,0.7899108529090881,-0.01970086060464382
51,face,40,-1,0.47221723198890686,0.7966418862342834,-0.014032435603439808
51,face,41,-1,0.484493225812912,0.7948777675628662,-0.01734561286866665
51,face,42,-1,0.478240430355072,0.7988797426223755,-0.012222547084093094
51,face,43,-1,0.4648176431655884,0.828169584274292,-0.004034637939184904
51,face,44,-1,0.49238115549087524,0.7490409016609192,-0.04166378825902939
51,face,45,-1,0.48963531851768494,0.7384911775588989,-0.04341460019350052
51,face,46,-1,0.4191499948501587,0.6889706254005432,0.010454441420733929
51,face,47,-1,0.46724867820739746,0.7178316116333008,-0.004997429437935352
51,face,48,-1,0.4697103798389435,0.7544181942939758,-0.022789692506194115
51,face,49,-1,0.4680757224559784,0.7485527396202087,-0.020113099366426468
51,face,50,-1,0.4300743043422699,0.7601523995399475,0.003632271895185113
51,face,51,-1,0.48818397521972656,0.7243058085441589,-0.03803976997733116
51,face,52,-1,0.4373716711997986,0.6697131991386414,-0.0012306672288104892
51,face,53,-1,0.4264495074748993,0.6778253316879272,0.0041928160935640335
51,face,54,-1,0.40691566467285156,0.641674816608429,0.03946857899427414
51,face,55,-1,0.4712466597557068,0.6657987833023071,-0.0069144354201853275
51,face,56,-1,0.4583349823951721,0.6826712489128113,0.0061799040995538235
51,face,57,-1,0.4570545554161072,0.8194347620010376,-0.0011640222510322928
51,face,58,-1,0.42021238803863525,0.827041745185852,0.06273732334375381
51,face,59,-1,0.47697049379348755,0.7584885358810425,-0.02031967043876648
51,face,60,-1,0.484480082988739,0.7600749135017395,-0.02129560150206089
51,face,61,-1,0.46599453687667847,0.8056868314743042,-0.00188692647498101
51,face,62,-1,0.4692307114601135,0.8043088316917419,-0.004022219683974981
51,face,63,-1,0.4225905239582062,0.6713938117027283,0.008325533010065556
51,face,64,-1,0.46977975964546204,0.7595882415771484,-0.018945125862956047
51,face,65,-1,0.4518669843673706,0.6650656461715698,-0.005200253799557686
51,face,66,-1,0.45019063353538513,0.6550084352493286,-0.006099984515458345
51,face,67,-1,0.4339379668235779,0.6051728129386902,0.012840818613767624
51,face,68,-1,0.4117633104324341,0.6513242721557617,0.021098030731081963
51,face,69,-1,0.43967148661613464,0.6255444288253784,0.002416817704215646
51,face,70,-1,0.41470518708229065,0.6846837997436523,0.017255283892154694
51,face,71,-1,0.406587690114975,0.6698689460754395,0.03326322138309479
51,face,72,-1,0.4914703071117401,0.7863522171974182,-0.023009201511740685
51,face,73,-1,0.48149746656417847,0.7926958799362183,-0.018835902214050293
51,face,74,-1,0.4750140905380249,0.7978857755661011,-0.013744045048952103
51,face,75,-1,0.4791041910648346,0.7602683901786804,-0.018677327781915665
51,face,76,-1,0.4676496684551239,0.8050447106361389,-0.003022999968379736
51,face,77,-1,0.4717455208301544,0.8061454892158508,-0.008297747932374477
51,face,78,-1,0.4705332815647125,0.8037747740745544,-0.004300768952816725
51,face,79,-1,0.48187556862831116,0.7530181407928467,-0.03050079569220543
51,face,80,-1,0.4809935986995697,0.7990835309028625,-0.010845031589269638
51,face,81,-1,0.48702219128608704,0.7961370944976807,-0.014149441383779049
51,face,82,-1,0.4947619140148163,0.7931056022644043,-0.016797468066215515
51,face,83,-1,0.49591732025146484,0.8392545580863953,-0.01658882014453411
51,face,84,-1,0.4927598237991333,0.8130719065666199,-0.02154398150742054
51,face,85,-1,0.49275174736976624,0.8070032000541687,-0.021402686834335327
51,face,86,-1,0.4935012757778168,0.8005608916282654,-0.018671421334147453
51,face,87,-1,0.4943843185901642,0.79597407579422,-0.017517520114779472
51,face,88,-1,0.48064425587654114,0.8004835844039917,-0.011354323476552963
51,face,89,-1,0.4787197709083557,0.8035255074501038,-0.012708114460110664
51,face,90,-1,0.47633087635040283,0.8075205683708191,-0.014299032278358936
51,face,91,-1,0.4743962287902832,0.8116753697395325,-0.013251103460788727
51,face,92,-1,0.4640352129936218,0.7939678430557251,-0.011615454219281673
51,face,93,-1,0.4066844582557678,0.7689056396484375,0.07795973867177963
51,face,94,-1,0.5000830888748169,0.7565301060676575,-0.02867436781525612
51,face,95,-1,0.47626611590385437,0.8019311428070068,-0.0073746368288993835
51,face,96,-1,0.47422853112220764,0.8037897348403931,-0.008227894082665443
51,face,97,-1,0.4880455434322357,0.7637081742286682,-0.02227163501083851
51,face,98,-1,0.47321775555610657,0.7658653855323792,-0.014011792838573456
51,face,99,-1,0.4863224923610687,0.761965274810791,-0.021876424551010132
51,face,100,-1,0.45943284034729004,0.727420449256897,-0.00288766180165112
51,face,101,-1,0.44721072912216187,0.7397504448890686,-0.0012386500602588058
51,face,102,-1,0.4672234058380127,0.7540634274482727,-0.016129864379763603
51,face,103,-1,0.41650065779685974,0.6221063137054443,0.025196358561515808
51,face,104,-1,0.4221108555793762,0.6364418268203735,0.011064404621720314
51,face,105,-1,0.4345974028110504,0.6605219841003418,0.0008353746379725635
51,face,106,-1,0.4731737971305847,0.833798348903656,-0.008858839049935341
51,face,107,-1,0.46867209672927856,0.6508314609527588,-0.008912515826523304
51,face,108,-1,0.4594056308269501,0.6176615953445435,-0.0022627725265920162
51,face,109,-1,0.4546908438205719,0.5925902128219604,0.005846505519002676
51,face,110,-1,0.43282127380371094,0.7175343036651611,0.010086906142532825
51,face,111,-1,0.4160013198852539,0.7339109182357788,0.020140180364251137
51,face,112,-1,0.46477776765823364,0.6992305517196655,0.007590172346681356
51,face,113,-1,0.42252734303474426,0.7027117013931274,0.014082854613661766
51,face,114,-1,0.47251659631729126,0.7083728313446045,-0.007312028668820858
51,face,115,-1,0.47512340545654297,0.7483363151550293,-0.03008316084742546
51,face,116,-1,0.4093281924724579,0.7385155558586121,0.02750273421406746
51,face,117,-1,0.4194190502166748,0.739518404006958,0.0127524109557271
51,face,118,-1,0.42827340960502625,0.7391143441200256,0.005729466676712036
51,face,119,-1,0.44324955344200134,0.7316442728042603,0.0027257672045379877
51,face,120,-1,0.45451757311820984,0.7227703332901001,0.0015667695552110672
51,face,121,-1,0.46288150548934937,0.7140530943870544,-7.369553259195527e-06
51,face,122,-1,0.48298171162605286,0.6892992258071899,-0.013987169601023197
51,face,123,-1,0.4121284782886505,0.7626408934593201,0.02394076995551586
51,face,124,-1,0.417022168636322,0.7028484344482422,0.017510533332824707
51,face,125,-1,0.4956669509410858,0.7546402812004089,-0.038249094039201736
51,face,126,-1,0.4688138961791992,0.7293262481689453,-0.009158416651189327
51,face,127,-1,0.40192413330078125,0.7155463695526123,0.07622908055782318
51,face,128,-1,0.46909284591674805,0.705564022064209,-0.00042182457400485873
51,face,129,-1,0.46636804938316345,0.7549331784248352,-0.008390725590288639
51,face,130,-1,0.426236629486084,0.7105517387390137,0.016285710036754608
51,face,131,-1,0.47338294982910156,0.7411109805107117,-0.0267226230353117
51,face,132,-1,0.41167593002319336,0.7977513074874878,0.07239019870758057
51,face,133,-1,0.46455851197242737,0.6961823105812073,0.009990762919187546
51,face,134,-1,0.48056069016456604,0.7315011024475098,-0.03383520990610123
51,face,135,-1,0.4392679035663605,0.8515043258666992,0.02181181311607361
51,face,136,-1,0.4417554438114166,0.8656343817710876,0.033574916422367096
51,face,137,-1,0.40631961822509766,0.7679830193519592,0.050172239542007446
51,face,138,-1,0.4278726279735565,0.8379741907119751,0.03169064596295357
51,face,139,-1,0.40494900941848755,0.6916225552558899,0.04368219152092934
51,face,140,-1,0.47787347435951233,0.87971031665802,-0.0037812755908817053
51,face,141,-1,0.49652767181396484,0.7574758529663086,-0.02824622392654419
51,face,142,-1,0.46227961778640747,0.7405462265014648,-0.006918615661561489
51,face,143,-1,0.4114832878112793,0.7226415872573853,0.03163241222500801
51,face,144,-1,0.43988505005836487,0.7094628214836121,0.008270147256553173
51,face,145,-1,0.446698397397995,0.7067148685455322,0.0065712896175682545
51,face,146,-1,0.469382643699646,0.8084918260574341,-0.007111688144505024
51,face,147,-1,0.4155973792076111,0.7862024903297424,0.025071630254387856
51,face,148,-1,0.4956713318824768,0.8925099968910217,-0.004590548109263182
51,face,149,-1,0.46789661049842834,0.8849408626556396,0.01192274410277605
51,face,150,-1,0.4558383524417877,0.8776649832725525,0.02158600091934204
51,face,151,-1,0.48221901059150696,0.6093016862869263,-0.0031801050063222647
51,face,152,-1,0.5137359499931335,0.8882607221603394,-0.006743143778294325
51,face,153,-1,0.45297566056251526,0.7031100988388062,0.006516729481518269
51,face,154,-1,0.4587252140045166,0.6994255185127258,0.007872628048062325
51,face,155,-1,0.46260353922843933,0.6973543167114258,0.009721146896481514
51,face,156,-1,0.412991464138031,0.7018957734107971,0.025303766131401062
51,face,157,-1,0.45749804377555847,0.69350266456604,0.00716242054477334
51,face,158,-1,0.45077595114707947,0.6945458650588989,0.005799410864710808
51,face,159,-1,0.444376677274704,0.6969723701477051,0.005932032596319914
51,face,160,-1,0.43793800473213196,0.7007787227630615,0.007377948146313429
51,face,161,-1,0.43353477120399475,0.70465087890625,0.009617583826184273
51,face,162,-1,0.4012563228607178,0.6872951984405518,0.06639361381530762
51,face,163,-1,0.4351300001144409,0.7105187773704529,0.010558482259511948
51,face,164,-1,0.5009933710098267,0.7679553031921387,-0.022847281768918037
51,face,165,-1,0.47119322419166565,0.7840189337730408,-0.015825677663087845
51,face,166,-1,0.4769164025783539,0.7565381526947021,-0.02268889732658863
51,face,167,-1,0.48831266164779663,0.77325439453125,-0.02253429777920246
51,face,168,-1,0.48920556902885437,0.6692860126495361,-0.009895706549286842
51,face,169,-1,0.4520193040370941,0.8633549213409424,0.013665761798620224
51,face,170,-1,0.46416375041007996,0.8720698952674866,0.005266410764306784
51,face,171,-1,0.4940618574619293,0.8826072812080383,-0.011530425399541855
51,face,172,-1,0.4305739402770996,0.8498793840408325,0.048371851444244385
51,face,173,-1,0.4622091054916382,0.6946496367454529,0.008869512006640434
51,face,174,-1,0.47915560007095337,0.709563672542572,-0.017975978553295135
51,face,175,-1,0.5126804709434509,0.8785390853881836,-0.01308558788150549
51,face,176,-1,0.48085102438926697,0.8904950022697449,0.0020548731554299593
51,face,177,-1,0.4108644723892212,0.7938523292541504,0.04744219407439232
51,face,178,-1,0.48672184348106384,0.7984580397605896,-0.014781790785491467
51,face,179,-1,0.485019326210022,0.8026440143585205,-0.016088545322418213
51,face,180,-1,0.4834110140800476,0.8080090284347534,-0.018124576658010483
51,face,181,-1,0.48243969678878784,0.8138304352760315,-0.017802605405449867
51,face,182,-1,0.48331892490386963,0.838259220123291,-0.013668046332895756
51,face,183,-1,0.4735580086708069,0.8020104169845581,-0.00789600983262062
51,face,184,-1,0.47047317028045654,0.8022644519805908,-0.007862672209739685
51,face,185,-1,0.4677366316318512,0.8020439147949219,-0.007838052697479725
51,face,186,-1,0.45910611748695374,0.8061169981956482,-0.006117931567132473
51,face,187,-1,0.4263417422771454,0.7885913848876953,0.00997884664684534
51,face,188,-1,0.47777965664863586,0.6980334520339966,-0.010063118301331997
51,face,189,-1,0.4710024297237396,0.6837522983551025,0.004902523010969162
51,face,190,-1,0.46566104888916016,0.6880968809127808,0.007910442538559437
51,face,191,-1,0.47635167837142944,0.8013437986373901,-0.007082152646034956
51,face,192,-1,0.42868945002555847,0.8188496828079224,0.019231630489230156
51,face,193,-1,0.47768956422805786,0.6800006628036499,-0.004958415403962135
51,face,194,-1,0.480430006980896,0.851399302482605,-0.010235507041215897
51,face,195,-1,0.4943550229072571,0.7074119448661804,-0.03208218142390251
51,face,196,-1,0.4849967062473297,0.7011610269546509,-0.02252173237502575
51,face,197,-1,0.49278491735458374,0.6957995891571045,-0.02402622252702713
51,face,198,-1,0.47467371821403503,0.7299219965934753,-0.019109128043055534
51,face,199,-1,0.5112331509590149,0.8646746277809143,-0.016561107710003853
51,face,200,-1,0.5095303654670715,0.8493227958679199,-0.01637306809425354
51,face,201,-1,0.4950227737426758,0.8531715273857117,-0.014930258505046368
51,face,202,-1,0.458089143037796,0.8360689878463745,0.00010550751903792843
51,face,203,-1,0.4603847861289978,0.7668291926383972,-0.007409953977912664
51,face,204,-1,0.4683716595172882,0.8456210494041443,-0.004986398387700319
51,face,205,-1,0.4422783851623535,0.7719795107841492,-0.00403584074229002
51,face,206,-1,0.4544409513473511,0.7815481424331665,-0.006842828821390867
51,face,207,-1,0.4376877546310425,0.7940858602523804,0.0011993841035291553
51,face,208,-1,0.4940390884876251,0.8685749769210815,-0.014670979231595993
51,face,209,-1,0.4697498381137848,0.7383419871330261,-0.014153982512652874
51,face,210,-1,0.4527941644191742,0.8484066724777222,0.0063110231421887875
51,face,211,-1,0.46520280838012695,0.8581098914146423,0.00031778894481249154
51,face,212,-1,0.44958215951919556,0.8233428597450256,0.0020246163476258516
51,face,213,-1,0.4198452830314636,0.8063982129096985,0.026429064571857452
51,face,214,-1,0.439822256565094,0.8293710350990295,0.009020085446536541
51,face,215,-1,0.4174940288066864,0.817521333694458,0.04262959212064743
51,face,216,-1,0.45012566447257996,0.7995896935462952,-0.00355400238186121
51,face,217,-1,0.4740055203437805,0.7193419933319092,-0.013196371495723724
51,face,218,-1,0.47891026735305786,0.7521090507507324,-0.03191749379038811
51,face,219,-1,0.4730226397514343,0.757050096988678,-0.023889662697911263
51,face,220,-1,0.4820892810821533,0.743079662322998,-0.03724329173564911
51,face,221,-1,0.4644918441772461,0.6768887639045715,0.0028109673876315355
51,face,222,-1,0.4515571594238281,0.6751872301101685,0.001241181162185967
51,face,223,-1,0.4406505823135376,0.6779300570487976,0.0015302994288504124
51,face,224,-1,0.4314750134944916,0.6836073398590088,0.004117961041629314
51,face,225,-1,0.42520198225975037,0.6921704411506653,0.008331574499607086
51,face,226,-1,0.42183616757392883,0.7142712473869324,0.019085774198174477
51,face,227,-1,0.40377065539360046,0.7427914142608643,0.050188302993774414
51,face,228,-1,0.42686063051223755,0.7268871665000916,0.0123883206397295
51,face,229,-1,0.4344775676727295,0.7260652184486389,0.007700236048549414
51,face,230,-1,0.44483715295791626,0.7218368053436279,0.004812920931726694
51,face,231,-1,0.4548317790031433,0.7151253819465637,0.003803106490522623
51,face,232,-1,0.46238189935684204,0.708426833152771,0.004189842380583286
51,face,233,-1,0.46761804819107056,0.7027338743209839,0.004184375517070293
51,face,234,-1,0.4040834307670593,0.7417296171188354,0.07966044545173645
51,face,235,-1,0.4733872413635254,0.7600976228713989,-0.020232966169714928
51,face,236,-1,0.48057374358177185,0.7198639512062073,-0.02478063851594925
51,face,237,-1,0.4858328402042389,0.7502108812332153,-0.03793865814805031
51,face,238,-1,0.4908723831176758,0.7547343969345093,-0.03510521724820137
51,face,239,-1,0.4859291911125183,0.7523322105407715,-0.03427281230688095
51,face,240,-1,0.4758993089199066,0.7631334066390991,-0.017916332930326462
51,face,241,-1,0.492845356464386,0.7550841569900513,-0.037164993584156036
51,face,242,-1,0.4934766888618469,0.757857084274292,-0.028221162036061287
51,face,243,-1,0.46758508682250977,0.6947016716003418,0.00885243434458971
51,face,244,-1,0.4718253016471863,0.6948498487472534,0.004011265002191067
51,face,245,-1,0.4740070700645447,0.6949877142906189,-0.0018182609928771853
51,face,246,-1,0.430826336145401,0.7075206637382507,0.01197183970361948
51,face,247,-1,0.4261895418167114,0.7025851011276245,0.012071614153683186
51,face,248,-1,0.5016282200813293,0.7061265707015991,-0.029263660311698914
51,face,249,-1,0.5430322885513306,0.6579688787460327,0.016352593898773193
51,face,250,-1,0.5081326365470886,0.7505115270614624,-0.027835410088300705
51,face,251,-1,0.5624720454216003,0.6013627052307129,0.05747897922992706
51,face,252,-1,0.522500216960907,0.673098087310791,0.007116868160665035
51,face,253,-1,0.5296854376792908,0.6716961860656738,0.00787707045674324
51,face,254,-1,0.536773681640625,0.669481635093689,0.01029985398054123
51,face,255,-1,0.5465127825737,0.6604573726654053,0.017166340723633766
51,face,256,-1,0.5164307355880737,0.6729016304016113,0.007884878665208817
51,face,257,-1,0.5304126143455505,0.6414099931716919,0.006519242189824581
51,face,258,-1,0.5224844217300415,0.6454312801361084,0.006358020938932896
51,face,259,-1,0.5382847785949707,0.6402754187583923,0.009049751795828342
51,face,260,-1,0.543854296207428,0.6427147388458252,0.012052181176841259
51,face,261,-1,0.5531206727027893,0.6653938293457031,0.0204610638320446
51,face,262,-1,0.5404369235038757,0.8413345217704773,-0.005884516052901745
51,face,263,-1,0.5459825992584229,0.6542407870292664,0.01898014359176159
51,face,264,-1,0.5709721446037292,0.651894211769104,0.05517900362610817
51,face,265,-1,0.5604879260063171,0.6551553010940552,0.028982602059841156
51,face,266,-1,0.5380179286003113,0.7203012704849243,-0.004181783180683851
51,face,267,-1,0.5140508413314819,0.7724708318710327,-0.023421360179781914
51,face,268,-1,0.5134978890419006,0.783255398273468,-0.019925542175769806
51,face,269,-1,0.5266532897949219,0.7723825573921204,-0.018554478883743286
51,face,270,-1,0.5346542596817017,0.7742912769317627,-0.012493777088820934
51,face,271,-1,0.5224287509918213,0.7814834713935852,-0.016422109678387642
51,face,272,-1,0.5297126173973083,0.7812188267707825,-0.010999215766787529
51,face,273,-1,0.5454954504966736,0.7963548898696899,-0.0021404498256742954
51,face,274,-1,0.5062142610549927,0.7436903119087219,-0.041300833225250244
51,face,275,-1,0.5061567425727844,0.731942355632782,-0.043049756437540054
51,face,276,-1,0.5528557896614075,0.6308439373970032,0.015134506858885288
51,face,277,-1,0.5182459950447083,0.6978905200958252,-0.003404848976060748
51,face,278,-1,0.5257429480552673,0.732603907585144,-0.02121301181614399
51,face,279,-1,0.5254871249198914,0.726107120513916,-0.01852244697511196
51,face,280,-1,0.559056282043457,0.7096118927001953,0.006832958199083805
51,face,281,-1,0.5040026903152466,0.7180045247077942,-0.03758933022618294
51,face,282,-1,0.5342857241630554,0.6250829100608826,0.0019078125478699803
51,face,283,-1,0.5447294116020203,0.6255071759223938,0.008239730261266232
51,face,284,-1,0.5547357797622681,0.5839816331863403,0.044024039059877396
51,face,285,-1,0.5034528374671936,0.6442712545394897,-0.005913812667131424
51,face,286,-1,0.5159804224967957,0.6521701812744141,0.008233694359660149
51,face,287,-1,0.5503915548324585,0.7823539972305298,0.0010512417647987604
51,face,288,-1,0.5787959098815918,0.7639107704162598,0.06676951795816422
51,face,289,-1,0.520496129989624,0.7416441440582275,-0.018801648169755936
51,face,290,-1,0.5143224000930786,0.7486923933029175,-0.020555369555950165
51,face,291,-1,0.5444458723068237,0.779362142086029,0.00011698238085955381
51,face,292,-1,0.5413294434547424,0.7802967429161072,-0.002219890244305134
51,face,293,-1,0.5478276610374451,0.6177606582641602,0.012829253450036049
51,face,294,-1,0.5266453623771667,0.7376984357833862,-0.017433475703001022
51,face,295,-1,0.5209069848060608,0.6298311352729797,-0.0028375263791531324
51,face,296,-1,0.521298348903656,0.6211981773376465,-0.0035948529839515686
51,face,297,-1,0.5246015191078186,0.5704190135002136,0.015547714196145535
51,face,298,-1,0.5520285964012146,0.5971237421035767,0.026164541020989418
51,face,299,-1,0.5225366353988647,0.5937545895576477,0.005268171429634094
51,face,300,-1,0.5565580129623413,0.6246299147605896,0.022368429228663445
51,face,301,-1,0.5601270794868469,0.6104936599731445,0.03861425817012787
51,face,302,-1,0.5139477849006653,0.7780234217643738,-0.022485511377453804
51,face,303,-1,0.5244219899177551,0.7773207426071167,-0.017810985445976257
51,face,304,-1,0.532238245010376,0.7778089642524719,-0.012406929396092892
51,face,305,-1,0.5189042091369629,0.7449424266815186,-0.017692217603325844
51,face,306,-1,0.5428276658058167,0.7799725532531738,-0.0011461268877610564
51,face,307,-1,0.5380586981773376,0.7836715579032898,-0.006674826145172119
51,face,308,-1,0.5398783087730408,0.7806888222694397,-0.0025104680098593235
51,face,309,-1,0.5155745148658752,0.7400919198989868,-0.02940179966390133
51,face,310,-1,0.5278878808021545,0.7832644581794739,-0.009628941304981709
51,face,311,-1,0.5209720134735107,0.7843284606933594,-0.013229113072156906
51,face,312,-1,0.5129031538963318,0.7865034937858582,-0.016305522993206978
51,face,313,-1,0.5195174813270569,0.8300705552101135,-0.016200212761759758
51,face,314,-1,0.5165600180625916,0.8042876124382019,-0.02109621837735176
51,face,315,-1,0.5149846076965332,0.7986472249031067,-0.020862305536866188
51,face,316,-1,0.5135015845298767,0.7929948568344116,-0.018137020990252495
51,face,317,-1,0.5124823451042175,0.7891703844070435,-0.017081178724765778
51,face,318,-1,0.527905285358429,0.7844491600990295,-0.010156676173210144
51,face,319,-1,0.5301204323768616,0.7857427000999451,-0.011480780318379402
51,face,320,-1,0.5328813791275024,0.7876921892166138,-0.013171717524528503
51,face,321,-1,0.5354453325271606,0.7899137139320374,-0.012044427916407585
51,face,322,-1,0.5386778712272644,0.7646294236183167,-0.009793062694370747
51,face,323,-1,0.5768783688545227,0.7024486660957336,0.08222844451665878
51,face,324,-1,0.5332973599433899,0.7829110026359558,-0.00583402905613184
51,face,325,-1,0.5355801582336426,0.7832635641098022,-0.006692362949252129
51,face,326,-1,0.5120828151702881,0.7546196579933167,-0.021710818633437157
51,face,327,-1,0.5249236226081848,0.7460418343544006,-0.012921776622533798
51,face,328,-1,0.5132112503051758,0.7518393993377686,-0.021207889541983604
51,face,329,-1,0.5269269943237305,0.7010031342506409,-0.001039300812408328
51,face,330,-1,0.5401632189750671,0.7034672498703003,0.0010347707429900765
51,face,331,-1,0.527271032333374,0.7308923602104187,-0.014536918140947819
51,face,332,-1,0.5428226590156555,0.5732077360153198,0.029098937287926674
51,face,333,-1,0.5399865508079529,0.5911526679992676,0.015218423679471016
51,face,334,-1,0.5359458327293396,0.6162991523742676,0.004351106937974691
51,face,335,-1,0.5391095876693726,0.8079244494438171,-0.007361888885498047
51,face,336,-1,0.5042025446891785,0.6296963691711426,-0.007767839357256889
51,face,337,-1,0.5039216876029968,0.6006166338920593,-0.0007461104542016983
51,face,338,-1,0.5042728185653687,0.5736420154571533,0.007275280077010393
51,face,339,-1,0.5429496765136719,0.6655774712562561,0.013890224508941174
51,face,340,-1,0.5620521306991577,0.6697902083396912,0.024555852636694908
51,face,341,-1,0.5125340223312378,0.6716378927230835,0.0091910595074296
51,face,342,-1,0.5516960024833679,0.644992470741272,0.018467441201210022
51,face,343,-1,0.5117615461349487,0.6931232213973999,-0.006020800210535526
51,face,344,-1,0.5200761556625366,0.7308358550071716,-0.028778517618775368
51,face,345,-1,0.5705229043960571,0.6758922934532166,0.032456327229738235
51,face,346,-1,0.5577727556228638,0.6790409684181213,0.016911819577217102
51,face,347,-1,0.5486613512039185,0.6867671608924866,0.009096154943108559
51,face,348,-1,0.534083366394043,0.6904357671737671,0.00514588737860322
51,face,349,-1,0.5231700539588928,0.6896119117736816,0.003449637209996581
51,face,350,-1,0.5150992274284363,0.6876378655433655,0.0016230558976531029
51,face,351,-1,0.4993169903755188,0.6829683780670166,-0.013493310660123825
51,face,352,-1,0.5735142827033997,0.6995987296104431,0.028751656413078308
51,face,353,-1,0.5570030808448792,0.6415762901306152,0.02251458168029785
51,face,354,-1,0.5040669441223145,0.751481294631958,-0.03794880583882332
51,face,355,-1,0.519697904586792,0.7093331217765808,-0.007675346918404102
51,face,356,-1,0.5708262920379639,0.64911949634552,0.08075356483459473
51,face,357,-1,0.5089401006698608,0.6842080950737,0.0008016572101041675
51,face,358,-1,0.5280728936195374,0.7310179471969604,-0.00715234549716115
51,face,359,-1,0.5489268898963928,0.653313159942627,0.02032201923429966
51,face,360,-1,0.5196722745895386,0.7228654026985168,-0.025426620617508888
51,face,361,-1,0.5789401531219482,0.7320091128349304,0.07671359926462173
51,face,362,-1,0.5123398303985596,0.6678640246391296,0.011740115471184254
51,face,363,-1,0.511676549911499,0.7191981673240662,-0.03294610604643822
51,face,364,-1,0.5701892375946045,0.7998459935188293,0.025383319705724716
51,face,365,-1,0.5708665251731873,0.8141876459121704,0.036633867770433426
51,face,366,-1,0.5784379243850708,0.700947105884552,0.05560970678925514
51,face,367,-1,0.5762597322463989,0.7793149948120117,0.0359407439827919
51,face,368,-1,0.5654860734939575,0.6292743682861328,0.04926280304789543
51,face,369,-1,0.5435963273048401,0.8544334173202515,-0.00213057454675436
51,face,370,-1,0.5035440325737,0.7548653483390808,-0.02804252877831459
51,face,371,-1,0.5276310443878174,0.7150206565856934,-0.0052343690767884254
51,face,372,-1,0.5666863322257996,0.6557623147964478,0.03667888417840004
51,face,373,-1,0.5353699922561646,0.6630005836486816,0.011406338773667812
51,face,374,-1,0.5290277600288391,0.6653043031692505,0.009336222894489765
51,face,375,-1,0.5407822132110596,0.7841067910194397,-0.005353329237550497
51,face,376,-1,0.5757351517677307,0.7234324812889099,0.029530206695199013
51,face,377,-1,0.5308752655982971,0.8789594173431396,-0.0039534191600978374
51,face,378,-1,0.5534926652908325,0.851637601852417,0.01398544292896986
51,face,379,-1,0.5621558427810669,0.8358597755432129,0.02415779046714306
51,face,380,-1,0.523146390914917,0.6665217876434326,0.008893109858036041
51,face,381,-1,0.5176249742507935,0.6671810150146484,0.009904083795845509
51,face,382,-1,0.514103889465332,0.6677601933479309,0.011581718921661377
51,face,383,-1,0.5616315603256226,0.6375467777252197,0.030481727793812752
51,face,384,-1,0.5179071426391602,0.6606222987174988,0.009569119662046432
51,face,385,-1,0.5237126350402832,0.656304657459259,0.008521059527993202
51,face,386,-1,0.5297597050666809,0.6534005403518677,0.009100520052015781
51,face,387,-1,0.5362673401832581,0.652046799659729,0.010941884480416775
51,face,388,-1,0.5408830642700195,0.6525692343711853,0.013208871707320213
51,face,389,-1,0.5672380328178406,0.6219987273216248,0.07104583829641342
51,face,390,-1,0.5397344827651978,0.660537838935852,0.014045082964003086
51,face,391,-1,0.5305207967758179,0.7609190940856934,-0.014353776350617409
51,face,392,-1,0.5202385783195496,0.7398165464401245,-0.021527891978621483
51,face,393,-1,0.5137063264846802,0.7634877562522888,-0.021855413913726807
51,face,394,-1,0.5620954036712646,0.8204061388969421,0.016687259078025818
51,face,395,-1,0.5536847114562988,0.8375298380851746,0.007668455131351948
51,face,396,-1,0.5300145745277405,0.8687852025032043,-0.010701488703489304
51,face,397,-1,0.5759416222572327,0.7916523814201355,0.05209549516439438
51,face,398,-1,0.514133632183075,0.6650822758674622,0.01091743167489767
51,face,399,-1,0.5069959759712219,0.6986515522003174,-0.01710108295083046
51,face,400,-1,0.5434629321098328,0.8663071393966675,0.003481637453660369
51,face,401,-1,0.5800538659095764,0.7276327610015869,0.05269969627261162
51,face,402,-1,0.5206931829452515,0.7864165306091309,-0.013893567956984043
51,face,403,-1,0.5225297212600708,0.7891402244567871,-0.015135656110942364
51,face,404,-1,0.5248295664787292,0.792980968952179,-0.017262790352106094
51,face,405,-1,0.5270056128501892,0.7975063323974609,-0.01697724126279354
51,face,406,-1,0.5307595729827881,0.8197371363639832,-0.01264791376888752
51,face,407,-1,0.5357848405838013,0.7810941934585571,-0.00611247681081295
51,face,408,-1,0.5384514331817627,0.7790340781211853,-0.0059759835712611675
51,face,409,-1,0.5410268902778625,0.7767050266265869,-0.005824685096740723
51,face,410,-1,0.5456187129020691,0.7718238830566406,-0.003941569942981005
51,face,411,-1,0.5678595304489136,0.7329865097999573,0.013655566610395908
51,face,412,-1,0.505361020565033,0.6873924732208252,-0.009114493615925312
51,face,413,-1,0.5059487223625183,0.6625854969024658,0.00637497752904892
51,face,414,-1,0.5106979608535767,0.6622973084449768,0.009557532146573067
51,face,415,-1,0.5334171652793884,0.7825780510902405,-0.005527429282665253
51,face,416,-1,0.5723239183425903,0.7621102929115295,0.023113973438739777
51,face,417,-1,0.49929890036582947,0.6653043031692505,-0.0042364406399428844
51,face,418,-1,0.5358102917671204,0.8298211097717285,-0.009082495234906673
51,face,419,-1,0.5006012916564941,0.6950644850730896,-0.02206280641257763
51,face,420,-1,0.5154786109924316,0.713883101940155,-0.017940284684300423
51,face,421,-1,0.5232175588607788,0.8421732783317566,-0.014399628154933453
51,face,422,-1,0.5522645711898804,0.7987774610519409,0.002207459881901741
51,face,423,-1,0.5356312394142151,0.7374400496482849,-0.005671021528542042
51,face,424,-1,0.545281708240509,0.8153945803642273,-0.0033476001117378473
51,face,425,-1,0.5515300035476685,0.7292405366897583,-0.001654409454204142
51,face,426,-1,0.543825089931488,0.7464687824249268,-0.004773006308823824
51,face,427,-1,0.5602037310600281,0.7458409070968628,0.003930667880922556
51,face,428,-1,0.5272133946418762,0.8557488322257996,-0.013974364846944809
51,face,429,-1,0.5214224457740784,0.7179608345031738,-0.01275104284286499
51,face,430,-1,0.5589434504508972,0.8066245317459106,0.008975032716989517
51,face,431,-1,0.550372838973999,0.824959933757782,0.00228385953232646
51,face,432,-1,0.55699622631073,0.7807003855705261,0.004626857582479715
51,face,433,-1,0.5765369534492493,0.7446572780609131,0.0308041051030159
51,face,434,-1,0.5658402442932129,0.7795610427856445,0.01224377192556858
51,face,435,-1,0.5798189043998718,0.7535116076469421,0.04761907458305359
51,face,436,-1,0.5515862107276917,0.7594290971755981,-0.0011074051726609468
51,face,437,-1,0.513303279876709,0.7039575576782227,-0.011975944973528385
51,face,438,-1,0.517963171005249,0.7369927763938904,-0.030700206756591797
51,face,439,-1,0.5236161351203918,0.7374166250228882,-0.02250084839761257
51,face,440,-1,0.5134856104850769,0.7307366132736206,-0.03605738282203674
51,face,441,-1,0.5106608867645264,0.6501492261886597,0.004863488953560591
51,face,442,-1,0.5216819047927856,0.639223575592041,0.0038701004814356565
51,face,443,-1,0.5319803953170776,0.6343890428543091,0.004526665899902582
51,face,444,-1,0.5410395264625549,0.633786141872406,0.007802141830325127
51,face,445,-1,0.5476293563842773,0.6374108791351318,0.012494648806750774
51,face,446,-1,0.5539421439170837,0.6545649170875549,0.023377498611807823
51,face,447,-1,0.5754379630088806,0.6760832071304321,0.05578979477286339
51,face,448,-1,0.5494626760482788,0.6713501811027527,0.016083374619483948
51,face,449,-1,0.5420501232147217,0.6771748065948486,0.010955319739878178
51,face,450,-1,0.5320532917976379,0.6803004145622253,0.007461270783096552
51,face,451,-1,0.5225855112075806,0.6809324622154236,0.0058584739454090595
51,face,452,-1,0.515349268913269,0.6801040768623352,0.005752000026404858
51,face,453,-1,0.5102815628051758,0.6786031723022461,0.005416711326688528
51,face,454,-1,0.5736793875694275,0.675397515296936,0.0841246023774147
51,face,455,-1,0.5238105654716492,0.7405996322631836,-0.018946245312690735
51,face,456,-1,0.5086694955825806,0.7087850570678711,-0.023881370201706886
51,face,457,-1,0.5119516849517822,0.7401055097579956,-0.037208057940006256
51,face,458,-1,0.5081371665000916,0.7483422160148621,-0.034625060856342316
51,face,459,-1,0.5121373534202576,0.7423760890960693,-0.03348939120769501
51,face,460,-1,0.5221344232559204,0.7453607320785522,-0.016856620088219643
51,face,461,-1,0.5065836906433105,0.7499368786811829,-0.036807503551244736
51,face,462,-1,0.506303071975708,0.7530503869056702,-0.027908414602279663
51,face,463,-1,0.5097850561141968,0.6692631840705872,0.010313550010323524
51,face,464,-1,0.5059660077095032,0.674178421497345,0.005026260856539011
51,face,465,-1,0.5037879943847656,0.6775674223899841,-0.0009298047516494989
51,face,466,-1,0.5438064336776733,0.6534331440925598,0.015720756724476814
51,face,467,-1,0.5478644371032715,0.6467240452766418,0.0162354726344347
51,face,468,-1,0.4470788836479187,0.6870108842849731,0.008999221958220005
51,face,469,-1,0.4552200138568878,0.6839137077331543,0.008999221958220005
51,face,470,-1,0.4459690451622009,0.6768630743026733,0.008999221958220005
51,face,471,-1,0.43900638818740845,0.6899349689483643,0.008999221958220005
51,face,472,-1,0.44816261529922485,0.6968292593955994,0.008999221958220005
51,face,473,-1,0.524589478969574,0.6480181813240051,0.01188869122415781
51,face,474,-1,0.532054603099823,0.645414412021637,0.01188869122415781
51,face,475,-1,0.5236983299255371,0.637490451335907,0.01188869122415781
51,face,476,-1,0.5169931650161743,0.6504464149475098,0.01188869122415781
51,face,477,-1,0.5254176259040833,0.6583901643753052,0.01188869122415781
51,hand,0,0,0.579149067401886,0.7947688698768616,1.2856111197834252e-07
51,hand,1,0,0.563493013381958,0.8080638647079468,-0.005267478059977293
51,hand,2,0,0.5546665191650391,0.8355650305747986,-0.007188985124230385
51,hand,3,0,0.5508192181587219,0.8631542921066284,-0.007784654386341572
51,hand,4,0,0.5456888675689697,0.8829571008682251,-0.0076743378303945065
51,hand,5,0,0.5659292340278625,0.8642471432685852,-0.005041990429162979
51,hand,6,0,0.5614221692085266,0.9004163146018982,-0.006636889651417732
51,hand,7,0,0.5574703216552734,0.916986882686615,-0.007283243350684643
51,hand,8,0,0.5539097189903259,0.9280576109886169,-0.007351032458245754
51,hand,9,0,0.5751425623893738,0.867241621017456,-0.002583049237728119
51,hand,10,0,0.5697156190872192,0.9020820260047913,-0.0034314380027353764
51,hand,11,0,0.5643327832221985,0.9181702733039856,-0.003502710023894906
51,hand,12,0,0.5593017339706421,0.9277547597885132,-0.003390790428966284
51,hand,13,0,0.5813801884651184,0.8659090399742126,-0.00042289900011382997
51,hand,14,0,0.5766832828521729,0.897305428981781,-0.0007980125956237316
51,hand,15,0,0.5714776515960693,0.9134938716888428,-0.0007039798656478524
51,hand,16,0,0.5663188099861145,0.924216091632843,-0.0007232779753394425
51,hand,17,0,0.5854030251502991,0.8618717193603516,0.001300405478104949
51,hand,18,0,0.5831663608551025,0.88730788230896,0.0011288492241874337
51,hand,19,0,0.5798213481903076,0.8999839425086975,0.0017177313566207886
51,hand,20,0,0.5762373805046082,0.9085463881492615,0.002404878381639719
51,hand,0,1,0.39940977096557617,0.8373293876647949,3.738686693566251e-09
51,hand,1,1,0.4160645604133606,0.846095085144043,-0.006486769299954176
51,hand,2,1,0.4248569905757904,0.8699958324432373,-0.008527347818017006
51,hand,3,1,0.42963963747024536,0.8947116136550903,-0.009085173718631268
51,hand,4,1,0.4353918433189392,0.9126091599464417,-0.00895506888628006
51,hand,5,1,0.4132258892059326,0.8941718339920044,-0.0067903827875852585
51,hand,6,1,0.42079997062683105,0.9250266551971436,-0.008580692112445831
51,hand,7,1,0.4264425039291382,0.9394601583480835,-0.00942790787667036
51,hand,8,1,0.4313639998435974,0.9503172636032104,-0.009688823483884335
51,hand,9,1,0.4048219919204712,0.8977304697036743,-0.0040045930072665215
51,hand,10,1,0.4134066104888916,0.9280220866203308,-0.005412213038653135
51,hand,11,1,0.42189085483551025,0.9399513006210327,-0.005570596549659967
51,hand,12,1,0.42843079566955566,0.9461384415626526,-0.005469396244734526
51,hand,13,1,0.3997560441493988,0.897424042224884,-0.0015870885690674186
51,hand,14,1,0.407459020614624,0.9252901673316956,-0.003218185855075717
51,hand,15,1,0.4154622554779053,0.9353768825531006,-0.0032935896888375282
51,hand,16,1,0.42164331674575806,0.9393025040626526,-0.0028359410353004932
51,hand,17,1,0.39750540256500244,0.8959589600563049,0.0003603787918109447
51,hand,18,1,0.4027911424636841,0.9196373820304871,-0.0009585474035702646
51,hand,19,1,0.40944212675094604,0.92973792552948,-0.0009763080161064863
51,hand,20,1,0.4150759279727936,0.9340105056762695,-0.0004308900097385049
51,pose,0,-1,0.4588742256164551,0.21160003542900085,-0.4365940988063812
51,pose,1,-1,0.46761396527290344,0.18533524870872498,-0.4177038371562958
51,pose,2,-1,0.47358009219169617,0.18497923016548157,-0.4177781641483307
51,pose,3,-1,0.4801791310310364,0.1843772679567337,-0.41774842143058777
51,pose,4,-1,0.45047757029533386,0.18776017427444458,-0.414745032787323
51,pose,5,-1,0.44616833329200745,0.18915167450904846,-0.41478535532951355
51,pose,6,-1,0.4427889585494995,0.19003145396709442,-0.4149529039859772
51,pose,7,-1,0.4921652376651764,0.19434285163879395,-0.2752014696598053
51,pose,8,-1,0.44157254695892334,0.20239517092704773,-0.2597740888595581
51,pose,9,-1,0.4740133285522461,0.2411779910326004,-0.3822641670703888
51,pose,10,-1,0.4520739018917084,0.24419479072093964,-0.3776110112667084
51,pose,11,-1,0.5572866797447205,0.35522738099098206,-0.1643252670764923
51,pose,12,-1,0.40290144085884094,0.3932338058948517,-0.18110688030719757
51,pose,13,-1,0.5867040157318115,0.582764744758606,-0.09385314583778381
51,pose,14,-1,0.39864209294319153,0.6258975267410278,-0.15589289367198944
51,pose,15,-1,0.5787220597267151,0.7972861528396606,-0.2482970505952835
51,pose,16,-1,0.4053399860858917,0.824376106262207,-0.3170967102050781
51,pose,17,-1,0.5798025727272034,0.8651541471481323,-0.3034849166870117
51,pose,18,-1,0.4044627249240875,0.888455867767334,-0.37071889638900757
51,pose,19,-1,0.5668489336967468,0.8593866229057312,-0.3485897183418274
51,pose,20,-1,0.41830822825431824,0.8873464465141296,-0.41868361830711365
51,pose,21,-1,0.5633125901222229,0.839954137802124,-0.2686278522014618
51,pose,22,-1,0.42277783155441284,0.863615870475769,-0.33849385380744934
51,pose,23,-1,0.5390136241912842,0.7762108445167542,0.00538383424282074
51,pose,24,-1,0.4497494697570801,0.7939711213111877,-0.004754606168717146
51,pose,25,-1,0.5286747813224792,1.0221223831176758,0.0039145625196397305
51,pose,26,-1,0.4614911377429962,1.0196783542633057,0.04546646773815155
51,pose,27,-1,0.5479627251625061,1.3216660022735596,0.3308317959308624
51,pose,28,-1,0.46790748834609985,1.3174409866333008,0.3162097930908203
51,pose,29,-1,0.5494360327720642,1.3552021980285645,0.3555607199668884
51,pose,30,-1,0.46760475635528564,1.3502439260482788,0.33833998441696167
51,pose,31,-1,0.5424441695213318,1.4053374528884888,0.19160674512386322
51,pose,32,-1,0.48376935720443726,1.4059525728225708,0.15914158523082733
52,hand,0,0,0.5793249607086182,0.8020799160003662,1.201875221568116e-07
52,hand,1,0,0.563640296459198,0.8157345652580261,-0.0057105557061731815
52,hand,2,0,0.5557617545127869,0.8449074029922485,-0.006713171489536762
52,hand,3,0,0.5520135760307312,0.871340274810791,-0.006145027931779623
52,hand,4,0,0.5459569692611694,0.8882371783256531,-0.004809470847249031
52,hand,5,0,0.5681162476539612,0.8721908926963806,-0.004375623073428869
52,hand,6,0,0.5626018047332764,0.9063225388526917,-0.004640130326151848
52,hand,7,0,0.5580776929855347,0.9211360216140747,-0.00449838861823082
52,hand,8,0,0.5541816353797913,0.9313572645187378,-0.004233952146023512
52,hand,9,0,0.577074408531189,0.873801589012146,-0.001104914234019816
52,hand,10,0,0.5709151029586792,0.9072364568710327,-0.0009115264983847737
52,hand,11,0,0.5646395683288574,0.9213827252388,-0.0003737578808795661
52,hand,12,0,0.5590062737464905,0.9298381209373474,0.00016548736311960965
52,hand,13,0,0.5824045538902283,0.8711740970611572,0.001843883073888719
52,hand,14,0,0.5777079463005066,0.9006363153457642,0.002181997988373041
52,hand,15,0,0.5719153881072998,0.9158880710601807,0.002148775849491358
52,hand,16,0,0.5662474632263184,0.9265417456626892,0.0020308552775532007
52,hand,17,0,0.5848331451416016,0.8664003610610962,0.004294516984373331
52,hand,18,0,0.5816563963890076,0.8913109302520752,0.0046594575978815556
52,hand,19,0,0.5774261951446533,0.9029512405395508,0.005157893523573875
52,hand,20,0,0.5731255412101746,0.9106043577194214,0.005695867817848921
52,hand,0,1,0.39937710762023926,0.8358174562454224,8.183286936969125e-09
52,hand,1,1,0.4157842695713043,0.8448504209518433,-0.006344563327729702
52,hand,2,1,0.4246411621570587,0.8685624003410339,-0.008441532030701637
52,hand,3,1,0.4296856224536896,0.8931717872619629,-0.00920477882027626
52,hand,4,1,0.43578097224235535,0.9107778668403625,-0.009296698495745659
52,hand,5,1,0.41380828619003296,0.8919494152069092,-0.006429467815905809
52,hand,6,1,0.4211043417453766,0.9223189353942871,-0.008526179008185863
52,hand,7,1,0.42644551396369934,0.9373247027397156,-0.009661761112511158
52,hand,8,1,0.43113622069358826,0.948836624622345,-0.010137396864593029
52,hand,9,1,0.4054167866706848,0.89595627784729,-0.00393363181501627
52,hand,10,1,0.4135154187679291,0.9258790016174316,-0.005554462317377329
52,hand,11,1,0.42167970538139343,0.9380927085876465,-0.0059526157565414906
52,hand,12,1,0.4279894232749939,0.9445697665214539,-0.0060344780795276165
52,hand,13,1,0.40018776059150696,0.8960350751876831,-0.001844684942625463
52,hand,14,1,0.40724602341651917,0.9235498309135437,-0.0037245170678943396
52,hand,15,1,0.4150676429271698,0.9332954287528992,-0.003896708833053708
52,hand,16,1,0.4211463928222656,0.9369049668312073,-0.003481515683233738
52,hand,17,1,0.397685170173645,0.8948696255683899,-0.00022485217778012156
52,hand,18,1,0.402426153421402,0.9181411266326904,-0.0017098675016313791
52,hand,19,1,0.4088641107082367,0.9278206825256348,-0.001729484531097114
52,hand,20,1,0.41450491547584534,0.93156898021698,-0.0011729609686881304
52,pose,0,-1,0.45893821120262146,0.2116696536540985,-0.4367322027683258
52,pose,1,-1,0.46771344542503357,0.18534067273139954,-0.4174255430698395
52,pose,2,-1,0.4737626612186432,0.18498870730400085,-0.4174976944923401
52,pose,3,-1,0.48042407631874084,0.18438474833965302,-0.4174775183200836
52,pose,4,-1,0.45049580931663513,0.18776684999465942,-0.41500797867774963
52,pose,5,-1,0.4461890459060669,0.18915724754333496,-0.4150484800338745
52,pose,6,-1,0.442800372838974,0.1900368183851242,-0.4152178168296814
52,pose,7,-1,0.492365300655365,0.1943763792514801,-0.2730358839035034
52,pose,8,-1,0.4415864050388336,0.20239800214767456,-0.26017898321151733
52,pose,9,-1,0.4740840494632721,0.2412218153476715,-0.38164621591567993
52,pose,10,-1,0.45208612084388733,0.24420759081840515,-0.3777507245540619
52,pose,11,-1,0.5575571656227112,0.35705089569091797,-0.1613224595785141
52,pose,12,-1,0.40299445390701294,0.39320680499076843,-0.1822303831577301
52,pose,13,-1,0.5851468443870544,0.5889456272125244,-0.0900108590722084
52,pose,14,-1,0.3980051577091217,0.6250270009040833,-0.15785656869411469
52,pose,15,-1,0.5791939496994019,0.802933394908905,-0.24452809989452362
52,pose,16,-1,0.4053451120853424,0.8242162466049194,-0.3168225586414337
52,pose,17,-1,0.5803075432777405,0.8705404996871948,-0.30005189776420593
52,pose,18,-1,0.40469345450401306,0.8884367346763611,-0.3701702058315277
52,pose,19,-1,0.5679613947868347,0.8633298277854919,-0.3449893891811371
52,pose,20,-1,0.418747216463089,0.887111246585846,-0.41798150539398193
52,pose,21,-1,0.5646920800209045,0.8426253795623779,-0.26477423310279846
52,pose,22,-1,0.42324182391166687,0.8635457158088684,-0.33811137080192566
52,pose,23,-1,0.5390284657478333,0.7792968153953552,0.005991690792143345
52,pose,24,-1,0.44962358474731445,0.7967414855957031,-0.00543242646381259
52,pose,25,-1,0.5287420153617859,1.0227444171905518,0.0017982288263738155
52,pose,26,-1,0.46141043305397034,1.0234609842300415,0.043957583606243134
52,pose,27,-1,0.5456883311271667,1.3224313259124756,0.3343457579612732
52,pose,28,-1,0.46547478437423706,1.317973017692566,0.3136811852455139
52,pose,29,-1,0.5467742681503296,1.355953574180603,0.3596143424510956
52,pose,30,-1,0.4658494293689728,1.3509113788604736,0.3357195258140564
52,pose,31,-1,0.5405937433242798,1.4063199758529663,0.1941114068031311
52,pose,32,-1,0.4806307852268219,1.4068427085876465,0.15668730437755585
53,hand,0,0,0.5797072649002075,0.8059242367744446,1.1552155854133161e-07
53,hand,1,0,0.5633155107498169,0.817654550075531,-0.006322067230939865
53,hand,2,0,0.5549528002738953,0.8463204503059387,-0.007410763762891293
53,hand,3,0,0.5506086945533752,0.8730308413505554,-0.006902995053678751
53,hand,4,0,0.5439059138298035,0.8907325863838196,-0.005505774170160294
53,hand,5,0,0.5668824315071106,0.8746913075447083,-0.003398151835426688
53,hand,6,0,0.5615950226783752,0.9076796174049377,-0.003403944429010153
53,hand,7,0,0.5570456981658936,0.922182023525238,-0.003313836408779025
53,hand,8,0,0.5531406402587891,0.9321390390396118,-0.0031631123274564743
53,hand,9,0,0.5751487016677856,0.8766666054725647,0.00024001076235435903
53,hand,10,0,0.5693113207817078,0.9088151454925537,0.00040203065145760775
53,hand,11,0,0.5631270408630371,0.9228571057319641,0.0006765401922166348
53,hand,12,0,0.5575395226478577,0.9317066669464111,0.0010758357821032405
53,hand,13,0,0.5800518989562988,0.8743107318878174,0.0034202670212835073
53,hand,14,0,0.5753641128540039,0.9030671119689941,0.0037140417844057083
53,hand,15,0,0.5697950720787048,0.917261004447937,0.003748033894225955
53,hand,16,0,0.5643496513366699,0.9276947975158691,0.0037543768994510174
53,hand,17,0,0.5820810198783875,0.8702786564826965,0.0060186609625816345
53,hand,18,0,0.5782521963119507,0.8941608667373657,0.00659436360001564
53,hand,19,0,0.5740957856178284,0.9058241844177246,0.007162104826420546
53,hand,20,0,0.5699564218521118,0.9142369031906128,0.007747024297714233
53,hand,0,1,0.39952850341796875,0.8338930606842041,1.4100938194872015e-08
53,hand,1,1,0.4157140851020813,0.8431532979011536,-0.005751062650233507
53,hand,2,1,0.4242922067642212,0.8668503165245056,-0.007450105156749487
53,hand,3,1,0.429046630859375,0.891362726688385,-0.007853569462895393
53,hand,4,1,0.43514999747276306,0.9096376299858093,-0.007574610877782106
53,hand,5,1,0.41386088728904724,0.8916622996330261,-0.004995147697627544
53,hand,6,1,0.4209480881690979,0.9217652678489685,-0.00596077274531126
53,hand,7,1,0.42607346177101135,0.9361379146575928,-0.006489816587418318
53,hand,8,1,0.430644690990448,0.9471678733825684,-0.006621737498790026
53,hand,9,1,0.405233770608902,0.8954783082008362,-0.002241975860670209
53,hand,10,1,0.41371387243270874,0.9249271154403687,-0.00281068729236722
53,hand,11,1,0.42152735590934753,0.9365328550338745,-0.0028547283727675676
53,hand,12,1,0.42731472849845886,0.9424563050270081,-0.0027599334716796875
53,hand,13,1,0.3998153507709503,0.8949809074401855,0.00021165482758078724
53,hand,14,1,0.4071216881275177,0.9220196008682251,-0.0006545101059600711
53,hand,15,1,0.41440775990486145,0.9311146140098572,-0.00043787877075374126
53,hand,16,1,0.41994449496269226,0.9340442419052124,0.00014359124179463834
53,hand,17,1,0.3970264792442322,0.8934344053268433,0.0022442841436713934
53,hand,18,1,0.4018160402774811,0.9162532687187195,0.0017483104020357132
53,hand,19,1,0.40805548429489136,0.9255902171134949,0.002225058851763606
53,hand,20,1,0.4133513271808624,0.9290747046470642,0.0030472311191260815
53,pose,0,-1,0.4593223035335541,0.2118433117866516,-0.45298054814338684
53,pose,1,-1,0.4680013060569763,0.1853605955839157,-0.4331662058830261
53,pose,2,-1,0.47422096133232117,0.18502342700958252,-0.4332466125488281
53,pose,3,-1,0.4810100197792053,0.18440763652324677,-0.43322765827178955
53,pose,4,-1,0.45067092776298523,0.18777593970298767,-0.4312868118286133
53,pose,5,-1,0.4462318420410156,0.18917109072208405,-0.431357741355896
53,pose,6,-1,0.4428660273551941,0.1900557577610016,-0.43153831362724304
53,pose,7,-1,0.49281609058380127,0.19446071982383728,-0.2850585877895355
53,pose,8,-1,0.4416317045688629,0.20241467654705048,-0.27497121691703796
53,pose,9,-1,0.4744511842727661,0.24148093163967133,-0.3964134156703949
53,pose,10,-1,0.4522276520729065,0.2443184107542038,-0.39335206151008606
53,pose,11,-1,0.5576139688491821,0.3586990237236023,-0.17027434706687927
53,pose,12,-1,0.40301406383514404,0.39305615425109863,-0.19029025733470917
53,pose,13,-1,0.5837226510047913,0.5936406254768372,-0.1004088968038559
53,pose,14,-1,0.39710965752601624,0.6241100430488586,-0.16167904436588287
53,pose,15,-1,0.5796203017234802,0.8073670268058777,-0.26474398374557495
53,pose,16,-1,0.4054257571697235,0.8240216970443726,-0.31998011469841003
53,pose,17,-1,0.580658495426178,0.8718565702438354,-0.3215453326702118
53,pose,18,-1,0.40492525696754456,0.8883001804351807,-0.3723828196525574
53,pose,19,-1,0.5685278177261353,0.864974319934845,-0.3659265637397766
53,pose,20,-1,0.41909754276275635,0.886763334274292,-0.4191187024116516
53,pose,21,-1,0.5655632615089417,0.8444023132324219,-0.2848474383354187
53,pose,22,-1,0.42364490032196045,0.8633615374565125,-0.34050092101097107
53,pose,23,-1,0.5385626554489136,0.7824515104293823,0.006132213864475489
53,pose,24,-1,0.4494028389453888,0.7993318438529968,-0.0056266202591359615
53,pose,25,-1,0.5303276777267456,1.076869249343872,-0.002943220315501094
53,pose,26,-1,0.46148881316185,1.027203917503357,0.025171341374516487
53,pose,27,-1,0.543301522731781,1.3226393461227417,0.33338144421577454
53,pose,28,-1,0.4635510742664337,1.3203599452972412,0.2955256402492523
53,pose,29,-1,0.5438661575317383,1.3566360473632812,0.35902202129364014
53,pose,30,-1,0.46432238817214966,1.3524818420410156,0.31700289249420166
53,pose,31,-1,0.5388500690460205,1.4074381589889526,0.19308708608150482
53,pose,32,-1,0.47792965173721313,1.4083709716796875,0.12855638563632965
54,hand,0,0,0.5783426761627197,0.8110897541046143,1.0662979832432029e-07
54,hand,1,0,0.5622856020927429,0.8194935321807861,-0.006855236832052469
54,hand,2,0,0.5534570813179016,0.8466780781745911,-0.008251178078353405
54,hand,3,0,0.5478805303573608,0.8719151020050049,-0.008066272363066673
54,hand,4,0,0.5411024689674377,0.8885630965232849,-0.006964520551264286
54,hand,5,0,0.564816415309906,0.8767109513282776,-0.00429494958370924
54,hand,6,0,0.5590106844902039,0.9086784720420837,-0.004866774659603834
54,hand,7,0,0.5543600916862488,0.9240135550498962,-0.005040344316512346
54,hand,8,0,0.5504760146141052,0.9348396062850952,-0.0050236135721206665
54,hand,9,0,0.5719898343086243,0.8803853392601013,-0.0006249116268008947
54,hand,10,0,0.5654872059822083,0.9109663963317871,-0.0011106154415756464
54,hand,11,0,0.5592840313911438,0.9251603484153748,-0.0010435364674776793
54,hand,12,0,0.5537118911743164,0.9350354671478271,-0.0007045258535072207
54,hand,13,0,0.5758659243583679,0.8800503015518188,0.002549748867750168
54,hand,14,0,0.5704525709152222,0.907662570476532,0.0023572638165205717
54,hand,15,0,0.5647749900817871,0.9215348958969116,0.0024150745011866093
54,hand,16,0,0.5593969821929932,0.932482123374939,0.0025917377788573503
54,hand,17,0,0.5774185061454773,0.8775773644447327,0.005070942919701338
54,hand,18,0,0.5733097195625305,0.9012980461120605,0.005305599886924028
54,hand,19,0,0.5691474676132202,0.9135395884513855,0.005748597905039787
54,hand,20,0,0.565098762512207,0.9224441051483154,0.0063253771513700485
54,hand,0,1,0.39890873432159424,0.8325146436691284,1.065835508740065e-08
54,hand,1,1,0.4147770404815674,0.8419732451438904,-0.00611845264211297
54,hand,2,1,0.42330291867256165,0.8654900193214417,-0.008210537023842335
54,hand,3,1,0.4281659424304962,0.8903695940971375,-0.008923669345676899
54,hand,4,1,0.43406611680984497,0.9088326096534729,-0.008905752561986446
54,hand,5,1,0.41271376609802246,0.8889144062995911,-0.006407858803868294
54,hand,6,1,0.42019346356391907,0.9204106330871582,-0.007886639796197414
54,hand,7,1,0.42550593614578247,0.9351253509521484,-0.008474206551909447
54,hand,8,1,0.43013420701026917,0.9464741945266724,-0.008577805012464523
54,hand,9,1,0.40403154492378235,0.892991304397583,-0.003639964619651437
54,hand,10,1,0.4126008450984955,0.9239567518234253,-0.0047325571067631245
54,hand,11,1,0.4205576181411743,0.9358903765678406,-0.004734721966087818
54,hand,12,1,0.4265870153903961,0.9422268867492676,-0.004552270285785198
54,hand,13,1,0.39865025877952576,0.8927798867225647,-0.001138534746132791
54,hand,14,1,0.4059196412563324,0.9208547472953796,-0.002388366963714361
54,hand,15,1,0.41356244683265686,0.9306844472885132,-0.002092883223667741
54,hand,16,1,0.41940706968307495,0.934226930141449,-0.001421722467057407
54,hand,17,1,0.39608338475227356,0.8913882374763489,0.0009336851653642952
54,hand,18,1,0.4009754955768585,0.9148663878440857,7.606870349263772e-05
54,hand,19,1,0.40756553411483765,0.9243522882461548,0.0005122753791511059
54,hand,20,1,0.4131277799606323,0.9277138113975525,0.0013527151895686984
54,pose,0,-1,0.4601146876811981,0.2118901014328003,-0.44201573729515076
54,pose,1,-1,0.4686237573623657,0.18536704778671265,-0.42278146743774414
54,pose,2,-1,0.475109726190567,0.18502891063690186,-0.4228546917438507
54,pose,3,-1,0.4819681942462921,0.18439935147762299,-0.42281830310821533
54,pose,4,-1,0.4511764943599701,0.1877821534872055,-0.42039164900779724
54,pose,5,-1,0.4464825391769409,0.18917587399482727,-0.4204306900501251
54,pose,6,-1,0.44308045506477356,0.19006076455116272,-0.4205992519855499
54,pose,7,-1,0.49332863092422485,0.19445961713790894,-0.2782656252384186
54,pose,8,-1,0.4418433904647827,0.20239274203777313,-0.26439234614372253
54,pose,9,-1,0.4753285050392151,0.24156366288661957,-0.38651034235954285
54,pose,10,-1,0.45266231894493103,0.24436956644058228,-0.38268226385116577
54,pose,11,-1,0.5581322908401489,0.3602406680583954,-0.16765394806861877
54,pose,12,-1,0.40315017104148865,0.39266523718833923,-0.18047255277633667
54,pose,13,-1,0.5828592777252197,0.5961627960205078,-0.08490869402885437
54,pose,14,-1,0.39638611674308777,0.6227904558181763,-0.1527358740568161
54,pose,15,-1,0.5791763663291931,0.8096057176589966,-0.24171310663223267
54,pose,16,-1,0.4054083526134491,0.823639452457428,-0.3096989095211029
54,pose,17,-1,0.5799495577812195,0.8730827569961548,-0.298930287361145
54,pose,18,-1,0.4049317240715027,0.8874386548995972,-0.3624558746814728
54,pose,19,-1,0.5679225921630859,0.865258514881134,-0.34279701113700867
54,pose,20,-1,0.4190993309020996,0.8856440186500549,-0.4093678295612335
54,pose,21,-1,0.564923882484436,0.845070481300354,-0.26162034273147583
54,pose,22,-1,0.4236392378807068,0.8627261519432068,-0.33039143681526184
54,pose,23,-1,0.5381017327308655,0.786314070224762,0.007717909291386604
54,pose,24,-1,0.448818176984787,0.8012113571166992,-0.007279667537659407
54,pose,25,-1,0.5290309190750122,1.0600881576538086,-0.0031092653516680002
54,pose,26,-1,0.46136417984962463,1.029137372970581,0.025918811559677124
54,pose,27,-1,0.5400122404098511,1.3231449127197266,0.34259846806526184
54,pose,28,-1,0.46050897240638733,1.320636510848999,0.3116530478000641
54,pose,29,-1,0.5404870510101318,1.3568003177642822,0.37001118063926697
54,pose,30,-1,0.46111297607421875,1.3528321981430054,0.3353267312049866
54,pose,31,-1,0.5348730087280273,1.407760500907898,0.20556440949440002
54,pose,32,-1,0.4747573435306549,1.4088979959487915,0.14782358705997467
55,hand,0,0,0.574639081954956,0.8155326843261719,1.0590178334268785e-07
55,hand,1,0,0.5595532655715942,0.8210696578025818,-0.00743324588984251
55,hand,2,0,0.550093412399292,0.8455325961112976,-0.009764745831489563
55,hand,3,0,0.5432733297348022,0.8687588572502136,-0.010437793098390102
55,hand,4,0,0.5354703068733215,0.8836473822593689,-0.010250434279441833
55,hand,5,0,0.5606552362442017,0.8760639429092407,-0.006916917394846678
55,hand,6,0,0.5551013946533203,0.908338189125061,-0.008854768238961697
55,hand,7,0,0.5501838326454163,0.9248481392860413,-0.009636566042900085
55,hand,8,0,0.5460309386253357,0.936729907989502,-0.009803040884435177
55,hand,9,0,0.567063570022583,0.881561815738678,-0.0034321655984967947
55,hand,10,0,0.5606552958488464,0.9122678637504578,-0.005227141082286835
55,hand,11,0,0.5543299913406372,0.9276885986328125,-0.005463296081870794
55,hand,12,0,0.5487056374549866,0.9384022951126099,-0.005102771334350109
55,hand,13,0,0.5704082250595093,0.883181631565094,-0.000416476366808638
55,hand,14,0,0.5648282766342163,0.9108774662017822,-0.0017132010543718934
55,hand,15,0,0.559127688407898,0.9257771968841553,-0.0019325827015563846
55,hand,16,0,0.5535823702812195,0.9379885196685791,-0.0017021590610966086
55,hand,17,0,0.5715619325637817,0.8824478983879089,0.0019414082635194063
55,hand,18,0,0.567124605178833,0.9055401682853699,0.0015146061778068542
55,hand,19,0,0.562890887260437,0.9179705381393433,0.0017806283431127667
55,hand,20,0,0.5587744116783142,0.9272263646125793,0.0023481217212975025
55,hand,0,1,0.3984523415565491,0.8300254344940186,8.872680368199326e-09
55,hand,1,1,0.4143401086330414,0.8406144976615906,-0.005747531540691853
55,hand,2,1,0.42266297340393066,0.8650387525558472,-0.007409500889480114
55,hand,3,1,0.427313894033432,0.8892994523048401,-0.007869613356888294
55,hand,4,1,0.43306103348731995,0.9071716070175171,-0.007654950022697449
55,hand,5,1,0.41225987672805786,0.8883472681045532,-0.004890013951808214
55,hand,6,1,0.41913577914237976,0.9185903668403625,-0.006413811817765236
55,hand,7,1,0.42439889907836914,0.9333055019378662,-0.007418278604745865
55,hand,8,1,0.4291619658470154,0.9445838332176208,-0.007864074781537056
55,hand,9,1,0.4038950502872467,0.8917563557624817,-0.00249057007022202
55,hand,10,1,0.4115259349346161,0.9216627478599548,-0.0037105113733559847
55,hand,11,1,0.4193773865699768,0.9343069195747375,-0.00431317463517189
55,hand,12,1,0.4255232810974121,0.9408297538757324,-0.004561792593449354
55,hand,13,1,0.39870283007621765,0.8910249471664429,-0.0004643260035663843
55,hand,14,1,0.40499261021614075,0.9183856844902039,-0.001908866106532514
55,hand,15,1,0.41252273321151733,0.9288734793663025,-0.002263845643028617
55,hand,16,1,0.4186001121997833,0.9327542185783386,-0.002014509169384837
55,hand,17,1,0.3962005078792572,0.8890745043754578,0.0011362471850588918
55,hand,18,1,0.40019863843917847,0.9121822118759155,0.00011933411587961018
55,hand,19,1,0.4064541757106781,0.9225583076477051,0.0001843856880441308
55,hand,20,1,0.4121665954589844,0.9265219569206238,0.0007416121661663055
55,pose,0,-1,0.46065554022789,0.21212199330329895,-0.4163587689399719
55,pose,1,-1,0.4690769910812378,0.18543273210525513,-0.39535120129585266
55,pose,2,-1,0.47571998834609985,0.1850878894329071,-0.395448237657547
55,pose,3,-1,0.48264530301094055,0.18442732095718384,-0.3954291045665741
55,pose,4,-1,0.45163699984550476,0.18786410987377167,-0.3934153616428375
55,pose,5,-1,0.44676491618156433,0.189268097281456,-0.3934583067893982
55,pose,6,-1,0.4432987868785858,0.1902250349521637,-0.3936285972595215
55,pose,7,-1,0.49367794394493103,0.19447927176952362,-0.24970169365406036
55,pose,8,-1,0.4421188235282898,0.2024390548467636,-0.23878425359725952
55,pose,9,-1,0.4758089482784271,0.2418031245470047,-0.3612023591995239
55,pose,10,-1,0.45308762788772583,0.24458426237106323,-0.3580304682254791
55,pose,11,-1,0.558657705783844,0.36155828833580017,-0.14669562876224518
55,pose,12,-1,0.40355008840560913,0.39230218529701233,-0.17020787298679352
55,pose,13,-1,0.5819696187973022,0.5983619689941406,-0.0772184282541275
55,pose,14,-1,0.3963049352169037,0.6218445301055908,-0.14531700313091278
55,pose,15,-1,0.5774177312850952,0.8104817867279053,-0.239096000790596
55,pose,16,-1,0.405406653881073,0.8235527873039246,-0.3022512197494507
55,pose,17,-1,0.5788214802742004,0.8727297782897949,-0.29815658926963806
55,pose,18,-1,0.4049130976200104,0.8865811228752136,-0.3549494743347168
55,pose,19,-1,0.5657404065132141,0.8685833811759949,-0.34095486998558044
55,pose,20,-1,0.41903236508369446,0.8848841190338135,-0.40198537707328796
55,pose,21,-1,0.5616541504859924,0.8491031527519226,-0.2589118778705597
55,pose,22,-1,0.423574835062027,0.8624594807624817,-0.32304900884628296
55,pose,23,-1,0.5379505157470703,0.7878521680831909,0.008444132283329964
55,pose,24,-1,0.44865089654922485,0.8017507195472717,-0.007985859178006649
55,pose,25,-1,0.5288981199264526,1.0460872650146484,-0.013930265791714191
55,pose,26,-1,0.4612221121788025,1.0302613973617554,0.025314273312687874
55,pose,27,-1,0.5400227904319763,1.3240704536437988,0.3407187759876251
55,pose,28,-1,0.46019336581230164,1.3207814693450928,0.3145754933357239
55,pose,29,-1,0.5408249497413635,1.3573367595672607,0.36643633246421814
55,pose,30,-1,0.4606732130050659,1.3529770374298096,0.3388703167438507
55,pose,31,-1,0.534630537033081,1.4090251922607422,0.20150454342365265
55,pose,32,-1,0.4752565324306488,1.4089568853378296,0.1556033492088318
56,hand,0,0,0.5713188648223877,0.8176707029342651,1.0155558527458197e-07
56,hand,1,0,0.5560725927352905,0.8216137290000916,-0.007619236130267382
56,hand,2,0,0.5457877516746521,0.8445821404457092,-0.009944979101419449
56,hand,3,0,0.5385633707046509,0.8662045001983643,-0.010683088563382626
56,hand,4,0,0.530595600605011,0.8800461888313293,-0.010609137825667858
56,hand,5,0,0.5555298924446106,0.8760381937026978,-0.006947578862309456
56,hand,6,0,0.5488187074661255,0.9059203267097473,-0.009411676786839962
56,hand,7,0,0.5431631803512573,0.9213904142379761,-0.010724176652729511
56,hand,8,0,0.5383554100990295,0.9328668117523193,-0.011343834921717644
56,hand,9,0,0.5617212653160095,0.8816995620727539,-0.003702897345647216
56,hand,10,0,0.5548498630523682,0.9106132984161377,-0.006144690793007612
56,hand,11,0,0.5481752753257751,0.9254155158996582,-0.006920110899955034
56,hand,12,0,0.5422030687332153,0.9361798167228699,-0.007023914251476526
56,hand,13,0,0.5647438764572144,0.8832089900970459,-0.0010116577614098787
56,hand,14,0,0.5586300492286682,0.9098337292671204,-0.0030642289202660322
56,hand,15,0,0.5526816248893738,0.9239102602005005,-0.0036767697893083096
56,hand,16,0,0.5469182729721069,0.9354527592658997,-0.0036576197016984224
56,hand,17,0,0.5655269622802734,0.8824043869972229,0.0009778167586773634
56,hand,18,0,0.5603156685829163,0.90535968542099,-0.00029601706773974
56,hand,19,0,0.5557299852371216,0.9174982309341431,-0.0005344242672435939
56,hand,20,0,0.5512451529502869,0.9265956282615662,-0.0002821308735292405
56,hand,0,1,0.39723315834999084,0.8306919932365417,2.949574584576453e-09
56,hand,1,1,0.4135233759880066,0.8396990299224854,-0.0054956888779997826
56,hand,2,1,0.42210522294044495,0.864928662776947,-0.006817925721406937
56,hand,3,1,0.4266565144062042,0.8894167542457581,-0.006897398270666599
56,hand,4,1,0.43266385793685913,0.9066479802131653,-0.0063149952329695225
56,hand,5,1,0.4115357995033264,0.8881387710571289,-0.004783497657626867
56,hand,6,1,0.41840195655822754,0.9181939959526062,-0.005959095899015665
56,hand,7,1,0.42344167828559875,0.9324984550476074,-0.006585648749023676
56,hand,8,1,0.4278597831726074,0.9436474442481995,-0.0067719328217208385
56,hand,9,1,0.4030534327030182,0.8919602632522583,-0.0023576735984534025
56,hand,10,1,0.4110291302204132,0.9214685559272766,-0.0030048731714487076
56,hand,11,1,0.4186533987522125,0.9330791234970093,-0.0031201611272990704
56,hand,12,1,0.42435234785079956,0.9391201138496399,-0.0030671576969325542
56,hand,13,1,0.3978557288646698,0.8916922807693481,-0.00027461745776236057
56,hand,14,1,0.40473905205726624,0.9182837009429932,-0.001268251333385706
56,hand,15,1,0.41207998991012573,0.9273521304130554,-0.0012861223658546805
56,hand,16,1,0.4177153706550598,0.9307589530944824,-0.0009024319588206708
56,hand,17,1,0.39540886878967285,0.8903084993362427,0.0013950022403150797
56,hand,18,1,0.4002617597579956,0.9125182032585144,0.00061273411847651
56,hand,19,1,0.4064822196960449,0.9216888546943665,0.0008648585644550622
56,hand,20,1,0.41184815764427185,0.9252075552940369,0.0015200164634734392
56,pose,0,-1,0.46144384145736694,0.21219955384731293,-0.40257352590560913
56,pose,1,-1,0.4696250855922699,0.18543937802314758,-0.3812713921070099
56,pose,2,-1,0.4764477014541626,0.1850806325674057,-0.3813633620738983
56,pose,3,-1,0.48339805006980896,0.18439120054244995,-0.38136163353919983
56,pose,4,-1,0.4522155225276947,0.1878785789012909,-0.37991973757743835
56,pose,5,-1,0.44715896248817444,0.1892922967672348,-0.3799324631690979
56,pose,6,-1,0.44359609484672546,0.19029858708381653,-0.38009482622146606
56,pose,7,-1,0.4941406846046448,0.19445626437664032,-0.23421669006347656
56,pose,8,-1,0.442493736743927,0.202463299036026,-0.22579097747802734
56,pose,9,-1,0.476613849401474,0.24189376831054688,-0.3469599783420563
56,pose,10,-1,0.4539170265197754,0.24467991292476654,-0.3443877100944519
56,pose,11,-1,0.5591614842414856,0.3629929721355438,-0.13146334886550903
56,pose,12,-1,0.40391021966934204,0.39125075936317444,-0.16183140873908997
56,pose,13,-1,0.5813301205635071,0.5992069244384766,-0.06964219361543655
56,pose,14,-1,0.3961302936077118,0.6203028559684753,-0.14165014028549194
56,pose,15,-1,0.5747470855712891,0.8075742125511169,-0.23320510983467102
56,pose,16,-1,0.4053892493247986,0.8231097459793091,-0.30008432269096375
56,pose,17,-1,0.5755195021629333,0.86989426612854,-0.2928519546985626
56,pose,18,-1,0.40489891171455383,0.8852036595344543,-0.3541891276836395
56,pose,19,-1,0.5610430836677551,0.8665468096733093,-0.33589982986450195
56,pose,20,-1,0.41897398233413696,0.8833743333816528,-0.4010457992553711
56,pose,21,-1,0.5562745332717896,0.8477017879486084,-0.2532658576965332
56,pose,22,-1,0.4234756529331207,0.8615427017211914,-0.32106706500053406
56,pose,23,-1,0.5376872420310974,0.7883433699607849,0.009617939591407776
56,pose,24,-1,0.44851818680763245,0.8019320964813232,-0.009123767726123333
56,pose,25,-1,0.528843104839325,1.042983055114746,-0.021818170323967934
56,pose,26,-1,0.46097567677497864,1.0310094356536865,0.01799827069044113
56,pose,27,-1,0.5398765802383423,1.325852394104004,0.3315936326980591
56,pose,28,-1,0.45996105670928955,1.3211854696273804,0.31345078349113464
56,pose,29,-1,0.5408138036727905,1.3584787845611572,0.3584470748901367
56,pose,30,-1,0.4603518843650818,1.3531041145324707,0.3384131193161011
56,pose,31,-1,0.5344554781913757,1.4111568927764893,0.19442899525165558
56,pose,32,-1,0.47514933347702026,1.409393548965454,0.1542252153158188
57,hand,0,0,0.5678821206092834,0.8176463842391968,1.0344670187123484e-07
57,hand,1,0,0.5532607436180115,0.8205224871635437,-0.008234201930463314
57,hand,2,0,0.5422170758247375,0.8422892093658447,-0.010875526815652847
57,hand,3,0,0.5338196158409119,0.8624667525291443,-0.011867440305650234
57,hand,4,0,0.5251950621604919,0.8760854601860046,-0.012167063541710377
57,hand,5,0,0.5507394075393677,0.8750208020210266,-0.007410972844809294
57,hand,6,0,0.5423718690872192,0.9032809138298035,-0.010161079466342926
57,hand,7,0,0.5359889268875122,0.9182523488998413,-0.011909464374184608
57,hand,8,0,0.5306694507598877,0.9293901324272156,-0.012881397269666195
57,hand,9,0,0.5561543107032776,0.8804627656936646,-0.004025120288133621
57,hand,10,0,0.5486132502555847,0.9083374738693237,-0.006730247288942337
57,hand,11,0,0.5416335463523865,0.9226234555244446,-0.007944965735077858
57,hand,12,0,0.5354412198066711,0.9326767921447754,-0.00841491762548685
57,hand,13,0,0.5588223338127136,0.8815915584564209,-0.0012688335264101624
57,hand,14,0,0.5519611239433289,0.9077552556991577,-0.003614427987486124
57,hand,15,0,0.5455973148345947,0.9215618968009949,-0.004488196223974228
57,hand,16,0,0.539465606212616,0.9328761696815491,-0.004675934556871653
57,hand,17,0,0.5594843626022339,0.8802019953727722,0.0007401450420729816
57,hand,18,0,0.5536178946495056,0.9026896357536316,-0.0008711583795957267
57,hand,19,0,0.5487235188484192,0.9147630929946899,-0.0013168022269383073
57,hand,20,0,0.5440711379051208,0.9239211082458496,-0.0012374762445688248
57,hand,0,1,0.39720845222473145,0.8298004865646362,1.3242606122787492e-08
57,hand,1,1,0.41319429874420166,0.8403946161270142,-0.005488718394190073
57,hand,2,1,0.42129048705101013,0.8650463223457336,-0.0068895271979272366
57,hand,3,1,0.42577317357063293,0.8888679146766663,-0.007021816913038492
57,hand,4,1,0.4315647482872009,0.9064483046531677,-0.006498425733298063
57,hand,5,1,0.4111098647117615,0.8881972432136536,-0.0045321364887058735
57,hand,6,1,0.41794008016586304,0.9177582263946533,-0.005350982304662466
57,hand,7,1,0.4228845536708832,0.9319379925727844,-0.005825030617415905
57,hand,8,1,0.4272640645503998,0.9430549144744873,-0.005939088296145201
57,hand,9,1,0.40260040760040283,0.8912031054496765,-0.0019295001402497292
57,hand,10,1,0.4105425179004669,0.9206089973449707,-0.0023933749180287123
57,hand,11,1,0.4180280566215515,0.9322617650032043,-0.002471929881721735
57,hand,12,1,0.4236748516559601,0.9386354684829712,-0.0023991712369024754
57,hand,13,1,0.39730167388916016,0.8899124264717102,0.00037190038710832596
57,hand,14,1,0.4040246903896332,0.9164494872093201,-0.00037660327507182956
57,hand,15,1,0.41122353076934814,0.9263706207275391,-0.00032516554347239435
57,hand,16,1,0.41686365008354187,0.9304619431495667,9.730656165629625e-05
57,hand,17,1,0.39458879828453064,0.8874377608299255,0.002274697180837393
57,hand,18,1,0.3988672196865082,0.9098535776138306,0.0018886738689616323
57,hand,19,1,0.4049229919910431,0.9193892478942871,0.0023542866110801697
57,hand,20,1,0.41026121377944946,0.9231444597244263,0.0031152840238064528
57,pose,0,-1,0.4623235762119293,0.21220606565475464,-0.42018115520477295
57,pose,1,-1,0.47051480412483215,0.18541817367076874,-0.3991867005825043
57,pose,2,-1,0.4776005744934082,0.18502211570739746,-0.39924970269203186
57,pose,3,-1,0.48462262749671936,0.18431904911994934,-0.39927253127098083
57,pose,4,-1,0.4530179798603058,0.18784433603286743,-0.39781057834625244
57,pose,5,-1,0.44777023792266846,0.18922261893749237,-0.397803395986557
57,pose,6,-1,0.444024920463562,0.19025571644306183,-0.3979513347148895
57,pose,7,-1,0.4950385093688965,0.19443565607070923,-0.25032755732536316
57,pose,8,-1,0.4430275559425354,0.2022915780544281,-0.2423674464225769
57,pose,9,-1,0.4774647057056427,0.241929829120636,-0.36359158158302307
57,pose,10,-1,0.4548603892326355,0.24468527734279633,-0.361145555973053
57,pose,11,-1,0.5593658685684204,0.3646273612976074,-0.14275600016117096
57,pose,12,-1,0.40418654680252075,0.39029330015182495,-0.1718103140592575
57,pose,13,-1,0.5809921622276306,0.6013591885566711,-0.08079063147306442
57,pose,14,-1,0.3960955739021301,0.619751513004303,-0.15060551464557648
57,pose,15,-1,0.570662260055542,0.811595618724823,-0.24558201432228088
57,pose,16,-1,0.4053216874599457,0.8229830861091614,-0.3128829002380371
57,pose,17,-1,0.570046067237854,0.8738929033279419,-0.3047138750553131
57,pose,18,-1,0.404877245426178,0.8844065070152283,-0.3685871362686157
57,pose,19,-1,0.5548675656318665,0.8693326115608215,-0.3476482629776001
57,pose,20,-1,0.4188946783542633,0.8823158740997314,-0.41488543152809143
57,pose,21,-1,0.5497808456420898,0.8493148684501648,-0.2653420567512512
57,pose,22,-1,0.42329633235931396,0.860934317111969,-0.33398768305778503
57,pose,23,-1,0.5367048978805542,0.78919917345047,0.010447490029036999
57,pose,24,-1,0.44832563400268555,0.8020519614219666,-0.009967240504920483
57,pose,25,-1,0.529495120048523,1.0863614082336426,-0.02831662818789482
57,pose,26,-1,0.4599178731441498,1.0311976671218872,0.0029811488930135965
57,pose,27,-1,0.5396274328231812,1.3283638954162598,0.3324471116065979
57,pose,28,-1,0.4594840407371521,1.3241044282913208,0.3040892779827118
57,pose,29,-1,0.5404555797576904,1.3599971532821655,0.3601294457912445
57,pose,30,-1,0.45994240045547485,1.3548063039779663,0.32931622862815857
57,pose,31,-1,0.5344932675361633,1.4148725271224976,0.1946427822113037
57,pose,32,-1,0.4741639196872711,1.4137084484100342,0.1413692831993103
58,hand,0,0,0.5654215216636658,0.8171589374542236,1.1737405714029592e-07
58,hand,1,0,0.5504783987998962,0.8192928433418274,-0.008582440204918385
58,hand,2,0,0.5401959419250488,0.8417705297470093,-0.01127628330141306
58,hand,3,0,0.5316027402877808,0.8631590008735657,-0.01200058963149786
58,hand,4,0,0.5225082635879517,0.8771000504493713,-0.011976460926234722
58,hand,5,0,0.5484394431114197,0.8739292025566101,-0.00798110757023096
58,hand,6,0,0.538288414478302,0.901405930519104,-0.010160254314541817
58,hand,7,0,0.5312256813049316,0.9151707887649536,-0.01149651501327753
58,hand,8,0,0.5256009101867676,0.9260066747665405,-0.012217862531542778
58,hand,9,0,0.5543031692504883,0.8803694248199463,-0.0039404756389558315
58,hand,10,0,0.5448692440986633,0.9068976640701294,-0.005675320513546467
58,hand,11,0,0.537063479423523,0.9205608367919922,-0.006287088617682457
58,hand,12,0,0.5307807922363281,0.9305667281150818,-0.006465266924351454
58,hand,13,0,0.5576272010803223,0.8816930055618286,-0.00047455698950216174
58,hand,14,0,0.549997091293335,0.9056867361068726,-0.002140645869076252
58,hand,15,0,0.5432254076004028,0.9193475246429443,-0.003050746163353324
58,hand,16,0,0.5373744964599609,0.9310474991798401,-0.003423679620027542
58,hand,17,0,0.5584829449653625,0.8799935579299927,0.0022868055384606123
58,hand,18,0,0.5526587963104248,0.9009451270103455,0.0008960472769103944
58,hand,19,0,0.5479761958122253,0.912829577922821,0.00032857691985554993
58,hand,20,0,0.5438464283943176,0.922578752040863,0.0002505173033569008
58,hand,0,1,0.39640823006629944,0.830012857913971,1.1594304183404347e-08
58,hand,1,1,0.41213664412498474,0.839853048324585,-0.005534835625439882
58,hand,2,1,0.4203977584838867,0.8640115857124329,-0.007128504570573568
58,hand,3,1,0.4250434339046478,0.8880881071090698,-0.007520629558712244
58,hand,4,1,0.43060076236724854,0.9064999222755432,-0.007231100928038359
58,hand,5,1,0.4107820391654968,0.8883477449417114,-0.004212717059999704
58,hand,6,1,0.4172295928001404,0.9174609184265137,-0.005312297958880663
58,hand,7,1,0.42202311754226685,0.9314544200897217,-0.006136772222816944
58,hand,8,1,0.4265163540840149,0.9422160387039185,-0.006506150588393211
58,hand,9,1,0.4025276303291321,0.8912873268127441,-0.0017546388553455472
58,hand,10,1,0.4100002944469452,0.9198096394538879,-0.002363281324505806
58,hand,11,1,0.4174085259437561,0.9321710467338562,-0.0028864468913525343
58,hand,12,1,0.4233447015285492,0.9389941692352295,-0.003218475729227066
58,hand,13,1,0.3972642123699188,0.8901695013046265,0.0003574869770091027
58,hand,14,1,0.40371137857437134,0.91628497838974,-0.0005212334217503667
58,hand,15,1,0.4108206033706665,0.9266339540481567,-0.0007922057993710041
58,hand,16,1,0.4165447950363159,0.9310758113861084,-0.0006701574893668294
58,hand,17,1,0.3943232297897339,0.8879940509796143,0.0020647882483899593
58,hand,18,1,0.3987954258918762,0.9101769924163818,0.0014488277956843376
58,hand,19,1,0.4049115478992462,0.9199197888374329,0.0016882081981748343
58,hand,20,1,0.4102637767791748,0.923958957195282,0.002280923305079341
58,pose,0,-1,0.4633394479751587,0.21221216022968292,-0.4073329269886017
58,pose,1,-1,0.47167471051216125,0.18541787564754486,-0.38643884658813477
58,pose,2,-1,0.47904273867607117,0.18500353395938873,-0.3865049481391907
58,pose,3,-1,0.4859972596168518,0.18429990112781525,-0.38653114438056946
58,pose,4,-1,0.4539160430431366,0.18781496584415436,-0.3850427269935608
58,pose,5,-1,0.44850268959999084,0.18915410339832306,-0.38502317667007446
58,pose,6,-1,0.44449034333229065,0.1902204155921936,-0.3851693570613861
58,pose,7,-1,0.49627378582954407,0.1944396048784256,-0.23892679810523987
58,pose,8,-1,0.443528950214386,0.2022295594215393,-0.2308078408241272
58,pose,9,-1,0.47857898473739624,0.24199122190475464,-0.3512228727340698
58,pose,10,-1,0.45566970109939575,0.24473145604133606,-0.3487032353878021
58,pose,11,-1,0.5595809817314148,0.36559510231018066,-0.13275353610515594
58,pose,12,-1,0.40449026226997375,0.3889696002006531,-0.16436101496219635
58,pose,13,-1,0.5804940462112427,0.60172438621521,-0.0698736384510994
58,pose,14,-1,0.39609861373901367,0.6186199188232422,-0.14787818491458893
58,pose,15,-1,0.5681646466255188,0.8103011846542358,-0.231852188706398
58,pose,16,-1,0.40517333149909973,0.8228695392608643,-0.3076848089694977
58,pose,17,-1,0.5669166445732117,0.8717988133430481,-0.29108065366744995
58,pose,18,-1,0.4047190546989441,0.8838082551956177,-0.36240097880363464
58,pose,19,-1,0.5514490008354187,0.8663395643234253,-0.33431127667427063
58,pose,20,-1,0.4187461733818054,0.881601870059967,-0.40872371196746826
58,pose,21,-1,0.5465901494026184,0.8469585180282593,-0.25182095170021057
58,pose,22,-1,0.42307621240615845,0.8605125546455383,-0.32870134711265564
58,pose,23,-1,0.5361735820770264,0.7901245355606079,0.011483407579362392
58,pose,24,-1,0.4481877088546753,0.8019869327545166,-0.0109873590990901
58,pose,25,-1,0.529646635055542,1.0934392213821411,-0.027836453169584274
58,pose,26,-1,0.4596887230873108,1.0318728685379028,0.005578582640737295
58,pose,27,-1,0.5390262007713318,1.3293575048446655,0.33208903670310974
58,pose,28,-1,0.45911553502082825,1.3249707221984863,0.2991047203540802
58,pose,29,-1,0.5398901700973511,1.360607385635376,0.35937514901161194
58,pose,30,-1,0.45952504873275757,1.3553466796875,0.32337456941604614
58,pose,31,-1,0.5339204668998718,1.4158592224121094,0.19419316947460175
58,pose,32,-1,0.4738650918006897,1.4147909879684448,0.13517339527606964
59,hand,0,0,0.5649324655532837,0.8178808093070984,1.1645330744158855e-07
59,hand,1,0,0.5499274134635925,0.819866955280304,-0.008845222182571888
59,hand,2,0,0.539631724357605,0.8430615067481995,-0.011169553734362125
59,hand,3,0,0.5311152935028076,0.8640592098236084,-0.011330081149935722
59,hand,4,0,0.5224363803863525,0.8783000707626343,-0.01071837916970253
59,hand,5,0,0.5486067533493042,0.8751471042633057,-0.007729119621217251
59,hand,6,0,0.5386901497840881,0.9029306173324585,-0.009075001813471317
59,hand,7,0,0.5317710041999817,0.916486382484436,-0.009893728420138359
59,hand,8,0,0.5263993144035339,0.9266432523727417,-0.010323180817067623
59,hand,9,0,0.5546724796295166,0.8807594180107117,-0.0032103813719004393
59,hand,10,0,0.5458505749702454,0.9076792001724243,-0.004140614997595549
59,hand,11,0,0.5384114980697632,0.9211908578872681,-0.004432340618222952
59,hand,12,0,0.5324028730392456,0.9300822615623474,-0.004520879127085209
59,hand,13,0,0.5580344200134277,0.8815361261367798,0.000732499931473285
59,hand,14,0,0.5504979491233826,0.90586918592453,-0.00020157566177658737
59,hand,15,0,0.543813943862915,0.9192275404930115,-0.001015881891362369
59,hand,16,0,0.5378542542457581,0.9301829934120178,-0.001493294956162572
59,hand,17,0,0.5589686632156372,0.8794211149215698,0.003955394960939884
59,hand,18,0,0.552928626537323,0.9001700282096863,0.0031279183458536863
59,hand,19,0,0.5480295419692993,0.911370038986206,0.0026559557300060987
59,hand,20,0,0.5435358285903931,0.9199772477149963,0.002510614925995469
59,hand,0,1,0.3963773846626282,0.8300797343254089,1.135486282777265e-08
59,hand,1,1,0.41223129630088806,0.8403059840202332,-0.0053739892318844795
59,hand,2,1,0.4200841188430786,0.8648846745491028,-0.006797284819185734
59,hand,3,1,0.4244558811187744,0.888655424118042,-0.007011446636170149
59,hand,4,1,0.43013647198677063,0.9061638712882996,-0.0065795183181762695
59,hand,5,1,0.4103498160839081,0.8885582089424133,-0.0040983944199979305
59,hand,6,1,0.41718995571136475,0.9168219566345215,-0.0050418139435350895
59,hand,7,1,0.4220975935459137,0.9305312633514404,-0.005763490218669176
59,hand,8,1,0.4264633059501648,0.9412012100219727,-0.006079874467104673
59,hand,9,1,0.4019404351711273,0.891675591468811,-0.0016561174998059869
59,hand,10,1,0.4098831117153168,0.919347882270813,-0.0020406884141266346
59,hand,11,1,0.4171074628829956,0.9315266609191895,-0.002395376330241561
59,hand,12,1,0.4227719008922577,0.9382959604263306,-0.0026280658785253763
59,hand,13,1,0.39665505290031433,0.8906168937683105,0.000444227596744895
59,hand,14,1,0.4035383462905884,0.9159653186798096,-0.0002550396020524204
59,hand,15,1,0.4103527367115021,0.9265710115432739,-0.0004822240734938532
59,hand,16,1,0.415809690952301,0.9312145113945007,-0.00036211172118782997
59,hand,17,1,0.3938896656036377,0.8883751034736633,0.0021413846407085657
59,hand,18,1,0.39834633469581604,0.9098305702209473,0.0015629655681550503
59,hand,19,1,0.40419748425483704,0.9197054505348206,0.0017488901503384113
59,hand,20,1,0.40938305854797363,0.9238168001174927,0.002302540699020028
59,pose,0,-1,0.4649268686771393,0.21214328706264496,-0.39174139499664307
59,pose,1,-1,0.4733844995498657,0.18534113466739655,-0.3698893189430237
59,pose,2,-1,0.4807868003845215,0.1848909705877304,-0.3699686825275421
59,pose,3,-1,0.48747536540031433,0.18423256278038025,-0.36998847126960754
59,pose,4,-1,0.45540285110473633,0.18760979175567627,-0.368838369846344
59,pose,5,-1,0.4498700201511383,0.1887909322977066,-0.36881497502326965
59,pose,6,-1,0.44532397389411926,0.1899220496416092,-0.36895719170570374
59,pose,7,-1,0.4975721538066864,0.19443419575691223,-0.22064608335494995
59,pose,8,-1,0.44417914748191833,0.20205631852149963,-0.2139558643102646
59,pose,9,-1,0.4801669120788574,0.24200168251991272,-0.33537909388542175
59,pose,10,-1,0.4571344554424286,0.24474133551120758,-0.33324193954467773
59,pose,11,-1,0.5597510933876038,0.36614009737968445,-0.11903620511293411
59,pose,12,-1,0.40480491518974304,0.38827279210090637,-0.14857149124145508
59,pose,13,-1,0.5796101093292236,0.6019036769866943,-0.062168318778276443
59,pose,14,-1,0.39610159397125244,0.617806613445282,-0.13714909553527832
59,pose,15,-1,0.5667954683303833,0.8087936639785767,-0.23039500415325165
59,pose,16,-1,0.40514224767684937,0.8225576877593994,-0.3045673668384552
59,pose,17,-1,0.5653772354125977,0.8705490827560425,-0.29147258400917053
59,pose,18,-1,0.4046832025051117,0.8827378749847412,-0.36061400175094604
59,pose,19,-1,0.5498935580253601,0.8650470972061157,-0.33434969186782837
59,pose,20,-1,0.41870224475860596,0.8806572556495667,-0.40844300389289856
59,pose,21,-1,0.5450738668441772,0.8457332849502563,-0.25049763917922974
59,pose,22,-1,0.42299792170524597,0.8599278926849365,-0.32556140422821045
59,pose,23,-1,0.5360130667686462,0.7906216979026794,0.011735182255506516
59,pose,24,-1,0.44808217883110046,0.801979124546051,-0.011217324063181877
59,pose,25,-1,0.5299705266952515,1.0967538356781006,-0.031040260568261147
59,pose,26,-1,0.4595285654067993,1.0322484970092773,0.005442802328616381
59,pose,27,-1,0.5389369130134583,1.3323370218276978,0.3298881947994232
59,pose,28,-1,0.45909497141838074,1.326770544052124,0.29944002628326416
59,pose,29,-1,0.539917528629303,1.3635438680648804,0.35792145133018494
59,pose,30,-1,0.45943334698677063,1.3567923307418823,0.3234025239944458
59,pose,31,-1,0.533761739730835,1.4190125465393066,0.19291797280311584
59,pose,32,-1,0.474041610956192,1.4166918992996216,0.13563542068004608
60,hand,0,0,0.5656869411468506,0.8189963102340698,1.254011863238702e-07
60,hand,1,0,0.5509597063064575,0.8207460045814514,-0.009193776175379753
60,hand,2,0,0.5405545830726624,0.8432669043540955,-0.01198529452085495
60,hand,3,0,0.531710147857666,0.8639936447143555,-0.01261819712817669
60,hand,4,0,0.5231178402900696,0.8786389231681824,-0.01255076564848423
60,hand,5,0,0.5499168634414673,0.8752373456954956,-0.008623147383332253
60,hand,6,0,0.5410994291305542,0.9047448039054871,-0.010384878143668175
60,hand,7,0,0.5344554781913757,0.919856071472168,-0.011378525756299496
60,hand,8,0,0.5292209982872009,0.9307931661605835,-0.011776253581047058
60,hand,9,0,0.5559570789337158,0.880559504032135,-0.003991877194494009
60,hand,10,0,0.5474372506141663,0.9091113805770874,-0.005273323971778154
60,hand,11,0,0.5398010015487671,0.9234684109687805,-0.005634300410747528
60,hand,12,0,0.5334033966064453,0.9320915937423706,-0.005633261054754257
60,hand,13,0,0.5590970516204834,0.8814789056777954,8.053455530898646e-05
60,hand,14,0,0.5515891909599304,0.9065791964530945,-0.0009452076046727598
60,hand,15,0,0.5446439981460571,0.9203281998634338,-0.0017009240109473467
60,hand,16,0,0.538162887096405,0.9305045008659363,-0.0020208426285535097
60,hand,17,0,0.5599538683891296,0.8798214197158813,0.003406982170417905
60,hand,18,0,0.5537073612213135,0.9012912511825562,0.0027007712051272392
60,hand,19,0,0.5485718846321106,0.912837564945221,0.002370645524933934
60,hand,20,0,0.5436224341392517,0.9209401607513428,0.0023859995417296886
60,hand,0,1,0.3966320753097534,0.8297531604766846,1.2108405833544111e-08
60,hand,1,1,0.412345826625824,0.8405003547668457,-0.0049437894485890865
60,hand,2,1,0.420065313577652,0.8648426532745361,-0.006295025814324617
60,hand,3,1,0.42419958114624023,0.888626217842102,-0.0065459911711514
60,hand,4,1,0.4298909604549408,0.9058792591094971,-0.006191035266965628
60,hand,5,1,0.4102986454963684,0.8881081938743591,-0.0038405070081353188
60,hand,6,1,0.4168538749217987,0.9164740443229675,-0.004707816988229752
60,hand,7,1,0.4215986728668213,0.9301390051841736,-0.005348674952983856
60,hand,8,1,0.4258371889591217,0.9408193826675415,-0.005636592395603657
60,hand,9,1,0.4017351567745209,0.8907840847969055,-0.0016501940554007888
60,hand,10,1,0.4094524681568146,0.9188453555107117,-0.0020424628164619207
60,hand,11,1,0.4167165160179138,0.9312069416046143,-0.0023162071593105793
60,hand,12,1,0.4223720133304596,0.9383034706115723,-0.0025270385667681694
60,hand,13,1,0.39623814821243286,0.889272153377533,0.00023351461277343333
60,hand,14,1,0.40288764238357544,0.9153688549995422,-0.0005415944033302367
60,hand,15,1,0.40986141562461853,0.9260191917419434,-0.0007128831930458546
60,hand,16,1,0.4154534935951233,0.9307646155357361,-0.0005782733205705881
60,hand,17,1,0.3931891620159149,0.886727511882782,0.001758032594807446
60,hand,18,1,0.3973240256309509,0.9086217880249023,0.0011772450525313616
60,hand,19,1,0.40328896045684814,0.9184497594833374,0.0014012522296980023
60,hand,20,1,0.40857425332069397,0.9229082465171814,0.0019290527561679482
60,pose,0,-1,0.4666164815425873,0.21218568086624146,-0.38892313838005066
60,pose,1,-1,0.4754098951816559,0.18537721037864685,-0.3665914535522461
60,pose,2,-1,0.4826556146144867,0.18491198122501373,-0.36666882038116455
60,pose,3,-1,0.489003449678421,0.18429364264011383,-0.3666761815547943
60,pose,4,-1,0.4572163224220276,0.18760432302951813,-0.36657196283340454
60,pose,5,-1,0.4516601264476776,0.1887298971414566,-0.36655837297439575
60,pose,6,-1,0.4465252757072449,0.18985921144485474,-0.36670199036598206
60,pose,7,-1,0.4989434778690338,0.19454486668109894,-0.2159862369298935
60,pose,8,-1,0.4450729787349701,0.20204727351665497,-0.2138308584690094
60,pose,9,-1,0.48183801770210266,0.24214212596416473,-0.3320867121219635
60,pose,10,-1,0.4588389992713928,0.24480217695236206,-0.33124712109565735
60,pose,11,-1,0.5599152445793152,0.3666808307170868,-0.11105526983737946
60,pose,12,-1,0.4051148295402527,0.3878554403781891,-0.149289071559906
60,pose,13,-1,0.5792277455329895,0.6018863916397095,-0.05288517847657204
60,pose,14,-1,0.39608481526374817,0.6174826622009277,-0.13798949122428894
60,pose,15,-1,0.5664694905281067,0.8081506490707397,-0.2200671136379242
60,pose,16,-1,0.4049910306930542,0.8225081562995911,-0.3056987524032593
60,pose,17,-1,0.5651729702949524,0.8699902296066284,-0.280412495136261
60,pose,18,-1,0.4045523405075073,0.8824858665466309,-0.362617164850235
60,pose,19,-1,0.5498899221420288,0.8654718995094299,-0.3233059346675873
60,pose,20,-1,0.4186406135559082,0.8803956508636475,-0.4087892770767212
60,pose,21,-1,0.5449908971786499,0.8462510704994202,-0.24032241106033325
60,pose,22,-1,0.4228799045085907,0.8597138524055481,-0.3264290690422058
60,pose,23,-1,0.5358238220214844,0.7906455397605896,0.013229379430413246
60,pose,24,-1,0.4480080306529999,0.8019411563873291,-0.012637749314308167
60,pose,25,-1,0.5306318998336792,1.0961993932724,-0.029533779248595238
60,pose,26,-1,0.4595174193382263,1.0314310789108276,0.008847681805491447
60,pose,27,-1,0.5389835834503174,1.333978533744812,0.3246574103832245
60,pose,28,-1,0.4591645300388336,1.327250361442566,0.3119766414165497
60,pose,29,-1,0.5399506688117981,1.3662550449371338,0.351893812417984
60,pose,30,-1,0.45946353673934937,1.3573884963989258,0.3368353247642517
60,pose,31,-1,0.5338817238807678,1.4202708005905151,0.18816052377223969
60,pose,32,-1,0.47444474697113037,1.4172788858413696,0.15458889305591583
61,hand,0,0,0.5672906041145325,0.8187790513038635,1.2684493810866115e-07
61,hand,1,0,0.5520190596580505,0.8222648501396179,-0.008600739762187004
61,hand,2,0,0.5413321852684021,0.845658004283905,-0.010878186672925949
61,hand,3,0,0.5330666303634644,0.866745114326477,-0.011232097633183002
61,hand,4,0,0.5249303579330444,0.8816153407096863,-0.010849604383111
61,hand,5,0,0.5510495901107788,0.8767814040184021,-0.0065932320430874825
61,hand,6,0,0.5437911152839661,0.9067972302436829,-0.007799151819199324
61,hand,7,0,0.5378826260566711,0.9217383861541748,-0.008566749282181263
61,hand,8,0,0.5330274105072021,0.932381272315979,-0.008902247063815594
61,hand,9,0,0.5576719641685486,0.881033182144165,-0.0022595387417823076
61,hand,10,0,0.5500270128250122,0.9096719026565552,-0.0031834570690989494
61,hand,11,0,0.542402982711792,0.9234671592712402,-0.0036090349312871695
61,hand,12,0,0.5356287956237793,0.9313616156578064,-0.003679395653307438
61,hand,13,0,0.5613982081413269,0.8811764717102051,0.0014543805737048388
61,hand,14,0,0.554594099521637,0.9066977500915527,0.0006469885120168328
61,hand,15,0,0.5479094982147217,0.919640839099884,2.885048343159724e-05
61,hand,16,0,0.5414494276046753,0.9288196563720703,-0.00019583108951337636
61,hand,17,0,0.562606692314148,0.8792855739593506,0.004411561414599419
61,hand,18,0,0.5562359094619751,0.9012642502784729,0.0037355064414441586
61,hand,19,0,0.5510140657424927,0.9124523401260376,0.0034804092720150948
61,hand,20,0,0.5459325909614563,0.9203178882598877,0.0035818531177937984
61,hand,0,1,0.3958306908607483,0.8301289677619934,8.824406094731785e-09
61,hand,1,1,0.4123173654079437,0.8392624855041504,-0.005322612356394529
61,hand,2,1,0.4204186797142029,0.8637098073959351,-0.006657153367996216
61,hand,3,1,0.42447957396507263,0.8883517384529114,-0.006608741823583841
61,hand,4,1,0.4298345148563385,0.9064477682113647,-0.005870731547474861
61,hand,5,1,0.4098769426345825,0.8877812623977661,-0.0050651682540774345
61,hand,6,1,0.41717565059661865,0.917635977268219,-0.00553685799241066
61,hand,7,1,0.42214787006378174,0.9315574765205383,-0.005611683242022991
61,hand,8,1,0.4264654219150543,0.9422677159309387,-0.005414873827248812
61,hand,9,1,0.4012361168861389,0.8910495638847351,-0.002150121843442321
61,hand,10,1,0.4093018174171448,0.9198993444442749,-0.0021659990306943655
61,hand,11,1,0.4166952073574066,0.9301756024360657,-0.00159875163808465
61,hand,12,1,0.42199259996414185,0.9349552392959595,-0.0010558076901361346
61,hand,13,1,0.3958183825016022,0.8899273872375488,0.0005604744656011462
61,hand,14,1,0.40250691771507263,0.9160692691802979,0.00046424439642578363
61,hand,15,1,0.4095136523246765,0.925101101398468,0.0010783455800265074
61,hand,16,1,0.41475996375083923,0.9280828833580017,0.0017786618554964662
61,hand,17,1,0.39300400018692017,0.887642502784729,0.002883646637201309
61,hand,18,1,0.3969976603984833,0.9090497493743896,0.00312788225710392
61,hand,19,1,0.40291285514831543,0.9180408120155334,0.0038910475559532642
61,hand,20,1,0.40797632932662964,0.9212771654129028,0.004806945566087961
61,pose,0,-1,0.4684648811817169,0.21231254935264587,-0.3945465087890625
61,pose,1,-1,0.47776490449905396,0.18556015193462372,-0.3701399862766266
61,pose,2,-1,0.4849782884120941,0.18509656190872192,-0.3702183961868286
61,pose,3,-1,0.49075600504875183,0.18459685146808624,-0.3702313005924225
61,pose,4,-1,0.4591509997844696,0.18763436377048492,-0.37209755182266235
61,pose,5,-1,0.45375388860702515,0.18873010575771332,-0.37209850549697876
61,pose,6,-1,0.4480915069580078,0.18985706567764282,-0.37223291397094727
61,pose,7,-1,0.5008094906806946,0.1948995590209961,-0.21893776953220367
61,pose,8,-1,0.44608646631240845,0.20210601389408112,-0.22227461636066437
61,pose,9,-1,0.4836363196372986,0.24239151179790497,-0.33651554584503174
61,pose,10,-1,0.46047595143318176,0.24495165050029755,-0.33833828568458557
61,pose,11,-1,0.5603699088096619,0.3679920434951782,-0.11487742513418198
61,pose,12,-1,0.4053891599178314,0.3874780237674713,-0.15809522569179535
61,pose,13,-1,0.579257071018219,0.6028484106063843,-0.06114687770605087
61,pose,14,-1,0.39591702818870544,0.6173095107078552,-0.14868289232254028
61,pose,15,-1,0.5664764046669006,0.8101822733879089,-0.22455577552318573
61,pose,16,-1,0.4048382341861725,0.8223869204521179,-0.31659263372421265
61,pose,17,-1,0.5653418898582458,0.8720449209213257,-0.28379467129707336
61,pose,18,-1,0.4044383466243744,0.8821380734443665,-0.374041348695755
61,pose,19,-1,0.5502740740776062,0.8673182725906372,-0.3263261020183563
61,pose,20,-1,0.4186207354068756,0.8798959851264954,-0.41892775893211365
61,pose,21,-1,0.5454107522964478,0.8482149243354797,-0.24439595639705658
61,pose,22,-1,0.42284440994262695,0.8593076467514038,-0.3368831276893616
61,pose,23,-1,0.5357693433761597,0.790845513343811,0.013419642113149166
61,pose,24,-1,0.44800013303756714,0.8020496368408203,-0.012841577641665936
61,pose,25,-1,0.5312396287918091,1.0952069759368896,-0.028110338374972343
61,pose,26,-1,0.4593195617198944,1.031126618385315,0.009983648546040058
61,pose,27,-1,0.5390834808349609,1.3339769840240479,0.3284267783164978
61,pose,28,-1,0.45924612879753113,1.3272614479064941,0.3111630380153656
61,pose,29,-1,0.5400323271751404,1.3662548065185547,0.3560652434825897
61,pose,30,-1,0.45951756834983826,1.3574436902999878,0.33572521805763245
61,pose,31,-1,0.534246563911438,1.4202595949172974,0.19416376948356628
61,pose,32,-1,0.4749539792537689,1.4172872304916382,0.15307483077049255
62,hand,0,0,0.5682958960533142,0.8173521757125854,1.2301026686145633e-07
62,hand,1,0,0.5529593825340271,0.8232526779174805,-0.00790238194167614
62,hand,2,0,0.5423499941825867,0.8473357558250427,-0.009984088130295277
62,hand,3,0,0.5348193645477295,0.8696839213371277,-0.01024672668427229
62,hand,4,0,0.5274310111999512,0.8850780725479126,-0.009786248207092285
62,hand,5,0,0.5528590083122253,0.876254141330719,-0.006412079557776451
62,hand,6,0,0.5463073253631592,0.9065976738929749,-0.0077371736988425255
62,hand,7,0,0.5408826470375061,0.9218517541885376,-0.008494737558066845
62,hand,8,0,0.536367654800415,0.9326727986335754,-0.008762899786233902
62,hand,9,0,0.5603281855583191,0.8801022171974182,-0.0024830184411257505
62,hand,10,0,0.5530664920806885,0.9095947742462158,-0.0034533431753516197
62,hand,11,0,0.5457408428192139,0.9231666922569275,-0.0037158410996198654
62,hand,12,0,0.5391762852668762,0.9308592677116394,-0.003660476766526699
62,hand,13,0,0.5647257566452026,0.8798531889915466,0.0008983348379842937
62,hand,14,0,0.5579647421836853,0.9058127999305725,4.4914526370121166e-05
62,hand,15,0,0.5510246753692627,0.9188239574432373,-0.00031268983730114996
62,hand,16,0,0.5442383289337158,0.9275630712509155,-0.00035396291059441864
62,hand,17,0,0.5665621757507324,0.8777151107788086,0.0035912455059587955
62,hand,18,0,0.5602030158042908,0.9001726508140564,0.0029229531064629555
62,hand,19,0,0.5543860197067261,0.9109686613082886,0.0029373422730714083
62,hand,20,0,0.5486891269683838,0.9180487394332886,0.0032579770777374506
62,hand,0,1,0.39641624689102173,0.8301742076873779,7.826113090914077e-09
62,hand,1,1,0.4126412868499756,0.8398488759994507,-0.0042875055223703384
62,hand,2,1,0.42065978050231934,0.8646156787872314,-0.005139893852174282
62,hand,3,1,0.4249446988105774,0.8887964487075806,-0.004805554635822773
62,hand,4,1,0.43000730872154236,0.9065338373184204,-0.003791998839005828
62,hand,5,1,0.4104769229888916,0.8889283537864685,-0.003540606936439872
62,hand,6,1,0.4178016483783722,0.918297529220581,-0.003455306636169553
62,hand,7,1,0.42253655195236206,0.9319581389427185,-0.003173641161993146
62,hand,8,1,0.42648667097091675,0.9419943690299988,-0.002743071410804987
62,hand,9,1,0.4017784595489502,0.8918715119361877,-0.001030835323035717
62,hand,10,1,0.4100750982761383,0.9206647276878357,-0.0006541999173350632
62,hand,11,1,0.41690921783447266,0.9315580725669861,-4.7401856136275455e-05
62,hand,12,1,0.4218371510505676,0.9371849894523621,0.0005227895453572273
62,hand,13,1,0.39619719982147217,0.8907052874565125,0.0013391056563705206
62,hand,14,1,0.4032592177391052,0.9169343709945679,0.0015812836354598403
62,hand,15,1,0.4097330570220947,0.927013635635376,0.0021683359518647194
62,hand,16,1,0.41478490829467773,0.9310595989227295,0.002832584548741579
62,hand,17,1,0.39314693212509155,0.8879631757736206,0.003415555227547884
62,hand,18,1,0.39737796783447266,0.9098208546638489,0.004027275368571281
62,hand,19,1,0.4030403792858124,0.9194448590278625,0.0049341293051838875
62,hand,20,1,0.4080636501312256,0.9232532978057861,0.005929650738835335
62,pose,0,-1,0.46948444843292236,0.21226556599140167,-0.4065473675727844
62,pose,1,-1,0.47918468713760376,0.18556062877178192,-0.3824254870414734
62,pose,2,-1,0.486473947763443,0.18510447442531586,-0.38249510526657104
62,pose,3,-1,0.4918832778930664,0.18463733792304993,-0.3824964165687561
62,pose,4,-1,0.4602223038673401,0.1875314563512802,-0.38410577178001404
62,pose,5,-1,0.45490604639053345,0.18860936164855957,-0.3841158151626587
62,pose,6,-1,0.4490000009536743,0.18969908356666565,-0.3842450976371765
62,pose,7,-1,0.501987636089325,0.19501475989818573,-0.227923184633255
62,pose,8,-1,0.4467018246650696,0.20198020339012146,-0.23331858217716217
62,pose,9,-1,0.4845607876777649,0.24239759147167206,-0.3483985662460327
62,pose,10,-1,0.4611840844154358,0.24495775997638702,-0.3499942123889923
62,pose,11,-1,0.5605753660202026,0.3687368333339691,-0.12219136208295822
62,pose,12,-1,0.4054957628250122,0.38673070073127747,-0.16565294563770294
62,pose,13,-1,0.579244077205658,0.6031663417816162,-0.0653388574719429
62,pose,14,-1,0.39567291736602783,0.6171332001686096,-0.1551753133535385
62,pose,15,-1,0.5665021538734436,0.8107742667198181,-0.23266185820102692
62,pose,16,-1,0.40473440289497375,0.8223042488098145,-0.32206806540489197
62,pose,17,-1,0.5655500888824463,0.8720086216926575,-0.29220426082611084
62,pose,18,-1,0.404399573802948,0.8820687532424927,-0.3789771497249603
62,pose,19,-1,0.5506432056427002,0.8672615885734558,-0.33462584018707275
62,pose,20,-1,0.4186229109764099,0.8798321485519409,-0.42427608370780945
62,pose,21,-1,0.5458177924156189,0.8482927680015564,-0.2524860203266144
62,pose,22,-1,0.4228377342224121,0.8591961860656738,-0.3424972593784332
62,pose,23,-1,0.5352545380592346,0.79080730676651,0.013450775295495987
62,pose,24,-1,0.44779694080352783,0.8020380139350891,-0.012885449454188347
62,pose,25,-1,0.5312091112136841,1.0945180654525757,-0.022624792531132698
62,pose,26,-1,0.4587535262107849,1.0305293798446655,0.010640496388077736
62,pose,27,-1,0.538939356803894,1.3340041637420654,0.3317670226097107
62,pose,28,-1,0.4590485990047455,1.3276487588882446,0.3058760464191437
62,pose,29,-1,0.5398805141448975,1.3662610054016113,0.3591476082801819
62,pose,30,-1,0.45927226543426514,1.3579511642456055,0.3293296694755554
62,pose,31,-1,0.534220814704895,1.4202560186386108,0.19613054394721985
62,pose,32,-1,0.47486552596092224,1.4177197217941284,0.1421310305595398
63,hand,0,0,0.5686915516853333,0.8188015818595886,1.314647590788809e-07
63,hand,1,0,0.5530703663825989,0.8257330656051636,-0.006807318888604641
63,hand,2,0,0.543123185634613,0.8495253920555115,-0.008873063139617443
63,hand,3,0,0.536571741104126,0.8736298680305481,-0.009450544603168964
63,hand,4,0,0.529728889465332,0.8902990818023682,-0.0093595115467906
63,hand,5,0,0.5537627339363098,0.8787097334861755,-0.005522287916392088
63,hand,6,0,0.5473718643188477,0.9101531505584717,-0.007016386836767197
63,hand,7,0,0.5419047474861145,0.9247868061065674,-0.007831985130906105
63,hand,8,0,0.5373342633247375,0.9345977902412415,-0.008099433034658432
63,hand,9,0,0.5619630217552185,0.8819842338562012,-0.0023375172168016434
63,hand,10,0,0.5551721453666687,0.9127880334854126,-0.003475611098110676
63,hand,11,0,0.5482553243637085,0.9259017109870911,-0.0037773102521896362
63,hand,12,0,0.5419862866401672,0.9328623414039612,-0.0037203875835984945
63,hand,13,0,0.5672057271003723,0.8813225030899048,0.0004037890175823122
63,hand,14,0,0.5607672333717346,0.9083360433578491,-0.00045472916099242866
63,hand,15,0,0.5540804862976074,0.9208801984786987,-0.0004483504162635654
63,hand,16,0,0.5475402474403381,0.9288238883018494,-0.00025220218230970204
63,hand,17,0,0.5699644684791565,0.8785218000411987,0.002538359956815839
63,hand,18,0,0.5641647577285767,0.9019191861152649,0.0019860079046338797
63,hand,19,0,0.5586258172988892,0.9124478101730347,0.002461308380588889
63,hand,20,0,0.5531952977180481,0.9188435673713684,0.0031712132040411234
63,hand,0,1,0.39642244577407837,0.8308508992195129,2.5300681549822457e-09
63,hand,1,1,0.41298580169677734,0.8398540616035461,-0.004719892051070929
63,hand,2,1,0.4212009012699127,0.8643132448196411,-0.0059814490377902985
63,hand,3,1,0.4253317713737488,0.8890499472618103,-0.005905852187424898
63,hand,4,1,0.4307132065296173,0.9066063165664673,-0.005150334909558296
63,hand,5,1,0.41042181849479675,0.8880366086959839,-0.005564127583056688
63,hand,6,1,0.41795969009399414,0.9192751049995422,-0.006081824656575918
63,hand,7,1,0.42291027307510376,0.9330852031707764,-0.005829215981066227
63,hand,8,1,0.4270660877227783,0.9432288408279419,-0.005301564000546932
63,hand,9,1,0.4016351103782654,0.8916939496994019,-0.0028654064517468214
63,hand,10,1,0.41047200560569763,0.922058641910553,-0.0032528915908187628
63,hand,11,1,0.41791579127311707,0.9313086867332458,-0.0024178919848054647
63,hand,12,1,0.4231306314468384,0.9352579116821289,-0.0014780107885599136
63,hand,13,1,0.3959651589393616,0.8910992741584778,-0.00022281422570813447
63,hand,14,1,0.4034895598888397,0.918556809425354,-0.0004263503651600331
63,hand,15,1,0.4104512333869934,0.9267102479934692,0.0006333924829959869
63,hand,16,1,0.4155382812023163,0.9289307594299316,0.0017920125974342227
63,hand,17,1,0.39283302426338196,0.8889387249946594,0.0021013335790485144
63,hand,18,1,0.39726218581199646,0.9114840030670166,0.0025350002106279135
63,hand,19,1,0.40308308601379395,0.9201207756996155,0.0036639857571572065
63,hand,20,1,0.40790969133377075,0.9229220151901245,0.0049272445030510426
63,pose,0,-1,0.4705010950565338,0.21212664246559143,-0.4067663550376892
63,pose,1,-1,0.480570912361145,0.18552711606025696,-0.3828689157962799
63,pose,2,-1,0.487834095954895,0.1851007044315338,-0.38293710350990295
63,pose,3,-1,0.4928807318210602,0.1846482753753662,-0.3829387128353119
63,pose,4,-1,0.46127259731292725,0.187356099486351,-0.3841763734817505
63,pose,5,-1,0.45604974031448364,0.18843358755111694,-0.38419148325920105
63,pose,6,-1,0.44996219873428345,0.1895240992307663,-0.38431963324546814
63,pose,7,-1,0.5029867887496948,0.19515343010425568,-0.22968408465385437
63,pose,8,-1,0.44720789790153503,0.20194941759109497,-0.2335093766450882
63,pose,9,-1,0.4855382740497589,0.24238747358322144,-0.3485713601112366
63,pose,10,-1,0.4618913531303406,0.24494798481464386,-0.35039451718330383
63,pose,11,-1,0.5606497526168823,0.36947205662727356,-0.12373331189155579
63,pose,12,-1,0.4055321514606476,0.38634490966796875,-0.16513791680335999
63,pose,13,-1,0.5792270302772522,0.6034103631973267,-0.0667317658662796
63,pose,14,-1,0.3952878713607788,0.6171084642410278,-0.1526416391134262
63,pose,15,-1,0.5665781497955322,0.8095301389694214,-0.23557020723819733
63,pose,16,-1,0.40469712018966675,0.8222945928573608,-0.3185544013977051
63,pose,17,-1,0.565910279750824,0.8706996440887451,-0.2956560552120209
63,pose,18,-1,0.4043503403663635,0.8819781541824341,-0.37521544098854065
63,pose,19,-1,0.5509797930717468,0.8656620383262634,-0.33809369802474976
63,pose,20,-1,0.4186311662197113,0.8798010945320129,-0.42062464356422424
63,pose,21,-1,0.5460147857666016,0.8470582962036133,-0.25556984543800354
63,pose,22,-1,0.4228407144546509,0.8591769337654114,-0.33902186155319214
63,pose,23,-1,0.5351868867874146,0.7907963395118713,0.013506385497748852
63,pose,24,-1,0.4477876126766205,0.802400529384613,-0.012954232282936573
63,pose,25,-1,0.5313209891319275,1.0924655199050903,-0.007883652113378048
63,pose,26,-1,0.4587324559688568,1.0241427421569824,0.015607685782015324
63,pose,27,-1,0.5390073657035828,1.3331561088562012,0.33866071701049805
63,pose,28,-1,0.4595664441585541,1.326983094215393,0.3051401674747467
63,pose,29,-1,0.539967954158783,1.3655868768692017,0.3654325306415558
63,pose,30,-1,0.459773451089859,1.357453465461731,0.3281657099723816
63,pose,31,-1,0.5345271229743958,1.4178848266601562,0.20240356028079987
63,pose,32,-1,0.47626304626464844,1.416122317314148,0.14108125865459442
64,hand,0,0,0.5685834288597107,0.8193585276603699,1.2186741571440507e-07
64,hand,1,0,0.552666187286377,0.8291724920272827,-0.0051411050371825695
64,hand,2,0,0.5433060526847839,0.8533158302307129,-0.006603393703699112
64,hand,3,0,0.5381129384040833,0.878005862236023,-0.0067732008174061775
64,hand,4,0,0.5318963527679443,0.8946123719215393,-0.0063300603069365025
64,hand,5,0,0.5544216632843018,0.8811995387077332,-0.004247669130563736
64,hand,6,0,0.5494706034660339,0.9129135608673096,-0.004964978899806738
64,hand,7,0,0.5448042750358582,0.9273857474327087,-0.005173401907086372
64,hand,8,0,0.5407251119613647,0.9368550777435303,-0.005030701868236065
64,hand,9,0,0.563332200050354,0.8836802244186401,-0.0015999230090528727
64,hand,10,0,0.5577265024185181,0.9149975180625916,-0.0018853808287531137
64,hand,11,0,0.5514775514602661,0.9276434779167175,-0.0015155966393649578
64,hand,12,0,0.5458459258079529,0.9342398643493652,-0.0010031901765614748
64,hand,13,0,0.5692968368530273,0.8820623755455017,0.0007729107746854424
64,hand,14,0,0.5643628835678101,0.9096338152885437,0.0008567263721488416
64,hand,15,0,0.5583043098449707,0.9220051169395447,0.0013515251921489835
64,hand,16,0,0.5524432063102722,0.9295128583908081,0.001736095524393022
64,hand,17,0,0.5729652643203735,0.8782013654708862,0.002675774274393916
64,hand,18,0,0.5689155459403992,0.9015339612960815,0.0030327930580824614
64,hand,19,0,0.564154863357544,0.911180853843689,0.00401773676276207
64,hand,20,0,0.5594614744186401,0.9163010716438293,0.005007777363061905
64,hand,0,1,0.3974599838256836,0.8322283625602722,4.900251315831383e-09
64,hand,1,1,0.41383612155914307,0.841822624206543,-0.004413987044245005
64,hand,2,1,0.421949177980423,0.8657717108726501,-0.0059142648242414
64,hand,3,1,0.4263106882572174,0.889955997467041,-0.0063584595918655396
64,hand,4,1,0.43170350790023804,0.9070494174957275,-0.006218443159013987
64,hand,5,1,0.4121253192424774,0.8902100324630737,-0.00481465132907033
64,hand,6,1,0.41906267404556274,0.9194073677062988,-0.00591061869636178
64,hand,7,1,0.42357394099235535,0.9335227608680725,-0.006337936967611313
64,hand,8,1,0.42741072177886963,0.9439358711242676,-0.006364812608808279
64,hand,9,1,0.40310564637184143,0.8933697938919067,-0.002864462323486805
64,hand,10,1,0.41126734018325806,0.9220379590988159,-0.003613455919548869
64,hand,11,1,0.4181148409843445,0.9326257109642029,-0.003379350295290351
64,hand,12,1,0.42313361167907715,0.9377821087837219,-0.002998682204633951
64,hand,13,1,0.39691856503486633,0.8921346664428711,-0.0010698086116462946
64,hand,14,1,0.40385207533836365,0.9186509847640991,-0.0017658279975876212
64,hand,15,1,0.4102500081062317,0.9284259080886841,-0.0011020918609574437
64,hand,16,1,0.41525256633758545,0.9319936037063599,-0.0002992397057823837
64,hand,17,1,0.39309558272361755,0.8890522718429565,0.00040274905040860176
64,hand,18,1,0.3971136212348938,0.9109204411506653,0.0002619662554934621
64,hand,19,1,0.40244945883750916,0.9204595685005188,0.0011467759031802416
64,hand,20,1,0.40724101662635803,0.9243437647819519,0.0022156324703246355
64,pose,0,-1,0.4711637794971466,0.21203768253326416,-0.40623095631599426
64,pose,1,-1,0.48138314485549927,0.1854775995016098,-0.3822627067565918
64,pose,2,-1,0.4886043667793274,0.18508517742156982,-0.38233962655067444
64,pose,3,-1,0.49344661831855774,0.18465042114257812,-0.3823387026786804
64,pose,4,-1,0.46197032928466797,0.18722762167453766,-0.3834264576435089
64,pose,5,-1,0.4567919969558716,0.18831366300582886,-0.38344132900238037
64,pose,6,-1,0.45063427090644836,0.18941105902194977,-0.38357454538345337
64,pose,7,-1,0.5035301446914673,0.19527345895767212,-0.22894187271595
64,pose,8,-1,0.44759199023246765,0.2018970549106598,-0.23279382288455963
64,pose,9,-1,0.48605969548225403,0.24238574504852295,-0.34832653403282166
64,pose,10,-1,0.4622696042060852,0.244951069355011,-0.34990987181663513
64,pose,11,-1,0.5606520175933838,0.3697352409362793,-0.12398287653923035
64,pose,12,-1,0.40561431646347046,0.3857564926147461,-0.1648087054491043
64,pose,13,-1,0.5789986848831177,0.6035093069076538,-0.06606343388557434
64,pose,14,-1,0.394932359457016,0.6170610189437866,-0.152357280254364
64,pose,15,-1,0.566665530204773,0.8109461069107056,-0.23273417353630066
64,pose,16,-1,0.4045335054397583,0.8222362995147705,-0.3179890811443329
64,pose,17,-1,0.5667585134506226,0.8725918531417847,-0.2925019860267639
64,pose,18,-1,0.404269814491272,0.881967306137085,-0.3747389018535614
64,pose,19,-1,0.5518437027931213,0.8681141138076782,-0.3349604308605194
64,pose,20,-1,0.41861632466316223,0.8798073530197144,-0.4199671149253845
64,pose,21,-1,0.5465503931045532,0.8488354682922363,-0.2528049051761627
64,pose,22,-1,0.42282041907310486,0.85917067527771,-0.33841273188591003
64,pose,23,-1,0.5349598526954651,0.7909663915634155,0.013513298705220222
64,pose,24,-1,0.4477829337120056,0.8026817440986633,-0.01296523679047823
64,pose,25,-1,0.5302702188491821,1.0411616563796997,0.0026387744583189487
64,pose,26,-1,0.4586871862411499,1.0226787328720093,0.027229387313127518
64,pose,27,-1,0.5390464663505554,1.3321267366409302,0.348577082157135
64,pose,28,-1,0.4596046507358551,1.3262754678726196,0.30991944670677185
64,pose,29,-1,0.540042519569397,1.364667296409607,0.3754214644432068
64,pose,30,-1,0.4598073959350586,1.3570257425308228,0.3327401280403137
64,pose,31,-1,0.5345226526260376,1.4165407419204712,0.21215887367725372
64,pose,32,-1,0.4764919579029083,1.4152406454086304,0.1449102908372879
65,hand,0,0,0.5680354833602905,0.8203757405281067,1.2479789290864574e-07
65,hand,1,0,0.552262544631958,0.8306620717048645,-0.004427631385624409
65,hand,2,0,0.5439105033874512,0.8557211756706238,-0.005527024157345295
65,hand,3,0,0.539665937423706,0.8812505006790161,-0.00528861815109849
65,hand,4,0,0.5343166589736938,0.8987190127372742,-0.004402230028063059
65,hand,5,0,0.5555878281593323,0.8839720487594604,-0.00441457936540246
65,hand,6,0,0.5508514046669006,0.9174917936325073,-0.004329908639192581
65,hand,7,0,0.5464268922805786,0.9312088489532471,-0.0035401699133217335
65,hand,8,0,0.54267817735672,0.9394608736038208,-0.0026144341100007296
65,hand,9,0,0.5651382803916931,0.8857613801956177,-0.0017148277256637812
65,hand,10,0,0.5595313310623169,0.9191361665725708,-0.0011495650978758931
65,hand,11,0,0.5533549785614014,0.9308187961578369,0.00033324523246847093
65,hand,12,0,0.5479468703269958,0.9360132217407227,0.0017163812881335616
65,hand,13,0,0.5715540051460266,0.8831736445426941,0.0008587022311985493
65,hand,14,0,0.5666985511779785,0.9126043915748596,0.0016422333428636193
65,hand,15,0,0.5605998635292053,0.9238609075546265,0.0028399904258549213
65,hand,16,0,0.5550917387008667,0.9297215342521667,0.0037208066787570715
65,hand,17,0,0.5754541158676147,0.8785325884819031,0.0030610202811658382
65,hand,18,0,0.5717077851295471,0.9031981825828552,0.0038153857458382845
65,hand,19,0,0.5666787028312683,0.9119430780410767,0.005199153441935778
65,hand,20,0,0.5618590712547302,0.9155681729316711,0.006558504421263933
65,hand,0,1,0.3978728950023651,0.8331668972969055,4.611140802524005e-09
65,hand,1,1,0.4141669273376465,0.8421374559402466,-0.0045799692161381245
65,hand,2,1,0.4225955009460449,0.866355836391449,-0.005898674484342337
65,hand,3,1,0.4274071753025055,0.8899587988853455,-0.006115159019827843
65,hand,4,1,0.4326379597187042,0.9070224165916443,-0.005699616856873035
65,hand,5,1,0.41251859068870544,0.8910186290740967,-0.00443256227299571
65,hand,6,1,0.4197552800178528,0.9208402633666992,-0.005438405554741621
65,hand,7,1,0.424471378326416,0.9350894093513489,-0.005864751525223255
65,hand,8,1,0.4285213351249695,0.9454222321510315,-0.005864662583917379
65,hand,9,1,0.4034721255302429,0.8947364091873169,-0.0022671986371278763
65,hand,10,1,0.4119957387447357,0.9231645464897156,-0.002860568230971694
65,hand,11,1,0.4189082980155945,0.9329323172569275,-0.0025927373208105564
65,hand,12,1,0.42388054728507996,0.936953604221344,-0.0021391301415860653
65,hand,13,1,0.3973124623298645,0.8940046429634094,-0.00031185505213215947
65,hand,14,1,0.4049219787120819,0.9199213981628418,-0.0008171801455318928
65,hand,15,1,0.41147780418395996,0.9289260506629944,-0.00011112303764093667
65,hand,16,1,0.416437029838562,0.9318866729736328,0.0007297171978279948
65,hand,17,1,0.3936660885810852,0.8915016651153564,0.0012852875515818596
65,hand,18,1,0.39800775051116943,0.9128555059432983,0.0012789982138201594
65,hand,19,1,0.40348803997039795,0.9216716885566711,0.0021815807558596134
65,hand,20,1,0.4083068370819092,0.9249019622802734,0.003276737406849861
65,pose,0,-1,0.4719816744327545,0.21189528703689575,-0.39827367663383484
65,pose,1,-1,0.4822816252708435,0.18534263968467712,-0.37390702962875366
65,pose,2,-1,0.4894307851791382,0.18500471115112305,-0.3740067183971405
65,pose,3,-1,0.4940313696861267,0.1846255660057068,-0.37399548292160034
65,pose,4,-1,0.462755024433136,0.18699151277542114,-0.3752504885196686
65,pose,5,-1,0.4575859010219574,0.18808463215827942,-0.37527450919151306
65,pose,6,-1,0.45142659544944763,0.1892077475786209,-0.3754240572452545
65,pose,7,-1,0.5041049122810364,0.19529925286769867,-0.2205606997013092
65,pose,8,-1,0.4479410946369171,0.20184557139873505,-0.22586101293563843
65,pose,9,-1,0.4867764115333557,0.24236181378364563,-0.340896874666214
65,pose,10,-1,0.4628894627094269,0.24494275450706482,-0.3425215482711792
65,pose,11,-1,0.5606721043586731,0.37001457810401917,-0.11670713126659393
65,pose,12,-1,0.40563565492630005,0.3854897916316986,-0.16064958274364471
65,pose,13,-1,0.5787980556488037,0.6034849286079407,-0.05892796814441681
65,pose,14,-1,0.39434418082237244,0.6170962452888489,-0.15156178176403046
65,pose,15,-1,0.5667237043380737,0.8106219172477722,-0.22604690492153168
65,pose,16,-1,0.4045293927192688,0.822275698184967,-0.3178798258304596
65,pose,17,-1,0.5681033730506897,0.8724855780601501,-0.285512238740921
65,pose,18,-1,0.4042656719684601,0.882043719291687,-0.37441980838775635
65,pose,19,-1,0.5536572337150574,0.8686608076095581,-0.32768622040748596
65,pose,20,-1,0.41865891218185425,0.8799147009849548,-0.4195570647716522
65,pose,21,-1,0.5477706789970398,0.8495677709579468,-0.2462477684020996
65,pose,22,-1,0.4228784143924713,0.8592399954795837,-0.3379471004009247
65,pose,23,-1,0.5349584817886353,0.791051983833313,0.013577443547546864
65,pose,24,-1,0.44776418805122375,0.8028109073638916,-0.013028683140873909
65,pose,25,-1,0.5302040576934814,1.0288448333740234,0.0027228621765971184
65,pose,26,-1,0.458696186542511,1.0192903280258179,0.032507482916116714
65,pose,27,-1,0.5390855669975281,1.3308855295181274,0.3460632860660553
65,pose,28,-1,0.4598139524459839,1.3250735998153687,0.3196977376937866
65,pose,29,-1,0.5401347875595093,1.3638261556625366,0.3727962374687195
65,pose,30,-1,0.4599003195762634,1.3560246229171753,0.343424916267395
65,pose,31,-1,0.5346341729164124,1.4147789478302002,0.21042749285697937
65,pose,32,-1,0.4775799810886383,1.4135980606079102,0.16037137806415558
66,hand,0,0,0.5672511458396912,0.8214466571807861,1.1162849489210203e-07
66,hand,1,0,0.5520589351654053,0.8341898918151855,-0.002860224572941661
66,hand,2,0,0.5440305471420288,0.8589442372322083,-0.003931109327822924
66,hand,3,0,0.5401885509490967,0.8841196894645691,-0.00419396348297596
66,hand,4,0,0.5352668762207031,0.9015567898750305,-0.00408916175365448
66,hand,5,0,0.555465579032898,0.8848657608032227,-0.0037527834065258503
66,hand,6,0,0.5514875650405884,0.9184878468513489,-0.004467732273042202
66,hand,7,0,0.5477457642555237,0.9322627186775208,-0.004346768371760845
66,hand,8,0,0.5444496870040894,0.9411687850952148,-0.003875270951539278
66,hand,9,0,0.5648742914199829,0.8860719203948975,-0.0023692697286605835
66,hand,10,0,0.5600287318229675,0.9202199578285217,-0.002566371811553836
66,hand,11,0,0.554282009601593,0.9314628839492798,-0.0017417438793927431
66,hand,12,0,0.5494384765625,0.9360939860343933,-0.0007973836618475616
66,hand,13,0,0.5716767311096191,0.8826309442520142,-0.0009778646053746343
66,hand,14,0,0.5680803656578064,0.9130977392196655,-0.0007245615706779063
66,hand,15,0,0.5624552965164185,0.9236907958984375,0.00047011562855914235
66,hand,16,0,0.5573728680610657,0.9280033707618713,0.00135537248570472
66,hand,17,0,0.5762391686439514,0.8774763345718384,0.00017143911099992692
66,hand,18,0,0.5734664797782898,0.9026495814323425,0.0006160690682008862
66,hand,19,0,0.5685363411903381,0.9116458892822266,0.002152513014152646
66,hand,20,0,0.5638214349746704,0.9152190685272217,0.003627100493758917
66,hand,0,1,0.3976963758468628,0.8331495523452759,5.449553253100703e-09
66,hand,1,1,0.4140981137752533,0.8419241905212402,-0.004725764971226454
66,hand,2,1,0.4229260981082916,0.865668535232544,-0.0062395199202001095
66,hand,3,1,0.4278198778629303,0.8898515105247498,-0.006490202154964209
66,hand,4,1,0.4332183003425598,0.9075769186019897,-0.006063871085643768
66,hand,5,1,0.4128676950931549,0.8903869390487671,-0.005611281376332045
66,hand,6,1,0.4203728139400482,0.9210431575775146,-0.00642509525641799
66,hand,7,1,0.4250718057155609,0.9353178143501282,-0.006499903742223978
66,hand,8,1,0.42902281880378723,0.9459176659584045,-0.006253654137253761
66,hand,9,1,0.40392568707466125,0.894353985786438,-0.003139973385259509
66,hand,10,1,0.4128821790218353,0.9238237738609314,-0.003579947864636779
66,hand,11,1,0.42001643776893616,0.9336130619049072,-0.0028494130820035934
66,hand,12,1,0.42493703961372375,0.9382046461105347,-0.0020938608795404434
66,hand,13,1,0.3978816270828247,0.8938789367675781,-0.0007689607446081936
66,hand,14,1,0.40558359026908875,0.9208769202232361,-0.0010276396060362458
66,hand,15,1,0.41224363446235657,0.9297648668289185,8.622901077615097e-05
66,hand,16,1,0.41717326641082764,0.9328057169914246,0.0011787919793277979
66,hand,17,1,0.39436671137809753,0.8915127515792847,0.001254708506166935
66,hand,18,1,0.39866721630096436,0.9135650992393494,0.0015277129132300615
66,hand,19,1,0.40428513288497925,0.9225692749023438,0.0026423069648444653
66,hand,20,1,0.4091528356075287,0.925971508026123,0.0038632312789559364
66,pose,0,-1,0.4725870192050934,0.21162524819374084,-0.3847752809524536
66,pose,1,-1,0.48294389247894287,0.18512451648712158,-0.3595031797885895
66,pose,2,-1,0.4900408089160919,0.18486186861991882,-0.3596135675907135
66,pose,3,-1,0.4944886863231659,0.18455824255943298,-0.35959169268608093
66,pose,4,-1,0.4633616507053375,0.1865043044090271,-0.36108654737472534
66,pose,5,-1,0.4581815004348755,0.1875525712966919,-0.36109691858291626
66,pose,6,-1,0.4520586431026459,0.18869465589523315,-0.3612546920776367
66,pose,7,-1,0.5046029686927795,0.1953061819076538,-0.20329491794109344
66,pose,8,-1,0.44827336072921753,0.201651468873024,-0.20941510796546936
66,pose,9,-1,0.4872722327709198,0.24234206974506378,-0.32689622044563293
66,pose,10,-1,0.4633599519729614,0.24492786824703217,-0.32852891087532043
66,pose,11,-1,0.5606765151023865,0.37033939361572266,-0.1021425724029541
66,pose,12,-1,0.4057125151157379,0.3851170241832733,-0.14484921097755432
66,pose,13,-1,0.5782774686813354,0.6035208106040955,-0.05243976041674614
66,pose,14,-1,0.3941344618797302,0.61711186170578,-0.1395004540681839
66,pose,15,-1,0.5667515397071838,0.8109650611877441,-0.2296924591064453
66,pose,16,-1,0.4044877290725708,0.8222750425338745,-0.3124181926250458
66,pose,17,-1,0.5688906908035278,0.8736326098442078,-0.28925663232803345
66,pose,18,-1,0.4042624235153198,0.8821582198143005,-0.36978256702423096
66,pose,19,-1,0.5547031760215759,0.8702465295791626,-0.3311988413333893
66,pose,20,-1,0.4186730682849884,0.8800193667411804,-0.4143611788749695
66,pose,21,-1,0.548561692237854,0.8509128093719482,-0.24980024993419647
66,pose,22,-1,0.4228890538215637,0.8592844605445862,-0.33235111832618713
66,pose,23,-1,0.5347837209701538,0.7912067770957947,0.01349790021777153
66,pose,24,-1,0.4476775527000427,0.8028445243835449,-0.012940838001668453
66,pose,25,-1,0.5302450060844421,1.0702778100967407,-0.008139500394463539
66,pose,26,-1,0.4580625593662262,1.021370768547058,0.02645193599164486
66,pose,27,-1,0.5388810038566589,1.331073522567749,0.34032124280929565
66,pose,28,-1,0.4590355455875397,1.3250871896743774,0.3195880949497223
66,pose,29,-1,0.5399919152259827,1.3639633655548096,0.3672621548175812
66,pose,30,-1,0.458802729845047,1.3560453653335571,0.3426986038684845
66,pose,31,-1,0.5342544317245483,1.4151406288146973,0.20423893630504608
66,pose,32,-1,0.4769923985004425,1.4136252403259277,0.15978974103927612
67,hand,0,0,0.5671864151954651,0.8213896751403809,1.1648811693021344e-07
67,hand,1,0,0.551873505115509,0.8344429731369019,-0.0034299970138818026
67,hand,2,0,0.5440842509269714,0.8597276210784912,-0.004788650665432215
67,hand,3,0,0.540467381477356,0.8851698040962219,-0.005211390554904938
67,hand,4,0,0.5357493162155151,0.9033077359199524,-0.005248880013823509
67,hand,5,0,0.5559208393096924,0.8852968811988831,-0.004427721258252859
67,hand,6,0,0.55180424451828,0.9194666147232056,-0.005237516947090626
67,hand,7,0,0.5477923154830933,0.933273196220398,-0.0052218325436115265
67,hand,8,0,0.5441959500312805,0.9419884085655212,-0.0048275301232934
67,hand,9,0,0.5653142929077148,0.8861979842185974,-0.002726814243942499
67,hand,10,0,0.5600464344024658,0.920583188533783,-0.0029017168562859297
67,hand,11,0,0.5540196895599365,0.9322053790092468,-0.002236179541796446
67,hand,12,0,0.5488684773445129,0.9369510412216187,-0.0014934614300727844
67,hand,13,0,0.5719290971755981,0.8825779557228088,-0.0010237249080091715
67,hand,14,0,0.5677631497383118,0.9131482243537903,-0.0005674749845638871
67,hand,15,0,0.5619321465492249,0.9244410395622253,0.00042919721454381943
67,hand,16,0,0.5567079186439514,0.9294447898864746,0.0010179842356592417
67,hand,17,0,0.5763388872146606,0.8772827386856079,0.0003917808353435248
67,hand,18,0,0.5736160278320312,0.9023874998092651,0.0010557733476161957
67,hand,19,0,0.5687947273254395,0.9119048118591309,0.0025289154145866632
67,hand,20,0,0.5642471313476562,0.9159597158432007,0.003829793306067586
67,hand,0,1,0.3987077474594116,0.8338508605957031,8.927706574013428e-09
67,hand,1,1,0.4151405692100525,0.8428803086280823,-0.004351216834038496
67,hand,2,1,0.4237295091152191,0.8663022518157959,-0.0057945894077420235
67,hand,3,1,0.42865243554115295,0.8900976777076721,-0.006123250350356102
67,hand,4,1,0.4341147243976593,0.9079750776290894,-0.005781996995210648
67,hand,5,1,0.4140315353870392,0.8919121026992798,-0.004835053812712431
67,hand,6,1,0.4214320480823517,0.9218330979347229,-0.005580390803515911
67,hand,7,1,0.4262026250362396,0.9361562728881836,-0.005619531963020563
67,hand,8,1,0.43011823296546936,0.9468424916267395,-0.005343140102922916
67,hand,9,1,0.4048486649990082,0.8954220414161682,-0.0026064778212457895
67,hand,10,1,0.41359466314315796,0.9247280359268188,-0.00317855435423553
67,hand,11,1,0.4207393527030945,0.934495210647583,-0.0025061354972422123
67,hand,12,1,0.4255562722682953,0.9391581416130066,-0.001702787703834474
67,hand,13,1,0.39852166175842285,0.8942959904670715,-0.00046404136810451746
67,hand,14,1,0.4059053361415863,0.9215171337127686,-0.0009272244642488658
67,hand,15,1,0.41264966130256653,0.9304109215736389,0.00030801212415099144
67,hand,16,1,0.41743016242980957,0.933303713798523,0.0016255027148872614
67,hand,17,1,0.3946515917778015,0.89141446352005,0.0013832469703629613
67,hand,18,1,0.3990759551525116,0.9143267273902893,0.0016770847141742706
67,hand,19,1,0.40490517020225525,0.9235250949859619,0.0030714343301951885
67,hand,20,1,0.40968576073646545,0.9268944263458252,0.004571014083921909
67,pose,0,-1,0.4730849266052246,0.21125859022140503,-0.3880828320980072
67,pose,1,-1,0.4833901524543762,0.18477700650691986,-0.3631991147994995
67,pose,2,-1,0.4904141128063202,0.18460117280483246,-0.3633037507534027
67,pose,3,-1,0.4947938024997711,0.18438929319381714,-0.3632904589176178
67,pose,4,-1,0.46384158730506897,0.18590784072875977,-0.3646630048751831
67,pose,5,-1,0.458598792552948,0.18692553043365479,-0.3646741807460785
67,pose,6,-1,0.45251694321632385,0.18809044361114502,-0.3648309111595154
67,pose,7,-1,0.5048173069953918,0.19529229402542114,-0.20655329525470734
67,pose,8,-1,0.4484485983848572,0.201443612575531,-0.21270805597305298
67,pose,9,-1,0.4876633286476135,0.24220925569534302,-0.33005088567733765
67,pose,10,-1,0.46381813287734985,0.24484577775001526,-0.3315160572528839
67,pose,11,-1,0.5606784820556641,0.3706287741661072,-0.10358491539955139
67,pose,12,-1,0.40571799874305725,0.38470348715782166,-0.1462903469800949
67,pose,13,-1,0.5777065753936768,0.6035107374191284,-0.05331898108124733
67,pose,14,-1,0.3938450515270233,0.617127537727356,-0.13967953622341156
67,pose,15,-1,0.5667850971221924,0.8114160895347595,-0.23141048848628998
67,pose,16,-1,0.4044554829597473,0.8222975134849548,-0.312000572681427
67,pose,17,-1,0.5694938898086548,0.8743105530738831,-0.2901465594768524
67,pose,18,-1,0.4042660892009735,0.8822605609893799,-0.3691645562648773
67,pose,19,-1,0.5557280778884888,0.8712159991264343,-0.33165010809898376
67,pose,20,-1,0.4187164902687073,0.880150556564331,-0.41388237476348877
67,pose,21,-1,0.5495603680610657,0.851701557636261,-0.25088217854499817
67,pose,22,-1,0.42292556166648865,0.8594129085540771,-0.3320273458957672
67,pose,23,-1,0.5347771048545837,0.7912060022354126,0.01347541157156229
67,pose,24,-1,0.44767218828201294,0.8028414845466614,-0.012918433174490929
67,pose,25,-1,0.5294568538665771,1.039006233215332,-0.009299090132117271
67,pose,26,-1,0.45805323123931885,1.0216351747512817,0.025542963296175003
67,pose,27,-1,0.5386428833007812,1.330973505973816,0.33952847123146057
67,pose,28,-1,0.4587177634239197,1.3250013589859009,0.317780464887619
67,pose,29,-1,0.5396621227264404,1.3638403415679932,0.36635690927505493
67,pose,30,-1,0.45838049054145813,1.3559210300445557,0.3411136567592621
67,pose,31,-1,0.5341176390647888,1.4150645732879639,0.20150259137153625
67,pose,32,-1,0.47658297419548035,1.4135265350341797,0.1579175591468811
