frame,part,index,hand_index,x,y,z
1,hand,0,0,0.3882599174976349,0.827325701713562,-5.643544298550296e-08
1,hand,1,0,0.40423333644866943,0.8411045074462891,-0.0021258036140352488
1,hand,2,0,0.4107140302658081,0.8652175068855286,-0.0027657330501824617
1,hand,3,0,0.41230130195617676,0.8890352845191956,-0.002762205433100462
1,hand,4,0,0.41471585631370544,0.9065924882888794,-0.002100598532706499
1,hand,5,0,0.401072233915329,0.8867356181144714,-0.0031906403601169586
1,hand,6,0,0.4055804908275604,0.9180173277854919,-0.003912786953151226
1,hand,7,0,0.41054490208625793,0.9286860823631287,-0.0040535759180784225
1,hand,8,0,0.4149152338504791,0.9348384737968445,-0.003754303092136979
1,hand,9,0,0.3921452462673187,0.8890074491500854,-0.0021891023498028517
1,hand,10,0,0.39841869473457336,0.9202361702919006,-0.002311537740752101
1,hand,11,0,0.40516504645347595,0.9260573983192444,-0.0014354874147102237
1,hand,12,0,0.40963536500930786,0.9259020686149597,-0.0006149388500489295
1,hand,13,0,0.3855128884315491,0.8871896266937256,-0.00113857036922127
1,hand,14,0,0.39063021540641785,0.9156333804130554,-0.0005725199007429183
1,hand,15,0,0.3969796299934387,0.9204808473587036,0.0014153062365949154
1,hand,16,0,0.40119439363479614,0.919062614440918,0.0028730123303830624
1,hand,17,0,0.3808978796005249,0.883198082447052,-0.00036366042331792414
1,hand,18,0,0.3831157088279724,0.9051905274391174,0.001198188285343349
1,hand,19,0,0.38864055275917053,0.9110711216926575,0.003453521290794015
1,hand,20,0,0.39289695024490356,0.9100711345672607,0.005281687248498201
1,hand,0,1,0.5514991879463196,0.8243175148963928,1.0285337737059308e-07
1,hand,1,1,0.5370017290115356,0.834091305732727,-0.007979515939950943
1,hand,2,1,0.5291785001754761,0.8570240139961243,-0.010489127598702908
1,hand,3,1,0.522838294506073,0.879916787147522,-0.011031843721866608
1,hand,4,1,0.5153312683105469,0.897157609462738,-0.01079857163131237
1,hand,5,1,0.5395736694335938,0.8868928551673889,-0.006228276062756777
1,hand,6,1,0.5333532094955444,0.9162435531616211,-0.006487544625997543
1,hand,7,1,0.5273480415344238,0.9279567003250122,-0.006460332311689854
1,hand,8,1,0.5222116708755493,0.9344030022621155,-0.00615101121366024
1,hand,9,1,0.546822726726532,0.8889749050140381,-0.0014632029924541712
1,hand,10,1,0.5392552614212036,0.9166126251220703,-0.00043811503564938903
1,hand,11,1,0.5322420597076416,0.9251704216003418,0.00037750802584923804
1,hand,12,1,0.5261905193328857,0.9292343258857727,0.0008816738845780492
1,hand,13,1,0.5512390732765198,0.8868216872215271,0.0028924758080393076
1,hand,14,1,0.5441040396690369,0.9094008207321167,0.004488418344408274
1,hand,15,1,0.5377274751663208,0.9164864420890808,0.005498702637851238
1,hand,16,1,0.532075047492981,0.9202293753623962,0.005824579391628504
1,hand,17,1,0.5530880093574524,0.8829069137573242,0.006483989302068949
1,hand,18,1,0.5473341345787048,0.901404082775116,0.008264591917395592
1,hand,19,1,0.5417397618293762,0.9087280631065369,0.009638694114983082
1,hand,20,1,0.5369859933853149,0.9116047620773315,0.010630331002175808
1,pose,0,-1,0.4685881733894348,0.20748823881149292,-0.4573676288127899
1,pose,1,-1,0.4792708456516266,0.1812208890914917,-0.43507349491119385
1,pose,2,-1,0.48466095328330994,0.1814866065979004,-0.4351132810115814
1,pose,3,-1,0.49015456438064575,0.18207383155822754,-0.4351613223552704
1,pose,4,-1,0.4606342315673828,0.1821947693824768,-0.435767263174057
1,pose,5,-1,0.45473119616508484,0.1832001805305481,-0.4358377754688263
1,pose,6,-1,0.44941282272338867,0.1848444938659668,-0.43601083755493164
1,pose,7,-1,0.4993113875389099,0.19636768102645874,-0.2922365963459015
1,pose,8,-1,0.4440450370311737,0.20148009061813354,-0.2952460050582886
1,pose,9,-1,0.4808163642883301,0.2399267703294754,-0.40387827157974243
1,pose,10,-1,0.45848703384399414,0.24259787797927856,-0.40460366010665894
1,pose,11,-1,0.5518842339515686,0.3825171887874603,-0.1978912502527237
1,pose,12,-1,0.3993845582008362,0.38132259249687195,-0.22446568310260773
1,pose,13,-1,0.5607045888900757,0.6106921434402466,-0.1436232477426529
1,pose,14,-1,0.3841181695461273,0.6094244718551636,-0.20681123435497284
1,pose,15,-1,0.5533883571624756,0.8113605380058289,-0.28763484954833984
1,pose,16,-1,0.3927847445011139,0.8134331107139587,-0.34124642610549927
1,pose,17,-1,0.5528523325920105,0.8712865710258484,-0.3395479619503021
1,pose,18,-1,0.3947109878063202,0.8781464695930481,-0.38627374172210693
1,pose,19,-1,0.5401644110679626,0.8697139024734497,-0.37315648794174194
1,pose,20,-1,0.40656083822250366,0.8725866079330444,-0.4283478558063507
1,pose,21,-1,0.5368432402610779,0.8537302017211914,-0.30360957980155945
1,pose,22,-1,0.408265620470047,0.8527605533599854,-0.3598025143146515
1,pose,23,-1,0.5169930458068848,0.7712506651878357,0.0112949563190341
1,pose,24,-1,0.43125301599502563,0.78168123960495,-0.01089489832520485
1,pose,25,-1,0.5055627822875977,1.0136876106262207,0.01752104051411152
1,pose,26,-1,0.448859840631485,1.010351538658142,0.03507458418607712
1,pose,27,-1,0.5187075734138489,1.266150712966919,0.4138130843639374
1,pose,28,-1,0.4429183900356293,1.2697689533233643,0.35689225792884827
1,pose,29,-1,0.5186290740966797,1.299269676208496,0.44577208161354065
1,pose,30,-1,0.4445136785507202,1.3024346828460693,0.38378551602363586
1,pose,31,-1,0.5169124007225037,1.3531246185302734,0.2961070239543915
1,pose,32,-1,0.45199063420295715,1.3562731742858887,0.2099539190530777
2,hand,0,0,0.3882453739643097,0.8256155252456665,-2.636870810590608e-08
2,hand,1,0,0.4041384160518646,0.8392897844314575,-0.0013155400520190597
2,hand,2,0,0.41121378540992737,0.864212691783905,-0.001193258911371231
2,hand,3,0,0.4132099747657776,0.8876912593841553,-0.0005709661054424942
2,hand,4,0,0.4150429368019104,0.9048377871513367,0.0006427525077015162
2,hand,5,0,0.40208980441093445,0.8841911554336548,-0.0016583012184128165
2,hand,6,0,0.40726619958877563,0.9126873016357422,-0.0021588937379419804
2,hand,7,0,0.4118623435497284,0.9248982071876526,-0.0021933361422270536
2,hand,8,0,0.41608697175979614,0.93279629945755,-0.0018037179252132773
2,hand,9,0,0.3930549621582031,0.8870432376861572,-0.00086579704657197
2,hand,10,0,0.39968112111091614,0.916165292263031,-0.0009741145768202841
2,hand,11,0,0.40632253885269165,0.9243757128715515,-9.875247997115366e-06
2,hand,12,0,0.41112738847732544,0.9267510175704956,0.0010923811933025718
2,hand,13,0,0.38643208146095276,0.8858938813209534,-4.7208293835865334e-05
2,hand,14,0,0.3921208679676056,0.9129237532615662,0.00038701927405782044
2,hand,15,0,0.39814525842666626,0.9199540615081787,0.002246668329462409
2,hand,16,0,0.4025173485279083,0.9212723970413208,0.0038695824332535267
2,hand,17,0,0.3820596933364868,0.8820910453796387,0.0005900004762224853
2,hand,18,0,0.38466230034828186,0.903498113155365,0.0020507527515292168
2,hand,19,0,0.3895520269870758,0.9110107421875,0.0041365791112184525
2,hand,20,0,0.3934827446937561,0.9126219153404236,0.005970465950667858
2,hand,0,1,0.5498718023300171,0.8268052935600281,1.1747739137035751e-07
2,hand,1,1,0.5347115993499756,0.8359121084213257,-0.006056973244994879
2,hand,2,1,0.5267942547798157,0.8594269156455994,-0.007468502037227154
2,hand,3,1,0.5215249061584473,0.8820272088050842,-0.007298333570361137
2,hand,4,1,0.5144674181938171,0.8977122902870178,-0.00645556440576911
2,hand,5,1,0.5379635691642761,0.8879231810569763,-0.0038847681134939194
2,hand,6,1,0.5319072604179382,0.9162063598632812,-0.0038715337868779898
2,hand,7,1,0.526286780834198,0.9270431995391846,-0.004090641159564257
2,hand,8,1,0.5215188264846802,0.9336982369422913,-0.004060613922774792
2,hand,9,1,0.5454620718955994,0.889711856842041,7.383290358120576e-05
2,hand,10,1,0.5385814309120178,0.9170138835906982,0.0015061517478898168
2,hand,11,1,0.5319371819496155,0.9267702698707581,0.002204078948125243
2,hand,12,1,0.5264033675193787,0.931451141834259,0.002527369186282158
2,hand,13,1,0.5501906871795654,0.8870282769203186,0.0036879016552120447
2,hand,14,1,0.5440284013748169,0.9093284606933594,0.005741468630731106
2,hand,15,1,0.5380612015724182,0.9169823527336121,0.006608112715184689
2,hand,16,1,0.5328509211540222,0.9212110638618469,0.006716785952448845
2,hand,17,1,0.552347719669342,0.8825197815895081,0.006657051388174295
2,hand,18,1,0.5473318099975586,0.899762749671936,0.008625345304608345
2,hand,19,1,0.5424135327339172,0.9054396152496338,0.00995216891169548
2,hand,20,1,0.5383461117744446,0.9073038101196289,0.010859234258532524
2,pose,0,-1,0.4677024781703949,0.20808807015419006,-0.4489752948284149
2,pose,1,-1,0.4782748222351074,0.1823316067457199,-0.4273906648159027
2,pose,2,-1,0.4842888116836548,0.18262608349323273,-0.427476704120636
2,pose,3,-1,0.48990684747695923,0.18329578638076782,-0.4275358319282532
2,pose,4,-1,0.4596356749534607,0.18297584354877472,-0.42599785327911377
2,pose,5,-1,0.45374974608421326,0.18381652235984802,-0.4261055588722229
2,pose,6,-1,0.44873905181884766,0.18519291281700134,-0.4262704849243164
2,pose,7,-1,0.498831570148468,0.19656848907470703,-0.2834630310535431
2,pose,8,-1,0.44406425952911377,0.20120638608932495,-0.27725622057914734
2,pose,9,-1,0.48064613342285156,0.2406301647424698,-0.39491522312164307
2,pose,10,-1,0.45792844891548157,0.24296513199806213,-0.39302197098731995
2,pose,11,-1,0.5518084764480591,0.38222724199295044,-0.1899387091398239
2,pose,12,-1,0.39870354533195496,0.383012056350708,-0.1975669115781784
2,pose,13,-1,0.5607029795646667,0.6107394695281982,-0.13278809189796448
2,pose,14,-1,0.3841190040111542,0.6115577816963196,-0.17142030596733093
2,pose,15,-1,0.553185760974884,0.8132585883140564,-0.28125250339508057
2,pose,16,-1,0.3928646743297577,0.8151209950447083,-0.30834415555000305
2,pose,17,-1,0.5527564883232117,0.8727890849113464,-0.33612528443336487
2,pose,18,-1,0.39454951882362366,0.8793074488639832,-0.35750266909599304
2,pose,19,-1,0.540025532245636,0.8705733418464661,-0.3723383843898773
2,pose,20,-1,0.4066551923751831,0.8762603402137756,-0.3956748843193054
2,pose,21,-1,0.5366349816322327,0.8537200093269348,-0.2980586886405945
2,pose,22,-1,0.4091131091117859,0.8556883931159973,-0.32555121183395386
2,pose,23,-1,0.5165315270423889,0.7772191762924194,0.009975437074899673
2,pose,24,-1,0.43134820461273193,0.7886168956756592,-0.009716716594994068
2,pose,25,-1,0.5043884515762329,1.0167323350906372,0.0154528534039855
2,pose,26,-1,0.44853630661964417,1.0216436386108398,0.03567007556557655
2,pose,27,-1,0.5187169313430786,1.2728962898254395,0.4244914650917053
2,pose,28,-1,0.44361433386802673,1.2790608406066895,0.3570696711540222
2,pose,29,-1,0.5188401341438293,1.3011945486068726,0.45988544821739197
2,pose,30,-1,0.4460252821445465,1.3079700469970703,0.3843313157558441
2,pose,31,-1,0.516333818435669,1.3638309240341187,0.31630939245224
2,pose,32,-1,0.4527910053730011,1.3660833835601807,0.21002326905727386
3,hand,0,0,0.38955479860305786,0.8256215453147888,-1.7455827006074287e-08
3,hand,1,0,0.40519097447395325,0.838335394859314,-0.0012554909335449338
3,hand,2,0,0.41220614314079285,0.8626893162727356,-0.001093973871320486
3,hand,3,0,0.41406822204589844,0.8864849805831909,-0.00035700786975212395
3,hand,4,0,0.41638943552970886,0.9040812253952026,0.0010287505574524403
3,hand,5,0,0.40302079916000366,0.883209228515625,-0.0015362342819571495
3,hand,6,0,0.4082092046737671,0.9124258756637573,-0.0014570392668247223
3,hand,7,0,0.41298067569732666,0.9238914251327515,-0.000947802618611604
3,hand,8,0,0.41738417744636536,0.9309219717979431,-0.0001813278504414484
3,hand,9,0,0.3942693769931793,0.8855025768280029,-0.00055299251107499
3,hand,10,0,0.40074917674064636,0.9152008295059204,-0.00020367850083857775
3,hand,11,0,0.4074353277683258,0.922773003578186,0.0012096461141481996
3,hand,12,0,0.41223275661468506,0.9247028827667236,0.002589627867564559
3,hand,13,0,0.387782484292984,0.8838663697242737,0.0004868028045166284
3,hand,14,0,0.3932662010192871,0.9115212559700012,0.0011993545340374112
3,hand,15,0,0.3995266854763031,0.9175137281417847,0.00327078765258193
3,hand,16,0,0.40390512347221375,0.9180562496185303,0.005019546020776033
3,hand,17,0,0.38334473967552185,0.8800346255302429,0.001397142419591546
3,hand,18,0,0.386036217212677,0.9024055004119873,0.0032051815651357174
3,hand,19,0,0.39137348532676697,0.9091728329658508,0.005510583054274321
3,hand,20,0,0.39537253975868225,0.910004734992981,0.00744201336055994
3,hand,0,1,0.5489104390144348,0.8279502987861633,1.306871979522839e-07
3,hand,1,1,0.5339187979698181,0.8363680243492126,-0.006761507131159306
3,hand,2,1,0.5258902311325073,0.8594282269477844,-0.008591807447373867
3,hand,3,1,0.5202048420906067,0.8821166753768921,-0.008684767410159111
3,hand,4,1,0.5129697918891907,0.8981564044952393,-0.008157714270055294
3,hand,5,1,0.537260115146637,0.8881467580795288,-0.004808745812624693
3,hand,6,1,0.5309574007987976,0.917100191116333,-0.004737908951938152
3,hand,7,1,0.5252262353897095,0.9280428886413574,-0.004778198432177305
3,hand,8,1,0.5203695297241211,0.9342673420906067,-0.004577912390232086
3,hand,9,1,0.5448185801506042,0.8900365829467773,-0.0005433714250102639
3,hand,10,1,0.5376110076904297,0.9186798930168152,0.000807964475825429
3,hand,11,1,0.5307679176330566,0.9287266731262207,0.0015474016545340419
3,hand,12,1,0.5250047445297241,0.9328538775444031,0.002014459576457739
3,hand,13,1,0.5497109293937683,0.887285590171814,0.0033708910923451185
3,hand,14,1,0.5435621738433838,0.9108004570007324,0.005368432961404324
3,hand,15,1,0.5372527241706848,0.9191178679466248,0.006130473222583532
3,hand,16,1,0.5317360758781433,0.9232379198074341,0.0062182885594666
3,hand,17,1,0.5521735548973083,0.8824558258056641,0.006611187476664782
3,hand,18,1,0.5474869012832642,0.9005534052848816,0.008503326214849949
3,hand,19,1,0.542433500289917,0.9066097140312195,0.009745895862579346
3,hand,20,1,0.5381671190261841,0.9085085391998291,0.010605089366436005
3,pose,0,-1,0.4673626124858856,0.20874741673469543,-0.4389491379261017
3,pose,1,-1,0.47791269421577454,0.18321450054645538,-0.41870972514152527
3,pose,2,-1,0.48420846462249756,0.18357022106647491,-0.41880348324775696
3,pose,3,-1,0.4898519515991211,0.18427705764770508,-0.4188707172870636
3,pose,4,-1,0.45913806557655334,0.18365982174873352,-0.41634878516197205
3,pose,5,-1,0.45319902896881104,0.1844286173582077,-0.4164612889289856
3,pose,6,-1,0.44832223653793335,0.18559321761131287,-0.41662392020225525
3,pose,7,-1,0.498779833316803,0.19686952233314514,-0.27772724628448486
3,pose,8,-1,0.44406843185424805,0.2011125385761261,-0.2682412266731262
3,pose,9,-1,0.48061513900756836,0.2417306751012802,-0.3857622444629669
3,pose,10,-1,0.4577273428440094,0.24344632029533386,-0.38273778557777405
3,pose,11,-1,0.5517691969871521,0.3819929361343384,-0.18627141416072845
3,pose,12,-1,0.3985098600387573,0.3833455741405487,-0.189287468791008
3,pose,13,-1,0.5608904361724854,0.6106993556022644,-0.12767857313156128
3,pose,14,-1,0.38411828875541687,0.6117439270019531,-0.1621985137462616
3,pose,15,-1,0.5527703166007996,0.8150647282600403,-0.2736055552959442
3,pose,16,-1,0.3929091989994049,0.8156020045280457,-0.29633939266204834
3,pose,17,-1,0.5525290369987488,0.8746398091316223,-0.3288761079311371
3,pose,18,-1,0.39425259828567505,0.8796490430831909,-0.3452497720718384
3,pose,19,-1,0.5396944284439087,0.8720879554748535,-0.3669140934944153
3,pose,20,-1,0.406672865152359,0.877774178981781,-0.3820757567882538
3,pose,21,-1,0.5362406969070435,0.8540725708007812,-0.29044198989868164
3,pose,22,-1,0.40963539481163025,0.8564331531524658,-0.31298020482063293
3,pose,23,-1,0.5163785219192505,0.7809463739395142,0.009412708692252636
3,pose,24,-1,0.43174123764038086,0.792000412940979,-0.009224544279277325
3,pose,25,-1,0.50394207239151,1.017651081085205,0.013074696063995361
3,pose,26,-1,0.4483531713485718,1.0248392820358276,0.03168558329343796
3,pose,27,-1,0.5181732773780823,1.2734273672103882,0.4250029921531677
3,pose,28,-1,0.4436119794845581,1.2793556451797485,0.3438476324081421
3,pose,29,-1,0.5186614394187927,1.3008852005004883,0.4608710706233978
3,pose,30,-1,0.4461590051651001,1.3078017234802246,0.3711983263492584
3,pose,31,-1,0.5136536359786987,1.365675926208496,0.3225325345993042
3,pose,32,-1,0.45259371399879456,1.3663017749786377,0.20001175999641418
4,hand,0,0,0.38897064328193665,0.8256542086601257,-1.0247626747172944e-08
4,hand,1,0,0.40526530146598816,0.8371416330337524,-0.0021361052058637142
4,hand,2,0,0.412605881690979,0.8596577048301697,-0.0025115804746747017
4,hand,3,0,0.41465598344802856,0.8835446834564209,-0.002185012446716428
4,hand,4,0,0.4170345067977905,0.9016767144203186,-0.001225765678100288
4,hand,5,0,0.4033239781856537,0.8820564150810242,-0.002324905712157488
4,hand,6,0,0.40935832262039185,0.9108150005340576,-0.0021399627439677715
4,hand,7,0,0.4141087234020233,0.9221144318580627,-0.0017046466236934066
4,hand,8,0,0.4183911383152008,0.929390549659729,-0.0011208446230739355
4,hand,9,0,0.39431115984916687,0.8846907019615173,-0.0010313312523066998
4,hand,10,0,0.40185546875,0.9135155081748962,-0.000685166975017637
4,hand,11,0,0.4087669551372528,0.9218012094497681,0.00038798057357780635
4,hand,12,0,0.41379454731941223,0.9246295094490051,0.0013792862882837653
4,hand,13,0,0.38791632652282715,0.8829964995384216,0.00030197258456610143
4,hand,14,0,0.3940451443195343,0.9099356532096863,0.0009252129239030182
4,hand,15,0,0.40033265948295593,0.9171438217163086,0.002678638556972146
4,hand,16,0,0.40500408411026,0.9188514351844788,0.004104542545974255
4,hand,17,0,0.3836439549922943,0.8791515231132507,0.0014499035896733403
4,hand,18,0,0.38661402463912964,0.9010285139083862,0.0029455574695020914
4,hand,19,0,0.39185962080955505,0.9086126685142517,0.00496704550459981
4,hand,20,0,0.39608559012413025,0.9105908274650574,0.006665315479040146
4,hand,0,1,0.5477253794670105,0.8271298408508301,1.2533661220004433e-07
4,hand,1,1,0.5329099893569946,0.83624267578125,-0.0067588090896606445
4,hand,2,1,0.5248129367828369,0.8595271110534668,-0.008544894866645336
4,hand,3,1,0.5191620588302612,0.8823155164718628,-0.008703659288585186
4,hand,4,1,0.5122168064117432,0.8989094495773315,-0.00829944759607315
4,hand,5,1,0.5359843373298645,0.8879775404930115,-0.0038141366094350815
4,hand,6,1,0.5303324460983276,0.9162167906761169,-0.003444088390097022
4,hand,7,1,0.5249121785163879,0.9275112152099609,-0.003581408178433776
4,hand,8,1,0.520315408706665,0.9342513680458069,-0.003556410316377878
4,hand,9,1,0.5436459183692932,0.889398992061615,0.0003295540518593043
4,hand,10,1,0.5375626087188721,0.917165219783783,0.0021697194315493107
4,hand,11,1,0.5313035845756531,0.9275801777839661,0.0027393000200390816
4,hand,12,1,0.5260344743728638,0.9322858452796936,0.002893830416724086
4,hand,13,1,0.5488089919090271,0.886047899723053,0.004042872693389654
4,hand,14,1,0.5436278581619263,0.9090598821640015,0.006376486271619797
4,hand,15,1,0.5376917719841003,0.9179009199142456,0.006981523707509041
4,hand,16,1,0.5325119495391846,0.9225836396217346,0.006791866850107908
4,hand,17,1,0.5516020655632019,0.8806259632110596,0.007055226247757673
4,hand,18,1,0.5477463006973267,0.8985888361930847,0.009148061275482178
4,hand,19,1,0.543117344379425,0.9050815105438232,0.01035288441926241
4,hand,20,1,0.5391882658004761,0.9073630571365356,0.01104576326906681
4,pose,0,-1,0.46685168147087097,0.20920303463935852,-0.4271683096885681
4,pose,1,-1,0.4773921072483063,0.1837487816810608,-0.40678516030311584
4,pose,2,-1,0.48395535349845886,0.18419517576694489,-0.40688356757164
4,pose,3,-1,0.4897061586380005,0.1849866360425949,-0.4069516062736511
4,pose,4,-1,0.45850199460983276,0.18393908441066742,-0.40333545207977295
4,pose,5,-1,0.45247966051101685,0.18464221060276031,-0.40342843532562256
4,pose,6,-1,0.4478578567504883,0.18568336963653564,-0.40358683466911316
4,pose,7,-1,0.49872317910194397,0.19730934500694275,-0.2675040364265442
4,pose,8,-1,0.44406944513320923,0.20099656283855438,-0.25254836678504944
4,pose,9,-1,0.4804433286190033,0.24247094988822937,-0.37501925230026245
4,pose,10,-1,0.4573696255683899,0.2437354177236557,-0.3705187737941742
4,pose,11,-1,0.5517686009407043,0.3821214437484741,-0.18239948153495789
4,pose,12,-1,0.3984706699848175,0.3834306597709656,-0.17517895996570587
4,pose,13,-1,0.5613400936126709,0.6108874678611755,-0.12790732085704803
4,pose,14,-1,0.38408517837524414,0.6117321252822876,-0.15010108053684235
4,pose,15,-1,0.552036464214325,0.8169620633125305,-0.27483466267585754
4,pose,16,-1,0.3929104804992676,0.815535843372345,-0.2885945737361908
4,pose,17,-1,0.5518597364425659,0.8765596151351929,-0.32986360788345337
4,pose,18,-1,0.393924742937088,0.879470705986023,-0.33821675181388855
4,pose,19,-1,0.5388019680976868,0.8736625909805298,-0.36704161763191223
4,pose,20,-1,0.4067677855491638,0.8777554631233215,-0.3752247393131256
4,pose,21,-1,0.5352088809013367,0.8546996712684631,-0.29158109426498413
4,pose,22,-1,0.410264790058136,0.8564164042472839,-0.3056318163871765
4,pose,23,-1,0.516093373298645,0.7839192748069763,0.007903059013187885
4,pose,24,-1,0.431718647480011,0.7933272123336792,-0.007766622584313154
4,pose,25,-1,0.5039333701133728,1.017757773399353,0.0049167294055223465
4,pose,26,-1,0.44788283109664917,1.0247479677200317,0.02928224392235279
4,pose,27,-1,0.5174888372421265,1.2755351066589355,0.42440855503082275
4,pose,28,-1,0.443231463432312,1.2808911800384521,0.34194719791412354
4,pose,29,-1,0.5183173418045044,1.3012365102767944,0.4605318307876587
4,pose,30,-1,0.4458177983760834,1.3085441589355469,0.3696741759777069
4,pose,31,-1,0.5116122364997864,1.3688396215438843,0.32121536135673523
4,pose,32,-1,0.45240989327430725,1.3681029081344604,0.1974552422761917
5,hand,0,0,0.39039793610572815,0.8245007395744324,-1.3196767234546769e-08
5,hand,1,0,0.4060003459453583,0.8362968564033508,-0.0021317806094884872
5,hand,2,0,0.41293397545814514,0.859748363494873,-0.002569968346506357
5,hand,3,0,0.41475510597229004,0.8836315870285034,-0.002216047840192914
5,hand,4,0,0.4169963002204895,0.9012241959571838,-0.0012611264828592539
5,hand,5,0,0.4029023349285126,0.879980742931366,-0.0035522053949534893
5,hand,6,0,0.40845993161201477,0.9094849824905396,-0.0038350201211869717
5,hand,7,0,0.4134262204170227,0.9209874868392944,-0.003447094466537237
5,hand,8,0,0.4179213047027588,0.9281392097473145,-0.002798614092171192
5,hand,9,0,0.3940221071243286,0.8824264407157898,-0.002260953653603792
5,hand,10,0,0.4010183811187744,0.912192702293396,-0.002319126622751355
5,hand,11,0,0.40804025530815125,0.9203161001205444,-0.0011101032141596079
5,hand,12,0,0.41315627098083496,0.9227051734924316,5.969536869088188e-05
5,hand,13,0,0.3878309428691864,0.8809382915496826,-0.0008660682942718267
5,hand,14,0,0.3937026858329773,0.9083312749862671,-0.0005028137820772827
5,hand,15,0,0.4003088176250458,0.9153176546096802,0.001271352986805141
5,hand,16,0,0.4052196145057678,0.9164915680885315,0.002772020408883691
5,hand,17,0,0.38393834233283997,0.8774920701980591,0.00036118185380473733
5,hand,18,0,0.38706156611442566,0.8994271755218506,0.0015314790653064847
5,hand,19,0,0.39268574118614197,0.9067049026489258,0.0033569997176527977
5,hand,20,0,0.3972145617008209,0.9083502292633057,0.004967049229890108
5,hand,0,1,0.5468917489051819,0.827552080154419,1.2907715074561565e-07
5,hand,1,1,0.5319721102714539,0.8367023468017578,-0.00567252654582262
5,hand,2,1,0.5240545272827148,0.8593841195106506,-0.00743513461202383
5,hand,3,1,0.5183008909225464,0.8825563788414001,-0.007805247791111469
5,hand,4,1,0.5113762021064758,0.8988329768180847,-0.007671122904866934
5,hand,5,1,0.5348604321479797,0.8874142169952393,-0.0038214365486055613
5,hand,6,1,0.5291412472724915,0.9164848923683167,-0.0038448062259703875
5,hand,7,1,0.5240076780319214,0.9282189607620239,-0.004040911328047514
5,hand,8,1,0.5195744633674622,0.9353643655776978,-0.0039837416261434555
5,hand,9,1,0.5428932309150696,0.88919997215271,-0.0003804503649007529
5,hand,10,1,0.5364858508110046,0.918184220790863,0.0008964872104115784
5,hand,11,1,0.5301223993301392,0.9289688467979431,0.0015204873634502292
5,hand,12,1,0.5247208476066589,0.9342418909072876,0.00184242008253932
5,hand,13,1,0.5484266877174377,0.8862083554267883,0.002751370659098029
5,hand,14,1,0.5427919626235962,0.9105404615402222,0.004581374116241932
5,hand,15,1,0.5365591049194336,0.9194793105125427,0.005406674463301897
5,hand,16,1,0.5311635136604309,0.9238132834434509,0.005491267889738083
5,hand,17,1,0.5515754818916321,0.8810790777206421,0.005300262942910194
5,hand,18,1,0.5472533702850342,0.8995999097824097,0.007052014581859112
5,hand,19,1,0.5421915054321289,0.9054182767868042,0.008474082686007023
5,hand,20,1,0.5379836559295654,0.9068552851676941,0.009435363113880157
5,pose,0,-1,0.4663510322570801,0.20952817797660828,-0.4253156781196594
5,pose,1,-1,0.47687578201293945,0.18410971760749817,-0.40470263361930847
5,pose,2,-1,0.48361390829086304,0.18460673093795776,-0.404802143573761
5,pose,3,-1,0.4895000159740448,0.18544581532478333,-0.40487587451934814
5,pose,4,-1,0.45805245637893677,0.18415309488773346,-0.4013732969760895
5,pose,5,-1,0.45203718543052673,0.1848076581954956,-0.4014661908149719
5,pose,6,-1,0.44755110144615173,0.1857621669769287,-0.4016294777393341
5,pose,7,-1,0.49860164523124695,0.19766859710216522,-0.2658551037311554
5,pose,8,-1,0.4440784454345703,0.20087017118930817,-0.2511518597602844
5,pose,9,-1,0.4801737368106842,0.24286796152591705,-0.3734307289123535
5,pose,10,-1,0.4570719599723816,0.2438598871231079,-0.3690238893032074
5,pose,11,-1,0.5516898036003113,0.3822299838066101,-0.18313509225845337
5,pose,12,-1,0.3983409106731415,0.3836466670036316,-0.17406369745731354
5,pose,13,-1,0.5614463090896606,0.610901415348053,-0.12942837178707123
5,pose,14,-1,0.3841093182563782,0.6117808818817139,-0.14794139564037323
5,pose,15,-1,0.5513423085212708,0.817693829536438,-0.28233858942985535
5,pose,16,-1,0.39293593168258667,0.8153011202812195,-0.2856460511684418
5,pose,17,-1,0.5514019131660461,0.877349317073822,-0.3400285542011261
5,pose,18,-1,0.39384937286376953,0.8789392113685608,-0.33527547121047974
5,pose,19,-1,0.5379148721694946,0.8746757507324219,-0.37806808948516846
5,pose,20,-1,0.4068138003349304,0.8777353167533875,-0.37251046299934387
5,pose,21,-1,0.5339189171791077,0.8553863763809204,-0.2993665039539337
5,pose,22,-1,0.41058385372161865,0.856180727481842,-0.3028763234615326
5,pose,23,-1,0.5160512328147888,0.7846881151199341,0.006192020606249571
5,pose,24,-1,0.431718647480011,0.7936501502990723,-0.006085414905101061
5,pose,25,-1,0.5038928389549255,1.0177383422851562,0.0034379952121526003
5,pose,26,-1,0.4477100372314453,1.024133563041687,0.02954903431236744
5,pose,27,-1,0.5170413851737976,1.2764344215393066,0.42380210757255554
5,pose,28,-1,0.44289252161979675,1.280906081199646,0.3428439795970917
5,pose,29,-1,0.5180294513702393,1.3014330863952637,0.45968788862228394
5,pose,30,-1,0.44549471139907837,1.3085495233535767,0.3705684244632721
5,pose,31,-1,0.5106393098831177,1.3692946434020996,0.319137841463089
5,pose,32,-1,0.4522448778152466,1.3677456378936768,0.1981637328863144
6,hand,0,0,0.38937512040138245,0.8233935832977295,-1.6313656203692517e-08
6,hand,1,0,0.40540167689323425,0.8351256251335144,-0.0031233353074640036
6,hand,2,0,0.41224828362464905,0.8584268093109131,-0.0038781946059316397
6,hand,3,0,0.4140966534614563,0.8822295665740967,-0.003775604534894228
6,hand,4,0,0.4164735674858093,0.9002883434295654,-0.003048516111448407
6,hand,5,0,0.40167132019996643,0.8796153664588928,-0.003263323102146387
6,hand,6,0,0.40749531984329224,0.9084071516990662,-0.003929725382477045
6,hand,7,0,0.4128776788711548,0.9200746417045593,-0.004197734873741865
6,hand,8,0,0.41771262884140015,0.9274739623069763,-0.004042232409119606
6,hand,9,0,0.3929002285003662,0.88206946849823,-0.001730966498143971
6,hand,10,0,0.400143563747406,0.9106977581977844,-0.00196988508105278
6,hand,11,0,0.40764275193214417,0.9197306632995605,-0.0014611886581405997
6,hand,12,0,0.41326287388801575,0.9230127930641174,-0.000878171413205564
6,hand,13,0,0.38706693053245544,0.8805114030838013,-0.0002888644521590322
6,hand,14,0,0.3933101296424866,0.9072399735450745,-0.0003376480599399656
6,hand,15,0,0.4001658856868744,0.914958119392395,0.0008265513461083174
6,hand,16,0,0.40536385774612427,0.9169895648956299,0.0019013747805729508
6,hand,17,0,0.3836209774017334,0.8773099184036255,0.0008875096100382507
6,hand,18,0,0.3872528672218323,0.8987188339233398,0.001472136122174561
6,hand,19,0,0.3928755521774292,0.9069656133651733,0.0028478275053203106
6,hand,20,0,0.3973608613014221,0.9098743200302124,0.004174619447439909
6,hand,0,1,0.5455548763275146,0.8278292417526245,1.168032497389504e-07
6,hand,1,1,0.5309895873069763,0.8369970917701721,-0.0056719365529716015
6,hand,2,1,0.5228366255760193,0.8602737784385681,-0.007100036833435297
6,hand,3,1,0.517130434513092,0.8832849264144897,-0.006959354504942894
6,hand,4,1,0.5105001330375671,0.8992406129837036,-0.0063173118978738785
6,hand,5,1,0.5335111618041992,0.8878971934318542,-0.004726155195385218
6,hand,6,1,0.5281976461410522,0.9166862368583679,-0.004364140797406435
6,hand,7,1,0.5232480764389038,0.9278967976570129,-0.004226840566843748
6,hand,8,1,0.5189136266708374,0.9346998929977417,-0.003963793627917767
6,hand,9,1,0.541695237159729,0.8890377283096313,-0.0010269342456012964
6,hand,10,1,0.5362659096717834,0.9175339341163635,0.0008084246073849499
6,hand,11,1,0.5300737619400024,0.9276264905929565,0.0017934668576344848
6,hand,12,1,0.524946928024292,0.931801438331604,0.0021968937944620848
6,hand,13,1,0.5475199818611145,0.8853184580802917,0.0024640047922730446
6,hand,14,1,0.5428038835525513,0.908129870891571,0.004629518836736679
6,hand,15,1,0.5367572903633118,0.9134276509284973,0.00548913050442934
6,hand,16,1,0.5317214131355286,0.9142560362815857,0.0055020516738295555
6,hand,17,1,0.5508577227592468,0.8799631595611572,0.005402887240052223
6,hand,18,1,0.5468333959579468,0.8974860310554504,0.007236436475068331
6,hand,19,1,0.5420324802398682,0.9001248478889465,0.008541739545762539
6,hand,20,1,0.5382576584815979,0.8985887765884399,0.009378427639603615
6,pose,0,-1,0.4662497639656067,0.20999422669410706,-0.4088505506515503
6,pose,1,-1,0.47675657272338867,0.18451111018657684,-0.38781246542930603
6,pose,2,-1,0.4835520088672638,0.18504756689071655,-0.38792645931243896
6,pose,3,-1,0.4894494116306305,0.18589448928833008,-0.3880019187927246
6,pose,4,-1,0.45796820521354675,0.1845017820596695,-0.3849245607852936
6,pose,5,-1,0.4519691467285156,0.18513229489326477,-0.385000079870224
6,pose,6,-1,0.44746264815330505,0.18600928783416748,-0.38516515493392944
6,pose,7,-1,0.49857085943222046,0.198128342628479,-0.24979759752750397
6,pose,8,-1,0.4441048502922058,0.2008320391178131,-0.23670098185539246
6,pose,9,-1,0.48013895750045776,0.2434079498052597,-0.35753488540649414
6,pose,10,-1,0.4570201337337494,0.24432873725891113,-0.35355380177497864
6,pose,11,-1,0.5514279007911682,0.3824612498283386,-0.17147088050842285
6,pose,12,-1,0.398250013589859,0.3836118280887604,-0.16238443553447723
6,pose,13,-1,0.5616362690925598,0.610858678817749,-0.1262926459312439
6,pose,14,-1,0.38410812616348267,0.6115891933441162,-0.13624247908592224
6,pose,15,-1,0.5509006381034851,0.817767322063446,-0.2822655737400055
6,pose,16,-1,0.3929571807384491,0.8145454525947571,-0.27371087670326233
6,pose,17,-1,0.5511935949325562,0.8774775862693787,-0.34007930755615234
6,pose,18,-1,0.39376208186149597,0.8777871131896973,-0.3233996331691742
6,pose,19,-1,0.537364661693573,0.8749783635139465,-0.3780133128166199
6,pose,20,-1,0.4068279266357422,0.8774095177650452,-0.36140984296798706
6,pose,21,-1,0.533166766166687,0.8555313944816589,-0.29934364557266235
6,pose,22,-1,0.41073355078697205,0.8553368449211121,-0.29122135043144226
6,pose,23,-1,0.5159909725189209,0.7861974835395813,0.005707382690161467
6,pose,24,-1,0.431688517332077,0.7942976355552673,-0.005569672677665949
6,pose,25,-1,0.5039607286453247,1.0174357891082764,0.004419095814228058
6,pose,26,-1,0.4475911259651184,1.0240614414215088,0.03545928746461868
6,pose,27,-1,0.5164599418640137,1.2762435674667358,0.42192190885543823
6,pose,28,-1,0.4425579011440277,1.2793924808502197,0.34588104486465454
6,pose,29,-1,0.5173978209495544,1.301369309425354,0.45817267894744873
6,pose,30,-1,0.44476544857025146,1.3065868616104126,0.3741971552371979
6,pose,31,-1,0.5099009871482849,1.3687379360198975,0.31756865978240967
6,pose,32,-1,0.4522472321987152,1.3647983074188232,0.20546133816242218
7,hand,0,0,0.3883071541786194,0.8220707178115845,-1.3415983879383475e-08
7,hand,1,0,0.40419793128967285,0.8338531851768494,-0.0033706682734191418
7,hand,2,0,0.4111422896385193,0.8576258420944214,-0.0041236598044633865
7,hand,3,0,0.4129582941532135,0.8816796541213989,-0.0038237201515585184
7,hand,4,0,0.4154807925224304,0.8997619152069092,-0.0028672858607023954
7,hand,5,0,0.40037989616394043,0.8785065412521362,-0.004201430361717939
7,hand,6,0,0.4061441719532013,0.9079046249389648,-0.004285897593945265
7,hand,7,0,0.41136831045150757,0.9198195338249207,-0.003979770932346582
7,hand,8,0,0.4160846769809723,0.9277026653289795,-0.0035175629891455173
7,hand,9,0,0.3915309011936188,0.880911648273468,-0.002230752492323518
7,hand,10,0,0.3986656367778778,0.9099131226539612,-0.0020820344798266888
7,hand,11,0,0.4061526954174042,0.9185844659805298,-0.0011177115375176072
7,hand,12,0,0.41174235939979553,0.9212050437927246,-0.0002558831183705479
7,hand,13,0,0.38584521412849426,0.8791701197624207,-0.00024143933842424303
7,hand,14,0,0.39168307185173035,0.9059528112411499,0.0001529799192212522
7,hand,15,0,0.3983331620693207,0.9136825203895569,0.0014728265814483166
7,hand,16,0,0.4034414291381836,0.9150599241256714,0.0025756414979696274
7,hand,17,0,0.382608026266098,0.8757300972938538,0.0014877903740853071
7,hand,18,0,0.38573944568634033,0.8966124653816223,0.002359743695706129
7,hand,19,0,0.39130890369415283,0.9051104784011841,0.003670209553092718
7,hand,20,0,0.3959640562534332,0.9077929258346558,0.004889713600277901
7,hand,0,1,0.5456981658935547,0.8269015550613403,1.1316329562305327e-07
7,hand,1,1,0.5303561091423035,0.835923433303833,-0.004453654866665602
7,hand,2,1,0.5215877294540405,0.8585236668586731,-0.005529164336621761
7,hand,3,1,0.516157329082489,0.881331741809845,-0.005353163927793503
7,hand,4,1,0.5104765295982361,0.8978456854820251,-0.004665284883230925
7,hand,5,1,0.5327314138412476,0.886680006980896,-0.003146948292851448
7,hand,6,1,0.5266104340553284,0.9148613810539246,-0.002605131361633539
7,hand,7,1,0.5214763879776001,0.9259637594223022,-0.0022861785255372524
7,hand,8,1,0.5172134637832642,0.9331285953521729,-0.001963952789083123
7,hand,9,1,0.5410338044166565,0.8883641362190247,-0.0002833282924257219
7,hand,10,1,0.5341892242431641,0.9162250757217407,0.0011280938051640987
7,hand,11,1,0.5273946523666382,0.9237993955612183,0.002116953954100609
7,hand,12,1,0.5220677256584167,0.9262589812278748,0.0026974088978022337
7,hand,13,1,0.5469189882278442,0.8850808143615723,0.002433307934552431
7,hand,14,1,0.5408796072006226,0.9088320136070251,0.004154212307184935
7,hand,15,1,0.5343258380889893,0.9148997664451599,0.005402000155299902
7,hand,16,1,0.529121458530426,0.9166561961174011,0.005839788354933262
7,hand,17,1,0.5503655076026917,0.8798254132270813,0.004712182562798262
7,hand,18,1,0.5454270839691162,0.8993645906448364,0.006502259988337755
7,hand,19,1,0.5400223731994629,0.9037511348724365,0.0083153760060668
7,hand,20,1,0.5359728336334229,0.9034645557403564,0.009583858773112297
7,pose,0,-1,0.4662530720233917,0.21057134866714478,-0.4178112745285034
7,pose,1,-1,0.4767621159553528,0.1848927140235901,-0.3965715765953064
7,pose,2,-1,0.4835665822029114,0.18549591302871704,-0.396666020154953
7,pose,3,-1,0.4894471764564514,0.18633897602558136,-0.39673998951911926
7,pose,4,-1,0.4579894244670868,0.18484510481357574,-0.39451172947883606
7,pose,5,-1,0.45203208923339844,0.18543630838394165,-0.3945932388305664
7,pose,6,-1,0.4474702477455139,0.1862737238407135,-0.3947601020336151
7,pose,7,-1,0.49856922030448914,0.19874843955039978,-0.2573614716529846
7,pose,8,-1,0.444236159324646,0.20082631707191467,-0.24756857752799988
7,pose,9,-1,0.48014289140701294,0.24437029659748077,-0.3658975660800934
7,pose,10,-1,0.45705610513687134,0.24517273902893066,-0.3629685640335083
7,pose,11,-1,0.5511839985847473,0.3829840123653412,-0.17478720843791962
7,pose,12,-1,0.3982398808002472,0.3836093842983246,-0.1716366708278656
7,pose,13,-1,0.5618565678596497,0.6111794710159302,-0.1275492161512375
7,pose,14,-1,0.38409623503685,0.610593318939209,-0.14580456912517548
7,pose,15,-1,0.5503870248794556,0.8187102675437927,-0.2847217917442322
7,pose,16,-1,0.39295947551727295,0.8135585784912109,-0.28417572379112244
7,pose,17,-1,0.5507880449295044,0.8789187073707581,-0.3430160582065582
7,pose,18,-1,0.39363232254981995,0.8768994808197021,-0.3333704173564911
7,pose,19,-1,0.5367286801338196,0.8768157958984375,-0.3818162977695465
7,pose,20,-1,0.40683987736701965,0.8770105838775635,-0.37227538228034973
7,pose,21,-1,0.5324231386184692,0.856864333152771,-0.3022494614124298
7,pose,22,-1,0.4108518362045288,0.854138970375061,-0.30192258954048157
7,pose,23,-1,0.515959620475769,0.7869013547897339,0.005712421610951424
7,pose,24,-1,0.4316689074039459,0.7945595383644104,-0.0055625345557928085
7,pose,25,-1,0.5043142437934875,1.0187337398529053,0.0029259216971695423
7,pose,26,-1,0.44744446873664856,1.0237833261489868,0.032470688223838806
7,pose,27,-1,0.516619861125946,1.2819290161132812,0.3977400064468384
7,pose,28,-1,0.4429110586643219,1.28342604637146,0.3318136930465698
7,pose,29,-1,0.5174652338027954,1.307425856590271,0.4304664433002472
7,pose,30,-1,0.44499772787094116,1.3108909130096436,0.3577292859554291
7,pose,31,-1,0.510644257068634,1.3718438148498535,0.2814798951148987
7,pose,32,-1,0.4530130624771118,1.368435263633728,0.18146754801273346
8,hand,0,0,0.38845741748809814,0.8210488557815552,-1.697357099317287e-08
8,hand,1,0,0.4035610556602478,0.8335568308830261,-0.0031070434488356113
8,hand,2,0,0.4098973572254181,0.857181191444397,-0.0039220452308654785
8,hand,3,0,0.4114845097064972,0.881079375743866,-0.0036846341099590063
8,hand,4,0,0.4137638807296753,0.8989216089248657,-0.002783715259283781
8,hand,5,0,0.3990430533885956,0.8771030902862549,-0.004780207294970751
8,hand,6,0,0.40481388568878174,0.907095193862915,-0.0051276725716888905
8,hand,7,0,0.41010451316833496,0.9190208315849304,-0.004789930302649736
8,hand,8,0,0.4149825870990753,0.9268186092376709,-0.004208399914205074
8,hand,9,0,0.3904546797275543,0.8795062899589539,-0.0029468927532434464
8,hand,10,0,0.39751359820365906,0.9095644950866699,-0.00310157029889524
8,hand,11,0,0.405048131942749,0.9182765483856201,-0.0020956413354724646
8,hand,12,0,0.41078388690948486,0.9206402897834778,-0.0011079825926572084
8,hand,13,0,0.3849237263202667,0.8779193758964539,-0.0010158277582377195
8,hand,14,0,0.39066165685653687,0.9053173661231995,-0.0007716806721873581
8,hand,15,0,0.39741456508636475,0.9130610823631287,0.0005794657045044005
8,hand,16,0,0.40271860361099243,0.9143045544624329,0.0017602172447368503
8,hand,17,0,0.381902813911438,0.8747180104255676,0.0006890299264341593
8,hand,18,0,0.3846305012702942,0.8960692882537842,0.0015826189192011952
8,hand,19,0,0.3901084363460541,0.9041187167167664,0.002948732813820243
8,hand,20,0,0.3948022425174713,0.9063490629196167,0.004227392375469208
8,hand,0,1,0.5439807176589966,0.8197742700576782,9.017448121539928e-08
8,hand,1,1,0.5298582315444946,0.8276978135108948,-0.004148800857365131
8,hand,2,1,0.520186722278595,0.8488749265670776,-0.005700810346752405
8,hand,3,1,0.5125964283943176,0.8692140579223633,-0.006060753017663956
8,hand,4,1,0.5073645710945129,0.8841453790664673,-0.005950298625975847
8,hand,5,1,0.5312901735305786,0.8744063377380371,-0.00675594387575984
8,hand,6,1,0.5230140686035156,0.9032704830169678,-0.008260183967649937
8,hand,7,1,0.5165671110153198,0.9140174388885498,-0.00861459318548441
8,hand,8,1,0.5116186141967773,0.9195324778556824,-0.00840016733855009
8,hand,9,1,0.5390307903289795,0.8784224987030029,-0.004564833361655474
8,hand,10,1,0.5300061106681824,0.9069485068321228,-0.0053639523684978485
8,hand,11,1,0.5223512649536133,0.9138814806938171,-0.00466031301766634
8,hand,12,1,0.5167707800865173,0.9153146743774414,-0.004017852246761322
8,hand,13,1,0.5442463159561157,0.877981424331665,-0.0023183266166597605
8,hand,14,1,0.5363881587982178,0.9034647941589355,-0.002598548773676157
8,hand,15,1,0.5289443731307983,0.9077519178390503,-0.0013984376564621925
8,hand,16,1,0.5236368775367737,0.907717764377594,-0.0005660122842527926
8,hand,17,1,0.5470091104507446,0.8749773502349854,-0.00035979680251330137
8,hand,18,1,0.5402994155883789,0.8967345356941223,6.0937629314139485e-05
8,hand,19,1,0.5341558456420898,0.90108722448349,0.001805744832381606
8,hand,20,1,0.529891312122345,0.9002423286437988,0.003257604083046317
8,pose,0,-1,0.466257244348526,0.210945725440979,-0.4160354733467102
8,pose,1,-1,0.47676727175712585,0.18518422544002533,-0.3944568932056427
8,pose,2,-1,0.48357295989990234,0.18581420183181763,-0.39456114172935486
8,pose,3,-1,0.4894450008869171,0.18663275241851807,-0.394615113735199
8,pose,4,-1,0.4579963982105255,0.1850961446762085,-0.3924984335899353
8,pose,5,-1,0.4520455002784729,0.18564628064632416,-0.3925624489784241
8,pose,6,-1,0.4474714994430542,0.18643923103809357,-0.3927178680896759
8,pose,7,-1,0.4985349476337433,0.19899144768714905,-0.25218623876571655
8,pose,8,-1,0.44429609179496765,0.20080235600471497,-0.24279378354549408
8,pose,9,-1,0.48015454411506653,0.24474318325519562,-0.36286619305610657
8,pose,10,-1,0.45706966519355774,0.24544931948184967,-0.36002904176712036
8,pose,11,-1,0.5511153340339661,0.3829698860645294,-0.1660281866788864
8,pose,12,-1,0.39829763770103455,0.38355132937431335,-0.16462193429470062
8,pose,13,-1,0.5624821186065674,0.6109902858734131,-0.11817546933889389
8,pose,14,-1,0.38413575291633606,0.6096940040588379,-0.13200587034225464
8,pose,15,-1,0.549446165561676,0.8181504607200623,-0.28146979212760925
8,pose,16,-1,0.3929199278354645,0.8130521178245544,-0.27097073197364807
8,pose,17,-1,0.5493583083152771,0.8784591555595398,-0.3418245315551758
8,pose,18,-1,0.3933524489402771,0.8758047223091125,-0.3212270438671112
8,pose,19,-1,0.53476881980896,0.8760035634040833,-0.38156911730766296
8,pose,20,-1,0.40675610303878784,0.8764160871505737,-0.36209672689437866
8,pose,21,-1,0.5305450558662415,0.8558874130249023,-0.2994972765445709
8,pose,22,-1,0.4108409583568573,0.8535115718841553,-0.2895554304122925
8,pose,23,-1,0.5160931348800659,0.7867721319198608,0.005756620783358812
8,pose,24,-1,0.431864470243454,0.7943812012672424,-0.00559526402503252
8,pose,25,-1,0.504903256893158,1.019486427307129,-0.006861002184450626
8,pose,26,-1,0.4474508464336395,1.0233272314071655,0.03246359899640083
8,pose,27,-1,0.5168290734291077,1.283265471458435,0.3968799412250519
8,pose,28,-1,0.44301027059555054,1.2830910682678223,0.33766305446624756
8,pose,29,-1,0.5177582502365112,1.3089828491210938,0.4307585060596466
8,pose,30,-1,0.445035457611084,1.3108055591583252,0.36490121483802795
8,pose,31,-1,0.5107426643371582,1.372322678565979,0.28181591629981995
8,pose,32,-1,0.4535423219203949,1.3681615591049194,0.18642185628414154
9,hand,0,0,0.3876480162143707,0.8198217153549194,-2.3009359750858493e-08
9,hand,1,0,0.4028894603252411,0.832102358341217,-0.0027026755269616842
9,hand,2,0,0.40916624665260315,0.8564303517341614,-0.0031996231991797686
9,hand,3,0,0.4108978509902954,0.8801186084747314,-0.0029434366151690483
9,hand,4,0,0.4130348563194275,0.8978602886199951,-0.0021102179307490587
9,hand,5,0,0.39847421646118164,0.8776819109916687,-0.002756590023636818
9,hand,6,0,0.40383487939834595,0.9059380292892456,-0.003451922908425331
9,hand,7,0,0.40899893641471863,0.9178101420402527,-0.003854549489915371
9,hand,8,0,0.41374921798706055,0.9253273606300354,-0.003828477580100298
9,hand,9,0,0.38984644412994385,0.8797023296356201,-0.0014662605244666338
9,hand,10,0,0.39680016040802,0.9076579809188843,-0.0017039165832102299
9,hand,11,0,0.40408962965011597,0.9179853200912476,-0.0014786433894187212
9,hand,12,0,0.40990158915519714,0.9225122928619385,-0.001176636666059494
9,hand,13,0,0.3841603696346283,0.8776642084121704,-0.0002596399572212249
9,hand,14,0,0.39003899693489075,0.9039772748947144,-0.000496173684950918
9,hand,15,0,0.3964560329914093,0.9131495952606201,0.00018800896941684186
9,hand,16,0,0.40176358819007874,0.9162805676460266,0.0009095226414501667
9,hand,17,0,0.3809104263782501,0.8738676309585571,0.0007299885037355125
9,hand,18,0,0.3836576044559479,0.8949519395828247,0.0010140568483620882
9,hand,19,0,0.3885599970817566,0.9045241475105286,0.0019653383642435074
9,hand,20,0,0.3929486870765686,0.9084845781326294,0.0029798615723848343
9,hand,0,1,0.5403357148170471,0.806099534034729,5.982729867071157e-09
9,hand,1,1,0.5262038707733154,0.8071457743644714,-0.008347244933247566
9,hand,2,1,0.5146924257278442,0.8216172456741333,-0.012563187628984451
9,hand,3,1,0.505834698677063,0.8374791741371155,-0.01525435782968998
9,hand,4,1,0.5001715421676636,0.8494527339935303,-0.01663634367287159
9,hand,5,1,0.528777003288269,0.8537593483924866,-0.011843855492770672
9,hand,6,1,0.5154216885566711,0.8842689394950867,-0.017968084663152695
9,hand,7,1,0.5083270072937012,0.8742913007736206,-0.02115735225379467
9,hand,8,1,0.5073193311691284,0.8618168234825134,-0.021987704560160637
9,hand,9,1,0.5347984433174133,0.8624184131622314,-0.008499410934746265
9,hand,10,1,0.5220612287521362,0.8892991542816162,-0.011897405609488487
9,hand,11,1,0.5147897601127625,0.8838158249855042,-0.012766865082085133
9,hand,12,1,0.5133345127105713,0.8750982880592346,-0.01316189207136631
9,hand,13,1,0.5380331873893738,0.8666883707046509,-0.005681678187102079
9,hand,14,1,0.5264281630516052,0.8904010653495789,-0.008037823252379894
9,hand,15,1,0.5201897025108337,0.8849108219146729,-0.00743067916482687
9,hand,16,1,0.5192012190818787,0.8765659928321838,-0.006709811743348837
9,hand,17,1,0.5393301844596863,0.8683774471282959,-0.0035164349246770144
9,hand,18,1,0.529937744140625,0.888124406337738,-0.005024917423725128
9,hand,19,1,0.5237981081008911,0.8854171633720398,-0.004209072329103947
9,hand,20,1,0.5219955444335938,0.8780068159103394,-0.0031542431097477674
9,pose,0,-1,0.46605953574180603,0.21101824939250946,-0.44578269124031067
9,pose,1,-1,0.4765651524066925,0.1853015273809433,-0.425020307302475
9,pose,2,-1,0.48343026638031006,0.1859469711780548,-0.42511817812919617
9,pose,3,-1,0.4893515706062317,0.18677033483982086,-0.4251978099346161
9,pose,4,-1,0.4577905833721161,0.18518327176570892,-0.42034852504730225
9,pose,5,-1,0.45184189081192017,0.18572255969047546,-0.420422226190567
9,pose,6,-1,0.4473082721233368,0.18648821115493774,-0.4205646216869354
9,pose,7,-1,0.4983697831630707,0.19909419119358063,-0.28159892559051514
9,pose,8,-1,0.4442940950393677,0.20078611373901367,-0.25939759612083435
9,pose,9,-1,0.4800325334072113,0.24479565024375916,-0.391842782497406
9,pose,10,-1,0.45690032839775085,0.24549973011016846,-0.3855622112751007
9,pose,11,-1,0.551118016242981,0.3829698860645294,-0.1917886883020401
9,pose,12,-1,0.39849206805229187,0.38348811864852905,-0.170162633061409
9,pose,13,-1,0.5660585165023804,0.6109686493873596,-0.13539180159568787
9,pose,14,-1,0.384441077709198,0.6087324023246765,-0.13294221460819244
9,pose,15,-1,0.5441702604293823,0.8138008117675781,-0.29010918736457825
9,pose,16,-1,0.39292529225349426,0.8118738532066345,-0.2722386121749878
9,pose,17,-1,0.5416602492332458,0.8715314865112305,-0.3511383831501007
9,pose,18,-1,0.3932613134384155,0.8745082020759583,-0.3222702741622925
9,pose,19,-1,0.524402916431427,0.8621489405632019,-0.38874301314353943
9,pose,20,-1,0.4066454768180847,0.8752623200416565,-0.3623518645763397
9,pose,21,-1,0.5206428170204163,0.8441051244735718,-0.30669716000556946
9,pose,22,-1,0.4107775390148163,0.8521742224693298,-0.29061752557754517
9,pose,23,-1,0.5150681138038635,0.7866955995559692,0.004105881322175264
9,pose,24,-1,0.43212905526161194,0.7934242486953735,-0.003931862767785788
9,pose,25,-1,0.5072240233421326,1.0599325895309448,-0.01624457724392414
9,pose,26,-1,0.4487617313861847,1.0230876207351685,0.02490508183836937
9,pose,27,-1,0.5160841345787048,1.2824019193649292,0.40612614154815674
9,pose,28,-1,0.44276124238967896,1.2821993827819824,0.3393304944038391
9,pose,29,-1,0.5171352028846741,1.3057018518447876,0.4441367983818054
9,pose,30,-1,0.44496116042137146,1.3095232248306274,0.3661295175552368
9,pose,31,-1,0.5088368654251099,1.371860384941101,0.2989368736743927
9,pose,32,-1,0.4517582058906555,1.3667733669281006,0.18957634270191193
10,hand,0,0,0.3866605758666992,0.819252073764801,-2.003806187644841e-08
10,hand,1,0,0.401624858379364,0.8312473297119141,-0.003686546813696623
10,hand,2,0,0.4078257381916046,0.8556572198867798,-0.004700251389294863
10,hand,3,0,0.40950876474380493,0.8797280788421631,-0.004580916371196508
10,hand,4,0,0.4118177890777588,0.8977982997894287,-0.0037482180632650852
10,hand,5,0,0.39688917994499207,0.875611424446106,-0.0052820248529314995
10,hand,6,0,0.4020267128944397,0.9060416221618652,-0.006224554032087326
10,hand,7,0,0.4076365530490875,0.917917788028717,-0.00626151729375124
10,hand,8,0,0.4126652479171753,0.9253623485565186,-0.005867201369255781
10,hand,9,0,0.38850584626197815,0.877377450466156,-0.003396562533453107
10,hand,10,0,0.395072340965271,0.9076622128486633,-0.003975235391408205
10,hand,11,0,0.4028316140174866,0.9169915914535522,-0.003134370781481266
10,hand,12,0,0.40874138474464417,0.9203224182128906,-0.002253937069326639
10,hand,13,0,0.38311052322387695,0.8757081627845764,-0.0015314680058509111
10,hand,14,0,0.3883657157421112,0.9038186073303223,-0.0017667378997430205
10,hand,15,0,0.39521142840385437,0.911169707775116,-0.00030337017960846424
10,hand,16,0,0.400511234998703,0.9124895930290222,0.0010421007173135877
10,hand,17,0,0.38006889820098877,0.872491717338562,3.3093103411374614e-05
10,hand,18,0,0.382892370223999,0.894463062286377,0.00039822462713345885
10,hand,19,0,0.38835981488227844,0.9028489589691162,0.0017254111589863896
10,hand,20,0,0.3929034471511841,0.9053540825843811,0.003089575096964836
10,pose,0,-1,0.4660542905330658,0.2109888345003128,-0.45318281650543213
10,pose,1,-1,0.47643032670021057,0.185307115316391,-0.4321155846118927
10,pose,2,-1,0.48322394490242004,0.18594945967197418,-0.4322206676006317
10,pose,3,-1,0.4892057180404663,0.1867775022983551,-0.4323304295539856
10,pose,4,-1,0.45775941014289856,0.1851876974105835,-0.42754536867141724
10,pose,5,-1,0.45181068778038025,0.18572692573070526,-0.42761972546577454
10,pose,6,-1,0.44724634289741516,0.18649598956108093,-0.42775726318359375
10,pose,7,-1,0.4980643093585968,0.19910047948360443,-0.28861919045448303
10,pose,8,-1,0.44427549839019775,0.2007061392068863,-0.2661847472190857
10,pose,9,-1,0.4800041913986206,0.2445978820323944,-0.39918252825737
10,pose,10,-1,0.45686274766921997,0.24546760320663452,-0.39289820194244385
10,pose,11,-1,0.551310658454895,0.3828582167625427,-0.19952699542045593
10,pose,12,-1,0.3986086845397949,0.38347434997558594,-0.17184680700302124
10,pose,13,-1,0.572667121887207,0.6078036427497864,-0.14962145686149597
10,pose,14,-1,0.38474929332733154,0.6061742901802063,-0.13387292623519897
10,pose,15,-1,0.5399059057235718,0.776157796382904,-0.30648455023765564
10,pose,16,-1,0.392922967672348,0.8078835606575012,-0.2737821936607361
10,pose,17,-1,0.5318054556846619,0.8258342742919922,-0.3689698576927185
10,pose,18,-1,0.3929137885570526,0.8698964715003967,-0.32476529479026794
10,pose,19,-1,0.5155278444290161,0.809296190738678,-0.4035775065422058
10,pose,20,-1,0.40572044253349304,0.8698174357414246,-0.36460307240486145
10,pose,21,-1,0.5137876868247986,0.793736457824707,-0.32168522477149963
10,pose,22,-1,0.4096173644065857,0.8456966280937195,-0.2924000322818756
10,pose,23,-1,0.5147216320037842,0.7842608690261841,0.003587516490370035
10,pose,24,-1,0.43220391869544983,0.7888202667236328,-0.0033953613601624966
10,pose,25,-1,0.5059791803359985,1.0339868068695068,-0.021956807002425194
10,pose,26,-1,0.44876012206077576,1.0134340524673462,0.007611759938299656
10,pose,27,-1,0.5140759348869324,1.2633023262023926,0.4054167866706848
10,pose,28,-1,0.44289538264274597,1.261269211769104,0.33714425563812256
10,pose,29,-1,0.5146576166152954,1.2842894792556763,0.4433059096336365
10,pose,30,-1,0.4455857574939728,1.2854522466659546,0.3655734956264496
10,pose,31,-1,0.5072362422943115,1.3533720970153809,0.30107825994491577
10,pose,32,-1,0.45073744654655457,1.3434773683547974,0.19125771522521973
11,hand,0,0,0.38638609647750854,0.8194785714149475,-2.3817497307732083e-08
11,hand,1,0,0.4013088047504425,0.8309495449066162,-0.0030841047409921885
11,hand,2,0,0.40742266178131104,0.8555178642272949,-0.003308603074401617
11,hand,3,0,0.4087609648704529,0.8796328902244568,-0.0024965510237962008
11,hand,4,0,0.4112526774406433,0.897209107875824,-0.0010009710676968098
11,hand,5,0,0.3967709243297577,0.8782682418823242,-0.0024740619119256735
11,hand,6,0,0.40221157670021057,0.9058785438537598,-0.00204611592926085
11,hand,7,0,0.40753406286239624,0.916808009147644,-0.0016734390519559383
11,hand,8,0,0.41233015060424805,0.9233816266059875,-0.0011186596238985658
11,hand,9,0,0.38836050033569336,0.879807710647583,-0.00029577530222013593
11,hand,10,0,0.39503034949302673,0.9070186018943787,0.0006684831460006535
11,hand,11,0,0.40230581164360046,0.9161869287490845,0.0015634880401194096
11,hand,12,0,0.40811237692832947,0.9199281334877014,0.002252711681649089
11,hand,13,0,0.3830457329750061,0.877339780330658,0.0018431113567203283
11,hand,14,0,0.38822513818740845,0.9024912714958191,0.0027330454904586077
11,hand,15,0,0.3946632146835327,0.910786509513855,0.003746291156858206
11,hand,16,0,0.4001363217830658,0.9133678674697876,0.004543487448245287
11,hand,17,0,0.38020527362823486,0.8732203245162964,0.0037567801773548126
11,hand,18,0,0.38272127509117126,0.8936508893966675,0.005111607722938061
11,hand,19,0,0.3875994384288788,0.9023951292037964,0.00643967418000102
11,hand,20,0,0.39202356338500977,0.905600368976593,0.007600107695907354
11,pose,0,-1,0.46595078706741333,0.21099907159805298,-0.44446223974227905
11,pose,1,-1,0.4761551022529602,0.18548066914081573,-0.42384663224220276
11,pose,2,-1,0.4829227328300476,0.1860952526330948,-0.4239915907382965
11,pose,3,-1,0.4889834225177765,0.18694210052490234,-0.4241078197956085
11,pose,4,-1,0.45761433243751526,0.18535956740379333,-0.4175407588481903
11,pose,5,-1,0.4516593813896179,0.1859029233455658,-0.41760438680648804
11,pose,6,-1,0.4471374750137329,0.18667732179164886,-0.4177171289920807
11,pose,7,-1,0.4977633059024811,0.19923652708530426,-0.27391788363456726
11,pose,8,-1,0.4442459046840668,0.20085881650447845,-0.24650010466575623
11,pose,9,-1,0.4799307584762573,0.24454356729984283,-0.38743242621421814
11,pose,10,-1,0.45677071809768677,0.245466411113739,-0.37892329692840576
11,pose,11,-1,0.5512989163398743,0.3787904381752014,-0.1730341762304306
11,pose,12,-1,0.39863234758377075,0.3834694027900696,-0.139964297413826
11,pose,13,-1,0.5828498601913452,0.5892603993415833,-0.14784151315689087
11,pose,14,-1,0.38475969433784485,0.6049938797950745,-0.07312814146280289
11,pose,15,-1,0.5402125716209412,0.7064799666404724,-0.34880396723747253
11,pose,16,-1,0.39235860109329224,0.805174708366394,-0.22154420614242554
11,pose,17,-1,0.5287705659866333,0.747566819190979,-0.41575106978416443
11,pose,18,-1,0.39160236716270447,0.8668935298919678,-0.2703019380569458
11,pose,19,-1,0.5160967707633972,0.7219353318214417,-0.4410283863544464
11,pose,20,-1,0.40360599756240845,0.867480456829071,-0.31255295872688293
11,pose,21,-1,0.5157921314239502,0.7082220911979675,-0.3612074851989746
11,pose,22,-1,0.40701577067375183,0.8433366417884827,-0.24085594713687897
11,pose,23,-1,0.5149475932121277,0.7829099297523499,0.00045683144708164036
11,pose,24,-1,0.4327755570411682,0.787875235080719,-0.00019323782180435956
11,pose,25,-1,0.5059817433357239,1.0252628326416016,-0.035167694091796875
11,pose,26,-1,0.4488584101200104,1.0161268711090088,0.0003704724076669663
11,pose,27,-1,0.5140300393104553,1.2635358572006226,0.38904109597206116
11,pose,28,-1,0.44275009632110596,1.2671353816986084,0.33645790815353394
11,pose,29,-1,0.5145393013954163,1.2861028909683228,0.4259994328022003
11,pose,30,-1,0.44530245661735535,1.2913974523544312,0.36558958888053894
11,pose,31,-1,0.507006049156189,1.3543994426727295,0.2836815416812897
11,pose,32,-1,0.4500218331813812,1.3487707376480103,0.19282518327236176
12,hand,0,0,0.38662922382354736,0.819892168045044,-2.5680725102006363e-08
12,hand,1,0,0.40120282769203186,0.8317321538925171,-0.002778460271656513
12,hand,2,0,0.40729227662086487,0.8567178249359131,-0.0030263455118983984
12,hand,3,0,0.4088950455188751,0.8803094625473022,-0.0023584228474646807
12,hand,4,0,0.4111242890357971,0.8974527716636658,-0.001102036447264254
12,hand,5,0,0.39691683650016785,0.8779988884925842,-0.0030217745807021856
12,hand,6,0,0.4021413028240204,0.9056369662284851,-0.0030591462273150682
12,hand,7,0,0.40744054317474365,0.9164997339248657,-0.0028903724160045385
12,hand,8,0,0.41214799880981445,0.923160970211029,-0.002485249424353242
12,hand,9,0,0.38843947649002075,0.8791221380233765,-0.0013342380989342928
12,hand,10,0,0.3950623869895935,0.9065241813659668,-0.0008703130879439414
12,hand,11,0,0.4022650420665741,0.915883481502533,-9.553750714985654e-05
12,hand,12,0,0.4080456495285034,0.9199610352516174,0.0005271150730550289
12,hand,13,0,0.3828636407852173,0.8762686848640442,0.00034895946737378836
12,hand,14,0,0.3881039619445801,0.9019765853881836,0.0006920541636645794
12,hand,15,0,0.39445099234580994,0.9102742075920105,0.0017409294378012419
12,hand,16,0,0.3997581899166107,0.9129658937454224,0.0026297757867723703
12,hand,17,0,0.37966370582580566,0.8717353343963623,0.0018464564345777035
12,hand,18,0,0.38220709562301636,0.8926805257797241,0.002601652406156063
12,hand,19,0,0.3871036767959595,0.9015965461730957,0.0038769529201090336
12,hand,20,0,0.3914474546909332,0.9049829244613647,0.005079898051917553
12,pose,0,-1,0.46557506918907166,0.21125367283821106,-0.4258367121219635
12,pose,1,-1,0.4755263328552246,0.18563665449619293,-0.40550848841667175
12,pose,2,-1,0.4822315275669098,0.18621070683002472,-0.4056795537471771
12,pose,3,-1,0.4884726107120514,0.18704965710639954,-0.405775249004364
12,pose,4,-1,0.45722341537475586,0.1855470836162567,-0.4006620943546295
12,pose,5,-1,0.45132073760032654,0.1861249953508377,-0.40074583888053894
12,pose,6,-1,0.4469761848449707,0.18692727386951447,-0.4008828103542328
12,pose,7,-1,0.49734923243522644,0.19929642975330353,-0.2536100149154663
12,pose,8,-1,0.44423285126686096,0.20132745802402496,-0.23027458786964417
12,pose,9,-1,0.47967275977134705,0.2445322424173355,-0.36758220195770264
12,pose,10,-1,0.4566577076911926,0.24550260603427887,-0.36037904024124146
12,pose,11,-1,0.5513787865638733,0.3746275305747986,-0.14429853856563568
12,pose,12,-1,0.3986334204673767,0.3839878737926483,-0.12797583639621735
12,pose,13,-1,0.5866224765777588,0.5797220468521118,-0.17052051424980164
12,pose,14,-1,0.38476142287254333,0.6050280928611755,-0.06522426009178162
12,pose,15,-1,0.5396929979324341,0.6481587886810303,-0.45373672246932983
12,pose,16,-1,0.3917582333087921,0.804097056388855,-0.21750329434871674
12,pose,17,-1,0.5267128348350525,0.6830736398696899,-0.5261625647544861
12,pose,18,-1,0.3905576467514038,0.8651074171066284,-0.2661968469619751
12,pose,19,-1,0.5166099667549133,0.6577403545379639,-0.5452625751495361
12,pose,20,-1,0.4016914367675781,0.8666630387306213,-0.3068962097167969
12,pose,21,-1,0.5171732306480408,0.6452947854995728,-0.46642401814460754
12,pose,22,-1,0.4047011435031891,0.8426769375801086,-0.2358831763267517
12,pose,23,-1,0.5153234004974365,0.7816458940505981,0.0004655591619666666
12,pose,24,-1,0.4329420328140259,0.7868844270706177,-0.00017121013661380857
12,pose,25,-1,0.5057425498962402,1.0226813554763794,-0.029471784830093384
12,pose,26,-1,0.4488523602485657,1.017056941986084,-0.0034889753442257643
12,pose,27,-1,0.5122190713882446,1.266091227531433,0.38916268944740295
12,pose,28,-1,0.4411546289920807,1.2694655656814575,0.33376726508140564
12,pose,29,-1,0.5124179124832153,1.2888939380645752,0.4254598617553711
12,pose,30,-1,0.44296377897262573,1.2941025495529175,0.3633106052875519
12,pose,31,-1,0.5046949982643127,1.3553452491760254,0.28337451815605164
12,pose,32,-1,0.4488055408000946,1.3502687215805054,0.19336962699890137
13,hand,0,0,0.38664236664772034,0.821444034576416,-2.159746514962535e-08
13,hand,1,0,0.4011039137840271,0.8343629240989685,-0.002169155515730381
13,hand,2,0,0.40726611018180847,0.8587232232093811,-0.0024989238008856773
13,hand,3,0,0.40888550877571106,0.8815425038337708,-0.0021370267495512962
13,hand,4,0,0.41078686714172363,0.8983060121536255,-0.00124607072211802
13,hand,5,0,0.3972095549106598,0.8790978193283081,-0.0026917923241853714
13,hand,6,0,0.4024933874607086,0.9060105681419373,-0.003285348415374756
13,hand,7,0,0.4075544476509094,0.9171738028526306,-0.0035651731304824352
13,hand,8,0,0.4121473431587219,0.9241064786911011,-0.0034044464118778706
13,hand,9,0,0.3886713981628418,0.8800186514854431,-0.001512923394329846
13,hand,10,0,0.39541834592819214,0.9069238305091858,-0.0016223940765485168
13,hand,11,0,0.4022865891456604,0.9166274070739746,-0.0011566977482289076
13,hand,12,0,0.407772421836853,0.9205883145332336,-0.0006176702445372939
13,hand,13,0,0.3828135132789612,0.8769352436065674,-0.0003187232941854745
13,hand,14,0,0.3883572816848755,0.9015013575553894,-0.00023867924755904824
13,hand,15,0,0.3941584825515747,0.9102410674095154,0.0007788126822561026
13,hand,16,0,0.39908480644226074,0.913228452205658,0.001725699519738555
13,hand,17,0,0.37910377979278564,0.8721327781677246,0.0007271469803526998
13,hand,18,0,0.38136303424835205,0.8917391896247864,0.0014216480776667595
13,hand,19,0,0.38567838072776794,0.9010411500930786,0.002752161817625165
13,hand,20,0,0.3896690607070923,0.9053077697753906,0.004042068030685186
13,pose,0,-1,0.46470820903778076,0.2122354954481125,-0.44265174865722656
13,pose,1,-1,0.4743683636188507,0.18581387400627136,-0.42135775089263916
13,pose,2,-1,0.48109450936317444,0.1863298863172531,-0.42152491211891174
13,pose,3,-1,0.487582266330719,0.1871190369129181,-0.421628475189209
13,pose,4,-1,0.4563981890678406,0.1858687847852707,-0.41794946789741516
13,pose,5,-1,0.45073065161705017,0.18646053969860077,-0.4180423319339752
13,pose,6,-1,0.4466992914676666,0.1873040348291397,-0.4182084798812866
13,pose,7,-1,0.49670419096946716,0.19935324788093567,-0.2613293528556824
13,pose,8,-1,0.44421058893203735,0.2020547091960907,-0.2394881695508957
13,pose,9,-1,0.47889846563339233,0.2447119802236557,-0.38174229860305786
13,pose,10,-1,0.45631182193756104,0.24623313546180725,-0.37592121958732605
13,pose,11,-1,0.5516282916069031,0.3724637031555176,-0.15553902089595795
13,pose,12,-1,0.39867153763771057,0.38466596603393555,-0.14323431253433228
13,pose,13,-1,0.5940301418304443,0.5817527770996094,-0.2734653055667877
13,pose,14,-1,0.3854473829269409,0.6054154634475708,-0.08783351629972458
13,pose,15,-1,0.5353072285652161,0.5717471241950989,-0.6283009052276611
13,pose,16,-1,0.391461044549942,0.8040011525154114,-0.23475684225559235
13,pose,17,-1,0.5134134888648987,0.5769315958023071,-0.7094299793243408
13,pose,18,-1,0.389710932970047,0.8644099831581116,-0.28102588653564453
13,pose,19,-1,0.5063005685806274,0.5456409454345703,-0.7081672549247742
13,pose,20,-1,0.4004935026168823,0.8664432168006897,-0.32039234042167664
13,pose,21,-1,0.5131407380104065,0.5405899286270142,-0.63395756483078
13,pose,22,-1,0.4034469425678253,0.842709481716156,-0.2520405650138855
13,pose,23,-1,0.5160173177719116,0.7807022929191589,-1.052195057127392e-05
13,pose,24,-1,0.43323689699172974,0.7850732803344727,0.0003336321678943932
13,pose,25,-1,0.5057673454284668,1.0162688493728638,-0.025152646005153656
13,pose,26,-1,0.44886335730552673,1.0077333450317383,-0.0012655260507017374
13,pose,27,-1,0.5094714760780334,1.255903959274292,0.3908197283744812
13,pose,28,-1,0.44087469577789307,1.2494635581970215,0.38034293055534363
13,pose,29,-1,0.5088580250740051,1.279555320739746,0.4269685745239258
13,pose,30,-1,0.4423719048500061,1.2718868255615234,0.4144939184188843
13,pose,31,-1,0.5032334923744202,1.339941143989563,0.2845953106880188
13,pose,32,-1,0.4488251507282257,1.3315508365631104,0.2542911767959595
14,hand,0,0,0.38634777069091797,0.8236368298530579,-1.8557596348500738e-08
14,hand,1,0,0.40106165409088135,0.8355627059936523,-0.0021967028733342886
14,hand,2,0,0.40735918283462524,0.8593399524688721,-0.0024360474199056625
14,hand,3,0,0.40900182723999023,0.8821306228637695,-0.0018418505787849426
14,hand,4,0,0.41095858812332153,0.8993848562240601,-0.0005937386304140091
14,hand,5,0,0.3971504271030426,0.8806087374687195,-0.002422991208732128
14,hand,6,0,0.4023067355155945,0.9083820581436157,-0.0021847670432180166
14,hand,7,0,0.40717026591300964,0.9193423986434937,-0.0017189182108268142
14,hand,8,0,0.4115457832813263,0.9256282448768616,-0.0010045536328107119
14,hand,9,0,0.3884512782096863,0.8818164467811584,-0.0008027837611734867
14,hand,10,0,0.39527398347854614,0.9089062809944153,-0.00013813276018481702
14,hand,11,0,0.4020346999168396,0.9174772500991821,0.0009915349073708057
14,hand,12,0,0.4072173833847046,0.9202548265457153,0.002030986128374934
14,hand,13,0,0.3825511634349823,0.8793286681175232,0.0008704110514372587
14,hand,14,0,0.38818496465682983,0.9041329026222229,0.0017900719540193677
14,hand,15,0,0.39396169781684875,0.9120714664459229,0.0033357555512338877
14,hand,16,0,0.39870208501815796,0.9143592119216919,0.0045930431224405766
14,hand,17,0,0.37890392541885376,0.8750121593475342,0.0023861341178417206
14,hand,18,0,0.3812284767627716,0.8948432803153992,0.0039700609631836414
14,hand,19,0,0.38580521941185,0.903069019317627,0.005793303716927767
14,hand,20,0,0.3898884654045105,0.9057936072349548,0.0073792533949017525
14,pose,0,-1,0.4645543694496155,0.21266138553619385,-0.44049328565597534
14,pose,1,-1,0.47404783964157104,0.18594175577163696,-0.4177367389202118
14,pose,2,-1,0.48072385787963867,0.1864260733127594,-0.4179094731807709
14,pose,3,-1,0.4872528612613678,0.18720434606075287,-0.41800323128700256
14,pose,4,-1,0.45611369609832764,0.18601222336292267,-0.4159121811389923
14,pose,5,-1,0.4504794776439667,0.1865464150905609,-0.4160047173500061
14,pose,6,-1,0.44653022289276123,0.18737034499645233,-0.4161660969257355
14,pose,7,-1,0.49627986550331116,0.1995120495557785,-0.2551959455013275
14,pose,8,-1,0.4440215229988098,0.2023545354604721,-0.24231968820095062
14,pose,9,-1,0.47858667373657227,0.24493329226970673,-0.37805235385894775
14,pose,10,-1,0.456158846616745,0.2464849352836609,-0.3743603527545929
14,pose,11,-1,0.5516236424446106,0.36922815442085266,-0.15211011469364166
14,pose,12,-1,0.39865797758102417,0.38517361879348755,-0.13873927295207977
14,pose,13,-1,0.6022781133651733,0.580653965473175,-0.3126201629638672
14,pose,14,-1,0.3854587972164154,0.605569064617157,-0.0867699608206749
14,pose,15,-1,0.5362908244132996,0.5117190480232239,-0.7040947079658508
14,pose,16,-1,0.390839546918869,0.8036499619483948,-0.23170074820518494
14,pose,17,-1,0.5171017646789551,0.5025134086608887,-0.7909656167030334
14,pose,18,-1,0.3888891637325287,0.8637850880622864,-0.27446529269218445
14,pose,19,-1,0.5100332498550415,0.48156681656837463,-0.7794313430786133
14,pose,20,-1,0.39930790662765503,0.8661820292472839,-0.31283432245254517
14,pose,21,-1,0.5143442153930664,0.4800950288772583,-0.7069504857063293
14,pose,22,-1,0.4022238552570343,0.842605710029602,-0.24783086776733398
14,pose,23,-1,0.5164425373077393,0.7798120379447937,-0.0016133615281432867
14,pose,24,-1,0.4332345426082611,0.7832229733467102,0.0020068883895874023
14,pose,25,-1,0.5052797198295593,1.0137841701507568,-0.033332306891679764
14,pose,26,-1,0.44886675477027893,1.0069022178649902,0.002707567997276783
14,pose,27,-1,0.5085958242416382,1.2595525979995728,0.3727198541164398
14,pose,28,-1,0.4406595230102539,1.253466010093689,0.38949161767959595
14,pose,29,-1,0.5085502862930298,1.285656213760376,0.4082949757575989
14,pose,30,-1,0.44146278500556946,1.2775261402130127,0.4242607653141022
14,pose,31,-1,0.5010443329811096,1.3424272537231445,0.2673507332801819
14,pose,32,-1,0.44922834634780884,1.3362246751785278,0.26719439029693604
15,hand,0,0,0.3859327435493469,0.8256083726882935,-1.9124705374906625e-08
15,hand,1,0,0.4008844792842865,0.8377480506896973,-0.001334163942374289
15,hand,2,0,0.40717199444770813,0.8615761399269104,-0.001142455730587244
15,hand,3,0,0.4086039960384369,0.8842333555221558,-0.00028555066091939807
15,hand,4,0,0.4103279113769531,0.9008519649505615,0.0012083281762897968
15,hand,5,0,0.3976534903049469,0.8826813101768494,-0.0015400320990011096
15,hand,6,0,0.40196481347084045,0.9097551107406616,-0.001017904025502503
15,hand,7,0,0.4064941704273224,0.9204921722412109,-0.0003207139961887151
15,hand,8,0,0.41062313318252563,0.9264122247695923,0.0005085618468001485
15,hand,9,0,0.388820081949234,0.8836750984191895,-0.0003424962633289397
15,hand,10,0,0.39471545815467834,0.910476803779602,0.0005237162113189697
15,hand,11,0,0.40103819966316223,0.9191111922264099,0.0017685370985418558
15,hand,12,0,0.405992329120636,0.9217243194580078,0.0028644667472690344
15,hand,13,0,0.3825797438621521,0.880767822265625,0.000964033359196037
15,hand,14,0,0.38729754090309143,0.9052405953407288,0.0020574189256876707
15,hand,15,0,0.3925838768482208,0.913511335849762,0.003610077779740095
15,hand,16,0,0.3971000611782074,0.9156556129455566,0.004815317690372467
15,hand,17,0,0.37854161858558655,0.8759428262710571,0.002184769371524453
15,hand,18,0,0.38037583231925964,0.8944682478904724,0.003942926414310932
15,hand,19,0,0.384453147649765,0.9030186533927917,0.005777133163064718
15,hand,20,0,0.3883025348186493,0.9061580896377563,0.007314685266464949
15,pose,0,-1,0.4644415080547333,0.21292395889759064,-0.42447569966316223
15,pose,1,-1,0.47384753823280334,0.18598343431949615,-0.39826780557632446
15,pose,2,-1,0.4804406762123108,0.18646100163459778,-0.3984193503856659
15,pose,3,-1,0.4869225323200226,0.1872524470090866,-0.3984696567058563
15,pose,4,-1,0.45598796010017395,0.18608230352401733,-0.39904531836509705
15,pose,5,-1,0.45030778646469116,0.18660174310207367,-0.39911311864852905
15,pose,6,-1,0.44636648893356323,0.18744756281375885,-0.3992462158203125
15,pose,7,-1,0.49567919969558716,0.20012155175209045,-0.23205457627773285
15,pose,8,-1,0.4437752664089203,0.2030782252550125,-0.2331325113773346
15,pose,9,-1,0.47824791073799133,0.24518424272537231,-0.3622300326824188
15,pose,10,-1,0.4559568464756012,0.24655766785144806,-0.362627774477005
15,pose,11,-1,0.550825834274292,0.3677797019481659,-0.133171945810318
15,pose,12,-1,0.39847657084465027,0.38698819279670715,-0.12572738528251648
15,pose,13,-1,0.6069638729095459,0.5718722343444824,-0.31202489137649536
15,pose,14,-1,0.38552892208099365,0.6063832640647888,-0.07226564735174179
15,pose,15,-1,0.5385309457778931,0.4735060930252075,-0.7015873193740845
15,pose,16,-1,0.39039742946624756,0.8037413954734802,-0.20643548667430878
15,pose,17,-1,0.5199915766716003,0.4481886625289917,-0.7882763147354126
15,pose,18,-1,0.3882772624492645,0.8640000820159912,-0.241838276386261
15,pose,19,-1,0.5147245526313782,0.4165835678577423,-0.7684293985366821
15,pose,20,-1,0.39830461144447327,0.866300642490387,-0.2831883728504181
15,pose,21,-1,0.5192372798919678,0.42382967472076416,-0.7014105916023254
15,pose,22,-1,0.40134397149086,0.8427063822746277,-0.2228359431028366
15,pose,23,-1,0.5170757174491882,0.779162585735321,-0.0014294431312009692
15,pose,24,-1,0.4333846867084503,0.7827919721603394,0.0018829075852409005
15,pose,25,-1,0.5052756667137146,1.0136101245880127,-0.030806805938482285
15,pose,26,-1,0.4490228593349457,1.0074429512023926,0.007776794955134392
15,pose,27,-1,0.5085879564285278,1.2712576389312744,0.3706139028072357
15,pose,28,-1,0.4408654570579529,1.2558120489120483,0.3914494216442108
15,pose,29,-1,0.5087767839431763,1.3005731105804443,0.404480516910553
15,pose,30,-1,0.44147270917892456,1.2803112268447876,0.42525169253349304
15,pose,31,-1,0.5007030963897705,1.3502774238586426,0.26201480627059937
15,pose,32,-1,0.45132485032081604,1.337465524673462,0.2663491368293762
16,hand,0,0,0.534657895565033,0.4369915723800659,-1.0377759984692148e-08
16,hand,1,0,0.5369743704795837,0.4075811207294464,-0.0013225527945905924
16,hand,2,0,0.5302835702896118,0.373159795999527,-0.0031606261618435383
16,hand,3,0,0.5216794013977051,0.35182076692581177,-0.005172578152269125
16,hand,4,0,0.5147518515586853,0.3402716815471649,-0.007520848419517279
16,hand,5,0,0.5191006660461426,0.36746060848236084,-0.00567212188616395
16,hand,6,0,0.5065093040466309,0.352257639169693,-0.011046510189771652
16,hand,7,0,0.5095392465591431,0.35794690251350403,-0.014657831750810146
16,hand,8,0,0.5144385099411011,0.3644576966762543,-0.016501668840646744
16,hand,9,0,0.5124951601028442,0.38449379801750183,-0.0073624481447041035
16,hand,10,0,0.5012778043746948,0.3678002655506134,-0.01091001182794571
16,hand,11,0,0.5062497854232788,0.3749295473098755,-0.012109200470149517
16,hand,12,0,0.5118703842163086,0.38367748260498047,-0.012998650781810284
16,hand,13,0,0.5079545974731445,0.40376016497612,-0.00910140573978424
16,hand,14,0,0.4980432391166687,0.3879569470882416,-0.012526624836027622
16,hand,15,0,0.5033448934555054,0.3936975598335266,-0.010729792527854443
16,hand,16,0,0.5088380575180054,0.4012203514575958,-0.009347445331513882
16,hand,17,0,0.5046423077583313,0.42292100191116333,-0.010793645866215229
16,hand,18,0,0.49639517068862915,0.4079607427120209,-0.01330119650810957
16,hand,19,0,0.5012783408164978,0.4115102291107178,-0.01073403935879469
16,hand,20,0,0.5058954954147339,0.4174031913280487,-0.00840696319937706
16,hand,0,1,0.38611704111099243,0.8271826505661011,-1.449659148278215e-08
16,hand,1,1,0.4009637236595154,0.838504433631897,-0.0015560981119051576
16,hand,2,1,0.4069797694683075,0.8618079423904419,-0.0015031262300908566
16,hand,3,1,0.4082472324371338,0.8844520449638367,-0.0007760800654068589
16,hand,4,1,0.41017669439315796,0.9014098048210144,0.0005709481774829328
16,hand,5,1,0.39723408222198486,0.8841190338134766,-0.0015710194129496813
16,hand,6,1,0.40146538615226746,0.9107784628868103,-0.0012439764104783535
16,hand,7,1,0.40595871210098267,0.9217445850372314,-0.0007388199446722865
16,hand,8,1,0.4101821780204773,0.9278268814086914,1.2530522326414939e-05
16,hand,9,1,0.3887251615524292,0.885235071182251,-0.00035723080509342253
16,hand,10,1,0.39442330598831177,0.9118233919143677,0.00048241743934340775
16,hand,11,1,0.4006667733192444,0.9205216765403748,0.001686419127508998
16,hand,12,1,0.40554744005203247,0.9236097931861877,0.002783111995086074
16,hand,13,1,0.3825940787792206,0.8825131058692932,0.000919487327337265
16,hand,14,1,0.3869967460632324,0.9070399403572083,0.002028506947681308
16,hand,15,1,0.3920992910861969,0.9147810935974121,0.0037650130689144135
16,hand,16,1,0.396347314119339,0.9168710708618164,0.005130787845700979
16,hand,17,1,0.3784434497356415,0.8774644136428833,0.0020681091118603945
16,hand,18,1,0.3802252411842346,0.8964235782623291,0.003994690254330635
16,hand,19,1,0.38399800658226013,0.904435396194458,0.00615522637963295
16,hand,20,1,0.38751399517059326,0.9070950746536255,0.007959413342177868
16,pose,0,-1,0.4644857347011566,0.21428480744361877,-0.3899923264980316
16,pose,1,-1,0.47385933995246887,0.18649184703826904,-0.3627428710460663
16,pose,2,-1,0.48044583201408386,0.18699324131011963,-0.3628856837749481
16,pose,3,-1,0.4869125783443451,0.1878432035446167,-0.36289307475090027
16,pose,4,-1,0.4559917151927948,0.18681207299232483,-0.3655592203140259
16,pose,5,-1,0.45029836893081665,0.18737299740314484,-0.36560678482055664
16,pose,6,-1,0.44627103209495544,0.18828938901424408,-0.365726113319397
16,pose,7,-1,0.4952755868434906,0.20180295407772064,-0.19509389996528625
16,pose,8,-1,0.4432532489299774,0.20419296622276306,-0.20640406012535095
16,pose,9,-1,0.4782366156578064,0.24656157195568085,-0.3276147246360779
16,pose,10,-1,0.4559098780155182,0.2480224370956421,-0.33103588223457336
16,pose,11,-1,0.5491209626197815,0.36477887630462646,-0.08947169035673141
16,pose,12,-1,0.3983258605003357,0.38810932636260986,-0.10139300674200058
16,pose,13,-1,0.6118302941322327,0.5604721307754517,-0.27055057883262634
16,pose,14,-1,0.38634687662124634,0.6071244478225708,-0.046200137585401535
16,pose,15,-1,0.5412585735321045,0.43807926774024963,-0.6432317495346069
16,pose,16,-1,0.3903735280036926,0.8037845492362976,-0.17242883145809174
16,pose,17,-1,0.5205855965614319,0.40377017855644226,-0.7257018685340881
16,pose,18,-1,0.3878117501735687,0.8641639351844788,-0.20252983272075653
16,pose,19,-1,0.5201367735862732,0.38220009207725525,-0.7036567330360413
16,pose,20,-1,0.3975251317024231,0.8665618300437927,-0.2467648684978485
16,pose,21,-1,0.5232869982719421,0.39276358485221863,-0.6422117352485657
16,pose,22,-1,0.40102675557136536,0.8429557085037231,-0.18926289677619934
16,pose,23,-1,0.5178928375244141,0.7773494124412537,0.0003064089978579432
16,pose,24,-1,0.43400314450263977,0.781334400177002,0.00020276579016353935
16,pose,25,-1,0.5052745938301086,1.0142101049423218,-0.02835221216082573
16,pose,26,-1,0.44902166724205017,1.0078299045562744,0.007213241886347532
16,pose,27,-1,0.508649468421936,1.290804386138916,0.33200690150260925
16,pose,28,-1,0.44088315963745117,1.275370717048645,0.3368515372276306
16,pose,29,-1,0.5093079805374146,1.3217871189117432,0.3611794114112854
16,pose,30,-1,0.44137439131736755,1.304531455039978,0.36514052748680115
16,pose,31,-1,0.5006901621818542,1.371847152709961,0.22044508159160614
16,pose,32,-1,0.45195120573043823,1.3574732542037964,0.20822934806346893
17,hand,0,0,0.5410760045051575,0.41238296031951904,2.1341929112850266e-08
17,hand,1,0,0.5378219485282898,0.3797535300254822,-0.00026653899112716317
17,hand,2,0,0.5280581712722778,0.34889307618141174,-0.002115269424393773
17,hand,3,0,0.5212122797966003,0.32518693804740906,-0.004204452969133854
17,hand,4,0,0.5184474587440491,0.3062264025211334,-0.007208230905234814
17,hand,5,0,0.5167430639266968,0.35484546422958374,-0.007861876860260963
17,hand,6,0,0.4989164471626282,0.34157437086105347,-0.011838880367577076
17,hand,7,0,0.4874327480792999,0.3346022367477417,-0.013983871787786484
17,hand,8,0,0.47848203778266907,0.3295869529247284,-0.015563175082206726
17,hand,9,0,0.5131927728652954,0.3727644979953766,-0.010302236303687096
17,hand,10,0,0.48955076932907104,0.3672877550125122,-0.014963530004024506
17,hand,11,0,0.47829461097717285,0.3702394962310791,-0.01687798835337162
17,hand,12,0,0.47210657596588135,0.37367013096809387,-0.01811918243765831
17,hand,13,0,0.5112800598144531,0.392169326543808,-0.012357049621641636
17,hand,14,0,0.4889003336429596,0.3876801133155823,-0.016167670488357544
17,hand,15,0,0.478009432554245,0.38907912373542786,-0.0167545136064291
17,hand,16,0,0.4715151786804199,0.391599178314209,-0.017087889835238457
17,hand,17,0,0.5109117031097412,0.4101709723472595,-0.014207939617335796
17,hand,18,0,0.49318253993988037,0.4064190089702606,-0.017169373109936714
17,hand,19,0,0.48382893204689026,0.40607333183288574,-0.01752372458577156
17,hand,20,0,0.4771721065044403,0.4061836302280426,-0.017476527020335197
17,hand,0,1,0.3868268132209778,0.8286558985710144,-1.875191912859009e-08
17,hand,1,1,0.4013651907444,0.8396192193031311,-0.001546643441542983
17,hand,2,1,0.40735095739364624,0.8637259006500244,-0.0014839853392913938
17,hand,3,1,0.40875986218452454,0.8865669965744019,-0.0007815741701051593
17,hand,4,1,0.41122713685035706,0.9033281207084656,0.0005241153412498534
17,hand,5,1,0.3981460630893707,0.8854858875274658,-0.0019763237796723843
17,hand,6,1,0.40237903594970703,0.9128204584121704,-0.0019690091721713543
17,hand,7,1,0.406840980052948,0.9239081740379333,-0.0016240532277151942
17,hand,8,1,0.4110870063304901,0.9299262762069702,-0.0009610185516066849
17,hand,9,1,0.38941097259521484,0.8865929841995239,-0.0009646321414038539
17,hand,10,1,0.3949126601219177,0.9138191938400269,-0.00018639843619894236
17,hand,11,1,0.40116578340530396,0.921547532081604,0.001201603445224464
17,hand,12,1,0.405830979347229,0.9236202239990234,0.002423871774226427
17,hand,13,1,0.3829736113548279,0.8837991952896118,8.299101318698376e-05
17,hand,14,1,0.387456476688385,0.9088239073753357,0.0011268017115071416
17,hand,15,1,0.3929370045661926,0.9156121015548706,0.0031340643763542175
17,hand,16,1,0.39697909355163574,0.9167940020561218,0.004665594082325697
17,hand,17,1,0.3785123825073242,0.8788107633590698,0.0009621639619581401
17,hand,18,1,0.38055288791656494,0.8985329270362854,0.002646573819220066
17,hand,19,1,0.3849554657936096,0.9058631062507629,0.00480498094111681
17,hand,20,1,0.3885076344013214,0.9075601696968079,0.006629643030464649
17,pose,0,-1,0.4639948904514313,0.2147817313671112,-0.39910241961479187
17,pose,1,-1,0.4734346270561218,0.18674875795841217,-0.37312471866607666
17,pose,2,-1,0.4800892472267151,0.18720850348472595,-0.3732629716396332
17,pose,3,-1,0.4864749014377594,0.18806739151477814,-0.37327662110328674
17,pose,4,-1,0.4553629457950592,0.18718577921390533,-0.3740333914756775
17,pose,5,-1,0.4495692551136017,0.18773119151592255,-0.374087393283844
17,pose,6,-1,0.44558006525039673,0.18869911134243011,-0.3742031157016754
17,pose,7,-1,0.4944309592247009,0.20228053629398346,-0.20837408304214478
17,pose,8,-1,0.44226402044296265,0.20466527342796326,-0.21131716668605804
17,pose,9,-1,0.4775809347629547,0.24726158380508423,-0.33773019909858704
17,pose,10,-1,0.455016553401947,0.24860341846942902,-0.33872827887535095
17,pose,11,-1,0.5480322241783142,0.35908713936805725,-0.10304035246372223
17,pose,12,-1,0.3980920910835266,0.38854241371154785,-0.0984368771314621
17,pose,13,-1,0.6160053014755249,0.5486032366752625,-0.28155145049095154
17,pose,14,-1,0.38662511110305786,0.6075676679611206,-0.033881641924381256
17,pose,15,-1,0.5444822907447815,0.42433154582977295,-0.6549423336982727
17,pose,16,-1,0.390261709690094,0.8043839931488037,-0.16418685019016266
17,pose,17,-1,0.5219507813453674,0.39270293712615967,-0.7375182509422302
17,pose,18,-1,0.3877294361591339,0.8643118739128113,-0.19459988176822662
17,pose,19,-1,0.5241721868515015,0.3728747069835663,-0.7141835689544678
17,pose,20,-1,0.3972454369068146,0.8669075965881348,-0.23832295835018158
17,pose,21,-1,0.5271074175834656,0.3836250901222229,-0.6529027819633484
17,pose,22,-1,0.40066012740135193,0.8432981371879578,-0.18095757067203522
17,pose,23,-1,0.5186713933944702,0.7745670676231384,0.0003329816390760243
17,pose,24,-1,0.4342542886734009,0.7796756029129028,0.00016960174252744764
17,pose,25,-1,0.505323052406311,1.0140783786773682,-0.02677404135465622
17,pose,26,-1,0.4490087926387787,1.0081589221954346,0.00832346547394991
17,pose,27,-1,0.5099381804466248,1.2953802347183228,0.3482300937175751
17,pose,28,-1,0.4409256875514984,1.2832937240600586,0.3354460597038269
17,pose,29,-1,0.5112970471382141,1.325271487236023,0.37942713499069214
17,pose,30,-1,0.4413829445838928,1.3141326904296875,0.36393362283706665
17,pose,31,-1,0.5009709596633911,1.3804703950881958,0.23349551856517792
17,pose,32,-1,0.4529343545436859,1.3681128025054932,0.20152980089187622
18,hand,0,0,0.5436053276062012,0.38943666219711304,5.946642289700321e-08
18,hand,1,0,0.5349318385124207,0.35977593064308167,0.0011044740676879883
18,hand,2,0,0.5229666829109192,0.3378363847732544,0.0006214246968738735
18,hand,3,0,0.5163387656211853,0.31877225637435913,-0.0004365194763522595
18,hand,4,0,0.5153190493583679,0.30325090885162354,-0.002375204348936677
18,hand,5,0,0.5090969204902649,0.3439745604991913,-0.005608564242720604
18,hand,6,0,0.4930129945278168,0.32982921600341797,-0.009125640615820885
18,hand,7,0,0.48215416073799133,0.3205653727054596,-0.011372251436114311
18,hand,8,0,0.47318941354751587,0.3135983943939209,-0.013325285166501999
18,hand,9,0,0.5066317915916443,0.36151987314224243,-0.008593066595494747
18,hand,10,0,0.4868423044681549,0.36336272954940796,-0.013067767024040222
18,hand,11,0,0.47419407963752747,0.3676491677761078,-0.0159763116389513
18,hand,12,0,0.4646942615509033,0.3713345229625702,-0.01809452660381794
18,hand,13,0,0.5071178078651428,0.38090017437934875,-0.011076334863901138
18,hand,14,0,0.48815974593162537,0.3877496123313904,-0.015047866851091385
18,hand,15,0,0.4751604199409485,0.39255085587501526,-0.01780892349779606
18,hand,16,0,0.465151846408844,0.3965725898742676,-0.01996222324669361
18,hand,17,0,0.5101653337478638,0.39947760105133057,-0.01324858795851469
18,hand,18,0,0.49663418531417847,0.4111122190952301,-0.01761164888739586
18,hand,19,0,0.48754647374153137,0.4178805947303772,-0.019903715699911118
18,hand,20,0,0.47991764545440674,0.4220908582210541,-0.021167652681469917
18,hand,0,1,0.3870255947113037,0.8298559784889221,-1.161571017149754e-08
18,hand,1,1,0.4024306535720825,0.8398540616035461,-0.0019763365853577852
18,hand,2,1,0.40928521752357483,0.8638075590133667,-0.0018687824485823512
18,hand,3,1,0.4108119308948517,0.887410044670105,-0.0009668415295891464
18,hand,4,1,0.412791907787323,0.9047646522521973,0.0006555634899996221
18,hand,5,1,0.3997471034526825,0.8864756226539612,-0.0018117624567821622
18,hand,6,1,0.40404245257377625,0.9146144390106201,-0.0011574903037399054
18,hand,7,1,0.4085890054702759,0.925744891166687,-0.0002685502404347062
18,hand,8,1,0.41278693079948425,0.9322407245635986,0.0006835964741185308
18,hand,9,1,0.390844464302063,0.8880316019058228,-0.0002839935477823019
18,hand,10,1,0.3963595926761627,0.9157255291938782,0.0009091884130612016
18,hand,11,1,0.4026925563812256,0.9232308864593506,0.002819343004375696
18,hand,12,1,0.4072169065475464,0.9249571561813354,0.004447281360626221
18,hand,13,1,0.38436803221702576,0.8854091167449951,0.0012288811849430203
18,hand,14,1,0.3886967599391937,0.9107110500335693,0.0026773358695209026
18,hand,15,1,0.3942587077617645,0.917305588722229,0.005068488884717226
18,hand,16,1,0.39832204580307007,0.9183050990104675,0.006887305062264204
18,hand,17,1,0.37994369864463806,0.8806493878364563,0.0025198583025485277
18,hand,18,1,0.381757527589798,0.9003657698631287,0.0045762257650494576
18,hand,19,1,0.386207640171051,0.9077082276344299,0.006876886356621981
18,hand,20,1,0.3897484540939331,0.9093026518821716,0.008796927519142628
18,pose,0,-1,0.4627828598022461,0.215617835521698,-0.4057100713253021
18,pose,1,-1,0.47215837240219116,0.18709397315979004,-0.38068944215774536
18,pose,2,-1,0.47866296768188477,0.18742454051971436,-0.3808247447013855
18,pose,3,-1,0.4850209355354309,0.18828938901424408,-0.3808492422103882
18,pose,4,-1,0.4540868103504181,0.1879402995109558,-0.38081568479537964
18,pose,5,-1,0.44830548763275146,0.18846704065799713,-0.38087761402130127
18,pose,6,-1,0.4444687068462372,0.18933120369911194,-0.3810020387172699
18,pose,7,-1,0.4929313361644745,0.2026360034942627,-0.218543142080307
18,pose,8,-1,0.4407372772693634,0.20501242578029633,-0.21840828657150269
18,pose,9,-1,0.4761367440223694,0.24801424145698547,-0.3454519212245941
18,pose,10,-1,0.45338910818099976,0.24904011189937592,-0.3453918397426605
18,pose,11,-1,0.5464922189712524,0.357564240694046,-0.11634641140699387
18,pose,12,-1,0.397622287273407,0.38900408148765564,-0.10748831182718277
18,pose,13,-1,0.6172542572021484,0.5348577499389648,-0.3146466612815857
18,pose,14,-1,0.38677939772605896,0.6096740961074829,-0.047387395054101944
18,pose,15,-1,0.5447021126747131,0.3946012854576111,-0.6918261051177979
18,pose,16,-1,0.39042919874191284,0.8064801692962646,-0.18101714551448822
18,pose,17,-1,0.5228719115257263,0.3628901243209839,-0.7767419815063477
18,pose,18,-1,0.3878552317619324,0.8668984174728394,-0.2142827808856964
18,pose,19,-1,0.5231906771659851,0.3476363718509674,-0.7499736547470093
18,pose,20,-1,0.39727094769477844,0.8693175911903381,-0.25742971897125244
18,pose,21,-1,0.5269442796707153,0.35878244042396545,-0.6886780858039856
18,pose,22,-1,0.4007730484008789,0.8449565768241882,-0.19775500893592834
18,pose,23,-1,0.5195974111557007,0.7726691365242004,0.0002965603198390454
18,pose,24,-1,0.4345674216747284,0.7793881893157959,0.0002066980378003791
18,pose,25,-1,0.5055363774299622,1.0134459733963013,-0.0253527220338583
18,pose,26,-1,0.44912487268447876,1.0084121227264404,0.00911194272339344
18,pose,27,-1,0.5115146636962891,1.295949935913086,0.3891999423503876
18,pose,28,-1,0.44127219915390015,1.2848303318023682,0.33906134963035583
18,pose,29,-1,0.5133188962936401,1.325103521347046,0.42562946677207947
18,pose,30,-1,0.44154804944992065,1.3152538537979126,0.3682389259338379
18,pose,31,-1,0.5016291737556458,1.3830875158309937,0.2862647771835327
18,pose,32,-1,0.45542973279953003,1.3721058368682861,0.20431962609291077
19,hand,0,0,0.5464566946029663,0.3713173270225525,4.1553469998234505e-08
19,hand,1,0,0.535361647605896,0.34697628021240234,0.0017698645824566483
19,hand,2,0,0.5226266980171204,0.3309520483016968,0.001657095504924655
19,hand,3,0,0.5156161785125732,0.31683847308158875,0.0008688325760886073
19,hand,4,0,0.5144516825675964,0.3037101924419403,-0.0007536271004937589
19,hand,5,0,0.5097102522850037,0.3419647216796875,-0.005429526790976524
19,hand,6,0,0.49089309573173523,0.33680835366249084,-0.008892304264008999
19,hand,7,0,0.47963351011276245,0.33301615715026855,-0.010519499890506268
19,hand,8,0,0.47096842527389526,0.3303513526916504,-0.011786257848143578
19,hand,9,0,0.5088594555854797,0.35819631814956665,-0.008770246058702469
19,hand,10,0,0.48797550797462463,0.3621305525302887,-0.012477169744670391
19,hand,11,0,0.47445669770240784,0.36594158411026,-0.014634966850280762
19,hand,12,0,0.4642446041107178,0.37004202604293823,-0.01624707318842411
19,hand,13,0,0.5110732913017273,0.3754090368747711,-0.011645394377410412
19,hand,14,0,0.49355563521385193,0.3835967779159546,-0.015435059554874897
19,hand,15,0,0.4818308651447296,0.38868141174316406,-0.018535040318965912
19,hand,16,0,0.4722807705402374,0.39267271757125854,-0.020899353548884392
19,hand,17,0,0.5156028866767883,0.39156848192214966,-0.014116921462118626
19,hand,18,0,0.5045936107635498,0.407466858625412,-0.01892686076462269
19,hand,19,0,0.4977141320705414,0.4181470572948456,-0.02163407951593399
19,hand,20,0,0.49169427156448364,0.4269907772541046,-0.02321712113916874
19,hand,0,1,0.3881705105304718,0.8307367563247681,-1.4704565565182293e-08
19,hand,1,1,0.40353450179100037,0.840880274772644,-0.0021934290416538715
19,hand,2,1,0.4102681279182434,0.8650568723678589,-0.0025608581490814686
19,hand,3,1,0.4118894338607788,0.888970136642456,-0.0021206906531006098
19,hand,4,1,0.4143907427787781,0.9062655568122864,-0.0010652771452441812
19,hand,5,1,0.40084776282310486,0.8852709531784058,-0.0036423446144908667
19,hand,6,1,0.4060152471065521,0.9146839380264282,-0.0041408175602555275
19,hand,7,1,0.41085150837898254,0.9266491532325745,-0.004031845834106207
19,hand,8,1,0.4153796136379242,0.9341567158699036,-0.003583158366382122
19,hand,9,1,0.39225780963897705,0.8879994750022888,-0.0024285425897687674
19,hand,10,1,0.39880356192588806,0.916909396648407,-0.0022616044152528048
19,hand,11,1,0.4056059718132019,0.9255922436714172,-0.0010230311891064048
19,hand,12,1,0.41069358587265015,0.9283952713012695,4.359517333796248e-05
19,hand,13,1,0.38599494099617004,0.8868248462677002,-0.0011724416399374604
19,hand,14,1,0.39151185750961304,0.913523256778717,-0.0006029364885762334
19,hand,15,1,0.3975417912006378,0.9208112359046936,0.0012125715147703886
19,hand,16,1,0.40207478404045105,0.92222660779953,0.0025919072795659304
19,hand,17,1,0.38179731369018555,0.8835766315460205,-0.0001389238896081224
19,hand,18,1,0.38444027304649353,0.9041861295700073,0.001108741038478911
19,hand,19,1,0.38924524188041687,0.9115354418754578,0.002909040777012706
19,hand,20,1,0.3931443393230438,0.9133657813072205,0.00444278446957469
19,pose,0,-1,0.4587099850177765,0.21746911108493805,-0.4051384925842285
19,pose,1,-1,0.468527227640152,0.1886584460735321,-0.38136234879493713
19,pose,2,-1,0.47480809688568115,0.18850484490394592,-0.3814948797225952
19,pose,3,-1,0.48128741979599,0.18910382688045502,-0.3815125823020935
19,pose,4,-1,0.4512934982776642,0.19044852256774902,-0.3792475163936615
19,pose,5,-1,0.4461161196231842,0.19106018543243408,-0.37929609417915344
19,pose,6,-1,0.4425748586654663,0.19170869886875153,-0.3794225752353668
19,pose,7,-1,0.49112093448638916,0.2031923085451126,-0.22247664630413055
19,pose,8,-1,0.43994781374931335,0.20631259679794312,-0.21172353625297546
19,pose,9,-1,0.4722495973110199,0.2490064799785614,-0.3458477258682251
19,pose,10,-1,0.4500032067298889,0.25033339858055115,-0.34295567870140076
19,pose,11,-1,0.5463284850120544,0.35719022154808044,-0.12205002456903458
19,pose,12,-1,0.3975248634815216,0.3889896273612976,-0.09262178093194962
19,pose,13,-1,0.6175413727760315,0.5311662554740906,-0.31915637850761414
19,pose,14,-1,0.3869124948978424,0.6098966598510742,-0.012716108001768589
19,pose,15,-1,0.5465573072433472,0.3742261826992035,-0.6837904453277588
19,pose,16,-1,0.3911285996437073,0.8074495792388916,-0.13402777910232544
19,pose,17,-1,0.523465096950531,0.35081979632377625,-0.7645875215530396
19,pose,18,-1,0.3883682191371918,0.8689877986907959,-0.16156204044818878
19,pose,19,-1,0.5231953263282776,0.3366818428039551,-0.7389829754829407
19,pose,20,-1,0.39825519919395447,0.871109127998352,-0.20504671335220337
19,pose,21,-1,0.5269099473953247,0.34522974491119385,-0.6803844571113586
19,pose,22,-1,0.40208229422569275,0.8467026352882385,-0.1505700647830963
19,pose,23,-1,0.5200778245925903,0.7716154456138611,-0.0006531588151119649
19,pose,24,-1,0.43500596284866333,0.778327465057373,0.0011497214436531067
19,pose,25,-1,0.5055183172225952,1.0134745836257935,-0.0328456312417984
19,pose,26,-1,0.4491859972476959,1.0094313621520996,-0.005611400585621595
19,pose,27,-1,0.512482225894928,1.2949309349060059,0.3885560929775238
19,pose,28,-1,0.4414183497428894,1.2842440605163574,0.3279706835746765
19,pose,29,-1,0.5146926045417786,1.3243379592895508,0.4246536195278168
19,pose,30,-1,0.44156187772750854,1.314209222793579,0.35801684856414795
19,pose,31,-1,0.5018342137336731,1.3813681602478027,0.2860214114189148
19,pose,32,-1,0.4563848376274109,1.370980978012085,0.19642598927021027
20,hand,0,0,0.5493333339691162,0.3605039417743683,5.980224671020551e-08
20,hand,1,0,0.5409713387489319,0.33458563685417175,-0.00030573256663046777
20,hand,2,0,0.5301927328109741,0.3158215284347534,-0.0029586642049252987
20,hand,3,0,0.5246472358703613,0.29887041449546814,-0.006209227256476879
20,hand,4,0,0.5266499519348145,0.28425148129463196,-0.010253400541841984
20,hand,5,0,0.5130783319473267,0.3283168375492096,-0.006356392055749893
20,hand,6,0,0.4938892126083374,0.33307236433029175,-0.01050795242190361
20,hand,7,0,0.4818536043167114,0.33757033944129944,-0.013480992056429386
20,hand,8,0,0.47299009561538696,0.34288471937179565,-0.015794998034834862
20,hand,9,0,0.5114688277244568,0.3440699577331543,-0.009475411847233772
20,hand,10,0,0.49177053570747375,0.34628334641456604,-0.013267464004456997
20,hand,11,0,0.47884541749954224,0.35143938660621643,-0.016327474266290665
20,hand,12,0,0.4692787826061249,0.35772275924682617,-0.01872863806784153
20,hand,13,0,0.5130351781845093,0.3615647852420807,-0.012307561933994293
20,hand,14,0,0.4950838088989258,0.3641778230667114,-0.015753861516714096
20,hand,15,0,0.48304715752601624,0.3678749203681946,-0.019590729847550392
20,hand,16,0,0.47404515743255615,0.3715670108795166,-0.022590916603803635
20,hand,17,0,0.5168095231056213,0.3798597455024719,-0.014935879968106747
20,hand,18,0,0.5055526494979858,0.39092329144477844,-0.0185176283121109
20,hand,19,0,0.497709184885025,0.39911961555480957,-0.020786743611097336
20,hand,20,0,0.4911252558231354,0.40603312849998474,-0.02234579436480999
20,hand,0,1,0.3887871503829956,0.8300608396530151,-1.300791829805803e-08
20,hand,1,1,0.40433964133262634,0.8398224711418152,-0.0032858222257345915
20,hand,2,1,0.4115380346775055,0.8641654849052429,-0.004056333564221859
20,hand,3,1,0.4136219322681427,0.8886330723762512,-0.0038063370157033205
20,hand,4,1,0.4160308241844177,0.9066543579101562,-0.0028845530468970537
20,hand,5,1,0.4014267921447754,0.8844298720359802,-0.0046952031552791595
20,hand,6,1,0.40727612376213074,0.914643406867981,-0.0055076186545193195
20,hand,7,1,0.41251420974731445,0.9268196225166321,-0.005591593217104673
20,hand,8,1,0.417235404253006,0.9348544478416443,-0.0052860938012599945
20,hand,9,1,0.3928942382335663,0.8872908353805542,-0.003000549040734768
20,hand,10,1,0.3997156620025635,0.9172569513320923,-0.0032945284619927406
20,hand,11,1,0.40689316391944885,0.9249557852745056,-0.002173179527744651
20,hand,12,1,0.4119347035884857,0.9266602396965027,-0.0011006282875314355
20,hand,13,1,0.3869749903678894,0.8860726952552795,-0.001356456778012216
20,hand,14,1,0.3925631046295166,0.9138473272323608,-0.0012375342193990946
20,hand,15,1,0.399313360452652,0.9209835529327393,0.0003891985979862511
20,hand,16,1,0.4041048288345337,0.9221203923225403,0.0017560210544615984
20,hand,17,1,0.3833102583885193,0.8830057978630066,-1.341113693342777e-05
20,hand,18,1,0.38609403371810913,0.904833972454071,0.0007825162028893828
20,hand,19,1,0.39166247844696045,0.9127386212348938,0.00225162785500288
20,hand,20,1,0.39605477452278137,0.9146759510040283,0.0035963645204901695
20,pose,0,-1,0.45605939626693726,0.21818982064723969,-0.40141189098358154
20,pose,1,-1,0.4661007225513458,0.18947814404964447,-0.3785315454006195
20,pose,2,-1,0.4723346531391144,0.18921861052513123,-0.37865564227104187
20,pose,3,-1,0.47889676690101624,0.1897081583738327,-0.3786725699901581
20,pose,4,-1,0.4491678774356842,0.19142349064350128,-0.374841570854187
20,pose,5,-1,0.44442620873451233,0.19202157855033875,-0.3748725354671478
20,pose,6,-1,0.4410589337348938,0.19257397949695587,-0.37500128149986267
20,pose,7,-1,0.4897443950176239,0.2035270482301712,-0.2221260964870453
20,pose,8,-1,0.4390280842781067,0.206680029630661,-0.20495757460594177
20,pose,9,-1,0.4699445962905884,0.24960516393184662,-0.3428800404071808
20,pose,10,-1,0.4477229118347168,0.25108301639556885,-0.3380088210105896
20,pose,11,-1,0.5457710027694702,0.35537439584732056,-0.12279408425092697
20,pose,12,-1,0.3973391354084015,0.38894134759902954,-0.08915837854146957
20,pose,13,-1,0.6182171702384949,0.5283830761909485,-0.32260066270828247
20,pose,14,-1,0.38699182868003845,0.6100037097930908,-0.011402483098208904
20,pose,15,-1,0.5489346385002136,0.3637230098247528,-0.6866537928581238
20,pose,16,-1,0.39144331216812134,0.8080750107765198,-0.12983408570289612
20,pose,17,-1,0.5260021686553955,0.3433353304862976,-0.7663096785545349
20,pose,18,-1,0.38879308104515076,0.8706644177436829,-0.1562633365392685
20,pose,19,-1,0.5237219333648682,0.3315321207046509,-0.739364504814148
20,pose,20,-1,0.39950627088546753,0.8719440698623657,-0.19852565228939056
20,pose,21,-1,0.5275276899337769,0.3404892385005951,-0.6830371618270874
20,pose,22,-1,0.40362629294395447,0.8479189276695251,-0.1457640826702118
20,pose,23,-1,0.5201179385185242,0.7710517644882202,-0.0008295178413391113
20,pose,24,-1,0.435476154088974,0.7774280309677124,0.0013066407991573215
20,pose,25,-1,0.5056485533714294,1.0128118991851807,-0.03491668403148651
20,pose,26,-1,0.4492286145687103,1.0102976560592651,-0.019137481227517128
20,pose,27,-1,0.5124891400337219,1.281057357788086,0.3859976530075073
20,pose,28,-1,0.4413679540157318,1.27335524559021,0.3189685642719269
20,pose,29,-1,0.5146844983100891,1.306653618812561,0.4235614836215973
20,pose,30,-1,0.441170871257782,1.2996238470077515,0.3500629663467407
20,pose,31,-1,0.5019642114639282,1.3678911924362183,0.28817877173423767
20,pose,32,-1,0.4562875032424927,1.3623003959655762,0.19581009447574615
21,hand,0,0,0.553540050983429,0.35990533232688904,6.489310067081533e-08
21,hand,1,0,0.5504902005195618,0.3291734755039215,-0.0005060654366388917
21,hand,2,0,0.5429920554161072,0.3065494894981384,-0.002622033469378948
21,hand,3,0,0.5416144728660583,0.2845214605331421,-0.005502207204699516
21,hand,4,0,0.5458410978317261,0.26520517468452454,-0.009062065742909908
21,hand,5,0,0.5215702056884766,0.30937460064888,-0.0019235495710745454
21,hand,6,0,0.5065866708755493,0.3104904890060425,-0.003925992175936699
21,hand,7,0,0.496850848197937,0.31134724617004395,-0.005759584251791239
21,hand,8,0,0.49011164903640747,0.31173911690711975,-0.007635553367435932
21,hand,9,0,0.5161874890327454,0.325686514377594,-0.004894120618700981
21,hand,10,0,0.4972062408924103,0.3292873799800873,-0.007009970024228096
21,hand,11,0,0.48462972044944763,0.33144015073776245,-0.009363663382828236
21,hand,12,0,0.4753487706184387,0.33322712779045105,-0.011323546059429646
21,hand,13,0,0.5152370929718018,0.34493860602378845,-0.007987593300640583
21,hand,14,0,0.49691709876060486,0.3482500910758972,-0.011175801046192646
21,hand,15,0,0.484465092420578,0.35108593106269836,-0.015256240032613277
21,hand,16,0,0.47490543127059937,0.35283929109573364,-0.018215084448456764
21,hand,17,0,0.5173136591911316,0.36538615822792053,-0.010950779542326927
21,hand,18,0,0.5049787163734436,0.37779614329338074,-0.015570425428450108
21,hand,19,0,0.4955170154571533,0.38602226972579956,-0.018840795382857323
21,hand,20,0,0.4873889684677124,0.392194926738739,-0.020871326327323914
21,hand,0,1,0.38977479934692383,0.8300841450691223,-1.4927472591352853e-08
21,hand,1,1,0.40541520714759827,0.8399106860160828,-0.003164011286571622
21,hand,2,1,0.41270023584365845,0.8642069101333618,-0.0038428199477493763
21,hand,3,1,0.4148283302783966,0.8887102007865906,-0.003532106289640069
21,hand,4,1,0.4174650311470032,0.9068272709846497,-0.002553908620029688
21,hand,5,1,0.402258962392807,0.8860614895820618,-0.00405088858678937
21,hand,6,1,0.40852251648902893,0.9156324863433838,-0.004574678838253021
21,hand,7,1,0.4139476716518402,0.9271152019500732,-0.004598231520503759
21,hand,8,1,0.41878411173820496,0.9345466494560242,-0.004270011559128761
21,hand,9,1,0.39399150013923645,0.8883102536201477,-0.002355506643652916
21,hand,10,1,0.4012327790260315,0.9174703359603882,-0.00244018598459661
21,hand,11,1,0.40855565667152405,0.9254558086395264,-0.0015486266929656267
21,hand,12,1,0.4138684868812561,0.9277912378311157,-0.0007242979481816292
21,hand,13,1,0.3884013891220093,0.8864707946777344,-0.0007096962654031813
21,hand,14,1,0.3942256569862366,0.9137336015701294,-0.0006041225278750062
21,hand,15,1,0.4010123312473297,0.9210498929023743,0.0006894930265843868
21,hand,16,1,0.4060019552707672,0.9226622581481934,0.0018055432010442019
21,hand,17,1,0.38498014211654663,0.8830255270004272,0.0006858957931399345
21,hand,18,1,0.38800913095474243,0.9054325222969055,0.0014582278672605753
21,hand,19,1,0.39348769187927246,0.913598895072937,0.002826535841450095
21,hand,20,1,0.39787936210632324,0.9159717559814453,0.004083492327481508
21,pose,0,-1,0.45179593563079834,0.2218722105026245,-0.38814911246299744
21,pose,1,-1,0.46169060468673706,0.19368144869804382,-0.3666229546070099
21,pose,2,-1,0.4678739607334137,0.19277317821979523,-0.3667537271976471
21,pose,3,-1,0.4741431474685669,0.1926744431257248,-0.3667862117290497
21,pose,4,-1,0.44596704840660095,0.1964746117591858,-0.3611646592617035
21,pose,5,-1,0.44203758239746094,0.1972079873085022,-0.36118632555007935
21,pose,6,-1,0.4386288523674011,0.19772592186927795,-0.3613360822200775
21,pose,7,-1,0.48717057704925537,0.20413747429847717,-0.2146671861410141
21,pose,8,-1,0.4379713833332062,0.20941166579723358,-0.18977981805801392
21,pose,9,-1,0.4660765826702118,0.2515154778957367,-0.3309333026409149
21,pose,10,-1,0.44528928399086,0.2531048357486725,-0.3238649368286133
21,pose,11,-1,0.5441535711288452,0.3530896008014679,-0.11451298743486404
21,pose,12,-1,0.39713823795318604,0.38865238428115845,-0.07646935433149338
21,pose,13,-1,0.617382287979126,0.525998592376709,-0.3142732083797455
21,pose,14,-1,0.3870573043823242,0.6099010109901428,0.00600489741191268
21,pose,15,-1,0.5490158796310425,0.36127138137817383,-0.674594521522522
21,pose,16,-1,0.3919450342655182,0.8081348538398743,-0.10213594883680344
21,pose,17,-1,0.5288646221160889,0.3322373628616333,-0.7513912916183472
21,pose,18,-1,0.3893067240715027,0.8708502650260925,-0.12434022128582001
21,pose,19,-1,0.525431215763092,0.3211587369441986,-0.7260059714317322
21,pose,20,-1,0.4004907011985779,0.8721030950546265,-0.1663525551557541
21,pose,21,-1,0.5283521413803101,0.3338143527507782,-0.6716143488883972
21,pose,22,-1,0.4046708941459656,0.8483769297599792,-0.11774826049804688
21,pose,23,-1,0.5202591419219971,0.7685969471931458,-0.0008963459986262023
21,pose,24,-1,0.4360710382461548,0.7747737169265747,0.001351455575786531
21,pose,25,-1,0.5065366625785828,1.0106621980667114,-0.0490393303334713
21,pose,26,-1,0.44923919439315796,1.0103925466537476,-0.05172191187739372
21,pose,27,-1,0.5124966502189636,1.2701377868652344,0.3532046377658844
21,pose,28,-1,0.44142964482307434,1.2628846168518066,0.29051050543785095
21,pose,29,-1,0.5146870017051697,1.29387629032135,0.3894196152687073
21,pose,30,-1,0.44118577241897583,1.2858113050460815,0.32236990332603455
21,pose,31,-1,0.502079427242279,1.3563417196273804,0.2642803490161896
21,pose,32,-1,0.4562307298183441,1.3500901460647583,0.17795981466770172
22,hand,0,0,0.5465019941329956,0.3758859634399414,8.187824107608321e-08
22,hand,1,0,0.5512649416923523,0.34142184257507324,0.0006996333249844611
22,hand,2,0,0.5500234961509705,0.31397226452827454,0.0007337240385822952
22,hand,3,0,0.5503436326980591,0.29255107045173645,0.0001251632784260437
22,hand,4,0,0.5540632605552673,0.27604836225509644,-0.001010740757919848
22,hand,5,0,0.5307976007461548,0.3125274181365967,-0.0002106587344314903
22,hand,6,0,0.5232670307159424,0.28624266386032104,-0.0012971068499609828
22,hand,7,0,0.5183396935462952,0.2705976963043213,-0.001728733186610043
22,hand,8,0,0.5153725743293762,0.2588501274585724,-0.002008781535550952
22,hand,9,0,0.5238571166992188,0.32610905170440674,-0.0014651368837803602
22,hand,10,0,0.5094183683395386,0.3082694709300995,-0.0017197491833940148
22,hand,11,0,0.5016870498657227,0.30079665780067444,-0.001302383141592145
22,hand,12,0,0.49711325764656067,0.2972318232059479,-0.0008982658036984503
22,hand,13,0,0.5210959315299988,0.34245625138282776,-0.0027320715598762035
22,hand,14,0,0.5062798857688904,0.33387038111686707,-0.0036278613843023777
22,hand,15,0,0.4965929388999939,0.33051788806915283,-0.004473279230296612
22,hand,16,0,0.489178329706192,0.3289302587509155,-0.004927690606564283
22,hand,17,0,0.5211525559425354,0.3593880832195282,-0.0038449738640338182
22,hand,18,0,0.5099230408668518,0.3644788861274719,-0.005980657879263163
22,hand,19,0,0.5014725923538208,0.3670603930950165,-0.0070344372652471066
22,hand,20,0,0.49446672201156616,0.3703925907611847,-0.007202562410384417
22,hand,0,1,0.38991057872772217,0.8292630314826965,-1.3675905741195038e-08
22,hand,1,1,0.40569716691970825,0.8383525609970093,-0.0038474539760500193
22,hand,2,1,0.4133784770965576,0.8623570799827576,-0.0050013321451842785
22,hand,3,1,0.4161513149738312,0.8873823285102844,-0.005089235957711935
22,hand,4,1,0.41850385069847107,0.9061008095741272,-0.004479153081774712
22,hand,5,1,0.4031831920146942,0.8840930461883545,-0.005105128977447748
22,hand,6,1,0.4093795120716095,0.9146133065223694,-0.006210985593497753
22,hand,7,1,0.41485586762428284,0.9274815320968628,-0.006409866735339165
22,hand,8,1,0.419723778963089,0.9358593821525574,-0.006132943090051413
22,hand,9,1,0.3946709930896759,0.8873541355133057,-0.003295004367828369
22,hand,10,1,0.4019891023635864,0.9172257781028748,-0.0039225053042173386
22,hand,11,1,0.40980854630470276,0.9255262613296509,-0.0030437989626079798
22,hand,12,1,0.4154072105884552,0.9276406168937683,-0.0020945037249475718
22,hand,13,1,0.389039009809494,0.8865879774093628,-0.0015906888293102384
22,hand,14,1,0.395106703042984,0.9141390323638916,-0.0019718583207577467
22,hand,15,1,0.40228673815727234,0.9215846657752991,-0.0006944929482415318
22,hand,16,1,0.4075057804584503,0.9228741526603699,0.0005559856072068214
22,hand,17,1,0.3858453333377838,0.8840945363044739,-0.0001998436637222767
22,hand,18,1,0.3891078233718872,0.9065492153167725,0.00014132946671452373
22,hand,19,1,0.39475247263908386,0.9151043891906738,0.001340975402854383
22,hand,20,1,0.3993387222290039,0.9174767136573792,0.0025921622291207314
22,pose,0,-1,0.45089012384414673,0.2232656180858612,-0.3911188244819641
22,pose,1,-1,0.4599479138851166,0.1951618790626526,-0.36943334341049194
22,pose,2,-1,0.46587318181991577,0.19408594071865082,-0.3695586323738098
22,pose,3,-1,0.47191110253334045,0.19372129440307617,-0.3695824444293976
22,pose,4,-1,0.4443409740924835,0.19799469411373138,-0.3656301200389862
22,pose,5,-1,0.44059550762176514,0.19880124926567078,-0.36566802859306335
22,pose,6,-1,0.4368514120578766,0.19936105608940125,-0.36581340432167053
22,pose,7,-1,0.4850754737854004,0.20414036512374878,-0.21628397703170776
22,pose,8,-1,0.43625175952911377,0.21018464863300323,-0.19835366308689117
22,pose,9,-1,0.4650021195411682,0.2520146071910858,-0.3333868980407715
22,pose,10,-1,0.4444909393787384,0.25371405482292175,-0.3283844292163849
22,pose,11,-1,0.5431322455406189,0.35044029355049133,-0.11283185333013535
22,pose,12,-1,0.3968471586704254,0.3886834681034088,-0.08903677761554718
22,pose,13,-1,0.618918776512146,0.5245296359062195,-0.31622114777565
22,pose,14,-1,0.3871973156929016,0.611156702041626,0.004176571033895016
22,pose,15,-1,0.5490124225616455,0.3790976107120514,-0.6920047998428345
22,pose,16,-1,0.3925890624523163,0.8087192177772522,-0.10978729277849197
22,pose,17,-1,0.5324714183807373,0.3415846526622772,-0.7745621204376221
22,pose,18,-1,0.3903922438621521,0.8720719218254089,-0.13270889222621918
22,pose,19,-1,0.5285149812698364,0.3290344178676605,-0.749163031578064
22,pose,20,-1,0.4024621844291687,0.8733422756195068,-0.18216031789779663
22,pose,21,-1,0.5301380157470703,0.3449184000492096,-0.6897655725479126
22,pose,22,-1,0.40667420625686646,0.8499369025230408,-0.11900375038385391
22,pose,23,-1,0.5204971432685852,0.7666144371032715,-0.0007376883295364678
22,pose,24,-1,0.4362441897392273,0.7737034559249878,0.0011942553101107478
22,pose,25,-1,0.5070573091506958,1.0102849006652832,-0.04517661780118942
22,pose,26,-1,0.4491911828517914,1.010485053062439,-0.03275642916560173
22,pose,27,-1,0.514781653881073,1.2709203958511353,0.35264530777931213
22,pose,28,-1,0.4424178898334503,1.2673546075820923,0.2858146131038666
22,pose,29,-1,0.5172258019447327,1.294891119003296,0.3865665793418884
22,pose,30,-1,0.44210514426231384,1.2923229932785034,0.3135460913181305
22,pose,31,-1,0.5047078728675842,1.3565082550048828,0.25247129797935486
22,pose,32,-1,0.4574626088142395,1.355284571647644,0.15506593883037567
23,hand,0,0,0.39061376452445984,0.8307934999465942,-1.1865997961990615e-08
23,hand,1,0,0.40685418248176575,0.8402060270309448,-0.003764570225030184
23,hand,2,0,0.414296954870224,0.8646893501281738,-0.004769314080476761
23,hand,3,0,0.4164521098136902,0.8896406888961792,-0.004610278643667698
23,hand,4,0,0.41894692182540894,0.9081302881240845,-0.0037839326541870832
23,hand,5,0,0.40362706780433655,0.8854804635047913,-0.005928549449890852
23,hand,6,0,0.40960896015167236,0.9159305095672607,-0.006976236589252949
23,hand,7,0,0.4152010381221771,0.9284006357192993,-0.006830299738794565
23,hand,8,0,0.42008933424949646,0.9367470145225525,-0.0062646870501339436
23,hand,9,0,0.3948962688446045,0.8885331749916077,-0.004027955699712038
23,hand,10,0,0.4023580253124237,0.9195317029953003,-0.0048369658179581165
23,hand,11,0,0.4102392792701721,0.926642119884491,-0.0035447299014776945
23,hand,12,0,0.41540876030921936,0.9274130463600159,-0.002136025344952941
23,hand,13,0,0.38924098014831543,0.8875491619110107,-0.0021521486341953278
23,hand,14,0,0.39541181921958923,0.9161549806594849,-0.002586378250271082
23,hand,15,0,0.4026215970516205,0.9223619699478149,-0.0009138034656643867
23,hand,16,0,0.40737393498420715,0.9223456978797913,0.0007397105800919235
23,hand,17,0,0.3862046003341675,0.8849508166313171,-0.0005588469211943448
23,hand,18,0,0.3898318111896515,0.9079504013061523,-8.816906483843923e-05
23,hand,19,0,0.39551013708114624,0.9160466194152832,0.0013806886272504926
23,hand,20,0,0.399751216173172,0.9179559946060181,0.0028695170767605305
23,pose,0,-1,0.446295827627182,0.22645463049411774,-0.39471951127052307
23,pose,1,-1,0.4546348750591278,0.1971929669380188,-0.37017855048179626
23,pose,2,-1,0.4612104594707489,0.1959465742111206,-0.3703349828720093
23,pose,3,-1,0.46746036410331726,0.19517727196216583,-0.3703717887401581
23,pose,4,-1,0.4405304193496704,0.20041806995868683,-0.36916816234588623
23,pose,5,-1,0.4369794726371765,0.20127838850021362,-0.36921027302742004
23,pose,6,-1,0.4327809512615204,0.20210778713226318,-0.3693488836288452
23,pose,7,-1,0.48238375782966614,0.20416982471942902,-0.23168209195137024
23,pose,8,-1,0.43406984210014343,0.21244396269321442,-0.20291809737682343
23,pose,9,-1,0.4611620604991913,0.25341179966926575,-0.33548620343208313
23,pose,10,-1,0.442013680934906,0.2551529109477997,-0.33224934339523315
23,pose,11,-1,0.5429416298866272,0.34549957513809204,-0.12224003672599792
23,pose,12,-1,0.39661216735839844,0.38940075039863586,-0.09367851912975311
23,pose,13,-1,0.622309148311615,0.5171963572502136,-0.3399060368537903
23,pose,14,-1,0.3877336382865906,0.6132076978683472,-0.036527059972286224
23,pose,15,-1,0.5495232343673706,0.39916619658470154,-0.7152445912361145
23,pose,16,-1,0.3929786682128906,0.8096835613250732,-0.16737879812717438
23,pose,17,-1,0.5341529846191406,0.37005841732025146,-0.796624481678009
23,pose,18,-1,0.3909950256347656,0.8735054731369019,-0.19939859211444855
23,pose,19,-1,0.5293624997138977,0.35673758387565613,-0.7714376449584961
23,pose,20,-1,0.4034609794616699,0.8746325969696045,-0.2357383817434311
23,pose,21,-1,0.5308064222335815,0.3682439923286438,-0.7125483155250549
23,pose,22,-1,0.40768152475357056,0.851212203502655,-0.17844322323799133
23,pose,23,-1,0.5207952857017517,0.7639933228492737,-0.0009417047840543091
23,pose,24,-1,0.4367651045322418,0.7726317048072815,0.0013791967649012804
23,pose,25,-1,0.5073006749153137,1.010335087776184,-0.04985126480460167
23,pose,26,-1,0.4491857588291168,1.0107393264770508,-0.03370063379406929
23,pose,27,-1,0.5153030753135681,1.2728679180145264,0.32403701543807983
23,pose,28,-1,0.44291478395462036,1.2751648426055908,0.25090691447257996
23,pose,29,-1,0.5177019238471985,1.2967740297317505,0.3555814027786255
23,pose,30,-1,0.4432392716407776,1.3021492958068848,0.2750706076622009
23,pose,31,-1,0.5049611926078796,1.3603136539459229,0.21518182754516602
23,pose,32,-1,0.4573705494403839,1.364470362663269,0.10984587669372559
24,hand,0,0,0.39115476608276367,0.8316382169723511,-1.37440228087371e-08
24,hand,1,0,0.4073019325733185,0.8416334986686707,-0.003633751068264246
24,hand,2,0,0.4145696759223938,0.8668588399887085,-0.004370736889541149
24,hand,3,0,0.41677016019821167,0.8915759325027466,-0.0040120091289281845
24,hand,4,0,0.4194243550300598,0.9095667004585266,-0.0030120322480797768
24,hand,5,0,0.40359172224998474,0.8882808685302734,-0.00495756883174181
24,hand,6,0,0.40976858139038086,0.9178142547607422,-0.0057415892370045185
24,hand,7,0,0.41529572010040283,0.9302754998207092,-0.005741945467889309
24,hand,8,0,0.4202430844306946,0.9388390183448792,-0.005388823337852955
24,hand,9,0,0.3950570821762085,0.8911734819412231,-0.003066197270527482
24,hand,10,0,0.40258386731147766,0.9207637310028076,-0.003608445171266794
24,hand,11,0,0.4105510413646698,0.9285980463027954,-0.0026975306682288647
24,hand,12,0,0.4161161780357361,0.9305273294448853,-0.0016997595084831119
24,hand,13,0,0.389580100774765,0.8900527358055115,-0.0012323497794568539
24,hand,14,0,0.3959522545337677,0.9173887372016907,-0.0014916749205440283
24,hand,15,0,0.4032497704029083,0.9245041608810425,-0.0002777600020635873
24,hand,16,0,0.4084588587284088,0.9254366755485535,0.0009336420916952193
24,hand,17,0,0.3866388499736786,0.887397050857544,0.0003103349299635738
24,hand,18,0,0.3899739682674408,0.909622073173523,0.0007695896783843637
24,hand,19,0,0.3956245481967926,0.9184363484382629,0.0018836201634258032
24,hand,20,0,0.40016695857048035,0.9212663173675537,0.003058698261156678
24,pose,0,-1,0.44301027059555054,0.22704894840717316,-0.4090620279312134
24,pose,1,-1,0.45083358883857727,0.19796624779701233,-0.39429810643196106
24,pose,2,-1,0.4576491117477417,0.19687749445438385,-0.3943757116794586
24,pose,3,-1,0.4640956521034241,0.1960204541683197,-0.3944280445575714
24,pose,4,-1,0.4373340606689453,0.20096758008003235,-0.38541215658187866
24,pose,5,-1,0.43353408575057983,0.2017880380153656,-0.38546663522720337
24,pose,6,-1,0.4292898178100586,0.20272132754325867,-0.3856213390827179
24,pose,7,-1,0.4798528850078583,0.20447002351284027,-0.269376277923584
24,pose,8,-1,0.4319606423377991,0.21348105370998383,-0.21951493620872498
24,pose,9,-1,0.45843803882598877,0.2537345290184021,-0.3590836822986603
24,pose,10,-1,0.43989846110343933,0.2553371787071228,-0.34558096528053284
24,pose,11,-1,0.5430287718772888,0.3441598117351532,-0.16935351490974426
24,pose,12,-1,0.3962951600551605,0.3914833068847656,-0.12821096181869507
24,pose,13,-1,0.6323912739753723,0.5080605745315552,-0.390522837638855
24,pose,14,-1,0.38825562596321106,0.6156523823738098,-0.09507253766059875
24,pose,15,-1,0.5496818423271179,0.4143774211406708,-0.7423421740531921
24,pose,16,-1,0.39310410618782043,0.8115755915641785,-0.223364919424057
24,pose,17,-1,0.5340349674224854,0.3905850648880005,-0.824194610118866
24,pose,18,-1,0.3912997245788574,0.8757916688919067,-0.2606441080570221
24,pose,19,-1,0.528105616569519,0.37683582305908203,-0.7943866848945618
24,pose,20,-1,0.4038594663143158,0.8771771192550659,-0.2957218289375305
24,pose,21,-1,0.5300589799880981,0.3861313462257385,-0.7376015186309814
24,pose,22,-1,0.40800851583480835,0.8536384105682373,-0.2373579442501068
24,pose,23,-1,0.5215534567832947,0.7625132203102112,-0.007703280542045832
24,pose,24,-1,0.43774986267089844,0.7722195386886597,0.008053558878600597
24,pose,25,-1,0.5078285336494446,1.0089428424835205,-0.04977941885590553
24,pose,26,-1,0.44921788573265076,1.0095312595367432,-0.0043519302271306515
24,pose,27,-1,0.5155106782913208,1.2722558975219727,0.3265353739261627
24,pose,28,-1,0.44346722960472107,1.2754815816879272,0.2744789123535156
24,pose,29,-1,0.5177932977676392,1.2967751026153564,0.3588458001613617
24,pose,30,-1,0.444143682718277,1.3033931255340576,0.30366992950439453
24,pose,31,-1,0.5051917433738708,1.3594566583633423,0.2182168960571289
24,pose,32,-1,0.45672449469566345,1.3643287420272827,0.14298464357852936
25,hand,0,0,0.389997661113739,0.833180844783783,-1.5890593729750435e-08
25,hand,1,0,0.40607553720474243,0.8423910737037659,-0.004155611153692007
25,hand,2,0,0.4136553704738617,0.8675167560577393,-0.0052596949972212315
25,hand,3,0,0.41602057218551636,0.8925057649612427,-0.005178562831133604
25,hand,4,0,0.41877278685569763,0.9105206727981567,-0.004412561655044556
25,hand,5,0,0.40285342931747437,0.8872175812721252,-0.006625376176089048
25,hand,6,0,0.4086245596408844,0.9187787175178528,-0.008322341367602348
25,hand,7,0,0.41461387276649475,0.932085394859314,-0.008645537309348583
25,hand,8,0,0.4200354516506195,0.9409974217414856,-0.008373405784368515
25,hand,9,0,0.394452303647995,0.8907843828201294,-0.00481207761913538
25,hand,10,0,0.4010232388973236,0.9229764938354492,-0.006070971954613924
25,hand,11,0,0.4096507132053375,0.9309691786766052,-0.005118608009070158
25,hand,12,0,0.41567301750183105,0.9322293400764465,-0.003939559683203697
25,hand,13,0,0.3892061114311218,0.8906669616699219,-0.0030761216767132282
25,hand,14,0,0.394667387008667,0.919873058795929,-0.0037679523229599
25,hand,15,0,0.40248650312423706,0.9263062477111816,-0.0023152034264057875
25,hand,16,0,0.4077053666114807,0.9262022972106934,-0.0008274696301668882
25,hand,17,0,0.3866855502128601,0.8888458013534546,-0.0016981889493763447
25,hand,18,0,0.38992011547088623,0.912279486656189,-0.0015960877062752843
25,hand,19,0,0.3960028290748596,0.9207803606987,-0.00037675665225833654
25,hand,20,0,0.40062016248703003,0.9225189685821533,0.0009593573631718755
25,pose,0,-1,0.4408782422542572,0.2285180240869522,-0.4252434968948364
25,pose,1,-1,0.448488712310791,0.19863298535346985,-0.4121581017971039
25,pose,2,-1,0.4553668200969696,0.1975453644990921,-0.412210077047348
25,pose,3,-1,0.4623241424560547,0.19656725227832794,-0.41224634647369385
25,pose,4,-1,0.4347148537635803,0.2020791471004486,-0.40274861454963684
25,pose,5,-1,0.43026697635650635,0.2031877040863037,-0.40280601382255554
25,pose,6,-1,0.42597201466560364,0.2046685367822647,-0.402950644493103
25,pose,7,-1,0.47794201970100403,0.20453473925590515,-0.2812940180301666
25,pose,8,-1,0.4283067584037781,0.21690037846565247,-0.2321700006723404
25,pose,9,-1,0.45623210072517395,0.2548021376132965,-0.37373772263526917
25,pose,10,-1,0.4375942647457123,0.2567559480667114,-0.35915407538414
25,pose,11,-1,0.5430228114128113,0.3390391170978546,-0.17194706201553345
25,pose,12,-1,0.39605411887168884,0.3938968777656555,-0.13636279106140137
25,pose,13,-1,0.6377740502357483,0.4938329756259918,-0.3654520809650421
25,pose,14,-1,0.3885546624660492,0.6181902289390564,-0.09090442955493927
25,pose,15,-1,0.5483594536781311,0.4391889274120331,-0.7073696255683899
25,pose,16,-1,0.3934328854084015,0.8140439391136169,-0.21501903235912323
25,pose,17,-1,0.5260958075523376,0.4522209167480469,-0.786587119102478
25,pose,18,-1,0.39184778928756714,0.8782905340194702,-0.2523593306541443
25,pose,19,-1,0.5181033611297607,0.43145430088043213,-0.7627050876617432
25,pose,20,-1,0.4044131338596344,0.8794273734092712,-0.28943145275115967
25,pose,21,-1,0.5226932168006897,0.42896947264671326,-0.7040828466415405
25,pose,22,-1,0.40851840376853943,0.8558330535888672,-0.23004336655139923
25,pose,23,-1,0.5235631465911865,0.7611480355262756,-0.0077483258210122585
25,pose,24,-1,0.4392872750759125,0.7723219394683838,0.008100966922938824
25,pose,25,-1,0.510342001914978,1.0074834823608398,-0.045507293194532394
25,pose,26,-1,0.44967401027679443,1.009564995765686,0.010610060766339302
25,pose,27,-1,0.5180445313453674,1.2765368223190308,0.3231883943080902
25,pose,28,-1,0.4454140067100525,1.2871345281600952,0.2670692205429077
25,pose,29,-1,0.5196031332015991,1.3025652170181274,0.3532262146472931
25,pose,30,-1,0.4473685920238495,1.3196214437484741,0.2889862358570099
25,pose,31,-1,0.5081501007080078,1.3689181804656982,0.2024344801902771
25,pose,32,-1,0.45687928795814514,1.3788272142410278,0.11307816207408905
26,hand,0,0,0.5390639901161194,0.4775925278663635,4.4967219281488724e-08
26,hand,1,0,0.5266069173812866,0.4807426631450653,-0.0030126096680760384
26,hand,2,0,0.5157033205032349,0.49077001214027405,-0.006905331742018461
26,hand,3,0,0.5049286484718323,0.4947444200515747,-0.01047118753194809
26,hand,4,0,0.49678221344947815,0.49382323026657104,-0.014787114225327969
26,hand,5,0,0.5192736983299255,0.5227605104446411,-0.011568659916520119
26,hand,6,0,0.5199846029281616,0.5549837946891785,-0.016125520691275597
26,hand,7,0,0.5221185088157654,0.5756814479827881,-0.0187369491904974
26,hand,8,0,0.5243170261383057,0.5918636918067932,-0.02084762416779995
26,hand,9,0,0.5270896553993225,0.5275593996047974,-0.013111426495015621
26,hand,10,0,0.5268210768699646,0.5611340999603271,-0.01750774309039116
26,hand,11,0,0.5286652445793152,0.5824178457260132,-0.020102253183722496
26,hand,12,0,0.5308297872543335,0.5986735820770264,-0.022358953952789307
26,hand,13,0,0.5364699959754944,0.5279656648635864,-0.014338251203298569
26,hand,14,0,0.5368602275848389,0.5585737228393555,-0.018241088837385178
26,hand,15,0,0.5388517379760742,0.5763126611709595,-0.021121827885508537
26,hand,16,0,0.5411478877067566,0.5891311764717102,-0.023472994565963745
26,hand,17,0,0.546241819858551,0.5249830484390259,-0.015519240871071815
26,hand,18,0,0.5509722828865051,0.5471906065940857,-0.019930236041545868
26,hand,19,0,0.5552073121070862,0.5610297322273254,-0.022469930350780487
26,hand,20,0,0.5587561726570129,0.5724073052406311,-0.02415226399898529
26,hand,0,1,0.38971462845802307,0.8347839713096619,-1.3880480764782988e-08
26,hand,1,1,0.40569213032722473,0.8443785905838013,-0.0048218704760074615
26,hand,2,1,0.41285383701324463,0.8704349994659424,-0.005760776810348034
26,hand,3,1,0.41512709856033325,0.895561158657074,-0.005373487714678049
26,hand,4,1,0.418157160282135,0.9139350056648254,-0.004263941664248705
26,hand,5,1,0.4014253318309784,0.8919408321380615,-0.00558322761207819
26,hand,6,1,0.4076325595378876,0.9223172068595886,-0.006334100849926472
26,hand,7,1,0.41381269693374634,0.934231162071228,-0.006313347723335028
26,hand,8,1,0.4193211495876312,0.9420064687728882,-0.005894663743674755
26,hand,9,1,0.3930135667324066,0.8945657014846802,-0.0031381561420857906
26,hand,10,1,0.4003550112247467,0.92499178647995,-0.0036396002396941185
26,hand,11,1,0.4092232882976532,0.9330459237098694,-0.002947162603959441
26,hand,12,1,0.4155431389808655,0.9348596334457397,-0.0021091557573527098
26,hand,13,1,0.38795721530914307,0.893231987953186,-0.0008517340756952763
26,hand,14,1,0.394195020198822,0.9213827848434448,-0.0012873176019638777
26,hand,15,1,0.4023338258266449,0.9278656244277954,-0.0004224394797347486
26,hand,16,1,0.40788301825523376,0.9284335970878601,0.0005746204406023026
26,hand,17,1,0.38564062118530273,0.8908635377883911,0.0010750085348263383
26,hand,18,1,0.38950029015541077,0.9143879413604736,0.0011792812729254365
26,hand,19,1,0.39592018723487854,0.9221529364585876,0.002147783525288105
26,hand,20,1,0.4005812406539917,0.9237747192382812,0.0032474154140800238
26,pose,0,-1,0.4385782480239868,0.22922798991203308,-0.42414921522140503
26,pose,1,-1,0.44562599062919617,0.19890299439430237,-0.410955548286438
26,pose,2,-1,0.45214349031448364,0.19771496951580048,-0.41099750995635986
26,pose,3,-1,0.4593023955821991,0.1966860443353653,-0.41100677847862244
26,pose,4,-1,0.43204835057258606,0.2030210644006729,-0.4019380211830139
26,pose,5,-1,0.42763516306877136,0.20461024343967438,-0.40199345350265503
26,pose,6,-1,0.4237505793571472,0.2067730724811554,-0.40213796496391296
26,pose,7,-1,0.4755788743495941,0.20458708703517914,-0.280378520488739
26,pose,8,-1,0.4264778196811676,0.21990497410297394,-0.23238912224769592
26,pose,9,-1,0.4544009864330292,0.2551722526550293,-0.37262529134750366
26,pose,10,-1,0.4359520673751831,0.2576587498188019,-0.35860201716423035
26,pose,11,-1,0.5430518984794617,0.33749088644981384,-0.1662367433309555
26,pose,12,-1,0.39601919054985046,0.39823511242866516,-0.14087191224098206
26,pose,13,-1,0.64030522108078,0.48301708698272705,-0.3468063473701477
26,pose,14,-1,0.3885367810726166,0.6197950839996338,-0.10000775009393692
26,pose,15,-1,0.5489746332168579,0.4505402147769928,-0.6946203708648682
26,pose,16,-1,0.3934721350669861,0.8160344362258911,-0.2214033007621765
26,pose,17,-1,0.5264486074447632,0.4775160551071167,-0.7785702347755432
26,pose,18,-1,0.3919806182384491,0.8804168105125427,-0.2594085931777954
26,pose,19,-1,0.5167152285575867,0.45576995611190796,-0.7538233995437622
26,pose,20,-1,0.4047227203845978,0.8814663887023926,-0.2962653338909149
26,pose,21,-1,0.5219343304634094,0.4492766857147217,-0.692477822303772
26,pose,22,-1,0.4088035523891449,0.8575271964073181,-0.23622645437717438
26,pose,23,-1,0.5241723656654358,0.7611933946609497,-0.007319157477468252
26,pose,24,-1,0.43992260098457336,0.7729889750480652,0.007683859672397375
26,pose,25,-1,0.5116938948631287,1.0069411993026733,-0.018813181668519974
26,pose,26,-1,0.44971591234207153,1.0096393823623657,0.02258942276239395
26,pose,27,-1,0.5194960236549377,1.279001235961914,0.33064475655555725
26,pose,28,-1,0.4466685354709625,1.290511965751648,0.2700687348842621
26,pose,29,-1,0.520611584186554,1.3066400289535522,0.360042005777359
26,pose,30,-1,0.44892317056655884,1.3239212036132812,0.2910056710243225
26,pose,31,-1,0.5101344585418701,1.3720331192016602,0.20715396106243134
26,pose,32,-1,0.4571355879306793,1.3830513954162598,0.11312715709209442
27,hand,0,0,0.3886277973651886,0.8349252939224243,-2.0141149192909324e-08
27,hand,1,0,0.4042726755142212,0.8452627658843994,-0.0051661208271980286
27,hand,2,0,0.41126981377601624,0.8703750371932983,-0.006451729219406843
27,hand,3,0,0.4136480987071991,0.8953686952590942,-0.006369362119585276
27,hand,4,0,0.4165184199810028,0.91373610496521,-0.005515769589692354
27,hand,5,0,0.4001131057739258,0.8911303281784058,-0.006387548055499792
27,hand,6,0,0.40609732270240784,0.9224193692207336,-0.007791369687765837
27,hand,7,0,0.41230878233909607,0.9347831010818481,-0.008073164150118828
27,hand,8,0,0.41805458068847656,0.9428642392158508,-0.007795640267431736
27,hand,9,0,0.3919695019721985,0.8940397500991821,-0.003926760051399469
27,hand,10,0,0.3990829586982727,0.9251145124435425,-0.005172093864530325
27,hand,11,0,0.4080294966697693,0.9331458210945129,-0.004635699093341827
27,hand,12,0,0.41474685072898865,0.9346874952316284,-0.0037727737799286842
27,hand,13,0,0.3871212601661682,0.8930616974830627,-0.001655511325225234
27,hand,14,0,0.3930373787879944,0.9215608239173889,-0.0026637609116733074
27,hand,15,0,0.4010178744792938,0.9280664920806885,-0.0018081364687532187
27,hand,16,0,0.4068034589290619,0.9284705519676208,-0.0006580891786143184
27,hand,17,0,0.38492560386657715,0.8908942341804504,0.0002193943946622312
27,hand,18,0,0.3883928954601288,0.914168655872345,-0.00011869575246237218
27,hand,19,0,0.3944345712661743,0.9226130247116089,0.0006454526446759701
27,hand,20,0,0.3992074131965637,0.9248599410057068,0.0017097266390919685
27,pose,0,-1,0.4358338713645935,0.2303551584482193,-0.43794822692871094
27,pose,1,-1,0.442715585231781,0.19938836991786957,-0.42860525846481323
27,pose,2,-1,0.4490581154823303,0.19807490706443787,-0.42863884568214417
27,pose,3,-1,0.4561690092086792,0.19697296619415283,-0.4286656677722931
27,pose,4,-1,0.4290888011455536,0.20420847833156586,-0.4168339967727661
27,pose,5,-1,0.4249895215034485,0.20624463260173798,-0.4168984591960907
27,pose,6,-1,0.4214884638786316,0.20883318781852722,-0.4170500636100769
27,pose,7,-1,0.4734421968460083,0.2049431949853897,-0.3092694580554962
27,pose,8,-1,0.4248187839984894,0.2224789261817932,-0.24863097071647644
27,pose,9,-1,0.45151808857917786,0.25590941309928894,-0.38992151618003845
27,pose,10,-1,0.43367186188697815,0.2587798535823822,-0.3722095191478729
27,pose,11,-1,0.5430700778961182,0.33603161573410034,-0.19381357729434967
27,pose,12,-1,0.39569106698036194,0.4018656015396118,-0.15752877295017242
27,pose,13,-1,0.6419290900230408,0.48435065150260925,-0.3800724744796753
27,pose,14,-1,0.38866186141967773,0.6207203269004822,-0.11687079071998596
27,pose,15,-1,0.5522339344024658,0.4546271860599518,-0.7186725735664368
27,pose,16,-1,0.39347487688064575,0.817270040512085,-0.24065805971622467
27,pose,17,-1,0.5266824960708618,0.47364485263824463,-0.7979994416236877
27,pose,18,-1,0.3920116424560547,0.8815779089927673,-0.2796981930732727
27,pose,19,-1,0.5173634886741638,0.4540748596191406,-0.7763468623161316
27,pose,20,-1,0.4047617018222809,0.8825687766075134,-0.3155456781387329
27,pose,21,-1,0.5220115780830383,0.4492833912372589,-0.7160302400588989
27,pose,22,-1,0.4088372588157654,0.8585754632949829,-0.25529295206069946
27,pose,23,-1,0.5251689553260803,0.7594568729400635,-0.008468838408589363
27,pose,24,-1,0.4406479597091675,0.7725948691368103,0.008807254955172539
27,pose,25,-1,0.511907696723938,1.0054285526275635,-0.019453108310699463
27,pose,26,-1,0.4506125748157501,1.0090638399124146,0.021504534408450127
27,pose,27,-1,0.5198743939399719,1.278365969657898,0.3349377512931824
27,pose,28,-1,0.4471454620361328,1.2900450229644775,0.2757588028907776
27,pose,29,-1,0.5209826827049255,1.3058114051818848,0.3656269609928131
27,pose,30,-1,0.4496392607688904,1.3227815628051758,0.29788917303085327
27,pose,31,-1,0.5104466676712036,1.3719154596328735,0.21697115898132324
27,pose,32,-1,0.45723190903663635,1.382807731628418,0.12394904345273972
28,hand,0,0,0.38770028948783875,0.8359578847885132,-2.1019655349618915e-08
28,hand,1,0,0.40307852625846863,0.8464972376823425,-0.005673829931765795
28,hand,2,0,0.4101613163948059,0.8723191022872925,-0.007166408933699131
28,hand,3,0,0.4125887453556061,0.8974659442901611,-0.007190887816250324
28,hand,4,0,0.41556060314178467,0.9156840443611145,-0.006490650121122599
28,hand,5,0,0.398146390914917,0.8918400406837463,-0.007263203151524067
28,hand,6,0,0.40441203117370605,0.9227586984634399,-0.009088438004255295
28,hand,7,0,0.41083550453186035,0.935126781463623,-0.00970950722694397
28,hand,8,0,0.4167339503765106,0.9435673952102661,-0.009669392369687557
28,hand,9,0,0.3900041878223419,0.8946266174316406,-0.004742663819342852
28,hand,10,0,0.3972308933734894,0.9256823658943176,-0.006233775522559881
28,hand,11,0,0.406521201133728,0.9344527125358582,-0.0059221540577709675
28,hand,12,0,0.413654088973999,0.9366058111190796,-0.005253172479569912
28,hand,13,0,0.38543474674224854,0.893868625164032,-0.002452292712405324
28,hand,14,0,0.39164215326309204,0.9219194650650024,-0.003759293118491769
28,hand,15,0,0.39991888403892517,0.9289963841438293,-0.0032087715808302164
28,hand,16,0,0.4060332477092743,0.929918646812439,-0.0022836169227957726
28,hand,17,0,0.3837358057498932,0.8922052383422852,-0.0005959081463515759
28,hand,18,0,0.38773563504219055,0.9150373935699463,-0.0014342849608510733
28,hand,19,0,0.39403197169303894,0.9234578609466553,-0.000982067664153874
28,hand,20,0,0.3990373909473419,0.9258484244346619,-0.00011673969856929034
28,pose,0,-1,0.43512603640556335,0.2304786592721939,-0.43271487951278687
28,pose,1,-1,0.4419536888599396,0.19953478872776031,-0.42000266909599304
28,pose,2,-1,0.4482349157333374,0.1982192099094391,-0.42005953192710876
28,pose,3,-1,0.4553527534008026,0.19715243577957153,-0.4200822412967682
28,pose,4,-1,0.4281787872314453,0.20445865392684937,-0.4104028642177582
28,pose,5,-1,0.42404839396476746,0.20654402673244476,-0.4104633033275604
28,pose,6,-1,0.42058977484703064,0.20919683575630188,-0.4106121361255646
28,pose,7,-1,0.4724943935871124,0.20557022094726562,-0.29125291109085083
28,pose,8,-1,0.42366930842399597,0.22314786911010742,-0.24443063139915466
28,pose,9,-1,0.4507400691509247,0.25614726543426514,-0.3825198709964752
28,pose,10,-1,0.43287545442581177,0.25907644629478455,-0.3677256405353546
28,pose,11,-1,0.5417964458465576,0.3362171947956085,-0.18059079349040985
28,pose,12,-1,0.3950032591819763,0.4039512276649475,-0.14995123445987701
28,pose,13,-1,0.6414135098457336,0.48487916588783264,-0.3711872100830078
28,pose,14,-1,0.388722687959671,0.6213667392730713,-0.10562296211719513
28,pose,15,-1,0.5536213517189026,0.4509032070636749,-0.7137719988822937
28,pose,16,-1,0.3931429982185364,0.8178785443305969,-0.22803205251693726
28,pose,17,-1,0.5302951335906982,0.45488354563713074,-0.7936422228813171
28,pose,18,-1,0.3918479084968567,0.8824586272239685,-0.2647445797920227
28,pose,19,-1,0.5197951793670654,0.43566712737083435,-0.7700782418251038
28,pose,20,-1,0.4044424891471863,0.8832634091377258,-0.3020450174808502
28,pose,21,-1,0.523834764957428,0.43580037355422974,-0.7105374932289124
28,pose,22,-1,0.4082859456539154,0.8589131832122803,-0.24305863678455353
28,pose,23,-1,0.5252729058265686,0.7594338655471802,-0.009257917292416096
28,pose,24,-1,0.4406246840953827,0.7726438045501709,0.00960962101817131
28,pose,25,-1,0.5124016404151917,1.0046690702438354,-0.024557186290621758
28,pose,26,-1,0.4506400525569916,1.0105037689208984,0.017906060442328453
28,pose,27,-1,0.5197514295578003,1.279264211654663,0.3368891477584839
28,pose,28,-1,0.4470826983451843,1.2904688119888306,0.2791450321674347
28,pose,29,-1,0.5208724141120911,1.3067998886108398,0.3680714964866638
28,pose,30,-1,0.44944503903388977,1.322813630104065,0.303075909614563
28,pose,31,-1,0.5102701783180237,1.372039794921875,0.22013148665428162
28,pose,32,-1,0.4571107029914856,1.3823611736297607,0.13267762959003448
29,hand,0,0,0.38648125529289246,0.8367863893508911,-2.802460485895608e-08
29,hand,1,0,0.40197205543518066,0.847919225692749,-0.005561985075473785
29,hand,2,0,0.4089149534702301,0.8730836510658264,-0.006731461267918348
29,hand,3,0,0.4112817049026489,0.8972852230072021,-0.006563151255249977
29,hand,4,0,0.41398903727531433,0.9150980114936829,-0.005663442425429821
29,hand,5,0,0.3968479037284851,0.8940926790237427,-0.005232891533523798
29,hand,6,0,0.40318790078163147,0.9234618544578552,-0.006735562812536955
29,hand,7,0,0.4094333350658417,0.9351670742034912,-0.007512138225138187
29,hand,8,0,0.4150681495666504,0.9426705241203308,-0.007600496988743544
29,hand,9,0,0.3891811966896057,0.8966019749641418,-0.002662312937900424
29,hand,10,0,0.3965805172920227,0.9251825213432312,-0.003820136422291398
29,hand,11,0,0.4055812656879425,0.933938205242157,-0.004073509946465492
29,hand,12,0,0.4127238988876343,0.9365189671516418,-0.0038783936761319637
29,hand,13,0,0.38490501046180725,0.8957540392875671,-0.00044968695146963
29,hand,14,0,0.3912407457828522,0.9217879176139832,-0.0017992688808590174
29,hand,15,0,0.39931637048721313,0.929222822189331,-0.002026034751906991
29,hand,16,0,0.40563303232192993,0.9307817816734314,-0.0016398316947743297
29,hand,17,0,0.3832095265388489,0.8940282464027405,0.001363196992315352
29,hand,18,0,0.38727086782455444,0.9157248735427856,0.0004151506000198424
29,hand,19,0,0.39323118329048157,0.9241567254066467,0.0004889490082859993
29,hand,20,0,0.3983149826526642,0.9266869425773621,0.001088071265257895
29,pose,0,-1,0.4342557489871979,0.23191282153129578,-0.45276862382888794
29,pose,1,-1,0.4406534731388092,0.20045669376850128,-0.44327351450920105
29,pose,2,-1,0.4468023478984833,0.19897527992725372,-0.44333699345588684
29,pose,3,-1,0.45366770029067993,0.19777712225914001,-0.44341346621513367
29,pose,4,-1,0.4270916283130646,0.20588815212249756,-0.43094539642333984
29,pose,5,-1,0.42308107018470764,0.208124577999115,-0.43100157380104065
29,pose,6,-1,0.4197756052017212,0.21073685586452484,-0.4311622083187103
29,pose,7,-1,0.47093236446380615,0.2061511129140854,-0.32437846064567566
29,pose,8,-1,0.4229360520839691,0.22410984337329865,-0.2625877559185028
29,pose,9,-1,0.4494268298149109,0.25697147846221924,-0.40504804253578186
29,pose,10,-1,0.4320867955684662,0.2601654529571533,-0.3868217468261719
29,pose,11,-1,0.5415299534797668,0.335835337638855,-0.21358953416347504
29,pose,12,-1,0.3943606913089752,0.4053584039211273,-0.16963575780391693
29,pose,13,-1,0.6399716138839722,0.487306147813797,-0.4342852830886841
29,pose,14,-1,0.3885842263698578,0.6231154203414917,-0.13391010463237762
29,pose,15,-1,0.5534212589263916,0.4505552649497986,-0.7834205031394958
29,pose,16,-1,0.3924729526042938,0.8208584785461426,-0.26607462763786316
29,pose,17,-1,0.5304595828056335,0.43867626786231995,-0.8666535019874573
29,pose,18,-1,0.39161187410354614,0.8848018050193787,-0.30604612827301025
29,pose,19,-1,0.5205328464508057,0.4134480953216553,-0.8383131623268127
29,pose,20,-1,0.40345633029937744,0.8854900598526001,-0.34347808361053467
29,pose,21,-1,0.5245664119720459,0.4189004600048065,-0.7792213559150696
29,pose,22,-1,0.40673407912254333,0.8615359663963318,-0.2821829617023468
29,pose,23,-1,0.5256279110908508,0.7593563795089722,-0.010622902773320675
29,pose,24,-1,0.4405984580516815,0.7726559042930603,0.010976674035191536
29,pose,25,-1,0.5124715566635132,1.004683256149292,-0.04355206340551376
29,pose,26,-1,0.4506465792655945,1.011165738105774,0.008182168006896973
29,pose,27,-1,0.5197204947471619,1.2764251232147217,0.3378007709980011
29,pose,28,-1,0.44703418016433716,1.28768789768219,0.3018002510070801
29,pose,29,-1,0.5208232998847961,1.3033204078674316,0.369681179523468
29,pose,30,-1,0.44930440187454224,1.3183790445327759,0.32968148589134216
29,pose,31,-1,0.5101560354232788,1.3674157857894897,0.22272762656211853
29,pose,32,-1,0.456891804933548,1.37912917137146,0.1634495109319687
30,hand,0,0,0.3866495192050934,0.8370236158370972,-2.0065867190055542e-08
30,hand,1,0,0.4017797112464905,0.8495813012123108,-0.004811019636690617
30,hand,2,0,0.4082432687282562,0.8755369186401367,-0.005882551893591881
30,hand,3,0,0.4104236662387848,0.8990600109100342,-0.005684468895196915
30,hand,4,0,0.4133301377296448,0.9161767363548279,-0.004819571040570736
30,hand,5,0,0.3964514136314392,0.893783688545227,-0.0056389193050563335
30,hand,6,0,0.40233561396598816,0.9234954714775085,-0.006881216540932655
30,hand,7,0,0.4085541367530823,0.9354674816131592,-0.007355589885264635
30,hand,8,0,0.4142075777053833,0.94371098279953,-0.007307728752493858
30,hand,9,0,0.3884841501712799,0.895348072052002,-0.003413913305848837
30,hand,10,0,0.3950107991695404,0.9251583218574524,-0.00426187040284276
30,hand,11,0,0.4037443995475769,0.9340071082115173,-0.0039394753985106945
30,hand,12,0,0.4104596674442291,0.9365324378013611,-0.0034218113869428635
30,hand,13,0,0.38388797640800476,0.8934134244918823,-0.0013890176778659225
30,hand,14,0,0.38915038108825684,0.9208775758743286,-0.0021486009936779737
30,hand,15,0,0.39698657393455505,0.9286128282546997,-0.0016047763638198376
30,hand,16,0,0.4029000401496887,0.9302098751068115,-0.0008526229648850858
30,hand,17,0,0.38201141357421875,0.8906641006469727,0.00026990260812453926
30,hand,18,0,0.3853282332420349,0.9131013751029968,-8.443257684120908e-05
30,hand,19,0,0.3912656009197235,0.922072172164917,0.0005566031322814524
30,hand,20,0,0.3962465226650238,0.9250496625900269,0.0014312784187495708
30,pose,0,-1,0.43447253108024597,0.23393034934997559,-0.4760158360004425
30,pose,1,-1,0.44083452224731445,0.20176035165786743,-0.4670479893684387
30,pose,2,-1,0.4468902349472046,0.19989138841629028,-0.46709996461868286
30,pose,3,-1,0.4537288248538971,0.19843949377536774,-0.4671613574028015
30,pose,4,-1,0.42736950516700745,0.20791631937026978,-0.45532339811325073
30,pose,5,-1,0.4232010245323181,0.21018533408641815,-0.455374538898468
30,pose,6,-1,0.41983121633529663,0.21266649663448334,-0.45552822947502136
30,pose,7,-1,0.47029802203178406,0.20636694133281708,-0.3463344871997833
30,pose,8,-1,0.42285144329071045,0.2249917984008789,-0.2865700423717499
30,pose,9,-1,0.4495205283164978,0.2579003572463989,-0.4272809624671936
30,pose,10,-1,0.43217501044273376,0.26199865341186523,-0.4097486436367035
30,pose,11,-1,0.5413186550140381,0.3349550664424896,-0.23274141550064087
30,pose,12,-1,0.3938116431236267,0.4063328802585602,-0.1867891103029251
30,pose,13,-1,0.6395674347877502,0.4879102408885956,-0.45388907194137573
30,pose,14,-1,0.38851025700569153,0.6250446438789368,-0.1481795758008957
30,pose,15,-1,0.5533144474029541,0.4486600160598755,-0.8063451051712036
30,pose,16,-1,0.391900897026062,0.8218435049057007,-0.2822807729244232
30,pose,17,-1,0.5304734706878662,0.42968371510505676,-0.8922304511070251
30,pose,18,-1,0.3914235830307007,0.8850310444831848,-0.3230665922164917
30,pose,19,-1,0.520797073841095,0.40518081188201904,-0.8625865578651428
30,pose,20,-1,0.402177631855011,0.8855322599411011,-0.3628573417663574
30,pose,21,-1,0.5247061848640442,0.41198715567588806,-0.8020366430282593
30,pose,22,-1,0.40479469299316406,0.8616835474967957,-0.29939547181129456
30,pose,23,-1,0.5256835222244263,0.7594659924507141,-0.013087733648717403
30,pose,24,-1,0.4405703544616699,0.7726777195930481,0.013476618565618992
30,pose,25,-1,0.5124350190162659,1.0042331218719482,-0.04268437251448631
30,pose,26,-1,0.4510434865951538,1.009716510772705,0.04071090742945671
30,pose,27,-1,0.5196143388748169,1.278807520866394,0.34651145339012146
30,pose,28,-1,0.44698959589004517,1.2879323959350586,0.34376150369644165
30,pose,29,-1,0.5207740068435669,1.3061280250549316,0.3790647089481354
30,pose,30,-1,0.44922322034835815,1.3192083835601807,0.370925635099411
30,pose,31,-1,0.5100752711296082,1.3697885274887085,0.2235310822725296
30,pose,32,-1,0.45687443017959595,1.3792860507965088,0.19542810320854187
31,hand,0,0,0.38717639446258545,0.8391337394714355,-2.5523860358589445e-08
31,hand,1,0,0.40146440267562866,0.8515591621398926,-0.0041814399883151054
31,hand,2,0,0.4078839123249054,0.8756828904151917,-0.005159204360097647
31,hand,3,0,0.40985220670700073,0.8986299633979797,-0.005019295495003462
31,hand,4,0,0.4126332104206085,0.9153866171836853,-0.004157172050327063
31,hand,5,0,0.3966774046421051,0.8961597681045532,-0.004444554913789034
31,hand,6,0,0.40209314227104187,0.9250022768974304,-0.00529341259971261
31,hand,7,0,0.40780356526374817,0.9361183643341064,-0.005615954287350178
31,hand,8,0,0.41297584772109985,0.943084180355072,-0.005441334098577499
31,hand,9,0,0.38870319724082947,0.8976736664772034,-0.0022760946303606033
31,hand,10,0,0.3951583504676819,0.9256571531295776,-0.0026040689554065466
31,hand,11,0,0.4034019112586975,0.9328211545944214,-0.0021368409506976604
31,hand,12,0,0.4095988869667053,0.9342033863067627,-0.001560973352752626
31,hand,13,0,0.3838781714439392,0.895416796207428,-0.000256821746006608
31,hand,14,0,0.38893333077430725,0.9208744764328003,-0.00043435150291770697
31,hand,15,0,0.39633896946907043,0.9270265698432922,0.0003960675385314971
31,hand,16,0,0.4018835425376892,0.9273476004600525,0.0012489916989579797
31,hand,17,0,0.3814428448677063,0.8920503854751587,0.0014348214026540518
31,hand,18,0,0.3843182325363159,0.9125847220420837,0.001660668756812811
31,hand,19,0,0.3899742066860199,0.920418381690979,0.002581078791990876
31,hand,20,0,0.3946121335029602,0.9223727583885193,0.0036240783520042896
31,pose,0,-1,0.4349605143070221,0.23418767750263214,-0.46978849172592163
31,pose,1,-1,0.44156166911125183,0.20198804140090942,-0.4583389461040497
31,pose,2,-1,0.4477563202381134,0.20003370940685272,-0.4584062397480011
31,pose,3,-1,0.45464983582496643,0.1986118108034134,-0.4584517478942871
31,pose,4,-1,0.42785385251045227,0.2082824409008026,-0.44811758399009705
31,pose,5,-1,0.4234612286090851,0.21059487760066986,-0.4481859803199768
31,pose,6,-1,0.41986212134361267,0.21313394606113434,-0.4483393132686615
31,pose,7,-1,0.4707794487476349,0.2065858691930771,-0.3285953104496002
31,pose,8,-1,0.4223555326461792,0.22566835582256317,-0.27583810687065125
31,pose,9,-1,0.4500966966152191,0.2582302987575531,-0.41794660687446594
31,pose,10,-1,0.43228042125701904,0.2628425359725952,-0.40251636505126953
31,pose,11,-1,0.5413432717323303,0.33487457036972046,-0.21523268520832062
31,pose,12,-1,0.3935851454734802,0.4061037600040436,-0.17151102423667908
31,pose,13,-1,0.6409090161323547,0.486307829618454,-0.41865479946136475
31,pose,14,-1,0.3884178102016449,0.6248679161071777,-0.12778158485889435
31,pose,15,-1,0.5552788972854614,0.4486687183380127,-0.7713121771812439
31,pose,16,-1,0.39079198241233826,0.8216882348060608,-0.2600719630718231
31,pose,17,-1,0.5333563685417175,0.42987310886383057,-0.8552430272102356
31,pose,18,-1,0.3907893896102905,0.8849853277206421,-0.2990149259567261
31,pose,19,-1,0.5241265892982483,0.40667951107025146,-0.8303277492523193
31,pose,20,-1,0.40071386098861694,0.8853530287742615,-0.3389747738838196
31,pose,21,-1,0.5279396176338196,0.4133865535259247,-0.7683508992195129
31,pose,22,-1,0.40270060300827026,0.8614181876182556,-0.2766580581665039
31,pose,23,-1,0.5254939198493958,0.7595493793487549,-0.016360558569431305
31,pose,24,-1,0.44004836678504944,0.7719360589981079,0.016776593402028084
31,pose,25,-1,0.5117024779319763,1.0034968852996826,-0.04305911436676979
31,pose,26,-1,0.45104607939720154,1.0069661140441895,0.049390364438295364
31,pose,27,-1,0.5191805362701416,1.281482458114624,0.3372465968132019
31,pose,28,-1,0.4466789960861206,1.2880761623382568,0.33749544620513916
31,pose,29,-1,0.5206805467605591,1.309552788734436,0.36889150738716125
31,pose,30,-1,0.44901466369628906,1.3201230764389038,0.36297038197517395
31,pose,31,-1,0.5082569718360901,1.3711150884628296,0.21548506617546082
31,pose,32,-1,0.45571765303611755,1.3789039850234985,0.1890561878681183
32,hand,0,0,0.38780659437179565,0.8403257131576538,-3.344330679055929e-08
32,hand,1,0,0.40203920006752014,0.8525155186653137,-0.002933429554104805
32,hand,2,0,0.407707154750824,0.8769829273223877,-0.003209133166819811
32,hand,3,0,0.40913745760917664,0.8993224501609802,-0.0025578553322702646
32,hand,4,0,0.41124969720840454,0.915530800819397,-0.0012093934928998351
32,hand,5,0,0.39757752418518066,0.898608386516571,-0.0027043509762734175
32,hand,6,0,0.4025075435638428,0.9257124662399292,-0.002934318734332919
32,hand,7,0,0.40806517004966736,0.9353618621826172,-0.0029683150351047516
32,hand,8,0,0.4129638969898224,0.9407368302345276,-0.0026271615643054247
32,hand,9,0,0.38947388529777527,0.899512767791748,-0.0009359598625451326
32,hand,10,0,0.3954337537288666,0.9260533452033997,-0.0006624659290537238
32,hand,11,0,0.40287715196609497,0.9331669211387634,-7.69943799241446e-05
32,hand,12,0,0.4086245000362396,0.9347681999206543,0.0005260328180156648
32,hand,13,0,0.3843388557434082,0.8967087864875793,0.000759418064262718
32,hand,14,0,0.3890020549297333,0.9208998680114746,0.001094665378332138
32,hand,15,0,0.395698606967926,0.9279980659484863,0.001966825220733881
32,hand,16,0,0.40105992555618286,0.9293615221977234,0.0027603076305240393
32,hand,17,0,0.38147422671318054,0.892332911491394,0.002228095196187496
32,hand,18,0,0.3838161826133728,0.9120661616325378,0.0029565952718257904
32,hand,19,0,0.38892754912376404,0.9204630255699158,0.0040352256037294865
32,hand,20,0,0.3934519290924072,0.9230220317840576,0.005120499990880489
32,pose,0,-1,0.4351247549057007,0.2340998649597168,-0.4947448968887329
32,pose,1,-1,0.44185957312583923,0.20195043087005615,-0.48237842321395874
32,pose,2,-1,0.44814878702163696,0.2000151425600052,-0.48245957493782043
32,pose,3,-1,0.4550842046737671,0.19860227406024933,-0.4825212359428406
32,pose,4,-1,0.42804810404777527,0.20826995372772217,-0.4734678268432617
32,pose,5,-1,0.4235585033893585,0.2106025367975235,-0.473562628030777
32,pose,6,-1,0.4198664426803589,0.2131873518228531,-0.4737209379673004
32,pose,7,-1,0.4708632826805115,0.20659181475639343,-0.34560340642929077
32,pose,8,-1,0.4221324622631073,0.22581122815608978,-0.29790589213371277
32,pose,9,-1,0.450379878282547,0.25822484493255615,-0.4398843050003052
32,pose,10,-1,0.4321654736995697,0.2629567086696625,-0.4259715676307678
32,pose,11,-1,0.5412758588790894,0.3340921998023987,-0.22682449221611023
32,pose,12,-1,0.39339548349380493,0.40589669346809387,-0.18839029967784882
32,pose,13,-1,0.640925407409668,0.4837351441383362,-0.41763871908187866
32,pose,14,-1,0.38840562105178833,0.6247042417526245,-0.14618901908397675
32,pose,15,-1,0.5563146471977234,0.45656338334083557,-0.775227427482605
32,pose,16,-1,0.389724999666214,0.82062828540802,-0.2845195531845093
32,pose,17,-1,0.5337020754814148,0.4695042073726654,-0.8601965308189392
32,pose,18,-1,0.3899352252483368,0.8833230137825012,-0.3278009295463562
32,pose,19,-1,0.5240808129310608,0.4445362985134125,-0.8422955274581909
32,pose,20,-1,0.39896443486213684,0.8833655118942261,-0.36846503615379333
32,pose,21,-1,0.5280405282974243,0.43930402398109436,-0.7750040888786316
32,pose,22,-1,0.400474488735199,0.8591510653495789,-0.301641583442688
32,pose,23,-1,0.5252829790115356,0.7591004371643066,-0.01555761881172657
32,pose,24,-1,0.43923014402389526,0.7705748677253723,0.015967583283782005
32,pose,25,-1,0.5107082724571228,1.0034161806106567,-0.04228876903653145
32,pose,26,-1,0.45107755064964294,1.0050004720687866,0.03964853659272194
32,pose,27,-1,0.5186498761177063,1.2814834117889404,0.33893299102783203
32,pose,28,-1,0.44631120562553406,1.2879382371902466,0.33342140913009644
32,pose,29,-1,0.5202308893203735,1.3096373081207275,0.37030029296875
32,pose,30,-1,0.448579341173172,1.3198659420013428,0.36134716868400574
32,pose,31,-1,0.5076393485069275,1.3710969686508179,0.21826940774917603
32,pose,32,-1,0.4552000164985657,1.3785622119903564,0.17320677638053894
33,hand,0,0,0.550943911075592,0.46017980575561523,4.755945326451183e-08
33,hand,1,0,0.5385162830352783,0.4682583510875702,-0.0019025236833840609
33,hand,2,0,0.5273665189743042,0.48369213938713074,-0.004226558841764927
33,hand,3,0,0.515755295753479,0.48586755990982056,-0.006436036434024572
33,hand,4,0,0.5072032809257507,0.48140549659729004,-0.009631664492189884
33,hand,5,0,0.5316525101661682,0.5075145363807678,-0.008356750942766666
33,hand,6,0,0.5335026383399963,0.5362668037414551,-0.011642741039395332
33,hand,7,0,0.5351675152778625,0.5539806485176086,-0.014073668047785759
33,hand,8,0,0.5366436243057251,0.5684331059455872,-0.016363155096769333
33,hand,9,0,0.5410552024841309,0.511555016040802,-0.010501991957426071
33,hand,10,0,0.5428431630134583,0.5427699089050293,-0.013582075014710426
33,hand,11,0,0.5442890524864197,0.5625954866409302,-0.016802487894892693
33,hand,12,0,0.5457397103309631,0.5785230398178101,-0.019799135625362396
33,hand,13,0,0.5509058237075806,0.5105147957801819,-0.012377706356346607
33,hand,14,0,0.5530491471290588,0.5383811593055725,-0.016596144065260887
33,hand,15,0,0.5549145936965942,0.5573572516441345,-0.020994795486330986
33,hand,16,0,0.5574716925621033,0.5732014775276184,-0.024445652961730957
33,hand,17,0,0.5602220892906189,0.505575954914093,-0.014002950862050056
33,hand,18,0,0.5661272406578064,0.5232487320899963,-0.01885378547012806
33,hand,19,0,0.5712973475456238,0.5345930457115173,-0.021736308932304382
33,hand,20,0,0.5760380029678345,0.544704020023346,-0.023800615221261978
33,hand,0,1,0.3865465223789215,0.8395374417304993,-3.272295501233202e-08
33,hand,1,1,0.40109744668006897,0.8515152335166931,-0.0027155664283782244
33,hand,2,1,0.40712809562683105,0.8765588402748108,-0.0027571243699640036
33,hand,3,1,0.4085523784160614,0.899626612663269,-0.0019102634396404028
33,hand,4,1,0.41067108511924744,0.9161344766616821,-0.0003743193228729069
33,hand,5,1,0.39685776829719543,0.8981755375862122,-0.0022119698114693165
33,hand,6,1,0.40143200755119324,0.9253974556922913,-0.0019388038199394941
33,hand,7,1,0.4069989323616028,0.9347999691963196,-0.0015471996739506721
33,hand,8,1,0.4118242561817169,0.9393944144248962,-0.0009356352384202182
33,hand,9,1,0.3884245753288269,0.8985711336135864,-0.00038208658224903047
33,hand,10,1,0.39431244134902954,0.925114095211029,0.00030966990743763745
33,hand,11,1,0.40167534351348877,0.9323691725730896,0.0012486436171457171
33,hand,12,1,0.40724751353263855,0.9339336156845093,0.002088777953758836
33,hand,13,1,0.38317349553108215,0.8953794240951538,0.0013925015227869153
33,hand,14,1,0.38790997862815857,0.9195493459701538,0.0020933605264872313
33,hand,15,1,0.3943898379802704,0.9269623756408691,0.00321023422293365
33,hand,16,1,0.3996259570121765,0.9284349083900452,0.004136239644140005
33,hand,17,1,0.3802809417247772,0.8907335996627808,0.0029627359472215176
33,hand,18,1,0.38285815715789795,0.9104996919631958,0.004050639923661947
33,hand,19,1,0.38798317313194275,0.91902095079422,0.0054036290384829044
33,hand,20,1,0.3924781084060669,0.9215214252471924,0.006631881929934025
33,pose,0,-1,0.4345945119857788,0.23430736362934113,-0.48549312353134155
33,pose,1,-1,0.44163358211517334,0.20203456282615662,-0.47421345114707947
33,pose,2,-1,0.4480670690536499,0.2000473290681839,-0.4742891490459442
33,pose,3,-1,0.4552135169506073,0.19862358272075653,-0.4743359386920929
33,pose,4,-1,0.4276866316795349,0.208434596657753,-0.4643183648586273
33,pose,5,-1,0.4232017397880554,0.21072450280189514,-0.4644046425819397
33,pose,6,-1,0.41958528757095337,0.21323730051517487,-0.46456441283226013
33,pose,7,-1,0.47097042202949524,0.20669439435005188,-0.34174028038978577
33,pose,8,-1,0.42220398783683777,0.22575433552265167,-0.2896057069301605
33,pose,9,-1,0.4500819742679596,0.2585603594779968,-0.43217766284942627
33,pose,10,-1,0.4317565858364105,0.2633518576622009,-0.41707125306129456
33,pose,11,-1,0.5412633419036865,0.33416667580604553,-0.22310419380664825
33,pose,12,-1,0.39336663484573364,0.40690040588378906,-0.18028230965137482
33,pose,13,-1,0.6403242349624634,0.48312637209892273,-0.4110012650489807
33,pose,14,-1,0.3881910741329193,0.6248183250427246,-0.13407371938228607
33,pose,15,-1,0.556565523147583,0.4561634957790375,-0.7653965353965759
33,pose,16,-1,0.3887809216976166,0.8191460967063904,-0.2689182460308075
33,pose,17,-1,0.5385028719902039,0.4746516942977905,-0.8488807082176208
33,pose,18,-1,0.38918226957321167,0.881268322467804,-0.30959033966064453
33,pose,19,-1,0.525536835193634,0.45290929079055786,-0.8306499719619751
33,pose,20,-1,0.3976428210735321,0.8814544677734375,-0.3502458333969116
33,pose,21,-1,0.5290151238441467,0.44600433111190796,-0.7649921774864197
33,pose,22,-1,0.3987990617752075,0.8567297458648682,-0.28578558564186096
33,pose,23,-1,0.5251508951187134,0.7595271468162537,-0.016199147328734398
33,pose,24,-1,0.4389035403728485,0.7706172466278076,0.016617227345705032
33,pose,25,-1,0.5100675821304321,1.003049612045288,-0.03022363781929016
33,pose,26,-1,0.4510623514652252,1.0040148496627808,0.04964279755949974
33,pose,27,-1,0.5186013579368591,1.282166600227356,0.35541868209838867
33,pose,28,-1,0.4462144672870636,1.287819504737854,0.33520275354385376
33,pose,29,-1,0.5201995968818665,1.3105477094650269,0.38760656118392944
33,pose,30,-1,0.44852879643440247,1.3198341131210327,0.3608626425266266
33,pose,31,-1,0.5074482560157776,1.3714842796325684,0.2340686023235321
33,pose,32,-1,0.4551108479499817,1.3782899379730225,0.1810431331396103
34,hand,0,0,0.38627469539642334,0.83768630027771,-2.6722725365857514e-08
34,hand,1,0,0.40078821778297424,0.8504875302314758,-0.0033270593266934156
34,hand,2,0,0.4068179726600647,0.8753336071968079,-0.0036417015362530947
34,hand,3,0,0.40820908546447754,0.8985531330108643,-0.0027632431592792273
34,hand,4,0,0.4099438190460205,0.9144946932792664,-0.0011820890940725803
34,hand,5,0,0.3953753411769867,0.8961214423179626,-0.003944571129977703
34,hand,6,0,0.4007343053817749,0.9241276979446411,-0.0034650745801627636
34,hand,7,0,0.4063929319381714,0.9334532022476196,-0.0027739806100726128
34,hand,8,0,0.41114094853401184,0.9384098649024963,-0.002039734972640872
34,hand,9,0,0.3870011270046234,0.896724283695221,-0.0015102176694199443
34,hand,10,0,0.3937094807624817,0.9240550398826599,-0.0009881373262032866
34,hand,11,0,0.40133506059646606,0.9316999912261963,6.26288601779379e-05
34,hand,12,0,0.4070207476615906,0.93356853723526,0.0009382209391333163
34,hand,13,0,0.3820454776287079,0.8935256004333496,0.0009891518857330084
34,hand,14,0,0.3871151804924011,0.9183738231658936,0.0017503425478935242
34,hand,15,0,0.3936937749385834,0.9264039993286133,0.00284893112257123
34,hand,16,0,0.39901041984558105,0.9280143976211548,0.003720127744600177
34,hand,17,0,0.3795965611934662,0.8888318538665771,0.003278797259554267
34,hand,18,0,0.3818773031234741,0.9089491367340088,0.00441287737339735
34,hand,19,0,0.3867781460285187,0.9184539914131165,0.005518355406820774
34,hand,20,0,0.39118170738220215,0.9216898083686829,0.006520641967654228
34,pose,0,-1,0.43467283248901367,0.23423971235752106,-0.5001285672187805
34,pose,1,-1,0.441801518201828,0.20198743045330048,-0.48801523447036743
34,pose,2,-1,0.44826841354370117,0.19996321201324463,-0.4880816340446472
34,pose,3,-1,0.45542651414871216,0.19854837656021118,-0.4881252646446228
34,pose,4,-1,0.42782607674598694,0.208391472697258,-0.47814223170280457
34,pose,5,-1,0.42332521080970764,0.21067270636558533,-0.47823554277420044
34,pose,6,-1,0.41966697573661804,0.2131739854812622,-0.47839608788490295
34,pose,7,-1,0.47104957699775696,0.20669500529766083,-0.35373204946517944
34,pose,8,-1,0.422300785779953,0.22559672594070435,-0.3018561899662018
34,pose,9,-1,0.45020225644111633,0.25855401158332825,-0.446613609790802
34,pose,10,-1,0.4317588806152344,0.26332196593284607,-0.4315582811832428
34,pose,11,-1,0.541258692741394,0.334349125623703,-0.237698033452034
34,pose,12,-1,0.39323994517326355,0.40704450011253357,-0.19131630659103394
34,pose,13,-1,0.6412877440452576,0.48450008034706116,-0.4426092207431793
34,pose,14,-1,0.3880816102027893,0.6263037919998169,-0.15178847312927246
34,pose,15,-1,0.5581592917442322,0.4559120237827301,-0.8073609471321106
34,pose,16,-1,0.3885020315647125,0.8204350471496582,-0.29112720489501953
34,pose,17,-1,0.538934588432312,0.4699094295501709,-0.8943221569061279
34,pose,18,-1,0.38904526829719543,0.8820979595184326,-0.33184874057769775
34,pose,19,-1,0.5267521142959595,0.4486401677131653,-0.8704404234886169
34,pose,20,-1,0.39762747287750244,0.8821312785148621,-0.3729267120361328
34,pose,21,-1,0.5304194688796997,0.44382792711257935,-0.805198609828949
34,pose,22,-1,0.3988235294818878,0.8579332232475281,-0.3080827593803406
34,pose,23,-1,0.5251104235649109,0.7597072124481201,-0.019192134961485863
34,pose,24,-1,0.4388197064399719,0.770971953868866,0.019618239253759384
34,pose,25,-1,0.5099858641624451,1.0030618906021118,-0.04108152538537979
34,pose,26,-1,0.4508627653121948,1.0041457414627075,0.05363316833972931
34,pose,27,-1,0.5182892680168152,1.285967469215393,0.3488122224807739
34,pose,28,-1,0.44564467668533325,1.289644718170166,0.35196587443351746
34,pose,29,-1,0.5200585722923279,1.3151904344558716,0.38099151849746704
34,pose,30,-1,0.44773945212364197,1.3227195739746094,0.37816423177719116
34,pose,31,-1,0.5067436695098877,1.374457836151123,0.2233905792236328
34,pose,32,-1,0.45420488715171814,1.3792128562927246,0.19847948849201202
35,hand,0,0,0.3856484889984131,0.8363767862319946,-3.238668000449252e-08
35,hand,1,0,0.3997838497161865,0.8487933874130249,-0.0032342381309717894
35,hand,2,0,0.40576237440109253,0.872506320476532,-0.003793340642005205
35,hand,3,0,0.4075142443180084,0.8954482674598694,-0.0032938597723841667
35,hand,4,0,0.4097859263420105,0.9118198752403259,-0.0020806393586099148
35,hand,5,0,0.39503470063209534,0.8936507105827332,-0.004080150742083788
35,hand,6,0,0.40028300881385803,0.9213627576828003,-0.004584365990012884
35,hand,7,0,0.40575259923934937,0.931501567363739,-0.00448852451518178
35,hand,8,0,0.41063424944877625,0.9371445178985596,-0.0040155318565666676
35,hand,9,0,0.38696616888046265,0.8951547145843506,-0.002131995279341936
35,hand,10,0,0.3931325376033783,0.9228305220603943,-0.00236553605645895
35,hand,11,0,0.400559663772583,0.9311004877090454,-0.001647435245104134
35,hand,12,0,0.40640369057655334,0.9334042072296143,-0.0008711663540452719
35,hand,13,0,0.3819822072982788,0.8928554654121399,-0.00018213885778095573
35,hand,14,0,0.3867711126804352,0.91774982213974,-0.00014647057105321437
35,hand,15,0,0.39334604144096375,0.9253183603286743,0.0009475324186496437
35,hand,16,0,0.3986373543739319,0.9267939925193787,0.00199140515178442
35,hand,17,0,0.37933260202407837,0.8885310888290405,0.0015312846517190337
35,hand,18,0,0.38161227107048035,0.9086194634437561,0.002221176866441965
35,hand,19,0,0.38643935322761536,0.9172948002815247,0.0034567448310554028
35,hand,20,0,0.39072880148887634,0.919839084148407,0.00468967342749238
35,pose,0,-1,0.43487679958343506,0.2325471192598343,-0.49077874422073364
35,pose,1,-1,0.4419553875923157,0.20071275532245636,-0.48441988229751587
35,pose,2,-1,0.4483283460140228,0.19905762374401093,-0.48445454239845276
35,pose,3,-1,0.45551079511642456,0.1979624330997467,-0.4845804274082184
35,pose,4,-1,0.42799606919288635,0.2060428410768509,-0.47177380323410034
35,pose,5,-1,0.42351973056793213,0.20801232755184174,-0.47182923555374146
35,pose,6,-1,0.4198238253593445,0.21030642092227936,-0.47199133038520813
35,pose,7,-1,0.4711475670337677,0.20654836297035217,-0.334166020154953
35,pose,8,-1,0.4222051203250885,0.2239338904619217,-0.29402509331703186
35,pose,9,-1,0.450346976518631,0.25768131017684937,-0.4421091377735138
35,pose,10,-1,0.4318855404853821,0.2615101635456085,-0.42406946420669556
35,pose,11,-1,0.541133463382721,0.3344515562057495,-0.2261192798614502
35,pose,12,-1,0.3927088677883148,0.40692853927612305,-0.16997303068637848
35,pose,13,-1,0.6408854126930237,0.4854375720024109,-0.4365421235561371
35,pose,14,-1,0.3880525231361389,0.6264182329177856,-0.11683669686317444
35,pose,15,-1,0.5591056942939758,0.4543057680130005,-0.7828370928764343
35,pose,16,-1,0.3883683383464813,0.8204194903373718,-0.2647545039653778
35,pose,17,-1,0.5388588309288025,0.45648524165153503,-0.8676319122314453
35,pose,18,-1,0.3887964189052582,0.8820362091064453,-0.3044394254684448
35,pose,19,-1,0.5276924967765808,0.43383821845054626,-0.8446207642555237
35,pose,20,-1,0.3970666527748108,0.8817024827003479,-0.3503214716911316
35,pose,21,-1,0.5314021706581116,0.4327790141105652,-0.7808603048324585
35,pose,22,-1,0.39829084277153015,0.8577993512153625,-0.2832523584365845
35,pose,23,-1,0.5248423218727112,0.7611146569252014,-0.02059212513267994
35,pose,24,-1,0.4385562241077423,0.7719528079032898,0.021056102588772774
35,pose,25,-1,0.5095266699790955,1.0034153461456299,-0.05236619710922241
35,pose,26,-1,0.45079275965690613,1.008446216583252,0.0563167929649353
35,pose,27,-1,0.5182281136512756,1.2924755811691284,0.33278369903564453
35,pose,28,-1,0.4452657699584961,1.293322205543518,0.3587590754032135
35,pose,29,-1,0.5200085043907166,1.3222975730895996,0.364643394947052
35,pose,30,-1,0.4471138119697571,1.3275789022445679,0.38523438572883606
35,pose,31,-1,0.5062982439994812,1.3800272941589355,0.20790018141269684
35,pose,32,-1,0.45397132635116577,1.381104826927185,0.20739126205444336
36,hand,0,0,0.5482401847839355,0.46147164702415466,1.0897764468609239e-07
36,hand,1,0,0.5497393012046814,0.4377930164337158,-0.0072158570401370525
36,hand,2,0,0.5417414903640747,0.4177451729774475,-0.009642462246119976
36,hand,3,0,0.5369879603385925,0.4020262360572815,-0.01018551830202341
36,hand,4,0,0.5376830697059631,0.3873308002948761,-0.010631101205945015
36,hand,5,0,0.5224296450614929,0.4247559607028961,-0.011564314365386963
36,hand,6,0,0.5114694833755493,0.4012453854084015,-0.014355672523379326
36,hand,7,0,0.5058935880661011,0.38636013865470886,-0.015980713069438934
36,hand,8,0,0.5018569827079773,0.37709903717041016,-0.01696552336215973
36,hand,9,0,0.5188343524932861,0.43907269835472107,-0.007874205708503723
36,hand,10,0,0.5090880990028381,0.4166361391544342,-0.008517969399690628
36,hand,11,0,0.5048524141311646,0.40174537897109985,-0.008280530571937561
36,hand,12,0,0.5021995902061462,0.39214932918548584,-0.008455983363091946
36,hand,13,0,0.5197418332099915,0.4514304995536804,-0.004391255788505077
36,hand,14,0,0.5119373798370361,0.43829768896102905,-0.0042765093967318535
36,hand,15,0,0.510000467300415,0.428494930267334,-0.004525888245552778
36,hand,16,0,0.5099798440933228,0.42242029309272766,-0.005006888881325722
36,hand,17,0,0.5227314233779907,0.4624985456466675,-0.0014444288099184632
36,hand,18,0,0.514078676700592,0.4615500569343567,-0.0021722866222262383
36,hand,19,0,0.5097201466560364,0.4597378075122833,-0.0030398177914321423
36,hand,20,0,0.5074726939201355,0.45908311009407043,-0.0035526840947568417
36,hand,0,1,0.3851381540298462,0.8353743553161621,-3.2013435458111417e-08
36,hand,1,1,0.39977872371673584,0.8469151258468628,-0.003329996019601822
36,hand,2,1,0.40587690472602844,0.8713824152946472,-0.003758534789085388
36,hand,3,1,0.40734729170799255,0.8948685526847839,-0.0030458811670541763
36,hand,4,1,0.40950947999954224,0.91164231300354,-0.0016717389225959778
36,hand,5,1,0.3946355879306793,0.8930550217628479,-0.004150366876274347
36,hand,6,1,0.4009200930595398,0.9202380180358887,-0.004007892217487097
36,hand,7,1,0.40649449825286865,0.9306846261024475,-0.0035792237613350153
36,hand,8,1,0.4113041162490845,0.9372187852859497,-0.0030495780520141125
36,hand,9,1,0.38644537329673767,0.8945379853248596,-0.0019826898351311684
36,hand,10,1,0.3938840627670288,0.9214526414871216,-0.001772294519469142
36,hand,11,1,0.40160849690437317,0.9303381443023682,-0.0009123815689235926
36,hand,12,1,0.40759116411209106,0.9336606860160828,-0.00017890632443595678
36,hand,13,1,0.38148680329322815,0.8922760486602783,0.00022815163538325578
36,hand,14,1,0.38719451427459717,0.9173129796981812,0.0004359054728411138
36,hand,15,1,0.39390671253204346,0.9258208870887756,0.0012877985136583447
36,hand,16,1,0.3994083106517792,0.9281961917877197,0.0020689519587904215
36,hand,17,1,0.37903228402137756,0.8883612155914307,0.002228901255875826
36,hand,18,1,0.3817722201347351,0.9084613919258118,0.0028478847816586494
36,hand,19,1,0.3869016766548157,0.9177790284156799,0.0037429705262184143
36,hand,20,1,0.3914375603199005,0.920994222164154,0.004652842413634062
36,pose,0,-1,0.4350228011608124,0.23199747502803802,-0.4825604557991028
36,pose,1,-1,0.44215723872184753,0.20012733340263367,-0.4727749824523926
36,pose,2,-1,0.44853970408439636,0.19862093031406403,-0.4728444516658783
36,pose,3,-1,0.45571187138557434,0.19766958057880402,-0.4729900658130646
36,pose,4,-1,0.428121954202652,0.20488132536411285,-0.4622458517551422
36,pose,5,-1,0.42363834381103516,0.20658323168754578,-0.4623357653617859
36,pose,6,-1,0.41995710134506226,0.20868143439292908,-0.46252503991127014
36,pose,7,-1,0.4712866544723511,0.20638543367385864,-0.325091689825058
36,pose,8,-1,0.42228180170059204,0.22279442846775055,-0.28543269634246826
36,pose,9,-1,0.4503973126411438,0.2571829557418823,-0.431026816368103
36,pose,10,-1,0.4319703280925751,0.26073887944221497,-0.41559210419654846
36,pose,11,-1,0.5411288142204285,0.3345099091529846,-0.22246840596199036
36,pose,12,-1,0.3920636475086212,0.40682220458984375,-0.16446785628795624
36,pose,13,-1,0.6406049728393555,0.4866240322589874,-0.42711126804351807
36,pose,14,-1,0.3877875506877899,0.6263412833213806,-0.11620102822780609
36,pose,15,-1,0.5588843822479248,0.45704522728919983,-0.7742553949356079
36,pose,16,-1,0.38814157247543335,0.8201327919960022,-0.2620585858821869
36,pose,17,-1,0.5388011336326599,0.4538300037384033,-0.8595033288002014
36,pose,18,-1,0.3883427679538727,0.8810819983482361,-0.30209189653396606
36,pose,19,-1,0.5277724266052246,0.43063607811927795,-0.8360416889190674
36,pose,20,-1,0.39660272002220154,0.880769670009613,-0.34558966755867004
36,pose,21,-1,0.5316206812858582,0.4316020607948303,-0.7721044421195984
36,pose,22,-1,0.39803406596183777,0.8573825359344482,-0.279918372631073
36,pose,23,-1,0.5248287320137024,0.7611353993415833,-0.021227307617664337
36,pose,24,-1,0.4383908808231354,0.7718413472175598,0.021697815507650375
36,pose,25,-1,0.509315550327301,1.0033243894577026,-0.06515864282846451
36,pose,26,-1,0.4503239691257477,1.008456826210022,0.05062002316117287
36,pose,27,-1,0.5182031393051147,1.2922043800354004,0.3216611444950104
36,pose,28,-1,0.4449455142021179,1.2938919067382812,0.3544674217700958
36,pose,29,-1,0.5199753046035767,1.3218894004821777,0.3540618121623993
36,pose,30,-1,0.4467932879924774,1.3279882669448853,0.38111892342567444
36,pose,31,-1,0.5062571167945862,1.3796309232711792,0.19959959387779236
36,pose,32,-1,0.45358020067214966,1.381199836730957,0.20459717512130737
37,hand,0,0,0.3852035403251648,0.8353865742683411,-3.366088563439007e-08
37,hand,1,0,0.3993964195251465,0.8472845554351807,-0.00310308369807899
37,hand,2,0,0.40542536973953247,0.8717349767684937,-0.003432261059060693
37,hand,3,0,0.40707114338874817,0.8946509957313538,-0.0025192827451974154
37,hand,4,0,0.40927720069885254,0.9110990762710571,-0.0009078577859327197
37,hand,5,0,0.3943155109882355,0.8923335075378418,-0.00482430774718523
37,hand,6,0,0.4007027745246887,0.9207144975662231,-0.004639164544641972
37,hand,7,0,0.4065694808959961,0.9310128092765808,-0.003955683205276728
37,hand,8,0,0.41163650155067444,0.9373804330825806,-0.0031284193973988295
37,hand,9,0,0.3861943483352661,0.8936112523078918,-0.0024850096087902784
37,hand,10,0,0.39351579546928406,0.9217529892921448,-0.0019295155070722103
37,hand,11,0,0.4014112949371338,0.9294372200965881,-0.000467071367893368
37,hand,12,0,0.40737253427505493,0.9317038059234619,0.0007245462038554251
37,hand,13,0,0.3812682330608368,0.8912147879600525,-1.5591938790748827e-05
37,hand,14,0,0.38684213161468506,0.9163668751716614,0.0005952449864707887
37,hand,15,0,0.39388638734817505,0.923216700553894,0.001893720356747508
37,hand,16,0,0.39943474531173706,0.9245896339416504,0.0029675625264644623
37,hand,17,0,0.3787882924079895,0.8874676823616028,0.002295898739248514
37,hand,18,0,0.38171035051345825,0.9075268507003784,0.00341584044508636
37,hand,19,0,0.38695958256721497,0.9153953194618225,0.004749224986881018
37,hand,20,0,0.39135900139808655,0.9174773097038269,0.00594788184389472
37,pose,0,-1,0.4351062774658203,0.23116670548915863,-0.47856369614601135
37,pose,1,-1,0.44228917360305786,0.19976678490638733,-0.4663616716861725
37,pose,2,-1,0.44874969124794006,0.1983664631843567,-0.4664355218410492
37,pose,3,-1,0.4557756185531616,0.19749969244003296,-0.4665338695049286
37,pose,4,-1,0.428329199552536,0.2039407342672348,-0.45738646388053894
37,pose,5,-1,0.4239264130592346,0.20539240539073944,-0.4574742913246155
37,pose,6,-1,0.4200342893600464,0.20722967386245728,-0.45765066146850586
37,pose,7,-1,0.4713892638683319,0.20628954470157623,-0.3226325809955597
37,pose,8,-1,0.42232614755630493,0.22176681458950043,-0.2833704948425293
37,pose,9,-1,0.45046624541282654,0.256184846162796,-0.42556819319725037
37,pose,10,-1,0.4320250153541565,0.2593701481819153,-0.4117203950881958
37,pose,11,-1,0.5411326885223389,0.33457502722740173,-0.21523690223693848
37,pose,12,-1,0.3915524482727051,0.4067361652851105,-0.16681647300720215
37,pose,13,-1,0.6399937272071838,0.490449458360672,-0.39084911346435547
37,pose,14,-1,0.3873167634010315,0.6263149976730347,-0.11953018605709076
37,pose,15,-1,0.5577903389930725,0.46446776390075684,-0.7501831650733948
37,pose,16,-1,0.387732595205307,0.8200972676277161,-0.26366671919822693
37,pose,17,-1,0.5376635789871216,0.4562821090221405,-0.8356836438179016
37,pose,18,-1,0.3878370523452759,0.8810161352157593,-0.3056034445762634
37,pose,19,-1,0.5277535319328308,0.43520811200141907,-0.8189635872840881
37,pose,20,-1,0.3960627317428589,0.8806169033050537,-0.3479953110218048
37,pose,21,-1,0.5315772294998169,0.4361226260662079,-0.7504593133926392
37,pose,22,-1,0.3975943326950073,0.857329785823822,-0.2813722789287567
37,pose,23,-1,0.524817168712616,0.7607544660568237,-0.02105833776295185
37,pose,24,-1,0.4381272494792938,0.7708466053009033,0.02153913304209709
37,pose,25,-1,0.5091724991798401,1.0033334493637085,-0.060905005782842636
37,pose,26,-1,0.45025771856307983,1.0082403421401978,0.03974175453186035
37,pose,27,-1,0.5173865556716919,1.2904144525527954,0.320370614528656
37,pose,28,-1,0.44416600465774536,1.293138861656189,0.3449121415615082
37,pose,29,-1,0.5191608667373657,1.3198884725570679,0.3522782027721405
37,pose,30,-1,0.4460239112377167,1.3267604112625122,0.37114185094833374
37,pose,31,-1,0.50578773021698,1.3765662908554077,0.19948911666870117
37,pose,32,-1,0.4528931975364685,1.3796746730804443,0.1935817152261734
38,hand,0,0,0.5540325045585632,0.48255908489227295,1.444696380303867e-07
38,hand,1,0,0.544445812702179,0.4646676182746887,-0.006575958337634802
38,hand,2,0,0.5320225954055786,0.46146881580352783,-0.011418459936976433
38,hand,3,0,0.5217070579528809,0.4706204831600189,-0.016037704423069954
38,hand,4,0,0.5160490870475769,0.4784835875034332,-0.02069363370537758
38,hand,5,0,0.5157723426818848,0.47853195667266846,-0.014261414296925068
38,hand,6,0,0.4977710247039795,0.48717787861824036,-0.023145178332924843
38,hand,7,0,0.48698627948760986,0.49214935302734375,-0.028397373855113983
38,hand,8,0,0.47748181223869324,0.49529993534088135,-0.031019166111946106
38,hand,9,0,0.5150478482246399,0.4932064712047577,-0.0155298737809062
38,hand,10,0,0.49269992113113403,0.5084319710731506,-0.02481428161263466
38,hand,11,0,0.47548016905784607,0.514398992061615,-0.029523726552724838
38,hand,12,0,0.46223193407058716,0.5177805423736572,-0.03167622163891792
38,hand,13,0,0.5193706154823303,0.5078692436218262,-0.0169842392206192
38,hand,14,0,0.5149819850921631,0.5309258103370667,-0.02692720666527748
38,hand,15,0,0.524122953414917,0.5313985347747803,-0.02878999151289463
38,hand,16,0,0.5324787497520447,0.5262935757637024,-0.027211422100663185
38,hand,17,0,0.5264990925788879,0.5210475325584412,-0.01883583329617977
38,hand,18,0,0.5208560228347778,0.5402783751487732,-0.025785041972994804
38,hand,19,0,0.5199527144432068,0.5478070378303528,-0.02639804780483246
38,hand,20,0,0.5193555355072021,0.5525587797164917,-0.025229739025235176
38,hand,0,1,0.38417062163352966,0.8348634243011475,-2.9488116837228517e-08
38,hand,1,1,0.39904841780662537,0.846020519733429,-0.003783367807045579
38,hand,2,1,0.40539106726646423,0.870343804359436,-0.004634664859622717
38,hand,3,1,0.40728113055229187,0.8937013149261475,-0.0042183008044958115
38,hand,4,1,0.4098026156425476,0.9106272459030151,-0.003097269916906953
38,hand,5,1,0.3939383029937744,0.8918408751487732,-0.005532263778150082
38,hand,6,1,0.40028440952301025,0.9207331538200378,-0.00594507297500968
38,hand,7,1,0.40623000264167786,0.931138277053833,-0.005659675225615501
38,hand,8,1,0.4114064574241638,0.9373270273208618,-0.005050856154412031
38,hand,9,1,0.38566550612449646,0.8927466869354248,-0.0031706406734883785
38,hand,10,1,0.39322102069854736,0.9215007424354553,-0.003413081169128418
38,hand,11,1,0.40151017904281616,0.9296427369117737,-0.0023281641770154238
38,hand,12,1,0.40774378180503845,0.9320055842399597,-0.0013143131509423256
38,hand,13,1,0.3807429373264313,0.8899358510971069,-0.0007606199942529202
38,hand,14,1,0.3868781626224518,0.9162039160728455,-0.0010070562129840255
38,hand,15,1,0.39418846368789673,0.9234229326248169,7.305331382667646e-05
38,hand,16,1,0.3998558521270752,0.9247170090675354,0.0011671498650684953
38,hand,17,1,0.37817201018333435,0.8861296772956848,0.0014543778961524367
38,hand,18,1,0.3815792202949524,0.9076542854309082,0.0018867615144699812
38,hand,19,1,0.38712313771247864,0.9158441424369812,0.0030638459138572216
38,hand,20,1,0.3916386067867279,0.9180829524993896,0.004247404634952545
38,pose,0,-1,0.4352825880050659,0.23034009337425232,-0.48058831691741943
38,pose,1,-1,0.44279614090919495,0.19918467104434967,-0.4667387306690216
38,pose,2,-1,0.4494761526584625,0.1979549527168274,-0.466823548078537
38,pose,3,-1,0.4563005864620209,0.19720423221588135,-0.4669228196144104
38,pose,4,-1,0.4286969304084778,0.20289714634418488,-0.4593581259250641
38,pose,5,-1,0.42447608709335327,0.20414145290851593,-0.459443062543869
38,pose,6,-1,0.4203367829322815,0.20581597089767456,-0.45961794257164
38,pose,7,-1,0.47160881757736206,0.20612838864326477,-0.32351186871528625
38,pose,8,-1,0.42263683676719666,0.2206990271806717,-0.287291944026947
38,pose,9,-1,0.4505870044231415,0.25534987449645996,-0.42519378662109375
38,pose,10,-1,0.4320526421070099,0.25847628712654114,-0.41363218426704407
38,pose,11,-1,0.5411362051963806,0.3342941105365753,-0.21416275203227997
38,pose,12,-1,0.39142799377441406,0.4056433141231537,-0.17093102633953094
38,pose,13,-1,0.6397444605827332,0.49435362219810486,-0.38795679807662964
38,pose,14,-1,0.3868615925312042,0.626028299331665,-0.12421917915344238
38,pose,15,-1,0.5541757941246033,0.47479715943336487,-0.746025800704956
38,pose,16,-1,0.3872102200984955,0.8200653195381165,-0.2651980221271515
38,pose,17,-1,0.5315954089164734,0.4806067645549774,-0.8306763172149658
38,pose,18,-1,0.38732290267944336,0.8809937834739685,-0.30798566341400146
38,pose,19,-1,0.522106945514679,0.45928624272346497,-0.8155792355537415
38,pose,20,-1,0.39586523175239563,0.8804402947425842,-0.3484814465045929
38,pose,21,-1,0.5267813205718994,0.4553917348384857,-0.7461729049682617
38,pose,22,-1,0.39745834469795227,0.8571459054946899,-0.2822699248790741
38,pose,23,-1,0.5243914723396301,0.7597896456718445,-0.0208284892141819
38,pose,24,-1,0.43777114152908325,0.7685930728912354,0.02132599800825119
38,pose,25,-1,0.5091091394424438,1.0032374858856201,-0.0604097805917263
38,pose,26,-1,0.4496682286262512,1.0083017349243164,0.027629520744085312
38,pose,27,-1,0.5170305371284485,1.280759572982788,0.3169088363647461
38,pose,28,-1,0.44411155581474304,1.2892274856567383,0.3143911361694336
38,pose,29,-1,0.5189352035522461,1.3089535236358643,0.3485246002674103
38,pose,30,-1,0.446013480424881,1.3221710920333862,0.33814242482185364
38,pose,31,-1,0.5056493282318115,1.3663314580917358,0.19824644923210144
38,pose,32,-1,0.4523547291755676,1.3757718801498413,0.160933718085289
39,hand,0,0,0.3827669322490692,0.8344615697860718,-2.7100886867970075e-08
39,hand,1,0,0.39812999963760376,0.8452643156051636,-0.003808345878496766
39,hand,2,0,0.4047159254550934,0.8702890872955322,-0.004390417132526636
39,hand,3,0,0.40650907158851624,0.8943652510643005,-0.0037397758569568396
39,hand,4,0,0.4086872935295105,0.9116666913032532,-0.002395636634901166
39,hand,5,0,0.39386293292045593,0.8919934034347534,-0.0045088971965014935
39,hand,6,0,0.3997344672679901,0.9198022484779358,-0.00483717443421483
39,hand,7,0,0.40541329979896545,0.9309041500091553,-0.004770576022565365
39,hand,8,0,0.41050922870635986,0.9379032850265503,-0.004394674673676491
39,hand,9,0,0.3855307996273041,0.8933734893798828,-0.0022370154038071632
39,hand,10,0,0.39261600375175476,0.9212894439697266,-0.0022232376504689455
39,hand,11,0,0.40058737993240356,0.9305152297019958,-0.0013669909676536918
39,hand,12,0,0.4067429304122925,0.9342991709709167,-0.0005929690669290721
39,hand,13,0,0.38033756613731384,0.8912180066108704,-2.81419725070009e-05
39,hand,14,0,0.38598278164863586,0.9172570109367371,-0.00012896257976535708
39,hand,15,0,0.39293035864830017,0.9250830411911011,0.000803217408247292
39,hand,16,0,0.39837411046028137,0.9268444776535034,0.0017677954165264964
39,hand,17,0,0.37760597467422485,0.8877515196800232,0.001924225129187107
39,hand,18,0,0.38081324100494385,0.9092140793800354,0.002343730768188834
39,hand,19,0,0.3861722946166992,0.9181568622589111,0.0033790499437600374
39,hand,20,0,0.39064663648605347,0.9210329651832581,0.00448131188750267
39,pose,0,-1,0.435794860124588,0.2303323894739151,-0.4639439582824707
39,pose,1,-1,0.44357967376708984,0.19919969141483307,-0.4490499496459961
39,pose,2,-1,0.4504238963127136,0.19797295331954956,-0.44915997982025146
39,pose,3,-1,0.4570605456829071,0.19723579287528992,-0.44926223158836365
39,pose,4,-1,0.42935192584991455,0.20289070904254913,-0.44290682673454285
39,pose,5,-1,0.4254986345767975,0.20409829914569855,-0.4429928958415985
39,pose,6,-1,0.4211535155773163,0.20569564402103424,-0.44317367672920227
39,pose,7,-1,0.4719095826148987,0.20629823207855225,-0.3050965964794159
39,pose,8,-1,0.4232161343097687,0.22040201723575592,-0.27289116382598877
39,pose,9,-1,0.45089876651763916,0.2553306818008423,-0.40665537118911743
39,pose,10,-1,0.43217408657073975,0.2584392726421356,-0.39710110425949097
39,pose,11,-1,0.5409806966781616,0.334314227104187,-0.19199253618717194
39,pose,12,-1,0.3913882374763489,0.4040239155292511,-0.15000630915164948
39,pose,13,-1,0.6378868818283081,0.49901118874549866,-0.33984193205833435
39,pose,14,-1,0.3861778974533081,0.6256906986236572,-0.08724543452262878
39,pose,15,-1,0.5539747476577759,0.489793062210083,-0.6865990161895752
39,pose,16,-1,0.3868256211280823,0.8196411728858948,-0.22331342101097107
39,pose,17,-1,0.531724750995636,0.5106462836265564,-0.767759382724762
39,pose,18,-1,0.3869808316230774,0.8805508017539978,-0.2640480399131775
39,pose,19,-1,0.5220045447349548,0.48018747568130493,-0.7553970813751221
39,pose,20,-1,0.39576828479766846,0.8800107836723328,-0.305385947227478
39,pose,21,-1,0.5263572931289673,0.47251638770103455,-0.6868842840194702
39,pose,22,-1,0.39737293124198914,0.8568924069404602,-0.24020221829414368
39,pose,23,-1,0.5240643620491028,0.7594504952430725,-0.020363420248031616
39,pose,24,-1,0.4374719262123108,0.7681342959403992,0.02084655500948429
39,pose,25,-1,0.5089395046234131,1.003212809562683,-0.06815767288208008
39,pose,26,-1,0.44956618547439575,1.0080530643463135,0.023144755512475967
39,pose,27,-1,0.5170143246650696,1.2806546688079834,0.29666560888290405
39,pose,28,-1,0.44412297010421753,1.2891267538070679,0.3138523995876312
39,pose,29,-1,0.5191397070884705,1.3089402914047241,0.3275392949581146
39,pose,30,-1,0.4461396038532257,1.3219633102416992,0.33860188722610474
39,pose,31,-1,0.5054545998573303,1.3657246828079224,0.18377456068992615
39,pose,32,-1,0.4517635405063629,1.374708890914917,0.16518345475196838
40,hand,0,0,0.5504091382026672,0.5410658717155457,1.27963559748423e-07
40,hand,1,0,0.5388033390045166,0.52830570936203,-0.007426583673804998
40,hand,2,0,0.5253557562828064,0.5221878290176392,-0.013178701512515545
40,hand,3,0,0.5152348875999451,0.511259913444519,-0.018110089004039764
40,hand,4,0,0.508978009223938,0.49918127059936523,-0.023526445031166077
40,hand,5,0,0.5182862877845764,0.5606380105018616,-0.012093845754861832
40,hand,6,0,0.506251871585846,0.5788437724113464,-0.017283469438552856
40,hand,7,0,0.4995879530906677,0.5911016464233398,-0.021020973101258278
40,hand,8,0,0.4944571256637573,0.6001873016357422,-0.023801764473319054
40,hand,9,0,0.5243251919746399,0.5761573314666748,-0.011653202585875988
40,hand,10,0,0.5134099125862122,0.597924530506134,-0.015760140493512154
40,hand,11,0,0.5062628388404846,0.6105654835700989,-0.01854662224650383
40,hand,12,0,0.5008137226104736,0.6189804077148438,-0.020711412653326988
40,hand,13,0,0.5325273871421814,0.587045431137085,-0.011641151271760464
40,hand,14,0,0.5236427187919617,0.6094887852668762,-0.014893905259668827
40,hand,15,0,0.5183026790618896,0.623431921005249,-0.017118554562330246
40,hand,16,0,0.5137455463409424,0.633405864238739,-0.01879940740764141
40,hand,17,0,0.5415949821472168,0.5927472710609436,-0.012180648744106293
40,hand,18,0,0.5380975604057312,0.6125890612602234,-0.015309984795749187
40,hand,19,0,0.535658597946167,0.6254042387008667,-0.016633715480566025
40,hand,20,0,0.5331230163574219,0.6349089741706848,-0.01737433858215809
40,hand,0,1,0.38283342123031616,0.8353067636489868,-1.710631991613809e-08
40,hand,1,1,0.39779049158096313,0.8455532789230347,-0.0036268297117203474
40,hand,2,1,0.4043387472629547,0.8694359064102173,-0.004399818368256092
40,hand,3,1,0.40620899200439453,0.8933958411216736,-0.003925757948309183
40,hand,4,1,0.40842586755752563,0.9110859036445618,-0.0027449100743979216
40,hand,5,1,0.39375436305999756,0.8909274339675903,-0.005307827144861221
40,hand,6,1,0.3992196321487427,0.9201487302780151,-0.005559029057621956
40,hand,7,1,0.404527485370636,0.9320268630981445,-0.0049812463112175465
40,hand,8,1,0.40934062004089355,0.9392765760421753,-0.004174141678959131
40,hand,9,1,0.38537633419036865,0.8929308652877808,-0.0030761719681322575
40,hand,10,1,0.3920328617095947,0.9221731424331665,-0.0030833326745778322
40,hand,11,1,0.3996530771255493,0.9312171339988708,-0.0017558826366439462
40,hand,12,1,0.405524343252182,0.9343636631965637,-0.0005422117537818849
40,hand,13,1,0.3801040053367615,0.8913272023200989,-0.0007907025283202529
40,hand,14,1,0.3853846490383148,0.9178898334503174,-0.0006823833682574332
40,hand,15,1,0.392270565032959,0.9255194664001465,0.0007782274042256176
40,hand,16,1,0.3975785970687866,0.9271056056022644,0.0021136892028152943
40,hand,17,1,0.3773704171180725,0.8880978226661682,0.0012668130220845342
40,hand,18,1,0.3804190754890442,0.9096667766571045,0.0020112779457122087
40,hand,19,1,0.38584476709365845,0.917992353439331,0.003449775977060199
40,hand,20,1,0.3903041183948517,0.9203018546104431,0.004852114710956812
40,pose,0,-1,0.4371456205844879,0.23032991588115692,-0.4489538073539734
40,pose,1,-1,0.4454789459705353,0.1992451548576355,-0.433802992105484
40,pose,2,-1,0.45218318700790405,0.19801108539104462,-0.4339120090007782
40,pose,3,-1,0.45843741297721863,0.19725626707077026,-0.43402960896492004
40,pose,4,-1,0.43086379766464233,0.2029096782207489,-0.42905235290527344
40,pose,5,-1,0.4274463653564453,0.20410038530826569,-0.4291132688522339
40,pose,6,-1,0.42337802052497864,0.20566661655902863,-0.429273784160614
40,pose,7,-1,0.4722632169723511,0.2065119594335556,-0.291326105594635
40,pose,8,-1,0.4246208369731903,0.220058411359787,-0.2657666802406311
40,pose,9,-1,0.45162731409072876,0.25532805919647217,-0.39181751012802124
40,pose,10,-1,0.43271759152412415,0.25841549038887024,-0.38435086607933044
40,pose,11,-1,0.5405345559120178,0.33433300256729126,-0.17662973701953888
40,pose,12,-1,0.391389936208725,0.4029633700847626,-0.14440186321735382
40,pose,13,-1,0.6347343325614929,0.5002248883247375,-0.2669445872306824
40,pose,14,-1,0.38553568720817566,0.6252921223640442,-0.07542283087968826
40,pose,15,-1,0.5537121295928955,0.5248984694480896,-0.5672410726547241
40,pose,16,-1,0.38643497228622437,0.8193722367286682,-0.20678526163101196
40,pose,17,-1,0.5323023200035095,0.5637469291687012,-0.6416257619857788
40,pose,18,-1,0.38631123304367065,0.8802717924118042,-0.24833036959171295
40,pose,19,-1,0.5214915871620178,0.5394707322120667,-0.6403452754020691
40,pose,20,-1,0.3956626057624817,0.8799095153808594,-0.28944864869117737
40,pose,21,-1,0.5248521566390991,0.5238531231880188,-0.5698465704917908
40,pose,22,-1,0.39732545614242554,0.8568587303161621,-0.22375847399234772
40,pose,23,-1,0.523327648639679,0.7590199112892151,-0.01585753820836544
40,pose,24,-1,0.4369766116142273,0.7681776285171509,0.016259590163826942
40,pose,25,-1,0.5077838897705078,1.0037587881088257,-0.06725046783685684
40,pose,26,-1,0.44956380128860474,1.0103262662887573,-0.0032976525835692883
40,pose,27,-1,0.5166646838188171,1.2769911289215088,0.289986252784729
40,pose,28,-1,0.4441404342651367,1.2880924940109253,0.27520498633384705
40,pose,29,-1,0.5188405513763428,1.3044830560684204,0.3191864788532257
40,pose,30,-1,0.4466286897659302,1.319057822227478,0.2988681495189667
40,pose,31,-1,0.5054172873497009,1.3620100021362305,0.18192623555660248
40,pose,32,-1,0.45068201422691345,1.3727909326553345,0.1398780345916748
41,hand,0,0,0.5619067549705505,0.5712698698043823,2.1170617969801242e-07
41,hand,1,0,0.5452226996421814,0.5616133213043213,-0.003347411286085844
41,hand,2,0,0.5294438600540161,0.5526517033576965,-0.007981288246810436
41,hand,3,0,0.5194582343101501,0.5358884930610657,-0.01270425133407116
41,hand,4,0,0.5157617926597595,0.5207991600036621,-0.018268892541527748
41,hand,5,0,0.5235239863395691,0.5875692367553711,-0.009059729054570198
41,hand,6,0,0.5044729113578796,0.5981473326683044,-0.014828884042799473
41,hand,7,0,0.49254706501960754,0.6050966382026672,-0.01873110421001911
41,hand,8,0,0.4829365611076355,0.6087074279785156,-0.0213265772908926
41,hand,9,0,0.5274253487586975,0.6001024842262268,-0.010917726904153824
41,hand,10,0,0.5083127617835999,0.6158541440963745,-0.01561990287154913
41,hand,11,0,0.495234876871109,0.6258019208908081,-0.019376292824745178
41,hand,12,0,0.4846701920032501,0.6319653391838074,-0.02210467867553234
41,hand,13,0,0.5335510969161987,0.6087221503257751,-0.012847798876464367
41,hand,14,0,0.5178514719009399,0.6272426247596741,-0.017018720507621765
41,hand,15,0,0.5071468949317932,0.6397594809532166,-0.021470990031957626
41,hand,16,0,0.4977811574935913,0.647942841053009,-0.024622874334454536
41,hand,17,0,0.5410059690475464,0.6130470037460327,-0.01487362664192915
41,hand,18,0,0.5358718037605286,0.6304954886436462,-0.019086498767137527
41,hand,19,0,0.5319175720214844,0.6424514055252075,-0.022087983787059784
41,hand,20,0,0.5279610753059387,0.6515100002288818,-0.023973550647497177
41,hand,0,1,0.3831962049007416,0.834989607334137,-1.4815777937826624e-08
41,hand,1,1,0.3978902995586395,0.8460692763328552,-0.0037597930058836937
41,hand,2,1,0.4042244851589203,0.8702508211135864,-0.004468454513698816
41,hand,3,1,0.4061487019062042,0.894255518913269,-0.003869170555844903
41,hand,4,1,0.4086378216743469,0.9123618602752686,-0.002523055300116539
41,hand,5,1,0.39358073472976685,0.8925448656082153,-0.004922093357890844
41,hand,6,1,0.3989199697971344,0.9210495352745056,-0.004881545901298523
41,hand,7,1,0.40415358543395996,0.9325142502784729,-0.004273268859833479
41,hand,8,1,0.40902847051620483,0.9395397901535034,-0.003461231244727969
41,hand,9,1,0.3850778639316559,0.8938342332839966,-0.0024135736748576164
41,hand,10,1,0.3916085958480835,0.9221126437187195,-0.002039578277617693
41,hand,11,1,0.3989928960800171,0.9313476085662842,-0.0006832953076809645
41,hand,12,1,0.40474486351013184,0.9348233342170715,0.00046324986033141613
41,hand,13,1,0.3797132968902588,0.8912711143493652,0.00012909804354421794
41,hand,14,1,0.3847354054450989,0.9168846607208252,0.0004585011338349432
41,hand,15,1,0.3913702964782715,0.924927294254303,0.0018074439140036702
41,hand,16,1,0.3966533839702606,0.9269805550575256,0.0030265210662037134
41,hand,17,1,0.3767890930175781,0.8872942328453064,0.0024614788126200438
41,hand,18,1,0.37948307394981384,0.9084497690200806,0.0034516998566687107
41,hand,19,1,0.3846437931060791,0.9169596433639526,0.00494375778362155
41,hand,20,1,0.388994425535202,0.9195741415023804,0.006340354215353727
41,pose,0,-1,0.4385777413845062,0.22971490025520325,-0.45145469903945923
41,pose,1,-1,0.44782814383506775,0.1989363431930542,-0.43675392866134644
41,pose,2,-1,0.45432382822036743,0.19780756533145905,-0.43685585260391235
41,pose,3,-1,0.46021324396133423,0.19708594679832458,-0.43696489930152893
41,pose,4,-1,0.43237975239753723,0.2024569809436798,-0.4313904643058777
41,pose,5,-1,0.4290871024131775,0.2035566121339798,-0.4314557909965515
41,pose,6,-1,0.42521142959594727,0.20494692027568817,-0.4316163957118988
41,pose,7,-1,0.47297126054763794,0.20652323961257935,-0.2958875596523285
41,pose,8,-1,0.4255822002887726,0.21928998827934265,-0.27155500650405884
41,pose,9,-1,0.4528145492076874,0.25476473569869995,-0.39496275782585144
41,pose,10,-1,0.43331626057624817,0.2575952708721161,-0.38669583201408386
41,pose,11,-1,0.5404930710792542,0.33481231331825256,-0.1803487241268158
41,pose,12,-1,0.3913205862045288,0.40178802609443665,-0.14642859995365143
41,pose,13,-1,0.6273119449615479,0.5021944642066956,-0.21969939768314362
41,pose,14,-1,0.3852357268333435,0.625095784664154,-0.08007659018039703
41,pose,15,-1,0.5542162656784058,0.5739893317222595,-0.4715058505535126
41,pose,16,-1,0.3862262964248657,0.8190145492553711,-0.21147814393043518
41,pose,17,-1,0.5335681438446045,0.6137292385101318,-0.5401012301445007
41,pose,18,-1,0.38580894470214844,0.8801597952842712,-0.25260835886001587
41,pose,19,-1,0.5235087871551514,0.5905640721321106,-0.5469153523445129
41,pose,20,-1,0.39558565616607666,0.8797122836112976,-0.2947736978530884
41,pose,21,-1,0.5274031758308411,0.5764906406402588,-0.4761647582054138
41,pose,22,-1,0.39733022451400757,0.8566427826881409,-0.22880178689956665
41,pose,23,-1,0.5223135352134705,0.7577407956123352,-0.013091877102851868
41,pose,24,-1,0.43659913539886475,0.7682041525840759,0.013433199375867844
41,pose,25,-1,0.5072428584098816,1.0040719509124756,-0.06432536244392395
41,pose,26,-1,0.44938141107559204,1.0137945413589478,-0.005544885993003845
41,pose,27,-1,0.5166946649551392,1.2742908000946045,0.28126710653305054
41,pose,28,-1,0.4444769620895386,1.2865629196166992,0.2764655649662018
41,pose,29,-1,0.5188612341880798,1.3013889789581299,0.30937331914901733
41,pose,30,-1,0.44777360558509827,1.3159757852554321,0.30054154992103577
41,pose,31,-1,0.505662202835083,1.3601460456848145,0.17440959811210632
41,pose,32,-1,0.449775755405426,1.3698147535324097,0.14422538876533508
42,hand,0,0,0.38413727283477783,0.8359650373458862,-1.7051132061851604e-08
42,hand,1,0,0.3986276388168335,0.8477926850318909,-0.0030567587818950415
42,hand,2,0,0.404782772064209,0.8722180724143982,-0.0037874188274145126
42,hand,3,0,0.406738817691803,0.8961368799209595,-0.0033651026897132397
42,hand,4,0,0.4091578722000122,0.9136831164360046,-0.002273802412673831
42,hand,5,0,0.3942407965660095,0.8924860954284668,-0.005388343706727028
42,hand,6,0,0.39983001351356506,0.9210704565048218,-0.0057955579832196236
42,hand,7,0,0.4049447178840637,0.9328853487968445,-0.005341736134141684
42,hand,8,0,0.4095851182937622,0.940531849861145,-0.004626445006579161
42,hand,9,0,0.3857167959213257,0.8939845561981201,-0.0033993523102253675
42,hand,10,0,0.39262983202934265,0.922820508480072,-0.0036269561387598515
42,hand,11,0,0.39988911151885986,0.9319514036178589,-0.0022150662261992693
42,hand,12,0,0.4053480923175812,0.9356460571289062,-0.0009031163644976914
42,hand,13,0,0.3801026940345764,0.8916293978691101,-0.0012664562091231346
42,hand,14,0,0.3855336010456085,0.9179176092147827,-0.0012033522361889482
42,hand,15,0,0.391961008310318,0.9258369207382202,0.0005077712703496218
42,hand,16,0,0.3968673050403595,0.9278263449668884,0.002062395215034485
42,hand,17,0,0.37686026096343994,0.8874179124832153,0.000698834890499711
42,hand,18,0,0.37945711612701416,0.9087649583816528,0.0016746459295973182
42,hand,19,0,0.3843822479248047,0.9171482920646667,0.003413502825424075
42,hand,20,0,0.3883267045021057,0.9194921851158142,0.005039292387664318
42,pose,0,-1,0.43983614444732666,0.22810426354408264,-0.46258115768432617
42,pose,1,-1,0.44978275895118713,0.19811898469924927,-0.44668155908584595
42,pose,2,-1,0.4561661183834076,0.19722257554531097,-0.4467739760875702
42,pose,3,-1,0.4618951678276062,0.1966591328382492,-0.44686460494995117
42,pose,4,-1,0.4334450662136078,0.2012862116098404,-0.4427521824836731
42,pose,5,-1,0.4301113486289978,0.20227856934070587,-0.4427903890609741
42,pose,6,-1,0.42624950408935547,0.20356814563274384,-0.4429250657558441
42,pose,7,-1,0.4738428294658661,0.20655778050422668,-0.30080386996269226
42,pose,8,-1,0.42592841386795044,0.21816381812095642,-0.28174343705177307
42,pose,9,-1,0.45390811562538147,0.25343412160873413,-0.4046688973903656
42,pose,10,-1,0.43363380432128906,0.2559281289577484,-0.3985980749130249
42,pose,11,-1,0.5404943227767944,0.3368736207485199,-0.18232370913028717
42,pose,12,-1,0.39119741320610046,0.4014073312282562,-0.14788860082626343
42,pose,13,-1,0.6228473782539368,0.5053258538246155,-0.19031067192554474
42,pose,14,-1,0.3850977122783661,0.6250944137573242,-0.07317127287387848
42,pose,15,-1,0.5596207976341248,0.6190648078918457,-0.40917152166366577
42,pose,16,-1,0.3862444758415222,0.818984866142273,-0.2101902961730957
42,pose,17,-1,0.5424622893333435,0.6618766784667969,-0.47374552488327026
42,pose,18,-1,0.38582101464271545,0.8801387548446655,-0.25151264667510986
42,pose,19,-1,0.531737208366394,0.636742115020752,-0.4884945750236511
42,pose,20,-1,0.39567089080810547,0.8796238303184509,-0.2970152497291565
42,pose,21,-1,0.5354755520820618,0.6219082474708557,-0.41637182235717773
42,pose,22,-1,0.3974551558494568,0.8565957546234131,-0.22917480766773224
42,pose,23,-1,0.5217434763908386,0.7580138444900513,-0.013105692341923714
42,pose,24,-1,0.43642285466194153,0.7701174020767212,0.013444087468087673
42,pose,25,-1,0.5070083737373352,1.0067644119262695,-0.06359905749559402
42,pose,26,-1,0.4492858946323395,1.0200532674789429,-0.00033619487658143044
42,pose,27,-1,0.5189756751060486,1.2778578996658325,0.2893446683883667
42,pose,28,-1,0.4459502100944519,1.2940007448196411,0.2794903814792633
42,pose,29,-1,0.5208456516265869,1.3045567274093628,0.31810811161994934
42,pose,30,-1,0.44964590668678284,1.3237793445587158,0.3026827275753021
42,pose,31,-1,0.5093060731887817,1.365813970565796,0.17341095209121704
42,pose,32,-1,0.4500955641269684,1.3769218921661377,0.13461969792842865
43,hand,0,0,0.38400113582611084,0.8369590640068054,-2.198078163928585e-08
43,hand,1,0,0.3989429771900177,0.8476231098175049,-0.0037803202867507935
43,hand,2,0,0.40540939569473267,0.8723275065422058,-0.004624893888831139
43,hand,3,0,0.40738168358802795,0.8965672850608826,-0.004271293990314007
43,hand,4,0,0.4096195697784424,0.9140980243682861,-0.003212484996765852
43,hand,5,0,0.39494746923446655,0.8925710916519165,-0.005526084452867508
43,hand,6,0,0.400147944688797,0.9219322204589844,-0.006473745685070753
43,hand,7,0,0.40551939606666565,0.933573305606842,-0.006568785756826401
43,hand,8,0,0.4104415774345398,0.9409763216972351,-0.006190374493598938
43,hand,9,0,0.3865680992603302,0.8945803046226501,-0.003405011026188731
43,hand,10,0,0.3927887976169586,0.9236550331115723,-0.0037551524583250284
43,hand,11,0,0.40037429332733154,0.9321624040603638,-0.0026009792927652597
43,hand,12,0,0.4060569405555725,0.9348435997962952,-0.001508349901996553
43,hand,13,0,0.38106271624565125,0.8929004073143005,-0.0013133547035977244
43,hand,14,0,0.3860974609851837,0.9189704656600952,-0.0014774277806282043
43,hand,15,0,0.39297744631767273,0.9257234334945679,-2.6137120585190132e-05
43,hand,16,0,0.39806288480758667,0.9267597794532776,0.001316473470069468
43,hand,17,0,0.3778225779533386,0.8895554542541504,0.0004981639212928712
43,hand,18,0,0.380431592464447,0.9100748896598816,0.0010760052828118205
43,hand,19,0,0.3857545554637909,0.917182981967926,0.002515777014195919
43,hand,20,0,0.3899762034416199,0.9184327721595764,0.00392189621925354
43,pose,0,-1,0.44124212861061096,0.226824551820755,-0.5085058212280273
43,pose,1,-1,0.4515138566493988,0.19756841659545898,-0.4918278753757477
43,pose,2,-1,0.4577958285808563,0.19681882858276367,-0.4919111132621765
43,pose,3,-1,0.4634811282157898,0.19637154042720795,-0.49202102422714233
43,pose,4,-1,0.4343988299369812,0.20055550336837769,-0.48657211661338806
43,pose,5,-1,0.4308798909187317,0.2015683650970459,-0.4866470396518707
43,pose,6,-1,0.42712652683258057,0.2028854638338089,-0.4867783486843109
43,pose,7,-1,0.4746035635471344,0.20663245022296906,-0.34458982944488525
43,pose,8,-1,0.4263548254966736,0.21779833734035492,-0.31902992725372314
43,pose,9,-1,0.4555705189704895,0.25267866253852844,-0.45043185353279114
43,pose,10,-1,0.4343009293079376,0.2548198699951172,-0.4428035616874695
43,pose,11,-1,0.5407443642616272,0.34296083450317383,-0.22746720910072327
43,pose,12,-1,0.3911024332046509,0.4011581540107727,-0.18124790489673615
43,pose,13,-1,0.6186073422431946,0.5160320401191711,-0.20864251255989075
43,pose,14,-1,0.38456058502197266,0.625123143196106,-0.09228336811065674
43,pose,15,-1,0.5639693140983582,0.6589675545692444,-0.40273427963256836
43,pose,16,-1,0.38628849387168884,0.8189871311187744,-0.23989781737327576
43,pose,17,-1,0.5504853129386902,0.7081533074378967,-0.4675976037979126
43,pose,18,-1,0.3859890401363373,0.8802784085273743,-0.2858840227127075
43,pose,19,-1,0.5395984649658203,0.6904189586639404,-0.48759543895721436
43,pose,20,-1,0.3959929645061493,0.8796108961105347,-0.3324772119522095
43,pose,21,-1,0.5414482355117798,0.6752497553825378,-0.4112008512020111
43,pose,22,-1,0.39774754643440247,0.8565855622291565,-0.2600387632846832
43,pose,23,-1,0.5210580825805664,0.7595850825309753,-0.013137185014784336
43,pose,24,-1,0.4363163709640503,0.7731574773788452,0.013481225818395615
43,pose,25,-1,0.5138126015663147,1.0515848398208618,-0.06593238562345505
43,pose,26,-1,0.44907453656196594,1.0237808227539062,0.0004351910902187228
43,pose,27,-1,0.5195497274398804,1.2786610126495361,0.3241250813007355
43,pose,28,-1,0.44593384861946106,1.2944167852401733,0.2800861895084381
43,pose,29,-1,0.5215491056442261,1.3046821355819702,0.35772088170051575
43,pose,30,-1,0.44974610209465027,1.3240457773208618,0.3051641583442688
43,pose,31,-1,0.5099783539772034,1.3687890768051147,0.2121158391237259
43,pose,32,-1,0.44985583424568176,1.377137541770935,0.1395561397075653
44,hand,0,0,0.38446107506752014,0.8365721702575684,-1.45376164439881e-08
44,hand,1,0,0.39952796697616577,0.8475223779678345,-0.004528948571532965
44,hand,2,0,0.40631580352783203,0.871221125125885,-0.005969218444079161
44,hand,3,0,0.40862250328063965,0.8956539630889893,-0.006029075942933559
44,hand,4,0,0.41104814410209656,0.9139801859855652,-0.005345005542039871
44,hand,5,0,0.3953801095485687,0.891312301158905,-0.006929279305040836
44,hand,6,0,0.4013250470161438,0.9213367104530334,-0.008098389022052288
44,hand,7,0,0.4069680869579315,0.9329689145088196,-0.00818868912756443
44,hand,8,0,0.4119929373264313,0.9403099417686462,-0.007790289353579283
44,hand,9,0,0.38710933923721313,0.8933104872703552,-0.0045078513212502
44,hand,10,0,0.39380136132240295,0.9232681393623352,-0.005260329693555832
44,hand,11,0,0.40161994099617004,0.9317688941955566,-0.004117512609809637
44,hand,12,0,0.40747588872909546,0.934303343296051,-0.0030394105706363916
44,hand,13,0,0.3817242681980133,0.8914371132850647,-0.002116491785272956
44,hand,14,0,0.3869323134422302,0.9189967513084412,-0.0026466739363968372
44,hand,15,0,0.3941405713558197,0.9258869290351868,-0.0011711458209902048
44,hand,16,0,0.39951831102371216,0.9267045259475708,0.00023060386592987925
44,hand,17,0,0.3785634934902191,0.887856125831604,-2.6510060706641525e-05
44,hand,18,0,0.38118407130241394,0.9100246429443359,0.0002446260768920183
44,hand,19,0,0.3867066502571106,0.917540431022644,0.0015880947466939688
44,hand,20,0,0.39119914174079895,0.9188103079795837,0.0029341415502130985
44,pose,0,-1,0.4418127238750458,0.22576944530010223,-0.5042881965637207
44,pose,1,-1,0.4522034823894501,0.19702233374118805,-0.4880431890487671
44,pose,2,-1,0.4583902060985565,0.19640374183654785,-0.48812136054039
44,pose,3,-1,0.4641226828098297,0.1960359811782837,-0.48822781443595886
44,pose,4,-1,0.4349726438522339,0.19985757768154144,-0.4815281927585602
44,pose,5,-1,0.43137338757514954,0.20087788999080658,-0.4816201627254486
44,pose,6,-1,0.4277594983577728,0.20217391848564148,-0.48177048563957214
44,pose,7,-1,0.4751320779323578,0.2066364884376526,-0.3477751314640045
44,pose,8,-1,0.4270176887512207,0.21710093319416046,-0.3159222900867462
44,pose,9,-1,0.4562523066997528,0.2518659830093384,-0.4492521286010742
44,pose,10,-1,0.43464961647987366,0.25393494963645935,-0.43993499875068665
44,pose,11,-1,0.5409212112426758,0.34774044156074524,-0.24159955978393555
44,pose,12,-1,0.3910291790962219,0.4007430672645569,-0.1913342922925949
44,pose,13,-1,0.6114485263824463,0.5371176600456238,-0.20985367894172668
44,pose,14,-1,0.38394030928611755,0.625180184841156,-0.11999526619911194
44,pose,15,-1,0.5672632455825806,0.7023140788078308,-0.378181129693985
44,pose,16,-1,0.38656795024871826,0.8199578523635864,-0.26872795820236206
44,pose,17,-1,0.5548034906387329,0.7686500549316406,-0.4407925009727478
44,pose,18,-1,0.38642844557762146,0.881902813911438,-0.3163814842700958
44,pose,19,-1,0.543268620967865,0.7512072920799255,-0.4649331271648407
44,pose,20,-1,0.39648693799972534,0.8803322911262512,-0.36134281754493713
44,pose,21,-1,0.5446991324424744,0.7300690412521362,-0.3880692720413208
44,pose,22,-1,0.3981880247592926,0.8571470975875854,-0.28856852650642395
44,pose,23,-1,0.519898533821106,0.7628177404403687,-0.013851392082870007
44,pose,24,-1,0.4355506896972656,0.7785229086875916,0.014116911217570305
44,pose,25,-1,0.5163159370422363,1.0639947652816772,-0.06667880713939667
44,pose,26,-1,0.44987043738365173,1.0266119241714478,0.0026912041939795017
44,pose,27,-1,0.5232145190238953,1.282522439956665,0.32033678889274597
44,pose,28,-1,0.44985294342041016,1.299134612083435,0.2803482711315155
44,pose,29,-1,0.5259019732475281,1.3076540231704712,0.3530566096305847
44,pose,30,-1,0.454228013753891,1.3289419412612915,0.30288976430892944
44,pose,31,-1,0.5144869685173035,1.3727339506149292,0.2069862335920334
44,pose,32,-1,0.45279547572135925,1.3810877799987793,0.13037683069705963
45,hand,0,0,0.5580812692642212,0.7467479705810547,9.67171231991415e-08
45,hand,1,0,0.5467574000358582,0.7502680420875549,-0.00870935432612896
45,hand,2,0,0.539310097694397,0.7632090449333191,-0.013129913248121738
45,hand,3,0,0.5332726836204529,0.7747801542282104,-0.016214469447731972
45,hand,4,0,0.5290162563323975,0.7859001755714417,-0.019065676257014275
45,hand,5,0,0.5457277297973633,0.8015439510345459,-0.009695000015199184
45,hand,6,0,0.5410211682319641,0.8311756253242493,-0.01362706534564495
45,hand,7,0,0.5375053286552429,0.8476635813713074,-0.01658710464835167
45,hand,8,0,0.5348253846168518,0.8596433401107788,-0.01848611794412136
45,hand,9,0,0.5527249574661255,0.8067060112953186,-0.00733141228556633
45,hand,10,0,0.5508419871330261,0.8380559682846069,-0.00978199765086174
45,hand,11,0,0.5483697056770325,0.8549848198890686,-0.01185572799295187
45,hand,12,0,0.5461229085922241,0.8664088249206543,-0.013544268906116486
45,hand,13,0,0.5592296123504639,0.8067194819450378,-0.005699680186808109
45,hand,14,0,0.5586947202682495,0.8334883451461792,-0.007971269078552723
45,hand,15,0,0.5565226674079895,0.8483632206916809,-0.0099857859313488
45,hand,16,0,0.5538601279258728,0.8586934804916382,-0.011548860929906368
45,hand,17,0,0.5648950934410095,0.8035232424736023,-0.004755242262035608
45,hand,18,0,0.5661587715148926,0.8230530023574829,-0.006715146824717522
45,hand,19,0,0.5656909942626953,0.8341178894042969,-0.007509405259042978
45,hand,20,0,0.5644691586494446,0.8413265943527222,-0.008050295524299145
45,hand,0,1,0.3858543634414673,0.8367878794670105,-1.7241248428945255e-08
45,hand,1,1,0.4009297490119934,0.8473410606384277,-0.0038641439750790596
45,hand,2,1,0.40774813294410706,0.8707146048545837,-0.004934536758810282
45,hand,3,1,0.41007548570632935,0.8946040868759155,-0.0049579935148358345
45,hand,4,1,0.4125591516494751,0.9127605557441711,-0.004320305772125721
45,hand,5,1,0.39727261662483215,0.892524778842926,-0.0042274948209524155
45,hand,6,1,0.4034202992916107,0.9206727743148804,-0.00499535771086812
45,hand,7,1,0.4087482690811157,0.9323894381523132,-0.005347690545022488
45,hand,8,1,0.41369980573654175,0.9404198527336121,-0.005324163939803839
45,hand,9,1,0.38902780413627625,0.8946163058280945,-0.002327200723811984
45,hand,10,1,0.3963513970375061,0.9221723079681396,-0.0026989381294697523
45,hand,11,1,0.40381187200546265,0.9314978122711182,-0.002210120437666774
45,hand,12,1,0.4096595346927643,0.9355556964874268,-0.0017451324965804815
45,hand,13,1,0.3834763765335083,0.8926180005073547,-0.0005672079278156161
45,hand,14,1,0.38930410146713257,0.91853928565979,-0.0009374666260555387
45,hand,15,1,0.39583319425582886,0.9267037510871887,-3.7476009310921654e-05
45,hand,16,1,0.40105921030044556,0.9293140172958374,0.0008418108336627483
45,hand,17,1,0.38014230132102966,0.8892070055007935,0.0009015548275783658
45,hand,18,1,0.3831191658973694,0.9103761911392212,0.0010968594579026103
45,hand,19,1,0.3882806599140167,0.9187971949577332,0.0021051198709756136
45,hand,20,1,0.39266660809516907,0.9216873645782471,0.0031604443211108446
45,pose,0,-1,0.4432288408279419,0.22489257156848907,-0.4984798729419708
45,pose,1,-1,0.45365819334983826,0.19660161435604095,-0.48603808879852295
45,pose,2,-1,0.45978349447250366,0.1960473209619522,-0.48612144589424133
45,pose,3,-1,0.4655890464782715,0.19573232531547546,-0.48624658584594727
45,pose,4,-1,0.43628132343292236,0.19915878772735596,-0.47762331366539
45,pose,5,-1,0.4323483407497406,0.20005187392234802,-0.4776745140552521
45,pose,6,-1,0.42902830243110657,0.2012266218662262,-0.4778270125389099
45,pose,7,-1,0.4759562313556671,0.20656044781208038,-0.3422432541847229
45,pose,8,-1,0.4280802309513092,0.21576876938343048,-0.3068799674510956
45,pose,9,-1,0.45748117566108704,0.25103873014450073,-0.4413396418094635
45,pose,10,-1,0.43542999029159546,0.25284281373023987,-0.4309960901737213
45,pose,11,-1,0.5410589575767517,0.3514561355113983,-0.23098386824131012
45,pose,12,-1,0.39101025462150574,0.3995130658149719,-0.19098851084709167
45,pose,13,-1,0.5973363518714905,0.5490931272506714,-0.17070069909095764
45,pose,14,-1,0.38363632559776306,0.6251104474067688,-0.12426971644163132
45,pose,15,-1,0.5691877007484436,0.7264595031738281,-0.33057889342308044
45,pose,16,-1,0.3866526484489441,0.8204326033592224,-0.27041304111480713
45,pose,17,-1,0.5640181303024292,0.7987467646598816,-0.39300158619880676
45,pose,18,-1,0.38698258996009827,0.883262038230896,-0.3201626241207123
45,pose,19,-1,0.551662802696228,0.7911271452903748,-0.4274999797344208
45,pose,20,-1,0.39744439721107483,0.8809829354286194,-0.3659568130970001
45,pose,21,-1,0.5499083995819092,0.7710331678390503,-0.34511759877204895
45,pose,22,-1,0.3993684947490692,0.8579038977622986,-0.2907405197620392
45,pose,23,-1,0.5200851559638977,0.7643262147903442,-0.012905516661703587
45,pose,24,-1,0.43550652265548706,0.7816327214241028,0.013163825497031212
45,pose,25,-1,0.5128262639045715,1.0344547033309937,-0.044132914394140244
45,pose,26,-1,0.45030325651168823,1.0221110582351685,0.038252923637628555
45,pose,27,-1,0.5248217582702637,1.2800376415252686,0.36880841851234436
45,pose,28,-1,0.4500771760940552,1.2869203090667725,0.35334792733192444
45,pose,29,-1,0.5274978876113892,1.3047810792922974,0.4042653739452362
45,pose,30,-1,0.4540754556655884,1.3160624504089355,0.3813799321651459
45,pose,31,-1,0.5158551931381226,1.3695348501205444,0.2633855938911438
45,pose,32,-1,0.454938679933548,1.3672131299972534,0.21494536101818085
46,hand,0,0,0.5639493465423584,0.7631182074546814,1.7994968004586553e-07
46,hand,1,0,0.5495353937149048,0.7672499418258667,-0.010984520427882671
46,hand,2,0,0.539993405342102,0.7850010991096497,-0.016251176595687866
46,hand,3,0,0.5329282879829407,0.8062053918838501,-0.019460290670394897
46,hand,4,0,0.5248370170593262,0.8219937682151794,-0.02209547534584999
46,hand,5,0,0.5501936674118042,0.81890869140625,-0.012494787573814392
46,hand,6,0,0.5462128520011902,0.8540181517601013,-0.017709888517856598
46,hand,7,0,0.5428611636161804,0.8747689127922058,-0.020930951461195946
46,hand,8,0,0.5395082235336304,0.8908460140228271,-0.022504562512040138
46,hand,9,0,0.5588927865028381,0.8240132331848145,-0.008324528113007545
46,hand,10,0,0.5561707615852356,0.858928918838501,-0.013327240943908691
46,hand,11,0,0.5527000427246094,0.8817886114120483,-0.01645789109170437
46,hand,12,0,0.5489920377731323,0.898818850517273,-0.01788017898797989
46,hand,13,0,0.5641204714775085,0.8254362344741821,-0.004647066816687584
46,hand,14,0,0.5612890720367432,0.8564153909683228,-0.008871493861079216
46,hand,15,0,0.5581244826316833,0.8778960108757019,-0.011464729905128479
46,hand,16,0,0.5547758936882019,0.8942997455596924,-0.012419215403497219
46,hand,17,0,0.5663468837738037,0.8240795731544495,-0.0017088494496420026
46,hand,18,0,0.5630183815956116,0.848945677280426,-0.0047224899753928185
46,hand,19,0,0.56015545129776,0.8650830388069153,-0.005867430940270424
46,hand,20,0,0.557047426700592,0.8778308629989624,-0.005865699145942926
46,hand,0,1,0.38641467690467834,0.8373568654060364,-1.90461122429042e-08
46,hand,1,1,0.40168583393096924,0.8469066023826599,-0.003662523115053773
46,hand,2,1,0.4091136157512665,0.8702512383460999,-0.00483577698469162
46,hand,3,1,0.41163358092308044,0.893932580947876,-0.005009226035326719
46,hand,4,1,0.4139750897884369,0.9114894270896912,-0.004504130221903324
46,hand,5,1,0.3985860347747803,0.8907814025878906,-0.005199951119720936
46,hand,6,1,0.40473058819770813,0.9203985333442688,-0.006712423637509346
46,hand,7,1,0.4102470278739929,0.9322593212127686,-0.007322527002543211
46,hand,8,1,0.41523319482803345,0.9397454857826233,-0.007275046780705452
46,hand,9,1,0.39033764600753784,0.8932002782821655,-0.0035500789526849985
46,hand,10,1,0.3972890377044678,0.9220735430717468,-0.004537370055913925
46,hand,11,1,0.4050867259502411,0.930561363697052,-0.0038917253259569407
46,hand,12,1,0.41090890765190125,0.9332636594772339,-0.003107334952801466
46,hand,13,1,0.3847644329071045,0.8917962908744812,-0.0020014531910419464
46,hand,14,1,0.39066189527511597,0.9185836911201477,-0.0027801289688795805
46,hand,15,1,0.3978855013847351,0.9257021546363831,-0.0015929315704852343
46,hand,16,1,0.40318936109542847,0.9269515872001648,-0.0003503047628328204
46,hand,17,1,0.3813662528991699,0.8889645934104919,-0.0007248400361277163
46,hand,18,1,0.3846310079097748,0.9104397296905518,-0.0006335956859402359
46,hand,19,1,0.39042773842811584,0.9180461764335632,0.0006444401224143803
46,hand,20,1,0.3949882984161377,0.9197463989257812,0.0019754976965487003
46,pose,0,-1,0.44579020142555237,0.22477151453495026,-0.49469631910324097
46,pose,1,-1,0.45575380325317383,0.19659115374088287,-0.47939980030059814
46,pose,2,-1,0.4619019627571106,0.19604000449180603,-0.4794810712337494
46,pose,3,-1,0.46781063079833984,0.19572843611240387,-0.47957712411880493
46,pose,4,-1,0.43812432885169983,0.19907529652118683,-0.4738151729106903
46,pose,5,-1,0.4335450828075409,0.19988547265529633,-0.47389158606529236
46,pose,6,-1,0.43021735548973083,0.20100319385528564,-0.47405222058296204
46,pose,7,-1,0.47710558772087097,0.20661869645118713,-0.33666616678237915
46,pose,8,-1,0.42880624532699585,0.2154320925474167,-0.3132825791835785
46,pose,9,-1,0.45954301953315735,0.2509615421295166,-0.43841585516929626
46,pose,10,-1,0.4365827143192291,0.2528148591518402,-0.4316771328449249
46,pose,11,-1,0.541415810585022,0.3550412654876709,-0.22674669325351715
46,pose,12,-1,0.39101359248161316,0.3993576169013977,-0.20904619991779327
46,pose,13,-1,0.5834338068962097,0.5676125288009644,-0.1552611142396927
46,pose,14,-1,0.3836731016635895,0.6251658797264099,-0.15022258460521698
46,pose,15,-1,0.5681343078613281,0.7605642676353455,-0.3128792345523834
46,pose,16,-1,0.3869539797306061,0.8210214376449585,-0.2965201735496521
46,pose,17,-1,0.5644699335098267,0.8275288939476013,-0.37285110354423523
46,pose,18,-1,0.38764479756355286,0.8843313455581665,-0.3475953936576843
46,pose,19,-1,0.5516571402549744,0.8210636973381042,-0.4124753177165985
46,pose,20,-1,0.398799866437912,0.8816871643066406,-0.3945770859718323
46,pose,21,-1,0.5487631559371948,0.8036230206489563,-0.33022183179855347
46,pose,22,-1,0.40118834376335144,0.8585343360900879,-0.3173229396343231
46,pose,23,-1,0.5206924676895142,0.7690375447273254,-0.010267788544297218
46,pose,24,-1,0.43550416827201843,0.7860059142112732,0.010559797286987305
46,pose,25,-1,0.5125359296798706,1.0208667516708374,-0.005226293578743935
46,pose,26,-1,0.45025739073753357,1.0176434516906738,0.08205989748239517
46,pose,27,-1,0.5261348485946655,1.2800511121749878,0.38997265696525574
46,pose,28,-1,0.4501118063926697,1.2847003936767578,0.40900975465774536
46,pose,29,-1,0.5280653238296509,1.3051694631576538,0.42334896326065063
46,pose,30,-1,0.45381414890289307,1.3146480321884155,0.43844863772392273
46,pose,31,-1,0.5182626247406006,1.3694041967391968,0.27423200011253357
46,pose,32,-1,0.4584670662879944,1.3657692670822144,0.2684141993522644
47,hand,0,0,0.5553479790687561,0.7796381115913391,1.4843949713849725e-07
47,hand,1,0,0.5402472019195557,0.7927365303039551,-0.008779782801866531
47,hand,2,0,0.5297394394874573,0.8146410584449768,-0.013068637810647488
47,hand,3,0,0.5212620496749878,0.8358845114707947,-0.015814194455742836
47,hand,4,0,0.5120720267295837,0.8505839705467224,-0.018358595669269562
47,hand,5,0,0.5419921875,0.8423048257827759,-0.009891391731798649
47,hand,6,0,0.5377193689346313,0.8712205290794373,-0.014796906150877476
47,hand,7,0,0.5348960161209106,0.8918483257293701,-0.018647853285074234
47,hand,8,0,0.5322742462158203,0.9090057015419006,-0.02118551917374134
47,hand,9,0,0.549618661403656,0.8476516604423523,-0.007317439652979374
47,hand,10,0,0.5463553667068481,0.8779186010360718,-0.011574110947549343
47,hand,11,0,0.5431349277496338,0.899479866027832,-0.015059806406497955
47,hand,12,0,0.5399177074432373,0.9175373911857605,-0.017360150814056396
47,hand,13,0,0.5548344254493713,0.8483120203018188,-0.005141186062246561
47,hand,14,0,0.5524532198905945,0.8751174807548523,-0.008997864089906216
47,hand,15,0,0.5497775673866272,0.8951796889305115,-0.011700676754117012
47,hand,16,0,0.5471116304397583,0.9118324518203735,-0.013328048400580883
47,hand,17,0,0.5581496357917786,0.8447672128677368,-0.0036216990556567907
47,hand,18,0,0.556919515132904,0.8652937412261963,-0.006927568931132555
47,hand,19,0,0.5551294088363647,0.8789088129997253,-0.008210167288780212
47,hand,20,0,0.5529962182044983,0.8902391791343689,-0.008630674332380295
47,hand,0,1,0.3874208927154541,0.8362846374511719,-1.4164110773151606e-08
47,hand,1,1,0.40280604362487793,0.8461272120475769,-0.003995587583631277
47,hand,2,1,0.4101139307022095,0.8693236708641052,-0.00514159444719553
47,hand,3,1,0.41277381777763367,0.8933584690093994,-0.005116996355354786
47,hand,4,1,0.41508814692497253,0.911078691482544,-0.004394082818180323
47,hand,5,1,0.3993273079395294,0.8899859189987183,-0.005170429591089487
47,hand,6,1,0.40572845935821533,0.9197050333023071,-0.006197519134730101
47,hand,7,1,0.411298006772995,0.9313662052154541,-0.006512563209980726
47,hand,8,1,0.4163680076599121,0.9387965202331543,-0.006314930506050587
47,hand,9,1,0.3910102844238281,0.8927764296531677,-0.0030404499266296625
47,hand,10,1,0.398650199174881,0.9213443994522095,-0.003524908097460866
47,hand,11,1,0.406220018863678,0.9298355579376221,-0.0027505122125148773
47,hand,12,1,0.41192662715911865,0.9325826168060303,-0.0019732483197003603
47,hand,13,1,0.3855522871017456,0.8916090130805969,-0.0010014602448791265
47,hand,14,1,0.3919787108898163,0.9179275035858154,-0.0012752386974170804
47,hand,15,1,0.3987368047237396,0.9257560968399048,-0.00011980150156887248
47,hand,16,1,0.4039555490016937,0.9275884628295898,0.001000810880213976
47,hand,17,1,0.38244596123695374,0.8889001607894897,0.00074198585934937
47,hand,18,1,0.38579073548316956,0.9099473357200623,0.0011084313737228513
47,hand,19,1,0.39117714762687683,0.9182573556900024,0.002254621824249625
47,hand,20,1,0.395652711391449,0.9206721782684326,0.0034449708182364702
47,pose,0,-1,0.4476000666618347,0.22476737201213837,-0.467133104801178
47,pose,1,-1,0.4572216868400574,0.19658900797367096,-0.44862666726112366
47,pose,2,-1,0.4635085463523865,0.19603466987609863,-0.44872263073921204
47,pose,3,-1,0.4695356488227844,0.19573386013507843,-0.44878557324409485
47,pose,4,-1,0.43937504291534424,0.19906194508075714,-0.44548988342285156
47,pose,5,-1,0.43439722061157227,0.19986437261104584,-0.4455558955669403
47,pose,6,-1,0.4309786856174469,0.20099247992038727,-0.4457155764102936
47,pose,7,-1,0.4780900776386261,0.20676207542419434,-0.30719050765037537
47,pose,8,-1,0.42929425835609436,0.2154337763786316,-0.2931976318359375
47,pose,9,-1,0.461437851190567,0.25101953744888306,-0.412970632314682
47,pose,10,-1,0.4377824664115906,0.2528945803642273,-0.40872955322265625
47,pose,11,-1,0.5421920418739319,0.35990044474601746,-0.2117435336112976
47,pose,12,-1,0.3910348117351532,0.3993571400642395,-0.19916154444217682
47,pose,13,-1,0.5739801526069641,0.5874927639961243,-0.13919828832149506
47,pose,14,-1,0.3836618661880493,0.625167191028595,-0.1404057890176773
47,pose,15,-1,0.5635716319084167,0.7923885583877563,-0.29413357377052307
47,pose,16,-1,0.38762184977531433,0.8210722804069519,-0.2830178439617157
47,pose,17,-1,0.5612191557884216,0.8574736714363098,-0.3524831533432007
47,pose,18,-1,0.38862600922584534,0.8843531012535095,-0.33173614740371704
47,pose,19,-1,0.549671471118927,0.849642276763916,-0.3926900625228882
47,pose,20,-1,0.4008345603942871,0.881885826587677,-0.3769225776195526
47,pose,21,-1,0.544657289981842,0.8294810652732849,-0.3115626275539398
47,pose,22,-1,0.4035247266292572,0.8585644960403442,-0.3028843104839325
47,pose,23,-1,0.520011305809021,0.7764481902122498,-0.006354449782520533
47,pose,24,-1,0.4348854124546051,0.7899721264839172,0.006600377149879932
47,pose,25,-1,0.512283980846405,1.0151196718215942,-0.000733841210603714
47,pose,26,-1,0.45012596249580383,1.0175559520721436,0.059720996767282486
47,pose,27,-1,0.5259865522384644,1.2829703092575073,0.39234858751296997
47,pose,28,-1,0.4500212073326111,1.2857879400253296,0.36825165152549744
47,pose,29,-1,0.527891993522644,1.3081218004226685,0.4255658984184265
47,pose,30,-1,0.45368093252182007,1.3155531883239746,0.3950354754924774
47,pose,31,-1,0.5180484652519226,1.3723622560501099,0.27948495745658875
47,pose,32,-1,0.45930811762809753,1.3667972087860107,0.22589628398418427
48,hand,0,0,0.5457296371459961,0.7983425259590149,1.6168435479357868e-07
48,hand,1,0,0.5303709506988525,0.8100308179855347,-0.006999553646892309
48,hand,2,0,0.5203177332878113,0.829805850982666,-0.010221436619758606
48,hand,3,0,0.5121855735778809,0.8500339984893799,-0.012303202413022518
48,hand,4,0,0.5022134780883789,0.860833466053009,-0.0140224639326334
48,hand,5,0,0.5303776860237122,0.860059916973114,-0.006597313564270735
48,hand,6,0,0.5226466655731201,0.8896963000297546,-0.010052643716335297
48,hand,7,0,0.5176153182983398,0.9076772332191467,-0.012611879967153072
48,hand,8,0,0.5131814479827881,0.9216135740280151,-0.014106796123087406
48,hand,9,0,0.5377592444419861,0.8656811714172363,-0.004472107160836458
48,hand,10,0,0.531701385974884,0.8956990242004395,-0.0072415051981806755
48,hand,11,0,0.5266653299331665,0.9145042896270752,-0.00939277932047844
48,hand,12,0,0.522190511226654,0.9295231699943542,-0.010675834491848946
48,hand,13,0,0.5430214405059814,0.8659406900405884,-0.0028244208078831434
48,hand,14,0,0.5386574268341064,0.8919550776481628,-0.005105316638946533
48,hand,15,0,0.5344445109367371,0.9088714718818665,-0.006784508470445871
48,hand,16,0,0.5303611755371094,0.9223008155822754,-0.0077345180325210094
48,hand,17,0,0.5466348528862,0.8622140884399414,-0.0018067285418510437
48,hand,18,0,0.54358971118927,0.8836053013801575,-0.0034325781743973494
48,hand,19,0,0.5403099060058594,0.896591067314148,-0.003792989067733288
48,hand,20,0,0.5369352698326111,0.9063747525215149,-0.003657291876152158
48,hand,0,1,0.387967050075531,0.8344616889953613,-1.7549249164972025e-08
48,hand,1,1,0.40381309390068054,0.8441142439842224,-0.004440020769834518
48,hand,2,1,0.41140496730804443,0.8669735789299011,-0.005774653982371092
48,hand,3,1,0.4138217270374298,0.891353964805603,-0.005984270479530096
48,hand,4,1,0.4159677028656006,0.9096310138702393,-0.0054869214072823524
48,hand,5,1,0.40042951703071594,0.8877556324005127,-0.00502763083204627
48,hand,6,1,0.4065310060977936,0.916808009147644,-0.006532481871545315
48,hand,7,1,0.41209349036216736,0.9291631579399109,-0.007270855363458395
48,hand,8,1,0.4171110987663269,0.9370713829994202,-0.007372609805315733
48,hand,9,1,0.3919981122016907,0.8910083770751953,-0.0030606535729020834
48,hand,10,1,0.3992898762226105,0.9192648530006409,-0.003973752725869417
48,hand,11,1,0.4070347845554352,0.9278841018676758,-0.003584478050470352
48,hand,12,1,0.41279953718185425,0.9304561614990234,-0.0030380496755242348
48,hand,13,1,0.38651585578918457,0.8904512524604797,-0.0013235623482614756
48,hand,14,1,0.39287352561950684,0.9166387319564819,-0.0021461076103150845
48,hand,15,1,0.4000217914581299,0.9241811037063599,-0.0012482873862609267
48,hand,16,1,0.40530747175216675,0.925701916217804,-0.00022019502648618072
48,hand,17,1,0.38341224193573,0.8882772326469421,5.1688170060515404e-05
48,hand,18,1,0.3871574401855469,0.9096388220787048,-0.00011311985872453079
48,hand,19,1,0.39291122555732727,0.9176701903343201,0.000825734983664006
48,hand,20,1,0.39750921726226807,0.9197344183921814,0.0019349884241819382
48,pose,0,-1,0.449704647064209,0.2247965931892395,-0.42888110876083374
48,pose,1,-1,0.45908090472221375,0.19663557410240173,-0.4096953272819519
48,pose,2,-1,0.46530964970588684,0.19614773988723755,-0.40975040197372437
48,pose,3,-1,0.471323698759079,0.19596260786056519,-0.4097401201725006
48,pose,4,-1,0.44111815094947815,0.1990651935338974,-0.40747520327568054
48,pose,5,-1,0.4355575144290924,0.19986484944820404,-0.4074949622154236
48,pose,6,-1,0.43180719017982483,0.20098508894443512,-0.4076453745365143
48,pose,7,-1,0.479340523481369,0.20739415287971497,-0.26673033833503723
48,pose,8,-1,0.4298039674758911,0.21534088253974915,-0.2562178075313568
48,pose,9,-1,0.4628351330757141,0.25125113129615784,-0.374590665102005
48,pose,10,-1,0.43918558955192566,0.2530055344104767,-0.37130334973335266
48,pose,11,-1,0.5423000454902649,0.36667901277542114,-0.16847793757915497
48,pose,12,-1,0.39136043190956116,0.39724910259246826,-0.18123933672904968
48,pose,13,-1,0.5646040439605713,0.5939191579818726,-0.10750219225883484
48,pose,14,-1,0.3836507797241211,0.6237326860427856,-0.13793610036373138
48,pose,15,-1,0.5526742339134216,0.8039146661758423,-0.2728232741355896
48,pose,16,-1,0.38875314593315125,0.8204658031463623,-0.28801533579826355
48,pose,17,-1,0.5568166375160217,0.8660736680030823,-0.3325158953666687
48,pose,18,-1,0.38963979482650757,0.883595883846283,-0.3392782211303711
48,pose,19,-1,0.5398368239402771,0.8608677983283997,-0.3739864230155945
48,pose,20,-1,0.4030252993106842,0.8816620111465454,-0.3857528865337372
48,pose,21,-1,0.53197181224823,0.8396444320678711,-0.2916308641433716
48,pose,22,-1,0.4062274396419525,0.8584185242652893,-0.3086472451686859
48,pose,23,-1,0.51751708984375,0.7818589806556702,0.005533282645046711
48,pose,24,-1,0.4339834749698639,0.7908833622932434,-0.0051879738457500935
48,pose,25,-1,0.5112525224685669,1.017196536064148,-0.014380493201315403
48,pose,26,-1,0.4493134915828705,1.0176267623901367,0.007479032501578331
48,pose,27,-1,0.524408221244812,1.3008723258972168,0.3577468693256378
48,pose,28,-1,0.4482050836086273,1.2983527183532715,0.271117627620697
48,pose,29,-1,0.525539755821228,1.3274638652801514,0.3834433853626251
48,pose,30,-1,0.4500720798969269,1.327764630317688,0.2918209433555603
48,pose,31,-1,0.5178025364875793,1.3879903554916382,0.22044894099235535
48,pose,32,-1,0.4590010941028595,1.3819631338119507,0.10544565320014954
49,hand,0,0,0.5413587689399719,0.8105533719062805,1.2566383134071657e-07
49,hand,1,0,0.5266422629356384,0.8190462589263916,-0.006420002784579992
49,hand,2,0,0.5167279243469238,0.8378409743309021,-0.009413537569344044
49,hand,3,0,0.5080844163894653,0.8550847172737122,-0.011525615118443966
49,hand,4,0,0.498511403799057,0.8646444082260132,-0.013309666886925697
49,hand,5,0,0.5255208611488342,0.8705532550811768,-0.00525756785646081
49,hand,6,0,0.519262433052063,0.8991780877113342,-0.007480746600776911
49,hand,7,0,0.5150221586227417,0.9142982363700867,-0.009281650185585022
49,hand,8,0,0.5113676190376282,0.925645649433136,-0.01053809467703104
49,hand,9,0,0.5335316061973572,0.8726716041564941,-0.003371019382029772
49,hand,10,0,0.5297644734382629,0.900708019733429,-0.005244909785687923
49,hand,11,0,0.5262701511383057,0.9163278937339783,-0.006741199642419815
49,hand,12,0,0.5229741334915161,0.9266449809074402,-0.007862187922000885
49,hand,13,0,0.5395374298095703,0.8699856996536255,-0.002080667996779084
49,hand,14,0,0.5370910167694092,0.8954935073852539,-0.003764962777495384
49,hand,15,0,0.5345338582992554,0.9099416732788086,-0.005012862384319305
49,hand,16,0,0.5313629508018494,0.9204689264297485,-0.00594585994258523
49,hand,17,0,0.543533444404602,0.8648303151130676,-0.0014266553334891796
49,hand,18,0,0.5418878793716431,0.8854728937149048,-0.0028523339424282312
49,hand,19,0,0.5400193333625793,0.8978071808815002,-0.003490229370072484
49,hand,20,0,0.5375621914863586,0.9072798490524292,-0.0038446905091404915
49,hand,0,1,0.38973215222358704,0.834985613822937,-1.8064044482457575e-08
49,hand,1,1,0.40503665804862976,0.8436778783798218,-0.003474242053925991
49,hand,2,1,0.4124738872051239,0.8666016459465027,-0.004350338596850634
49,hand,3,1,0.41473478078842163,0.8903257250785828,-0.004149531479924917
49,hand,4,1,0.4169411063194275,0.9078549742698669,-0.0032966274302452803
49,hand,5,1,0.4021345376968384,0.8882673382759094,-0.00488393334671855
49,hand,6,1,0.40811124444007874,0.9174095392227173,-0.005656493362039328
49,hand,7,1,0.41364651918411255,0.9283571839332581,-0.005706879310309887
49,hand,8,1,0.4184552729129791,0.9351386427879333,-0.005347758997231722
49,hand,9,1,0.39371636509895325,0.891120433807373,-0.002953661372885108
49,hand,10,1,0.40099290013313293,0.9197880029678345,-0.003149776952341199
49,hand,11,1,0.40817517042160034,0.9265954494476318,-0.001993551617488265
49,hand,12,1,0.4131161570549011,0.9275413751602173,-0.0008990272181108594
49,hand,13,1,0.38797059655189514,0.8897076845169067,-0.0010599452070891857
49,hand,14,1,0.3942170739173889,0.9157395362854004,-0.0008309875265695155
49,hand,15,1,0.4008218050003052,0.9219588041305542,0.00080182432429865
49,hand,16,1,0.40551435947418213,0.9226821660995483,0.0021537323482334614
49,hand,17,1,0.384427547454834,0.8864980936050415,0.0005375695764087141
49,hand,18,1,0.38762253522872925,0.9067526459693909,0.0014111589407548308
49,hand,19,1,0.3929506540298462,0.9139437675476074,0.0028790533542633057
49,hand,20,1,0.3970532715320587,0.9157882928848267,0.004219748079776764
49,pose,0,-1,0.45187562704086304,0.22468070685863495,-0.41102129220962524
49,pose,1,-1,0.460789293050766,0.1966131627559662,-0.3901955485343933
49,pose,2,-1,0.4670552611351013,0.1961425244808197,-0.3902580440044403
49,pose,3,-1,0.47302618622779846,0.1959521621465683,-0.3902507424354553
49,pose,4,-1,0.44302791357040405,0.19891592860221863,-0.3894200921058655
49,pose,5,-1,0.43719080090522766,0.199691042304039,-0.38941746950149536
49,pose,6,-1,0.43292704224586487,0.2007957249879837,-0.389566570520401
49,pose,7,-1,0.4806824326515198,0.20738473534584045,-0.24264860153198242
49,pose,8,-1,0.43065735697746277,0.21465349197387695,-0.23826569318771362
49,pose,9,-1,0.46505165100097656,0.25125253200531006,-0.35536375641822815
49,pose,10,-1,0.44180551171302795,0.2530081570148468,-0.35382261872291565
49,pose,11,-1,0.5426554083824158,0.371664434671402,-0.1449468582868576
49,pose,12,-1,0.39165765047073364,0.39576539397239685,-0.1666758507490158
49,pose,13,-1,0.557010293006897,0.601499080657959,-0.0904860869050026
49,pose,14,-1,0.3837279677391052,0.6226310729980469,-0.1394994556903839
49,pose,15,-1,0.5474380850791931,0.808837354183197,-0.26320841908454895
49,pose,16,-1,0.38968950510025024,0.8195043802261353,-0.2984916865825653
49,pose,17,-1,0.5538967251777649,0.8705593943595886,-0.32343634963035583
49,pose,18,-1,0.39059925079345703,0.8828054070472717,-0.35198354721069336
49,pose,19,-1,0.5363356471061707,0.8670452833175659,-0.3664131164550781
49,pose,20,-1,0.4042545557022095,0.8813795447349548,-0.3985336422920227
49,pose,21,-1,0.5281559824943542,0.8465332984924316,-0.2833685576915741
49,pose,22,-1,0.4077441990375519,0.857872486114502,-0.3195708692073822
49,pose,23,-1,0.5165072679519653,0.7824707627296448,0.009734892286360264
49,pose,24,-1,0.43363893032073975,0.7910289764404297,-0.009308009408414364
49,pose,25,-1,0.5112107396125793,1.01777184009552,-0.0193845946341753
49,pose,26,-1,0.4491341710090637,1.017891526222229,-0.0011436990462243557
49,pose,27,-1,0.5242477655410767,1.307599663734436,0.3471883535385132
49,pose,28,-1,0.4475352168083191,1.3035049438476562,0.2720888555049896
49,pose,29,-1,0.5249959826469421,1.3350592851638794,0.37303590774536133
49,pose,30,-1,0.448158323764801,1.3328561782836914,0.29382747411727905
49,pose,31,-1,0.5176032185554504,1.394187331199646,0.20831052958965302
49,pose,32,-1,0.45908063650131226,1.3896814584732056,0.1053045466542244
50,hand,0,0,0.544763445854187,0.8146013021469116,1.2026214335492114e-07
50,hand,1,0,0.5289487242698669,0.818930983543396,-0.008127190172672272
50,hand,2,0,0.518075704574585,0.837483823299408,-0.010683187283575535
50,hand,3,0,0.5091840028762817,0.8555446863174438,-0.011463292874395847
50,hand,4,0,0.5000813603401184,0.8660479784011841,-0.011672713793814182
50,hand,5,0,0.528046190738678,0.8706952929496765,-0.006464870646595955
50,hand,6,0,0.5214194655418396,0.8982157707214355,-0.007578470278531313
50,hand,7,0,0.5161571502685547,0.9119009375572205,-0.008711053989827633
50,hand,8,0,0.5114552974700928,0.921607255935669,-0.009383889846503735
50,hand,9,0,0.5360174775123596,0.8743772506713867,-0.002384770195931196
50,hand,10,0,0.5310555100440979,0.9016066193580627,-0.002495334018021822
50,hand,11,0,0.5262318253517151,0.91652512550354,-0.0029463213868439198
50,hand,12,0,0.5220089554786682,0.9257858991622925,-0.0033802958205342293
50,hand,13,0,0.5413486361503601,0.8732795715332031,0.0011288352543488145
50,hand,14,0,0.5374521613121033,0.8973612785339355,0.0012178125325590372
50,hand,15,0,0.5331524014472961,0.9108899235725403,0.0005452929181046784
50,hand,16,0,0.5289267897605896,0.9206711053848267,-9.718144428916276e-05
50,hand,17,0,0.5442684888839722,0.8698623180389404,0.0038846179377287626
50,hand,18,0,0.540890634059906,0.8891109824180603,0.0040291245095431805
50,hand,19,0,0.5377478003501892,0.8996342420578003,0.004007591865956783
50,hand,20,0,0.5346724987030029,0.9068734645843506,0.004035003483295441
50,hand,0,1,0.3899898827075958,0.8324340581893921,-1.9547398366626112e-08
50,hand,1,1,0.4057154059410095,0.8418251872062683,-0.003272253554314375
50,hand,2,1,0.4128257930278778,0.8646517395973206,-0.003941167611628771
50,hand,3,1,0.41498398780822754,0.8884922862052917,-0.0035651931539177895
50,hand,4,1,0.4175383150577545,0.9062224626541138,-0.002494039246812463
50,hand,5,1,0.40261581540107727,0.8873631954193115,-0.003896885085850954
50,hand,6,1,0.40927624702453613,0.9155393838882446,-0.004097995813935995
50,hand,7,1,0.41460052132606506,0.9262977838516235,-0.003867353545501828
50,hand,8,1,0.41918566823005676,0.9332231879234314,-0.0033830327447503805
50,hand,9,1,0.3939124643802643,0.8900032639503479,-0.0019241423578932881
50,hand,10,1,0.4015791416168213,0.9179092049598694,-0.0017467489233240485
50,hand,11,1,0.4087563157081604,0.9246487021446228,-0.0005004098638892174
50,hand,12,1,0.41376474499702454,0.9264476299285889,0.0006231635925360024
50,hand,13,1,0.3882042467594147,0.8883588910102844,2.1703563106711954e-05
50,hand,14,1,0.3946205675601959,0.9144103527069092,0.00030648664687760174
50,hand,15,1,0.40139538049697876,0.9199382066726685,0.002084182109683752
50,hand,16,1,0.4060467481613159,0.9202618598937988,0.003609594190493226
50,hand,17,1,0.3848220407962799,0.8848596215248108,0.001703515648841858
50,hand,18,1,0.38836824893951416,0.9060901403427124,0.002666889224201441
50,hand,19,1,0.3940754532814026,0.9125241041183472,0.004434834234416485
50,hand,20,1,0.3982239067554474,0.9131656885147095,0.006028635427355766
50,pose,0,-1,0.4540354013442993,0.22468580305576324,-0.41493141651153564
50,pose,1,-1,0.4625704884529114,0.1966535896062851,-0.393919974565506
50,pose,2,-1,0.4688149392604828,0.1961953341960907,-0.3939898908138275
50,pose,3,-1,0.47468918561935425,0.19598756730556488,-0.3939911127090454
50,pose,4,-1,0.4448508620262146,0.19891665875911713,-0.39348599314689636
50,pose,5,-1,0.4389527440071106,0.19969627261161804,-0.3934955596923828
50,pose,6,-1,0.43419259786605835,0.20080627501010895,-0.39364492893218994
50,pose,7,-1,0.481803297996521,0.2073986828327179,-0.24538104236125946
50,pose,8,-1,0.4314941167831421,0.21465450525283813,-0.2425156980752945
50,pose,9,-1,0.4676588475704193,0.25136300921440125,-0.3587498068809509
50,pose,10,-1,0.44437137246131897,0.25309664011001587,-0.35766926407814026
50,pose,11,-1,0.5432939529418945,0.3744340240955353,-0.14630667865276337
50,pose,12,-1,0.39178624749183655,0.395595520734787,-0.16566599905490875
50,pose,13,-1,0.5575940012931824,0.6032378673553467,-0.09272348135709763
50,pose,14,-1,0.3839467763900757,0.6223208904266357,-0.1390732228755951
50,pose,15,-1,0.5467069149017334,0.808469831943512,-0.2668256163597107
50,pose,16,-1,0.39112916588783264,0.8188463449478149,-0.29551440477371216
50,pose,17,-1,0.5517515540122986,0.8679207563400269,-0.3279346227645874
50,pose,18,-1,0.39180147647857666,0.8818772435188293,-0.34847313165664673
50,pose,19,-1,0.53411865234375,0.862824022769928,-0.3696309030056
50,pose,20,-1,0.4056134521961212,0.8806899785995483,-0.3942718207836151
50,pose,21,-1,0.5269182324409485,0.8428353071212769,-0.28640639781951904
50,pose,22,-1,0.409375935792923,0.8571703433990479,-0.31610116362571716
50,pose,23,-1,0.5164780616760254,0.7842214703559875,0.011272432282567024
50,pose,24,-1,0.433632493019104,0.7916095852851868,-0.01086954865604639
50,pose,25,-1,0.511137843132019,1.0187444686889648,-0.021268678829073906
50,pose,26,-1,0.4489668011665344,1.0180091857910156,0.0016373199177905917
50,pose,27,-1,0.5241429805755615,1.3077718019485474,0.3466349244117737
50,pose,28,-1,0.447528213262558,1.3049812316894531,0.2799401581287384
50,pose,29,-1,0.5249467492103577,1.3352928161621094,0.3729819655418396
50,pose,30,-1,0.44811445474624634,1.33413565158844,0.30229902267456055
50,pose,31,-1,0.5180890560150146,1.3943688869476318,0.20974652469158173
50,pose,32,-1,0.4597991108894348,1.3913758993148804,0.11385404318571091
51,hand,0,0,0.5464825630187988,0.8124755620956421,1.333028620820187e-07
51,hand,1,0,0.5316206216812134,0.8151704668998718,-0.00945623405277729
51,hand,2,0,0.5206925272941589,0.8330488801002502,-0.012687981128692627
51,hand,3,0,0.5119009613990784,0.8515534996986389,-0.013954558409750462
51,hand,4,0,0.5027400255203247,0.8640120625495911,-0.01467930618673563
51,hand,5,0,0.5300858616828918,0.8673211336135864,-0.007633558474481106
51,hand,6,0,0.5227834582328796,0.8948988318443298,-0.009356015361845493
51,hand,7,0,0.5172325968742371,0.9091073870658875,-0.010951762087643147
51,hand,8,0,0.5123337507247925,0.9193892478942871,-0.011974453926086426
51,hand,9,0,0.5380150079727173,0.8714704513549805,-0.003206293797120452
51,hand,10,0,0.5326122045516968,0.8983104228973389,-0.004146432038396597
51,hand,11,0,0.5271462798118591,0.9131743311882019,-0.005273111164569855
51,hand,12,0,0.522237241268158,0.9222685098648071,-0.006134400609880686
51,hand,13,0,0.5432186126708984,0.8705376386642456,0.0005417896900326014
51,hand,14,0,0.5385781526565552,0.8944787383079529,-0.00021068236674182117
51,hand,15,0,0.5339016318321228,0.9081514477729797,-0.0014036153443157673
51,hand,16,0,0.5291361808776855,0.9181638956069946,-0.002310200361534953
51,hand,17,0,0.5459360480308533,0.8671099543571472,0.0034586451947689056
51,hand,18,0,0.5416746735572815,0.8862037062644958,0.0027554105035960674
51,hand,19,0,0.5379784107208252,0.8962816596031189,0.0022398459259420633
51,hand,20,0,0.5341951847076416,0.9029814600944519,0.001991239609196782
51,hand,0,1,0.3901888430118561,0.8308588266372681,-1.9316653165901698e-08
51,hand,1,1,0.4059717655181885,0.8414857387542725,-0.0026952053885906935
51,hand,2,1,0.41308924555778503,0.864982008934021,-0.002945135347545147
51,hand,3,1,0.4148537218570709,0.8881219625473022,-0.002238866174593568
51,hand,4,1,0.41735562682151794,0.9053962230682373,-0.0008695569122210145
51,hand,5,1,0.4031052589416504,0.8864320516586304,-0.003361414186656475
51,hand,6,1,0.4096108376979828,0.9144567847251892,-0.0030139689333736897
51,hand,7,1,0.41489604115486145,0.9244837164878845,-0.0023109803441911936
51,hand,8,1,0.41940924525260925,0.9309298992156982,-0.0015390345361083746
51,hand,9,1,0.3942493796348572,0.8883702158927917,-0.0014752957504242659
51,hand,10,1,0.4019516110420227,0.9165846705436707,-0.0010980527149513364
51,hand,11,1,0.40908724069595337,0.922760546207428,0.00045639925519935787
51,hand,12,1,0.41399362683296204,0.9242649078369141,0.001825946383178234
51,hand,13,1,0.3884223401546478,0.8860498070716858,0.00045617177966050804
51,hand,14,1,0.3946797549724579,0.9126495122909546,0.0009608985856175423
51,hand,15,1,0.40140870213508606,0.9179939031600952,0.0029402473010122776
51,hand,16,1,0.4060787260532379,0.9182220697402954,0.004605078604072332
51,hand,17,1,0.3849019408226013,0.881940484046936,0.0021886404138058424
51,hand,18,1,0.38818269968032837,0.9037144780158997,0.0034141538199037313
51,hand,19,1,0.39388972520828247,0.9106126427650452,0.005307546351104975
51,hand,20,1,0.398116797208786,0.9116019010543823,0.00693761371076107
51,pose,0,-1,0.45381566882133484,0.22469232976436615,-0.42574742436408997
51,pose,1,-1,0.4625910818576813,0.19669882953166962,-0.40619179606437683
51,pose,2,-1,0.4690546989440918,0.19625572860240936,-0.4062572419643402
51,pose,3,-1,0.47512832283973694,0.19602032005786896,-0.4062696397304535
51,pose,4,-1,0.4447617828845978,0.19891612231731415,-0.4039778411388397
51,pose,5,-1,0.4389136731624603,0.1996993124485016,-0.4040040671825409
51,pose,6,-1,0.43427398800849915,0.20081408321857452,-0.40414851903915405
51,pose,7,-1,0.48281174898147583,0.20745758712291718,-0.2621379494667053
51,pose,8,-1,0.43182799220085144,0.21456612646579742,-0.2510366141796112
51,pose,9,-1,0.4677284061908722,0.25151199102401733,-0.3709850609302521
51,pose,10,-1,0.4443010985851288,0.253305584192276,-0.367571622133255
51,pose,11,-1,0.5443582534790039,0.3770560920238495,-0.16072916984558105
51,pose,12,-1,0.39178189635276794,0.3950008749961853,-0.16750529408454895
51,pose,13,-1,0.5625124573707581,0.603779137134552,-0.1156233698129654
51,pose,14,-1,0.38398078083992004,0.6219268441200256,-0.13808348774909973
51,pose,15,-1,0.5466776490211487,0.8060149550437927,-0.2825964093208313
51,pose,16,-1,0.39244207739830017,0.8188155889511108,-0.2909702658653259
51,pose,17,-1,0.5506821870803833,0.8640074133872986,-0.34212377667427063
51,pose,18,-1,0.3927212059497833,0.8813488483428955,-0.3429509997367859
51,pose,19,-1,0.532458484172821,0.8588495850563049,-0.38298091292381287
51,pose,20,-1,0.40648454427719116,0.8804658651351929,-0.38759177923202515
51,pose,21,-1,0.5257893800735474,0.8398135900497437,-0.3011765778064728
51,pose,22,-1,0.41044917702674866,0.857117772102356,-0.311026006937027
51,pose,23,-1,0.5164034366607666,0.7862153053283691,0.009786216542124748
51,pose,24,-1,0.4335039258003235,0.7920469045639038,-0.009388265199959278
51,pose,25,-1,0.5130668878555298,1.0666133165359497,-0.021181384101510048
51,pose,26,-1,0.44783273339271545,1.0167964696884155,0.00184933643322438
51,pose,27,-1,0.5235980153083801,1.3065308332443237,0.34515443444252014
51,pose,28,-1,0.4462870657444,1.3045328855514526,0.28827136754989624
51,pose,29,-1,0.524480938911438,1.334364891052246,0.3716440796852112
51,pose,30,-1,0.44719791412353516,1.3338088989257812,0.31152814626693726
51,pose,31,-1,0.5175295472145081,1.3932359218597412,0.21050311625003815
51,pose,32,-1,0.45912593603134155,1.3904112577438354,0.128679558634758
52,hand,0,0,0.5474169850349426,0.8088884353637695,1.4107618540037947e-07
52,hand,1,0,0.5318089127540588,0.8120348453521729,-0.008641036227345467
52,hand,2,0,0.521233856678009,0.8290587663650513,-0.0123263755813241
52,hand,3,0,0.512643575668335,0.847297191619873,-0.014138726517558098
52,hand,4,0,0.5035291910171509,0.8591808080673218,-0.015521261841058731
52,hand,5,0,0.53055739402771,0.8625519871711731,-0.009126575663685799
52,hand,6,0,0.5240621566772461,0.8921997547149658,-0.011240367777645588
52,hand,7,0,0.5185629725456238,0.9066326022148132,-0.012653971090912819
52,hand,8,0,0.5136517286300659,0.9160895943641663,-0.013339577242732048
52,hand,9,0,0.5392626523971558,0.8664474487304688,-0.0050698984414339066
52,hand,10,0,0.5335779190063477,0.8960343599319458,-0.006163883954286575
52,hand,11,0,0.5277009606361389,0.9103110432624817,-0.006681625731289387
52,hand,12,0,0.5223595499992371,0.9179787039756775,-0.007026494946330786
52,hand,13,0,0.5453266501426697,0.8653891682624817,-0.0014563779113814235
52,hand,14,0,0.5397080183029175,0.890929102897644,-0.002008765935897827
52,hand,15,0,0.533976137638092,0.9042277932167053,-0.0025405017659068108
52,hand,16,0,0.5284321904182434,0.9123972058296204,-0.00304312352091074
52,hand,17,0,0.5489510297775269,0.8620612621307373,0.0014457394136115909
52,hand,18,0,0.5440289378166199,0.8821471333503723,0.0010727258631959558
52,hand,19,0,0.5393421053886414,0.8915773034095764,0.0011441868264228106
52,hand,20,0,0.5347061157226562,0.8968287706375122,0.0013242614222690463
52,hand,0,1,0.3893790543079376,0.8294508457183838,-1.8953473457372638e-08
52,hand,1,1,0.40558570623397827,0.8398854732513428,-0.0029432419687509537
52,hand,2,1,0.4130485951900482,0.8636168837547302,-0.0033056922256946564
52,hand,3,1,0.4151763916015625,0.8868224024772644,-0.002702249214053154
52,hand,4,1,0.4172714054584503,0.9038556814193726,-0.001465007895603776
52,hand,5,1,0.4030151069164276,0.8841814398765564,-0.003876777132973075
52,hand,6,1,0.4096308648586273,0.9124249815940857,-0.00416801730170846
52,hand,7,1,0.4148224890232086,0.9238563179969788,-0.0039513977244496346
52,hand,8,1,0.419413685798645,0.9312989711761475,-0.00350034236907959
52,hand,9,1,0.39427679777145386,0.8871797323226929,-0.0021312334574759007
52,hand,10,1,0.40197283029556274,0.9152421355247498,-0.002120508812367916
52,hand,11,1,0.4093056917190552,0.9233725070953369,-0.001057620975188911
52,hand,12,1,0.41468337178230286,0.925965428352356,-7.830515096429735e-05
52,hand,13,1,0.38832294940948486,0.8858612179756165,-0.0003921185270883143
52,hand,14,1,0.39478689432144165,0.9120877981185913,-0.00021692395966965705
52,hand,15,1,0.4014054238796234,0.9185605049133301,0.0012012433726340532
52,hand,16,1,0.40623852610588074,0.9192031025886536,0.002438786206766963
52,hand,17,1,0.38470107316970825,0.8825519680976868,0.0011099600233137608
52,hand,18,1,0.3879624009132385,0.9031310081481934,0.0018141899490728974
52,hand,19,1,0.3934425413608551,0.9104346632957458,0.003133064601570368
52,hand,20,1,0.3978041112422943,0.9120160341262817,0.004379670135676861
52,pose,0,-1,0.4549148380756378,0.22487175464630127,-0.4611053168773651
52,pose,1,-1,0.46395084261894226,0.19694888591766357,-0.4411281943321228
52,pose,2,-1,0.47042548656463623,0.196468323469162,-0.4411536455154419
52,pose,3,-1,0.47637736797332764,0.19621360301971436,-0.44114312529563904
52,pose,4,-1,0.4458904266357422,0.1990090161561966,-0.4403272569179535
52,pose,5,-1,0.4399518370628357,0.1997566819190979,-0.44035398960113525
52,pose,6,-1,0.434993714094162,0.20086179673671722,-0.4404817223548889
52,pose,7,-1,0.4839393198490143,0.20759865641593933,-0.2915181517601013
52,pose,8,-1,0.43233829736709595,0.21449588239192963,-0.28795501589775085
52,pose,9,-1,0.4685928523540497,0.25188979506492615,-0.40415990352630615
52,pose,10,-1,0.4451814293861389,0.2536364197731018,-0.4028334319591522
52,pose,11,-1,0.544430673122406,0.37635093927383423,-0.18052077293395996
52,pose,12,-1,0.39179497957229614,0.3930685818195343,-0.20253972709178925
52,pose,13,-1,0.5659329295158386,0.6026901006698608,-0.12649251520633698
52,pose,14,-1,0.3839659094810486,0.621391236782074,-0.169648677110672
52,pose,15,-1,0.5474464297294617,0.8033074736595154,-0.28930971026420593
52,pose,16,-1,0.3936147093772888,0.8188855051994324,-0.3214297294616699
52,pose,17,-1,0.5505883097648621,0.8611100316047668,-0.34886598587036133
52,pose,18,-1,0.3936035931110382,0.8814556002616882,-0.3745828866958618
52,pose,19,-1,0.5324628949165344,0.8553467392921448,-0.3900656998157501
52,pose,20,-1,0.4078689515590668,0.8805155158042908,-0.41888391971588135
52,pose,21,-1,0.5263553261756897,0.836589515209198,-0.30784890055656433
52,pose,22,-1,0.4122661352157593,0.8572013974189758,-0.3410867154598236
52,pose,23,-1,0.5163213610649109,0.7859271764755249,0.010010331869125366
52,pose,24,-1,0.43338117003440857,0.7927201986312866,-0.009639626368880272
52,pose,25,-1,0.5118775963783264,1.051247239112854,-0.013487128540873528
52,pose,26,-1,0.4466288685798645,1.017950177192688,0.005632403772324324
52,pose,27,-1,0.523020327091217,1.3062667846679688,0.3538847267627716
52,pose,28,-1,0.44561004638671875,1.3050814867019653,0.28633129596710205
52,pose,29,-1,0.5233443379402161,1.3339534997940063,0.38186806440353394
52,pose,30,-1,0.44650232791900635,1.3343174457550049,0.3087678551673889
52,pose,31,-1,0.5173400640487671,1.3937170505523682,0.21985721588134766
52,pose,32,-1,0.4586716294288635,1.3926417827606201,0.12152442336082458
53,hand,0,0,0.5492584705352783,0.807199239730835,1.4442527174196584e-07
53,hand,1,0,0.5335572957992554,0.8104278445243835,-0.0074592698365449905
53,hand,2,0,0.5229427814483643,0.8275379538536072,-0.01061475370079279
53,hand,3,0,0.5141237378120422,0.8451139330863953,-0.012143534608185291
53,hand,4,0,0.5049323439598083,0.8556073904037476,-0.013275655917823315
53,hand,5,0,0.531765341758728,0.8612613677978516,-0.007731439080089331
53,hand,6,0,0.5247501730918884,0.8905800580978394,-0.009447895921766758
53,hand,7,0,0.519008457660675,0.9044091701507568,-0.010594744235277176
53,hand,8,0,0.5139837861061096,0.9132346510887146,-0.01105855405330658
53,hand,9,0,0.5403358936309814,0.8650459051132202,-0.00417123781517148
53,hand,10,0,0.5338653922080994,0.8953151702880859,-0.004882678855210543
53,hand,11,0,0.5273911952972412,0.9088346362113953,-0.005038716830313206
53,hand,12,0,0.5216635465621948,0.9156291484832764,-0.005084446165710688
53,hand,13,0,0.546554446220398,0.8639524579048157,-0.000981049262918532
53,hand,14,0,0.5401037335395813,0.8901003003120422,-0.0012714340118691325
53,hand,15,0,0.5337912440299988,0.9018296003341675,-0.00144293496850878
53,hand,16,0,0.5280224680900574,0.9083006978034973,-0.0016426926013082266
53,hand,17,0,0.5505366325378418,0.8605781197547913,0.0015752458712086082
53,hand,18,0,0.5449284315109253,0.8807504177093506,0.0013890366535633802
53,hand,19,0,0.5396286845207214,0.888278603553772,0.0018441863358020782
53,hand,20,0,0.5348182320594788,0.8914420008659363,0.002382120583206415
53,hand,0,1,0.389242023229599,0.8297013640403748,-1.9561142039492552e-08
53,hand,1,1,0.40509232878685,0.840128481388092,-0.0027156658470630646
53,hand,2,1,0.4120804965496063,0.8637509346008301,-0.0031827446073293686
53,hand,3,1,0.41397687792778015,0.8871235251426697,-0.0027717691846191883
53,hand,4,1,0.41634586453437805,0.9040694236755371,-0.00174566893838346
53,hand,5,1,0.4020545780658722,0.8845300078392029,-0.003737530903890729
53,hand,6,1,0.4080781638622284,0.912783145904541,-0.004157010465860367
53,hand,7,1,0.4133821129798889,0.9239804148674011,-0.004002682864665985
53,hand,8,1,0.41796860098838806,0.9310047626495361,-0.0035519751254469156
53,hand,9,1,0.3933548927307129,0.887416660785675,-0.002271273173391819
53,hand,10,1,0.40049973130226135,0.9158861637115479,-0.0023566766176372766
53,hand,11,1,0.4076346158981323,0.9233134388923645,-0.0014023775001987815
53,hand,12,1,0.4126799404621124,0.924736499786377,-0.00042911633499898016
53,hand,13,1,0.3874441683292389,0.8861989974975586,-0.0007885046070441604
53,hand,14,1,0.3934099078178406,0.9121081233024597,-0.000557483290322125
53,hand,15,1,0.39990079402923584,0.9188961386680603,0.0008275258005596697
53,hand,16,1,0.40452250838279724,0.9194973707199097,0.0020384755916893482
53,hand,17,1,0.38382774591445923,0.8830538392066956,0.0004650880873668939
53,hand,18,1,0.3871278762817383,0.9033085703849792,0.0013049771077930927
53,hand,19,1,0.3925715386867523,0.9108230471611023,0.002729804255068302
53,hand,20,1,0.3969419300556183,0.9126870036125183,0.004058626014739275
53,pose,0,-1,0.45830345153808594,0.22480468451976776,-0.47710397839546204
53,pose,1,-1,0.46751293540000916,0.19691355526447296,-0.45648953318595886
53,pose,2,-1,0.47362565994262695,0.19644588232040405,-0.4565199315547943
53,pose,3,-1,0.4785309433937073,0.19620899856090546,-0.4565419554710388
53,pose,4,-1,0.44913211464881897,0.1987479329109192,-0.45727482438087463
53,pose,5,-1,0.44323626160621643,0.19941012561321259,-0.45730435848236084
53,pose,6,-1,0.437713086605072,0.20029699802398682,-0.4574300944805145
53,pose,7,-1,0.48534220457077026,0.20732374489307404,-0.3039751350879669
53,pose,8,-1,0.43333473801612854,0.21340173482894897,-0.30764076113700867
53,pose,9,-1,0.4711652100086212,0.2518991231918335,-0.418775737285614
53,pose,10,-1,0.44848185777664185,0.2536529004573822,-0.4195215106010437
53,pose,11,-1,0.5445672273635864,0.3757399320602417,-0.19057400524616241
53,pose,12,-1,0.39182084798812866,0.3917740285396576,-0.2204430252313614
53,pose,13,-1,0.5678021907806396,0.6013363599777222,-0.12786449491977692
53,pose,14,-1,0.38396966457366943,0.6203385591506958,-0.18693016469478607
53,pose,15,-1,0.5477254986763,0.8011893033981323,-0.28767409920692444
53,pose,16,-1,0.3939519226551056,0.8188715577125549,-0.33656567335128784
53,pose,17,-1,0.5508005023002625,0.8596941232681274,-0.3460957407951355
53,pose,18,-1,0.3936992287635803,0.8814554214477539,-0.38962844014167786
53,pose,19,-1,0.533333957195282,0.8542593717575073,-0.38800179958343506
53,pose,20,-1,0.4080677032470703,0.880515456199646,-0.4337075352668762
53,pose,21,-1,0.5271826386451721,0.8358901143074036,-0.3065851926803589
53,pose,22,-1,0.4126177430152893,0.8572150468826294,-0.35615748167037964
53,pose,23,-1,0.5168176293373108,0.7857629656791687,0.01071932353079319
53,pose,24,-1,0.43348750472068787,0.792479395866394,-0.010367481037974358
53,pose,25,-1,0.5115401744842529,1.0416821241378784,-0.009426000528037548
53,pose,26,-1,0.4463644027709961,1.0187337398529053,0.007550125941634178
53,pose,27,-1,0.5229697823524475,1.3049975633621216,0.3714919090270996
53,pose,28,-1,0.4455057680606842,1.3040398359298706,0.28845202922821045
53,pose,29,-1,0.5232666730880737,1.3325387239456177,0.40210217237472534
53,pose,30,-1,0.4465261995792389,1.332844853401184,0.31104791164398193
53,pose,31,-1,0.5176666378974915,1.3935906887054443,0.2446109801530838
53,pose,32,-1,0.45856034755706787,1.392030954360962,0.12768791615962982
54,hand,0,0,0.5507551431655884,0.8070340752601624,1.3579114011008642e-07
54,hand,1,0,0.5353062152862549,0.8101155161857605,-0.007636156398802996
54,hand,2,0,0.5247648358345032,0.8288019895553589,-0.010096442885696888
54,hand,3,0,0.5160150527954102,0.8471463918685913,-0.010728335939347744
54,hand,4,0,0.5067579746246338,0.8579314351081848,-0.010932555422186852
54,hand,5,0,0.5339005589485168,0.8621549010276794,-0.006660748273134232
54,hand,6,0,0.5262874960899353,0.8900752067565918,-0.007456356659531593
54,hand,7,0,0.5204357504844666,0.9041458964347839,-0.008344855159521103
54,hand,8,0,0.5154814124107361,0.9138542413711548,-0.008782720193266869
54,hand,9,0,0.5417867302894592,0.8657165169715881,-0.002354861469939351
54,hand,10,0,0.5347923040390015,0.893642246723175,-0.0019987195264548063
54,hand,11,0,0.5281049609184265,0.9066316485404968,-0.002001066692173481
54,hand,12,0,0.5224248766899109,0.9136391878128052,-0.0021448174957185984
54,hand,13,0,0.5472473502159119,0.864537239074707,0.0015660839853808284
54,hand,14,0,0.5406371355056763,0.8879373669624329,0.002334708347916603
54,hand,15,0,0.5342763662338257,0.8988144397735596,0.0021589305251836777
54,hand,16,0,0.5286014676094055,0.9051967859268188,0.0017176447436213493
54,hand,17,0,0.5506202578544617,0.8612326383590698,0.004804216790944338
54,hand,18,0,0.5449264049530029,0.879214346408844,0.005452389363199472
54,hand,19,0,0.5398516654968262,0.8856796622276306,0.005928337574005127
54,hand,20,0,0.5354153513908386,0.8879402279853821,0.006294649094343185
54,hand,0,1,0.3876417577266693,0.829047679901123,-2.1623955959171326e-08
54,hand,1,1,0.40326836705207825,0.8399392366409302,-0.0027710243593901396
54,hand,2,1,0.41057607531547546,0.8631404638290405,-0.0032322003971785307
54,hand,3,1,0.4126508831977844,0.8865100741386414,-0.002955355914309621
54,hand,4,1,0.41534972190856934,0.9037763476371765,-0.002100772922858596
54,hand,5,1,0.40078622102737427,0.8840053081512451,-0.002620493061840534
54,hand,6,1,0.4067441523075104,0.9116609692573547,-0.003035211004316807
54,hand,7,1,0.41180145740509033,0.9232735633850098,-0.003219333477318287
54,hand,8,1,0.416309118270874,0.9308232665061951,-0.0031127522233873606
54,hand,9,1,0.39209917187690735,0.8869888782501221,-0.0013016463490203023
54,hand,10,1,0.3993297219276428,0.9142101407051086,-0.001158881583251059
54,hand,11,1,0.40632763504981995,0.9226135015487671,-0.0006522847106680274
54,hand,12,1,0.41150641441345215,0.9252588152885437,-0.00018934233230538666
54,hand,13,1,0.38614243268966675,0.8858433365821838,-8.491479093208909e-05
54,hand,14,1,0.39217886328697205,0.9114530682563782,0.00013074140588287264
54,hand,15,1,0.3983764350414276,0.9188864231109619,0.0011184274917468429
54,hand,16,1,0.4031071662902832,0.9202479124069214,0.0019384091719985008
54,hand,17,1,0.3824446201324463,0.8827401995658875,0.0008654819685034454
54,hand,18,1,0.38571977615356445,0.9026651978492737,0.0013978627976030111
54,hand,19,1,0.39095503091812134,0.9108429551124573,0.0024742542300373316
54,hand,20,1,0.3953883647918701,0.9134297370910645,0.0035124891437590122
54,pose,0,-1,0.4599734842777252,0.22465090453624725,-0.4796520173549652
54,pose,1,-1,0.4694780111312866,0.19688083231449127,-0.45878496766090393
54,pose,2,-1,0.47539713978767395,0.19643375277519226,-0.45882558822631836
54,pose,3,-1,0.47980472445487976,0.19621045887470245,-0.45885172486305237
54,pose,4,-1,0.4508562386035919,0.19844505190849304,-0.45984143018722534
54,pose,5,-1,0.4450294077396393,0.1990015208721161,-0.45988157391548157
54,pose,6,-1,0.43933171033859253,0.19964760541915894,-0.46001026034355164
54,pose,7,-1,0.4863702952861786,0.20721229910850525,-0.30618056654930115
54,pose,8,-1,0.43411123752593994,0.2121943086385727,-0.31104737520217896
54,pose,9,-1,0.472461998462677,0.25190719962120056,-0.42134299874305725
54,pose,10,-1,0.4500124752521515,0.25363823771476746,-0.4224487543106079
54,pose,11,-1,0.5446086525917053,0.3754930794239044,-0.19325383007526398
54,pose,12,-1,0.3918066620826721,0.3912442624568939,-0.22217442095279694
54,pose,13,-1,0.5690658092498779,0.5997884273529053,-0.12715475261211395
54,pose,14,-1,0.3836580216884613,0.6202976703643799,-0.18442106246948242
54,pose,15,-1,0.5485557317733765,0.7970911264419556,-0.2889173626899719
54,pose,16,-1,0.39389288425445557,0.8188661336898804,-0.33289819955825806
54,pose,17,-1,0.5515307784080505,0.8564233183860779,-0.3474527895450592
54,pose,18,-1,0.39364302158355713,0.8813467025756836,-0.3855973780155182
54,pose,19,-1,0.5348283648490906,0.8518500924110413,-0.3891521990299225
54,pose,20,-1,0.4079173803329468,0.8804765343666077,-0.42944014072418213
54,pose,21,-1,0.5288437604904175,0.8337546586990356,-0.3078068196773529
54,pose,22,-1,0.41238224506378174,0.8572104573249817,-0.3522765040397644
54,pose,23,-1,0.5173402428627014,0.7853076457977295,0.010416282340884209
54,pose,24,-1,0.4335058927536011,0.7927960753440857,-0.010065522976219654
54,pose,25,-1,0.511461079120636,1.0315427780151367,0.004231265280395746
54,pose,26,-1,0.44638654589653015,1.0185987949371338,0.0230061374604702
54,pose,27,-1,0.5232324600219727,1.3025466203689575,0.3803691864013672
54,pose,28,-1,0.4457775056362152,1.301835536956787,0.30958276987075806
54,pose,29,-1,0.5234311819076538,1.3305940628051758,0.41091296076774597
54,pose,30,-1,0.4469670355319977,1.3305882215499878,0.33325350284576416
54,pose,31,-1,0.518593966960907,1.3914401531219482,0.2565315067768097
54,pose,32,-1,0.45890945196151733,1.3907182216644287,0.15016232430934906
55,hand,0,0,0.5519137978553772,0.8088192343711853,1.36666571393107e-07
55,hand,1,0,0.5367355346679688,0.8117391467094421,-0.008838043548166752
55,hand,2,0,0.5258077383041382,0.831433892250061,-0.011763938702642918
55,hand,3,0,0.5170490741729736,0.8503425121307373,-0.012579723261296749
55,hand,4,0,0.5079585313796997,0.8626582026481628,-0.01283907238394022
55,hand,5,0,0.5350290536880493,0.8641746640205383,-0.00804594811052084
55,hand,6,0,0.5277764201164246,0.8927060961723328,-0.009295767173171043
55,hand,7,0,0.521921694278717,0.9077540636062622,-0.010367791168391705
55,hand,8,0,0.5168723464012146,0.9181349277496338,-0.01087514590471983
55,hand,9,0,0.5426033139228821,0.867701530456543,-0.003182184649631381
55,hand,10,0,0.5358778834342957,0.895203709602356,-0.0033989401999861
55,hand,11,0,0.529113233089447,0.9088836312294006,-0.003526915330439806
55,hand,12,0,0.5233092308044434,0.9160728454589844,-0.0035999822430312634
55,hand,13,0,0.5472946763038635,0.8670945763587952,0.0012065261835232377
55,hand,14,0,0.5406323671340942,0.8907989263534546,0.0014018785441294312
55,hand,15,0,0.5341930985450745,0.9033372402191162,0.0011654378613457084
55,hand,16,0,0.5282928943634033,0.9116102457046509,0.0008927052840590477
55,hand,17,0,0.5496281981468201,0.8644182085990906,0.0048279715701937675
55,hand,18,0,0.5432733297348022,0.8828955292701721,0.005157387815415859
55,hand,19,0,0.5383726358413696,0.891408383846283,0.0054780058562755585
55,hand,20,0,0.5340580344200134,0.8962393403053284,0.0058042132295668125
55,hand,0,1,0.3869664967060089,0.8299263119697571,-1.6336949570927572e-08
55,hand,1,1,0.40220269560813904,0.8408016562461853,-0.0022030796390026808
55,hand,2,1,0.40917012095451355,0.8644734025001526,-0.002728871302679181
55,hand,3,1,0.41132137179374695,0.887435793876648,-0.002592602977529168
55,hand,4,1,0.4135909974575043,0.9041709899902344,-0.0018676952458918095
55,hand,5,1,0.4001239538192749,0.8832792043685913,-0.003577844938263297
55,hand,6,1,0.40451061725616455,0.9122053384780884,-0.004606990609318018
55,hand,7,1,0.40959468483924866,0.9235719442367554,-0.004808682948350906
55,hand,8,1,0.4142131209373474,0.930355429649353,-0.004539606627076864
55,hand,9,1,0.3914361596107483,0.8857460021972656,-0.0027858864050358534
55,hand,10,1,0.3970528841018677,0.9150192737579346,-0.0034399149008095264
55,hand,11,1,0.40423551201820374,0.9232327342033386,-0.002766192425042391
55,hand,12,1,0.4096510112285614,0.9255056977272034,-0.0019291093340143561
55,hand,13,1,0.385158509016037,0.8846617341041565,-0.0019821668975055218
55,hand,14,1,0.3898947834968567,0.911903440952301,-0.0022342500742524862
55,hand,15,1,0.39617031812667847,0.918157696723938,-0.0008212038083001971
55,hand,16,1,0.4007687270641327,0.918300986289978,0.000488178338855505
55,hand,17,1,0.38090837001800537,0.8817574977874756,-0.0013785426272079349
55,hand,18,1,0.38340798020362854,0.9027153253555298,-0.0008048034505918622
55,hand,19,1,0.3885720670223236,0.9089326858520508,0.0008196873823180795
55,hand,20,1,0.3926480710506439,0.9094381332397461,0.0023446211125701666
55,pose,0,-1,0.46079862117767334,0.22465236485004425,-0.4786347448825836
55,pose,1,-1,0.47050145268440247,0.19692328572273254,-0.4574959874153137
55,pose,2,-1,0.4763093888759613,0.19651201367378235,-0.4575396478176117
55,pose,3,-1,0.48052921891212463,0.196382075548172,-0.45756006240844727
55,pose,4,-1,0.45196613669395447,0.19842667877674103,-0.45840543508529663
55,pose,5,-1,0.4462822675704956,0.19896277785301208,-0.45844465494155884
55,pose,6,-1,0.44060248136520386,0.1995307058095932,-0.4585757553577423
55,pose,7,-1,0.4872254431247711,0.2073504775762558,-0.30476269125938416
55,pose,8,-1,0.4348832368850708,0.21178796887397766,-0.308858186006546
55,pose,9,-1,0.47315141558647156,0.25194767117500305,-0.4203305244445801
55,pose,10,-1,0.4508255124092102,0.2536488175392151,-0.42135122418403625
55,pose,11,-1,0.5446178913116455,0.37570804357528687,-0.19321556389331818
55,pose,12,-1,0.3918057680130005,0.39068686962127686,-0.2187298983335495
55,pose,13,-1,0.5681436061859131,0.5992142558097839,-0.12625131011009216
55,pose,14,-1,0.3831133544445038,0.6199731230735779,-0.1853533387184143
55,pose,15,-1,0.5491912961006165,0.7992799282073975,-0.28753572702407837
55,pose,16,-1,0.3936953842639923,0.8185757398605347,-0.3370454013347626
55,pose,17,-1,0.5519915819168091,0.8580830097198486,-0.34640970826148987
55,pose,18,-1,0.39330366253852844,0.8805542588233948,-0.39022862911224365
55,pose,19,-1,0.5356809496879578,0.854049801826477,-0.38818442821502686
55,pose,20,-1,0.4077783226966858,0.8796628713607788,-0.4342983365058899
55,pose,21,-1,0.5301559567451477,0.835500180721283,-0.30654340982437134
55,pose,22,-1,0.41230452060699463,0.8566825985908508,-0.35654953122138977
55,pose,23,-1,0.5173878073692322,0.7848975658416748,0.010044876486063004
55,pose,24,-1,0.4332177937030792,0.7930160760879517,-0.009692461229860783
55,pose,25,-1,0.511096715927124,1.027719259262085,0.007986611686646938
55,pose,26,-1,0.4455605447292328,1.0191638469696045,0.02684692293405533
55,pose,27,-1,0.5228192210197449,1.3022973537445068,0.3782120645046234
55,pose,28,-1,0.4455067217350006,1.3016257286071777,0.3120085895061493
55,pose,29,-1,0.5226100087165833,1.3301385641098022,0.40801963210105896
55,pose,30,-1,0.4465983808040619,1.3304812908172607,0.3355448842048645
55,pose,31,-1,0.5184987187385559,1.3913633823394775,0.2519734501838684
55,pose,32,-1,0.4588335156440735,1.3901798725128174,0.15076804161071777
56,hand,0,0,0.5516928434371948,0.8129100203514099,1.400493232495137e-07
56,hand,1,0,0.5365875959396362,0.8163401484489441,-0.008624885231256485
56,hand,2,0,0.5259666442871094,0.8354735374450684,-0.01160023920238018
56,hand,3,0,0.5170628428459167,0.8540164828300476,-0.012537511996924877
56,hand,4,0,0.5076806545257568,0.8655878305435181,-0.012799320742487907
56,hand,5,0,0.5356558561325073,0.8678642511367798,-0.007604300044476986
56,hand,6,0,0.5280489921569824,0.8971002101898193,-0.008802601136267185
56,hand,7,0,0.5223369598388672,0.9115278720855713,-0.009624461643397808
56,hand,8,0,0.5174660086631775,0.9210706353187561,-0.009870306588709354
56,hand,9,0,0.5428369641304016,0.8719472885131836,-0.0028260028921067715
56,hand,10,0,0.5355347990989685,0.8999297618865967,-0.003002164186909795
56,hand,11,0,0.5288711786270142,0.9128159880638123,-0.0029960733372718096
56,hand,12,0,0.5230497121810913,0.9195937514305115,-0.0028914520516991615
56,hand,13,0,0.5470914840698242,0.8719327449798584,0.0014828980201855302
56,hand,14,0,0.5400971174240112,0.8946995735168457,0.0020493201445788145
56,hand,15,0,0.5339033603668213,0.9060110449790955,0.002090554218739271
56,hand,16,0,0.5282143950462341,0.9133535027503967,0.0019902102649211884
56,hand,17,0,0.5489309430122375,0.8694788217544556,0.004993518814444542
56,hand,18,0,0.5425697565078735,0.8866793513298035,0.005847109016031027
56,hand,19,0,0.5377933382987976,0.8941959738731384,0.006476947572082281
56,hand,20,0,0.5337101817131042,0.8981976509094238,0.007034432142972946
56,hand,0,1,0.3849811553955078,0.8307619094848633,-1.65130931151225e-08
56,hand,1,1,0.4004714787006378,0.8409302234649658,-0.0024100113660097122
56,hand,2,1,0.4074600338935852,0.8640645146369934,-0.002755836583673954
56,hand,3,1,0.40940117835998535,0.8871784210205078,-0.0023882354144006968
56,hand,4,1,0.41195160150527954,0.904234766960144,-0.0013606426073238254
56,hand,5,1,0.3981649875640869,0.8860280513763428,-0.0025195181369781494
56,hand,6,1,0.40283405780792236,0.913130521774292,-0.0030117302667349577
56,hand,7,1,0.40792372822761536,0.9239885210990906,-0.0031214298214763403
56,hand,8,1,0.4125344455242157,0.9303103089332581,-0.002885253168642521
56,hand,9,1,0.38951045274734497,0.8882773518562317,-0.0014699376188218594
56,hand,10,1,0.3954538404941559,0.9155381917953491,-0.001609985833056271
56,hand,11,1,0.40247291326522827,0.9241347908973694,-0.000985500169917941
56,hand,12,1,0.4078386425971985,0.9266930818557739,-0.00028264595312066376
56,hand,13,1,0.3833025395870209,0.8865459561347961,-0.0004965755506418645
56,hand,14,1,0.3882672190666199,0.9119837284088135,-0.00047365063801407814
56,hand,15,1,0.39425137639045715,0.9189347624778748,0.0007899588090367615
56,hand,16,1,0.39878833293914795,0.9197568893432617,0.0019401767058297992
56,hand,17,1,0.3790040612220764,0.8829807043075562,0.0002483162679709494
56,hand,18,1,0.3813752830028534,0.9031883478164673,0.0009310712339356542
56,hand,19,1,0.3863671123981476,0.9101226329803467,0.0024900769349187613
56,hand,20,1,0.3904982805252075,0.9113842844963074,0.003946497105062008
56,pose,0,-1,0.4618803560733795,0.2246813327074051,-0.47563251852989197
56,pose,1,-1,0.4715251624584198,0.19696851074695587,-0.45458242297172546
56,pose,2,-1,0.4771682322025299,0.1966027468442917,-0.4546314775943756
56,pose,3,-1,0.4811607301235199,0.19654636085033417,-0.4546526074409485
56,pose,4,-1,0.4530027210712433,0.1983991414308548,-0.45520883798599243
56,pose,5,-1,0.44731590151786804,0.19892296195030212,-0.4552532732486725
56,pose,6,-1,0.44171053171157837,0.19943934679031372,-0.455386221408844
56,pose,7,-1,0.48801830410957336,0.2075182944536209,-0.30462646484375
56,pose,8,-1,0.43540048599243164,0.2115672379732132,-0.3053819537162781
56,pose,9,-1,0.4739600121974945,0.252055287361145,-0.41755834221839905
56,pose,10,-1,0.45168671011924744,0.25367507338523865,-0.41830557584762573
56,pose,11,-1,0.5447254180908203,0.37725064158439636,-0.19222325086593628
56,pose,12,-1,0.3917819559574127,0.39072468876838684,-0.2153809666633606
56,pose,13,-1,0.56669020652771,0.6004732251167297,-0.12181935459375381
56,pose,14,-1,0.38247355818748474,0.619828999042511,-0.18373320996761322
56,pose,15,-1,0.5493603348731995,0.8054540157318115,-0.28149640560150146
56,pose,16,-1,0.3920062482357025,0.8182091116905212,-0.33526724576950073
56,pose,17,-1,0.5520777106285095,0.864130437374115,-0.3395163416862488
56,pose,18,-1,0.39170247316360474,0.8793125748634338,-0.38757267594337463
56,pose,19,-1,0.5362407565116882,0.8615037202835083,-0.38127774000167847
56,pose,20,-1,0.4051465392112732,0.8786566257476807,-0.43177127838134766
56,pose,21,-1,0.5310383439064026,0.8415207862854004,-0.3006921708583832
56,pose,22,-1,0.409304678440094,0.8558575510978699,-0.3547879755496979
56,pose,23,-1,0.5172568559646606,0.7856957912445068,0.010039342567324638
56,pose,24,-1,0.432691365480423,0.7932686805725098,-0.009688291698694229
56,pose,25,-1,0.5103098154067993,1.0255252122879028,0.002868081210181117
56,pose,26,-1,0.4446983337402344,1.01918625831604,0.02620280161499977
56,pose,27,-1,0.5214098691940308,1.3019553422927856,0.3759704828262329
56,pose,28,-1,0.4442592263221741,1.3015257120132446,0.3135633170604706
56,pose,29,-1,0.5209037661552429,1.3298038244247437,0.40602362155914307
56,pose,30,-1,0.44509124755859375,1.330348014831543,0.3374982178211212
56,pose,31,-1,0.5178936719894409,1.3908103704452515,0.24979029595851898
56,pose,32,-1,0.45827925205230713,1.390013337135315,0.1523861587047577
57,hand,0,0,0.5499511361122131,0.8163585662841797,1.2302315610668302e-07
57,hand,1,0,0.5354586839675903,0.8205457329750061,-0.008128429763019085
57,hand,2,0,0.5252582430839539,0.8395135402679443,-0.0109880231320858
57,hand,3,0,0.5161907076835632,0.8569475412368774,-0.012029051780700684
57,hand,4,0,0.5070347785949707,0.8679144978523254,-0.01242685317993164
57,hand,5,0,0.5348349809646606,0.8707570433616638,-0.006911354139447212
57,hand,6,0,0.5284672379493713,0.8986939191818237,-0.00804749596863985
57,hand,7,0,0.5235705971717834,0.9127427935600281,-0.009004112333059311
57,hand,8,0,0.519371509552002,0.9224673509597778,-0.009512768127024174
57,hand,9,0,0.541722297668457,0.8746501803398132,-0.0028046616353094578
57,hand,10,0,0.53565514087677,0.9023992419242859,-0.0034094764851033688
57,hand,11,0,0.5293663740158081,0.9156983494758606,-0.0038930843584239483
57,hand,12,0,0.5237882733345032,0.9228640794754028,-0.004185506608337164
57,hand,13,0,0.5457181930541992,0.8745834231376648,0.0008364676614291966
57,hand,14,0,0.5397756099700928,0.8987984657287598,0.0005874570342712104
57,hand,15,0,0.5339292287826538,0.9106642007827759,4.062229345436208e-05
57,hand,16,0,0.5283684134483337,0.9184636473655701,-0.000383648497518152
57,hand,17,0,0.5472534894943237,0.8725125193595886,0.0037641467060893774
57,hand,18,0,0.5415932536125183,0.8909739255905151,0.0037303545977920294
57,hand,19,0,0.5370021462440491,0.8992993831634521,0.00381476036272943
57,hand,20,0,0.5328482985496521,0.9042126536369324,0.004013859201222658
57,hand,0,1,0.3834401071071625,0.8316210508346558,-1.1175052883061198e-08
57,hand,1,1,0.3992154002189636,0.8416513204574585,-0.002626813715323806
57,hand,2,1,0.40587589144706726,0.8642236590385437,-0.0031870638485997915
57,hand,3,1,0.4073006212711334,0.8876386284828186,-0.002916652010753751
57,hand,4,1,0.40953150391578674,0.9048686027526855,-0.0020187769550830126
57,hand,5,1,0.3963039517402649,0.8869395852088928,-0.003096767235547304
57,hand,6,1,0.40089714527130127,0.9135271310806274,-0.003272176021710038
57,hand,7,1,0.4056074917316437,0.924421489238739,-0.003062288276851177
57,hand,8,1,0.4099738299846649,0.9309663772583008,-0.0026279017329216003
57,hand,9,1,0.3875006437301636,0.8886216282844543,-0.0017952274065464735
57,hand,10,1,0.3931844234466553,0.9155476689338684,-0.001697259140200913
57,hand,11,1,0.3998858332633972,0.9239233732223511,-0.0007150476449169219
57,hand,12,1,0.40500974655151367,0.9266907572746277,0.0002097946562571451
57,hand,13,1,0.38127002120018005,0.8863837122917175,-0.0005228735972195864
57,hand,14,1,0.38595882058143616,0.9116606116294861,-0.00035132624907419086
57,hand,15,1,0.3918461203575134,0.9184744358062744,0.0011712933192029595
57,hand,16,1,0.39626026153564453,0.9192023873329163,0.002509105484932661
57,hand,17,1,0.376961350440979,0.8822675347328186,0.0005305646918714046
57,hand,18,1,0.37923574447631836,0.9027167558670044,0.0014907324220985174
57,hand,19,1,0.38409703969955444,0.9096072912216187,0.0033233666326850653
57,hand,20,1,0.3880702257156372,0.9107205867767334,0.004951879382133484
57,pose,0,-1,0.46210771799087524,0.22468315064907074,-0.4737502932548523
57,pose,1,-1,0.4717545807361603,0.19697630405426025,-0.45288994908332825
57,pose,2,-1,0.4774225056171417,0.1966358721256256,-0.45294103026390076
57,pose,3,-1,0.48137935996055603,0.19661392271518707,-0.45296338200569153
57,pose,4,-1,0.4532510042190552,0.19837571680545807,-0.4533352553844452
57,pose,5,-1,0.4475545585155487,0.19890262186527252,-0.4533831775188446
57,pose,6,-1,0.44191277027130127,0.19940820336341858,-0.45351794362068176
57,pose,7,-1,0.48852527141571045,0.20774529874324799,-0.303072065114975
57,pose,8,-1,0.43562209606170654,0.21156169474124908,-0.30387526750564575
57,pose,9,-1,0.47428879141807556,0.2520977854728699,-0.41588667035102844
57,pose,10,-1,0.4518893361091614,0.25371697545051575,-0.4164014160633087
57,pose,11,-1,0.5448934435844421,0.3785717487335205,-0.1883118599653244
57,pose,12,-1,0.39183056354522705,0.3907504081726074,-0.21608956158161163
57,pose,13,-1,0.5661469101905823,0.6018202900886536,-0.11653447896242142
57,pose,14,-1,0.3815430700778961,0.6194366812705994,-0.18888209760189056
57,pose,15,-1,0.5496388673782349,0.8072013258934021,-0.2732354402542114
57,pose,16,-1,0.39049509167671204,0.8175435662269592,-0.3408895432949066
57,pose,17,-1,0.5520394444465637,0.864532470703125,-0.33021339774131775
57,pose,18,-1,0.39033910632133484,0.8776724934577942,-0.39354208111763
57,pose,19,-1,0.5364051461219788,0.8619850277900696,-0.371960312128067
57,pose,20,-1,0.4030773341655731,0.8770081996917725,-0.43696901202201843
57,pose,21,-1,0.5312433242797852,0.8419000506401062,-0.29252874851226807
57,pose,22,-1,0.4070977568626404,0.8546217679977417,-0.36014530062675476
57,pose,23,-1,0.5172699689865112,0.7864211797714233,0.010717513971030712
57,pose,24,-1,0.43266963958740234,0.7932584285736084,-0.010373705066740513
57,pose,25,-1,0.5101643800735474,1.0228428840637207,-0.00032609092886559665
57,pose,26,-1,0.4446568489074707,1.0189456939697266,0.027972150593996048
57,pose,27,-1,0.5214564204216003,1.3008451461791992,0.3729144334793091
57,pose,28,-1,0.44442906975746155,1.2978178262710571,0.3237897753715515
57,pose,29,-1,0.5209202170372009,1.3289607763290405,0.40298792719841003
57,pose,30,-1,0.44525155425071716,1.3262696266174316,0.348681777715683
57,pose,31,-1,0.5184156894683838,1.3885482549667358,0.24759730696678162
57,pose,32,-1,0.4591582119464874,1.3866647481918335,0.16359175741672516
58,hand,0,0,0.5483918786048889,0.8181371688842773,1.2146530536938371e-07
58,hand,1,0,0.5345013737678528,0.8210750222206116,-0.009148748591542244
58,hand,2,0,0.5249140858650208,0.8411487936973572,-0.012116280384361744
58,hand,3,0,0.5160455107688904,0.8589779734611511,-0.01298720482736826
58,hand,4,0,0.5066299438476562,0.8705126643180847,-0.013188955374062061
58,hand,5,0,0.5339416861534119,0.8718247413635254,-0.007921697571873665
58,hand,6,0,0.5271725654602051,0.8997611999511719,-0.009065484628081322
58,hand,7,0,0.5216155052185059,0.9141079783439636,-0.009936572052538395
58,hand,8,0,0.5169130563735962,0.9237221479415894,-0.01037637423723936
58,hand,9,0,0.5401102900505066,0.8756638765335083,-0.0031982585787773132
58,hand,10,0,0.5346161723136902,0.9035744071006775,-0.003870608750730753
58,hand,11,0,0.5284094214439392,0.91765296459198,-0.00438747787848115
58,hand,12,0,0.5229098200798035,0.9250378012657166,-0.0046713328920304775
58,hand,13,0,0.543177604675293,0.8754578828811646,0.0009730231831781566
58,hand,14,0,0.5374712347984314,0.9004954695701599,0.0004318752035032958
58,hand,15,0,0.531741738319397,0.9132604002952576,-0.0005383032839745283
58,hand,16,0,0.5262050032615662,0.9221171140670776,-0.0011812049197033048
58,hand,17,0,0.5436862111091614,0.8733254671096802,0.004391888622194529
58,hand,18,0,0.5380494594573975,0.8932389616966248,0.003838701406493783
58,hand,19,0,0.5335279703140259,0.9032248258590698,0.003296253504231572
58,hand,20,0,0.5292650461196899,0.9100348353385925,0.0030772541649639606
58,hand,0,1,0.38237494230270386,0.8317292332649231,-1.2541152116796184e-08
58,hand,1,1,0.3977271020412445,0.8413066864013672,-0.001821389771066606
58,hand,2,1,0.4045460522174835,0.8631338477134705,-0.002181530464440584
58,hand,3,1,0.40617087483406067,0.8860276341438293,-0.001874620676971972
58,hand,4,1,0.40801116824150085,0.9030948877334595,-0.0009520354215055704
58,hand,5,1,0.3951191008090973,0.8865363597869873,-0.002221339615061879
58,hand,6,1,0.39896368980407715,0.9134108424186707,-0.002216982888057828
58,hand,7,1,0.4033581018447876,0.9245567917823792,-0.0018650703132152557
58,hand,8,1,0.4076205790042877,0.9308697581291199,-0.001276366296224296
58,hand,9,1,0.3862440288066864,0.8881989121437073,-0.0012280361261218786
58,hand,10,1,0.39162349700927734,0.915432333946228,-0.0007215463556349277
58,hand,11,1,0.39788851141929626,0.9239323139190674,0.00047032919246703386
58,hand,12,1,0.4026679992675781,0.9268872737884521,0.001532060676254332
58,hand,13,1,0.37989312410354614,0.8860689401626587,-0.00019665092986542732
58,hand,14,1,0.38450926542282104,0.9113935232162476,0.00039232088602147996
58,hand,15,1,0.39000532031059265,0.9181185364723206,0.0021673236042261124
58,hand,16,1,0.394124835729599,0.919133186340332,0.0036182869225740433
58,hand,17,1,0.3756067454814911,0.8820332884788513,0.0006786765879951417
58,hand,18,1,0.3782603144645691,0.9020735025405884,0.0020666830241680145
58,hand,19,1,0.38298723101615906,0.9084333777427673,0.004197004716843367
58,hand,20,1,0.38671478629112244,0.9093743562698364,0.006007105577737093
58,pose,0,-1,0.46249455213546753,0.22469140589237213,-0.47572317719459534
58,pose,1,-1,0.47216448187828064,0.19698941707611084,-0.4544040858745575
58,pose,2,-1,0.47779375314712524,0.19666732847690582,-0.454460084438324
58,pose,3,-1,0.48172280192375183,0.19666031002998352,-0.45447981357574463
58,pose,4,-1,0.45356571674346924,0.1983756124973297,-0.4557201564311981
58,pose,5,-1,0.4477965235710144,0.19891180098056793,-0.45577287673950195
58,pose,6,-1,0.44212377071380615,0.1994241625070572,-0.45590564608573914
58,pose,7,-1,0.48926401138305664,0.20790137350559235,-0.30218571424484253
58,pose,8,-1,0.4357548654079437,0.2117180973291397,-0.306944876909256
58,pose,9,-1,0.47478386759757996,0.25225135684013367,-0.4170108139514923
58,pose,10,-1,0.45222386717796326,0.2539568543434143,-0.418619841337204
58,pose,11,-1,0.5449398159980774,0.3795224726200104,-0.18821793794631958
58,pose,12,-1,0.3919506072998047,0.3907673954963684,-0.2185978889465332
58,pose,13,-1,0.5628376603126526,0.6019800305366516,-0.11791584640741348
58,pose,14,-1,0.38083019852638245,0.61943519115448,-0.19287802278995514
58,pose,15,-1,0.5497395396232605,0.8073984384536743,-0.2773742377758026
58,pose,16,-1,0.38889047503471375,0.8174312114715576,-0.3449249863624573
58,pose,17,-1,0.5519840717315674,0.8635033369064331,-0.3345429599285126
58,pose,18,-1,0.38852280378341675,0.8775848150253296,-0.39755740761756897
58,pose,19,-1,0.5365265011787415,0.8614500761032104,-0.37633705139160156
58,pose,20,-1,0.4004589319229126,0.8769435882568359,-0.4412980079650879
58,pose,21,-1,0.5313705205917358,0.8416955471038818,-0.29683080315589905
58,pose,22,-1,0.40451306104660034,0.8545624017715454,-0.3643593192100525
58,pose,23,-1,0.5171470046043396,0.7864034175872803,0.010968529619276524
58,pose,24,-1,0.4325661063194275,0.7931156158447266,-0.010639814659953117
58,pose,25,-1,0.5097828507423401,1.0197417736053467,0.008817913010716438
58,pose,26,-1,0.44467461109161377,1.0153573751449585,0.03218884766101837
58,pose,27,-1,0.521365761756897,1.297972559928894,0.376038134098053
58,pose,28,-1,0.444476455450058,1.2940694093704224,0.3263406753540039
58,pose,29,-1,0.520781934261322,1.3262542486190796,0.40543681383132935
58,pose,30,-1,0.4452689588069916,1.3224362134933472,0.3510112762451172
58,pose,31,-1,0.5183591246604919,1.3848241567611694,0.248236283659935
58,pose,32,-1,0.45931199193000793,1.382491111755371,0.16569754481315613
59,hand,0,0,0.5473845601081848,0.8184911012649536,1.2164417739768396e-07
59,hand,1,0,0.5336729884147644,0.821205198764801,-0.009378806687891483
59,hand,2,0,0.5243407487869263,0.8417522311210632,-0.012416621670126915
59,hand,3,0,0.5157711505889893,0.859792172908783,-0.013295820914208889
59,hand,4,0,0.506669819355011,0.8716270923614502,-0.013540559448301792
59,hand,5,0,0.5333120226860046,0.8715369701385498,-0.008683101274073124
59,hand,6,0,0.5266065001487732,0.8995791077613831,-0.010318990796804428
59,hand,7,0,0.5207297205924988,0.9144249558448792,-0.011499593034386635
59,hand,8,0,0.5156571865081787,0.9246029257774353,-0.012081235647201538
59,hand,9,0,0.5395298600196838,0.8761745095252991,-0.0038892594166100025
59,hand,10,0,0.5340787768363953,0.9039650559425354,-0.004755385220050812
59,hand,11,0,0.5275862812995911,0.9178427457809448,-0.005242136772722006
59,hand,12,0,0.5217929482460022,0.9248218536376953,-0.005484430585056543
59,hand,13,0,0.5426959991455078,0.8764511346817017,0.0003199162892997265
59,hand,14,0,0.537178099155426,0.9016336798667908,-0.000334849493810907
59,hand,15,0,0.5312312841415405,0.9142928719520569,-0.0012494541006162763
59,hand,16,0,0.525439441204071,0.9228487014770508,-0.0018356131622567773
59,hand,17,0,0.5433031916618347,0.874541163444519,0.0037545934319496155
59,hand,18,0,0.5381307005882263,0.8949554562568665,0.0031898519955575466
59,hand,19,0,0.5337485671043396,0.9055135250091553,0.00265263463370502
59,hand,20,0,0.5295629501342773,0.9126016497612,0.0024236473254859447
59,hand,0,1,0.38178497552871704,0.8313018083572388,-1.2895184475780752e-08
59,hand,1,1,0.397077351808548,0.8415015935897827,-0.0020778493490070105
59,hand,2,1,0.4035349190235138,0.8637250065803528,-0.002418466843664646
59,hand,3,1,0.4053090810775757,0.8859620690345764,-0.002024298068135977
59,hand,4,1,0.40724897384643555,0.9027100205421448,-0.0009958246955648065
59,hand,5,1,0.3941778242588043,0.8854062557220459,-0.0029528348241001368
59,hand,6,1,0.39842337369918823,0.9134109020233154,-0.003318637842312455
59,hand,7,1,0.40303942561149597,0.9247949123382568,-0.003035255242139101
59,hand,8,1,0.40722909569740295,0.9309601187705994,-0.0024173203855752945
59,hand,9,1,0.38533368706703186,0.8870351314544678,-0.0019456461304798722
59,hand,10,1,0.390731543302536,0.9150341153144836,-0.001912450883537531
59,hand,11,1,0.39707818627357483,0.9238085746765137,-0.0008171473746187985
59,hand,12,1,0.4019031524658203,0.9265493154525757,0.00024791932082735
59,hand,13,1,0.3789629638195038,0.8849025964736938,-0.0009349563042633235
59,hand,14,1,0.38332465291023254,0.911039412021637,-0.0008153706439770758
59,hand,15,1,0.3889496624469757,0.9184795618057251,0.0007892346475273371
59,hand,16,1,0.39324700832366943,0.9198639988899231,0.0022098226472735405
59,hand,17,1,0.3746742606163025,0.8808649778366089,-7.940507202874869e-05
59,hand,18,1,0.37702563405036926,0.9017758369445801,0.0008282383787445724
59,hand,19,1,0.38176313042640686,0.9091681241989136,0.0027119505684822798
59,hand,20,1,0.38577502965927124,0.9107463359832764,0.004406788852065802
59,pose,0,-1,0.4629976153373718,0.22466063499450684,-0.4748157262802124
59,pose,1,-1,0.47253182530403137,0.19697938859462738,-0.4535163342952728
59,pose,2,-1,0.47811320424079895,0.19666935503482819,-0.45357415080070496
59,pose,3,-1,0.4820317327976227,0.19666443765163422,-0.45359423756599426
59,pose,4,-1,0.45387744903564453,0.1983354389667511,-0.45499131083488464
59,pose,5,-1,0.4480447769165039,0.1988966315984726,-0.4550475776195526
59,pose,6,-1,0.4423809349536896,0.19942232966423035,-0.4551847279071808
59,pose,7,-1,0.48998281359672546,0.2079223394393921,-0.3015514612197876
59,pose,8,-1,0.43589457869529724,0.2117965817451477,-0.30716532468795776
59,pose,9,-1,0.4753744900226593,0.25232574343681335,-0.41613057255744934
59,pose,10,-1,0.45267370343208313,0.25412803888320923,-0.41786131262779236
59,pose,11,-1,0.5449967980384827,0.3802969753742218,-0.1846715360879898
59,pose,12,-1,0.3920362889766693,0.39075207710266113,-0.2193818986415863
59,pose,13,-1,0.5603301525115967,0.6021185517311096,-0.11386845260858536
59,pose,14,-1,0.3802897334098816,0.6193979382514954,-0.19465555250644684
59,pose,15,-1,0.5494192838668823,0.8071921467781067,-0.2748320996761322
59,pose,16,-1,0.38780391216278076,0.8171650767326355,-0.3455480933189392
59,pose,17,-1,0.5516846179962158,0.8629218935966492,-0.3314848840236664
59,pose,18,-1,0.3872886896133423,0.8774669766426086,-0.3977532684803009
59,pose,19,-1,0.536486029624939,0.8612656593322754,-0.3737049400806427
59,pose,20,-1,0.3989681303501129,0.8768545985221863,-0.4409952461719513
59,pose,21,-1,0.5313732028007507,0.8415029644966125,-0.29464393854141235
59,pose,22,-1,0.4030073881149292,0.8544648885726929,-0.36469900608062744
59,pose,23,-1,0.516874372959137,0.7862717509269714,0.01210277620702982
59,pose,24,-1,0.43236199021339417,0.7926129698753357,-0.01180892065167427
59,pose,25,-1,0.5092623233795166,1.018553376197815,0.014562125317752361
59,pose,26,-1,0.44471749663352966,1.012163519859314,0.031186100095510483
59,pose,27,-1,0.5210874080657959,1.2952334880828857,0.3772702217102051
59,pose,28,-1,0.44449368119239807,1.2913857698440552,0.32589206099510193
59,pose,29,-1,0.5204921364784241,1.3232718706130981,0.4061267077922821
59,pose,30,-1,0.44530993700027466,1.3195669651031494,0.35071566700935364
59,pose,31,-1,0.5182453393936157,1.3814682960510254,0.24856774508953094
59,pose,32,-1,0.45926162600517273,1.378804087638855,0.16296738386154175
60,hand,0,0,0.5479544401168823,0.8182951807975769,1.2207280519760388e-07
60,hand,1,0,0.5340355038642883,0.8210352659225464,-0.009215988218784332
60,hand,2,0,0.524631142616272,0.8414300680160522,-0.011870895512402058
60,hand,3,0,0.5159251093864441,0.8590229153633118,-0.012334893457591534
60,hand,4,0,0.5073073506355286,0.8712302446365356,-0.012074468657374382
60,hand,5,0,0.5340126752853394,0.8706306219100952,-0.008241572417318821
60,hand,6,0,0.5273346304893494,0.8991689085960388,-0.009404805488884449
60,hand,7,0,0.5213388204574585,0.9134747982025146,-0.010107014328241348
60,hand,8,0,0.5161488652229309,0.9230867028236389,-0.01034265011548996
60,hand,9,0,0.5400920510292053,0.875063419342041,-0.0032683834433555603
60,hand,10,0,0.5346945524215698,0.9032620787620544,-0.0039621563628315926
60,hand,11,0,0.5282899141311646,0.9171586036682129,-0.004263313952833414
60,hand,12,0,0.5224856734275818,0.9244742393493652,-0.004326337017118931
60,hand,13,0,0.5430630445480347,0.875469446182251,0.0011514488141983747
60,hand,14,0,0.5377902388572693,0.9001879692077637,0.0007802395266480744
60,hand,15,0,0.5319728851318359,0.912592887878418,-8.369261922780424e-05
60,hand,16,0,0.5262506604194641,0.9210798740386963,-0.0006080620805732906
60,hand,17,0,0.5434497594833374,0.8738406896591187,0.00479376083239913
60,hand,18,0,0.5382722616195679,0.893875241279602,0.004522580653429031
60,hand,19,0,0.5337716937065125,0.9042608737945557,0.004015864804387093
60,hand,20,0,0.529352605342865,0.9110747575759888,0.0038303877227008343
60,hand,0,1,0.38158556818962097,0.830608606338501,-1.2260657378249107e-08
60,hand,1,1,0.396806925535202,0.8403393626213074,-0.0019593173637986183
60,hand,2,1,0.4034152030944824,0.863398551940918,-0.0019025122746825218
60,hand,3,1,0.4051511287689209,0.8864731788635254,-0.0010403245687484741
60,hand,4,1,0.40724024176597595,0.903510332107544,0.00044651443022303283
60,hand,5,1,0.3940046727657318,0.8855991363525391,-0.002303953282535076
60,hand,6,1,0.39847850799560547,0.9132409691810608,-0.0018495675176382065
60,hand,7,1,0.40293240547180176,0.9244892597198486,-0.0010999019723385572
60,hand,8,1,0.40693920850753784,0.9307881593704224,-0.0002471355546731502
60,hand,9,1,0.38521701097488403,0.8877437114715576,-0.0009078065631911159
60,hand,10,1,0.3910357356071472,0.9150416254997253,4.503676973399706e-05
60,hand,11,1,0.39718765020370483,0.9234998226165771,0.001526572392322123
60,hand,12,1,0.40177929401397705,0.9261436462402344,0.002752044703811407
60,hand,13,1,0.37894368171691895,0.8859342336654663,0.0005237116711214185
60,hand,14,1,0.38364556431770325,0.9111066460609436,0.0016183368861675262
60,hand,15,1,0.38905057311058044,0.9184907674789429,0.003411736572161317
60,hand,16,1,0.39325150847435,0.920192539691925,0.004768090322613716
60,hand,17,1,0.3748902976512909,0.8817228078842163,0.0017816167091950774
60,hand,18,1,0.37704452872276306,0.9014816880226135,0.003420346649363637
60,hand,19,1,0.3813186287879944,0.909360408782959,0.00529718492180109
60,hand,20,1,0.385053813457489,0.9118326902389526,0.006866176147013903
60,pose,0,-1,0.4633471369743347,0.22468851506710052,-0.47418704628944397
60,pose,1,-1,0.4730447232723236,0.19699205458164215,-0.45289403200149536
60,pose,2,-1,0.47854527831077576,0.19672369956970215,-0.45295217633247375
60,pose,3,-1,0.4825229346752167,0.1967385709285736,-0.45297253131866455
60,pose,4,-1,0.45414870977401733,0.1983194500207901,-0.4542839229106903
60,pose,5,-1,0.4482609033584595,0.19888107478618622,-0.4543408453464508
60,pose,6,-1,0.44264310598373413,0.19940438866615295,-0.4544793665409088
60,pose,7,-1,0.49075108766555786,0.2080569714307785,-0.30003368854522705
60,pose,8,-1,0.4361266493797302,0.21180927753448486,-0.3060489892959595
60,pose,9,-1,0.47574368119239807,0.2525632083415985,-0.4155474901199341
60,pose,10,-1,0.45287322998046875,0.2545021176338196,-0.41717782616615295
60,pose,11,-1,0.5451006293296814,0.38099098205566406,-0.18276900053024292
60,pose,12,-1,0.39212504029273987,0.39076846837997437,-0.21762436628341675
60,pose,13,-1,0.5595170855522156,0.6031422019004822,-0.11233396083116531
60,pose,14,-1,0.3801096975803375,0.6193987131118774,-0.19195042550563812
60,pose,15,-1,0.5493078231811523,0.8084590435028076,-0.2747303247451782
60,pose,16,-1,0.3872080445289612,0.8170904517173767,-0.34340494871139526
60,pose,17,-1,0.5514262318611145,0.864785373210907,-0.33174917101860046
60,pose,18,-1,0.386692076921463,0.8774292469024658,-0.3953993022441864
60,pose,19,-1,0.5364769101142883,0.8632317781448364,-0.37360885739326477
60,pose,20,-1,0.39831364154815674,0.8767749667167664,-0.4388302266597748
60,pose,21,-1,0.5314103960990906,0.8433321714401245,-0.2943875193595886
60,pose,22,-1,0.4022524952888489,0.8543967604637146,-0.36255159974098206
60,pose,23,-1,0.5168787837028503,0.7863765358924866,0.012408852577209473
60,pose,24,-1,0.43238458037376404,0.7925679683685303,-0.012117916718125343
60,pose,25,-1,0.5092470645904541,1.0173968076705933,0.011963685043156147
60,pose,26,-1,0.44498777389526367,1.012285828590393,0.030700277537107468
60,pose,27,-1,0.5215950608253479,1.2952171564102173,0.37848028540611267
60,pose,28,-1,0.4452916383743286,1.2914563417434692,0.3236745297908783
60,pose,29,-1,0.5210413336753845,1.3232637643814087,0.40757256746292114
60,pose,30,-1,0.4460082948207855,1.3196982145309448,0.3482298254966736
60,pose,31,-1,0.5190104246139526,1.381416916847229,0.2492610514163971
60,pose,32,-1,0.46051350235939026,1.3788645267486572,0.16246357560157776
61,hand,0,0,0.5492899417877197,0.8177968859672546,1.220620617914392e-07
61,hand,1,0,0.5351979732513428,0.8202658295631409,-0.008832395076751709
61,hand,2,0,0.5255366563796997,0.8407639861106873,-0.011238140054047108
61,hand,3,0,0.5170735120773315,0.8585375547409058,-0.011538133025169373
61,hand,4,0,0.5088536143302917,0.8706918954849243,-0.011092324741184711
61,hand,5,0,0.5350027084350586,0.8706104159355164,-0.0074400221928954124
61,hand,6,0,0.5284637808799744,0.8991032242774963,-0.008276499807834625
61,hand,7,0,0.5226489901542664,0.9130166172981262,-0.008735768496990204
61,hand,8,0,0.5176404714584351,0.9220900535583496,-0.00879807211458683
61,hand,9,0,0.5410749912261963,0.8744407892227173,-0.002591709839180112
61,hand,10,0,0.5348988175392151,0.9024870991706848,-0.003135595703497529
61,hand,11,0,0.528103768825531,0.9158985018730164,-0.003297495422884822
61,hand,12,0,0.5219773054122925,0.9229264259338379,-0.0031705936416983604
61,hand,13,0,0.5439597964286804,0.874465823173523,0.0017185757169499993
61,hand,14,0,0.5381268262863159,0.8993728756904602,0.001447427668608725
61,hand,15,0,0.5320940017700195,0.9117602705955505,0.0007694957312196493
61,hand,16,0,0.5261858105659485,0.9202331900596619,0.00046159300836734474
61,hand,17,0,0.5443165898323059,0.8725540637969971,0.005286701023578644
61,hand,18,0,0.5389319658279419,0.8930556178092957,0.005247820168733597
61,hand,19,0,0.5343036651611328,0.903380811214447,0.005017559975385666
61,hand,20,0,0.5297672152519226,0.909935474395752,0.005061393138021231
61,hand,0,1,0.3823019862174988,0.8312759399414062,-1.526329285184147e-08
61,hand,1,1,0.3974429965019226,0.8414461016654968,-0.0022797088604420424
61,hand,2,1,0.40414971113204956,0.8642948865890503,-0.002561848843470216
61,hand,3,1,0.4056597650051117,0.8873749375343323,-0.0020634904503822327
61,hand,4,1,0.4076738953590393,0.9044045805931091,-0.0009274933254346251
61,hand,5,1,0.3946205973625183,0.8864603638648987,-0.002515397733077407
61,hand,6,1,0.3990248143672943,0.9140929579734802,-0.0024155406281352043
61,hand,7,1,0.40350306034088135,0.9250075817108154,-0.002035710262134671
61,hand,8,1,0.40757283568382263,0.9310912489891052,-0.0014224789338186383
61,hand,9,1,0.3857087790966034,0.8884097933769226,-0.0011517696548253298
61,hand,10,1,0.3914797008037567,0.9157187938690186,-0.00020484231936279684
61,hand,11,1,0.39780551195144653,0.9233857989311218,0.0011305828811600804
61,hand,12,1,0.4024064242839813,0.9252488017082214,0.0021781872492283583
61,hand,13,1,0.3792378306388855,0.8862895369529724,0.0001918154739541933
61,hand,14,1,0.3840363025665283,0.9116360545158386,0.0011218731524422765
61,hand,15,1,0.38983190059661865,0.9180351495742798,0.002833436243236065
61,hand,16,1,0.39405789971351624,0.9187052845954895,0.004107960965484381
61,hand,17,1,0.37483546137809753,0.8820939064025879,0.0013295321259647608
61,hand,18,1,0.37733009457588196,0.902079164981842,0.002651823917403817
61,hand,19,1,0.38225057721138,0.9088018536567688,0.004432989284396172
61,hand,20,1,0.3862621486186981,0.9099954962730408,0.005960336420685053
61,pose,0,-1,0.4633699059486389,0.22433482110500336,-0.4760969579219818
61,pose,1,-1,0.4733039140701294,0.19688643515110016,-0.45411548018455505
61,pose,2,-1,0.4788390100002289,0.19667039811611176,-0.45417487621307373
61,pose,3,-1,0.4829173982143402,0.1967189908027649,-0.454194575548172
61,pose,4,-1,0.4541250169277191,0.19796548783779144,-0.4556916654109955
61,pose,5,-1,0.4482542872428894,0.19849777221679688,-0.45575255155563354
61,pose,6,-1,0.4426709711551666,0.19906319677829742,-0.4558935761451721
61,pose,7,-1,0.4914138913154602,0.2080228328704834,-0.30016157031059265
61,pose,8,-1,0.436344712972641,0.21158260107040405,-0.30723074078559875
61,pose,9,-1,0.4759292006492615,0.25257858633995056,-0.4173494577407837
61,pose,10,-1,0.45296141505241394,0.25451546907424927,-0.41933727264404297
61,pose,11,-1,0.5452594757080078,0.3813052177429199,-0.18487505614757538
61,pose,12,-1,0.39217427372932434,0.390834778547287,-0.21981053054332733
61,pose,13,-1,0.5596029162406921,0.6033740043640137,-0.11398164182901382
61,pose,14,-1,0.38000306487083435,0.6194039583206177,-0.19640840590000153
61,pose,15,-1,0.5493508577346802,0.807675302028656,-0.2792314291000366
61,pose,16,-1,0.38709938526153564,0.8170868754386902,-0.34640222787857056
61,pose,17,-1,0.5514257550239563,0.8636282682418823,-0.3369003236293793
61,pose,18,-1,0.3866463601589203,0.8774448037147522,-0.3987990915775299
61,pose,19,-1,0.5369035601615906,0.8620100021362305,-0.3778913915157318
61,pose,20,-1,0.39824992418289185,0.8768097758293152,-0.4417962431907654
61,pose,21,-1,0.5319926142692566,0.8423132300376892,-0.2984354794025421
61,pose,22,-1,0.40215760469436646,0.8544250130653381,-0.3654681444168091
61,pose,23,-1,0.5170453190803528,0.7863114476203918,0.01223248615860939
61,pose,24,-1,0.4324754476547241,0.7925755381584167,-0.011939004063606262
61,pose,25,-1,0.5095106959342957,1.0158966779708862,0.012985613197088242
61,pose,26,-1,0.4450858533382416,1.011960744857788,0.045156415551900864
61,pose,27,-1,0.5227053761482239,1.294645071029663,0.3867494463920593
61,pose,28,-1,0.4463746249675751,1.2910014390945435,0.3549421727657318
61,pose,29,-1,0.5221396684646606,1.323102355003357,0.41670864820480347
61,pose,30,-1,0.4468894302845001,1.319520115852356,0.38152486085891724
61,pose,31,-1,0.5206341743469238,1.380802035331726,0.2568398118019104
61,pose,32,-1,0.46252235770225525,1.3786767721176147,0.1965501308441162
62,hand,0,0,0.5497486591339111,0.816648542881012,1.236059858911176e-07
62,hand,1,0,0.5357902646064758,0.8198917508125305,-0.008664259687066078
62,hand,2,0,0.52601158618927,0.8400456309318542,-0.011205987073481083
62,hand,3,0,0.517688512802124,0.8582993745803833,-0.011799415573477745
62,hand,4,0,0.5096576809883118,0.870682954788208,-0.01164955273270607
62,hand,5,0,0.5357127785682678,0.8693190813064575,-0.007139256689697504
62,hand,6,0,0.529613196849823,0.8978679776191711,-0.008396505378186703
62,hand,7,0,0.5240461826324463,0.9121996164321899,-0.009168647229671478
62,hand,8,0,0.5191803574562073,0.9218485355377197,-0.009425964206457138
62,hand,9,0,0.5418741106987,0.8732351064682007,-0.0026534534990787506
62,hand,10,0,0.5357459187507629,0.901293933391571,-0.0036196154542267323
62,hand,11,0,0.5288353562355042,0.9149941802024841,-0.004067897330969572
62,hand,12,0,0.5225041508674622,0.9224715828895569,-0.004113772418349981
62,hand,13,0,0.5450010895729065,0.8732940554618835,0.0012557458830997348
62,hand,14,0,0.5391107797622681,0.8984113335609436,0.00046805606689304113
62,hand,15,0,0.5329349040985107,0.9112364053726196,-0.0003578958276193589
62,hand,16,0,0.5268002152442932,0.9199044704437256,-0.0006766001461073756
62,hand,17,0,0.545595645904541,0.8716787099838257,0.004441446159034967
62,hand,18,0,0.540165901184082,0.8927596211433411,0.003963147755712271
62,hand,19,0,0.5352867841720581,0.903775155544281,0.0036170347593724728
62,hand,20,0,0.5303918719291687,0.911078155040741,0.003634412307292223
62,hand,0,1,0.38286861777305603,0.8312148451805115,-1.4810159321143601e-08
62,hand,1,1,0.39842766523361206,0.841221034526825,-0.002674141665920615
62,hand,2,1,0.4053421914577484,0.8640328049659729,-0.0031387927010655403
62,hand,3,1,0.40716448426246643,0.8870572447776794,-0.002843978814780712
62,hand,4,1,0.40934300422668457,0.9042440056800842,-0.001903671771287918
62,hand,5,1,0.39584505558013916,0.8867303729057312,-0.0021701958030462265
62,hand,6,1,0.40055137872695923,0.913135290145874,-0.002331517869606614
62,hand,7,1,0.4052351117134094,0.9239534735679626,-0.0023469291627407074
62,hand,8,1,0.40971219539642334,0.9302687048912048,-0.002058587735518813
62,hand,9,1,0.3869057595729828,0.8889468312263489,-0.0007881142082624137
62,hand,10,1,0.3930152356624603,0.9150108695030212,-0.00023967426386661828
62,hand,11,1,0.39953961968421936,0.9232308268547058,0.0006536667351610959
62,hand,12,1,0.4046536087989807,0.9260187745094299,0.0014118689578026533
62,hand,13,1,0.38039520382881165,0.8869310617446899,0.0004780639719683677
62,hand,14,1,0.3854946196079254,0.9114779233932495,0.001067964592948556
62,hand,15,1,0.3912469148635864,0.9187122583389282,0.002576904371380806
62,hand,16,1,0.39579659700393677,0.9204616546630859,0.003760957857593894
62,hand,17,1,0.37596461176872253,0.8826934099197388,0.0014874625485390425
62,hand,18,1,0.37856706976890564,0.9023568630218506,0.0026086170691996813
62,hand,19,1,0.38331663608551025,0.9096505641937256,0.004344330169260502
62,hand,20,1,0.38731589913368225,0.9113745093345642,0.0058664255775511265
62,pose,0,-1,0.46366870403289795,0.2244378626346588,-0.4879675805568695
62,pose,1,-1,0.4734957814216614,0.1970447152853012,-0.46565476059913635
62,pose,2,-1,0.47902005910873413,0.1969047486782074,-0.46571671962738037
62,pose,3,-1,0.48309940099716187,0.19699078798294067,-0.46574145555496216
62,pose,4,-1,0.4543151557445526,0.19802670180797577,-0.46783965826034546
62,pose,5,-1,0.4484240710735321,0.19857488572597504,-0.4679165184497833
62,pose,6,-1,0.4429064989089966,0.19915612041950226,-0.46805906295776367
62,pose,7,-1,0.491616427898407,0.20825597643852234,-0.30988597869873047
62,pose,8,-1,0.4365602731704712,0.21173879504203796,-0.32022523880004883
62,pose,9,-1,0.47621405124664307,0.2528522312641144,-0.42870309948921204
62,pose,10,-1,0.4532402455806732,0.2547818422317505,-0.4315270483493805
62,pose,11,-1,0.545368492603302,0.3817095458507538,-0.19580323994159698
62,pose,12,-1,0.3922280967235565,0.39084744453430176,-0.23036280274391174
62,pose,13,-1,0.5602604746818542,0.6038629412651062,-0.12420852482318878
62,pose,14,-1,0.3798820674419403,0.6193903684616089,-0.20468708872795105
62,pose,15,-1,0.549470067024231,0.8078250288963318,-0.28034353256225586
62,pose,16,-1,0.38706398010253906,0.8167521357536316,-0.351907342672348
62,pose,17,-1,0.5514571666717529,0.8637725114822388,-0.3377692401409149
62,pose,18,-1,0.386698454618454,0.8768749833106995,-0.40384382009506226
62,pose,19,-1,0.5370124578475952,0.8623308539390564,-0.37840157747268677
62,pose,20,-1,0.3982371985912323,0.8762539625167847,-0.4466151297092438
62,pose,21,-1,0.5321909189224243,0.8425805568695068,-0.3000123202800751
62,pose,22,-1,0.4020504057407379,0.8539619445800781,-0.37082555890083313
62,pose,23,-1,0.5170547962188721,0.7862619757652283,0.012098141945898533
62,pose,24,-1,0.4325041174888611,0.7924973368644714,-0.01180307473987341
62,pose,25,-1,0.5094329714775085,1.0154205560684204,0.011723902076482773
62,pose,26,-1,0.44512927532196045,1.0118191242218018,0.0436224564909935
62,pose,27,-1,0.5226927995681763,1.2936477661132812,0.3877934217453003
62,pose,28,-1,0.44643884897232056,1.2897698879241943,0.3502594530582428
62,pose,29,-1,0.5221408605575562,1.3220208883285522,0.41801631450653076
62,pose,30,-1,0.4472140371799469,1.31834876537323,0.37631744146347046
62,pose,31,-1,0.5205309987068176,1.3798214197158813,0.2586555778980255
62,pose,32,-1,0.4623885154724121,1.3770077228546143,0.19200849533081055
63,hand,0,0,0.5502408742904663,0.8164471983909607,1.2167451757250092e-07
63,hand,1,0,0.5362584590911865,0.8195590376853943,-0.008631572127342224
63,hand,2,0,0.5267369151115417,0.8395423889160156,-0.01111141312867403
63,hand,3,0,0.5182647705078125,0.8574534058570862,-0.011629444546997547
63,hand,4,0,0.5102497935295105,0.8701938390731812,-0.011423708871006966
63,hand,5,0,0.5357780456542969,0.8692172169685364,-0.0070088147185742855
63,hand,6,0,0.5296658873558044,0.897240161895752,-0.00818732287734747
63,hand,7,0,0.5239646434783936,0.9113413691520691,-0.008941484615206718
63,hand,8,0,0.5190715789794922,0.9208194613456726,-0.009188360534608364
63,hand,9,0,0.5418036580085754,0.8727859258651733,-0.0024586410727351904
63,hand,10,0,0.5357818007469177,0.9004098176956177,-0.0034497275482863188
63,hand,11,0,0.5289649963378906,0.9141612648963928,-0.003937962464988232
63,hand,12,0,0.5228283405303955,0.9215940833091736,-0.004008368123322725
63,hand,13,0,0.5448024272918701,0.8725574016571045,0.0015284356195479631
63,hand,14,0,0.5389997959136963,0.8970536589622498,0.0008524565491825342
63,hand,15,0,0.5328834056854248,0.909750759601593,2.7798672817880288e-05
63,hand,16,0,0.5269508361816406,0.9182940125465393,-0.000305888126604259
63,hand,17,0,0.5453720092773438,0.8705331683158875,0.004791960120201111
63,hand,18,0,0.5399248003959656,0.8911808729171753,0.004484823904931545
63,hand,19,0,0.5351292490959167,0.9020864367485046,0.00416739983484149
63,hand,20,0,0.5304297804832458,0.9090256094932556,0.004186251200735569
63,hand,0,1,0.38403311371803284,0.8311705589294434,-7.472341856384901e-09
63,hand,1,1,0.3996090590953827,0.8404448628425598,-0.0028696078807115555
63,hand,2,1,0.40674522519111633,0.8632268905639648,-0.003610292449593544
63,hand,3,1,0.40870654582977295,0.886779248714447,-0.003452108008787036
63,hand,4,1,0.4109809100627899,0.904766321182251,-0.0025976269971579313
63,hand,5,1,0.39763399958610535,0.8852025866508484,-0.0036441562697291374
63,hand,6,1,0.40230950713157654,0.9136453866958618,-0.0043982043862342834
63,hand,7,1,0.4070848226547241,0.925321638584137,-0.004445796366780996
63,hand,8,1,0.4115075469017029,0.9320348501205444,-0.004003767389804125
63,hand,9,1,0.38878005743026733,0.8874834775924683,-0.0022137996274977922
63,hand,10,1,0.39429134130477905,0.9157870411872864,-0.0021404142025858164
63,hand,11,1,0.4008761942386627,0.9235450625419617,-0.0007749054930172861
63,hand,12,1,0.40572839975357056,0.9252316355705261,0.0005328299594111741
63,hand,13,1,0.382242888212204,0.8855393528938293,-0.0008873844053596258
63,hand,14,1,0.3867606222629547,0.9115252494812012,-0.0004765982157550752
63,hand,15,1,0.3928096294403076,0.9182124137878418,0.0015193568542599678
63,hand,16,1,0.3972407877445221,0.9194258451461792,0.003177592996507883
63,hand,17,1,0.37764468789100647,0.8814199566841125,0.00016346530173905194
63,hand,18,1,0.3798459470272064,0.9018832445144653,0.0013856349978595972
63,hand,19,1,0.38473430275917053,0.9087812900543213,0.003410235047340393
63,hand,20,1,0.3886485695838928,0.9102758169174194,0.0051997266709804535
63,pose,0,-1,0.46450525522232056,0.2249353975057602,-0.4850582778453827
63,pose,1,-1,0.4741145968437195,0.1975385844707489,-0.46310630440711975
63,pose,2,-1,0.4793979823589325,0.19750595092773438,-0.4631670415401459
63,pose,3,-1,0.4835258424282074,0.19759663939476013,-0.4631900489330292
63,pose,4,-1,0.4550505578517914,0.1984744668006897,-0.46486198902130127
63,pose,5,-1,0.4490302801132202,0.19910453259944916,-0.46493232250213623
63,pose,6,-1,0.4436483383178711,0.19968754053115845,-0.4650740623474121
63,pose,7,-1,0.49202483892440796,0.20865848660469055,-0.3097730875015259
63,pose,8,-1,0.4369390606880188,0.2123897522687912,-0.3165561258792877
63,pose,9,-1,0.4768229126930237,0.25333377718925476,-0.42611026763916016
63,pose,10,-1,0.453937828540802,0.25537678599357605,-0.42833980917930603
63,pose,11,-1,0.545711874961853,0.3822532296180725,-0.19557061791419983
63,pose,12,-1,0.392259418964386,0.3908715844154358,-0.22690558433532715
63,pose,13,-1,0.5607044696807861,0.6047094464302063,-0.12352244555950165
63,pose,14,-1,0.37982359528541565,0.6193405985832214,-0.1998036503791809
63,pose,15,-1,0.5495059490203857,0.8077383041381836,-0.28212225437164307
63,pose,16,-1,0.38735103607177734,0.8162870407104492,-0.34808117151260376
63,pose,17,-1,0.551454484462738,0.8635538816452026,-0.33977168798446655
63,pose,18,-1,0.3868652284145355,0.8763400316238403,-0.4000209867954254
63,pose,19,-1,0.5370476245880127,0.8620527982711792,-0.38039445877075195
63,pose,20,-1,0.3984072506427765,0.875756025314331,-0.44321852922439575
63,pose,21,-1,0.5322638154029846,0.8423683643341064,-0.30154797434806824
63,pose,22,-1,0.4022468030452728,0.8532431125640869,-0.36716166138648987
63,pose,23,-1,0.5170787572860718,0.7863242626190186,0.011995271779596806
63,pose,24,-1,0.43259063363075256,0.7925492525100708,-0.01169829536229372
63,pose,25,-1,0.5091803669929504,1.0153782367706299,0.010608157142996788
63,pose,26,-1,0.44514063000679016,1.0118745565414429,0.04194574058055878
63,pose,27,-1,0.5225605368614197,1.2934201955795288,0.38559573888778687
63,pose,28,-1,0.44643494486808777,1.289467453956604,0.34513041377067566
63,pose,29,-1,0.5219969153404236,1.3217558860778809,0.41569817066192627
63,pose,30,-1,0.4472448527812958,1.3180571794509888,0.37071099877357483
63,pose,31,-1,0.520382285118103,1.379522681236267,0.25676143169403076
63,pose,32,-1,0.46226024627685547,1.3764286041259766,0.18615056574344635
64,hand,0,0,0.5497249364852905,0.8164243698120117,1.1689024859151687e-07
64,hand,1,0,0.5361291766166687,0.8190310597419739,-0.008093690499663353
64,hand,2,0,0.5268422365188599,0.8396151661872864,-0.01047157309949398
64,hand,3,0,0.5183959007263184,0.8576909303665161,-0.01098394300788641
64,hand,4,0,0.5104788541793823,0.8705891966819763,-0.010767181403934956
64,hand,5,0,0.5360769629478455,0.8681927919387817,-0.007135565392673016
64,hand,6,0,0.5290626287460327,0.8965488076210022,-0.008482065051794052
64,hand,7,0,0.5231635570526123,0.9109032154083252,-0.009143915958702564
64,hand,8,0,0.5182824730873108,0.9206662178039551,-0.009283751249313354
64,hand,9,0,0.5414769053459167,0.8727605938911438,-0.00290233944542706
64,hand,10,0,0.5348348021507263,0.9006509184837341,-0.004113530740141869
64,hand,11,0,0.5280594229698181,0.9142216444015503,-0.004485584795475006
64,hand,12,0,0.5220736861228943,0.9218423962593079,-0.004390831105411053
64,hand,13,0,0.5438412427902222,0.8736637234687805,0.0008399162907153368
64,hand,14,0,0.5375334620475769,0.8980828523635864,-2.9516737413359806e-05
64,hand,15,0,0.5313131213188171,0.9106077551841736,-0.000736432964913547
64,hand,16,0,0.5254986882209778,0.9191986322402954,-0.0009580108453519642
64,hand,17,0,0.5438039898872375,0.8723879456520081,0.003911912906914949
64,hand,18,0,0.5380794405937195,0.8924416899681091,0.003419966669753194
64,hand,19,0,0.5333411693572998,0.90306156873703,0.0031233038753271103
64,hand,20,0,0.5289703011512756,0.9101709127426147,0.0032017682678997517
64,hand,0,1,0.3851723074913025,0.8316248059272766,-8.7109821578224e-09
64,hand,1,1,0.4010091722011566,0.8404402732849121,-0.0028712977655231953
64,hand,2,1,0.40858757495880127,0.8627815246582031,-0.003550914116203785
64,hand,3,1,0.4106297492980957,0.8863547444343567,-0.003398825414478779
64,hand,4,1,0.41300612688064575,0.9041192531585693,-0.002588366623967886
64,hand,5,1,0.39928823709487915,0.8851863145828247,-0.00317554478533566
64,hand,6,1,0.40430814027786255,0.9132214188575745,-0.0038527033757418394
64,hand,7,1,0.40896737575531006,0.9247292876243591,-0.004064606502652168
64,hand,8,1,0.4134314954280853,0.9318234920501709,-0.003844703547656536
64,hand,9,1,0.39047348499298096,0.8882673978805542,-0.0017955193761736155
64,hand,10,1,0.39692604541778564,0.9158198833465576,-0.0016694377409294248
64,hand,11,1,0.4037065804004669,0.9243790507316589,-0.0006761140539310873
64,hand,12,1,0.4087889790534973,0.9270557761192322,0.00020598829723894596
64,hand,13,1,0.3840024471282959,0.8870741724967957,-0.0005432892357930541
64,hand,14,1,0.3895724415779114,0.9130343794822693,-0.00022047730453778058
64,hand,15,1,0.3956522047519684,0.9198746085166931,0.0015017050318419933
64,hand,16,1,0.4000644385814667,0.9213055372238159,0.0028857626020908356
64,hand,17,1,0.37958917021751404,0.8837823867797852,0.0004145039711147547
64,hand,18,1,0.3827309310436249,0.904170036315918,0.0014128376496955752
64,hand,19,1,0.3878379166126251,0.9111617207527161,0.0031929274555295706
64,hand,20,1,0.3917393088340759,0.9130204916000366,0.004761592950671911
64,pose,0,-1,0.4648247957229614,0.2250945121049881,-0.47038188576698303
64,pose,1,-1,0.47437044978141785,0.197737455368042,-0.4472632110118866
64,pose,2,-1,0.47960910201072693,0.19773650169372559,-0.44733020663261414
64,pose,3,-1,0.48382827639579773,0.1978028267621994,-0.4473682641983032
64,pose,4,-1,0.4552994668483734,0.1987224668264389,-0.4498950242996216
64,pose,5,-1,0.4492940306663513,0.19942530989646912,-0.4499586224555969
64,pose,6,-1,0.4439997375011444,0.2000160664319992,-0.450104683637619
64,pose,7,-1,0.4923582077026367,0.20871399343013763,-0.2922481596469879
64,pose,8,-1,0.43728846311569214,0.21280692517757416,-0.3039446175098419
64,pose,9,-1,0.4771783947944641,0.2535169720649719,-0.411508172750473
64,pose,10,-1,0.45436379313468933,0.2556993067264557,-0.4148191809654236
64,pose,11,-1,0.5461349487304688,0.3825370967388153,-0.18129290640354156
64,pose,12,-1,0.39234766364097595,0.39086300134658813,-0.22285868227481842
64,pose,13,-1,0.5610182285308838,0.6051668524742126,-0.11543254554271698
64,pose,14,-1,0.3798072636127472,0.6193326115608215,-0.1974109560251236
64,pose,15,-1,0.5495471954345703,0.8076213598251343,-0.2779614329338074
64,pose,16,-1,0.3879580497741699,0.8162304162979126,-0.3460228145122528
64,pose,17,-1,0.5514447093009949,0.8635203242301941,-0.33612939715385437
64,pose,18,-1,0.3872916102409363,0.8763281106948853,-0.39794352650642395
64,pose,19,-1,0.5370160937309265,0.8620600700378418,-0.3768274188041687
64,pose,20,-1,0.39965829253196716,0.8756975531578064,-0.4413982629776001
64,pose,21,-1,0.5322641730308533,0.8425732254981995,-0.29735299944877625
64,pose,22,-1,0.40366968512535095,0.8531234860420227,-0.3653147518634796
64,pose,23,-1,0.5169899463653564,0.7863108515739441,0.012837224639952183
64,pose,24,-1,0.43252232670783997,0.7926924824714661,-0.012520107440650463
64,pose,25,-1,0.5089476704597473,1.0153778791427612,0.010121230967342854
64,pose,26,-1,0.4451574385166168,1.0117748975753784,0.040823474526405334
64,pose,27,-1,0.5220841765403748,1.2933526039123535,0.3842601478099823
64,pose,28,-1,0.44606682658195496,1.289223313331604,0.3421391248703003
64,pose,29,-1,0.521609365940094,1.3217456340789795,0.41432225704193115
64,pose,30,-1,0.4469992518424988,1.3179240226745605,0.367453396320343
64,pose,31,-1,0.5196084380149841,1.3793736696243286,0.25585097074508667
64,pose,32,-1,0.4617008566856384,1.3761354684829712,0.18356673419475555
65,hand,0,0,0.5493856072425842,0.8164277076721191,1.1481367323540326e-07
65,hand,1,0,0.5356443524360657,0.8194986581802368,-0.008137976750731468
65,hand,2,0,0.5265267491340637,0.8395905494689941,-0.010643783956766129
65,hand,3,0,0.5180981159210205,0.858000636100769,-0.011385033838450909
65,hand,4,0,0.5097779035568237,0.8711979985237122,-0.01140867080539465
65,hand,5,0,0.5354827642440796,0.868155300617218,-0.006644251756370068
65,hand,6,0,0.5284008383750916,0.8957315683364868,-0.008022964000701904
65,hand,7,0,0.522674024105072,0.9098618030548096,-0.008852575905621052
65,hand,8,0,0.5180628299713135,0.9198068380355835,-0.009200375527143478
65,hand,9,0,0.5409727692604065,0.8726887106895447,-0.0026473121251910925
65,hand,10,0,0.5343897342681885,0.8997900485992432,-0.003924124408513308
65,hand,11,0,0.5276969075202942,0.9132267236709595,-0.004496812354773283
65,hand,12,0,0.5218420624732971,0.920889675617218,-0.004630938172340393
65,hand,13,0,0.5435338616371155,0.8733435869216919,0.000791018595919013
65,hand,14,0,0.537301242351532,0.8972516059875488,-0.00025181446108035743
65,hand,15,0,0.5312134623527527,0.9097793698310852,-0.0010249458719044924
65,hand,16,0,0.5254601240158081,0.9186426401138306,-0.0013363792095333338
65,hand,17,0,0.5436082482337952,0.8720835447311401,0.0035331202670931816
65,hand,18,0,0.5378159284591675,0.8921215534210205,0.002795679261907935
65,hand,19,0,0.5330381393432617,0.902639627456665,0.002429017797112465
65,hand,20,0,0.5285438299179077,0.9097344875335693,0.002439443953335285
65,hand,0,1,0.3871830701828003,0.8324518799781799,-7.996503015306189e-09
65,hand,1,1,0.40295812487602234,0.841223955154419,-0.0023392844013869762
65,hand,2,1,0.4104909598827362,0.8635239005088806,-0.002794604981318116
65,hand,3,1,0.41265666484832764,0.8867563009262085,-0.0024299034848809242
65,hand,4,1,0.41509976983070374,0.9040231704711914,-0.0014190773945301771
65,hand,5,1,0.4012569785118103,0.8847046494483948,-0.003401790978386998
65,hand,6,1,0.40634098649024963,0.913706362247467,-0.003769831033423543
65,hand,7,1,0.41120290756225586,0.9249797463417053,-0.003455855417996645
65,hand,8,1,0.4157780706882477,0.9316685795783997,-0.002785797230899334
65,hand,9,1,0.39237433671951294,0.8873428106307983,-0.002070319838821888
65,hand,10,1,0.3988838791847229,0.9160772562026978,-0.0018106128554791212
65,hand,11,1,0.4055776596069336,0.9235564470291138,-0.0002019270759774372
65,hand,12,1,0.41039931774139404,0.9250719547271729,0.0012652913574129343
65,hand,13,1,0.38585329055786133,0.88590008020401,-0.0007427173550240695
65,hand,14,1,0.3915129601955414,0.9126609563827515,-0.00021725500118918717
65,hand,15,1,0.39766332507133484,0.9189618229866028,0.0020372404251247644
65,hand,16,1,0.40200135111808777,0.9197327494621277,0.003900249022990465
65,hand,17,1,0.3814254105091095,0.8823214173316956,0.0003655581967905164
65,hand,18,1,0.38449496030807495,0.9038474559783936,0.001739944564178586
65,hand,19,1,0.3897765576839447,0.9104694724082947,0.004001138731837273
65,hand,20,1,0.3937680721282959,0.9112498760223389,0.005957563873380423
65,pose,0,-1,0.46534332633018494,0.22508488595485687,-0.45626601576805115
65,pose,1,-1,0.4746868908405304,0.1977473795413971,-0.432672917842865
65,pose,2,-1,0.4798244535923004,0.19774918258190155,-0.4327431321144104
65,pose,3,-1,0.4840855002403259,0.19780799746513367,-0.4327669143676758
65,pose,4,-1,0.4557236433029175,0.19873298704624176,-0.4358227550983429
65,pose,5,-1,0.44967764616012573,0.19945652782917023,-0.43587028980255127
65,pose,6,-1,0.44447436928749084,0.20005814731121063,-0.43601810932159424
65,pose,7,-1,0.4925827085971832,0.20867109298706055,-0.2759987413883209
65,pose,8,-1,0.4376329183578491,0.21289372444152832,-0.29034802317619324
65,pose,9,-1,0.4775945842266083,0.25353142619132996,-0.39704397320747375
65,pose,10,-1,0.4550616443157196,0.2557376027107239,-0.4009877145290375
65,pose,11,-1,0.5463685393333435,0.3825128376483917,-0.1666957437992096
65,pose,12,-1,0.3926871418952942,0.39087679982185364,-0.21217131614685059
65,pose,13,-1,0.5612286925315857,0.6050426363945007,-0.10755333304405212
65,pose,14,-1,0.37996748089790344,0.6192312836647034,-0.19332291185855865
65,pose,15,-1,0.5496105551719666,0.8073819875717163,-0.276851087808609
65,pose,16,-1,0.3891989588737488,0.8161461353302002,-0.3429623246192932
65,pose,17,-1,0.5514015555381775,0.8632311820983887,-0.33585673570632935
65,pose,18,-1,0.3885263502597809,0.876285970211029,-0.3954906761646271
65,pose,19,-1,0.5369042754173279,0.8618172407150269,-0.3766650855541229
65,pose,20,-1,0.40178021788597107,0.8756662011146545,-0.4378930926322937
65,pose,21,-1,0.532241940498352,0.8424561619758606,-0.29643720388412476
65,pose,22,-1,0.40583541989326477,0.8530623912811279,-0.36165952682495117
65,pose,23,-1,0.5169931650161743,0.7862929701805115,0.013954107649624348
65,pose,24,-1,0.43261784315109253,0.7927156686782837,-0.01362539827823639
65,pose,25,-1,0.5089378952980042,1.0151844024658203,0.0031321945134550333
65,pose,26,-1,0.4455903470516205,1.011195182800293,0.019371090456843376
65,pose,27,-1,0.5219515562057495,1.2935932874679565,0.3719801902770996
65,pose,28,-1,0.44606608152389526,1.2892485857009888,0.3042387366294861
65,pose,29,-1,0.5214901566505432,1.3219902515411377,0.4010809361934662
65,pose,30,-1,0.44700151681900024,1.3179627656936646,0.32714566588401794
65,pose,31,-1,0.5195396542549133,1.3793748617172241,0.24069687724113464
65,pose,32,-1,0.46167972683906555,1.3760648965835571,0.14021579921245575
66,hand,0,0,0.5482616424560547,0.8154449462890625,1.1514980258198193e-07
66,hand,1,0,0.5345330834388733,0.8193408250808716,-0.008315290324389935
66,hand,2,0,0.5252947211265564,0.8402122259140015,-0.010722639039158821
66,hand,3,0,0.5171153545379639,0.8587355017662048,-0.011256098747253418
66,hand,4,0,0.5089356899261475,0.8720764517784119,-0.011100023053586483
66,hand,5,0,0.5344467163085938,0.8682880997657776,-0.006565673276782036
66,hand,6,0,0.5271395444869995,0.8951025009155273,-0.007846813648939133
66,hand,7,0,0.5215009450912476,0.9093158841133118,-0.008840124122798443
66,hand,8,0,0.5169413685798645,0.919741690158844,-0.009394156746566296
66,hand,9,0,0.5402364134788513,0.8723912835121155,-0.0024210307747125626
66,hand,10,0,0.5340110659599304,0.8988648056983948,-0.0035817576572299004
66,hand,11,0,0.5277093052864075,0.9127247333526611,-0.004391356371343136
66,hand,12,0,0.5222125053405762,0.9210453033447266,-0.004814529791474342
66,hand,13,0,0.543113112449646,0.8726384043693542,0.0011490844190120697
66,hand,14,0,0.5369138717651367,0.896499514579773,0.00012447660265024751
66,hand,15,0,0.5309393405914307,0.9095305800437927,-0.0008929334580898285
66,hand,16,0,0.5252814888954163,0.9190744161605835,-0.0014606224140152335
66,hand,17,0,0.5434378981590271,0.8709900379180908,0.004022577777504921
66,hand,18,0,0.5374383926391602,0.8905077576637268,0.003194914199411869
66,hand,19,0,0.5326577425003052,0.9008468985557556,0.00264182616956532
66,hand,20,0,0.5281984806060791,0.9081470370292664,0.0024595765862613916
66,hand,0,1,0.38962581753730774,0.8313916921615601,-6.864622204005855e-09
66,hand,1,1,0.40537312626838684,0.8408994674682617,-0.00246681016869843
66,hand,2,1,0.41271263360977173,0.8637714982032776,-0.0030278495978564024
66,hand,3,1,0.4147636890411377,0.8865472078323364,-0.0028441587928682566
66,hand,4,1,0.4171515107154846,0.9035950899124146,-0.0020512104965746403
66,hand,5,1,0.4035678505897522,0.8853835463523865,-0.0031687584705650806
66,hand,6,1,0.4084742069244385,0.9130834937095642,-0.003908393904566765
66,hand,7,1,0.4133461117744446,0.9243863821029663,-0.0039061105344444513
66,hand,8,1,0.4177315831184387,0.9311648607254028,-0.0034320626873522997
66,hand,9,1,0.3945706784725189,0.8871986269950867,-0.0020578266121447086
66,hand,10,1,0.4006921052932739,0.9152066111564636,-0.0022746415343135595
66,hand,11,1,0.4072391390800476,0.9222103357315063,-0.0008656310383230448
66,hand,12,1,0.4118131399154663,0.9236701130867004,0.0006127554224804044
66,hand,13,1,0.3879374563694,0.8849703073501587,-0.0010375112760812044
66,hand,14,1,0.39307576417922974,0.9114800095558167,-0.0010892079444602132
66,hand,15,1,0.39923393726348877,0.9181944131851196,0.0011208250652998686
66,hand,16,1,0.40349069237709045,0.9195890426635742,0.003149577183648944
66,hand,17,1,0.38339701294898987,0.8806137442588806,-0.00024304460384882987
66,hand,18,1,0.3862511217594147,0.9027134776115417,0.0006871790974400938
66,hand,19,1,0.39136186242103577,0.9101936221122742,0.002969017019495368
66,hand,20,1,0.39516088366508484,0.9118745923042297,0.005078458692878485
66,pose,0,-1,0.4658356308937073,0.22508226335048676,-0.4451233744621277
66,pose,1,-1,0.47505566477775574,0.19782915711402893,-0.42163702845573425
66,pose,2,-1,0.48008492588996887,0.19786548614501953,-0.4217017590999603
66,pose,3,-1,0.4843900799751282,0.19788669049739838,-0.4217202365398407
66,pose,4,-1,0.4561990201473236,0.19876433908939362,-0.42454177141189575
66,pose,5,-1,0.4500914216041565,0.19949238002300262,-0.42457878589630127
66,pose,6,-1,0.4449414312839508,0.20009437203407288,-0.42472216486930847
66,pose,7,-1,0.4927668273448944,0.2086765617132187,-0.2646979093551636
66,pose,8,-1,0.4379330277442932,0.21294914186000824,-0.27829858660697937
66,pose,9,-1,0.4779532551765442,0.253543883562088,-0.38583463430404663
66,pose,10,-1,0.4554951786994934,0.2557455599308014,-0.3895038664340973
66,pose,11,-1,0.5464470386505127,0.3824615776538849,-0.1549260914325714
66,pose,12,-1,0.39309757947921753,0.3906102776527405,-0.2011491358280182
66,pose,13,-1,0.5613902807235718,0.6049100160598755,-0.09349392354488373
66,pose,14,-1,0.3803718686103821,0.6183551549911499,-0.1847698986530304
66,pose,15,-1,0.5495946407318115,0.8073426485061646,-0.26190146803855896
66,pose,16,-1,0.39133554697036743,0.8161512017250061,-0.33631134033203125
66,pose,17,-1,0.5511056780815125,0.863357424736023,-0.32084766030311584
66,pose,18,-1,0.39080139994621277,0.8765060305595398,-0.3895784914493561
66,pose,19,-1,0.5364641547203064,0.8617091178894043,-0.3620423674583435
66,pose,20,-1,0.4047541618347168,0.8758438229560852,-0.4308469891548157
66,pose,21,-1,0.5318136811256409,0.8423566222190857,-0.28151020407676697
66,pose,22,-1,0.4089994728565216,0.8531091809272766,-0.354483425617218
66,pose,23,-1,0.5172850489616394,0.7862616777420044,0.014671901240944862
66,pose,24,-1,0.4333697259426117,0.792956531047821,-0.014330455102026463
66,pose,25,-1,0.5095586180686951,1.0150378942489624,-0.0005778405466116965
66,pose,26,-1,0.4463716447353363,1.0113884210586548,0.015729477629065514
66,pose,27,-1,0.521958589553833,1.2936497926712036,0.37008020281791687
66,pose,28,-1,0.4462416470050812,1.2900627851486206,0.3034863770008087
66,pose,29,-1,0.521490752696991,1.321998953819275,0.3994949460029602
66,pose,30,-1,0.44706064462661743,1.3185869455337524,0.3268219530582428
66,pose,31,-1,0.5196136832237244,1.3794769048690796,0.24011659622192383
66,pose,32,-1,0.4616934061050415,1.3773859739303589,0.13954846560955048
67,hand,0,0,0.5476035475730896,0.8164379596710205,1.1967034652116126e-07
67,hand,1,0,0.5341799259185791,0.8195327520370483,-0.008736668154597282
67,hand,2,0,0.5250198841094971,0.8397980332374573,-0.011449182406067848
67,hand,3,0,0.516868531703949,0.8588677644729614,-0.012237666174769402
67,hand,4,0,0.5088050365447998,0.8729733228683472,-0.012358578853309155
67,hand,5,0,0.5341293811798096,0.8690879344940186,-0.007051096763461828
67,hand,6,0,0.5266404151916504,0.896225094795227,-0.008440244011580944
67,hand,7,0,0.5210784673690796,0.9101768136024475,-0.009453675709664822
67,hand,8,0,0.5167346596717834,0.9202069640159607,-0.010012189857661724
67,hand,9,0,0.53974449634552,0.8731727600097656,-0.002782599302008748
67,hand,10,0,0.5333622694015503,0.900172770023346,-0.004159231204539537
67,hand,11,0,0.5270719528198242,0.9138092994689941,-0.005083238240331411
67,hand,12,0,0.5216652750968933,0.9218140244483948,-0.005549899768084288
67,hand,13,0,0.5424730777740479,0.8734854459762573,0.000899741891771555
67,hand,14,0,0.5361124277114868,0.8977353572845459,-0.0002916589437518269
67,hand,15,0,0.5301515460014343,0.9103918671607971,-0.0013015501899644732
67,hand,16,0,0.5245662331581116,0.9194866418838501,-0.0018323692493140697
67,hand,17,0,0.5427306294441223,0.8718513250350952,0.003866272047162056
67,hand,18,0,0.5368046164512634,0.8919492959976196,0.002888278802856803
67,hand,19,0,0.5319664478302002,0.9023909568786621,0.002325864043086767
67,hand,20,0,0.5274720788002014,0.909711480140686,0.00217553973197937
67,hand,0,1,0.3905530273914337,0.830352246761322,-7.961486581109511e-09
67,hand,1,1,0.4066578447818756,0.8393511176109314,-0.0033221521880477667
67,hand,2,1,0.4146422743797302,0.8614618182182312,-0.004381708335131407
67,hand,3,1,0.4169566035270691,0.8849025964736938,-0.004609877243638039
67,hand,4,1,0.4192635118961334,0.9027743339538574,-0.004155703354626894
67,hand,5,1,0.4055953621864319,0.8828381896018982,-0.0035272184759378433
67,hand,6,1,0.41064345836639404,0.9108545780181885,-0.004788646008819342
67,hand,7,1,0.4155214726924896,0.922892689704895,-0.0054405382834374905
67,hand,8,1,0.42017316818237305,0.9303805828094482,-0.005504811182618141
67,hand,9,1,0.3968295454978943,0.8862282037734985,-0.0021957748103886843
67,hand,10,1,0.4030502736568451,0.9134219884872437,-0.0025302721187472343
67,hand,11,1,0.40990281105041504,0.9215070605278015,-0.0017969091422855854
67,hand,12,1,0.4150760769844055,0.9237739443778992,-0.0010495437309145927
67,hand,13,1,0.3904098868370056,0.8854655027389526,-0.0010833879932761192
67,hand,14,1,0.3960588872432709,0.9110772013664246,-0.001200593076646328
67,hand,15,1,0.4023423492908478,0.9174339771270752,0.00039288870175369084
67,hand,16,1,0.4068633019924164,0.9184146523475647,0.001755017088726163
67,hand,17,1,0.3860284984111786,0.882742166519165,-0.0003114989376626909
67,hand,18,1,0.38946783542633057,0.9034067392349243,0.0002318275801371783
67,hand,19,1,0.39485031366348267,0.910146176815033,0.0018496301490813494
67,hand,20,1,0.3989456593990326,0.9115099906921387,0.0033637864980846643
67,pose,0,-1,0.465952068567276,0.22481004893779755,-0.43983641266822815
67,pose,1,-1,0.4751613736152649,0.197822704911232,-0.4161316454410553
67,pose,2,-1,0.48018795251846313,0.1978679746389389,-0.41620495915412903
67,pose,3,-1,0.4845044016838074,0.19788911938667297,-0.4162168502807617
67,pose,4,-1,0.45636799931526184,0.1986759901046753,-0.41861626505851746
67,pose,5,-1,0.4502710700035095,0.19937610626220703,-0.4186548590660095
67,pose,6,-1,0.44514527916908264,0.1999797374010086,-0.41880109906196594
67,pose,7,-1,0.4928669035434723,0.20866936445236206,-0.2592780888080597
67,pose,8,-1,0.4381871819496155,0.21284319460391998,-0.2710473835468292
67,pose,9,-1,0.47806301712989807,0.2534336447715759,-0.3808960020542145
67,pose,10,-1,0.45562130212783813,0.2556571960449219,-0.38403981924057007
67,pose,11,-1,0.5465721487998962,0.3824445307254791,-0.15260712802410126
67,pose,12,-1,0.3934006690979004,0.3905831277370453,-0.1932717263698578
67,pose,13,-1,0.5612294673919678,0.6048105359077454,-0.0953589379787445
67,pose,14,-1,0.3808462917804718,0.6173467040061951,-0.17699214816093445
67,pose,15,-1,0.549436628818512,0.8072298765182495,-0.2662707269191742
67,pose,16,-1,0.3922324776649475,0.8161292672157288,-0.33006370067596436
67,pose,17,-1,0.5509293675422668,0.8633812069892883,-0.325499951839447
67,pose,18,-1,0.39196208119392395,0.8766175508499146,-0.3837602734565735
67,pose,19,-1,0.5361670851707458,0.8616765737533569,-0.3664165139198303
67,pose,20,-1,0.40639588236808777,0.8759628534317017,-0.42556115984916687
67,pose,21,-1,0.531413733959198,0.842258095741272,-0.28580206632614136
67,pose,22,-1,0.4107435643672943,0.8531839847564697,-0.34856221079826355
67,pose,23,-1,0.5173468589782715,0.786239504814148,0.01456252671778202
67,pose,24,-1,0.43386173248291016,0.7930374145507812,-0.014221572317183018
67,pose,25,-1,0.5104418992996216,1.013216495513916,0.004623785149306059
67,pose,26,-1,0.4466290771961212,1.0111589431762695,0.017974892631173134
67,pose,27,-1,0.5222623944282532,1.2937219142913818,0.3685190975666046
67,pose,28,-1,0.44701138138771057,1.29017972946167,0.3053510785102844
67,pose,29,-1,0.5218188166618347,1.322261095046997,0.3969842195510864
67,pose,30,-1,0.44744762778282166,1.3187659978866577,0.32847926020622253
67,pose,31,-1,0.5201419591903687,1.3793033361434937,0.23660270869731903
67,pose,32,-1,0.46303126215934753,1.3773943185806274,0.14140936732292175
68,hand,0,0,0.5474656820297241,0.8163160085678101,1.1227567142668704e-07
68,hand,1,0,0.5333610773086548,0.8197178840637207,-0.008124525658786297
68,hand,2,0,0.5239856243133545,0.8402170538902283,-0.010482490994036198
68,hand,3,0,0.5160132646560669,0.8594436049461365,-0.011051909066736698
68,hand,4,0,0.5082315802574158,0.8730050921440125,-0.010962608270347118
68,hand,5,0,0.5337284803390503,0.8687074780464172,-0.006439329590648413
68,hand,6,0,0.5260242223739624,0.8950731754302979,-0.007797865197062492
68,hand,7,0,0.5207246541976929,0.909430980682373,-0.008816583082079887
68,hand,8,0,0.5165807604789734,0.9201487302780151,-0.009437628090381622
68,hand,9,0,0.5397912263870239,0.873108446598053,-0.0025343620218336582
68,hand,10,0,0.5331835150718689,0.8993866443634033,-0.0038548631127923727
68,hand,11,0,0.527102530002594,0.9131308794021606,-0.004744634032249451
68,hand,12,0,0.521819531917572,0.9219359159469604,-0.00525174243375659
68,hand,13,0,0.5428494215011597,0.8734589219093323,0.0007987956632860005
68,hand,14,0,0.5363597869873047,0.897654116153717,-0.0005127810873091221
68,hand,15,0,0.5304757952690125,0.9106682538986206,-0.0016479312907904387
68,hand,16,0,0.5250176191329956,0.9202128052711487,-0.0023018750362098217
68,hand,17,0,0.5433394908905029,0.8719024062156677,0.0034693425986915827
68,hand,18,0,0.5373292565345764,0.89179927110672,0.002294196980074048
68,hand,19,0,0.5325551629066467,0.9023919105529785,0.0015781198162585497
68,hand,20,0,0.5281408429145813,0.9099563360214233,0.001289060339331627
68,hand,0,1,0.3940061926841736,0.8317884206771851,-5.281139969781634e-09
68,hand,1,1,0.4094356298446655,0.8407383561134338,-0.0030684098601341248
68,hand,2,1,0.41703492403030396,0.8616849184036255,-0.004109304863959551
68,hand,3,1,0.41949552297592163,0.8841345310211182,-0.004365720320492983
68,hand,4,1,0.422053724527359,0.901237964630127,-0.0039903935976326466
68,hand,5,1,0.40765029191970825,0.8826157450675964,-0.003654560074210167
68,hand,6,1,0.41327911615371704,0.9111067652702332,-0.004916502628475428
68,hand,7,1,0.41821542382240295,0.9224615097045898,-0.005427468102425337
68,hand,8,1,0.4227452576160431,0.9294446706771851,-0.005330066196620464
68,hand,9,1,0.39921602606773376,0.8860241174697876,-0.002330379094928503
68,hand,10,1,0.4060400128364563,0.9136433005332947,-0.0027249709237366915
68,hand,11,1,0.41264769434928894,0.9203961491584778,-0.0019123278325423598
68,hand,12,1,0.4172358512878418,0.9214593172073364,-0.0010568766156211495
68,hand,13,1,0.39295125007629395,0.8854219913482666,-0.0011487952433526516
68,hand,14,1,0.3990403413772583,0.9110234379768372,-0.0010904017835855484
68,hand,15,1,0.4053042232990265,0.9166336059570312,0.0007106925477273762
68,hand,16,1,0.40950751304626465,0.9171099066734314,0.0021870790515094995
68,hand,17,1,0.38862890005111694,0.8826048374176025,-0.0002941219718195498
68,hand,18,1,0.3921433389186859,0.9029310941696167,0.0005031517357565463
68,hand,19,1,0.39758145809173584,0.9090932607650757,0.0023014943581074476
68,hand,20,1,0.4015829861164093,0.9099870920181274,0.003928808029741049
68,pose,0,-1,0.4660477638244629,0.22476494312286377,-0.4419136643409729
68,pose,1,-1,0.4753207266330719,0.19785960018634796,-0.41855868697166443
68,pose,2,-1,0.4803195595741272,0.1979282796382904,-0.4186283051967621
68,pose,3,-1,0.48465076088905334,0.19795262813568115,-0.4186350703239441
68,pose,4,-1,0.4565599262714386,0.19866693019866943,-0.4210609793663025
68,pose,5,-1,0.450462281703949,0.19934594631195068,-0.421102374792099
68,pose,6,-1,0.4453621208667755,0.19994087517261505,-0.4212498068809509
68,pose,7,-1,0.4930078685283661,0.2087279111146927,-0.2621687650680542
68,pose,8,-1,0.4384418725967407,0.21277737617492676,-0.2740258574485779
68,pose,9,-1,0.4781271517276764,0.25343960523605347,-0.3829515278339386
68,pose,10,-1,0.4556843936443329,0.2556599974632263,-0.38614943623542786
68,pose,11,-1,0.5466215014457703,0.3825070559978485,-0.15369755029678345
68,pose,12,-1,0.3935911953449249,0.39040493965148926,-0.19488784670829773
68,pose,13,-1,0.5611826181411743,0.6047760844230652,-0.09499350935220718
68,pose,14,-1,0.3811418116092682,0.6166809797286987,-0.1776389330625534
68,pose,15,-1,0.549239993095398,0.8074743151664734,-0.2647213041782379
68,pose,16,-1,0.3935534656047821,0.8159547448158264,-0.33038315176963806
68,pose,17,-1,0.5506735444068909,0.8641676902770996,-0.32390502095222473
68,pose,18,-1,0.39410486817359924,0.8766303062438965,-0.38392505049705505
68,pose,19,-1,0.5357798337936401,0.8621192574501038,-0.364820659160614
68,pose,20,-1,0.4090639650821686,0.8759447932243347,-0.42558813095092773
68,pose,21,-1,0.5309432148933411,0.8425724506378174,-0.28420522809028625
68,pose,22,-1,0.41319555044174194,0.8531686067581177,-0.3487929105758667
68,pose,23,-1,0.5174268484115601,0.7861968278884888,0.014571594074368477
68,pose,24,-1,0.4343299865722656,0.7930349707603455,-0.01423276774585247
68,pose,25,-1,0.5110089182853699,1.012420892715454,0.0031724313739687204
68,pose,26,-1,0.4468681216239929,1.0111202001571655,0.011196079663932323
68,pose,27,-1,0.5223450660705566,1.2938059568405151,0.36261072754859924
68,pose,28,-1,0.44743749499320984,1.2906641960144043,0.28655576705932617
68,pose,29,-1,0.5218657851219177,1.3223049640655518,0.3907151222229004
68,pose,30,-1,0.4477154314517975,1.319205403327942,0.3085097074508667
68,pose,31,-1,0.5204044580459595,1.379293441772461,0.23166559636592865
68,pose,32,-1,0.4633724093437195,1.3775664567947388,0.12180494517087936
69,hand,0,0,0.5475394129753113,0.8160148859024048,1.118494594720687e-07
69,hand,1,0,0.5333902835845947,0.8194855451583862,-0.008325295522809029
69,hand,2,0,0.5241512656211853,0.8402385711669922,-0.010707247070968151
69,hand,3,0,0.5161727070808411,0.8593366146087646,-0.011202231980860233
69,hand,4,0,0.5083369612693787,0.8731772899627686,-0.011051101610064507
69,hand,5,0,0.5333563089370728,0.8681070804595947,-0.0069377366453409195
69,hand,6,0,0.5263471603393555,0.894865870475769,-0.008404354564845562
69,hand,7,0,0.5210685729980469,0.9093716144561768,-0.00946749560534954
69,hand,8,0,0.5168258547782898,0.9200336933135986,-0.010065063834190369
69,hand,9,0,0.5395169854164124,0.8722080588340759,-0.0028394360560923815
69,hand,10,0,0.533684492111206,0.8989981412887573,-0.004423253703862429
69,hand,11,0,0.527544379234314,0.9132267832756042,-0.005443735513836145
69,hand,12,0,0.5221523642539978,0.9219545722007751,-0.005962700583040714
69,hand,13,0,0.5426343679428101,0.8724030256271362,0.0007213386124931276
69,hand,14,0,0.5366701483726501,0.8963278532028198,-0.0007139886729419231
69,hand,15,0,0.5307466983795166,0.909162163734436,-0.001910381717607379
69,hand,16,0,0.5252098441123962,0.918363630771637,-0.0025183693505823612
69,hand,17,0,0.5431854128837585,0.8705735802650452,0.00361571554094553
69,hand,18,0,0.5373633503913879,0.8900092244148254,0.0024984776973724365
69,hand,19,0,0.5326138734817505,0.8999584913253784,0.0018270580330863595
69,hand,20,0,0.5282053351402283,0.9067081212997437,0.0016095936298370361
69,hand,0,1,0.3956601619720459,0.8312440514564514,-1.5310865464357448e-08
69,hand,1,1,0.4110739529132843,0.8393959403038025,-0.003133993363007903
69,hand,2,1,0.4191513657569885,0.8599745035171509,-0.004323309287428856
69,hand,3,1,0.4216614067554474,0.8827314376831055,-0.004732866305857897
69,hand,4,1,0.42411839962005615,0.9001737833023071,-0.004512998275458813
69,hand,5,1,0.40995070338249207,0.8804534673690796,-0.004561379551887512
69,hand,6,1,0.4159027338027954,0.9089720845222473,-0.006049679592251778
69,hand,7,1,0.42088478803634644,0.9201875925064087,-0.006536000873893499
69,hand,8,1,0.42532703280448914,0.9271312952041626,-0.006425776984542608
69,hand,9,1,0.4011247456073761,0.8843415975570679,-0.0033522227313369513
69,hand,10,1,0.40835464000701904,0.9123687744140625,-0.0038981495890766382
69,hand,11,1,0.41516077518463135,0.9190146923065186,-0.0028175991028547287
69,hand,12,1,0.4198487102985382,0.919965922832489,-0.0017845113761723042
69,hand,13,1,0.39464351534843445,0.8839573860168457,-0.00226559373550117
69,hand,14,1,0.4011152386665344,0.9103249311447144,-0.0026041895616799593
69,hand,15,1,0.40762820839881897,0.9146674275398254,-0.0006499655428342521
69,hand,16,1,0.41189301013946533,0.914009690284729,0.0010172809707000852
69,hand,17,1,0.39028897881507874,0.8815116882324219,-0.0014788894914090633
69,hand,18,1,0.39445680379867554,0.902134358882904,-0.0011320271296426654
69,hand,19,1,0.4002113938331604,0.9068611860275269,0.0006648518610745668
69,hand,20,1,0.40423718094825745,0.9062919020652771,0.002350101014599204
69,pose,0,-1,0.4661415219306946,0.22459489107131958,-0.44422945380210876
69,pose,1,-1,0.47547709941864014,0.19785670936107635,-0.4207018315792084
69,pose,2,-1,0.4804639220237732,0.1979321539402008,-0.4207620918750763
69,pose,3,-1,0.48484113812446594,0.1979588270187378,-0.4207616448402405
69,pose,4,-1,0.45667895674705505,0.19855430722236633,-0.42366400361061096
69,pose,5,-1,0.4505821466445923,0.19917422533035278,-0.42369091510772705
69,pose,6,-1,0.44550642371177673,0.19976580142974854,-0.42383873462677
69,pose,7,-1,0.4932107627391815,0.2087341547012329,-0.26272332668304443
69,pose,8,-1,0.4385937452316284,0.2126809060573578,-0.2771157920360565
69,pose,9,-1,0.47824132442474365,0.25343453884124756,-0.3847370147705078
69,pose,10,-1,0.4557351768016815,0.2556552290916443,-0.3886110484600067
69,pose,11,-1,0.5466273427009583,0.38251134753227234,-0.15526264905929565
69,pose,12,-1,0.3937176465988159,0.39018940925598145,-0.20076587796211243
69,pose,13,-1,0.5612021088600159,0.6047970652580261,-0.09532352536916733
69,pose,14,-1,0.3816140592098236,0.616178572177887,-0.18618734180927277
69,pose,15,-1,0.5489329099655151,0.8076626062393188,-0.2656394839286804
69,pose,16,-1,0.3951682150363922,0.8159471750259399,-0.33784690499305725
69,pose,17,-1,0.5502309799194336,0.8645180463790894,-0.32451099157333374
69,pose,18,-1,0.3961453139781952,0.8769373297691345,-0.3917352259159088
69,pose,19,-1,0.5351396799087524,0.8624270558357239,-0.36530590057373047
69,pose,20,-1,0.411133736371994,0.876125693321228,-0.4326033294200897
69,pose,21,-1,0.5302006006240845,0.8428707718849182,-0.2849835455417633
69,pose,22,-1,0.4153589904308319,0.8534967303276062,-0.355873703956604
69,pose,23,-1,0.517388105392456,0.7860917448997498,0.014597956091165543
69,pose,24,-1,0.43445441126823425,0.7928755879402161,-0.01426661480218172
69,pose,25,-1,0.5109837651252747,1.0119730234146118,-0.00019006493675988168
69,pose,26,-1,0.4468255639076233,1.0110841989517212,0.007178432308137417
69,pose,27,-1,0.5219517350196838,1.2934571504592896,0.3638485074043274
69,pose,28,-1,0.4473424255847931,1.29039466381073,0.2869289815425873
69,pose,29,-1,0.5213652849197388,1.3214794397354126,0.3922646939754486
69,pose,30,-1,0.44767406582832336,1.3187490701675415,0.3094838559627533
69,pose,31,-1,0.5201153755187988,1.378969669342041,0.23334068059921265
69,pose,32,-1,0.4629090130329132,1.3770989179611206,0.12211080640554428
70,hand,0,0,0.5477254390716553,0.8166128993034363,1.1712558745102797e-07
70,hand,1,0,0.5338935256004333,0.8194772005081177,-0.008596044965088367
70,hand,2,0,0.5245375037193298,0.8400066494941711,-0.011107842437922955
70,hand,3,0,0.5162163376808167,0.858826220035553,-0.011674206703901291
70,hand,4,0,0.5084210634231567,0.8728945851325989,-0.011578654870390892
70,hand,5,0,0.5335266590118408,0.8690041303634644,-0.006726030260324478
70,hand,6,0,0.5260498523712158,0.8955276012420654,-0.00782613642513752
70,hand,7,0,0.5207153558731079,0.9097076058387756,-0.008755911141633987
70,hand,8,0,0.5165539383888245,0.9201815724372864,-0.009341035038232803
70,hand,9,0,0.5395292639732361,0.8734205961227417,-0.0024367261212319136
70,hand,10,0,0.5332059860229492,0.8996260762214661,-0.003434831742197275
70,hand,11,0,0.5269663333892822,0.9132341742515564,-0.00428359117358923
70,hand,12,0,0.5216017961502075,0.9213333129882812,-0.0047982060350477695
70,hand,13,0,0.5426117181777954,0.8736922144889832,0.0012795106740668416
70,hand,14,0,0.5365123152732849,0.8978181481361389,0.00024059266434051096
70,hand,15,0,0.5305608510971069,0.9106305837631226,-0.000886067165993154
70,hand,16,0,0.5249490141868591,0.9199496507644653,-0.0015713662141934037
70,hand,17,0,0.5431069135665894,0.8719609379768372,0.004306586924940348
70,hand,18,0,0.5373275876045227,0.8920398354530334,0.003289997112005949
70,hand,19,0,0.5326956510543823,0.9025177359580994,0.002608595648780465
70,hand,20,0,0.5283295512199402,0.9099327921867371,0.002327648689970374
70,hand,0,1,0.39574944972991943,0.8312620520591736,-1.4574969675607008e-08
70,hand,1,1,0.41151055693626404,0.8395599126815796,-0.0026485302951186895
70,hand,2,1,0.4191488027572632,0.8597297668457031,-0.0037530476693063974
70,hand,3,1,0.42151889204978943,0.8823127746582031,-0.004066705238074064
70,hand,4,1,0.4241155683994293,0.8993149399757385,-0.003803895553573966
70,hand,5,1,0.4100358784198761,0.8800746202468872,-0.005178011022508144
70,hand,6,1,0.4163762629032135,0.9089622497558594,-0.006401102989912033
70,hand,7,1,0.42145076394081116,0.9195488691329956,-0.006303493399173021
70,hand,8,1,0.42570018768310547,0.9255276918411255,-0.005696712993085384
70,hand,9,1,0.40104007720947266,0.8829504251480103,-0.0041008577682077885
70,hand,10,1,0.4086548686027527,0.9124740362167358,-0.004855753388255835
70,hand,11,1,0.4154963791370392,0.9181213974952698,-0.003368551144376397
70,hand,12,1,0.41980254650115967,0.9184669256210327,-0.0018629977712407708
70,hand,13,1,0.3945760428905487,0.8817263841629028,-0.002999155083671212
70,hand,14,1,0.4009919762611389,0.9099885821342468,-0.0035376520827412605
70,hand,15,1,0.4074229598045349,0.9143150448799133,-0.0013074955204501748
70,hand,16,1,0.4113708436489105,0.9132426977157593,0.0007353031542152166
70,hand,17,1,0.3902439773082733,0.8784865140914917,-0.0020902103278785944
70,hand,18,1,0.39434894919395447,0.9005395770072937,-0.001733771525323391
70,hand,19,1,0.3999864161014557,0.9059938788414001,0.0002707310195546597
70,hand,20,1,0.4038894772529602,0.9059110283851624,0.002175066154450178
70,pose,0,-1,0.46620607376098633,0.22445423901081085,-0.44827115535736084
70,pose,1,-1,0.4755960702896118,0.19785979390144348,-0.42397835850715637
70,pose,2,-1,0.48057594895362854,0.19794192910194397,-0.4240516722202301
70,pose,3,-1,0.48495498299598694,0.1979723423719406,-0.42404499650001526
70,pose,4,-1,0.4567704498767853,0.19844533503055573,-0.42792096734046936
70,pose,5,-1,0.4506557285785675,0.1989758461713791,-0.42796576023101807
70,pose,6,-1,0.44557446241378784,0.19954684376716614,-0.4281183183193207
70,pose,7,-1,0.4933398962020874,0.20874525606632233,-0.26456552743911743
70,pose,8,-1,0.4386886954307556,0.21252894401550293,-0.2810550928115845
70,pose,9,-1,0.47831931710243225,0.25343722105026245,-0.3872224986553192
70,pose,10,-1,0.4557712972164154,0.2556428015232086,-0.3924524486064911
70,pose,11,-1,0.5465985536575317,0.3824901580810547,-0.15834170579910278
70,pose,12,-1,0.39375752210617065,0.3901616930961609,-0.2031417191028595
70,pose,13,-1,0.5612065196037292,0.6047542095184326,-0.09815873205661774
70,pose,14,-1,0.3820708990097046,0.6161293983459473,-0.18821214139461517
70,pose,15,-1,0.5487536191940308,0.8077203035354614,-0.26582470536231995
70,pose,16,-1,0.39668339490890503,0.8159530162811279,-0.34102723002433777
70,pose,17,-1,0.5498868227005005,0.8646178245544434,-0.3259611427783966
70,pose,18,-1,0.39786654710769653,0.8777358531951904,-0.3951466679573059
70,pose,19,-1,0.5347604155540466,0.8623694181442261,-0.3674382269382477
70,pose,20,-1,0.41305243968963623,0.8766857981681824,-0.4361773729324341
70,pose,21,-1,0.5297986268997192,0.8428375124931335,-0.2855091392993927
70,pose,22,-1,0.4172399640083313,0.8540056943893433,-0.3589828610420227
70,pose,23,-1,0.5173913240432739,0.7859169840812683,0.014652186073362827
70,pose,24,-1,0.434530109167099,0.7928348779678345,-0.014324719086289406
70,pose,25,-1,0.5109639763832092,1.0120443105697632,-0.008443910628557205
70,pose,26,-1,0.44685009121894836,1.0116554498672485,0.002712778514251113
70,pose,27,-1,0.5220012068748474,1.2939679622650146,0.36135661602020264
70,pose,28,-1,0.4476219117641449,1.2913933992385864,0.2849525511264801
70,pose,29,-1,0.5214211940765381,1.3217439651489258,0.39025264978408813
70,pose,30,-1,0.44800063967704773,1.3197013139724731,0.3075863718986511
70,pose,31,-1,0.5202316641807556,1.3794834613800049,0.23119381070137024
70,pose,32,-1,0.4630180299282074,1.3777223825454712,0.11933738738298416
71,hand,0,0,0.5475735664367676,0.8163654804229736,1.1441396452482877e-07
71,hand,1,0,0.5336207151412964,0.8200646042823792,-0.008466800674796104
71,hand,2,0,0.5242685675621033,0.8407596349716187,-0.010854906402528286
71,hand,3,0,0.5161552429199219,0.8596732020378113,-0.011326838284730911
71,hand,4,0,0.5083651542663574,0.873138427734375,-0.011149981990456581
71,hand,5,0,0.5334534049034119,0.8689119815826416,-0.006629645358771086
71,hand,6,0,0.5261455774307251,0.8949998617172241,-0.00789636466652155
71,hand,7,0,0.5208809971809387,0.9093315005302429,-0.00905192457139492
71,hand,8,0,0.5167767405509949,0.9201720952987671,-0.009788936004042625
71,hand,9,0,0.5394891500473022,0.8729653358459473,-0.0024016969837248325
71,hand,10,0,0.5332280397415161,0.8990322351455688,-0.0036421213299036026
71,hand,11,0,0.5269902348518372,0.9130379557609558,-0.004741766955703497
71,hand,12,0,0.5216391682624817,0.9218283891677856,-0.005432221107184887
71,hand,13,0,0.5425559878349304,0.8730312585830688,0.0012837096583098173
71,hand,14,0,0.5363177061080933,0.8965684771537781,0.00014831869339104742
71,hand,15,0,0.5301838517189026,0.9095638990402222,-0.0010190375614911318
71,hand,16,0,0.5245617032051086,0.9188916087150574,-0.0017158379778265953
71,hand,17,0,0.5430539846420288,0.8712183237075806,0.004276683554053307
71,hand,18,0,0.5369532704353333,0.8904341459274292,0.003362181829288602
71,hand,19,0,0.5322072505950928,0.9006295204162598,0.002774605993181467
71,hand,20,0,0.5279291868209839,0.9076237678527832,0.002557705156505108
71,hand,0,1,0.39562657475471497,0.8304389715194702,-1.5454048707397305e-08
71,hand,1,1,0.41137102246284485,0.8389900326728821,-0.0027274207677692175
71,hand,2,1,0.4186042547225952,0.8600144982337952,-0.00373766734264791
71,hand,3,1,0.4204344153404236,0.8825907707214355,-0.0038597709499299526
71,hand,4,1,0.42299413681030273,0.8994629979133606,-0.0033631843980401754
71,hand,5,1,0.40894821286201477,0.8817746043205261,-0.004954857286065817
71,hand,6,1,0.41519895195961,0.909789502620697,-0.005779419559985399
71,hand,7,1,0.4205189049243927,0.9204397201538086,-0.00545957125723362
71,hand,8,1,0.42495104670524597,0.9262685179710388,-0.004694820381700993
71,hand,9,1,0.400066077709198,0.8840462565422058,-0.003554696450009942
71,hand,10,1,0.407412588596344,0.9127652049064636,-0.0039567542262375355
71,hand,11,1,0.4147457480430603,0.9182497262954712,-0.002250869758427143
71,hand,12,1,0.4193578362464905,0.9183911085128784,-0.0005609547952190042
71,hand,13,1,0.3938558101654053,0.8822720050811768,-0.002109284745529294
71,hand,14,1,0.39984214305877686,0.9091473817825317,-0.0023227636702358723
71,hand,15,1,0.40679454803466797,0.9138586521148682,-6.748476153006777e-05
71,hand,16,1,0.4110584557056427,0.9131119251251221,0.0019791836384683847
71,hand,17,1,0.38968899846076965,0.8786664605140686,-0.0008433167822659016
71,hand,18,1,0.39353010058403015,0.89995276927948,-4.577345680445433e-05
71,hand,19,1,0.39951658248901367,0.9059611558914185,0.0021072053350508213
71,hand,20,1,0.4036499559879303,0.906539261341095,0.0040671322494745255
71,pose,0,-1,0.46618643403053284,0.22434872388839722,-0.4508419632911682
71,pose,1,-1,0.4755913317203522,0.1978292167186737,-0.42623370885849
71,pose,2,-1,0.48060694336891174,0.1979243904352188,-0.4262958765029907
71,pose,3,-1,0.48498886823654175,0.19797185063362122,-0.4262811541557312
71,pose,4,-1,0.45675864815711975,0.19830064475536346,-0.4303012192249298
71,pose,5,-1,0.4506444036960602,0.1988050639629364,-0.4303353726863861
71,pose,6,-1,0.44556161761283875,0.19942542910575867,-0.4304756224155426
71,pose,7,-1,0.49348312616348267,0.20874746143817902,-0.26492294669151306
71,pose,8,-1,0.4386975169181824,0.21250440180301666,-0.2831636667251587
71,pose,9,-1,0.4783351719379425,0.25344762206077576,-0.38969388604164124
71,pose,10,-1,0.4557577073574066,0.25564736127853394,-0.39505717158317566
71,pose,11,-1,0.546600878238678,0.3825438320636749,-0.1590557098388672
71,pose,12,-1,0.3937983810901642,0.3901508152484894,-0.20521095395088196
71,pose,13,-1,0.5612216591835022,0.605068564414978,-0.09945140033960342
71,pose,14,-1,0.3822796940803528,0.616100013256073,-0.18994492292404175
71,pose,15,-1,0.5486240983009338,0.808201253414154,-0.2702925503253937
71,pose,16,-1,0.39696550369262695,0.8159494996070862,-0.34298640489578247
71,pose,17,-1,0.5496032238006592,0.8655619025230408,-0.33121636509895325
71,pose,18,-1,0.3982023000717163,0.8780210614204407,-0.39701738953590393
71,pose,19,-1,0.5345379114151001,0.8630656003952026,-0.37255942821502686
71,pose,20,-1,0.41339027881622314,0.8768423795700073,-0.43842536211013794
71,pose,21,-1,0.5296186208724976,0.8433467149734497,-0.2900806665420532
71,pose,22,-1,0.4175952076911926,0.8542775511741638,-0.36111685633659363
71,pose,23,-1,0.5174287557601929,0.7858912348747253,0.014638817869126797
71,pose,24,-1,0.43455076217651367,0.7928410172462463,-0.01431115623563528
71,pose,25,-1,0.5110965371131897,1.0120729207992554,-0.007085701916366816
71,pose,26,-1,0.4468429684638977,1.0122710466384888,0.005054122302681208
71,pose,27,-1,0.522121250629425,1.2950156927108765,0.36082330346107483
71,pose,28,-1,0.4477236568927765,1.2924423217773438,0.28173890709877014
71,pose,29,-1,0.5215286612510681,1.3232028484344482,0.3890801966190338
71,pose,30,-1,0.4481057822704315,1.3208434581756592,0.3035183250904083
71,pose,31,-1,0.5206077694892883,1.379971981048584,0.2283901423215866
71,pose,32,-1,0.463006854057312,1.3790359497070312,0.11386611312627792
72,hand,0,0,0.5476413369178772,0.8163212537765503,1.1772274177701547e-07
72,hand,1,0,0.5335175395011902,0.8199028968811035,-0.00855229701846838
72,hand,2,0,0.5240570306777954,0.8406304121017456,-0.010948555544018745
72,hand,3,0,0.5160126090049744,0.859488308429718,-0.011388609185814857
72,hand,4,0,0.5082546472549438,0.873345673084259,-0.011198541149497032
72,hand,5,0,0.5333073735237122,0.8684942722320557,-0.006819238420575857
72,hand,6,0,0.5259292125701904,0.8953893780708313,-0.00788959488272667
72,hand,7,0,0.5206596255302429,0.9098498225212097,-0.008792816661298275
72,hand,8,0,0.5165456533432007,0.920515775680542,-0.009321616031229496
72,hand,9,0,0.539581835269928,0.8723955154418945,-0.002460302086547017
72,hand,10,0,0.5333691239356995,0.8990268707275391,-0.0033827819861471653
72,hand,11,0,0.5272350907325745,0.9129880666732788,-0.004222483839839697
72,hand,12,0,0.5219488739967346,0.9212579727172852,-0.004733342211693525
72,hand,13,0,0.5428455471992493,0.8722718954086304,0.0013560069492086768
72,hand,14,0,0.5366925597190857,0.8960677981376648,0.000607718771789223
72,hand,15,0,0.5307583808898926,0.9088853597640991,-0.00045804475666955113
72,hand,16,0,0.5251858830451965,0.9181356430053711,-0.0011626045452430844
72,hand,17,0,0.5436052083969116,0.8701246380805969,0.004471099469810724
72,hand,18,0,0.537811279296875,0.8894866704940796,0.003834673436358571
72,hand,19,0,0.5332030653953552,0.899728000164032,0.0033002756536006927
72,hand,20,0,0.5288787484169006,0.9067955017089844,0.0030679621268063784
72,hand,0,1,0.39399415254592896,0.8278533220291138,-2.061953097154401e-08
72,hand,1,1,0.4096590280532837,0.8371155261993408,-0.0032530406024307013
72,hand,2,1,0.41724711656570435,0.8590940833091736,-0.00415831571444869
72,hand,3,1,0.41962870955467224,0.882182776927948,-0.004290333483368158
72,hand,4,1,0.42223358154296875,0.8995332717895508,-0.0037838933058083057
72,hand,5,1,0.4072612226009369,0.8809144496917725,-0.0031709554605185986
72,hand,6,1,0.4130750000476837,0.9087120294570923,-0.004342523869127035
72,hand,7,1,0.41853412985801697,0.9200613498687744,-0.004935703705996275
72,hand,8,1,0.42333289980888367,0.9266305565834045,-0.00489380769431591
72,hand,9,1,0.39874932169914246,0.8838199973106384,-0.0017405160469934344
72,hand,10,1,0.40567609667778015,0.9115439057350159,-0.0022653506603091955
72,hand,11,1,0.41333848237991333,0.9183372855186462,-0.0017496880609542131
72,hand,12,1,0.4186154901981354,0.9192066192626953,-0.0010066940449178219
72,hand,13,1,0.3927491009235382,0.8827694654464722,-0.0005007912986911833
72,hand,14,1,0.3987394869327545,0.9087636470794678,-0.0009985821088775992
72,hand,15,1,0.4058137536048889,0.914046585559845,0.0001404047798132524
72,hand,16,1,0.41053855419158936,0.9136290550231934,0.0013922095531597733
72,hand,17,1,0.3887333571910858,0.8800526857376099,0.00046967656817287207
72,hand,18,1,0.3926906883716583,0.9007367491722107,0.0006990783149376512
72,hand,19,1,0.3986891508102417,0.9071579575538635,0.002057974459603429
72,hand,20,1,0.40303656458854675,0.9081169366836548,0.003487871028482914
72,pose,0,-1,0.46596547961235046,0.22349326312541962,-0.440499484539032
72,pose,1,-1,0.47541239857673645,0.19689759612083435,-0.41658374667167664
72,pose,2,-1,0.48058897256851196,0.19703391194343567,-0.41665294766426086
72,pose,3,-1,0.4849322736263275,0.19726461172103882,-0.416650652885437
72,pose,4,-1,0.4564070999622345,0.19725142419338226,-0.41906455159187317
72,pose,5,-1,0.4504919648170471,0.19787150621414185,-0.41909870505332947
72,pose,6,-1,0.4453835189342499,0.19878652691841125,-0.4192395806312561
72,pose,7,-1,0.49352046847343445,0.20835794508457184,-0.259408175945282
72,pose,8,-1,0.43869224190711975,0.21225480735301971,-0.27095282077789307
72,pose,9,-1,0.478314608335495,0.25334733724594116,-0.3813559412956238
72,pose,10,-1,0.45570334792137146,0.25554001331329346,-0.3845822513103485
72,pose,11,-1,0.5466039776802063,0.382535845041275,-0.1548999398946762
72,pose,12,-1,0.39382404088974,0.39012372493743896,-0.1928015649318695
72,pose,13,-1,0.5611901879310608,0.605139970779419,-0.0990535095334053
72,pose,14,-1,0.38236090540885925,0.6158314347267151,-0.17614753544330597
72,pose,15,-1,0.5485828518867493,0.8082404732704163,-0.27104711532592773
72,pose,16,-1,0.39680805802345276,0.8158591985702515,-0.3288949131965637
72,pose,17,-1,0.5495122075080872,0.8655253052711487,-0.3317210376262665
72,pose,18,-1,0.39798504114151,0.8780322074890137,-0.38218894600868225
72,pose,19,-1,0.5344858169555664,0.8629902601242065,-0.3729279339313507
72,pose,20,-1,0.4130197763442993,0.87682044506073,-0.42363426089286804
72,pose,21,-1,0.5295907855033875,0.8432765603065491,-0.2907330095767975
72,pose,22,-1,0.41715559363365173,0.8542702198028564,-0.34711068868637085
72,pose,23,-1,0.5174348950386047,0.7859380841255188,0.01457911729812622
72,pose,24,-1,0.43454912304878235,0.7929810881614685,-0.014247540384531021
72,pose,25,-1,0.5110834240913391,1.012465476989746,-0.008176954463124275
72,pose,26,-1,0.4468550980091095,1.0133558511734009,0.004029820207506418
72,pose,27,-1,0.522131621837616,1.2977502346038818,0.3579234182834625
72,pose,28,-1,0.44772869348526,1.2957955598831177,0.28008589148521423
72,pose,29,-1,0.5215688347816467,1.3262196779251099,0.3863576650619507
72,pose,30,-1,0.4481040835380554,1.3245892524719238,0.3019818961620331
72,pose,31,-1,0.5206056237220764,1.382092833518982,0.22605928778648376
72,pose,32,-1,0.46300554275512695,1.3819499015808105,0.11318007856607437
73,hand,0,0,0.5479500889778137,0.8166344165802002,1.1779237496511996e-07
73,hand,1,0,0.534160852432251,0.8195590376853943,-0.009360509924590588
73,hand,2,0,0.5247436761856079,0.8392843008041382,-0.012219883501529694
73,hand,3,0,0.5164284706115723,0.8581590056419373,-0.013033872470259666
73,hand,4,0,0.508578360080719,0.8731626868247986,-0.013213885948061943
73,hand,5,0,0.5335689187049866,0.8689811825752258,-0.00726440129801631
73,hand,6,0,0.5262897610664368,0.8950015306472778,-0.008489647880196571
73,hand,7,0,0.5209225416183472,0.9091237783432007,-0.009661144576966763
73,hand,8,0,0.5167289972305298,0.9199071526527405,-0.010483273304998875
73,hand,9,0,0.5395945906639099,0.873190701007843,-0.0027738322969526052
73,hand,10,0,0.5336269736289978,0.898665189743042,-0.003779357299208641
73,hand,11,0,0.5276046395301819,0.9126654267311096,-0.004883699584752321
73,hand,12,0,0.5224804282188416,0.9210161566734314,-0.005709715187549591
73,hand,13,0,0.5427286624908447,0.873109757900238,0.0010616028448566794
73,hand,14,0,0.5367767810821533,0.8965327739715576,-1.5403757060994394e-06
73,hand,15,0,0.5310273170471191,0.9093775153160095,-0.0013565490953624249
73,hand,16,0,0.525612473487854,0.9189903736114502,-0.0023017083294689655
73,hand,17,0,0.5433091521263123,0.8712267875671387,0.004124280530959368
73,hand,18,0,0.537510871887207,0.8906357288360596,0.0029744377825409174
73,hand,19,0,0.5329996347427368,0.9010441899299622,0.002060724887996912
73,hand,20,0,0.5287579298019409,0.9085337519645691,0.0015415290836244822
73,hand,0,1,0.3923400342464447,0.8269359469413757,-1.6069574115817886e-08
73,hand,1,1,0.4081265330314636,0.8360245823860168,-0.003145024413242936
73,hand,2,1,0.41572943329811096,0.8578641414642334,-0.004062996711581945
73,hand,3,1,0.4181489050388336,0.8813498020172119,-0.004156853538006544
73,hand,4,1,0.4211389720439911,0.8990010619163513,-0.0036472168285399675
73,hand,5,1,0.4057621657848358,0.8794233202934265,-0.0037331245839595795
73,hand,6,1,0.4112350344657898,0.9080028533935547,-0.0048536392860114574
73,hand,7,1,0.4166017770767212,0.9197546243667603,-0.005338849034160376
73,hand,8,1,0.4214784801006317,0.9268176555633545,-0.005247049033641815
73,hand,9,1,0.39728525280952454,0.8827248215675354,-0.0023586489260196686
73,hand,10,1,0.4042920172214508,0.9112240672111511,-0.0028782396111637354
73,hand,11,1,0.41170650720596313,0.9190064668655396,-0.0023522810079157352
73,hand,12,1,0.4169246554374695,0.9205231666564941,-0.0016432016855105758
73,hand,13,1,0.3913850784301758,0.8820152282714844,-0.0010750668589025736
73,hand,14,1,0.39768457412719727,0.9083526730537415,-0.0012880467111244798
73,hand,15,1,0.40422576665878296,0.9143489003181458,8.52329030749388e-05
73,hand,16,1,0.40869882702827454,0.9144390821456909,0.0013884218642488122
73,hand,17,1,0.38754764199256897,0.8794679045677185,-7.36242946004495e-05
73,hand,18,1,0.3913695216178894,0.900706946849823,0.00039157868013717234
73,hand,19,1,0.39685356616973877,0.9074400663375854,0.0019493689760565758
73,hand,20,1,0.4009776711463928,0.9085859060287476,0.0034760667476803064
73,pose,0,-1,0.4659235179424286,0.2234954684972763,-0.4361109137535095
73,pose,1,-1,0.4753400683403015,0.19687767326831818,-0.4129747748374939
73,pose,2,-1,0.48057737946510315,0.19701507687568665,-0.4130437970161438
73,pose,3,-1,0.48488616943359375,0.19725368916988373,-0.413052499294281
73,pose,4,-1,0.45633357763290405,0.19723409414291382,-0.41516581177711487
73,pose,5,-1,0.4504585862159729,0.1978619396686554,-0.415193110704422
73,pose,6,-1,0.44535914063453674,0.19878436625003815,-0.41533559560775757
73,pose,7,-1,0.49352484941482544,0.20836307108402252,-0.25721266865730286
73,pose,8,-1,0.43871942162513733,0.2123006135225296,-0.26733845472335815
73,pose,9,-1,0.478305846452713,0.25341373682022095,-0.3773098289966583
73,pose,10,-1,0.45569416880607605,0.25563058257102966,-0.3800242245197296
73,pose,11,-1,0.5466220378875732,0.3825191557407379,-0.15119454264640808
73,pose,12,-1,0.3940104842185974,0.3899591565132141,-0.18947164714336395
73,pose,13,-1,0.5611468553543091,0.6051250100135803,-0.09576402604579926
73,pose,14,-1,0.38250118494033813,0.6151902079582214,-0.17234882712364197
73,pose,15,-1,0.5485657453536987,0.8082223534584045,-0.2668570876121521
73,pose,16,-1,0.39668402075767517,0.8157975673675537,-0.32372531294822693
73,pose,17,-1,0.5494644045829773,0.8654841184616089,-0.3271452486515045
73,pose,18,-1,0.3978167176246643,0.8780676126480103,-0.37642863392829895
73,pose,19,-1,0.5343841314315796,0.8629237413406372,-0.36814647912979126
73,pose,20,-1,0.41276511549949646,0.8768824934959412,-0.4184126853942871
73,pose,21,-1,0.5295103192329407,0.8432203531265259,-0.2864217162132263
73,pose,22,-1,0.41687867045402527,0.8542913198471069,-0.3421337902545929
73,pose,23,-1,0.5174218416213989,0.7859256267547607,0.0147157097235322
73,pose,24,-1,0.43451908230781555,0.792982816696167,-0.014378401450812817
73,pose,25,-1,0.511080265045166,1.0127837657928467,-0.007482617162168026
73,pose,26,-1,0.4468904733657837,1.0138736963272095,0.003773226635530591
73,pose,27,-1,0.5220333933830261,1.298203945159912,0.3521665036678314
73,pose,28,-1,0.44772079586982727,1.2964825630187988,0.2737049460411072
73,pose,29,-1,0.521484911441803,1.3266606330871582,0.37971577048301697
73,pose,30,-1,0.44808685779571533,1.3253909349441528,0.2948349416255951
73,pose,31,-1,0.5204387903213501,1.3824583292007446,0.21925456821918488
73,pose,32,-1,0.4628388583660126,1.3825106620788574,0.106074757874012
74,hand,0,0,0.5477780699729919,0.817162811756134,1.1625683526972352e-07
74,hand,1,0,0.5340998768806458,0.8203181624412537,-0.008310310542583466
74,hand,2,0,0.5246379375457764,0.840634286403656,-0.010734478011727333
74,hand,3,0,0.5163185000419617,0.859224796295166,-0.011405691504478455
74,hand,4,0,0.508475661277771,0.8731518983840942,-0.01147647388279438
74,hand,5,0,0.5336076021194458,0.8700207471847534,-0.0059075020253658295
74,hand,6,0,0.5259829759597778,0.8952699899673462,-0.007148581091314554
74,hand,7,0,0.5206099152565002,0.908916175365448,-0.008385082706809044
74,hand,8,0,0.5164872407913208,0.9191954731941223,-0.009252745658159256
74,hand,9,0,0.5395159125328064,0.8740271329879761,-0.002030671574175358
74,hand,10,0,0.5333306193351746,0.8994037508964539,-0.003214749274775386
74,hand,11,0,0.5270674228668213,0.9128941893577576,-0.0044167726300656796
74,hand,12,0,0.5217071175575256,0.9210960268974304,-0.005242892075330019
74,hand,13,0,0.5427001118659973,0.8738714456558228,0.0012252071173861623
74,hand,14,0,0.536746621131897,0.8974550366401672,4.907652055408107e-06
74,hand,15,0,0.5307923555374146,0.9101845026016235,-0.0012368486495688558
74,hand,16,0,0.5251834392547607,0.9195168018341064,-0.002031569601967931
74,hand,17,0,0.543460488319397,0.871764063835144,0.0037821377627551556
74,hand,18,0,0.5378766655921936,0.8917179703712463,0.0025732561480253935
74,hand,19,0,0.5332735776901245,0.9024370312690735,0.0018400310073047876
74,hand,20,0,0.5288869738578796,0.9101309776306152,0.0015038970159366727
74,hand,0,1,0.39148586988449097,0.82550448179245,-1.4004614357077116e-08
74,hand,1,1,0.4072474539279938,0.8350515961647034,-0.0031907674856483936
74,hand,2,1,0.414470374584198,0.8580899834632874,-0.0038203848525881767
74,hand,3,1,0.4168788194656372,0.881504237651825,-0.003529590554535389
74,hand,4,1,0.41987478733062744,0.8989681601524353,-0.0025966165121644735
74,hand,5,1,0.40461617708206177,0.8797591328620911,-0.0035354967694729567
74,hand,6,1,0.41010820865631104,0.9083035588264465,-0.004076702985912561
74,hand,7,1,0.41537776589393616,0.9199897050857544,-0.004139598924666643
74,hand,8,1,0.42027878761291504,0.9273116588592529,-0.0038416683673858643
74,hand,9,1,0.39606332778930664,0.8830031156539917,-0.0018678801134228706
74,hand,10,1,0.40295320749282837,0.911406934261322,-0.001865759608335793
74,hand,11,1,0.4102628827095032,0.9188883900642395,-0.0010597179643809795
74,hand,12,1,0.41551628708839417,0.9200688004493713,-0.00023159100965131074
74,hand,13,1,0.39009344577789307,0.882036566734314,-0.0002818401262629777
74,hand,14,1,0.39607924222946167,0.9084279537200928,-7.502066000597551e-05
74,hand,15,1,0.4025828242301941,0.9144294261932373,0.0012134526623412967
74,hand,16,1,0.407214492559433,0.9141536951065063,0.002363526728004217
74,hand,17,1,0.38627368211746216,0.8792482018470764,0.0010213309433311224
74,hand,18,1,0.389622300863266,0.89972323179245,0.0017614745302125812
74,hand,19,1,0.39503565430641174,0.9066407084465027,0.003109418321400881
74,hand,20,1,0.3993402421474457,0.9078790545463562,0.004399608355015516
74,pose,0,-1,0.46568647027015686,0.2234272062778473,-0.4277218282222748
74,pose,1,-1,0.47512879967689514,0.19661781191825867,-0.4048267602920532
74,pose,2,-1,0.4805266261100769,0.19671618938446045,-0.4048965275287628
74,pose,3,-1,0.48476892709732056,0.19695287942886353,-0.4049123525619507
74,pose,4,-1,0.4561033248901367,0.1970672905445099,-0.40648162364959717
74,pose,5,-1,0.4503420889377594,0.1977284699678421,-0.4065103530883789
74,pose,6,-1,0.44521746039390564,0.19868837296962738,-0.40665367245674133
74,pose,7,-1,0.4935102164745331,0.20826897025108337,-0.25183406472206116
74,pose,8,-1,0.43872296810150146,0.21229206025600433,-0.2595236003398895
74,pose,9,-1,0.47821807861328125,0.25341665744781494,-0.3701106309890747
74,pose,10,-1,0.45563510060310364,0.255646675825119,-0.37210017442703247
74,pose,11,-1,0.5466497540473938,0.38250961899757385,-0.14930219948291779
74,pose,12,-1,0.39417189359664917,0.38992372155189514,-0.18340034782886505
74,pose,13,-1,0.5611637830734253,0.6051112413406372,-0.09481246024370193
74,pose,14,-1,0.3826737701892853,0.6147080063819885,-0.16451701521873474
74,pose,15,-1,0.548559308052063,0.8082085847854614,-0.2636149823665619
74,pose,16,-1,0.39659249782562256,0.8155589699745178,-0.3130189776420593
74,pose,17,-1,0.5494518876075745,0.8654546737670898,-0.32321402430534363
74,pose,18,-1,0.3977530598640442,0.8778369426727295,-0.36491265892982483
74,pose,19,-1,0.5343736410140991,0.8628754615783691,-0.36394888162612915
74,pose,20,-1,0.41258445382118225,0.8767088055610657,-0.40697014331817627
74,pose,21,-1,0.5294905304908752,0.84317547082901,-0.2829669117927551
74,pose,22,-1,0.4167644679546356,0.8541065454483032,-0.33161768317222595
74,pose,23,-1,0.5174320936203003,0.7859248518943787,0.0147023256868124
74,pose,24,-1,0.43452224135398865,0.7929821014404297,-0.014365333132445812
74,pose,25,-1,0.5111011266708374,1.0128675699234009,-0.007794305216521025
74,pose,26,-1,0.4469052255153656,1.0138691663742065,0.004976052325218916
74,pose,27,-1,0.521260142326355,1.2979471683502197,0.35205215215682983
74,pose,28,-1,0.4471642076969147,1.296148657798767,0.2785065770149231
74,pose,29,-1,0.5207379460334778,1.3262572288513184,0.3801514804363251
74,pose,30,-1,0.44758716225624084,1.3250229358673096,0.3002369999885559
74,pose,31,-1,0.5192587971687317,1.382089614868164,0.22081200778484344
74,pose,32,-1,0.46176379919052124,1.3818490505218506,0.11089001595973969
75,hand,0,0,0.5480602383613586,0.8174993991851807,1.2002857374682208e-07
75,hand,1,0,0.5343130826950073,0.8201823830604553,-0.008853972889482975
75,hand,2,0,0.5249173045158386,0.8403335213661194,-0.011497944593429565
75,hand,3,0,0.516499400138855,0.8591295480728149,-0.012183909304440022
75,hand,4,0,0.5083867907524109,0.8734501004219055,-0.012258226983249187
75,hand,5,0,0.5335829854011536,0.8696555495262146,-0.006820462644100189
75,hand,6,0,0.5261144638061523,0.8959735631942749,-0.00791160762310028
75,hand,7,0,0.5206493139266968,0.9099533557891846,-0.008935566991567612
75,hand,8,0,0.5163719654083252,0.920157790184021,-0.009584764018654823
75,hand,9,0,0.539563000202179,0.8737823963165283,-0.0024285539984703064
75,hand,10,0,0.5332741737365723,0.8999523520469666,-0.0031552808359265327
75,hand,11,0,0.5270400047302246,0.9134905934333801,-0.00401871046051383
75,hand,12,0,0.521677553653717,0.9211755394935608,-0.004627828951925039
75,hand,13,0,0.5426860451698303,0.873643696308136,0.001364594791084528
75,hand,14,0,0.5365490913391113,0.8971654176712036,0.0007809589151293039
75,hand,15,0,0.5306467413902283,0.9092887043952942,-0.000247239600867033
75,hand,16,0,0.5250809192657471,0.9179237484931946,-0.0010039247572422028
75,hand,17,0,0.5433880686759949,0.8713781237602234,0.004407984670251608
75,hand,18,0,0.5376718640327454,0.8905676007270813,0.0037800706923007965
75,hand,19,0,0.5330364108085632,0.900607705116272,0.0032090055756270885
75,hand,20,0,0.5286539196968079,0.9074533581733704,0.0029190012719482183
75,hand,0,1,0.39139947295188904,0.8250139951705933,-1.639009283849191e-08
75,hand,1,1,0.40688619017601013,0.835784912109375,-0.0024652238935232162
75,hand,2,1,0.41396549344062805,0.8590379357337952,-0.002850886434316635
75,hand,3,1,0.4162355363368988,0.8821998834609985,-0.0023947996087372303
75,hand,4,1,0.4188289940357208,0.8992924690246582,-0.0013018515892326832
75,hand,5,1,0.40432319045066833,0.8799026012420654,-0.0032287060748785734
75,hand,6,1,0.40992605686187744,0.9079033732414246,-0.003290810389444232
75,hand,7,1,0.41499876976013184,0.9194234609603882,-0.0027287357952445745
75,hand,8,1,0.4194059371948242,0.9261878728866577,-0.0019211662001907825
75,hand,9,1,0.3954368829727173,0.8825677037239075,-0.0016652767080813646
75,hand,10,1,0.4020988643169403,0.9108293652534485,-0.0013114260509610176
75,hand,11,1,0.4089954197406769,0.9180917739868164,0.0001831402041716501
75,hand,12,1,0.41373905539512634,0.9191337823867798,0.0016254588263109326
75,hand,13,1,0.3892376124858856,0.8812121748924255,-8.182665624190122e-05
75,hand,14,1,0.39479222893714905,0.9069662690162659,0.000496335793286562
75,hand,15,1,0.40108156204223633,0.9136318564414978,0.002305564470589161
75,hand,16,1,0.40560683608055115,0.9140070080757141,0.003904172219336033
75,hand,17,1,0.3852538764476776,0.8777344822883606,0.0013085464015603065
75,hand,18,1,0.3881898820400238,0.8983980417251587,0.002675405004993081
75,hand,19,1,0.39333221316337585,0.9059467911720276,0.004549277480691671
75,hand,20,1,0.39752987027168274,0.9073641300201416,0.00623583048582077
75,pose,0,-1,0.4652559459209442,0.22240814566612244,-0.42788538336753845
75,pose,1,-1,0.4747551381587982,0.1949002593755722,-0.40499550104141235
75,pose,2,-1,0.4804099500179291,0.19498206675052643,-0.40506476163864136
75,pose,3,-1,0.4845582842826843,0.19525037705898285,-0.4050751328468323
75,pose,4,-1,0.4557291269302368,0.19576500356197357,-0.40596744418144226
75,pose,5,-1,0.45009759068489075,0.19658830761909485,-0.40599730610847473
75,pose,6,-1,0.44486087560653687,0.19775483012199402,-0.4061371684074402
75,pose,7,-1,0.49344488978385925,0.20748960971832275,-0.2522997260093689
75,pose,8,-1,0.43869712948799133,0.21193070709705353,-0.25690749287605286
75,pose,9,-1,0.47802695631980896,0.25290682911872864,-0.37053489685058594
75,pose,10,-1,0.45549944043159485,0.2554078698158264,-0.3716846704483032
75,pose,11,-1,0.5467485189437866,0.3825116753578186,-0.15056666731834412
75,pose,12,-1,0.3943256139755249,0.38972294330596924,-0.1776697337627411
75,pose,13,-1,0.5611767172813416,0.6053478717803955,-0.09590380638837814
75,pose,14,-1,0.38279226422309875,0.6140310168266296,-0.15406431257724762
75,pose,15,-1,0.5485151410102844,0.8081908822059631,-0.2647400498390198
75,pose,16,-1,0.39654046297073364,0.8145607113838196,-0.3033706247806549
75,pose,17,-1,0.5494041442871094,0.8654348254203796,-0.32410338521003723
75,pose,18,-1,0.3974359631538391,0.8765672445297241,-0.3551079332828522
75,pose,19,-1,0.5343036651611328,0.8627272248268127,-0.36475107073783875
75,pose,20,-1,0.4119921624660492,0.8752252459526062,-0.39779913425445557
75,pose,21,-1,0.529413104057312,0.8430902361869812,-0.28409069776535034
75,pose,22,-1,0.41620194911956787,0.8527576923370361,-0.32235756516456604
75,pose,23,-1,0.5175170302391052,0.7856295108795166,0.014189918525516987
75,pose,24,-1,0.43452784419059753,0.7927360534667969,-0.013845518231391907
75,pose,25,-1,0.5111181139945984,1.0129997730255127,-0.01113264448940754
75,pose,26,-1,0.4469080865383148,1.0139108896255493,0.004158946219831705
75,pose,27,-1,0.5211047530174255,1.2983256578445435,0.34792089462280273
75,pose,28,-1,0.4469846785068512,1.2965575456619263,0.27809709310531616
75,pose,29,-1,0.5206554532051086,1.3266501426696777,0.37601205706596375
75,pose,30,-1,0.44743144512176514,1.3255417346954346,0.2997903823852539
75,pose,31,-1,0.5188621878623962,1.3822108507156372,0.21612533926963806
75,pose,32,-1,0.4612673819065094,1.3819526433944702,0.11156317591667175
76,hand,0,0,0.5478790998458862,0.8171322345733643,1.1481915862532333e-07
76,hand,1,0,0.5336862802505493,0.8205894231796265,-0.00805436260998249
76,hand,2,0,0.5243628621101379,0.84151291847229,-0.010386411100625992
76,hand,3,0,0.5161951780319214,0.860214352607727,-0.010935272090137005
76,hand,4,0,0.5080535411834717,0.8734111785888672,-0.01088861096650362
76,hand,5,0,0.5336776971817017,0.869375467300415,-0.006306511349976063
76,hand,6,0,0.5262743830680847,0.8955461382865906,-0.007478666957467794
76,hand,7,0,0.5209199786186218,0.909683883190155,-0.008510785177350044
76,hand,8,0,0.5167490243911743,0.9200233817100525,-0.009156737476587296
76,hand,9,0,0.5397857427597046,0.8733049035072327,-0.0023393952287733555
76,hand,10,0,0.5333659052848816,0.8996829390525818,-0.0033135171979665756
76,hand,11,0,0.527079701423645,0.9134674668312073,-0.004209993407130241
76,hand,12,0,0.5217175483703613,0.9217067956924438,-0.004795230459421873
76,hand,13,0,0.5429695844650269,0.8731642365455627,0.001097853179089725
76,hand,14,0,0.5364866256713867,0.897038459777832,0.0002800178772304207
76,hand,15,0,0.530482828617096,0.9094583988189697,-0.000683185993693769
76,hand,16,0,0.524952232837677,0.9183235764503479,-0.0013269331539049745
76,hand,17,0,0.5437384247779846,0.8709373474121094,0.003858238458633423
76,hand,18,0,0.5377053022384644,0.8901710510253906,0.0031555555760860443
76,hand,19,0,0.53294837474823,0.9000251889228821,0.002687878208234906
76,hand,20,0,0.5286445617675781,0.9066710472106934,0.002500648144632578
76,hand,0,1,0.3910047113895416,0.826052188873291,-1.8684342961705624e-08
76,hand,1,1,0.40627509355545044,0.8367787003517151,-0.002630511298775673
76,hand,2,1,0.41304853558540344,0.8596615195274353,-0.0030928989872336388
76,hand,3,1,0.415070503950119,0.8826767206192017,-0.002698365366086364
76,hand,4,1,0.4176417887210846,0.8995788097381592,-0.0016663330607116222
76,hand,5,1,0.40296682715415955,0.8813124299049377,-0.002917171223089099
76,hand,6,1,0.408966988325119,0.9088938236236572,-0.0027820561081171036
76,hand,7,1,0.4141256809234619,0.9199036359786987,-0.0022327054757624865
76,hand,8,1,0.4185110926628113,0.9266047477722168,-0.0015104170888662338
76,hand,9,1,0.3943742513656616,0.883501410484314,-0.0012318547815084457
76,hand,10,1,0.4017711281776428,0.9113656282424927,-0.0009089371305890381
76,hand,11,1,0.40903377532958984,0.917903482913971,0.0003623724915087223
76,hand,12,1,0.41394317150115967,0.9191763401031494,0.001616716617718339
76,hand,13,1,0.38849279284477234,0.8817591071128845,0.00047530914889648557
76,hand,14,1,0.3945699632167816,0.9076390266418457,0.0010274788364768028
76,hand,15,1,0.40113165974617004,0.9135876893997192,0.002720150863751769
76,hand,16,1,0.40569987893104553,0.9138486385345459,0.004209989216178656
76,hand,17,1,0.3847947418689728,0.8779741525650024,0.0019716876558959484
76,hand,18,1,0.3880513906478882,0.898779571056366,0.0032100705429911613
76,hand,19,1,0.39352574944496155,0.9063494801521301,0.00491398386657238
76,hand,20,1,0.3977394104003906,0.9080718755722046,0.006474883761256933
76,pose,0,-1,0.46500614285469055,0.22163867950439453,-0.429400235414505
76,pose,1,-1,0.47450563311576843,0.1940346658229828,-0.40651950240135193
76,pose,2,-1,0.4803171455860138,0.19414955377578735,-0.4065871238708496
76,pose,3,-1,0.4843935966491699,0.19447055459022522,-0.4066014885902405
76,pose,4,-1,0.4555751383304596,0.19497515261173248,-0.4074941575527191
76,pose,5,-1,0.4500083029270172,0.19587276875972748,-0.4075244069099426
76,pose,6,-1,0.4447413384914398,0.19714652001857758,-0.40766623616218567
76,pose,7,-1,0.4933587312698364,0.20712080597877502,-0.2539668381214142
76,pose,8,-1,0.4386973977088928,0.21162492036819458,-0.25866320729255676
76,pose,9,-1,0.477876216173172,0.2524927258491516,-0.37210988998413086
76,pose,10,-1,0.45541924238204956,0.2551349997520447,-0.37325260043144226
76,pose,11,-1,0.5468147993087769,0.38248497247695923,-0.1518380045890808
76,pose,12,-1,0.394404798746109,0.3894777297973633,-0.1797052025794983
76,pose,13,-1,0.5612032413482666,0.6055371165275574,-0.09633595496416092
76,pose,14,-1,0.3828612267971039,0.6137235760688782,-0.15645726025104523
76,pose,15,-1,0.548489511013031,0.8082196712493896,-0.2662731409072876
76,pose,16,-1,0.3964824974536896,0.8145142793655396,-0.3053838014602661
76,pose,17,-1,0.5493602156639099,0.8654199242591858,-0.3259489834308624
76,pose,18,-1,0.39726197719573975,0.8763933777809143,-0.3572557866573334
76,pose,19,-1,0.5342912673950195,0.862683892250061,-0.36635491251945496
76,pose,20,-1,0.41163069009780884,0.8749819993972778,-0.3998332917690277
76,pose,21,-1,0.5294076204299927,0.8430464267730713,-0.2854909896850586
76,pose,22,-1,0.4158625602722168,0.8525601625442505,-0.32434386014938354
76,pose,23,-1,0.5175204873085022,0.7855307459831238,0.014083782210946083
76,pose,24,-1,0.43446072936058044,0.7927154302597046,-0.013740180060267448
76,pose,25,-1,0.5110757350921631,1.0135122537612915,-0.011435970664024353
76,pose,26,-1,0.4469590485095978,1.01450514793396,0.004307611379772425
76,pose,27,-1,0.52098149061203,1.2984528541564941,0.34970396757125854
76,pose,28,-1,0.4468364715576172,1.2969404458999634,0.27879106998443604
76,pose,29,-1,0.5205678939819336,1.32679283618927,0.37794795632362366
76,pose,30,-1,0.4473467171192169,1.3259379863739014,0.30015885829925537
76,pose,31,-1,0.5186650156974792,1.3824132680892944,0.21821917593479156
76,pose,32,-1,0.46086353063583374,1.3823009729385376,0.11291558295488358
