frame,part,index,hand_index,x,y,z
1,hand,0,0,0.6086181998252869,0.7524412870407104,2.8449933964225238e-08
1,hand,1,0,0.5947131514549255,0.769906759262085,-0.008571038953959942
1,hand,2,0,0.5896096229553223,0.793921709060669,-0.011068328283727169
1,hand,3,0,0.5853472948074341,0.8174127340316772,-0.011824318207800388
1,hand,4,0,0.582162618637085,0.8353725671768188,-0.011080678552389145
1,hand,5,0,0.6103649139404297,0.8165614604949951,-0.006358942948281765
1,hand,6,0,0.599199652671814,0.8449556827545166,-0.008378952741622925
1,hand,7,0,0.5904843211174011,0.8389695882797241,-0.009180279448628426
1,hand,8,0,0.5876211524009705,0.8303238153457642,-0.00896892324090004
1,hand,9,0,0.6147983074188232,0.8178855180740356,-0.0017251832177862525
1,hand,10,0,0.6016824245452881,0.8434079885482788,-0.002824668539687991
1,hand,11,0,0.5925612449645996,0.836503267288208,-0.003332745749503374
1,hand,12,0,0.5894084572792053,0.8266773819923401,-0.0034665788989514112
1,hand,13,0,0.6153218746185303,0.8164510726928711,0.0022605438716709614
1,hand,14,0,0.6034741401672363,0.8391941785812378,0.0011135947424918413
1,hand,15,0,0.5952509641647339,0.8342403769493103,0.0005944608128629625
1,hand,16,0,0.5919153094291687,0.8247937560081482,0.0005385155673138797
1,hand,17,0,0.61341792345047,0.8149352669715881,0.0055862972512841225
1,hand,18,0,0.6043258309364319,0.833730161190033,0.00433088606223464
1,hand,19,0,0.5975695848464966,0.8318092823028564,0.003932192921638489
1,hand,20,0,0.5940564870834351,0.8248878121376038,0.0042001036927104
1,hand,0,1,0.42450764775276184,0.744641900062561,-8.935399620213502e-08
1,hand,1,1,0.43841058015823364,0.7601268887519836,-0.010815398767590523
1,hand,2,1,0.4446742832660675,0.7859772443771362,-0.01283559575676918
1,hand,3,1,0.4486458897590637,0.8095143437385559,-0.011694727465510368
1,hand,4,1,0.4509735107421875,0.8249347805976868,-0.009345460683107376
1,hand,5,1,0.42313727736473083,0.806118369102478,-0.012281754985451698
1,hand,6,1,0.4336021840572357,0.8400446176528931,-0.013218885287642479
1,hand,7,1,0.44289326667785645,0.8479892015457153,-0.01312465313822031
1,hand,8,1,0.4498514235019684,0.8499254584312439,-0.012486400082707405
1,hand,9,1,0.41743773221969604,0.8076891899108887,-0.0053091347217559814
1,hand,10,1,0.43197450041770935,0.8317497968673706,-0.005383450537919998
1,hand,11,1,0.442600280046463,0.832169771194458,-0.005512017756700516
1,hand,12,1,0.44909796118736267,0.82844477891922,-0.005872679874300957
1,hand,13,1,0.41622450947761536,0.806687593460083,0.001369402976706624
1,hand,14,1,0.43009820580482483,0.8262402415275574,0.00078116002259776
1,hand,15,1,0.4389267563819885,0.8252397179603577,-0.00032255094265565276
1,hand,16,1,0.44413161277770996,0.8213558197021484,-0.0010429836111143231
1,hand,17,1,0.4174375832080841,0.8053755760192871,0.007434159051626921
1,hand,18,1,0.42746126651763916,0.8193599581718445,0.00642072269693017
1,hand,19,1,0.4342474937438965,0.8189018368721008,0.0055513703264296055
1,hand,20,1,0.4387596845626831,0.8133751153945923,0.00533802155405283
1,pose,0,-1,0.529888927936554,0.16324210166931152,-0.5037938952445984
1,pose,1,-1,0.5413761734962463,0.14031308889389038,-0.4851955473423004
1,pose,2,-1,0.546630859375,0.14218401908874512,-0.48526015877723694
1,pose,3,-1,0.5509373545646667,0.1438307762145996,-0.485353022813797
1,pose,4,-1,0.5229610204696655,0.13736850023269653,-0.48810821771621704
1,pose,5,-1,0.5168326497077942,0.13735944032669067,-0.48821088671684265
1,pose,6,-1,0.5113296508789062,0.13771456480026245,-0.48833733797073364
1,pose,7,-1,0.5586720108985901,0.1588345170021057,-0.3374042809009552
1,pose,8,-1,0.5047683715820312,0.15088558197021484,-0.35294315218925476
1,pose,9,-1,0.5409649014472961,0.19424182176589966,-0.44500818848609924
1,pose,10,-1,0.5158547759056091,0.19187253713607788,-0.4494706690311432
1,pose,11,-1,0.6010624766349792,0.3210395872592926,-0.2111634612083435
1,pose,12,-1,0.4495992362499237,0.3147343099117279,-0.2524639070034027
1,pose,13,-1,0.6134935021400452,0.5367571115493774,-0.11084814369678497
1,pose,14,-1,0.42980891466140747,0.5382100343704224,-0.20137733221054077
1,pose,15,-1,0.6119629144668579,0.7392935156822205,-0.23160460591316223
1,pose,16,-1,0.4333842992782593,0.7420875430107117,-0.31049150228500366
1,pose,17,-1,0.6159049272537231,0.799129068851471,-0.2745645344257355
1,pose,18,-1,0.43187108635902405,0.8017597198486328,-0.3492969870567322
1,pose,19,-1,0.6032066345214844,0.7982971668243408,-0.3142179250717163
1,pose,20,-1,0.4422318637371063,0.8009227514266968,-0.391620934009552
1,pose,21,-1,0.5992596745491028,0.7836471796035767,-0.24836686253547668
1,pose,22,-1,0.4447438418865204,0.7817765474319458,-0.3278541564941406
1,pose,23,-1,0.5578277111053467,0.6993173360824585,0.018631501123309135
1,pose,24,-1,0.47576555609703064,0.7018696069717407,-0.018469003960490227
1,pose,25,-1,0.5462859869003296,0.9672789573669434,0.021291296929121017
1,pose,26,-1,0.48746639490127563,0.9544072151184082,0.01286307629197836
1,pose,27,-1,0.5541452765464783,1.1851154565811157,0.4343894422054291
1,pose,28,-1,0.4850090742111206,1.185021162033081,0.34479302167892456
1,pose,29,-1,0.5509738326072693,1.2114228010177612,0.4693553149700165
1,pose,30,-1,0.4861504137516022,1.2105287313461304,0.37287458777427673
1,pose,31,-1,0.5572839379310608,1.2800867557525635,0.3359293043613434
1,pose,32,-1,0.49461281299591064,1.2804086208343506,0.2068328559398651
2,hand,0,0,0.6084578633308411,0.7544519305229187,6.078106906670655e-08
2,hand,1,0,0.5954988598823547,0.7652262449264526,-0.01249813474714756
2,hand,2,0,0.5903198719024658,0.7883896827697754,-0.01680867001414299
2,hand,3,0,0.5867863297462463,0.8135242462158203,-0.018402138724923134
2,hand,4,0,0.5843803882598877,0.8336474895477295,-0.018601076677441597
2,hand,5,0,0.6096516847610474,0.8152714967727661,-0.010791651904582977
2,hand,6,0,0.5992510318756104,0.8429638743400574,-0.01313598919659853
2,hand,7,0,0.5900227427482605,0.8394708633422852,-0.013768783770501614
2,hand,8,0,0.5856291055679321,0.8309679627418518,-0.013288545422255993
2,hand,9,0,0.6143903136253357,0.8175156712532043,-0.004120691679418087
2,hand,10,0,0.602240264415741,0.843366265296936,-0.005737874656915665
2,hand,11,0,0.5922251343727112,0.8385544419288635,-0.006172459106892347
2,hand,12,0,0.5872275233268738,0.8293488025665283,-0.005930959712713957
2,hand,13,0,0.6152145266532898,0.8164549469947815,0.001784612308256328
2,hand,14,0,0.6040785312652588,0.8391512036323547,-0.00010396759898867458
2,hand,15,0,0.5952436327934265,0.836021900177002,-0.0011021810350939631
2,hand,16,0,0.5902365446090698,0.8279353976249695,-0.0012706543784588575
2,hand,17,0,0.6137233972549438,0.8148568868637085,0.006826155818998814
2,hand,18,0,0.6055871248245239,0.8330292701721191,0.004548300057649612
2,hand,19,0,0.5983279347419739,0.8325597643852234,0.0033379283268004656
2,hand,20,0,0.59341961145401,0.8274174928665161,0.003200082341209054
2,hand,0,1,0.4260481595993042,0.7454738020896912,-9.299497349957164e-08
2,hand,1,1,0.43903669714927673,0.7613072991371155,-0.010715295560657978
2,hand,2,1,0.4454945921897888,0.7865621447563171,-0.014265026897192001
2,hand,3,1,0.4492904245853424,0.8109763264656067,-0.0151585778221488
2,hand,4,1,0.45179682970046997,0.8281816244125366,-0.01487080566585064
2,hand,5,1,0.4233594834804535,0.805436909198761,-0.01125404518097639
2,hand,6,1,0.43202635645866394,0.8395459055900574,-0.01344283763319254
2,hand,7,1,0.4420120120048523,0.8474626541137695,-0.014379190281033516
2,hand,8,1,0.44980308413505554,0.8483506441116333,-0.014425426721572876
2,hand,9,1,0.4175760746002197,0.8057989478111267,-0.0050311922095716
2,hand,10,1,0.4308558702468872,0.8323338031768799,-0.00683241244405508
2,hand,11,1,0.44127073884010315,0.8314108848571777,-0.007596658077090979
2,hand,12,1,0.4474446177482605,0.8266736268997192,-0.008020536974072456
2,hand,13,1,0.4163186252117157,0.8044883608818054,0.0007960587972775102
2,hand,14,1,0.4297160506248474,0.8264504671096802,-0.0011865355772897601
2,hand,15,1,0.4381463825702667,0.8246318697929382,-0.001893536071293056
2,hand,16,1,0.4433286488056183,0.8191900253295898,-0.0020846629049628973
2,hand,17,1,0.4172714650630951,0.80320805311203,0.006025512702763081
2,hand,18,1,0.427460640668869,0.8198338150978088,0.0037851741071790457
2,hand,19,1,0.43434441089630127,0.8189089894294739,0.003086250275373459
2,hand,20,1,0.43920639157295227,0.8136827945709229,0.0032888762652873993
2,pose,0,-1,0.5300444960594177,0.16320455074310303,-0.4798954129219055
2,pose,1,-1,0.5414109826087952,0.1402771770954132,-0.4574228525161743
2,pose,2,-1,0.5467891097068787,0.1421230584383011,-0.4575246274471283
2,pose,3,-1,0.5514528155326843,0.1437986046075821,-0.4575956165790558
2,pose,4,-1,0.5229641199111938,0.13728421926498413,-0.46190908551216125
2,pose,5,-1,0.5168063640594482,0.137233167886734,-0.46197542548179626
2,pose,6,-1,0.5112138986587524,0.137528657913208,-0.46210777759552
2,pose,7,-1,0.5590748190879822,0.15895719826221466,-0.29627829790115356
2,pose,8,-1,0.5033804178237915,0.15086939930915833,-0.31774717569351196
2,pose,9,-1,0.5410035848617554,0.19423088431358337,-0.41728466749191284
2,pose,10,-1,0.5160624980926514,0.1919059157371521,-0.423391193151474
2,pose,11,-1,0.601036787033081,0.3204750418663025,-0.1728370636701584
2,pose,12,-1,0.44980189204216003,0.3159520924091339,-0.22270958125591278
2,pose,13,-1,0.6135650277137756,0.5364181399345398,-0.0851222351193428
2,pose,14,-1,0.42950883507728577,0.5383316874504089,-0.18539825081825256
2,pose,15,-1,0.6120046377182007,0.7390822172164917,-0.22930124402046204
2,pose,16,-1,0.43269118666648865,0.7415875792503357,-0.31358787417411804
2,pose,17,-1,0.616166889667511,0.7983294725418091,-0.2749183773994446
2,pose,18,-1,0.43105214834213257,0.8016349077224731,-0.3599894940853119
2,pose,19,-1,0.6033927798271179,0.7972238063812256,-0.316919207572937
2,pose,20,-1,0.4419906437397003,0.8006777167320251,-0.4025380313396454
2,pose,21,-1,0.599337637424469,0.7798628211021423,-0.24760395288467407
2,pose,22,-1,0.4447266161441803,0.7813735604286194,-0.3315815031528473
2,pose,23,-1,0.5578566789627075,0.7025865316390991,0.017262212932109833
2,pose,24,-1,0.47524887323379517,0.7056312561035156,-0.017079072073101997
2,pose,25,-1,0.5466411709785461,0.9694257974624634,0.022404873743653297
2,pose,26,-1,0.487621933221817,0.9612196087837219,0.013623193837702274
2,pose,27,-1,0.5556657314300537,1.1933146715164185,0.45204880833625793
2,pose,28,-1,0.4861832559108734,1.2031079530715942,0.3485771119594574
2,pose,29,-1,0.5534731149673462,1.217011570930481,0.489138662815094
2,pose,30,-1,0.487124502658844,1.2285751104354858,0.37768903374671936
2,pose,31,-1,0.5572457909584045,1.2876696586608887,0.351356565952301
2,pose,32,-1,0.4965592920780182,1.294438362121582,0.20653565227985382
3,hand,0,0,0.6093245148658752,0.7556726932525635,4.373513107225335e-08
3,hand,1,0,0.5962479710578918,0.7652418613433838,-0.011539475992321968
3,hand,2,0,0.5906079411506653,0.7892538905143738,-0.015347032807767391
3,hand,3,0,0.5865733623504639,0.814276933670044,-0.016556162387132645
3,hand,4,0,0.5840123295783997,0.8341939449310303,-0.016349496319890022
3,hand,5,0,0.610072135925293,0.8163332939147949,-0.010182672180235386
3,hand,6,0,0.5988109111785889,0.8433109521865845,-0.012396073900163174
3,hand,7,0,0.5898645520210266,0.8380028605461121,-0.013094871304929256
3,hand,8,0,0.5864813923835754,0.8288589119911194,-0.012692136690020561
3,hand,9,0,0.6148457527160645,0.8187670707702637,-0.003918076865375042
3,hand,10,0,0.6022424697875977,0.8436672687530518,-0.005436294246464968
3,hand,11,0,0.5925121307373047,0.8375735282897949,-0.0058398162946105
3,hand,12,0,0.5884031653404236,0.8273509740829468,-0.00560630252584815
3,hand,13,0,0.6156195998191833,0.8176017999649048,0.0016865514917299151
3,hand,14,0,0.6041517853736877,0.839966356754303,-2.474773100402672e-05
3,hand,15,0,0.5956001877784729,0.8353146910667419,-0.0006144671351648867
3,hand,16,0,0.5915766358375549,0.8260858058929443,-0.0005040051182731986
3,hand,17,0,0.6142536997795105,0.815730094909668,0.0065227230079472065
3,hand,18,0,0.605746865272522,0.8339236378669739,0.004572675563395023
3,hand,19,0,0.5989845395088196,0.8325119018554688,0.0037885725032538176
3,hand,20,0,0.5950942039489746,0.826751172542572,0.003920914139598608
3,hand,0,1,0.4252133071422577,0.7458887696266174,-1.0785989701389553e-07
3,hand,1,1,0.43861064314842224,0.7602627873420715,-0.009743602946400642
3,hand,2,1,0.44517409801483154,0.7860543131828308,-0.012889660894870758
3,hand,3,1,0.4487380385398865,0.8110436797142029,-0.013541046530008316
3,hand,4,1,0.45164918899536133,0.8277720212936401,-0.013025390915572643
3,hand,5,1,0.4234427809715271,0.8041478991508484,-0.011347722262144089
3,hand,6,1,0.43135973811149597,0.8390910625457764,-0.013552063144743443
3,hand,7,1,0.44106772541999817,0.8476448059082031,-0.01388588361442089
3,hand,8,1,0.44881096482276917,0.8488980531692505,-0.013494276441633701
3,hand,9,1,0.417203813791275,0.8050577640533447,-0.00570477033033967
3,hand,10,1,0.43151262402534485,0.8311133980751038,-0.007894102483987808
3,hand,11,1,0.44117310643196106,0.8261838555335999,-0.007802446838468313
3,hand,12,1,0.4453684985637665,0.8186172246932983,-0.0074265385046601295
3,hand,13,1,0.41565364599227905,0.8044388890266418,-0.00038097816286608577
3,hand,14,1,0.4299735426902771,0.8264471888542175,-0.002835111226886511
3,hand,15,1,0.43768879771232605,0.8211773037910461,-0.0027067908085882664
3,hand,16,1,0.44123777747154236,0.812942624092102,-0.002137064002454281
3,hand,17,1,0.4164898991584778,0.803519606590271,0.0044090282171964645
3,hand,18,1,0.42706990242004395,0.8201602101325989,0.0018062219023704529
3,hand,19,1,0.4337213337421417,0.8173273205757141,0.001411283272318542
3,hand,20,1,0.4375889301300049,0.8104352951049805,0.0019583359826356173
3,pose,0,-1,0.5302096009254456,0.16307811439037323,-0.47404468059539795
3,pose,1,-1,0.541473388671875,0.1401536613702774,-0.45142775774002075
3,pose,2,-1,0.546983540058136,0.14197419583797455,-0.4515337646007538
3,pose,3,-1,0.5519030094146729,0.14370255172252655,-0.4516010880470276
3,pose,4,-1,0.5229694247245789,0.13709789514541626,-0.45595043897628784
3,pose,5,-1,0.5167836546897888,0.13700240850448608,-0.4560147523880005
3,pose,6,-1,0.5111022591590881,0.13725171983242035,-0.4561501741409302
3,pose,7,-1,0.5594319105148315,0.15899282693862915,-0.28967562317848206
3,pose,8,-1,0.5025187134742737,0.1508289873600006,-0.311244934797287
3,pose,9,-1,0.5410472750663757,0.19414371252059937,-0.41109925508499146
3,pose,10,-1,0.516201376914978,0.19190791249275208,-0.4172683358192444
3,pose,11,-1,0.6009117364883423,0.32015952467918396,-0.16502265632152557
3,pose,12,-1,0.44990426301956177,0.3167688846588135,-0.21479181945323944
3,pose,13,-1,0.6135619282722473,0.5363605618476868,-0.07611741125583649
3,pose,14,-1,0.4291929602622986,0.5388243198394775,-0.1766785979270935
3,pose,15,-1,0.612024188041687,0.7390998005867004,-0.22573870420455933
3,pose,16,-1,0.43199145793914795,0.7413929104804993,-0.3135460615158081
3,pose,17,-1,0.6165744066238403,0.7981160283088684,-0.2744690477848053
3,pose,18,-1,0.4306083619594574,0.8015266060829163,-0.3596959114074707
3,pose,19,-1,0.6035987138748169,0.7969105243682861,-0.31689050793647766
3,pose,20,-1,0.4418027102947235,0.8004804253578186,-0.4025737941265106
3,pose,21,-1,0.5994142889976501,0.7785895466804504,-0.24507522583007812
3,pose,22,-1,0.4446773827075958,0.7811047434806824,-0.33143502473831177
3,pose,23,-1,0.5578591823577881,0.705139696598053,0.016798973083496094
3,pose,24,-1,0.47482603788375854,0.7080268859863281,-0.01661132089793682
3,pose,25,-1,0.5467814207077026,0.9707945585250854,0.02812865562736988
3,pose,26,-1,0.48784926533699036,0.9659894108772278,0.015904579311609268
3,pose,27,-1,0.5562502145767212,1.1979848146438599,0.45704978704452515
3,pose,28,-1,0.48658350110054016,1.2108768224716187,0.34987714886665344
3,pose,29,-1,0.5544756054878235,1.2210462093353271,0.4936923682689667
3,pose,30,-1,0.4874448776245117,1.2363594770431519,0.3789294958114624
3,pose,31,-1,0.5570525527000427,1.2917578220367432,0.35436829924583435
3,pose,32,-1,0.4972376823425293,1.3016846179962158,0.2048688530921936
4,hand,0,0,0.6091688871383667,0.7551436424255371,5.0969962472890984e-08
4,hand,1,0,0.5958664417266846,0.7648487091064453,-0.010223859921097755
4,hand,2,0,0.5902197360992432,0.7891281247138977,-0.013627196662127972
4,hand,3,0,0.5865589380264282,0.8141491413116455,-0.014800779521465302
4,hand,4,0,0.584026575088501,0.8335437774658203,-0.014690382406115532
4,hand,5,0,0.6095588803291321,0.8162396550178528,-0.008335507474839687
4,hand,6,0,0.5990478992462158,0.8429104685783386,-0.010463294573128223
4,hand,7,0,0.5902819633483887,0.8396817445755005,-0.011322631500661373
4,hand,8,0,0.5864028930664062,0.831792950630188,-0.011084401980042458
4,hand,9,0,0.6143498420715332,0.8185709714889526,-0.0028937510214746
4,hand,10,0,0.6023572087287903,0.8430600166320801,-0.004203884396702051
4,hand,11,0,0.5927832126617432,0.8386439085006714,-0.0046016196720302105
4,hand,12,0,0.5882290601730347,0.8302350044250488,-0.0043786452151834965
4,hand,13,0,0.6152527928352356,0.8173788785934448,0.0018936992855742574
4,hand,14,0,0.6043199300765991,0.8392232060432434,0.0004051775031257421
4,hand,15,0,0.5957080125808716,0.8363178968429565,-0.00013067974941805005
4,hand,16,0,0.5911267995834351,0.8289076685905457,-3.9658516470808536e-05
4,hand,17,0,0.6139271855354309,0.8155518770217896,0.005963907577097416
4,hand,18,0,0.605858325958252,0.8335686922073364,0.004221086855977774
4,hand,19,0,0.5988650321960449,0.8335661292076111,0.0036265652161091566
4,hand,20,0,0.5943801403045654,0.8292089104652405,0.0038873411249369383
4,hand,0,1,0.42546382546424866,0.7469482421875,-9.982345261505543e-08
4,hand,1,1,0.43817493319511414,0.761163055896759,-0.009751315228641033
4,hand,2,1,0.44472917914390564,0.7864738702774048,-0.012987695634365082
4,hand,3,1,0.4484974145889282,0.8110500574111938,-0.013692651875317097
4,hand,4,1,0.4511277377605438,0.82716304063797,-0.013265442103147507
4,hand,5,1,0.4233494997024536,0.8064955472946167,-0.01130971685051918
4,hand,6,1,0.4316079020500183,0.839821994304657,-0.012975324876606464
4,hand,7,1,0.4413285553455353,0.8473086953163147,-0.013206720352172852
4,hand,8,1,0.4490656554698944,0.8481938242912292,-0.012873814441263676
4,hand,9,1,0.4169939160346985,0.8073247671127319,-0.005440586246550083
4,hand,10,1,0.430589884519577,0.8326229453086853,-0.0068205855786800385
4,hand,11,1,0.44033530354499817,0.829818606376648,-0.00680106645449996
4,hand,12,1,0.4455070495605469,0.8240319490432739,-0.006776261143386364
4,hand,13,1,0.41523855924606323,0.8061517477035522,0.00020605113240890205
4,hand,14,1,0.42862844467163086,0.827528178691864,-0.0012076079146936536
4,hand,15,1,0.4364239275455475,0.8245037198066711,-0.0011472334153950214
4,hand,16,1,0.4408561587333679,0.817940354347229,-0.000989793916232884
4,hand,17,1,0.4159543216228485,0.8046507835388184,0.005289224907755852
4,hand,18,1,0.42592498660087585,0.8207702040672302,0.003417833475396037
4,hand,19,1,0.432487815618515,0.8193045258522034,0.0029803903307765722
4,hand,20,1,0.4368413984775543,0.813663125038147,0.003274328773841262
4,pose,0,-1,0.5303484201431274,0.16282951831817627,-0.47265496850013733
4,pose,1,-1,0.5415363311767578,0.1398911476135254,-0.4502093195915222
4,pose,2,-1,0.5471720099449158,0.14169874787330627,-0.45031416416168213
4,pose,3,-1,0.5522870421409607,0.1435062289237976,-0.45038631558418274
4,pose,4,-1,0.522986114025116,0.13679134845733643,-0.45457133650779724
4,pose,5,-1,0.5167773365974426,0.13665440678596497,-0.4546390771865845
4,pose,6,-1,0.511054277420044,0.13684134185314178,-0.45477238297462463
4,pose,7,-1,0.5597450137138367,0.15899431705474854,-0.2890675663948059
4,pose,8,-1,0.5020595192909241,0.1506088823080063,-0.31002748012542725
4,pose,9,-1,0.5410776138305664,0.19399161636829376,-0.40987589955329895
4,pose,10,-1,0.5163142681121826,0.19187317788600922,-0.4158916771411896
4,pose,11,-1,0.6005808115005493,0.320078581571579,-0.16396163403987885
4,pose,12,-1,0.44992268085479736,0.3169277310371399,-0.2133093625307083
4,pose,13,-1,0.6134627461433411,0.5365879535675049,-0.07416645437479019
4,pose,14,-1,0.4287854731082916,0.5388344526290894,-0.17343638837337494
4,pose,15,-1,0.611947774887085,0.7392525672912598,-0.2236507087945938
4,pose,16,-1,0.4313550591468811,0.7403884530067444,-0.311954528093338
4,pose,17,-1,0.6166659593582153,0.7979966402053833,-0.2738139033317566
4,pose,18,-1,0.4301210641860962,0.8012291789054871,-0.3588322401046753
4,pose,19,-1,0.6036077737808228,0.7966722846031189,-0.3168574869632721
4,pose,20,-1,0.44166916608810425,0.7999762296676636,-0.40161848068237305
4,pose,21,-1,0.5994049906730652,0.7778768539428711,-0.24332572519779205
4,pose,22,-1,0.4446598291397095,0.7804089784622192,-0.33016911149024963
4,pose,23,-1,0.5574901103973389,0.705502450466156,0.016785675659775734
4,pose,24,-1,0.4735545217990875,0.7084872722625732,-0.01660006493330002
4,pose,25,-1,0.546678900718689,0.9711384177207947,0.030587242916226387
4,pose,26,-1,0.48795831203460693,0.9680150747299194,0.018442785367369652
4,pose,27,-1,0.556342363357544,1.1993796825408936,0.45911917090415955
4,pose,28,-1,0.48656466603279114,1.2129307985305786,0.34992361068725586
4,pose,29,-1,0.5548155307769775,1.222271203994751,0.4957468807697296
4,pose,30,-1,0.48743000626564026,1.2388968467712402,0.37877157330513
4,pose,31,-1,0.5561667680740356,1.2932264804840088,0.3559779226779938
4,pose,32,-1,0.49720752239227295,1.303537368774414,0.2013624757528305
5,hand,0,0,0.6087520122528076,0.7567252516746521,5.320491425209184e-08
5,hand,1,0,0.5954982042312622,0.7663598656654358,-0.010502726770937443
5,hand,2,0,0.5898606181144714,0.7898064851760864,-0.013984397053718567
5,hand,3,0,0.5862897038459778,0.8149532675743103,-0.015155271627008915
5,hand,4,0,0.5838788747787476,0.8347159028053284,-0.01496585737913847
5,hand,5,0,0.609483003616333,0.8167366981506348,-0.008339229971170425
5,hand,6,0,0.5988963842391968,0.8436315059661865,-0.010172135196626186
5,hand,7,0,0.5904853343963623,0.8395885229110718,-0.010608821175992489
5,hand,8,0,0.5871403813362122,0.8309422731399536,-0.010055316612124443
5,hand,9,0,0.6142637729644775,0.8189310431480408,-0.002629354130476713
5,hand,10,0,0.6022719740867615,0.8437399864196777,-0.0036811637692153454
5,hand,11,0,0.5928882956504822,0.8389531970024109,-0.003784296801313758
5,hand,12,0,0.5885887742042542,0.8305118680000305,-0.003371140919625759
5,hand,13,0,0.6151412725448608,0.8177144527435303,0.0023914282210171223
5,hand,14,0,0.6043053865432739,0.8400789499282837,0.0009741405956447124
5,hand,15,0,0.5957769751548767,0.8367279767990112,0.00048143608728423715
5,hand,16,0,0.5913910269737244,0.8289636969566345,0.000599348044488579
5,hand,17,0,0.6139084696769714,0.8160027861595154,0.006694454234093428
5,hand,18,0,0.6058478355407715,0.8342165350914001,0.00490241963416338
5,hand,19,0,0.5988867878913879,0.833977460861206,0.00420212559401989
5,hand,20,0,0.5945193767547607,0.8294113278388977,0.004381620325148106
5,hand,0,1,0.4252956211566925,0.7472019195556641,-1.0719619325527674e-07
5,hand,1,1,0.4382900297641754,0.7612264156341553,-0.010219529271125793
5,hand,2,1,0.4446316957473755,0.7863326668739319,-0.013472330756485462
5,hand,3,1,0.4481709599494934,0.8105824589729309,-0.014083269983530045
5,hand,4,1,0.4510299861431122,0.8264918327331543,-0.013535917736589909
5,hand,5,1,0.42316126823425293,0.805366039276123,-0.012037009000778198
5,hand,6,1,0.43148186802864075,0.8402477502822876,-0.014546195045113564
5,hand,7,1,0.441511332988739,0.8480039834976196,-0.015097909606993198
5,hand,8,1,0.44923198223114014,0.8484609127044678,-0.014767863787710667
5,hand,9,1,0.41696396470069885,0.8064525127410889,-0.0060492753982543945
5,hand,10,1,0.43078500032424927,0.8329263925552368,-0.008237753994762897
5,hand,11,1,0.44155487418174744,0.8295955657958984,-0.008221525698900223
5,hand,12,1,0.44698211550712585,0.8232805132865906,-0.007867062464356422
5,hand,13,1,0.41534850001335144,0.805878758430481,-0.0004145027487538755
5,hand,14,1,0.42947909235954285,0.8269659876823425,-0.0027440893463790417
5,hand,15,1,0.43795183300971985,0.8223007917404175,-0.002903398359194398
5,hand,16,1,0.44224342703819275,0.8148384094238281,-0.0025300560519099236
5,hand,17,1,0.4160720407962799,0.8047641515731812,0.004657498560845852
5,hand,18,1,0.42690059542655945,0.8200085759162903,0.00219358061440289
5,hand,19,1,0.43362322449684143,0.817423939704895,0.0016204530838876963
5,hand,20,1,0.4376412034034729,0.8112682700157166,0.002047222340479493
5,pose,0,-1,0.5304337739944458,0.16277076303958893,-0.47371482849121094
5,pose,1,-1,0.5415726900100708,0.13981039822101593,-0.451473593711853
5,pose,2,-1,0.5472796559333801,0.14161722362041473,-0.4515801668167114
5,pose,3,-1,0.552514910697937,0.14346224069595337,-0.4516538679599762
5,pose,4,-1,0.5230120420455933,0.13663192093372345,-0.45557889342308044
5,pose,5,-1,0.5167757868766785,0.13643470406532288,-0.45564883947372437
5,pose,6,-1,0.5110350251197815,0.13655491173267365,-0.4557863175868988
5,pose,7,-1,0.5599213242530823,0.15899540483951569,-0.2912653386592865
5,pose,8,-1,0.5018274188041687,0.15039269626140594,-0.31120240688323975
5,pose,9,-1,0.5410855412483215,0.19396185874938965,-0.41134974360466003
5,pose,10,-1,0.5164053440093994,0.1918618083000183,-0.4170752763748169
5,pose,11,-1,0.6001827716827393,0.3196467161178589,-0.16877992451190948
5,pose,12,-1,0.4499233067035675,0.31692102551460266,-0.2126813381910324
5,pose,13,-1,0.6133586764335632,0.53659588098526,-0.07967882603406906
5,pose,14,-1,0.4283381998538971,0.5388270020484924,-0.17388130724430084
5,pose,15,-1,0.611947238445282,0.7392552495002747,-0.22652074694633484
5,pose,16,-1,0.4307853579521179,0.7401376366615295,-0.31202003359794617
5,pose,17,-1,0.6167171597480774,0.7978528141975403,-0.2785434424877167
5,pose,18,-1,0.4296199679374695,0.8009857535362244,-0.35933545231819153
5,pose,19,-1,0.6036098003387451,0.7964438199996948,-0.3225768506526947
5,pose,20,-1,0.4413742423057556,0.7994112372398376,-0.40211954712867737
5,pose,21,-1,0.5993973016738892,0.7773073315620422,-0.24662423133850098
5,pose,22,-1,0.444457083940506,0.7797964811325073,-0.3302695155143738
5,pose,23,-1,0.5574359893798828,0.7055398225784302,0.015787070617079735
5,pose,24,-1,0.4732547104358673,0.7086313366889954,-0.015608085319399834
5,pose,25,-1,0.5466704964637756,0.9712051749229431,0.029851634055376053
5,pose,26,-1,0.4879674017429352,0.9678089022636414,0.01907065138220787
5,pose,27,-1,0.5567992329597473,1.1989744901657104,0.4582297205924988
5,pose,28,-1,0.4866092801094055,1.2110751867294312,0.35162070393562317
5,pose,29,-1,0.5555413961410522,1.221954107284546,0.49531635642051697
5,pose,30,-1,0.48751384019851685,1.2368768453598022,0.3807969093322754
5,pose,31,-1,0.5560978651046753,1.2929655313491821,0.3574134111404419
5,pose,32,-1,0.49728304147720337,1.3019239902496338,0.20268015563488007
6,hand,0,0,0.6084765791893005,0.7578534483909607,5.932363222882486e-08
6,hand,1,0,0.5954987406730652,0.7658886313438416,-0.01230310183018446
6,hand,2,0,0.5898364782333374,0.7888524532318115,-0.01644766889512539
6,hand,3,0,0.5862162709236145,0.813940703868866,-0.01758354902267456
6,hand,4,0,0.5838350057601929,0.8339794874191284,-0.017283255234360695
6,hand,5,0,0.6091645956039429,0.8159528970718384,-0.012697630561888218
6,hand,6,0,0.5986942052841187,0.8438385128974915,-0.014282356947660446
6,hand,7,0,0.5897017121315002,0.840485155582428,-0.01374769490212202
6,hand,8,0,0.585720419883728,0.832131564617157,-0.012502515688538551
6,hand,9,0,0.6142997145652771,0.8186731934547424,-0.005764396861195564
6,hand,10,0,0.6017587184906006,0.8434255719184875,-0.006742238998413086
6,hand,11,0,0.5919296145439148,0.8384483456611633,-0.006383147556334734
6,hand,12,0,0.5873203277587891,0.8294436931610107,-0.005740933585911989
6,hand,13,0,0.6152883768081665,0.8177076578140259,0.0006765567231923342
6,hand,14,0,0.6034836769104004,0.8388110995292664,-0.0005593241075985134
6,hand,15,0,0.5947325229644775,0.8348678946495056,-0.0009584871004335582
6,hand,16,0,0.590096116065979,0.8266415596008301,-0.0009184615919366479
6,hand,17,0,0.6141078472137451,0.8159279823303223,0.00633280212059617
6,hand,18,0,0.6054134964942932,0.8329660296440125,0.004536918364465237
6,hand,19,0,0.5982624292373657,0.8323869705200195,0.0036076712422072887
6,hand,20,0,0.5937528014183044,0.827599048614502,0.0035644497256726027
6,hand,0,1,0.42525747418403625,0.7464971542358398,-1.001744465156662e-07
6,hand,1,1,0.43830767273902893,0.7609547972679138,-0.010681187734007835
6,hand,2,1,0.4444938004016876,0.7856212854385376,-0.014371647499501705
6,hand,3,1,0.4481012225151062,0.8100588917732239,-0.015386230312287807
6,hand,4,1,0.45100995898246765,0.8257580995559692,-0.01520451158285141
6,hand,5,1,0.4226798713207245,0.8060559034347534,-0.012017556466162205
6,hand,6,1,0.43132179975509644,0.8400870561599731,-0.01403317041695118
6,hand,7,1,0.44109460711479187,0.8478260040283203,-0.014205367304384708
6,hand,8,1,0.4487980902194977,0.8484740853309631,-0.0137095982208848
6,hand,9,1,0.41673246026039124,0.8070786595344543,-0.00569425243884325
6,hand,10,1,0.43101635575294495,0.832676887512207,-0.0079902159050107
6,hand,11,1,0.4413783848285675,0.8292785882949829,-0.008294963277876377
6,hand,12,1,0.4467296004295349,0.8229050040245056,-0.00819424819201231
6,hand,13,1,0.4153468608856201,0.8062179088592529,0.0003418002452235669
6,hand,14,1,0.4292911887168884,0.8271803855895996,-0.0021910262294113636
6,hand,15,1,0.4377123713493347,0.8231217265129089,-0.002798460191115737
6,hand,16,1,0.44245216250419617,0.8154402375221252,-0.0027001018170267344
6,hand,17,1,0.41625499725341797,0.8052459955215454,0.0058277971111238
6,hand,18,1,0.4266134202480316,0.8208039999008179,0.0030762534588575363
6,hand,19,1,0.43344250321388245,0.8189122676849365,0.002017597435042262
6,hand,20,1,0.43788841366767883,0.8132128715515137,0.0021191120613366365
6,pose,0,-1,0.530649721622467,0.16271042823791504,-0.47063377499580383
6,pose,1,-1,0.5416284203529358,0.13978058099746704,-0.44848719239234924
6,pose,2,-1,0.547385036945343,0.1415899246931076,-0.4485988914966583
6,pose,3,-1,0.5526996850967407,0.14345121383666992,-0.44867295026779175
6,pose,4,-1,0.5231127738952637,0.13654078543186188,-0.4523514211177826
6,pose,5,-1,0.5168043375015259,0.13631150126457214,-0.45242300629615784
6,pose,6,-1,0.511035680770874,0.13639581203460693,-0.4525628685951233
6,pose,7,-1,0.5600278377532959,0.1589992344379425,-0.289427787065506
6,pose,8,-1,0.5016682744026184,0.1502683460712433,-0.3085208833217621
6,pose,9,-1,0.5411497354507446,0.193948894739151,-0.40876320004463196
6,pose,10,-1,0.5165698528289795,0.1918480545282364,-0.41422730684280396
6,pose,11,-1,0.5999488830566406,0.3193926215171814,-0.16844725608825684
6,pose,12,-1,0.4499208629131317,0.31691768765449524,-0.21008805930614471
6,pose,13,-1,0.6133486032485962,0.5366427898406982,-0.08044949173927307
6,pose,14,-1,0.4280848801136017,0.5388058423995972,-0.17049245536327362
6,pose,15,-1,0.6119524240493774,0.7393062710762024,-0.22660543024539948
6,pose,16,-1,0.43030545115470886,0.7397045493125916,-0.3086278736591339
6,pose,17,-1,0.6167981028556824,0.7977941632270813,-0.27839139103889465
6,pose,18,-1,0.4291175305843353,0.8005713224411011,-0.35695162415504456
6,pose,19,-1,0.6036128401756287,0.7963574528694153,-0.32219794392585754
6,pose,20,-1,0.44090744853019714,0.7987074255943298,-0.40015166997909546
6,pose,21,-1,0.5993961691856384,0.7770209908485413,-0.24660398066043854
6,pose,22,-1,0.4441320300102234,0.7791121602058411,-0.3271416127681732
6,pose,23,-1,0.5573774576187134,0.7054880857467651,0.01548918429762125
6,pose,24,-1,0.4730794131755829,0.7086415886878967,-0.015318096615374088
6,pose,25,-1,0.5466445088386536,0.9711944460868835,0.025342905893921852
6,pose,26,-1,0.4879200756549835,0.9674290418624878,0.018205812200903893
6,pose,27,-1,0.5570008158683777,1.1986632347106934,0.45605936646461487
6,pose,28,-1,0.4866064190864563,1.209517002105713,0.35074180364608765
6,pose,29,-1,0.5559394955635071,1.2214255332946777,0.4928542375564575
6,pose,30,-1,0.4875604212284088,1.2352427244186401,0.38014012575149536
6,pose,31,-1,0.5559030175209045,1.2926342487335205,0.356270968914032
6,pose,32,-1,0.49726060032844543,1.3008685111999512,0.2024996429681778
7,hand,0,0,0.6087958812713623,0.7578368186950684,5.979334360972643e-08
7,hand,1,0,0.5957518219947815,0.7656437754631042,-0.011735066771507263
7,hand,2,0,0.5900540947914124,0.7879343628883362,-0.016008054837584496
7,hand,3,0,0.5862107872962952,0.8127220869064331,-0.01763905957341194
7,hand,4,0,0.5840288400650024,0.833004891872406,-0.017917301505804062
7,hand,5,0,0.6092671751976013,0.8162389993667603,-0.011320430785417557
7,hand,6,0,0.5986995100975037,0.8438636064529419,-0.013473131693899632
7,hand,7,0,0.5899407863616943,0.8409521579742432,-0.013622811064124107
7,hand,8,0,0.5860596895217896,0.8324111104011536,-0.012793295085430145
7,hand,9,0,0.6141453385353088,0.8189536333084106,-0.005031644832342863
7,hand,10,0,0.6019616723060608,0.8437532186508179,-0.006357923615723848
7,hand,11,0,0.5924959778785706,0.8389975428581238,-0.006308075040578842
7,hand,12,0,0.5881453156471252,0.8300506472587585,-0.005812462419271469
7,hand,13,0,0.6150626540184021,0.818123996257782,0.0006479921285063028
7,hand,14,0,0.6036401391029358,0.8402037024497986,-0.0009308901499025524
7,hand,15,0,0.5952657461166382,0.8364611864089966,-0.0012708925642073154
7,hand,16,0,0.5909669995307922,0.8282597661018372,-0.001109784236177802
7,hand,17,0,0.6139075756072998,0.8166477084159851,0.0055404906161129475
7,hand,18,0,0.6053832173347473,0.8344892263412476,0.003481118008494377
7,hand,19,0,0.5984450578689575,0.8339976668357849,0.0026393402367830276
7,hand,20,0,0.594167947769165,0.8291827440261841,0.0027149957604706287
7,hand,0,1,0.4253905415534973,0.7469619512557983,-9.329526307055858e-08
7,hand,1,1,0.43848738074302673,0.7614432573318481,-0.010218036361038685
7,hand,2,1,0.4445125460624695,0.786482572555542,-0.013686176389455795
7,hand,3,1,0.4480558931827545,0.8113032579421997,-0.01456154603511095
7,hand,4,1,0.45124658942222595,0.8280671238899231,-0.014286654070019722
7,hand,5,1,0.42371195554733276,0.8065662384033203,-0.011163955554366112
7,hand,6,1,0.43148723244667053,0.839992344379425,-0.012887283228337765
7,hand,7,1,0.4410267174243927,0.8477937579154968,-0.013215156272053719
7,hand,8,1,0.4487227499485016,0.8491712808609009,-0.012927689589560032
7,hand,9,1,0.4172822833061218,0.8065706491470337,-0.005018605384975672
7,hand,10,1,0.43051058053970337,0.8319308757781982,-0.006552124861627817
7,hand,11,1,0.4403090476989746,0.8286277651786804,-0.006541547365486622
7,hand,12,1,0.4451715052127838,0.8224781155586243,-0.006447222549468279
7,hand,13,1,0.4155409336090088,0.8048478960990906,0.0008278587483800948
7,hand,14,1,0.4285469055175781,0.826353907585144,-0.0007813724223524332
7,hand,15,1,0.4364318549633026,0.8229947686195374,-0.000675433489959687
7,hand,16,1,0.44058623909950256,0.8161497712135315,-0.00038091331953182817
7,hand,17,1,0.4161689281463623,0.8031216859817505,0.006080521736294031
7,hand,18,1,0.42561641335487366,0.8198423385620117,0.004237819463014603
7,hand,19,1,0.43229883909225464,0.8186560273170471,0.003892670152708888
7,hand,20,1,0.43649256229400635,0.8134005069732666,0.004272693768143654
7,pose,0,-1,0.5306573510169983,0.1625637412071228,-0.46374085545539856
7,pose,1,-1,0.5416332483291626,0.1397056132555008,-0.44112032651901245
7,pose,2,-1,0.5474044680595398,0.14153535664081573,-0.4412306249141693
7,pose,3,-1,0.5527690649032593,0.1434297412633896,-0.4413016438484192
7,pose,4,-1,0.5231197476387024,0.1363687366247177,-0.4448709785938263
7,pose,5,-1,0.5168039202690125,0.1360921859741211,-0.44493359327316284
7,pose,6,-1,0.511027991771698,0.13612478971481323,-0.44506627321243286
7,pose,7,-1,0.5600932836532593,0.15902583301067352,-0.2822270691394806
7,pose,8,-1,0.5015315413475037,0.15014411509037018,-0.30073514580726624
7,pose,9,-1,0.5411519408226013,0.193938747048378,-0.40225300192832947
7,pose,10,-1,0.5165718197822571,0.1917787343263626,-0.40753835439682007
7,pose,11,-1,0.5996848344802856,0.3193140923976898,-0.1643780916929245
7,pose,12,-1,0.4498027265071869,0.3170337677001953,-0.20320235192775726
7,pose,13,-1,0.6133379340171814,0.5370029211044312,-0.07775643467903137
7,pose,14,-1,0.42787590622901917,0.5388067960739136,-0.16364145278930664
7,pose,15,-1,0.6120589375495911,0.7393606901168823,-0.22566352784633636
7,pose,16,-1,0.4299994111061096,0.7392914891242981,-0.30371034145355225
7,pose,17,-1,0.6169394254684448,0.7977424263954163,-0.27794647216796875
7,pose,18,-1,0.4288703501224518,0.8002690076828003,-0.3522784113883972
7,pose,19,-1,0.6036617159843445,0.7962618470191956,-0.3220027685165405
7,pose,20,-1,0.44070377945899963,0.798399806022644,-0.39599499106407166
7,pose,21,-1,0.5994240641593933,0.7768473029136658,-0.24543382227420807
7,pose,22,-1,0.4439643323421478,0.7788240909576416,-0.32246243953704834
7,pose,23,-1,0.5571572184562683,0.7061398029327393,0.01496961247175932
7,pose,24,-1,0.4728379249572754,0.7093333601951599,-0.01479077897965908
7,pose,25,-1,0.5465241074562073,0.9719641804695129,0.022562792524695396
7,pose,26,-1,0.48792263865470886,0.9676398634910583,0.016748780384659767
7,pose,27,-1,0.5571622848510742,1.2004221677780151,0.4552130401134491
7,pose,28,-1,0.4866437613964081,1.2105549573898315,0.3497699201107025
7,pose,29,-1,0.5562228560447693,1.2233037948608398,0.49269360303878784
7,pose,30,-1,0.4876188337802887,1.236289381980896,0.37934932112693787
7,pose,31,-1,0.5558010339736938,1.2944447994232178,0.35559603571891785
7,pose,32,-1,0.49727603793144226,1.3009577989578247,0.20244137942790985
8,hand,0,0,0.6083522439002991,0.7588414549827576,4.850937784794951e-08
8,hand,1,0,0.5948987007141113,0.7672956585884094,-0.01118678692728281
8,hand,2,0,0.5892887711524963,0.7901960015296936,-0.015107536688446999
8,hand,3,0,0.5856302380561829,0.8153780102729797,-0.016476837918162346
8,hand,4,0,0.5833739638328552,0.8352251052856445,-0.016404537484049797
8,hand,5,0,0.6092804074287415,0.8168095946311951,-0.010335800237953663
8,hand,6,0,0.5982476472854614,0.8447481989860535,-0.012681103311479092
8,hand,7,0,0.5894531011581421,0.8397068381309509,-0.013235366903245449
8,hand,8,0,0.5862424373626709,0.8303892612457275,-0.01269860751926899
8,hand,9,0,0.6142943501472473,0.8196079134941101,-0.004335110075771809
8,hand,10,0,0.6016647815704346,0.8446301817893982,-0.005820514168590307
8,hand,11,0,0.5921786427497864,0.8387273550033569,-0.006067571695894003
8,hand,12,0,0.5883498787879944,0.8294489979743958,-0.00579450000077486
8,hand,13,0,0.6152011752128601,0.8189343214035034,0.0010362667962908745
8,hand,14,0,0.6035029292106628,0.8413592576980591,-0.0006797296227887273
8,hand,15,0,0.5950149893760681,0.8370115160942078,-0.0010804192861542106
8,hand,16,0,0.5910523533821106,0.8284464478492737,-0.0009258071077056229
8,hand,17,0,0.6139565706253052,0.8175772428512573,0.0056620254181325436
8,hand,18,0,0.6053448915481567,0.8356929421424866,0.0035422113724052906
8,hand,19,0,0.5984123945236206,0.8346346616744995,0.0027554852422326803
8,hand,20,0,0.5943481922149658,0.8295300006866455,0.002880430780351162
8,hand,0,1,0.424869567155838,0.7454531788825989,-9.389759725308977e-08
8,hand,1,1,0.438130259513855,0.7602280378341675,-0.010879200883209705
8,hand,2,1,0.44424358010292053,0.785757303237915,-0.014222747646272182
8,hand,3,1,0.4479030966758728,0.8105649352073669,-0.014829159714281559
8,hand,4,1,0.450996994972229,0.8273655772209167,-0.014212423004209995
8,hand,5,1,0.4231607913970947,0.8065590262413025,-0.011067714542150497
8,hand,6,1,0.43161141872406006,0.8403070569038391,-0.01278212945908308
8,hand,7,1,0.44127097725868225,0.84810471534729,-0.013115711510181427
8,hand,8,1,0.448884516954422,0.848887026309967,-0.012749685905873775
8,hand,9,1,0.41717827320098877,0.8068528771400452,-0.004547146614640951
8,hand,10,1,0.4306946098804474,0.8329556584358215,-0.00610080873593688
8,hand,11,1,0.44127199053764343,0.8320772647857666,-0.006475597620010376
8,hand,12,1,0.44753214716911316,0.8273692727088928,-0.006517781876027584
8,hand,13,1,0.41573670506477356,0.8054333925247192,0.0015784964198246598
8,hand,14,1,0.4293108582496643,0.8264604806900024,-0.00022840236488264054
8,hand,15,1,0.4379425644874573,0.8251229524612427,-0.0008919082465581596
8,hand,16,1,0.4431893825531006,0.8200191259384155,-0.0009716582135297358
8,hand,17,1,0.4165930449962616,0.8038769960403442,0.007085845340043306
8,hand,18,1,0.42657455801963806,0.8201362490653992,0.004859477747231722
8,hand,19,1,0.43369626998901367,0.8202381730079651,0.0039438605308532715
8,hand,20,1,0.4387313723564148,0.8162797093391418,0.004049989394843578
8,pose,0,-1,0.5306578874588013,0.16199371218681335,-0.4675310552120209
8,pose,1,-1,0.54163658618927,0.13926880061626434,-0.4451741874217987
8,pose,2,-1,0.5474092364311218,0.14111687242984772,-0.4452783465385437
8,pose,3,-1,0.5527980327606201,0.14308032393455505,-0.4453480541706085
8,pose,4,-1,0.5231220126152039,0.13591106235980988,-0.44891807436943054
8,pose,5,-1,0.5167992115020752,0.13559353351593018,-0.44898590445518494
8,pose,6,-1,0.5110083222389221,0.1355629712343216,-0.4491173028945923
8,pose,7,-1,0.5601165294647217,0.15894815325737,-0.2867722511291504
8,pose,8,-1,0.5014596581459045,0.1498299390077591,-0.3054737150669098
8,pose,9,-1,0.5411503911018372,0.19355599582195282,-0.40619516372680664
8,pose,10,-1,0.5165742039680481,0.19125835597515106,-0.411502867937088
8,pose,11,-1,0.5995514392852783,0.3193097710609436,-0.167625293135643
8,pose,12,-1,0.4497644007205963,0.31709814071655273,-0.20726725459098816
8,pose,13,-1,0.6133183240890503,0.5372418165206909,-0.07979751378297806
8,pose,14,-1,0.427337110042572,0.5387786030769348,-0.16606862843036652
8,pose,15,-1,0.6121008992195129,0.7394418120384216,-0.22666965425014496
8,pose,16,-1,0.4296068847179413,0.7386384606361389,-0.3032815754413605
8,pose,17,-1,0.6170375347137451,0.797652006149292,-0.27908527851104736
8,pose,18,-1,0.4285028278827667,0.7998700737953186,-0.35141482949256897
8,pose,19,-1,0.603704035282135,0.7960687875747681,-0.3226791322231293
8,pose,20,-1,0.44031578302383423,0.7979401350021362,-0.39493027329444885
8,pose,21,-1,0.5994435548782349,0.7766171097755432,-0.24633051455020905
8,pose,22,-1,0.4436608552932739,0.778302013874054,-0.3218449056148529
8,pose,23,-1,0.5569000840187073,0.7061665654182434,0.014605901204049587
8,pose,24,-1,0.4725967347621918,0.7092926502227783,-0.014432446099817753
8,pose,25,-1,0.5463373064994812,0.9722306728363037,0.022344568744301796
8,pose,26,-1,0.4879150986671448,0.9674502015113831,0.01678300090134144
8,pose,27,-1,0.5570881962776184,1.200188159942627,0.4543255865573883
8,pose,28,-1,0.4865467846393585,1.2102036476135254,0.3498484790325165
8,pose,29,-1,0.5562040209770203,1.2230937480926514,0.491605281829834
8,pose,30,-1,0.487508088350296,1.2358741760253906,0.37933430075645447
8,pose,31,-1,0.5551946759223938,1.2942944765090942,0.3552549481391907
8,pose,32,-1,0.49717003107070923,1.3004810810089111,0.20251627266407013
9,hand,0,0,0.6087197065353394,0.7574378252029419,5.0830490039288634e-08
9,hand,1,0,0.5958947539329529,0.7656360864639282,-0.010850056074559689
9,hand,2,0,0.5898863673210144,0.7887199521064758,-0.014525340870022774
9,hand,3,0,0.5858374834060669,0.8128829002380371,-0.01582278311252594
9,hand,4,0,0.5845085382461548,0.8319595456123352,-0.01578417234122753
9,hand,5,0,0.6090296506881714,0.8156705498695374,-0.009568450041115284
9,hand,6,0,0.5986688733100891,0.8440852165222168,-0.012034406885504723
9,hand,7,0,0.5899434685707092,0.8407543897628784,-0.012903115712106228
9,hand,8,0,0.5862535238265991,0.8320468664169312,-0.012501833029091358
9,hand,9,0,0.61378014087677,0.818031907081604,-0.0037814504466950893
9,hand,10,0,0.6018834710121155,0.8438808917999268,-0.0051772696897387505
9,hand,11,0,0.5923289656639099,0.839381992816925,-0.0054904017597436905
9,hand,12,0,0.5879656672477722,0.8308860063552856,-0.0052035897970199585
9,hand,13,0,0.614599347114563,0.8171292543411255,0.001326724886894226
9,hand,14,0,0.6035078763961792,0.8398147821426392,-0.00023316495935432613
9,hand,15,0,0.5950905084609985,0.8363770246505737,-0.000634512456599623
9,hand,16,0,0.5908892154693604,0.8286750316619873,-0.00045066833263263106
9,hand,17,0,0.6133466362953186,0.8155466318130493,0.005678686313331127
9,hand,18,0,0.6050359010696411,0.8339669108390808,0.0038956254720687866
9,hand,19,0,0.5982630848884583,0.8338828086853027,0.003281362820416689
9,hand,20,0,0.5941339135169983,0.8295559287071228,0.003499385667964816
9,hand,0,1,0.4258175492286682,0.7461268901824951,-9.44748705933307e-08
9,hand,1,1,0.4386998116970062,0.7622032761573792,-0.010371057316660881
9,hand,2,1,0.44471514225006104,0.7884275317192078,-0.013133921660482883
9,hand,3,1,0.44820693135261536,0.8128814697265625,-0.01320950873196125
9,hand,4,1,0.4507560729980469,0.8295530676841736,-0.012126040644943714
9,hand,5,1,0.42349815368652344,0.8096064329147339,-0.00971141830086708
9,hand,6,1,0.43232378363609314,0.8418746590614319,-0.010409146547317505
9,hand,7,1,0.4420497715473175,0.8482721447944641,-0.010093546472489834
9,hand,8,1,0.4495604932308197,0.8484934568405151,-0.009396752342581749
9,hand,9,1,0.41738083958625793,0.8087867498397827,-0.0030821238178759813
9,hand,10,1,0.431925892829895,0.8318822979927063,-0.004017050843685865
9,hand,11,1,0.44163867831230164,0.8277534246444702,-0.004254769999533892
9,hand,12,1,0.44671687483787537,0.8211698532104492,-0.004190667998045683
9,hand,13,1,0.4158176779747009,0.8060069680213928,0.0032163155265152454
9,hand,14,1,0.4304075837135315,0.8244544863700867,0.001839506789110601
9,hand,15,1,0.4382474720478058,0.8203888535499573,0.0010391419054940343
9,hand,16,1,0.4425075054168701,0.8132118582725525,0.0008786871330812573
9,hand,17,1,0.4163435101509094,0.8035112023353577,0.008974152617156506
9,hand,18,1,0.4275505244731903,0.8173344731330872,0.007044631522148848
9,hand,19,1,0.43436896800994873,0.8150326609611511,0.006098208483308554
9,hand,20,1,0.4387018382549286,0.8091160655021667,0.006229558028280735
9,pose,0,-1,0.530660092830658,0.16174818575382233,-0.46490854024887085
9,pose,1,-1,0.541639506816864,0.13909995555877686,-0.4420088827610016
9,pose,2,-1,0.5474139451980591,0.14096949994564056,-0.44212013483047485
9,pose,3,-1,0.5528222918510437,0.14297686517238617,-0.4421907663345337
9,pose,4,-1,0.5231353640556335,0.1356642246246338,-0.4457610249519348
9,pose,5,-1,0.5168003439903259,0.13529981672763824,-0.44583070278167725
9,pose,6,-1,0.511005699634552,0.13521116971969604,-0.4459613859653473
9,pose,7,-1,0.5601357817649841,0.1589389592409134,-0.2823166251182556
9,pose,8,-1,0.5013978481292725,0.1496037244796753,-0.3013674020767212
9,pose,9,-1,0.5411369800567627,0.1934686303138733,-0.4032682478427887
9,pose,10,-1,0.5165714025497437,0.19106589257717133,-0.4086969196796417
9,pose,11,-1,0.5992974042892456,0.3193053603172302,-0.1631295084953308
9,pose,12,-1,0.4496808350086212,0.3171183168888092,-0.2025037705898285
9,pose,13,-1,0.6133145689964294,0.5372591614723206,-0.07491004467010498
9,pose,14,-1,0.4270995259284973,0.5386970639228821,-0.16054286062717438
9,pose,15,-1,0.6121290326118469,0.7394548058509827,-0.2228173166513443
9,pose,16,-1,0.42948028445243835,0.737943172454834,-0.2980857193470001
9,pose,17,-1,0.6171801686286926,0.7974298596382141,-0.27505314350128174
9,pose,18,-1,0.42833343148231506,0.7994078993797302,-0.34589630365371704
9,pose,19,-1,0.6037305593490601,0.7958403825759888,-0.3187114894390106
9,pose,20,-1,0.4401686489582062,0.7974863052368164,-0.38926905393600464
9,pose,21,-1,0.5994469523429871,0.7763829827308655,-0.24215921759605408
9,pose,22,-1,0.4435892105102539,0.7778049111366272,-0.3165898025035858
9,pose,23,-1,0.5566895008087158,0.7061451077461243,0.014588353224098682
9,pose,24,-1,0.472350537776947,0.709276020526886,-0.014418153092265129
9,pose,25,-1,0.5463466644287109,0.9720442295074463,0.019382160156965256
9,pose,26,-1,0.48791155219078064,0.9674485921859741,0.013410435058176517
9,pose,27,-1,0.5569733381271362,1.1999541521072388,0.4537791311740875
9,pose,28,-1,0.4862001836299896,1.2101999521255493,0.3493898808956146
9,pose,29,-1,0.5561515688896179,1.2229349613189697,0.49116215109825134
9,pose,30,-1,0.4871898293495178,1.2357388734817505,0.37904077768325806
9,pose,31,-1,0.5546799302101135,1.2941043376922607,0.3555695116519928
9,pose,32,-1,0.496945858001709,1.3004869222640991,0.20219245553016663
10,hand,0,0,0.6081563830375671,0.7579914331436157,5.3306493441596103e-08
10,hand,1,0,0.5948865413665771,0.7661038041114807,-0.011533914133906364
10,hand,2,0,0.5896051526069641,0.7890796661376953,-0.015535305254161358
10,hand,3,0,0.5859031081199646,0.8139380216598511,-0.016952702775597572
10,hand,4,0,0.5835235714912415,0.8341175317764282,-0.016973257064819336
10,hand,5,0,0.609251856803894,0.8155751824378967,-0.01091111358255148
10,hand,6,0,0.5984485149383545,0.8444258570671082,-0.013312467373907566
10,hand,7,0,0.5895677208900452,0.8406127691268921,-0.013788779266178608
10,hand,8,0,0.5861449837684631,0.8318834900856018,-0.01315295323729515
10,hand,9,0,0.6139480471611023,0.8181689977645874,-0.00469957385212183
10,hand,10,0,0.6015523672103882,0.8440834879875183,-0.006261478643864393
10,hand,11,0,0.591958224773407,0.8388079404830933,-0.006391119211912155
10,hand,12,0,0.588050365447998,0.8296077847480774,-0.005972299724817276
10,hand,13,0,0.6146512031555176,0.8176430463790894,0.0008696212316863239
10,hand,14,0,0.603166401386261,0.8402968049049377,-0.0008516254019923508
10,hand,15,0,0.5947510600090027,0.8361092805862427,-0.0011985821183770895
10,hand,16,0,0.5908793210983276,0.8277120590209961,-0.0009632594883441925
10,hand,17,0,0.6132974028587341,0.8166398406028748,0.005663812626153231
10,hand,18,0,0.6048458814620972,0.8351997137069702,0.003638192545622587
10,hand,19,0,0.5981024503707886,0.8342760801315308,0.002924240194261074
10,hand,20,0,0.5942708849906921,0.8289991617202759,0.00310095539316535
10,hand,0,1,0.42513975501060486,0.7451927065849304,-1.0498338554043585e-07
10,hand,1,1,0.43791288137435913,0.7612018585205078,-0.009675373323261738
10,hand,2,1,0.44430676102638245,0.787760317325592,-0.012607626616954803
10,hand,3,1,0.4478622376918793,0.8120431303977966,-0.013082261197268963
10,hand,4,1,0.45064467191696167,0.8279457092285156,-0.012430360540747643
10,hand,5,1,0.42272353172302246,0.8069643974304199,-0.010127144865691662
10,hand,6,1,0.43144720792770386,0.8404558897018433,-0.012092569842934608
10,hand,7,1,0.44141724705696106,0.8480331897735596,-0.012749703601002693
10,hand,8,1,0.4493859112262726,0.8489218950271606,-0.01258052047342062
10,hand,9,1,0.4167986810207367,0.8067286014556885,-0.004219171591103077
10,hand,10,1,0.4311375021934509,0.8315339088439941,-0.006062025669962168
10,hand,11,1,0.44102147221565247,0.8271428346633911,-0.0063544511795043945
10,hand,12,1,0.4457905888557434,0.8204832077026367,-0.006266064941883087
10,hand,13,1,0.4154738485813141,0.8049565553665161,0.001349425408989191
10,hand,14,1,0.4296327829360962,0.8258640170097351,-0.000741563446354121
10,hand,15,1,0.437627911567688,0.8213945031166077,-0.0010950921569019556
10,hand,16,1,0.44174233078956604,0.8139280080795288,-0.0008573940140195191
10,hand,17,1,0.4163743853569031,0.8032218813896179,0.006410319358110428
10,hand,18,1,0.42681726813316345,0.8189138770103455,0.004303541500121355
10,hand,19,1,0.43351173400878906,0.8164422512054443,0.0038631719071418047
10,hand,20,1,0.4375387728214264,0.8100594878196716,0.004354882054030895
10,pose,0,-1,0.5307052731513977,0.1616877317428589,-0.457183301448822
10,pose,1,-1,0.5416602492332458,0.13906486332416534,-0.4341900646686554
10,pose,2,-1,0.5474421977996826,0.14094030857086182,-0.43430280685424805
10,pose,3,-1,0.5528682470321655,0.1429578810930252,-0.43436819314956665
10,pose,4,-1,0.5231982469558716,0.13556204736232758,-0.4377535581588745
10,pose,5,-1,0.5168333649635315,0.135157510638237,-0.4378126859664917
10,pose,6,-1,0.5110183954238892,0.13502253592014313,-0.43793871998786926
10,pose,7,-1,0.5601409077644348,0.15892527997493744,-0.27528116106987
10,pose,8,-1,0.5013660192489624,0.14945170283317566,-0.29336538910865784
10,pose,9,-1,0.5411378741264343,0.1934475153684616,-0.3959828019142151
10,pose,10,-1,0.516595721244812,0.19096803665161133,-0.4011227786540985
10,pose,11,-1,0.599086582660675,0.31928521394729614,-0.15940119326114655
10,pose,12,-1,0.4495699107646942,0.3171219825744629,-0.19562453031539917
10,pose,13,-1,0.613314688205719,0.5372624397277832,-0.0732741504907608
10,pose,14,-1,0.4269537925720215,0.5386055111885071,-0.15481916069984436
10,pose,15,-1,0.6121622323989868,0.7394576668739319,-0.22251811623573303
10,pose,16,-1,0.4292556047439575,0.7375875115394592,-0.2936466336250305
10,pose,17,-1,0.6172592043876648,0.7973647713661194,-0.27485689520835876
10,pose,18,-1,0.4281069040298462,0.7992299795150757,-0.34139785170555115
10,pose,19,-1,0.6037353277206421,0.7957090735435486,-0.3184835612773895
10,pose,20,-1,0.44000929594039917,0.7972226738929749,-0.38519495725631714
10,pose,21,-1,0.5994476675987244,0.7762106657028198,-0.24175450205802917
10,pose,22,-1,0.44346991181373596,0.7775484323501587,-0.3123943507671356
10,pose,23,-1,0.5564143061637878,0.7062026858329773,0.014324466697871685
10,pose,24,-1,0.4720730185508728,0.7093152403831482,-0.014151186682283878
10,pose,25,-1,0.5463451743125916,0.9722388386726379,0.018208319321274757
10,pose,26,-1,0.48790696263313293,0.9673258662223816,0.013161912560462952
10,pose,27,-1,0.5570111870765686,1.1999460458755493,0.45226171612739563
10,pose,28,-1,0.4862046539783478,1.2102073431015015,0.34827688336372375
10,pose,29,-1,0.5562192797660828,1.2228742837905884,0.48984402418136597
10,pose,30,-1,0.48719364404678345,1.2357583045959473,0.3778426945209503
10,pose,31,-1,0.5546082854270935,1.29427969455719,0.35499316453933716
10,pose,32,-1,0.49693140387535095,1.3002824783325195,0.20169304311275482
11,hand,0,0,0.6078375577926636,0.7596994638442993,5.0371642856816834e-08
11,hand,1,0,0.5943694710731506,0.7685316205024719,-0.010644213296473026
11,hand,2,0,0.5890792608261108,0.7916833758354187,-0.014249810948967934
11,hand,3,0,0.5858591794967651,0.8158377408981323,-0.015441201627254486
11,hand,4,0,0.5831553936004639,0.8344749212265015,-0.015240691602230072
11,hand,5,0,0.6090575456619263,0.8164480328559875,-0.010097641497850418
11,hand,6,0,0.5983906984329224,0.8453153967857361,-0.012671408243477345
11,hand,7,0,0.5893047451972961,0.8413076996803284,-0.013404606841504574
11,hand,8,0,0.5856218934059143,0.8324456214904785,-0.01294719148427248
11,hand,9,0,0.6140748858451843,0.8191657662391663,-0.004388761706650257
11,hand,10,0,0.6018072962760925,0.8453811407089233,-0.00619871960952878
11,hand,11,0,0.591943621635437,0.8405934572219849,-0.006561311427503824
11,hand,12,0,0.5875173807144165,0.8313226699829102,-0.006272395607084036
11,hand,13,0,0.6150055527687073,0.8189125061035156,0.0007289202767424285
11,hand,14,0,0.603546142578125,0.8421042561531067,-0.0012118789600208402
11,hand,15,0,0.5947937369346619,0.8381924629211426,-0.001706328010186553
11,hand,16,0,0.5905305743217468,0.8295204043388367,-0.0015083170728757977
11,hand,17,0,0.6137800216674805,0.8179051876068115,0.0051417164504528046
11,hand,18,0,0.6052008271217346,0.8365193605422974,0.0029351755511015654
11,hand,19,0,0.5981361269950867,0.835755467414856,0.0021317005157470703
11,hand,20,0,0.5939204096794128,0.8305941820144653,0.0022856814321130514
11,hand,0,1,0.4254973530769348,0.7459671497344971,-9.978190718129554e-08
11,hand,1,1,0.4380316436290741,0.7618937492370605,-0.010065083391964436
11,hand,2,1,0.44416436553001404,0.7873306274414062,-0.013219872489571571
11,hand,3,1,0.44793829321861267,0.811377227306366,-0.01385157834738493
11,hand,4,1,0.45037317276000977,0.8275616765022278,-0.013332744129002094
11,hand,5,1,0.42304837703704834,0.8074812889099121,-0.010509585030376911
11,hand,6,1,0.43156352639198303,0.8404726982116699,-0.012126153334975243
11,hand,7,1,0.44125521183013916,0.8477378487586975,-0.012430411763489246
11,hand,8,1,0.44912034273147583,0.8486192226409912,-0.012060334905982018
11,hand,9,1,0.41694778203964233,0.8072824478149414,-0.00440054340288043
11,hand,10,1,0.4308125972747803,0.8318740129470825,-0.005763042252510786
11,hand,11,1,0.441388875246048,0.8300988078117371,-0.006125478073954582
11,hand,12,1,0.4477769732475281,0.8250478506088257,-0.006229553371667862
11,hand,13,1,0.41530841588974,0.8054733872413635,0.0014015382621437311
11,hand,14,1,0.42941007018089294,0.8251897692680359,-4.150306267547421e-05
11,hand,15,1,0.4379040002822876,0.8231987953186035,-0.0004985015839338303
11,hand,16,1,0.4432922899723053,0.8175526857376099,-0.0005574726383201778
11,hand,17,1,0.4160183072090149,0.8035352826118469,0.006622521206736565
11,hand,18,1,0.4266608655452728,0.8184840679168701,0.0047666048631072044
11,hand,19,1,0.4337979555130005,0.8177724480628967,0.004167277365922928
11,hand,20,1,0.43901965022087097,0.8128264546394348,0.0044722165912389755
11,pose,0,-1,0.530713677406311,0.16162462532520294,-0.4519023299217224
11,pose,1,-1,0.5416631698608398,0.13893920183181763,-0.42869454622268677
11,pose,2,-1,0.5474464893341064,0.140797957777977,-0.42881354689598083
11,pose,3,-1,0.5528882145881653,0.1428181231021881,-0.4288739264011383
11,pose,4,-1,0.5232251882553101,0.13545675575733185,-0.4321261942386627
11,pose,5,-1,0.5168553590774536,0.13505138456821442,-0.4321901500225067
11,pose,6,-1,0.511032223701477,0.13491035997867584,-0.43231841921806335
11,pose,7,-1,0.560160756111145,0.15885455906391144,-0.2700513005256653
11,pose,8,-1,0.5013626217842102,0.14933857321739197,-0.2875880002975464
11,pose,9,-1,0.5411382913589478,0.19341440498828888,-0.3909357488155365
11,pose,10,-1,0.5166152715682983,0.19092659652233124,-0.3959195017814636
11,pose,11,-1,0.5989978313446045,0.31929606199264526,-0.15427418053150177
11,pose,12,-1,0.44953253865242004,0.31702351570129395,-0.1913401335477829
11,pose,13,-1,0.6133286952972412,0.5376667976379395,-0.06621407717466354
11,pose,14,-1,0.42680755257606506,0.5382679104804993,-0.15123680233955383
11,pose,15,-1,0.6122137904167175,0.739643394947052,-0.2120697945356369
11,pose,16,-1,0.42914053797721863,0.7372167706489563,-0.29021939635276794
11,pose,17,-1,0.6173337697982788,0.7973999381065369,-0.26323211193084717
11,pose,18,-1,0.42802804708480835,0.7989792823791504,-0.3375565707683563
11,pose,19,-1,0.6037581562995911,0.7957022190093994,-0.3062595725059509
11,pose,20,-1,0.4399329125881195,0.7969026565551758,-0.38104164600372314
11,pose,21,-1,0.5994619727134705,0.7762070894241333,-0.23084895312786102
11,pose,22,-1,0.4434109032154083,0.7772435545921326,-0.3087919354438782
11,pose,23,-1,0.5562065243721008,0.706474244594574,0.014140056446194649
11,pose,24,-1,0.4718669652938843,0.7093473672866821,-0.013967606239020824
11,pose,25,-1,0.5462184548377991,0.972392201423645,0.018083008006215096
11,pose,26,-1,0.48790228366851807,0.9672720432281494,0.011831928975880146
11,pose,27,-1,0.5567910075187683,1.1997885704040527,0.4521159529685974
11,pose,28,-1,0.4861513078212738,1.2099628448486328,0.34831666946411133
11,pose,29,-1,0.5561120510101318,1.222765326499939,0.4896739423274994
11,pose,30,-1,0.48715633153915405,1.2354685068130493,0.37802332639694214
11,pose,31,-1,0.5538292527198792,1.294268012046814,0.35514581203460693
11,pose,32,-1,0.49675413966178894,1.3001397848129272,0.20501384139060974
12,hand,0,0,0.6087744235992432,0.7599876523017883,8.413124419348605e-08
12,hand,1,0,0.5957844853401184,0.769034743309021,-0.011281908489763737
12,hand,2,0,0.5897835493087769,0.7922565340995789,-0.01524474285542965
12,hand,3,0,0.5862834453582764,0.8165622353553772,-0.016567086800932884
12,hand,4,0,0.5824814438819885,0.8352299928665161,-0.016575653105974197
12,hand,5,0,0.6101756691932678,0.8171538710594177,-0.010800412856042385
12,hand,6,0,0.601322591304779,0.8461908102035522,-0.01273778174072504
12,hand,7,0,0.5915867686271667,0.845821738243103,-0.012964433990418911
12,hand,8,0,0.5858815312385559,0.8392786383628845,-0.012315474450588226
12,hand,9,0,0.6150993704795837,0.8191261291503906,-0.004661003593355417
12,hand,10,0,0.6040396094322205,0.8458033204078674,-0.0060967206954956055
12,hand,11,0,0.593696117401123,0.8445772528648376,-0.006339600775390863
12,hand,12,0,0.5875126719474792,0.8384124636650085,-0.006072872318327427
12,hand,13,0,0.6159824728965759,0.8181906342506409,0.0009127032244578004
12,hand,14,0,0.6055899858474731,0.8414453864097595,-0.000722897588275373
12,hand,15,0,0.596308171749115,0.8411852121353149,-0.0016103183152154088
12,hand,16,0,0.5902196168899536,0.8361683487892151,-0.001818050048314035
12,hand,17,0,0.6145510673522949,0.8166424036026001,0.005749789997935295
12,hand,18,0,0.6070259213447571,0.8357637524604797,0.003720127744600177
12,hand,19,0,0.5992435216903687,0.8380205631256104,0.0026521096006035805
12,hand,20,0,0.5933290123939514,0.8359675407409668,0.0025404752232134342
12,hand,0,1,0.42488938570022583,0.7444087266921997,-9.652666932424836e-08
12,hand,1,1,0.4374904930591583,0.7599522471427917,-0.010106072761118412
12,hand,2,1,0.4439394474029541,0.7868005633354187,-0.013202998787164688
12,hand,3,1,0.4476718008518219,0.81160569190979,-0.013733498752117157
12,hand,4,1,0.45054149627685547,0.8273043036460876,-0.013082080520689487
12,hand,5,1,0.42232391238212585,0.804802417755127,-0.010899647139012814
12,hand,6,1,0.43051981925964355,0.8393731117248535,-0.013108001090586185
12,hand,7,1,0.4404250681400299,0.8475395441055298,-0.013789595104753971
12,hand,8,1,0.4485038220882416,0.8486216068267822,-0.01356892567127943
12,hand,9,1,0.41655975580215454,0.805188775062561,-0.004824349656701088
12,hand,10,1,0.42977797985076904,0.8330835103988647,-0.006803469732403755
12,hand,11,1,0.4408095180988312,0.8327735066413879,-0.007322147022932768
12,hand,12,1,0.44751879572868347,0.8283420205116272,-0.007348112761974335
12,hand,13,1,0.4152655601501465,0.804241418838501,0.000904554093722254
12,hand,14,1,0.4286535978317261,0.8266597986221313,-0.0010612367186695337
12,hand,15,1,0.43748506903648376,0.8256271481513977,-0.001653666840866208
12,hand,16,1,0.4428679943084717,0.8203455805778503,-0.0015819902764633298
12,hand,17,1,0.4162406325340271,0.8031343817710876,0.006070651113986969
12,hand,18,1,0.4264867603778839,0.8195918798446655,0.004047687165439129
12,hand,19,1,0.43366461992263794,0.8195862174034119,0.0033937604166567326
12,hand,20,1,0.4386199116706848,0.815168559551239,0.0037166273687034845
12,pose,0,-1,0.5307630896568298,0.16161596775054932,-0.4529477059841156
12,pose,1,-1,0.54169100522995,0.13892892003059387,-0.43013960123062134
12,pose,2,-1,0.5474799275398254,0.14078795909881592,-0.4302619695663452
12,pose,3,-1,0.5529334545135498,0.14280974864959717,-0.4303288161754608
12,pose,4,-1,0.523290753364563,0.13544641435146332,-0.4335097670555115
12,pose,5,-1,0.5169070959091187,0.1350424438714981,-0.4335773289203644
12,pose,6,-1,0.5110672116279602,0.13490377366542816,-0.4337089955806732
12,pose,7,-1,0.5601676106452942,0.1588524729013443,-0.27198106050491333
12,pose,8,-1,0.5013591051101685,0.14932726323604584,-0.2892397940158844
12,pose,9,-1,0.5411535501480103,0.19347867369651794,-0.39190909266471863
12,pose,10,-1,0.5166555643081665,0.19099630415439606,-0.39682939648628235
12,pose,11,-1,0.5989769101142883,0.3193851113319397,-0.15522292256355286
12,pose,12,-1,0.4494396150112152,0.3170400857925415,-0.1919117122888565
12,pose,13,-1,0.6132640242576599,0.5376583933830261,-0.06544370204210281
12,pose,14,-1,0.4266391396522522,0.5382384061813354,-0.1513207107782364
12,pose,15,-1,0.6122095584869385,0.7399120330810547,-0.20887085795402527
12,pose,16,-1,0.42898717522621155,0.736786425113678,-0.28903481364250183
12,pose,17,-1,0.6173391938209534,0.7976458072662354,-0.25925111770629883
12,pose,18,-1,0.42778879404067993,0.79875248670578,-0.3359888792037964
12,pose,19,-1,0.6037785410881042,0.7959367632865906,-0.3022726774215698
12,pose,20,-1,0.439699649810791,0.7967405319213867,-0.37950965762138367
12,pose,21,-1,0.5994685292243958,0.7763100266456604,-0.22752496600151062
12,pose,22,-1,0.4432511329650879,0.7770550847053528,-0.307576984167099
12,pose,23,-1,0.5557527542114258,0.7071544528007507,0.013917730189859867
12,pose,24,-1,0.47148239612579346,0.7094146013259888,-0.013755211606621742
12,pose,25,-1,0.5461207032203674,0.9723879098892212,0.018038872629404068
12,pose,26,-1,0.48768186569213867,0.9671698808670044,0.010750866495072842
12,pose,27,-1,0.556312620639801,1.1995290517807007,0.4541364908218384
12,pose,28,-1,0.4859946370124817,1.2097610235214233,0.35372933745384216
12,pose,29,-1,0.5557089447975159,1.2220935821533203,0.4923601448535919
12,pose,30,-1,0.4870512783527374,1.2354098558425903,0.38488614559173584
12,pose,31,-1,0.5531412363052368,1.294187068939209,0.3616226613521576
12,pose,32,-1,0.49662095308303833,1.3000526428222656,0.2165975272655487
13,hand,0,0,0.6090928316116333,0.7624574303627014,8.996755695989123e-08
13,hand,1,0,0.5982840657234192,0.7712114453315735,-0.010817361064255238
13,hand,2,0,0.5928031802177429,0.7928821444511414,-0.014750177040696144
13,hand,3,0,0.5892565846443176,0.8161457777023315,-0.016224034130573273
13,hand,4,0,0.5885259509086609,0.8325712084770203,-0.016316059976816177
13,hand,5,0,0.6154294013977051,0.8144474625587463,-0.010855820961296558
13,hand,6,0,0.6079260110855103,0.8461592197418213,-0.013107044622302055
13,hand,7,0,0.5980007648468018,0.846639096736908,-0.013367090374231339
13,hand,8,0,0.5925298929214478,0.8401301503181458,-0.012627494521439075
13,hand,9,0,0.6189238429069519,0.8169400691986084,-0.0051720766350626945
13,hand,10,0,0.6091905832290649,0.8473412990570068,-0.007230302784591913
13,hand,11,0,0.5983770489692688,0.8460526466369629,-0.007909847423434258
13,hand,12,0,0.5923987030982971,0.8378456830978394,-0.007725224364548922
13,hand,13,0,0.6186193823814392,0.8175113201141357,3.475995981716551e-05
13,hand,14,0,0.6091920137405396,0.8425058722496033,-0.0019784318283200264
13,hand,15,0,0.5998747944831848,0.8417236804962158,-0.003220518119633198
13,hand,16,0,0.5941450595855713,0.8348233699798584,-0.003468161914497614
13,hand,17,0,0.6160988807678223,0.8175116181373596,0.004554117098450661
13,hand,18,0,0.6089737415313721,0.8367862701416016,0.00251103681512177
13,hand,19,0,0.6017014980316162,0.8391083478927612,0.001233222777955234
13,hand,20,0,0.5964401364326477,0.835840106010437,0.0010246423771604896
13,hand,0,1,0.42466098070144653,0.7450945377349854,-9.103523268549907e-08
13,hand,1,1,0.43720221519470215,0.7601460814476013,-0.010431820526719093
13,hand,2,1,0.44366830587387085,0.7862878441810608,-0.013771120458841324
13,hand,3,1,0.44736558198928833,0.8110743761062622,-0.014405300840735435
13,hand,4,1,0.4491024315357208,0.8267521262168884,-0.01379560586065054
13,hand,5,1,0.42273473739624023,0.8057754039764404,-0.011773042380809784
13,hand,6,1,0.4308050870895386,0.8395044803619385,-0.01304872240871191
13,hand,7,1,0.44036510586738586,0.8466728329658508,-0.012901252135634422
13,hand,8,1,0.44828566908836365,0.8474330902099609,-0.012344754301011562
13,hand,9,1,0.416377454996109,0.8063333034515381,-0.005512520205229521
13,hand,10,1,0.4292652904987335,0.8341049551963806,-0.006488847080618143
13,hand,11,1,0.4400333762168884,0.8351815342903137,-0.006556379608809948
13,hand,12,1,0.44713425636291504,0.8316665291786194,-0.006709917448461056
13,hand,13,1,0.4146444499492645,0.8051080107688904,0.0004994780174456537
13,hand,14,1,0.42732322216033936,0.8282379508018494,-0.0004168883606325835
13,hand,15,1,0.4359624683856964,0.8287790417671204,-0.0006102111074142158
13,hand,16,1,0.44192633032798767,0.8247186541557312,-0.0007907370454631746
13,hand,17,1,0.41539108753204346,0.8036236763000488,0.0058758314698934555
13,hand,18,1,0.4247610867023468,0.8208315372467041,0.004313688259571791
13,hand,19,1,0.431938499212265,0.8220388293266296,0.00370292947627604
13,hand,20,1,0.43750089406967163,0.8186144828796387,0.0037359052803367376
13,pose,0,-1,0.5306527614593506,0.16178885102272034,-0.4549897611141205
13,pose,1,-1,0.54157555103302,0.13901041448116302,-0.43248412013053894
13,pose,2,-1,0.5473278760910034,0.14085860550403595,-0.43260622024536133
13,pose,3,-1,0.5528697371482849,0.14288631081581116,-0.43267518281936646
13,pose,4,-1,0.523193359375,0.1355290561914444,-0.4354914426803589
13,pose,5,-1,0.5168315768241882,0.13513116538524628,-0.43555915355682373
13,pose,6,-1,0.5109966397285461,0.13503918051719666,-0.4356965720653534
13,pose,7,-1,0.5601627230644226,0.15910951793193817,-0.27436789870262146
13,pose,8,-1,0.5013536214828491,0.14942848682403564,-0.2894614636898041
13,pose,9,-1,0.5410402417182922,0.1938810497522354,-0.3938221037387848
13,pose,10,-1,0.5165979862213135,0.1913679540157318,-0.39823463559150696
13,pose,11,-1,0.5990063548088074,0.3205777704715729,-0.15580374002456665
13,pose,12,-1,0.4494357705116272,0.3171217441558838,-0.19101327657699585
13,pose,13,-1,0.6129996180534363,0.5391983389854431,-0.06417381018400192
13,pose,14,-1,0.42662468552589417,0.5382159352302551,-0.15068000555038452
13,pose,15,-1,0.6121814250946045,0.7407993078231812,-0.2061808854341507
13,pose,16,-1,0.4289236068725586,0.7361677885055542,-0.2892943322658539
13,pose,17,-1,0.6177504062652588,0.798325777053833,-0.2553221881389618
13,pose,18,-1,0.42762359976768494,0.7982270121574402,-0.33592116832733154
13,pose,19,-1,0.6047629714012146,0.7973261475563049,-0.29900723695755005
13,pose,20,-1,0.439503937959671,0.7964006662368774,-0.37931302189826965
13,pose,21,-1,0.5999276041984558,0.7774525284767151,-0.22504428029060364
13,pose,22,-1,0.4431576728820801,0.776648223400116,-0.3077601194381714
13,pose,23,-1,0.5548890233039856,0.7080257534980774,0.01383308507502079
13,pose,24,-1,0.47122299671173096,0.7095593810081482,-0.013679678551852703
13,pose,25,-1,0.5461326837539673,0.97268146276474,0.016443956643342972
13,pose,26,-1,0.4876786172389984,0.9673729538917542,0.006993160583078861
13,pose,27,-1,0.5563045740127563,1.1994493007659912,0.455691397190094
13,pose,28,-1,0.4860821068286896,1.2101967334747314,0.3556077182292938
13,pose,29,-1,0.5556870102882385,1.2220183610916138,0.4943641424179077
13,pose,30,-1,0.48723265528678894,1.235287070274353,0.3873615562915802
13,pose,31,-1,0.5530993938446045,1.294659972190857,0.3633013665676117
13,pose,32,-1,0.4968934953212738,1.3006151914596558,0.21847866475582123
14,hand,0,0,0.6095633506774902,0.7614415884017944,6.49819256182127e-08
14,hand,1,0,0.6011021733283997,0.7742211818695068,-0.008854961022734642
14,hand,2,0,0.5984920263290405,0.7991341948509216,-0.011189024895429611
14,hand,3,0,0.5979135036468506,0.8221965432167053,-0.01169936079531908
14,hand,4,0,0.5961913466453552,0.8360555768013,-0.010965266264975071
14,hand,5,0,0.6210042238235474,0.8140913248062134,-0.005202626809477806
14,hand,6,0,0.616657555103302,0.843125581741333,-0.0074966903775930405
14,hand,7,0,0.6069128513336182,0.844232976436615,-0.009000799618661404
14,hand,8,0,0.6007710099220276,0.8387944102287292,-0.009218375198543072
14,hand,9,0,0.6226951479911804,0.8155074119567871,-0.00045333392336033285
14,hand,10,0,0.6170617938041687,0.8442161679267883,-0.0023085731081664562
14,hand,11,0,0.6070412993431091,0.8443684577941895,-0.0038274754770100117
14,hand,12,0,0.6006762385368347,0.8379157185554504,-0.004171928856521845
14,hand,13,0,0.6211997270584106,0.815493106842041,0.00353983580134809
14,hand,14,0,0.6148427128791809,0.8391175866127014,0.001240707584656775
14,hand,15,0,0.6058349609375,0.838973343372345,-0.0007903811056166887
14,hand,16,0,0.5997491478919983,0.8331252932548523,-0.0012567699886858463
14,hand,17,0,0.6182543635368347,0.815112292766571,0.0069759017787873745
14,hand,18,0,0.6135812401771545,0.8336437940597534,0.004838860128074884
14,hand,19,0,0.60673588514328,0.8367505669593811,0.003263866761699319
14,hand,20,0,0.6014155149459839,0.8344939947128296,0.0030045779421925545
14,hand,0,1,0.42439061403274536,0.7445052266120911,-1.099479263189096e-07
14,hand,1,1,0.43719467520713806,0.760246753692627,-0.009861787781119347
14,hand,2,1,0.44341161847114563,0.7865762710571289,-0.012711508199572563
14,hand,3,1,0.4469648599624634,0.8111063838005066,-0.012805003672838211
14,hand,4,1,0.44932764768600464,0.826910138130188,-0.011684180237352848
14,hand,5,1,0.421436071395874,0.8052366375923157,-0.011677369475364685
14,hand,6,1,0.43069201707839966,0.8395236134529114,-0.012512309476733208
14,hand,7,1,0.4408438205718994,0.8462609648704529,-0.011769847013056278
14,hand,8,1,0.44873297214508057,0.8463513255119324,-0.010769890621304512
14,hand,9,1,0.4153866469860077,0.8053424954414368,-0.005316717550158501
14,hand,10,1,0.4300149083137512,0.8307544589042664,-0.006231352221220732
14,hand,11,1,0.4400441348552704,0.82612544298172,-0.005914353299885988
14,hand,12,1,0.44508156180381775,0.8193097114562988,-0.005627665668725967
14,hand,13,1,0.413983017206192,0.8037939667701721,0.0009537815931253135
14,hand,14,1,0.4283161461353302,0.8247332572937012,-0.00014449843729380518
14,hand,15,1,0.43608206510543823,0.8200974464416504,-0.00021384420688264072
14,hand,16,1,0.44027143716812134,0.8122755289077759,-0.00011417656787671149
14,hand,17,1,0.4149501919746399,0.8020489811897278,0.006727349013090134
14,hand,18,1,0.42538270354270935,0.8176286220550537,0.00495216716080904
14,hand,19,1,0.43200570344924927,0.8151413202285767,0.004404623061418533
14,hand,20,1,0.4363803267478943,0.8085628151893616,0.00468968553468585
14,pose,0,-1,0.5304062962532043,0.16287322342395782,-0.4513121247291565
14,pose,1,-1,0.5413505434989929,0.13997970521450043,-0.4290381669998169
14,pose,2,-1,0.546992838382721,0.14183682203292847,-0.42916470766067505
14,pose,3,-1,0.5526292324066162,0.14384065568447113,-0.4292497932910919
14,pose,4,-1,0.5230391621589661,0.13629981875419617,-0.4309709370136261
14,pose,5,-1,0.5167195200920105,0.13588236272335052,-0.43103015422821045
14,pose,6,-1,0.5108843445777893,0.13588328659534454,-0.4311746656894684
14,pose,7,-1,0.5601107478141785,0.16037078201770782,-0.2716401219367981
14,pose,8,-1,0.5013372898101807,0.15007708966732025,-0.2825023829936981
14,pose,9,-1,0.5407570600509644,0.19488155841827393,-0.3903919756412506
14,pose,10,-1,0.5164563059806824,0.1922471672296524,-0.39355406165122986
14,pose,11,-1,0.599008321762085,0.32201912999153137,-0.1528199464082718
14,pose,12,-1,0.4493936002254486,0.3173672556877136,-0.18434742093086243
14,pose,13,-1,0.6124081015586853,0.5399600267410278,-0.05223033204674721
14,pose,14,-1,0.4266124665737152,0.5380509495735168,-0.1461552530527115
14,pose,15,-1,0.6121828556060791,0.7413971424102783,-0.18004879355430603
14,pose,16,-1,0.42883822321891785,0.7349433302879333,-0.28505781292915344
14,pose,17,-1,0.6191398501396179,0.7988777160644531,-0.22509640455245972
14,pose,18,-1,0.42750054597854614,0.7968736886978149,-0.3312751054763794
14,pose,19,-1,0.6076827645301819,0.7985022664070129,-0.2696848213672638
14,pose,20,-1,0.4391859769821167,0.7950443029403687,-0.37302085757255554
14,pose,21,-1,0.6017528176307678,0.7784197330474854,-0.19888755679130554
14,pose,22,-1,0.4429510831832886,0.7752578258514404,-0.30299875140190125
14,pose,23,-1,0.5547096133232117,0.7091057300567627,0.013244676403701305
14,pose,24,-1,0.4712260961532593,0.7096056938171387,-0.01312620285898447
14,pose,25,-1,0.546130895614624,0.9726011157035828,0.007959259673953056
14,pose,26,-1,0.4871731996536255,0.9671117663383484,0.0026199454441666603
14,pose,27,-1,0.5558076500892639,1.1870914697647095,0.46410924196243286
14,pose,28,-1,0.48605337738990784,1.2009549140930176,0.3746805787086487
14,pose,29,-1,0.5549465417861938,1.205621361732483,0.5056774616241455
14,pose,30,-1,0.4872216284275055,1.2211167812347412,0.4099023640155792
14,pose,31,-1,0.5530510544776917,1.2839386463165283,0.38003867864608765
14,pose,32,-1,0.49698445200920105,1.2929579019546509,0.24660737812519073
15,hand,0,0,0.6089142560958862,0.7572313547134399,5.055718332869219e-08
15,hand,1,0,0.607997715473175,0.7714471817016602,-0.009357275441288948
15,hand,2,0,0.6077531576156616,0.794101357460022,-0.011271377094089985
15,hand,3,0,0.6061170697212219,0.816138744354248,-0.011424693278968334
15,hand,4,0,0.6021366715431213,0.8285155296325684,-0.010249130427837372
15,hand,5,0,0.6265589594841003,0.8088589906692505,-0.000882185937371105
15,hand,6,0,0.6268501877784729,0.8350209593772888,-0.00332598271779716
15,hand,7,0,0.6183808445930481,0.838280439376831,-0.006233382038772106
15,hand,8,0,0.6117260456085205,0.8319426774978638,-0.007514158729463816
15,hand,9,0,0.62335205078125,0.8129001259803772,0.004048418253660202
15,hand,10,0,0.6243320107460022,0.8391427397727966,0.002553651574999094
15,hand,11,0,0.6157296895980835,0.8391727209091187,-0.0004096355114597827
15,hand,12,0,0.6098605394363403,0.8330257534980774,-0.0018341150134801865
15,hand,13,0,0.6190286874771118,0.8145633339881897,0.007739687338471413
15,hand,14,0,0.619688868522644,0.8356711268424988,0.0063913254998624325
15,hand,15,0,0.6131570339202881,0.8362041115760803,0.0037880451418459415
15,hand,16,0,0.608494222164154,0.8309406042098999,0.002604110399261117
15,hand,17,0,0.6138880252838135,0.8136476874351501,0.010615025646984577
15,hand,18,0,0.6149002909660339,0.8309099674224854,0.009506328031420708
15,hand,19,0,0.6104896664619446,0.8333480954170227,0.007850409485399723
15,hand,20,0,0.6072882413864136,0.8299522995948792,0.0071851941756904125
15,hand,0,1,0.42397409677505493,0.7429969906806946,-1.1266752153460402e-07
15,hand,1,1,0.4369431138038635,0.7593412399291992,-0.009787404909729958
15,hand,2,1,0.4431639611721039,0.7865699529647827,-0.01267983391880989
15,hand,3,1,0.44606897234916687,0.811531662940979,-0.012923343107104301
15,hand,4,1,0.4487643539905548,0.827019989490509,-0.011941115371882915
15,hand,5,1,0.42066696286201477,0.8029453754425049,-0.011588796973228455
15,hand,6,1,0.4290694296360016,0.8380480408668518,-0.01343982107937336
15,hand,7,1,0.43907707929611206,0.8458947539329529,-0.013375514186918736
15,hand,8,1,0.4471946954727173,0.8464857339859009,-0.012686156667768955
15,hand,9,1,0.41505947709083557,0.8036991357803345,-0.0055946847423911095
15,hand,10,1,0.42902711033821106,0.8312832713127136,-0.007534214295446873
15,hand,11,1,0.439741313457489,0.8283060193061829,-0.007569303270429373
15,hand,12,1,0.4454728960990906,0.8220356702804565,-0.007308818865567446
15,hand,13,1,0.414050817489624,0.8033422827720642,0.00017596528050489724
15,hand,14,1,0.42806464433670044,0.8262760639190674,-0.001991026569157839
15,hand,15,1,0.4365275800228119,0.8222334980964661,-0.0023524179123342037
15,hand,16,1,0.4413941502571106,0.8145633339881897,-0.0021462379954755306
15,hand,17,1,0.4153113067150116,0.8026676774024963,0.0054517341777682304
15,hand,18,1,0.4256186783313751,0.8190777897834778,0.0030256968457251787
15,hand,19,1,0.432693749666214,0.8174604177474976,0.002203617012128234
15,hand,20,1,0.4374942183494568,0.811829149723053,0.0024038059636950493
15,pose,0,-1,0.530168354511261,0.16288606822490692,-0.4528413414955139
15,pose,1,-1,0.5411336421966553,0.14002731442451477,-0.43131548166275024
15,pose,2,-1,0.5467299818992615,0.14186221361160278,-0.4314464330673218
15,pose,3,-1,0.5524335503578186,0.1438561975955963,-0.4315480589866638
15,pose,4,-1,0.5228093862533569,0.13646884262561798,-0.4316220283508301
15,pose,5,-1,0.516541600227356,0.13611501455307007,-0.4316754639148712
15,pose,6,-1,0.5107018947601318,0.13622939586639404,-0.4318401515483856
15,pose,7,-1,0.5600427389144897,0.16051015257835388,-0.2754054069519043
15,pose,8,-1,0.501314103603363,0.15062910318374634,-0.28558599948883057
15,pose,9,-1,0.540614664554596,0.19489377737045288,-0.3924172520637512
15,pose,10,-1,0.5163770318031311,0.19235065579414368,-0.39371901750564575
15,pose,11,-1,0.5990288257598877,0.32232800126075745,-0.15559513866901398
15,pose,12,-1,0.4495498836040497,0.31743842363357544,-0.18785585463047028
15,pose,13,-1,0.6116278767585754,0.5401008129119873,-0.05699831619858742
15,pose,14,-1,0.42661675810813904,0.5377079844474792,-0.14717832207679749
15,pose,15,-1,0.6123812794685364,0.7411101460456848,-0.18607354164123535
15,pose,16,-1,0.4288313090801239,0.7338956594467163,-0.28659310936927795
15,pose,17,-1,0.6211135387420654,0.798662006855011,-0.2308652400970459
15,pose,18,-1,0.42746052145957947,0.7960381507873535,-0.3328343331813812
15,pose,19,-1,0.611588716506958,0.7984234094619751,-0.275778591632843
15,pose,20,-1,0.43899524211883545,0.7944713830947876,-0.37471213936805725
15,pose,21,-1,0.6050184965133667,0.7784214019775391,-0.20516425371170044
15,pose,22,-1,0.44281232357025146,0.7744400501251221,-0.30468595027923584
15,pose,23,-1,0.5546675324440002,0.7090888619422913,0.012823546305298805
15,pose,24,-1,0.4713112413883209,0.7094215154647827,-0.012719910591840744
15,pose,25,-1,0.5462952256202698,0.9704210162162781,0.009102090261876583
15,pose,26,-1,0.48705852031707764,0.9643716216087341,0.003480619750916958
15,pose,27,-1,0.5558081269264221,1.1753528118133545,0.4672464430332184
15,pose,28,-1,0.48654791712760925,1.1893717050552368,0.375763475894928
15,pose,29,-1,0.5548761487007141,1.1931700706481934,0.5086347460746765
15,pose,30,-1,0.4876866042613983,1.2076332569122314,0.4102039337158203
15,pose,31,-1,0.5536819696426392,1.271056056022644,0.38235267996788025
15,pose,32,-1,0.4990338087081909,1.2822703123092651,0.2456512302160263
16,hand,0,0,0.6063456535339355,0.7513580322265625,-1.992441323039884e-09
16,hand,1,0,0.6126343011856079,0.7660685181617737,-0.009270860813558102
16,hand,2,0,0.6158358454704285,0.785648763179779,-0.012510147877037525
16,hand,3,0,0.6122874617576599,0.8078179955482483,-0.014685490168631077
16,hand,4,0,0.6077708601951599,0.8229966759681702,-0.015478093177080154
16,hand,5,0,0.6309134364128113,0.8027609586715698,-0.0003949880483560264
16,hand,6,0,0.631481945514679,0.828001856803894,-0.005218229256570339
16,hand,7,0,0.6244602203369141,0.8218607902526855,-0.00965874269604683
16,hand,8,0,0.622448742389679,0.8098811507225037,-0.011838800273835659
16,hand,9,0,0.6223772764205933,0.8074577450752258,0.002665839623659849
16,hand,10,0,0.6228210926055908,0.8319181203842163,5.084840813651681e-05
16,hand,11,0,0.6159195303916931,0.8226115107536316,-0.0031806633342057467
16,hand,12,0,0.61594557762146,0.8148921132087708,-0.004867923445999622
16,hand,13,0,0.6136611700057983,0.8074437975883484,0.004187001381069422
16,hand,14,0,0.6111104488372803,0.8232908844947815,0.0010601052781566978
16,hand,15,0,0.6068863272666931,0.8134748339653015,0.00018086966883856803
16,hand,16,0,0.608557939529419,0.8049303293228149,0.0002828402793966234
16,hand,17,0,0.6058909893035889,0.802201509475708,0.00488192168995738
16,hand,18,0,0.6036677360534668,0.8165427446365356,0.003643210744485259
16,hand,19,0,0.6011961102485657,0.8090656995773315,0.004858274478465319
16,hand,20,0,0.6031631231307983,0.8002928495407104,0.006134314928203821
16,hand,0,1,0.4233299195766449,0.7429726123809814,-9.970258219027528e-08
16,hand,1,1,0.43640321493148804,0.7584483623504639,-0.010403599590063095
16,hand,2,1,0.4424724876880646,0.7847896814346313,-0.013570385053753853
16,hand,3,1,0.4457910358905792,0.8101627826690674,-0.013866165652871132
16,hand,4,1,0.44838249683380127,0.8267887234687805,-0.012929421849548817
16,hand,5,1,0.42054858803749084,0.8031826615333557,-0.012133877724409103
16,hand,6,1,0.42908433079719543,0.8380321264266968,-0.013242855668067932
16,hand,7,1,0.4390203356742859,0.8457790017127991,-0.012818930670619011
16,hand,8,1,0.44687044620513916,0.8468810319900513,-0.012019705958664417
16,hand,9,1,0.4145563840866089,0.8033697605133057,-0.005531037226319313
16,hand,10,1,0.4279487133026123,0.8312540650367737,-0.0065578860230743885
16,hand,11,1,0.4388311803340912,0.8299098014831543,-0.006391350645571947
16,hand,12,1,0.4450640082359314,0.8247331976890564,-0.006251106504350901
16,hand,13,1,0.41328561305999756,0.8021069765090942,0.0009057192946784198
16,hand,14,1,0.42650407552719116,0.825661838054657,-0.00029511217144317925
16,hand,15,1,0.4353817105293274,0.8241130709648132,-0.0005883437115699053
16,hand,16,1,0.44088464975357056,0.8181881308555603,-0.0006662067607976496
16,hand,17,1,0.4143597185611725,0.8007503151893616,0.006807082798331976
16,hand,18,1,0.42404258251190186,0.8180879354476929,0.00506958644837141
16,hand,19,1,0.4313294291496277,0.8176302313804626,0.004375755786895752
16,hand,20,1,0.4364808201789856,0.8127031326293945,0.004459593910723925
16,pose,0,-1,0.5299586653709412,0.16219569742679596,-0.41686132550239563
16,pose,1,-1,0.540925920009613,0.13920767605304718,-0.3928581178188324
16,pose,2,-1,0.5464858412742615,0.14091788232326508,-0.39301636815071106
16,pose,3,-1,0.5522854924201965,0.14287129044532776,-0.3931140899658203
16,pose,4,-1,0.5224587917327881,0.13603933155536652,-0.395070880651474
16,pose,5,-1,0.5162017345428467,0.13576456904411316,-0.3951294720172882
16,pose,6,-1,0.5103375315666199,0.1360022872686386,-0.39529162645339966
16,pose,7,-1,0.559971809387207,0.16005098819732666,-0.23555900156497955
16,pose,8,-1,0.5011560916900635,0.15062779188156128,-0.24857574701309204
16,pose,9,-1,0.540516197681427,0.19414256513118744,-0.35666313767433167
16,pose,10,-1,0.5163511633872986,0.19201841950416565,-0.36019840836524963
16,pose,11,-1,0.5989721417427063,0.3223831355571747,-0.12153150141239166
16,pose,12,-1,0.44959884881973267,0.3178327679634094,-0.15967343747615814
16,pose,13,-1,0.6115162968635559,0.5398871302604675,-0.023970017209649086
16,pose,14,-1,0.42657777667045593,0.537701427936554,-0.125672847032547
16,pose,15,-1,0.6129027605056763,0.738802969455719,-0.15683497488498688
16,pose,16,-1,0.428825318813324,0.7327646017074585,-0.26291701197624207
16,pose,17,-1,0.6237594485282898,0.7957463264465332,-0.20067262649536133
16,pose,18,-1,0.42737096548080444,0.7949721217155457,-0.30844733119010925
16,pose,19,-1,0.614300549030304,0.7958263158798218,-0.24637237191200256
16,pose,20,-1,0.4388297498226166,0.7932801842689514,-0.3495660126209259
16,pose,21,-1,0.6073437929153442,0.77695631980896,-0.17644964158535004
16,pose,22,-1,0.4427308440208435,0.7729979157447815,-0.2807546854019165
16,pose,23,-1,0.5546327233314514,0.7094014286994934,0.013232375495135784
16,pose,24,-1,0.47133609652519226,0.7101288437843323,-0.013142993673682213
16,pose,25,-1,0.5461522936820984,0.9704258441925049,0.00617219228297472
16,pose,26,-1,0.4869198799133301,0.9654233455657959,-0.008410733193159103
16,pose,27,-1,0.5554388165473938,1.1776450872421265,0.4653925597667694
16,pose,28,-1,0.4862867593765259,1.1907726526260376,0.37143415212631226
16,pose,29,-1,0.5545545816421509,1.1964080333709717,0.5062438249588013
16,pose,30,-1,0.48759356141090393,1.2085968255996704,0.4091889262199402
16,pose,31,-1,0.5532346367835999,1.2733848094940186,0.3797991871833801
16,pose,32,-1,0.4989778399467468,1.2837105989456177,0.23906782269477844
17,hand,0,0,0.6104341149330139,0.7279224395751953,-8.984357435792845e-08
17,hand,1,0,0.6244748830795288,0.7454220056533813,0.0018155190628021955
17,hand,2,0,0.6300663948059082,0.7692676186561584,0.001349387806840241
17,hand,3,0,0.6284463405609131,0.7872328162193298,0.0003239292709622532
17,hand,4,0,0.6241146326065063,0.7981665134429932,-0.0004135517810937017
17,hand,5,0,0.6298138499259949,0.7805605530738831,-0.002762129530310631
17,hand,6,0,0.6315322518348694,0.8114745020866394,-0.0056316363625228405
17,hand,7,0,0.629278302192688,0.8048200607299805,-0.006915941834449768
17,hand,8,0,0.6284374594688416,0.7914924025535583,-0.006983787287026644
17,hand,9,0,0.6190081238746643,0.7822161912918091,-0.005119980312883854
17,hand,10,0,0.6178457736968994,0.8072664737701416,-0.005809496156871319
17,hand,11,0,0.6169950366020203,0.797339916229248,-0.005031312350183725
17,hand,12,0,0.617854118347168,0.7834973335266113,-0.004648802801966667
17,hand,13,0,0.6085556745529175,0.7799332141876221,-0.0072175669483840466
17,hand,14,0,0.6079171895980835,0.7970887422561646,-0.006733524147421122
17,hand,15,0,0.6083654165267944,0.7875757217407227,-0.004184654448181391
17,hand,16,0,0.6094040870666504,0.775915801525116,-0.0030251620337367058
17,hand,17,0,0.5993365049362183,0.7750054001808167,-0.009206683374941349
17,hand,18,0,0.6004213690757751,0.7874256372451782,-0.0071600256487727165
17,hand,19,0,0.601245105266571,0.7790014147758484,-0.0033413534983992577
17,hand,20,0,0.601791262626648,0.7699133157730103,-0.0009156285086646676
17,hand,0,1,0.42382827401161194,0.7434642314910889,-9.326720373792341e-08
17,hand,1,1,0.4364186227321625,0.7596609592437744,-0.010643824934959412
17,hand,2,1,0.4424431324005127,0.7854222655296326,-0.013728838413953781
17,hand,3,1,0.44560492038726807,0.8097350597381592,-0.013898301869630814
17,hand,4,1,0.44782570004463196,0.8256659507751465,-0.012886552140116692
17,hand,5,1,0.4195556938648224,0.8041872382164001,-0.011183462105691433
17,hand,6,1,0.4284934103488922,0.8380679488182068,-0.01173272542655468
17,hand,7,1,0.4384878873825073,0.8457918763160706,-0.011333713307976723
17,hand,8,1,0.4461539685726166,0.8473663926124573,-0.010610024444758892
17,hand,9,1,0.41394326090812683,0.8035193681716919,-0.004198707640171051
17,hand,10,1,0.42760327458381653,0.8305203914642334,-0.004566668067127466
17,hand,11,1,0.43863165378570557,0.8295724391937256,-0.004484589211642742
17,hand,12,1,0.4450986683368683,0.8246398568153381,-0.004419289529323578
17,hand,13,1,0.4130830466747284,0.801313042640686,0.0025829074438661337
17,hand,14,1,0.42651793360710144,0.8234401941299438,0.0019144456600770354
17,hand,15,1,0.43562325835227966,0.8223199248313904,0.0012843548320233822
17,hand,16,1,0.44143015146255493,0.8168925642967224,0.0009700722876004875
17,hand,17,1,0.4142729938030243,0.7992889881134033,0.008815922774374485
17,hand,18,1,0.42405965924263,0.8152524828910828,0.007407274562865496
17,hand,19,1,0.43157124519348145,0.8152720928192139,0.006557706277817488
17,hand,20,1,0.43710532784461975,0.8109642267227173,0.0065510268323123455
17,pose,0,-1,0.5298334956169128,0.16200658679008484,-0.378033846616745
17,pose,1,-1,0.540735125541687,0.13890749216079712,-0.3539741337299347
17,pose,2,-1,0.5461999773979187,0.14049924910068512,-0.3541375994682312
17,pose,3,-1,0.5520463585853577,0.14237670600414276,-0.35420355200767517
17,pose,4,-1,0.5222859382629395,0.13598357141017914,-0.3568353056907654
17,pose,5,-1,0.5160380601882935,0.1357482373714447,-0.3568858504295349
17,pose,6,-1,0.5101631879806519,0.13600146770477295,-0.35704007744789124
17,pose,7,-1,0.5597432255744934,0.15981605648994446,-0.20133152604103088
17,pose,8,-1,0.501042902469635,0.15076971054077148,-0.21609452366828918
17,pose,9,-1,0.540395200252533,0.1937919408082962,-0.3198608458042145
17,pose,10,-1,0.516343355178833,0.19191816449165344,-0.32408449053764343
17,pose,11,-1,0.5986890196800232,0.32237595319747925,-0.09323913604021072
17,pose,12,-1,0.4497565031051636,0.3181306719779968,-0.13374818861484528
17,pose,13,-1,0.6109350919723511,0.5378906726837158,0.0021322211250662804
17,pose,14,-1,0.42663514614105225,0.5378143191337585,-0.10182502120733261
17,pose,15,-1,0.6128072738647461,0.7228314876556396,-0.13499988615512848
17,pose,16,-1,0.42882040143013,0.7323406934738159,-0.23923635482788086
17,pose,17,-1,0.623949408531189,0.7766343951225281,-0.1794104129076004
17,pose,18,-1,0.4271928668022156,0.7943812608718872,-0.28400078415870667
17,pose,19,-1,0.614101231098175,0.7770663499832153,-0.22446180880069733
17,pose,20,-1,0.4386378228664398,0.792547881603241,-0.3253731429576874
17,pose,21,-1,0.607025146484375,0.761603057384491,-0.15460354089736938
17,pose,22,-1,0.4426325559616089,0.7720396518707275,-0.25704941153526306
17,pose,23,-1,0.5546557307243347,0.7093926072120667,0.013330208137631416
17,pose,24,-1,0.47148850560188293,0.7103434801101685,-0.013230743817985058
17,pose,25,-1,0.5461557507514954,0.970428466796875,0.008078450337052345
17,pose,26,-1,0.48682308197021484,0.9654586315155029,-0.006057017017155886
17,pose,27,-1,0.5554377436637878,1.1806998252868652,0.45381349325180054
17,pose,28,-1,0.4862760305404663,1.198094367980957,0.35310637950897217
17,pose,29,-1,0.5546715259552002,1.2000036239624023,0.49256834387779236
17,pose,30,-1,0.487580269575119,1.2181127071380615,0.3856176435947418
17,pose,31,-1,0.552556037902832,1.2748786211013794,0.3686070740222931
17,pose,32,-1,0.4989141821861267,1.2891987562179565,0.22050170600414276
18,hand,0,0,0.423879474401474,0.7451748847961426,-9.467807871033074e-08
18,hand,1,0,0.4362998902797699,0.7604562640190125,-0.011147985234856606
18,hand,2,0,0.4419485926628113,0.7853242754936218,-0.014927650801837444
18,hand,3,0,0.4450012147426605,0.8096067309379578,-0.01583227887749672
18,hand,4,0,0.4471796751022339,0.8253723382949829,-0.01547765638679266
18,hand,5,0,0.4196018576622009,0.8035444617271423,-0.012852285988628864
18,hand,6,0,0.4283716082572937,0.8377984762191772,-0.014537458308041096
18,hand,7,0,0.43801429867744446,0.8456332087516785,-0.014470529742538929
18,hand,8,0,0.4456751346588135,0.846309244632721,-0.013815932907164097
18,hand,9,0,0.41408637166023254,0.8045948147773743,-0.006269105710089207
18,hand,10,0,0.4265020489692688,0.8336942791938782,-0.00785027351230383
18,hand,11,0,0.4374465048313141,0.8345858454704285,-0.008021640591323376
18,hand,12,0,0.44433319568634033,0.8304444551467896,-0.008013195358216763
18,hand,13,0,0.41296377778053284,0.8040318489074707,3.441009175730869e-05
18,hand,14,0,0.42510923743247986,0.8288686871528625,-0.0018178083701059222
18,hand,15,0,0.43440696597099304,0.8285669684410095,-0.002522304654121399
18,hand,16,0,0.4406041204929352,0.8234192132949829,-0.0027129037771373987
18,hand,17,0,0.4142749309539795,0.803119957447052,0.005747383460402489
18,hand,18,0,0.4233148694038391,0.8214484453201294,0.003419172251597047
18,hand,19,0,0.4307127892971039,0.8222736716270447,0.0023532991763204336
18,hand,20,0,0.4364416003227234,0.8182148337364197,0.0022708550095558167
18,pose,0,-1,0.5297434329986572,0.16213756799697876,-0.39884522557258606
18,pose,1,-1,0.5406613945960999,0.138987734913826,-0.37638095021247864
18,pose,2,-1,0.5460893511772156,0.14058548212051392,-0.3765386641025543
18,pose,3,-1,0.5519389510154724,0.1424729973077774,-0.3765973746776581
18,pose,4,-1,0.5222347378730774,0.13613589107990265,-0.37873485684394836
18,pose,5,-1,0.5159599781036377,0.13597293198108673,-0.3787854015827179
18,pose,6,-1,0.5100592374801636,0.13631610572338104,-0.378945529460907
18,pose,7,-1,0.5596212148666382,0.15987035632133484,-0.22383852303028107
18,pose,8,-1,0.5009719133377075,0.1509987860918045,-0.23647041618824005
18,pose,9,-1,0.5402394533157349,0.19385197758674622,-0.34023576974868774
18,pose,10,-1,0.5163018107414246,0.19205054640769958,-0.3436441421508789
18,pose,11,-1,0.5985793471336365,0.3224199414253235,-0.11178134381771088
18,pose,12,-1,0.4499150812625885,0.3185766339302063,-0.14499716460704803
18,pose,13,-1,0.6109394431114197,0.5322820544242859,-0.020416442304849625
18,pose,14,-1,0.42690831422805786,0.537811815738678,-0.1048603504896164
18,pose,15,-1,0.6127691268920898,0.6865798234939575,-0.16901463270187378
18,pose,16,-1,0.4287826716899872,0.7315264940261841,-0.24223878979682922
18,pose,17,-1,0.6237950921058655,0.7418688535690308,-0.22325919568538666
18,pose,18,-1,0.4270269274711609,0.79347163438797,-0.28775840997695923
18,pose,19,-1,0.6148158311843872,0.7381905913352966,-0.26969584822654724
18,pose,20,-1,0.4383784234523773,0.7913976907730103,-0.33084264397621155
18,pose,21,-1,0.6074120998382568,0.7215381860733032,-0.19166088104248047
18,pose,22,-1,0.4423898756504059,0.7707551717758179,-0.26108211278915405
18,pose,23,-1,0.5551721453666687,0.7081051468849182,0.013164560310542583
18,pose,24,-1,0.4730297327041626,0.7098670601844788,-0.013024196960031986
18,pose,25,-1,0.5461734533309937,0.9669354557991028,0.018872862681746483
18,pose,26,-1,0.4868435561656952,0.95909184217453,0.02505243755877018
18,pose,27,-1,0.5549715161323547,1.1735148429870605,0.44592007994651794
18,pose,28,-1,0.48648393154144287,1.1839653253555298,0.37376412749290466
18,pose,29,-1,0.5535914301872253,1.1933706998825073,0.4826469421386719
18,pose,30,-1,0.487567275762558,1.2037906646728516,0.4055473208427429
18,pose,31,-1,0.5523820519447327,1.2636760473251343,0.35580748319625854
18,pose,32,-1,0.4998713433742523,1.2736529111862183,0.24351245164871216
19,hand,0,0,0.42359766364097595,0.7454803586006165,-8.082528779596032e-08
19,hand,1,0,0.4362277388572693,0.7602089643478394,-0.011061117984354496
19,hand,2,0,0.44213637709617615,0.7852237224578857,-0.014876171946525574
19,hand,3,0,0.445224404335022,0.8092874884605408,-0.015860242769122124
19,hand,4,0,0.4474736452102661,0.8257284164428711,-0.01560665387660265
19,hand,5,0,0.4205166697502136,0.8040722012519836,-0.012187601067125797
19,hand,6,0,0.42807847261428833,0.8375470042228699,-0.014059701934456825
19,hand,7,0,0.4372618496417999,0.8461934328079224,-0.014538115821778774
19,hand,8,0,0.4447098970413208,0.8475010395050049,-0.01422725897282362
19,hand,9,0,0.41458943486213684,0.8042237758636475,-0.00565461628139019
19,hand,10,0,0.4253993034362793,0.8337703347206116,-0.00697167357429862
19,hand,11,0,0.43553125858306885,0.8371734619140625,-0.0071798148564994335
19,hand,12,0,0.4424760937690735,0.8345124125480652,-0.007226274348795414
19,hand,13,0,0.4131293296813965,0.8032500147819519,0.0004986727144569159
19,hand,14,0,0.4237287938594818,0.8285527229309082,-0.00113167823292315
19,hand,15,0,0.4325498640537262,0.8311486840248108,-0.0018194812582805753
19,hand,16,0,0.4389967620372772,0.8283728361129761,-0.001986353425309062
19,hand,17,0,0.4140263795852661,0.8023554682731628,0.006051220931112766
19,hand,18,0,0.42215269804000854,0.8216369152069092,0.004055212251842022
19,hand,19,0,0.4290929436683655,0.825272798538208,0.003096263390034437
19,hand,20,0,0.43475672602653503,0.824002206325531,0.0030169039964675903
19,pose,0,-1,0.5293318629264832,0.16335639357566833,-0.393423855304718
19,pose,1,-1,0.5404288172721863,0.14007636904716492,-0.3726192116737366
19,pose,2,-1,0.5458609461784363,0.14154112339019775,-0.3728029131889343
19,pose,3,-1,0.5517213344573975,0.14330387115478516,-0.3728720545768738
19,pose,4,-1,0.5218632221221924,0.1377253532409668,-0.3714686930179596
19,pose,5,-1,0.5157111883163452,0.1378251165151596,-0.3715684711933136
19,pose,6,-1,0.509750485420227,0.13830174505710602,-0.3717728853225708
19,pose,7,-1,0.5593815445899963,0.160275399684906,-0.2229272872209549
19,pose,8,-1,0.5009092092514038,0.15250273048877716,-0.21680848300457
19,pose,9,-1,0.5398832559585571,0.19503970444202423,-0.33584994077682495
19,pose,10,-1,0.5159785151481628,0.19341352581977844,-0.3339250683784485
19,pose,11,-1,0.5988729596138,0.3264232277870178,-0.11505623906850815
19,pose,12,-1,0.45002225041389465,0.31902995705604553,-0.11803949624300003
19,pose,13,-1,0.6111117601394653,0.5289522409439087,-0.09354113042354584
19,pose,14,-1,0.42708075046539307,0.537797212600708,-0.061477478593587875
19,pose,15,-1,0.6105424761772156,0.6371809840202332,-0.340676486492157
19,pose,16,-1,0.4287899434566498,0.7294648885726929,-0.20353823900222778
19,pose,17,-1,0.6126492023468018,0.6885837316513062,-0.402153342962265
19,pose,18,-1,0.4269925355911255,0.7923094630241394,-0.24593017995357513
19,pose,19,-1,0.6084940433502197,0.6672418117523193,-0.43853524327278137
19,pose,20,-1,0.4382891356945038,0.7906988263130188,-0.28661856055259705
19,pose,21,-1,0.6044067740440369,0.6479321122169495,-0.3603955805301666
19,pose,22,-1,0.442310631275177,0.7696995139122009,-0.22115689516067505
19,pose,23,-1,0.5552211999893188,0.7124717235565186,0.007838240824639797
19,pose,24,-1,0.47369396686553955,0.7119680047035217,-0.007576060947030783
19,pose,25,-1,0.5462444424629211,0.9686680436134338,-0.013888557441532612
19,pose,26,-1,0.4869209825992584,0.9600057005882263,0.021618187427520752
19,pose,27,-1,0.5549718141555786,1.174680233001709,0.38719016313552856
19,pose,28,-1,0.4871411919593811,1.1861053705215454,0.370784193277359
19,pose,29,-1,0.5535885095596313,1.1958346366882324,0.42198261618614197
19,pose,30,-1,0.4878571331501007,1.2065374851226807,0.40256065130233765
19,pose,31,-1,0.5523902773857117,1.2660959959030151,0.28896814584732056
19,pose,32,-1,0.5006436109542847,1.276190161705017,0.2400532364845276
20,hand,0,0,0.42276260256767273,0.7433695793151855,-8.191413769509381e-08
20,hand,1,0,0.43603023886680603,0.7583200335502625,-0.01088266633450985
20,hand,2,0,0.4423266649246216,0.783574104309082,-0.01441009808331728
20,hand,3,0,0.44557851552963257,0.8080374598503113,-0.015144326724112034
20,hand,4,0,0.4477667510509491,0.8248191475868225,-0.014610996469855309
20,hand,5,0,0.42042407393455505,0.8029558062553406,-0.011342811398208141
20,hand,6,0,0.4284835159778595,0.8363349437713623,-0.01267602201551199
20,hand,7,0,0.43744030594825745,0.8449509143829346,-0.012795575894415379
20,hand,8,0,0.44480761885643005,0.8468225002288818,-0.01232067123055458
20,hand,9,0,0.4146251082420349,0.8033614158630371,-0.004767347127199173
20,hand,10,0,0.42588385939598083,0.8322524428367615,-0.0058816708624362946
20,hand,11,0,0.43631619215011597,0.8356606960296631,-0.006192883942276239
20,hand,12,0,0.44350406527519226,0.8333820700645447,-0.00634925439953804
20,hand,13,0,0.4133102595806122,0.8022141456604004,0.001474552322179079
20,hand,14,0,0.42444679141044617,0.8264154195785522,-2.8279224352445453e-05
20,hand,15,0,0.4333162009716034,0.8285528421401978,-0.0009122269693762064
20,hand,16,0,0.4395613968372345,0.8256554007530212,-0.0012520456220954657
20,hand,17,0,0.4142233431339264,0.8012787699699402,0.00713545735925436
20,hand,18,0,0.4224719703197479,0.8197899460792542,0.005180716514587402
20,hand,19,0,0.42956316471099854,0.8226389288902283,0.004106943961232901
20,hand,20,0,0.4351506531238556,0.8208279609680176,0.003934494219720364
20,pose,0,-1,0.5287221670150757,0.16601160168647766,-0.3952353298664093
20,pose,1,-1,0.5399173498153687,0.14203985035419464,-0.37544623017311096
20,pose,2,-1,0.5452133417129517,0.14328031241893768,-0.3756123483181
20,pose,3,-1,0.551010251045227,0.14478451013565063,-0.37564077973365784
20,pose,4,-1,0.5214965343475342,0.14018839597702026,-0.37525421380996704
20,pose,5,-1,0.5154880881309509,0.14044058322906494,-0.37535905838012695
20,pose,6,-1,0.5096014142036438,0.14088879525661469,-0.37553468346595764
20,pose,7,-1,0.5586946606636047,0.1609691083431244,-0.22595375776290894
20,pose,8,-1,0.5009525418281555,0.15405137836933136,-0.22537213563919067
20,pose,9,-1,0.5393560528755188,0.19670027494430542,-0.3376935124397278
20,pose,10,-1,0.5158569812774658,0.19510018825531006,-0.337325781583786
20,pose,11,-1,0.599109411239624,0.3269219994544983,-0.11181434988975525
20,pose,12,-1,0.4502089321613312,0.319126158952713,-0.11398609727621078
20,pose,13,-1,0.6129623055458069,0.5345809459686279,-0.17003227770328522
20,pose,14,-1,0.4276677072048187,0.5375784039497375,-0.0391230583190918
20,pose,15,-1,0.6106305718421936,0.5477067232131958,-0.5113146901130676
20,pose,16,-1,0.42878952622413635,0.7291050553321838,-0.17000888288021088
20,pose,17,-1,0.6110377907752991,0.5561267137527466,-0.5859874486923218
20,pose,18,-1,0.4269240200519562,0.7920533418655396,-0.20384332537651062
20,pose,19,-1,0.6080529689788818,0.5280457139015198,-0.601146936416626
20,pose,20,-1,0.4381806254386902,0.7905898094177246,-0.24750812351703644
20,pose,21,-1,0.6044396162033081,0.5222658514976501,-0.5239556431770325
20,pose,22,-1,0.44220447540283203,0.7695202827453613,-0.18675248324871063
20,pose,23,-1,0.5556507110595703,0.7161563038825989,0.008204632438719273
20,pose,24,-1,0.4753051698207855,0.7131181955337524,-0.007954968139529228
20,pose,25,-1,0.5467502474784851,0.9727895259857178,-0.006601832807064056
20,pose,26,-1,0.4872479736804962,0.9657177925109863,0.016895147040486336
20,pose,27,-1,0.5551823973655701,1.2268409729003906,0.3433787226676941
20,pose,28,-1,0.48532533645629883,1.2142317295074463,0.27936840057373047
20,pose,29,-1,0.55392986536026,1.2575814723968506,0.3702545464038849
20,pose,30,-1,0.48486587405204773,1.2426432371139526,0.30092164874076843
20,pose,31,-1,0.5523195266723633,1.3125087022781372,0.2275291234254837
20,pose,32,-1,0.4993826448917389,1.3043445348739624,0.12977482378482819
21,hand,0,0,0.4234694540500641,0.7420192956924438,-7.3173119119474e-08
21,hand,1,0,0.43607085943222046,0.7573541402816772,-0.011676996015012264
21,hand,2,0,0.44236573576927185,0.7826501131057739,-0.015372609719634056
21,hand,3,0,0.4457823634147644,0.8074600696563721,-0.016020171344280243
21,hand,4,0,0.4478491246700287,0.825083315372467,-0.015306736342608929
21,hand,5,0,0.41945669054985046,0.8019677996635437,-0.011583815328776836
21,hand,6,0,0.4280332028865814,0.834871232509613,-0.012229048646986485
21,hand,7,0,0.4368836283683777,0.8439146876335144,-0.011873308569192886
21,hand,8,0,0.44440048933029175,0.8466006517410278,-0.011177080683410168
21,hand,9,0,0.41398635506629944,0.8021964430809021,-0.004397890530526638
21,hand,10,0,0.42606422305107117,0.830764651298523,-0.005000562872737646
21,hand,11,0,0.4364016652107239,0.8348948955535889,-0.005275768227875233
21,hand,12,0,0.443915456533432,0.8331357836723328,-0.005494357086718082
21,hand,13,0,0.41296565532684326,0.800800085067749,0.002424483420327306
21,hand,14,0,0.4248570203781128,0.825061023235321,0.001295338268391788
21,hand,15,0,0.43369755148887634,0.827651858329773,0.00027142633916810155
21,hand,16,0,0.4403340220451355,0.8250859975814819,-0.00020822786609642208
21,hand,17,0,0.41416046023368835,0.7996012568473816,0.008617930114269257
21,hand,18,0,0.4227432310581207,0.8179516196250916,0.006757301278412342
21,hand,19,0,0.42989620566368103,0.8214319348335266,0.005466247908771038
21,hand,20,0,0.4358898103237152,0.8201672434806824,0.00513244466856122
21,pose,0,-1,0.5283195376396179,0.1706112027168274,-0.43092063069343567
21,pose,1,-1,0.5395547151565552,0.14595162868499756,-0.41568487882614136
21,pose,2,-1,0.5447680354118347,0.147073432803154,-0.4158078134059906
21,pose,3,-1,0.550446093082428,0.14833396673202515,-0.4158061742782593
21,pose,4,-1,0.5213708281517029,0.14376847445964813,-0.4155590236186981
21,pose,5,-1,0.5154383778572083,0.14369595050811768,-0.4156973958015442
21,pose,6,-1,0.5095945596694946,0.14374369382858276,-0.4158767759799957
21,pose,7,-1,0.5581230521202087,0.16263243556022644,-0.2636246979236603
21,pose,8,-1,0.5010647773742676,0.15511497855186462,-0.2645704746246338
21,pose,9,-1,0.5387828350067139,0.19961142539978027,-0.3706716001033783
21,pose,10,-1,0.5156864523887634,0.19760529696941376,-0.3708730638027191
21,pose,11,-1,0.5991082787513733,0.32663199305534363,-0.12814819812774658
21,pose,12,-1,0.45021170377731323,0.3188702464103699,-0.13081184029579163
21,pose,13,-1,0.6131737232208252,0.537053108215332,-0.23706553876399994
21,pose,14,-1,0.42806917428970337,0.5378305912017822,-0.05617094039916992
21,pose,15,-1,0.6103047728538513,0.4936760663986206,-0.5903794765472412
21,pose,16,-1,0.42835763096809387,0.7291313409805298,-0.15868569910526276
21,pose,17,-1,0.6085326075553894,0.4635715186595917,-0.6594744920730591
21,pose,18,-1,0.4262336194515228,0.7920970916748047,-0.17914168536663055
21,pose,19,-1,0.6080692410469055,0.43794748187065125,-0.6644853353500366
21,pose,20,-1,0.43736889958381653,0.790674090385437,-0.22321663796901703
21,pose,21,-1,0.6045457124710083,0.44403600692749023,-0.5989044308662415
21,pose,22,-1,0.4413776993751526,0.769604504108429,-0.17392748594284058
21,pose,23,-1,0.5559673309326172,0.7158884406089783,0.008462781086564064
21,pose,24,-1,0.47611042857170105,0.7128703594207764,-0.008221708238124847
21,pose,25,-1,0.5466182827949524,0.9760528802871704,-0.014740516431629658
21,pose,26,-1,0.4873983561992645,0.9698355197906494,-0.005279548931866884
21,pose,27,-1,0.5554311275482178,1.2376083135604858,0.33220943808555603
21,pose,28,-1,0.4852624535560608,1.223875880241394,0.2593025863170624
21,pose,29,-1,0.5544713139533997,1.2682571411132812,0.3591687083244324
21,pose,30,-1,0.48466628789901733,1.2529358863830566,0.2803858518600464
21,pose,31,-1,0.5519168972969055,1.325324296951294,0.20949244499206543
21,pose,32,-1,0.49936532974243164,1.3179149627685547,0.10174687206745148
22,hand,0,0,0.4237103760242462,0.7420352101325989,-7.460176476570268e-08
22,hand,1,0,0.43640223145484924,0.7577657103538513,-0.011157333850860596
22,hand,2,0,0.4426232576370239,0.782625138759613,-0.015022177249193192
22,hand,3,0,0.446066677570343,0.8065569400787354,-0.016007529571652412
22,hand,4,0,0.4474198818206787,0.823893129825592,-0.015727782621979713
22,hand,5,0,0.420222669839859,0.8018258213996887,-0.01179895643144846
22,hand,6,0,0.42827391624450684,0.834518313407898,-0.01299433782696724
22,hand,7,0,0.4373021125793457,0.8437540531158447,-0.013140075840055943
22,hand,8,0,0.4450018107891083,0.8458874821662903,-0.012703508138656616
22,hand,9,0,0.4140501022338867,0.8013328313827515,-0.0050850557163357735
22,hand,10,0,0.4249231219291687,0.8306484818458557,-0.005456575192511082
22,hand,11,0,0.4348349869251251,0.835974931716919,-0.005386031232774258
22,hand,12,0,0.44250649213790894,0.8346419930458069,-0.0054653119295835495
22,hand,13,0,0.41242435574531555,0.7994544506072998,0.0012522985925897956
22,hand,14,0,0.4230416715145111,0.8241593241691589,0.0005944114527665079
22,hand,15,0,0.43177950382232666,0.8284427523612976,0.0002508568577468395
22,hand,16,0,0.43883246183395386,0.8271664381027222,5.2813316870015115e-05
22,hand,17,0,0.41335105895996094,0.7975896596908569,0.0069342185743153095
22,hand,18,0,0.4212038516998291,0.8162747621536255,0.005503059830516577
22,hand,19,0,0.42813369631767273,0.8213211297988892,0.004722101613879204
22,hand,20,0,0.4342966675758362,0.8216493129730225,0.004634527955204248
22,pose,0,-1,0.5281544923782349,0.17471109330654144,-0.2632733881473541
22,pose,1,-1,0.539509654045105,0.1501390039920807,-0.242020845413208
22,pose,2,-1,0.54461669921875,0.15157689154148102,-0.24220460653305054
22,pose,3,-1,0.5502378344535828,0.15340068936347961,-0.2422124743461609
22,pose,4,-1,0.521382212638855,0.14694419503211975,-0.24612994492053986
22,pose,5,-1,0.5154516696929932,0.14633174240589142,-0.2461879700422287
22,pose,6,-1,0.5096698999404907,0.14598415791988373,-0.24628585577011108
22,pose,7,-1,0.5578628182411194,0.16690166294574738,-0.09327687323093414
22,pose,8,-1,0.5012536644935608,0.15626847743988037,-0.1172717958688736
22,pose,9,-1,0.5382137894630432,0.20267535746097565,-0.2060164362192154
22,pose,10,-1,0.5154101252555847,0.19942133128643036,-0.21315881609916687
22,pose,11,-1,0.5945698618888855,0.3179165720939636,0.010204125195741653
22,pose,12,-1,0.4504137933254242,0.31824085116386414,-0.011934217996895313
22,pose,13,-1,0.6131632328033447,0.5287952423095703,-0.18359312415122986
22,pose,14,-1,0.4282650351524353,0.5377393364906311,0.05371635779738426
22,pose,15,-1,0.6089745759963989,0.3319310247898102,-0.40490639209747314
22,pose,16,-1,0.4273906350135803,0.7291561961174011,-0.011701228097081184
22,pose,17,-1,0.6069611310958862,0.2794078588485718,-0.46451807022094727
22,pose,18,-1,0.42513149976730347,0.7921450138092041,-0.01958116702735424
22,pose,19,-1,0.6080688834190369,0.26431840658187866,-0.501615583896637
22,pose,20,-1,0.4361394941806793,0.7910550236701965,-0.0644102394580841
22,pose,21,-1,0.6046209931373596,0.2827739715576172,-0.43726471066474915
22,pose,22,-1,0.44023528695106506,0.7699379920959473,-0.02682446874678135
22,pose,23,-1,0.5555822253227234,0.7143898606300354,0.009984629228711128
22,pose,24,-1,0.47595512866973877,0.7107082009315491,-0.009631152264773846
22,pose,25,-1,0.5466480851173401,0.9762588143348694,-0.02565477415919304
22,pose,26,-1,0.4873732924461365,0.9711316227912903,-0.03926853463053703
22,pose,27,-1,0.5555921196937561,1.242181658744812,0.2842893898487091
22,pose,28,-1,0.4850926697254181,1.2241952419281006,0.2164866030216217
22,pose,29,-1,0.5552392601966858,1.2706516981124878,0.31057411432266235
22,pose,30,-1,0.4832324683666229,1.2511571645736694,0.23940971493721008
22,pose,31,-1,0.5515736937522888,1.330397367477417,0.1957722008228302
22,pose,32,-1,0.4998742341995239,1.3164650201797485,0.09776603430509567
23,hand,0,0,0.5987764000892639,0.28418058156967163,-4.4335251025984235e-09
23,hand,1,0,0.5915768146514893,0.2648913264274597,-0.0025572043377906084
23,hand,2,0,0.589941680431366,0.2387518584728241,-0.004758354742079973
23,hand,3,0,0.5865511894226074,0.2184114307165146,-0.006993426475673914
23,hand,4,0,0.5817686915397644,0.20150534808635712,-0.00911141000688076
23,hand,5,0,0.6055999994277954,0.2195192128419876,-0.004791190382093191
23,hand,6,0,0.6032362580299377,0.18436816334724426,-0.009732329286634922
23,hand,7,0,0.6001466512680054,0.16275383532047272,-0.013451050966978073
23,hand,8,0,0.5967857241630554,0.14642177522182465,-0.015826597809791565
23,hand,9,0,0.6070447564125061,0.21990641951560974,-0.006402709987014532
23,hand,10,0,0.6049937605857849,0.18511588871479034,-0.011159402318298817
23,hand,11,0,0.6008159518241882,0.16337229311466217,-0.01473652571439743
23,hand,12,0,0.5965126752853394,0.14653244614601135,-0.017086120322346687
23,hand,13,0,0.6068622469902039,0.2218410074710846,-0.008329551666975021
23,hand,14,0,0.6056686639785767,0.18881526589393616,-0.012851146049797535
23,hand,15,0,0.6017005443572998,0.1671736240386963,-0.015548750758171082
23,hand,16,0,0.5980948805809021,0.1504622846841812,-0.0170737411826849
23,hand,17,0,0.6051126718521118,0.2247769683599472,-0.01036764681339264
23,hand,18,0,0.6049407720565796,0.19909484684467316,-0.01394613552838564
23,hand,19,0,0.6033642888069153,0.18177035450935364,-0.015249215066432953
23,hand,20,0,0.6012209057807922,0.16854213178157806,-0.015872903168201447
23,hand,0,1,0.422722190618515,0.7421683669090271,-7.857002515265776e-08
23,hand,1,1,0.43558448553085327,0.7569795846939087,-0.010248083621263504
23,hand,2,1,0.44200560450553894,0.782288134098053,-0.013767994940280914
23,hand,3,1,0.44527381658554077,0.8066033124923706,-0.014661269262433052
23,hand,4,1,0.4473659098148346,0.823989987373352,-0.014340956695377827
23,hand,5,1,0.4198954105377197,0.8012040257453918,-0.011034696362912655
23,hand,6,1,0.4276857376098633,0.8342905640602112,-0.01263723336160183
23,hand,7,1,0.43658384680747986,0.8437902331352234,-0.01316488441079855
23,hand,8,1,0.4441746175289154,0.8456778526306152,-0.012960248626768589
23,hand,9,1,0.41409534215927124,0.8013161420822144,-0.005060821771621704
23,hand,10,1,0.42448708415031433,0.8315024971961975,-0.00587086146697402
23,hand,11,1,0.4341059625148773,0.8383682370185852,-0.006196104921400547
23,hand,12,1,0.44195640087127686,0.8380257487297058,-0.006525055039674044
23,hand,13,1,0.41263458132743835,0.8001670241355896,0.0005447595613077283
23,hand,14,1,0.42298224568367004,0.826216459274292,-0.0005986533360555768
23,hand,15,1,0.4315462112426758,0.831585168838501,-0.0013335196999832988
23,hand,16,1,0.4388529658317566,0.8312853574752808,-0.0017521223053336143
23,hand,17,1,0.41363123059272766,0.7987088561058044,0.005574951879680157
23,hand,18,1,0.42138147354125977,0.8189451098442078,0.003691023914143443
23,hand,19,1,0.42818403244018555,0.8245534896850586,0.0026878768112510443
23,hand,20,1,0.4344414472579956,0.8256335258483887,0.00245482474565506
23,pose,0,-1,0.5275987982749939,0.17615193128585815,-0.19238713383674622
23,pose,1,-1,0.539085328578949,0.1519072949886322,-0.17053021490573883
23,pose,2,-1,0.543999969959259,0.1534600853919983,-0.17069262266159058
23,pose,3,-1,0.5494785308837891,0.15546239912509918,-0.17066387832164764
23,pose,4,-1,0.5213450193405151,0.14839930832386017,-0.17544375360012054
23,pose,5,-1,0.5154235363006592,0.1475651115179062,-0.17554868757724762
23,pose,6,-1,0.5096731781959534,0.14704695343971252,-0.17565995454788208
23,pose,7,-1,0.5577727556228638,0.16883498430252075,-0.0344061478972435
23,pose,8,-1,0.5014793276786804,0.15699684619903564,-0.06222272664308548
23,pose,9,-1,0.5375757813453674,0.20393766462802887,-0.14081993699073792
23,pose,10,-1,0.5149700045585632,0.19988662004470825,-0.14918334782123566
23,pose,11,-1,0.5914814472198486,0.3181278705596924,0.03678922355175018
23,pose,12,-1,0.4519043266773224,0.3168802857398987,0.022586902603507042
23,pose,13,-1,0.6138487458229065,0.5143531560897827,-0.1815497875213623
23,pose,14,-1,0.42845332622528076,0.5364679098129272,0.07419572025537491
23,pose,15,-1,0.6038488745689392,0.2959619462490082,-0.3655051589012146
23,pose,16,-1,0.4273015260696411,0.7291844487190247,0.014174125157296658
23,pose,17,-1,0.6024640202522278,0.23578624427318573,-0.42289289832115173
23,pose,18,-1,0.4245989918708801,0.7921567559242249,0.005737351253628731
23,pose,19,-1,0.6038916707038879,0.22536544501781464,-0.4172963798046112
23,pose,20,-1,0.43546062707901,0.7916018962860107,-0.03517533466219902
23,pose,21,-1,0.6003987193107605,0.24128378927707672,-0.40323561429977417
23,pose,22,-1,0.4397708475589752,0.7704451680183411,2.0461604435695335e-05
23,pose,23,-1,0.5555028915405273,0.7143293023109436,0.010059479624032974
23,pose,24,-1,0.47585898637771606,0.7106192111968994,-0.009701963514089584
23,pose,25,-1,0.5465039610862732,0.9777967929840088,-0.024811604991555214
23,pose,26,-1,0.48742809891700745,0.9743872880935669,-0.025832079350948334
23,pose,27,-1,0.555432140827179,1.2460662126541138,0.2992783486843109
23,pose,28,-1,0.4850638210773468,1.234075903892517,0.22498002648353577
23,pose,29,-1,0.5555933713912964,1.2744377851486206,0.32837966084480286
23,pose,30,-1,0.4827015995979309,1.2631151676177979,0.2472037971019745
23,pose,31,-1,0.5476292967796326,1.3335468769073486,0.22433188557624817
23,pose,32,-1,0.5008650422096252,1.3243794441223145,0.11223740130662918
24,hand,0,0,0.594798743724823,0.26247626543045044,1.0007160966551965e-07
24,hand,1,0,0.5838556289672852,0.22646033763885498,0.000809281540568918
24,hand,2,0,0.5794937610626221,0.19771119952201843,-0.001069672405719757
24,hand,3,0,0.5734075903892517,0.1791228950023651,-0.004479362163692713
24,hand,4,0,0.5665538907051086,0.16476160287857056,-0.008226249366998672
24,hand,5,0,0.5962938666343689,0.18469902873039246,0.0024740712251514196
24,hand,6,0,0.5949379205703735,0.15745073556900024,-0.004973253700882196
24,hand,7,0,0.5878056883811951,0.13957339525222778,-0.01245669275522232
24,hand,8,0,0.5799991488456726,0.12695512175559998,-0.01703038066625595
24,hand,9,0,0.5992245674133301,0.18762008845806122,-0.001788914785720408
24,hand,10,0,0.6048644781112671,0.16041621565818787,-0.0060628545470535755
24,hand,11,0,0.6049168705940247,0.136305570602417,-0.010889124125242233
24,hand,12,0,0.6042432188987732,0.11672414094209671,-0.01457461528480053
24,hand,13,0,0.6009843945503235,0.19550177454948425,-0.006913760211318731
24,hand,14,0,0.6083586812019348,0.17153531312942505,-0.01019484642893076
24,hand,15,0,0.6106099486351013,0.15064334869384766,-0.012943374924361706
24,hand,16,0,0.6122482419013977,0.13323615491390228,-0.015108689665794373
24,hand,17,0,0.6001928448677063,0.2072143852710724,-0.012289208360016346
24,hand,18,0,0.6066755056381226,0.1911003738641739,-0.014378722757101059
24,hand,19,0,0.609215259552002,0.17612715065479279,-0.014752586372196674
24,hand,20,0,0.6113911867141724,0.16203860938549042,-0.015203305520117283
24,hand,0,1,0.42193445563316345,0.7413320541381836,-7.102319443674787e-08
24,hand,1,1,0.4344398081302643,0.7559906840324402,-0.01083964854478836
24,hand,2,1,0.4405938684940338,0.7816872000694275,-0.01386723667383194
24,hand,3,1,0.4440712332725525,0.8060932755470276,-0.01406489871442318
24,hand,4,1,0.4464002549648285,0.8237047791481018,-0.012977476231753826
24,hand,5,1,0.41863399744033813,0.8031419515609741,-0.009507945738732815
24,hand,6,1,0.4266912043094635,0.8354703783988953,-0.009999994188547134
24,hand,7,1,0.43555763363838196,0.8446897268295288,-0.010203241370618343
24,hand,8,1,0.44280245900154114,0.8472674489021301,-0.009914311580359936
24,hand,9,1,0.4134836196899414,0.8027759790420532,-0.002733709756284952
24,hand,10,1,0.4244868755340576,0.8309929966926575,-0.002761691575869918
24,hand,11,1,0.43451988697052,0.8368047475814819,-0.0032423418015241623
24,hand,12,1,0.4423111379146576,0.8358660936355591,-0.0036321221850812435
24,hand,13,1,0.41269469261169434,0.8010214567184448,0.003589990548789501
24,hand,14,1,0.42332959175109863,0.8256970047950745,0.0029163432773202658
24,hand,15,1,0.4321415424346924,0.8304336667060852,0.0016615894855931401
24,hand,16,1,0.43934330344200134,0.8297796249389648,0.000994103611446917
24,hand,17,1,0.4140213131904602,0.7995677590370178,0.00931527279317379
24,hand,18,1,0.4214639961719513,0.8190297484397888,0.007840650156140327
24,hand,19,1,0.428514301776886,0.8243160843849182,0.006609214004129171
24,hand,20,1,0.4348905682563782,0.824863076210022,0.006269440520554781
24,pose,0,-1,0.5276017785072327,0.17653709650039673,-0.16865749657154083
24,pose,1,-1,0.5390622615814209,0.15233781933784485,-0.14421296119689941
24,pose,2,-1,0.5439665913581848,0.15383513271808624,-0.1443779319524765
24,pose,3,-1,0.5493950247764587,0.1557212471961975,-0.14430809020996094
24,pose,4,-1,0.5213465094566345,0.14881648123264313,-0.14858227968215942
24,pose,5,-1,0.5154095888137817,0.14791609346866608,-0.1487112194299698
24,pose,6,-1,0.5096719861030579,0.14739182591438293,-0.14881475269794464
24,pose,7,-1,0.557666003704071,0.16882964968681335,-0.002576974220573902
24,pose,8,-1,0.5015604496002197,0.15725357830524445,-0.02705378271639347
24,pose,9,-1,0.5375802516937256,0.20444194972515106,-0.11544802039861679
24,pose,10,-1,0.5149458050727844,0.20004698634147644,-0.12291405349969864
24,pose,11,-1,0.5897840261459351,0.31711146235466003,0.053194575011730194
24,pose,12,-1,0.4519965350627899,0.31637588143348694,0.05389418080449104
24,pose,13,-1,0.6191549897193909,0.48415520787239075,-0.14302301406860352
24,pose,14,-1,0.42844751477241516,0.5361671447753906,0.10563472658395767
24,pose,15,-1,0.6011669039726257,0.24110522866249084,-0.3840821087360382
24,pose,16,-1,0.4273041784763336,0.7292670607566833,0.05498690903186798
24,pose,17,-1,0.6009976863861084,0.17725086212158203,-0.44255349040031433
24,pose,18,-1,0.4244121313095093,0.7925150394439697,0.04835110530257225
24,pose,19,-1,0.6017993688583374,0.16854217648506165,-0.4192948043346405
24,pose,20,-1,0.4352434575557709,0.792336106300354,0.008167401887476444
24,pose,21,-1,0.5972567796707153,0.19230228662490845,-0.3871665894985199
24,pose,22,-1,0.439723402261734,0.771259605884552,0.04164670780301094
24,pose,23,-1,0.555566132068634,0.7153542637825012,0.007386942394077778
24,pose,24,-1,0.47549623250961304,0.7110369801521301,-0.006903679110109806
24,pose,25,-1,0.5463725924491882,0.981178343296051,-0.04180494323372841
24,pose,26,-1,0.4874285161495209,0.9756550192832947,-0.025428732857108116
24,pose,27,-1,0.5554448962211609,1.2599486112594604,0.27210792899131775
24,pose,28,-1,0.4850843846797943,1.2406247854232788,0.21367183327674866
24,pose,29,-1,0.556546151638031,1.290657639503479,0.29984357953071594
24,pose,30,-1,0.48267820477485657,1.2706453800201416,0.2348305881023407
24,pose,31,-1,0.5468067526817322,1.3462942838668823,0.19453006982803345
24,pose,32,-1,0.5023497939109802,1.3319560289382935,0.10093164443969727
25,hand,0,0,0.591666579246521,0.23682641983032227,9.866560901627963e-08
25,hand,1,0,0.5803301930427551,0.20250169932842255,-5.664899731527839e-07
25,hand,2,0,0.5726473331451416,0.17892630398273468,-0.002296200254932046
25,hand,3,0,0.563831627368927,0.16263803839683533,-0.006207575090229511
25,hand,4,0,0.5567370057106018,0.14830893278121948,-0.010087164118885994
25,hand,5,0,0.5929973125457764,0.1547136902809143,0.005978040862828493
25,hand,6,0,0.5867075324058533,0.12909847497940063,-0.00016211294860113412
25,hand,7,0,0.5761343836784363,0.11812078207731247,-0.007458819076418877
25,hand,8,0,0.5667579174041748,0.11417070776224136,-0.011641237884759903
25,hand,9,0,0.5970650911331177,0.1552811563014984,0.0030727158300578594
25,hand,10,0,0.6010999083518982,0.12897875905036926,0.00126845168415457
25,hand,11,0,0.6006587743759155,0.10756430774927139,-0.002138690324500203
25,hand,12,0,0.599970817565918,0.08810662478208542,-0.004879988729953766
25,hand,13,0,0.5999438762664795,0.16002149879932404,-0.0011217278661206365
25,hand,14,0,0.6064966917037964,0.1370011568069458,-0.002014345955103636
25,hand,15,0,0.6097045540809631,0.11817125976085663,-0.0028581907972693443
25,hand,16,0,0.6122987866401672,0.10227909684181213,-0.0037489859387278557
25,hand,17,0,0.6003752946853638,0.16811755299568176,-0.005917126778513193
25,hand,18,0,0.6074814796447754,0.15093740820884705,-0.006120607722550631
25,hand,19,0,0.6109767556190491,0.13670194149017334,-0.005065038334578276
25,hand,20,0,0.6148574352264404,0.12302454560995102,-0.004278154112398624
25,hand,0,1,0.42262017726898193,0.7421174049377441,-8.103123150249303e-08
25,hand,1,1,0.4342859983444214,0.7580561637878418,-0.01099681481719017
25,hand,2,1,0.44013315439224243,0.7831267714500427,-0.01413178164511919
25,hand,3,1,0.4437234103679657,0.8071925640106201,-0.0143378721550107
25,hand,4,1,0.4464319050312042,0.8238644599914551,-0.013215411454439163
25,hand,5,1,0.41746842861175537,0.8022586107254028,-0.010483982972800732
25,hand,6,1,0.4260169267654419,0.8360163569450378,-0.01078712847083807
25,hand,7,1,0.4353024363517761,0.8443162441253662,-0.010395161807537079
25,hand,8,1,0.44302430748939514,0.8456112146377563,-0.00963503960520029
25,hand,9,1,0.4127594828605652,0.801872968673706,-0.003441252512857318
25,hand,10,1,0.42470332980155945,0.8305744528770447,-0.0036982244346290827
25,hand,11,1,0.4353680908679962,0.8337526917457581,-0.00418537762016058
25,hand,12,1,0.4433653950691223,0.830578625202179,-0.004546241369098425
25,hand,13,1,0.412387490272522,0.8005213737487793,0.00331518123857677
25,hand,14,1,0.4236181974411011,0.8255050182342529,0.002713751746341586
25,hand,15,1,0.43266281485557556,0.8277179598808289,0.001490398426540196
25,hand,16,1,0.4400624632835388,0.8243003487586975,0.0008025745046325028
25,hand,17,1,0.41384974122047424,0.7993854284286499,0.00948768388479948
25,hand,18,1,0.42125189304351807,0.8185467720031738,0.008038066327571869
25,hand,19,1,0.42824605107307434,0.8222284913063049,0.006746629718691111
25,hand,20,1,0.43476006388664246,0.8209355473518372,0.006381299812346697
25,pose,0,-1,0.5288786292076111,0.17667125165462494,-0.15544448792934418
25,pose,1,-1,0.5399496555328369,0.1524267941713333,-0.12899063527584076
25,pose,2,-1,0.5449562072753906,0.15385590493679047,-0.12912221252918243
25,pose,3,-1,0.5501090288162231,0.15565308928489685,-0.12903280556201935
25,pose,4,-1,0.5222862958908081,0.14894472062587738,-0.13686327636241913
25,pose,5,-1,0.5158951878547668,0.14798778295516968,-0.13699834048748016
25,pose,6,-1,0.5099843144416809,0.1474553942680359,-0.1370822936296463
25,pose,7,-1,0.5577524304389954,0.16869941353797913,0.017432788386940956
25,pose,8,-1,0.5015884637832642,0.15733584761619568,-0.02231929451227188
25,pose,9,-1,0.5381065607070923,0.20456388592720032,-0.1009344607591629
25,pose,10,-1,0.5154244899749756,0.20024530589580536,-0.11275248229503632
25,pose,11,-1,0.5889006853103638,0.31469881534576416,0.07000461220741272
25,pose,12,-1,0.45152124762535095,0.3162749111652374,0.04884623363614082
25,pose,13,-1,0.6241094470024109,0.4647579789161682,-0.13067957758903503
25,pose,14,-1,0.42832592129707336,0.5361635684967041,0.08443578332662582
25,pose,15,-1,0.5999446511268616,0.22090037167072296,-0.3787001371383667
25,pose,16,-1,0.4272122085094452,0.7294862270355225,0.02491161786019802
25,pose,17,-1,0.600007176399231,0.1554035097360611,-0.43941035866737366
25,pose,18,-1,0.4240659773349762,0.7932076454162598,0.013331051915884018
25,pose,19,-1,0.6002718806266785,0.14846915006637573,-0.41702529788017273
25,pose,20,-1,0.43499624729156494,0.7932338118553162,-0.026858597993850708
25,pose,21,-1,0.595084547996521,0.1726279854774475,-0.37806615233421326
25,pose,22,-1,0.43961507081985474,0.7722476124763489,0.011203677393496037
25,pose,23,-1,0.5555680990219116,0.7157583236694336,0.0074410513043403625
25,pose,24,-1,0.4750897288322449,0.7117663621902466,-0.0069318427704274654
25,pose,25,-1,0.5461699962615967,0.9829326272010803,-0.03332487493753433
25,pose,26,-1,0.4874529242515564,0.9785727262496948,-0.021755589172244072
25,pose,27,-1,0.5557771325111389,1.2635033130645752,0.26986971497535706
25,pose,28,-1,0.4850751757621765,1.2455106973648071,0.20222797989845276
25,pose,29,-1,0.5576785802841187,1.2956140041351318,0.2956341505050659
25,pose,30,-1,0.48246246576309204,1.2768855094909668,0.22081919014453888
25,pose,31,-1,0.5469834804534912,1.347983479499817,0.18527862429618835
25,pose,32,-1,0.5032628774642944,1.3367918729782104,0.08078062534332275
26,hand,0,0,0.588977575302124,0.21405939757823944,3.87795573431049e-08
26,hand,1,0,0.5761829614639282,0.19292490184307098,-0.002264200011268258
26,hand,2,0,0.5670806169509888,0.17244964838027954,-0.005715655162930489
26,hand,3,0,0.5577804446220398,0.1549922674894333,-0.010457952506840229
26,hand,4,0,0.5497227311134338,0.14116069674491882,-0.01515289768576622
26,hand,5,0,0.5854491591453552,0.1394372284412384,0.0023545674048364162
26,hand,6,0,0.5772998332977295,0.11849208921194077,-0.005406603217124939
26,hand,7,0,0.5670419335365295,0.11438687145709991,-0.012935340404510498
26,hand,8,0,0.5590887665748596,0.1170138567686081,-0.01687130145728588
26,hand,9,0,0.5920897722244263,0.13296586275100708,-0.00022775254910811782
26,hand,10,0,0.5918002724647522,0.10265260189771652,-0.0041436017490923405
26,hand,11,0,0.5873698592185974,0.08193916082382202,-0.007317658513784409
26,hand,12,0,0.5826693773269653,0.06499500572681427,-0.00925332959741354
26,hand,13,0,0.5982180237770081,0.13373205065727234,-0.004270968493074179
26,hand,14,0,0.6040632128715515,0.10455160588026047,-0.007617149502038956
26,hand,15,0,0.6041325926780701,0.0827721357345581,-0.008871447294950485
26,hand,16,0,0.6029911637306213,0.06433133035898209,-0.009371540509164333
26,hand,17,0,0.602421760559082,0.14107681810855865,-0.008960720151662827
26,hand,18,0,0.6116448044776917,0.12089310586452484,-0.010729940608143806
26,hand,19,0,0.6152530312538147,0.10365038365125656,-0.01011450681835413
26,hand,20,0,0.6174709796905518,0.08750709891319275,-0.00925887655466795
26,hand,0,1,0.4231085181236267,0.7459490895271301,-8.173521592880206e-08
26,hand,1,1,0.435238242149353,0.76119464635849,-0.010646410286426544
26,hand,2,1,0.4411623775959015,0.7863982915878296,-0.013913678005337715
26,hand,3,1,0.4444223642349243,0.8104739189147949,-0.01431336160749197
26,hand,4,1,0.4465545415878296,0.8260380625724792,-0.013404564000666142
26,hand,5,1,0.41925695538520813,0.8048211336135864,-0.01177071314305067
26,hand,6,1,0.4275493025779724,0.8374989032745361,-0.012520072050392628
26,hand,7,1,0.43653008341789246,0.8450456857681274,-0.012048006057739258
26,hand,8,1,0.4442182183265686,0.8457617163658142,-0.01122580748051405
26,hand,9,1,0.4139235317707062,0.8051502108573914,-0.00519887451082468
26,hand,10,1,0.424897700548172,0.8339465260505676,-0.005685757379978895
26,hand,11,1,0.4348454475402832,0.8383426666259766,-0.005730665288865566
26,hand,12,1,0.44278484582901,0.8363367915153503,-0.005898813251405954
26,hand,13,1,0.4128788411617279,0.8041938543319702,0.0011542185675352812
26,hand,14,1,0.42335760593414307,0.8291797041893005,0.00045637149014510214
26,hand,15,1,0.4318660795688629,0.8325239419937134,-0.00021656282478943467
26,hand,16,1,0.4390549957752228,0.8303573131561279,-0.0006931246025487781
26,hand,17,1,0.414164662361145,0.802942156791687,0.00690423883497715
26,hand,18,1,0.4215725362300873,0.8217658996582031,0.005404609255492687
26,hand,19,1,0.4282277226448059,0.8257973194122314,0.00435105012729764
26,hand,20,1,0.43437644839286804,0.8253100514411926,0.004024826921522617
26,pose,0,-1,0.5291728973388672,0.17735473811626434,-0.2384655773639679
26,pose,1,-1,0.5401777029037476,0.15285886824131012,-0.21288439631462097
26,pose,2,-1,0.5451169610023499,0.15437354147434235,-0.2130459100008011
26,pose,3,-1,0.5501628518104553,0.15617144107818604,-0.21300546824932098
26,pose,4,-1,0.5226211547851562,0.14910796284675598,-0.21925434470176697
26,pose,5,-1,0.5159919261932373,0.1480390727519989,-0.21936127543449402
26,pose,6,-1,0.5100359916687012,0.1474466323852539,-0.21948187053203583
26,pose,7,-1,0.557283341884613,0.168631911277771,-0.057158272713422775
26,pose,8,-1,0.5015503168106079,0.15731799602508545,-0.09147153794765472
26,pose,9,-1,0.5380746722221375,0.20523446798324585,-0.18048861622810364
26,pose,10,-1,0.5153593420982361,0.20076411962509155,-0.19014297425746918
26,pose,11,-1,0.5871553421020508,0.3131576478481293,0.01378979068249464
26,pose,12,-1,0.4499256908893585,0.316514253616333,-0.0016874353168532252
26,pose,13,-1,0.6301723718643188,0.45092636346817017,-0.190694198012352
26,pose,14,-1,0.42804205417633057,0.5362017154693604,0.05485548824071884
26,pose,15,-1,0.5997616052627563,0.21631447970867157,-0.49130526185035706
26,pose,16,-1,0.42707255482673645,0.729629397392273,-0.00627004774287343
26,pose,17,-1,0.5988501310348511,0.15081728994846344,-0.5562376379966736
26,pose,18,-1,0.4238375127315521,0.7940191626548767,-0.0177378561347723
26,pose,19,-1,0.5978428721427917,0.14463934302330017,-0.5302785038948059
26,pose,20,-1,0.43487951159477234,0.7942370772361755,-0.059096284210681915
26,pose,21,-1,0.591955840587616,0.168650284409523,-0.48872047662734985
26,pose,22,-1,0.43953242897987366,0.7733633518218994,-0.019878270104527473
26,pose,23,-1,0.5552833676338196,0.7157185673713684,0.005902706179767847
26,pose,24,-1,0.47477900981903076,0.7118954658508301,-0.005430066026747227
26,pose,25,-1,0.5456940531730652,0.9828705787658691,-0.0386001355946064
26,pose,26,-1,0.4876556694507599,0.9782997369766235,-0.02778499387204647
26,pose,27,-1,0.5557152032852173,1.2551215887069702,0.2854550778865814
26,pose,28,-1,0.4851085841655731,1.2413777112960815,0.2107975333929062
26,pose,29,-1,0.5576959252357483,1.2851377725601196,0.31360509991645813
26,pose,30,-1,0.4825107753276825,1.2715216875076294,0.23153577744960785
26,pose,31,-1,0.5460684299468994,1.3412960767745972,0.1993921548128128
26,pose,32,-1,0.5034571290016174,1.3325210809707642,0.08327236026525497
27,hand,0,0,0.5891599059104919,0.2057143896818161,-2.3091368817063085e-08
27,hand,1,0,0.576093316078186,0.19346897304058075,-0.004381632898002863
27,hand,2,0,0.565453290939331,0.17779618501663208,-0.009270000271499157
27,hand,3,0,0.5552391409873962,0.16218367218971252,-0.014956369064748287
27,hand,4,0,0.5472021102905273,0.1494026929140091,-0.020594025030732155
27,hand,5,0,0.5797154903411865,0.14273644983768463,-0.0022513768635690212
27,hand,6,0,0.5703747868537903,0.1253911554813385,-0.011429070495069027
27,hand,7,0,0.5609667897224426,0.12557940185070038,-0.019248617812991142
27,hand,8,0,0.5547741651535034,0.13156312704086304,-0.02328014001250267
27,hand,9,0,0.5861552953720093,0.1341070532798767,-0.003829163033515215
27,hand,10,0,0.5831447243690491,0.1055404543876648,-0.009152879007160664
27,hand,11,0,0.5779080390930176,0.08852995932102203,-0.012629714794456959
27,hand,12,0,0.5727707743644714,0.07429283112287521,-0.014831997454166412
27,hand,13,0,0.5939841866493225,0.13311399519443512,-0.006895845755934715
27,hand,14,0,0.5979654788970947,0.10309366881847382,-0.011352754198014736
27,hand,15,0,0.597804605960846,0.08416176587343216,-0.013289186172187328
27,hand,16,0,0.5964637994766235,0.06823364645242691,-0.01420998852699995
27,hand,17,0,0.600765585899353,0.1393062174320221,-0.010642542503774166
27,hand,18,0,0.6084861159324646,0.1162329763174057,-0.013101833872497082
27,hand,19,0,0.6120285987854004,0.09929095208644867,-0.013311945833265781
27,hand,20,0,0.6137388944625854,0.08403590321540833,-0.013195889070630074
27,hand,0,1,0.42396098375320435,0.7470502853393555,-7.745555308247276e-08
27,hand,1,1,0.43607625365257263,0.7614142894744873,-0.011063700541853905
27,hand,2,1,0.44181302189826965,0.7862154841423035,-0.014545762911438942
27,hand,3,1,0.44470709562301636,0.8105250000953674,-0.015121030621230602
27,hand,4,1,0.4464637339115143,0.8270895481109619,-0.014393904246389866
27,hand,5,1,0.4200962781906128,0.8056748509407043,-0.011595087125897408
27,hand,6,1,0.428251177072525,0.8384144902229309,-0.012906543910503387
27,hand,7,1,0.4375312328338623,0.846800684928894,-0.013107257895171642
27,hand,8,1,0.4453377425670624,0.8479746580123901,-0.012714792042970657
27,hand,9,1,0.4147479236125946,0.8056594729423523,-0.0050062802620232105
27,hand,10,1,0.42563000321388245,0.8351753354072571,-0.005686719436198473
27,hand,11,1,0.4356643557548523,0.8411267995834351,-0.005937551148235798
27,hand,12,1,0.4437013566493988,0.8403944969177246,-0.006252230145037174
27,hand,13,1,0.4137536585330963,0.8043774366378784,0.0011830870062112808
27,hand,14,1,0.42406243085861206,0.8299582004547119,1.020318450173363e-06
27,hand,15,1,0.432722806930542,0.8349860906600952,-0.0008538559195585549
27,hand,16,1,0.44005799293518066,0.8344680070877075,-0.0013447781093418598
27,hand,17,1,0.4150819480419159,0.8030097484588623,0.00674407510086894
27,hand,18,1,0.4223828613758087,0.8225444555282593,0.0047166915610432625
27,hand,19,1,0.429169625043869,0.8278856873512268,0.003485070075839758
27,hand,20,1,0.4354132413864136,0.8288139700889587,0.0031160227954387665
27,pose,0,-1,0.5288348197937012,0.1773558109998703,-0.25825008749961853
27,pose,1,-1,0.54010409116745,0.15286840498447418,-0.23618623614311218
27,pose,2,-1,0.5450589060783386,0.1544545441865921,-0.23633459210395813
27,pose,3,-1,0.5500249266624451,0.15628038346767426,-0.23631621897220612
27,pose,4,-1,0.5223761796951294,0.1490054577589035,-0.24073685705661774
27,pose,5,-1,0.5156029462814331,0.1479390412569046,-0.24084873497486115
27,pose,6,-1,0.509709358215332,0.14736227691173553,-0.24096988141536713
27,pose,7,-1,0.5567415952682495,0.16858097910881042,-0.0840335413813591
27,pose,8,-1,0.5013161897659302,0.15724492073059082,-0.11203571408987045
27,pose,9,-1,0.5375795960426331,0.2055543214082718,-0.20275646448135376
27,pose,10,-1,0.5144025087356567,0.20090273022651672,-0.20958685874938965
27,pose,11,-1,0.5861509442329407,0.31271788477897644,0.002659617690369487
27,pose,12,-1,0.44901907444000244,0.31685587763786316,-0.017156388610601425
27,pose,13,-1,0.6372656226158142,0.44530221819877625,-0.2250230461359024
27,pose,14,-1,0.4279821515083313,0.537241518497467,0.06175526604056358
27,pose,15,-1,0.599764883518219,0.2168939709663391,-0.5386560559272766
27,pose,16,-1,0.4270700216293335,0.730354905128479,0.017713744193315506
27,pose,17,-1,0.598137617111206,0.1536857783794403,-0.6049264073371887
27,pose,18,-1,0.423820436000824,0.794403076171875,0.010501285083591938
27,pose,19,-1,0.5959917902946472,0.1478864550590515,-0.5786104202270508
27,pose,20,-1,0.4348198473453522,0.7946200966835022,-0.031619928777217865
27,pose,21,-1,0.5900096297264099,0.17179006338119507,-0.535668671131134
27,pose,22,-1,0.4394947290420532,0.7739168405532837,0.004550807178020477
27,pose,23,-1,0.5551195740699768,0.7158249020576477,0.0035436281468719244
27,pose,24,-1,0.4747108817100525,0.7122293710708618,-0.0031138767953962088
27,pose,25,-1,0.5455190539360046,0.9826244115829468,-0.038805119693279266
27,pose,26,-1,0.48767808079719543,0.9780368208885193,-0.02634759619832039
27,pose,27,-1,0.5556356310844421,1.2506664991378784,0.2915065586566925
27,pose,28,-1,0.48515552282333374,1.2389830350875854,0.21922464668750763
27,pose,29,-1,0.5576794147491455,1.2798835039138794,0.3202388882637024
27,pose,30,-1,0.48254650831222534,1.2690523862838745,0.24084705114364624
27,pose,31,-1,0.545460045337677,1.3377827405929565,0.2050730139017105
27,pose,32,-1,0.5035099983215332,1.3300318717956543,0.09105873107910156
28,hand,0,0,0.5882226228713989,0.21289965510368347,-2.917149188874646e-08
28,hand,1,0,0.5742404460906982,0.20450158417224884,-0.003244382096454501
28,hand,2,0,0.5628248453140259,0.18969565629959106,-0.006361138541251421
28,hand,3,0,0.5523139834403992,0.17700178921222687,-0.010267254896461964
28,hand,4,0,0.5449012517929077,0.1653139293193817,-0.014293947257101536
28,hand,5,0,0.5777142643928528,0.15887197852134705,0.00035587698221206665
28,hand,6,0,0.5689613223075867,0.14859828352928162,-0.005931762512773275
28,hand,7,0,0.5615823268890381,0.14595183730125427,-0.012154670432209969
28,hand,8,0,0.5568185448646545,0.14840520918369293,-0.015738844871520996
28,hand,9,0,0.583745002746582,0.1491597443819046,-0.0015612327260896564
28,hand,10,0,0.5791526436805725,0.12391351163387299,-0.00497793173417449
28,hand,11,0,0.5735037326812744,0.1077587753534317,-0.008417281322181225
28,hand,12,0,0.5683079957962036,0.09513711929321289,-0.01102437824010849
28,hand,13,0,0.5915421843528748,0.1457633674144745,-0.004769166000187397
28,hand,14,0,0.59331876039505,0.11592473834753036,-0.008704290725290775
28,hand,15,0,0.5920431017875671,0.09757089614868164,-0.011576143093407154
28,hand,16,0,0.5900850296020508,0.08252301067113876,-0.013394517824053764
28,hand,17,0,0.599060595035553,0.14869621396064758,-0.008441011421382427
28,hand,18,0,0.6059263348579407,0.12497106194496155,-0.011339367367327213
28,hand,19,0,0.6091630458831787,0.1083497405052185,-0.012350955046713352
28,hand,20,0,0.6105422973632812,0.09393724799156189,-0.013012932613492012
28,hand,0,1,0.42465391755104065,0.747844398021698,-7.327199824658237e-08
28,hand,1,1,0.43648648262023926,0.7624852657318115,-0.012128052301704884
28,hand,2,1,0.44235366582870483,0.7874495983123779,-0.015977637842297554
28,hand,3,1,0.4456407129764557,0.8118413686752319,-0.016652218997478485
28,hand,4,1,0.4475010335445404,0.828002393245697,-0.015936607494950294
28,hand,5,1,0.42111578583717346,0.8070349097251892,-0.012700985185801983
28,hand,6,1,0.4295091927051544,0.8395493626594543,-0.01403444167226553
28,hand,7,1,0.4389159381389618,0.8470943570137024,-0.014045756310224533
28,hand,8,1,0.4468286335468292,0.8476068377494812,-0.013518116436898708
28,hand,9,1,0.41595426201820374,0.8071915507316589,-0.005408469587564468
28,hand,10,1,0.4268876314163208,0.8360608816146851,-0.006441035307943821
28,hand,11,1,0.43715521693229675,0.8412905931472778,-0.006852750666439533
28,hand,12,1,0.4455353021621704,0.8401452302932739,-0.007208830211311579
28,hand,13,1,0.41500502824783325,0.8060516715049744,0.0014802804216742516
28,hand,14,1,0.4254581928253174,0.8304881453514099,0.00014467022265307605
28,hand,15,1,0.4344227910041809,0.8348162174224854,-0.0009514443227089942
28,hand,16,1,0.44207265973091125,0.8338692784309387,-0.0015987978549674153
28,hand,17,1,0.4162464141845703,0.8049057722091675,0.007671675179153681
28,hand,18,1,0.4235333800315857,0.8233984708786011,0.005578186362981796
28,hand,19,1,0.4304344356060028,0.8283339738845825,0.004061070270836353
28,hand,20,1,0.4368534982204437,0.829272985458374,0.0034783161245286465
28,pose,0,-1,0.5278113484382629,0.1773471236228943,-0.2659624516963959
28,pose,1,-1,0.5392592549324036,0.15285001695156097,-0.24206438660621643
28,pose,2,-1,0.5442611575126648,0.1543801724910736,-0.24220749735832214
28,pose,3,-1,0.5492457747459412,0.1561717689037323,-0.2421758770942688
28,pose,4,-1,0.5208640694618225,0.14911533892154694,-0.24646052718162537
28,pose,5,-1,0.5140308141708374,0.14810815453529358,-0.24655257165431976
28,pose,6,-1,0.5084076523780823,0.1475500911474228,-0.246680349111557
28,pose,7,-1,0.5559713840484619,0.16851924359798431,-0.08991406857967377
28,pose,8,-1,0.5004498362541199,0.15743853151798248,-0.11344026774168015
28,pose,9,-1,0.5369897484779358,0.20555149018764496,-0.20924225449562073
28,pose,10,-1,0.5131300091743469,0.20098726451396942,-0.21610231697559357
28,pose,11,-1,0.5858517289161682,0.3128424882888794,-0.008091581054031849
28,pose,12,-1,0.4486333429813385,0.3171110451221466,-0.01352301612496376
28,pose,13,-1,0.6415972113609314,0.44937339425086975,-0.21230417490005493
28,pose,14,-1,0.42797982692718506,0.5391927361488342,0.08235856890678406
28,pose,15,-1,0.599157452583313,0.22447550296783447,-0.502010703086853
28,pose,16,-1,0.42714300751686096,0.7324417233467102,0.052690278738737106
28,pose,17,-1,0.5962687730789185,0.1633043736219406,-0.5632994174957275
28,pose,18,-1,0.42387524247169495,0.7959256172180176,0.04925286024808884
28,pose,19,-1,0.5930606722831726,0.15699456632137299,-0.5378522872924805
28,pose,20,-1,0.43483731150627136,0.7960134148597717,0.006388738751411438
28,pose,21,-1,0.5875082015991211,0.1809205412864685,-0.4982951581478119
28,pose,22,-1,0.4395029842853546,0.7754650115966797,0.039520345628261566
28,pose,23,-1,0.5553547143936157,0.7166968584060669,0.003174262586981058
28,pose,24,-1,0.474675714969635,0.7135069966316223,-0.002718947362154722
28,pose,25,-1,0.5455159544944763,0.9837827086448669,-0.03658449277281761
28,pose,26,-1,0.4876778721809387,0.980173647403717,-0.02447781153023243
28,pose,27,-1,0.5556463003158569,1.253169059753418,0.29158470034599304
28,pose,28,-1,0.4851243793964386,1.247037649154663,0.20540176331996918
28,pose,29,-1,0.557721734046936,1.2830580472946167,0.3188819885253906
28,pose,30,-1,0.4825129210948944,1.2800244092941284,0.22422011196613312
28,pose,31,-1,0.5449715256690979,1.3426178693771362,0.19881998002529144
28,pose,32,-1,0.5036857724189758,1.338392734527588,0.06821941584348679
29,hand,0,0,0.587149977684021,0.2269344925880432,-4.3279865025169784e-08
29,hand,1,0,0.5734625458717346,0.21930183470249176,-0.00391862727701664
29,hand,2,0,0.5614467859268188,0.20446918904781342,-0.007363464217633009
29,hand,3,0,0.5504121780395508,0.19145332276821136,-0.01142745278775692
29,hand,4,0,0.5447762608528137,0.17795492708683014,-0.015374656766653061
29,hand,5,0,0.5745151042938232,0.17660535871982574,-0.0017912706825882196
29,hand,6,0,0.5654534101486206,0.16442672908306122,-0.009496578946709633
29,hand,7,0,0.559532105922699,0.16645361483097076,-0.01621350087225437
29,hand,8,0,0.5568726658821106,0.17332260310649872,-0.019748328253626823
29,hand,9,0,0.5808000564575195,0.1663256287574768,-0.003192284842953086
29,hand,10,0,0.575544536113739,0.14159953594207764,-0.0076827239245176315
29,hand,11,0,0.5694683194160461,0.1267130821943283,-0.011149467900395393
29,hand,12,0,0.5639644861221313,0.11451373249292374,-0.013532321900129318
29,hand,13,0,0.5891965627670288,0.16164620220661163,-0.005922066047787666
29,hand,14,0,0.589903712272644,0.1324031949043274,-0.010642068460583687
29,hand,15,0,0.5877739787101746,0.11420713365077972,-0.013411705382168293
29,hand,16,0,0.5851094126701355,0.09904593229293823,-0.014885525219142437
29,hand,17,0,0.5974799990653992,0.16330274939537048,-0.009117222391068935
29,hand,18,0,0.6039344668388367,0.13948982954025269,-0.01235183235257864
29,hand,19,0,0.6064913868904114,0.12257540225982666,-0.013279778882861137
29,hand,20,0,0.6071927547454834,0.10793481767177582,-0.013696899637579918
29,hand,0,1,0.4260460138320923,0.7492059469223022,-6.793154483375474e-08
29,hand,1,1,0.43805789947509766,0.7643500566482544,-0.011792579665780067
29,hand,2,1,0.44378602504730225,0.7892250418663025,-0.01579866372048855
29,hand,3,1,0.44721388816833496,0.8131738305091858,-0.016810547560453415
29,hand,4,1,0.448859304189682,0.8297659158706665,-0.016508858650922775
29,hand,5,1,0.42220088839530945,0.8079223036766052,-0.012352781370282173
29,hand,6,1,0.43049997091293335,0.8399994969367981,-0.014027903787791729
29,hand,7,1,0.43960118293762207,0.84859699010849,-0.014539835974574089
29,hand,8,1,0.44745922088623047,0.8504091501235962,-0.014373324811458588
29,hand,9,1,0.41692593693733215,0.8082049489021301,-0.005449059884995222
29,hand,10,1,0.4275997281074524,0.836935818195343,-0.0067497617565095425
29,hand,11,1,0.43726038932800293,0.8439390659332275,-0.007489980664104223
29,hand,12,1,0.44556596875190735,0.8442296981811523,-0.0080808000639081
29,hand,13,1,0.4158097803592682,0.8071785569190979,0.0010432376293465495
29,hand,14,1,0.426209956407547,0.8319191932678223,-0.0004789668309967965
29,hand,15,1,0.4347386658191681,0.8371830582618713,-0.001494552823714912
29,hand,16,1,0.4421108663082123,0.837022066116333,-0.0020418029744178057
29,hand,17,1,0.4170882999897003,0.8062646985054016,0.006848449818789959
29,hand,18,1,0.4248106777667999,0.8250901103019714,0.0047297109849750996
29,hand,19,1,0.431657999753952,0.8305489420890808,0.003423879388719797
29,hand,20,1,0.4379582703113556,0.8317984938621521,0.003000034485012293
29,pose,0,-1,0.5269396901130676,0.17730070650577545,-0.28131285309791565
29,pose,1,-1,0.5384909510612488,0.15278372168540955,-0.25805699825286865
29,pose,2,-1,0.543392539024353,0.15430422127246857,-0.2581939995288849
29,pose,3,-1,0.5484349727630615,0.15609511733055115,-0.2581549882888794
29,pose,4,-1,0.5197136998176575,0.14905793964862823,-0.26241743564605713
29,pose,5,-1,0.5127331614494324,0.1480640172958374,-0.26248225569725037
29,pose,6,-1,0.5071443319320679,0.14751212298870087,-0.26262131333351135
29,pose,7,-1,0.5552150011062622,0.1685626357793808,-0.10589271038770676
29,pose,8,-1,0.49924811720848083,0.15742827951908112,-0.127777561545372
29,pose,9,-1,0.5363532900810242,0.20564603805541992,-0.22416016459465027
29,pose,10,-1,0.511761486530304,0.2010532021522522,-0.23097071051597595
29,pose,11,-1,0.5853191614151001,0.3126760423183441,-0.02819075994193554
29,pose,12,-1,0.4483488202095032,0.31711840629577637,-0.01412814948707819
29,pose,13,-1,0.6433783769607544,0.4554607570171356,-0.2215699702501297
29,pose,14,-1,0.4282025694847107,0.5409114956855774,0.06406068056821823
29,pose,15,-1,0.5983309149742126,0.23439036309719086,-0.5148345232009888
29,pose,16,-1,0.42745575308799744,0.7347903847694397,0.029288917779922485
29,pose,17,-1,0.5945453643798828,0.1726304441690445,-0.5767406821250916
29,pose,18,-1,0.42414411902427673,0.797520101070404,0.02476614899933338
29,pose,19,-1,0.591047465801239,0.167202889919281,-0.5505048036575317
29,pose,20,-1,0.43497148156166077,0.7979995012283325,-0.01973644085228443
29,pose,21,-1,0.585727870464325,0.19164779782295227,-0.5109463334083557
29,pose,22,-1,0.4396307170391083,0.7777031660079956,0.01543508656322956
29,pose,23,-1,0.555571436882019,0.7166590094566345,0.003363118041306734
29,pose,24,-1,0.47469237446784973,0.7135019302368164,-0.0029237461276352406
29,pose,25,-1,0.5455144643783569,0.9833070039749146,-0.018863223493099213
29,pose,26,-1,0.48775771260261536,0.9799239635467529,-0.016253435984253883
29,pose,27,-1,0.5556483864784241,1.2520862817764282,0.2938682436943054
29,pose,28,-1,0.4852910339832306,1.2445870637893677,0.217733696103096
29,pose,29,-1,0.5577173233032227,1.2815369367599487,0.3230920732021332
29,pose,30,-1,0.4826008677482605,1.27647066116333,0.2387387901544571
29,pose,31,-1,0.5449405908584595,1.3407865762710571,0.208262100815773
29,pose,32,-1,0.5043062567710876,1.3359636068344116,0.07323159277439117
30,hand,0,0,0.5874465107917786,0.24418756365776062,-4.299381473060748e-08
30,hand,1,0,0.5733234882354736,0.2366153597831726,-0.0034789503552019596
30,hand,2,0,0.561650276184082,0.2222306728363037,-0.0067543149925768375
30,hand,3,0,0.5513440370559692,0.2092283070087433,-0.010836973786354065
30,hand,4,0,0.5452629327774048,0.19651687145233154,-0.014871340245008469
30,hand,5,0,0.5732865929603577,0.19244082272052765,-0.0009601721540093422
30,hand,6,0,0.5634952783584595,0.17908091843128204,-0.009223876520991325
30,hand,7,0,0.557895839214325,0.18206661939620972,-0.016462644562125206
30,hand,8,0,0.5559428930282593,0.19024258852005005,-0.020314553752541542
30,hand,9,0,0.5797134041786194,0.18194907903671265,-0.0028321740683168173
30,hand,10,0,0.5731623768806458,0.15608344972133636,-0.007718730252236128
30,hand,11,0,0.5662009119987488,0.1413753777742386,-0.01181066408753395
30,hand,12,0,0.5601586699485779,0.12995165586471558,-0.014708067290484905
30,hand,13,0,0.5883445143699646,0.17796754837036133,-0.006059311330318451
30,hand,14,0,0.5881235599517822,0.14794017374515533,-0.011050599627196789
30,hand,15,0,0.5855613946914673,0.13044151663780212,-0.013938882388174534
30,hand,16,0,0.5827085375785828,0.11616280674934387,-0.015585467219352722
30,hand,17,0,0.5969870090484619,0.18092186748981476,-0.00974780973047018
30,hand,18,0,0.6029103398323059,0.15654227137565613,-0.013017815537750721
30,hand,19,0,0.6054694652557373,0.13968224823474884,-0.013853034935891628
30,hand,20,0,0.606479287147522,0.1250087171792984,-0.014314910396933556
30,hand,0,1,0.4272277355194092,0.7494239211082458,-6.566818910869188e-08
30,hand,1,1,0.43885278701782227,0.7646022439002991,-0.012753990478813648
30,hand,2,1,0.4441111385822296,0.789390504360199,-0.01662234216928482
30,hand,3,1,0.44741374254226685,0.8134828805923462,-0.017080767080187798
30,hand,4,1,0.449901819229126,0.8297998905181885,-0.016191478818655014
30,hand,5,1,0.4223623275756836,0.8085459470748901,-0.012781464494764805
30,hand,6,1,0.431280255317688,0.8409546613693237,-0.013418266549706459
30,hand,7,1,0.440681517124176,0.8497008085250854,-0.013191265054047108
30,hand,8,1,0.44857680797576904,0.8515164256095886,-0.012595797888934612
30,hand,9,1,0.4177638590335846,0.8083083629608154,-0.004852870479226112
30,hand,10,1,0.4292718470096588,0.8368852138519287,-0.00509114982560277
30,hand,11,1,0.43974587321281433,0.8434634208679199,-0.005498329643160105
30,hand,12,1,0.44842901825904846,0.8433496356010437,-0.005999054294079542
30,hand,13,1,0.41731202602386475,0.8067113161087036,0.0026708319783210754
30,hand,14,1,0.42849573493003845,0.8309292197227478,0.0019731319043785334
30,hand,15,1,0.43765443563461304,0.8361047506332397,0.0005753820296376944
30,hand,16,1,0.445390909910202,0.8361753225326538,-0.0004044756351504475
30,hand,17,1,0.41875773668289185,0.8053500652313232,0.0094730444252491
30,hand,18,1,0.4265007972717285,0.8236515522003174,0.007818665355443954
30,hand,19,1,0.4335792362689972,0.8294526934623718,0.006145082414150238
30,hand,20,1,0.4401581883430481,0.8311819434165955,0.005345768760889769
30,pose,0,-1,0.5268905162811279,0.17746767401695251,-0.2951301038265228
30,pose,1,-1,0.5381906032562256,0.1528349071741104,-0.270596444606781
30,pose,2,-1,0.5430129170417786,0.15437330305576324,-0.2707279324531555
30,pose,3,-1,0.5480403304100037,0.15616396069526672,-0.27070194482803345
30,pose,4,-1,0.5195257067680359,0.14907900989055634,-0.278196781873703
30,pose,5,-1,0.5124995112419128,0.14809869229793549,-0.27826058864593506
30,pose,6,-1,0.5068725347518921,0.1475565880537033,-0.27840766310691833
30,pose,7,-1,0.5546367168426514,0.16933274269104004,-0.11267197132110596
30,pose,8,-1,0.49861904978752136,0.1576632261276245,-0.14903385937213898
30,pose,9,-1,0.5362192392349243,0.20623177289962769,-0.23553583025932312
30,pose,10,-1,0.5113767981529236,0.20136243104934692,-0.24660556018352509
30,pose,11,-1,0.5852846503257751,0.3157100975513458,-0.032466769218444824
30,pose,12,-1,0.44809573888778687,0.3176848292350769,-0.03937165066599846
30,pose,13,-1,0.6446255445480347,0.4606032967567444,-0.21879367530345917
30,pose,14,-1,0.4289592206478119,0.5424110889434814,0.05439874902367592
30,pose,15,-1,0.597292959690094,0.2508446276187897,-0.5301551222801208
30,pose,16,-1,0.42790642380714417,0.7365694046020508,0.011770033277571201
30,pose,17,-1,0.5924038290977478,0.19303782284259796,-0.595504105091095
30,pose,18,-1,0.4246864914894104,0.7991912961006165,0.004528437275439501
30,pose,19,-1,0.5877231955528259,0.1877385824918747,-0.57000333070755
30,pose,20,-1,0.43536290526390076,0.7998106479644775,-0.03951851651072502
30,pose,21,-1,0.5835236310958862,0.20901250839233398,-0.5273576378822327
30,pose,22,-1,0.439959317445755,0.7798442244529724,-0.002128259278833866
30,pose,23,-1,0.5555518865585327,0.7188833951950073,0.003493326483294368
30,pose,24,-1,0.47473108768463135,0.7144643664360046,-0.0030521959997713566
30,pose,25,-1,0.5454514026641846,0.9830739498138428,-0.005603423807770014
30,pose,26,-1,0.4880651831626892,0.979830801486969,-0.002558321226388216
30,pose,27,-1,0.5549843907356262,1.250258445739746,0.31161561608314514
30,pose,28,-1,0.48509398102760315,1.2430055141448975,0.22724513709545135
30,pose,29,-1,0.5568233132362366,1.2795178890228271,0.33982720971107483
30,pose,30,-1,0.4824494421482086,1.2746260166168213,0.24567027390003204
30,pose,31,-1,0.5437647104263306,1.3390300273895264,0.2189636379480362
30,pose,32,-1,0.5040296316146851,1.3346736431121826,0.08068130910396576
31,hand,0,0,0.588252067565918,0.26163142919540405,-3.2022114737628726e-08
31,hand,1,0,0.5744365453720093,0.2549003064632416,-0.0032861370127648115
31,hand,2,0,0.5628223419189453,0.241488516330719,-0.00653628958389163
31,hand,3,0,0.5528439283370972,0.23060162365436554,-0.010411354713141918
31,hand,4,0,0.5468460917472839,0.2183968871831894,-0.014381065964698792
31,hand,5,0,0.5743706226348877,0.2113245129585266,-0.0020240668673068285
31,hand,6,0,0.5642887949943542,0.20224641263484955,-0.009679121896624565
31,hand,7,0,0.5572667121887207,0.20069530606269836,-0.016390183940529823
31,hand,8,0,0.5529062151908875,0.2023608535528183,-0.020315678790211678
31,hand,9,0,0.5802218914031982,0.20028743147850037,-0.004576355218887329
31,hand,10,0,0.5722350478172302,0.17257729172706604,-0.010520655661821365
31,hand,11,0,0.5644769668579102,0.15787985920906067,-0.015255395323038101
31,hand,12,0,0.557531476020813,0.14754541218280792,-0.01818156987428665
31,hand,13,0,0.5886880159378052,0.1960548758506775,-0.008193444460630417
31,hand,14,0,0.5877681374549866,0.16472062468528748,-0.01442686840891838
31,hand,15,0,0.5854300856590271,0.14641538262367249,-0.018015559762716293
31,hand,16,0,0.5825302600860596,0.1315324604511261,-0.019824745133519173
31,hand,17,0,0.5975913405418396,0.19913677871227264,-0.012101856991648674
31,hand,18,0,0.6034414768218994,0.17474904656410217,-0.01655375026166439
31,hand,19,0,0.6063569784164429,0.15752491354942322,-0.017879199236631393
31,hand,20,0,0.6073801517486572,0.14264535903930664,-0.018497822806239128
31,hand,0,1,0.42751947045326233,0.7506448030471802,-7.07951244294236e-08
31,hand,1,1,0.43964362144470215,0.7654098272323608,-0.01232683565467596
31,hand,2,1,0.44500595331192017,0.7910665273666382,-0.01599707081913948
31,hand,3,1,0.447922021150589,0.8155896663665771,-0.016412850469350815
31,hand,4,1,0.4505167603492737,0.8321725726127625,-0.015545088797807693
31,hand,5,1,0.4237405061721802,0.809639036655426,-0.012503107078373432
31,hand,6,1,0.4320630133152008,0.8423961997032166,-0.013784977607429028
31,hand,7,1,0.44170036911964417,0.8505755662918091,-0.01419527642428875
31,hand,8,1,0.44969993829727173,0.8520122170448303,-0.013982770964503288
31,hand,9,1,0.41896170377731323,0.8099536299705505,-0.004978381562978029
31,hand,10,1,0.4298783242702484,0.838887095451355,-0.005592356901615858
31,hand,11,1,0.44037359952926636,0.8451870083808899,-0.00623753946274519
31,hand,12,1,0.44903483986854553,0.8449093103408813,-0.006872938014566898
31,hand,13,1,0.4183295965194702,0.8087277412414551,0.0021112558897584677
31,hand,14,1,0.4291783273220062,0.8333947062492371,0.0011919542448595166
31,hand,15,1,0.43819791078567505,0.8376990556716919,-9.118227899307385e-05
31,hand,16,1,0.4457418918609619,0.8371056318283081,-0.0009805826703086495
31,hand,17,1,0.4198353886604309,0.8073227405548096,0.008477434515953064
31,hand,18,1,0.4276065230369568,0.8254907131195068,0.006796614732593298
31,hand,19,1,0.4346683621406555,0.830377459526062,0.005363494157791138
31,hand,20,1,0.44125720858573914,0.8311213850975037,0.004745647311210632
31,pose,0,-1,0.5268900394439697,0.17748421430587769,-0.29969340562820435
31,pose,1,-1,0.5380355715751648,0.15282708406448364,-0.2753695845603943
31,pose,2,-1,0.5428735017776489,0.15441669523715973,-0.2755187749862671
31,pose,3,-1,0.547927737236023,0.1562563180923462,-0.27550819516181946
31,pose,4,-1,0.5194860100746155,0.14904135465621948,-0.2831827998161316
31,pose,5,-1,0.5124878883361816,0.14806804060935974,-0.28325188159942627
31,pose,6,-1,0.5068449378013611,0.1475341022014618,-0.2834051847457886
31,pose,7,-1,0.5545564889907837,0.16972780227661133,-0.11765643209218979
31,pose,8,-1,0.49838411808013916,0.157776340842247,-0.1557311862707138
31,pose,9,-1,0.5362399816513062,0.2066047042608261,-0.24004434049129486
31,pose,10,-1,0.5113655924797058,0.2014499306678772,-0.2515426576137543
31,pose,11,-1,0.585504949092865,0.3167555630207062,-0.03459123522043228
31,pose,12,-1,0.4480370581150055,0.31862014532089233,-0.04503430798649788
31,pose,13,-1,0.6432322263717651,0.47173744440078735,-0.2145291417837143
31,pose,14,-1,0.4293011426925659,0.5436673760414124,0.04949190095067024
31,pose,15,-1,0.5968917012214661,0.2674403786659241,-0.5268155336380005
31,pose,16,-1,0.4287944436073303,0.7383811473846436,0.011849237605929375
31,pose,17,-1,0.5923749804496765,0.20848402380943298,-0.5914791226387024
31,pose,18,-1,0.4257475733757019,0.799789547920227,0.0062317634001374245
31,pose,19,-1,0.5877981781959534,0.20171818137168884,-0.565949559211731
31,pose,20,-1,0.43596401810646057,0.8005578517913818,-0.038321349769830704
31,pose,21,-1,0.5836718082427979,0.22013624012470245,-0.5236917734146118
31,pose,22,-1,0.44030094146728516,0.7807602882385254,-0.002203378826379776
31,pose,23,-1,0.5559143424034119,0.7196926474571228,0.0036553749814629555
31,pose,24,-1,0.4748532176017761,0.7148370146751404,-0.0032228613272309303
31,pose,25,-1,0.5452912449836731,0.9829351305961609,-0.0011127627221867442
31,pose,26,-1,0.48815521597862244,0.9795190691947937,0.0034075763542205095
31,pose,27,-1,0.5533235669136047,1.2460516691207886,0.3117964565753937
31,pose,28,-1,0.48481473326683044,1.2421165704727173,0.2280903309583664
31,pose,29,-1,0.5553113222122192,1.274190902709961,0.3409610390663147
31,pose,30,-1,0.48236334323883057,1.2733137607574463,0.24821463227272034
31,pose,31,-1,0.5414389967918396,1.3333169221878052,0.21912892162799835
31,pose,32,-1,0.5023670196533203,1.3340963125228882,0.08594074845314026
32,hand,0,0,0.5911045074462891,0.28450047969818115,-2.146676258973912e-08
32,hand,1,0,0.5778353810310364,0.27912765741348267,-0.0034127559047192335
32,hand,2,0,0.5654719471931458,0.2637685537338257,-0.0068917772732675076
32,hand,3,0,0.555292010307312,0.25097593665122986,-0.010815417394042015
32,hand,4,0,0.549172580242157,0.23654520511627197,-0.014705300331115723
32,hand,5,0,0.5754593014717102,0.2298772782087326,-0.0032384030055254698
32,hand,6,0,0.5655517578125,0.2177087813615799,-0.011530984193086624
32,hand,7,0,0.558098554611206,0.21658240258693695,-0.018288452178239822
32,hand,8,0,0.5530209541320801,0.2199118435382843,-0.021996445953845978
32,hand,9,0,0.5819674730300903,0.21866586804389954,-0.005911311600357294
32,hand,10,0,0.5744360089302063,0.1879691183567047,-0.012381421402096748
32,hand,11,0,0.5675395131111145,0.17155517637729645,-0.017085883766412735
32,hand,12,0,0.5612040758132935,0.15937532484531403,-0.019751038402318954
32,hand,13,0,0.5909228920936584,0.21525821089744568,-0.009637407958507538
32,hand,14,0,0.5904948711395264,0.18104127049446106,-0.016735317185521126
32,hand,15,0,0.5885336995124817,0.1609744280576706,-0.020717589184641838
32,hand,16,0,0.5856601595878601,0.14392787218093872,-0.022521620616316795
32,hand,17,0,0.6004343032836914,0.22004640102386475,-0.013511882163584232
32,hand,18,0,0.6067279577255249,0.19407600164413452,-0.018831007182598114
32,hand,19,0,0.6100679039955139,0.1763836145401001,-0.020418209955096245
32,hand,20,0,0.611502468585968,0.16095688939094543,-0.020924240350723267
32,hand,0,1,0.4276222288608551,0.7501890659332275,-7.060763351773858e-08
32,hand,1,1,0.43935030698776245,0.7648850679397583,-0.01297761406749487
32,hand,2,1,0.44501274824142456,0.7910719513893127,-0.01679503358900547
32,hand,3,1,0.44864311814308167,0.8165037631988525,-0.017173048108816147
32,hand,4,1,0.45156997442245483,0.8345317244529724,-0.016118424013257027
32,hand,5,1,0.4234977662563324,0.8101810812950134,-0.01249532587826252
32,hand,6,1,0.4326903820037842,0.8435131311416626,-0.013388890773057938
32,hand,7,1,0.4426208734512329,0.8512125015258789,-0.013361693359911442
32,hand,8,1,0.4506901502609253,0.8522180318832397,-0.012863855808973312
32,hand,9,1,0.41900941729545593,0.810004711151123,-0.004455447196960449
32,hand,10,1,0.43071460723876953,0.8382763266563416,-0.004828152246773243
32,hand,11,1,0.4415290355682373,0.8447077870368958,-0.005383042152971029
32,hand,12,1,0.45058995485305786,0.8448950052261353,-0.005957162007689476
32,hand,13,1,0.41873496770858765,0.8083682060241699,0.003106860676780343
32,hand,14,1,0.4303111732006073,0.8320103883743286,0.002334101125597954
32,hand,15,1,0.43949320912361145,0.8375524878501892,0.000931513262912631
32,hand,16,1,0.44746077060699463,0.8382595181465149,-6.899772415636107e-05
32,hand,17,1,0.42030006647109985,0.806954562664032,0.009923325851559639
32,hand,18,1,0.42860323190689087,0.8244011402130127,0.008156036026775837
32,hand,19,1,0.43593668937683105,0.8293926119804382,0.006555136293172836
32,hand,20,1,0.44274085760116577,0.8307310342788696,0.005846632178872824
32,pose,0,-1,0.5263475179672241,0.1773962676525116,-0.29608115553855896
32,pose,1,-1,0.5370861887931824,0.15279392898082733,-0.2715870440006256
32,pose,2,-1,0.5417788624763489,0.1543959230184555,-0.2717662751674652
32,pose,3,-1,0.5467463731765747,0.15629181265830994,-0.2717745900154114
32,pose,4,-1,0.5189698338508606,0.14897149801254272,-0.2776324152946472
32,pose,5,-1,0.5121783018112183,0.14800862967967987,-0.2776789367198944
32,pose,6,-1,0.5065914988517761,0.14747825264930725,-0.277832567691803
32,pose,7,-1,0.5541913509368896,0.1703910529613495,-0.11679355055093765
32,pose,8,-1,0.49827438592910767,0.1578158736228943,-0.14843711256980896
32,pose,9,-1,0.5359943509101868,0.20658206939697266,-0.2382403165102005
32,pose,10,-1,0.5109668970108032,0.20136411488056183,-0.2480834573507309
32,pose,11,-1,0.5856557488441467,0.31919366121292114,-0.036466531455516815
32,pose,12,-1,0.44796574115753174,0.3192235827445984,-0.03777690604329109
32,pose,13,-1,0.6417815685272217,0.487649142742157,-0.21173501014709473
32,pose,14,-1,0.4293282628059387,0.5447309017181396,0.051717959344387054
32,pose,15,-1,0.5971073508262634,0.2791946530342102,-0.517493486404419
32,pose,16,-1,0.4290713667869568,0.7410147190093994,0.0038596822414547205
32,pose,17,-1,0.5919294953346252,0.22584722936153412,-0.5819146037101746
32,pose,18,-1,0.42632320523262024,0.801038384437561,-0.003934740554541349
32,pose,19,-1,0.5878610014915466,0.21769563853740692,-0.5584127902984619
32,pose,20,-1,0.4363390803337097,0.8018345832824707,-0.0479389987885952
32,pose,21,-1,0.5839237570762634,0.2349366843700409,-0.5144926905632019
32,pose,22,-1,0.4404686987400055,0.7822380661964417,-0.010557408444583416
32,pose,23,-1,0.5560479760169983,0.7204272747039795,0.0029664775356650352
32,pose,24,-1,0.4749099910259247,0.7154743075370789,-0.002577263629063964
32,pose,25,-1,0.5452650785446167,0.9826927185058594,-0.003416406223550439
32,pose,26,-1,0.4882349371910095,0.9755054712295532,0.004632264841347933
32,pose,27,-1,0.5528457760810852,1.2332732677459717,0.3130796551704407
32,pose,28,-1,0.4854121506214142,1.2311456203460693,0.2392713576555252
32,pose,29,-1,0.5551391243934631,1.2596491575241089,0.34218671917915344
32,pose,30,-1,0.483297735452652,1.260732889175415,0.26027989387512207
32,pose,31,-1,0.5408952236175537,1.3166853189468384,0.22531747817993164
32,pose,32,-1,0.502227783203125,1.3185971975326538,0.11724262684583664
33,hand,0,0,0.5950509905815125,0.3058965504169464,-3.5859619718081603e-09
33,hand,1,0,0.5816575288772583,0.3018120527267456,-0.004449313506484032
33,hand,2,0,0.5683413743972778,0.2863782048225403,-0.00810016319155693
33,hand,3,0,0.5583077073097229,0.2730826139450073,-0.011777311563491821
33,hand,4,0,0.5533643960952759,0.25773096084594727,-0.015396752394735813
33,hand,5,0,0.5790173411369324,0.24844585359096527,-0.004868231248110533
33,hand,6,0,0.5690387487411499,0.23615813255310059,-0.013183828443288803
33,hand,7,0,0.5614564418792725,0.23634232580661774,-0.019921576604247093
33,hand,8,0,0.5569204092025757,0.24104216694831848,-0.023583292961120605
33,hand,9,0,0.5866982936859131,0.23737916350364685,-0.007184484042227268
33,hand,10,0,0.5792827010154724,0.20377521216869354,-0.01317304465919733
33,hand,11,0,0.5723583102226257,0.1837470531463623,-0.017881903797388077
33,hand,12,0,0.566457211971283,0.16795757412910461,-0.02075761742889881
33,hand,13,0,0.5966966152191162,0.2357780933380127,-0.010524461045861244
33,hand,14,0,0.5970203280448914,0.20018558204174042,-0.01769600808620453
33,hand,15,0,0.5957111716270447,0.17900237441062927,-0.022233471274375916
33,hand,16,0,0.5936163067817688,0.16052976250648499,-0.024588340893387794
33,hand,17,0,0.6068921685218811,0.24362075328826904,-0.013998644426465034
33,hand,18,0,0.6144622564315796,0.21900776028633118,-0.019994230940937996
33,hand,19,0,0.6184527277946472,0.2014686018228531,-0.02194402739405632
33,hand,20,0,0.6207337975502014,0.18584290146827698,-0.02269582822918892
33,hand,0,1,0.4276045858860016,0.7500981688499451,-8.38585094697919e-08
33,hand,1,1,0.43973827362060547,0.7663053274154663,-0.01098084356635809
33,hand,2,1,0.44556471705436707,0.7922529578208923,-0.014209657907485962
33,hand,3,1,0.4490317106246948,0.8163235187530518,-0.014548264443874359
33,hand,4,1,0.4515821039676666,0.8330291509628296,-0.013652229681611061
33,hand,5,1,0.4234943985939026,0.8104757070541382,-0.010962381027638912
33,hand,6,1,0.432259202003479,0.8436325192451477,-0.012014821171760559
33,hand,7,1,0.4420292377471924,0.8514426946640015,-0.012281732633709908
33,hand,8,1,0.45007163286209106,0.8528065085411072,-0.011942677199840546
33,hand,9,1,0.41882583498954773,0.8101961612701416,-0.0040987348183989525
33,hand,10,1,0.4309687614440918,0.8381509780883789,-0.00472452025860548
33,hand,11,1,0.442121684551239,0.8435203433036804,-0.005533598363399506
33,hand,12,1,0.45103907585144043,0.8431247472763062,-0.006195159628987312
33,hand,13,1,0.4183860123157501,0.8086234331130981,0.002426767721772194
33,hand,14,1,0.43047255277633667,0.832139253616333,0.001679944689385593
33,hand,15,1,0.4400288760662079,0.8366892337799072,0.00029589611222036183
33,hand,16,1,0.44814029335975647,0.8364623785018921,-0.0006433827802538872
33,hand,17,1,0.4198457598686218,0.8071414232254028,0.008349078707396984
33,hand,18,1,0.42861539125442505,0.8242610096931458,0.006977928802371025
33,hand,19,1,0.4360552728176117,0.8290333151817322,0.00569159584119916
33,hand,20,1,0.4429177939891815,0.8299779295921326,0.005207729991525412
33,pose,0,-1,0.5260779857635498,0.1765555590391159,-0.29664498567581177
33,pose,1,-1,0.5366320013999939,0.1523878574371338,-0.27172765135765076
33,pose,2,-1,0.5411897301673889,0.15410083532333374,-0.27190759778022766
33,pose,3,-1,0.5461333394050598,0.15612143278121948,-0.27191832661628723
33,pose,4,-1,0.5188955068588257,0.14825594425201416,-0.2774844467639923
33,pose,5,-1,0.5121763348579407,0.1472422182559967,-0.27753108739852905
33,pose,6,-1,0.506589949131012,0.14664293825626373,-0.27767789363861084
33,pose,7,-1,0.5536319017410278,0.1703767329454422,-0.11735545843839645
33,pose,8,-1,0.49826908111572266,0.15744897723197937,-0.14765113592147827
33,pose,9,-1,0.535532534122467,0.206338033080101,-0.23934274911880493
33,pose,10,-1,0.5109665989875793,0.20103521645069122,-0.24854494631290436
33,pose,11,-1,0.5855534076690674,0.3233734965324402,-0.04255044460296631
33,pose,12,-1,0.44762322306632996,0.31992727518081665,-0.03975206986069679
33,pose,13,-1,0.6411085724830627,0.5020526647567749,-0.21466225385665894
33,pose,14,-1,0.4297925531864166,0.5456896424293518,0.03315962478518486
33,pose,15,-1,0.5982332229614258,0.29213014245033264,-0.5278154611587524
33,pose,16,-1,0.42916104197502136,0.742760181427002,-0.040043335407972336
33,pose,17,-1,0.5924692749977112,0.2281881719827652,-0.5949410200119019
33,pose,18,-1,0.42645660042762756,0.8019481301307678,-0.05297152325510979
33,pose,19,-1,0.5883678793907166,0.22434043884277344,-0.5750719904899597
33,pose,20,-1,0.43640854954719543,0.8028973937034607,-0.09647458046674728
33,pose,21,-1,0.5842453837394714,0.23891793191432953,-0.5266780853271484
33,pose,22,-1,0.4405073821544647,0.7832643389701843,-0.0555332712829113
33,pose,23,-1,0.5563997030258179,0.7203658819198608,0.0027543928008526564
33,pose,24,-1,0.4755632281303406,0.7157622575759888,-0.0023937795776873827
33,pose,25,-1,0.5453239679336548,0.9805363416671753,0.007117460947483778
33,pose,26,-1,0.4885258972644806,0.9713843464851379,0.014884431846439838
33,pose,27,-1,0.5528551340103149,1.2192504405975342,0.3278586268424988
33,pose,28,-1,0.48709848523139954,1.2198278903961182,0.25593554973602295
33,pose,29,-1,0.5551256537437439,1.244391918182373,0.356497585773468
33,pose,30,-1,0.485555499792099,1.2475463151931763,0.27742284536361694
33,pose,31,-1,0.5409644842147827,1.3006623983383179,0.24421977996826172
33,pose,32,-1,0.5026406645774841,1.3065074682235718,0.13410884141921997
34,hand,0,0,0.6008651256561279,0.3313055634498596,1.0989275267547782e-08
34,hand,1,0,0.5868549346923828,0.3251146674156189,-0.0040178559720516205
34,hand,2,0,0.5737149119377136,0.30908533930778503,-0.007870963774621487
34,hand,3,0,0.5630863308906555,0.2968307435512543,-0.011975366622209549
34,hand,4,0,0.5576103329658508,0.28342875838279724,-0.01611032895743847
34,hand,5,0,0.583863377571106,0.26843199133872986,-0.00505314813926816
34,hand,6,0,0.5725172162055969,0.25767645239830017,-0.014287043362855911
34,hand,7,0,0.5654999017715454,0.2611454427242279,-0.021630646660923958
34,hand,8,0,0.5621582269668579,0.26886114478111267,-0.02551412396132946
34,hand,9,0,0.5923919677734375,0.25829827785491943,-0.008044303394854069
34,hand,10,0,0.5859200954437256,0.22050723433494568,-0.014897286891937256
34,hand,11,0,0.5803943872451782,0.19860631227493286,-0.020071353763341904
34,hand,12,0,0.5758406519889832,0.1817323863506317,-0.023018009960651398
34,hand,13,0,0.6032395958900452,0.25856152176856995,-0.012007473967969418
34,hand,14,0,0.6051515936851501,0.22141224145889282,-0.019784213975071907
34,hand,15,0,0.6048784852027893,0.19927754998207092,-0.02478507161140442
34,hand,16,0,0.603812038898468,0.1803995966911316,-0.0272733923047781
34,hand,17,0,0.6138786673545837,0.26972177624702454,-0.016054069623351097
34,hand,18,0,0.6226972341537476,0.24741503596305847,-0.022221580147743225
34,hand,19,0,0.627590537071228,0.23114697635173798,-0.023993639275431633
34,hand,20,0,0.6310952305793762,0.21657714247703552,-0.024445299059152603
34,hand,0,1,0.42719924449920654,0.7487593293190002,-7.972969484626447e-08
34,hand,1,1,0.4395892322063446,0.7638552188873291,-0.012486611492931843
34,hand,2,1,0.4454735517501831,0.7899972200393677,-0.016049722209572792
34,hand,3,1,0.44906848669052124,0.815105676651001,-0.01635017804801464
34,hand,4,1,0.45196112990379333,0.8335068225860596,-0.015314359217882156
34,hand,5,1,0.42376410961151123,0.8103617429733276,-0.011723039671778679
34,hand,6,1,0.43252918124198914,0.8437557220458984,-0.01262371800839901
34,hand,7,1,0.4424821436405182,0.8513293862342834,-0.012719874270260334
34,hand,8,1,0.4504077136516571,0.8520400524139404,-0.012227579951286316
34,hand,9,1,0.41880467534065247,0.8096705079078674,-0.003922048956155777
34,hand,10,1,0.4311106204986572,0.8381943702697754,-0.004379763267934322
34,hand,11,1,0.4423479735851288,0.8421531319618225,-0.004951540380716324
34,hand,12,1,0.4506045877933502,0.8399302959442139,-0.005391912069171667
34,hand,13,1,0.41824525594711304,0.8076108694076538,0.0034022622276097536
34,hand,14,1,0.4300948679447174,0.8316792845726013,0.002535709412768483
34,hand,15,1,0.4397676885128021,0.835094690322876,0.0011250133393332362
34,hand,16,1,0.4473252296447754,0.833562433719635,0.00028856651624664664
34,hand,17,1,0.41954949498176575,0.8058688044548035,0.010020211338996887
34,hand,18,1,0.427815705537796,0.8238325715065002,0.008325994946062565
34,hand,19,1,0.4352709949016571,0.8281277418136597,0.006804253440350294
34,hand,20,1,0.44185692071914673,0.8280958533287048,0.00625200429931283
34,pose,0,-1,0.52628093957901,0.17511634528636932,-0.2984431982040405
34,pose,1,-1,0.5367158651351929,0.1511135995388031,-0.27330562472343445
34,pose,2,-1,0.5413358211517334,0.15267422795295715,-0.2734866142272949
34,pose,3,-1,0.5464191436767578,0.1544690728187561,-0.27350977063179016
34,pose,4,-1,0.5192340612411499,0.14696656167507172,-0.27962130308151245
34,pose,5,-1,0.5124849677085876,0.1458488553762436,-0.27965790033340454
34,pose,6,-1,0.5067927241325378,0.1451825499534607,-0.2797946631908417
34,pose,7,-1,0.553836464881897,0.16915352642536163,-0.11907874047756195
34,pose,8,-1,0.49827611446380615,0.1562957614660263,-0.15290072560310364
34,pose,9,-1,0.5355871319770813,0.20524078607559204,-0.24116133153438568
34,pose,10,-1,0.5118674635887146,0.2004944533109665,-0.2511255145072937
34,pose,11,-1,0.585595428943634,0.32322031259536743,-0.041596610099077225
34,pose,12,-1,0.4473592936992645,0.31992608308792114,-0.05017770826816559
34,pose,13,-1,0.6410183310508728,0.5128253102302551,-0.19555149972438812
34,pose,14,-1,0.43018922209739685,0.5462687015533447,0.015165082179009914
34,pose,15,-1,0.6034625172615051,0.3210982084274292,-0.5230603814125061
34,pose,16,-1,0.42922621965408325,0.7429661750793457,-0.06267289072275162
34,pose,17,-1,0.5969581007957458,0.2611944377422333,-0.582588255405426
34,pose,18,-1,0.42660757899284363,0.8025791645050049,-0.0777677670121193
34,pose,19,-1,0.5955014824867249,0.2433006316423416,-0.5623846054077148
34,pose,20,-1,0.43670427799224854,0.8036574721336365,-0.1218327209353447
34,pose,21,-1,0.5912675261497498,0.2652733325958252,-0.5226037502288818
34,pose,22,-1,0.44076818227767944,0.7839253544807434,-0.07841470837593079
34,pose,23,-1,0.557121217250824,0.7199723124504089,0.006213403772562742
34,pose,24,-1,0.4762707054615021,0.7161275148391724,-0.0059036980383098125
34,pose,25,-1,0.5453662872314453,0.9796340465545654,0.016092296689748764
34,pose,26,-1,0.4889545738697052,0.9679068326950073,0.018956968560814857
34,pose,27,-1,0.5528711676597595,1.2090353965759277,0.35899844765663147
34,pose,28,-1,0.488453209400177,1.208152413368225,0.2798500061035156
34,pose,29,-1,0.5548179745674133,1.2339280843734741,0.389592707157135
34,pose,30,-1,0.486449271440506,1.2339208126068115,0.30341804027557373
34,pose,31,-1,0.5437360405921936,1.2909146547317505,0.28022104501724243
34,pose,32,-1,0.5051776170730591,1.2966278791427612,0.15937452018260956
35,hand,0,0,0.6052016615867615,0.35059601068496704,2.5597010733235948e-08
35,hand,1,0,0.5904220342636108,0.34177225828170776,-0.005503705702722073
35,hand,2,0,0.5763025283813477,0.32475635409355164,-0.010553347878158092
35,hand,3,0,0.5649722814559937,0.31136709451675415,-0.01570831798017025
35,hand,4,0,0.558871865272522,0.2948523461818695,-0.020507274195551872
35,hand,5,0,0.5857284665107727,0.27993977069854736,-0.006078900769352913
35,hand,6,0,0.5731227993965149,0.2667466998100281,-0.016878830268979073
35,hand,7,0,0.5656188726425171,0.27655741572380066,-0.02524968795478344
35,hand,8,0,0.5623317360877991,0.28979504108428955,-0.029548777267336845
35,hand,9,0,0.5952739119529724,0.27007240056991577,-0.008585050702095032
35,hand,10,0,0.5893314480781555,0.23339428007602692,-0.01616419106721878
35,hand,11,0,0.5837829113006592,0.21022658050060272,-0.021510811522603035
35,hand,12,0,0.5784441232681274,0.1897502839565277,-0.024672674015164375
35,hand,13,0,0.6064649820327759,0.27176550030708313,-0.012462255544960499
35,hand,14,0,0.6091354489326477,0.23483392596244812,-0.020745856687426567
35,hand,15,0,0.6088905334472656,0.21130137145519257,-0.0255372803658247
35,hand,16,0,0.6072991490364075,0.18952679634094238,-0.027924513444304466
35,hand,17,0,0.6173276305198669,0.28440284729003906,-0.016566749662160873
35,hand,18,0,0.6266818046569824,0.2606341540813446,-0.02306218631565571
35,hand,19,0,0.631935715675354,0.24314257502555847,-0.024591071531176567
35,hand,20,0,0.635644793510437,0.22620889544487,-0.024852139875292778
35,hand,0,1,0.4265347421169281,0.7471048831939697,-7.742472973859549e-08
35,hand,1,1,0.439005583524704,0.7632908225059509,-0.011715269647538662
35,hand,2,1,0.4450068473815918,0.790107250213623,-0.015027697198092937
35,hand,3,1,0.4487591087818146,0.8152196407318115,-0.01517129223793745
35,hand,4,1,0.4517463743686676,0.8331010341644287,-0.013958945870399475
35,hand,5,1,0.42415910959243774,0.8100214600563049,-0.011887859553098679
35,hand,6,1,0.4321689009666443,0.8434939384460449,-0.011958688497543335
35,hand,7,1,0.4414370059967041,0.8508526086807251,-0.011144407093524933
35,hand,8,1,0.4491693079471588,0.8520056009292603,-0.010201903060078621
35,hand,9,1,0.4182190001010895,0.8095425367355347,-0.004436771385371685
35,hand,10,1,0.42985329031944275,0.8379877805709839,-0.004238488618284464
35,hand,11,1,0.4406561255455017,0.841810941696167,-0.004288798663765192
35,hand,12,1,0.44888198375701904,0.8397122621536255,-0.004580844193696976
35,hand,13,1,0.416850209236145,0.8072963953018188,0.0027374529745429754
35,hand,14,1,0.42807361483573914,0.831849992275238,0.002660321304574609
35,hand,15,1,0.4372660219669342,0.8351189494132996,0.0018424125155434012
35,hand,16,1,0.44477400183677673,0.8330798745155334,0.00112167838960886
35,hand,17,1,0.41760894656181335,0.8052296042442322,0.00923748966306448
35,hand,18,1,0.42559006810188293,0.8234281539916992,0.008091886527836323
35,hand,19,1,0.43298783898353577,0.8278720378875732,0.006892823148518801
35,hand,20,1,0.4396936893463135,0.8275322318077087,0.00639652693644166
35,pose,0,-1,0.526304304599762,0.17452117800712585,-0.30958986282348633
35,pose,1,-1,0.5367393493652344,0.1502968668937683,-0.2844638526439667
35,pose,2,-1,0.5414144992828369,0.15163370966911316,-0.2846374809741974
35,pose,3,-1,0.5466211438179016,0.15318001806735992,-0.28467416763305664
35,pose,4,-1,0.5192916393280029,0.14641109108924866,-0.29017648100852966
35,pose,5,-1,0.512519896030426,0.1452914923429489,-0.29019659757614136
35,pose,6,-1,0.5067997574806213,0.14465782046318054,-0.2903169095516205
35,pose,7,-1,0.5541571974754333,0.16812895238399506,-0.12941764295101166
35,pose,8,-1,0.49828436970710754,0.15569430589675903,-0.16108229756355286
35,pose,9,-1,0.5356439352035522,0.20467573404312134,-0.25183069705963135
35,pose,10,-1,0.5122989416122437,0.20036986470222473,-0.261080801486969
35,pose,11,-1,0.5858716368675232,0.3228594660758972,-0.04229652136564255
35,pose,12,-1,0.44731611013412476,0.3198167383670807,-0.057676803320646286
35,pose,13,-1,0.6390548348426819,0.5196162462234497,-0.17917746305465698
35,pose,14,-1,0.430185467004776,0.5462178587913513,0.01056685671210289
35,pose,15,-1,0.6087450385093689,0.3405681550502777,-0.48806121945381165
35,pose,16,-1,0.4292360544204712,0.7428320646286011,-0.06728429347276688
35,pose,17,-1,0.6015626192092896,0.2874060273170471,-0.5540987849235535
35,pose,18,-1,0.4266059994697571,0.8026183247566223,-0.08183979988098145
35,pose,19,-1,0.6015141010284424,0.26190707087516785,-0.5356758236885071
35,pose,20,-1,0.4368736445903778,0.8036812543869019,-0.12635165452957153
35,pose,21,-1,0.5978601574897766,0.2845367193222046,-0.4868691563606262
35,pose,22,-1,0.44106805324554443,0.7839066386222839,-0.08295764029026031
35,pose,23,-1,0.5574319958686829,0.716907799243927,0.010978590697050095
35,pose,24,-1,0.4767146110534668,0.7141456007957458,-0.01069435104727745
35,pose,25,-1,0.5453680157661438,0.9761697053909302,0.02685394696891308
35,pose,26,-1,0.48913705348968506,0.9614359736442566,0.016216015443205833
35,pose,27,-1,0.5530655980110168,1.1997803449630737,0.3716629147529602
35,pose,28,-1,0.48905298113822937,1.1915823221206665,0.2990935444831848
35,pose,29,-1,0.5547410249710083,1.2259297370910645,0.40240368247032166
35,pose,30,-1,0.4865931272506714,1.214743971824646,0.32530274987220764
35,pose,31,-1,0.5490337014198303,1.2806317806243896,0.2944067716598511
35,pose,32,-1,0.5074220299720764,1.2811769247055054,0.18556687235832214
36,hand,0,0,0.605103075504303,0.35170042514801025,4.7473136532971694e-08
36,hand,1,0,0.5898611545562744,0.34145644307136536,-0.0053254226222634315
36,hand,2,0,0.5755940079689026,0.324077308177948,-0.010113309137523174
36,hand,3,0,0.5643547177314758,0.3097442090511322,-0.015169421210885048
36,hand,4,0,0.5582740306854248,0.29211553931236267,-0.02001800388097763
36,hand,5,0,0.5857071876525879,0.2797061800956726,-0.005289654713124037
36,hand,6,0,0.573623538017273,0.265420138835907,-0.015842705965042114
36,hand,7,0,0.5654816031455994,0.2735086679458618,-0.024087589234113693
36,hand,8,0,0.5613202452659607,0.28444573283195496,-0.028333012014627457
36,hand,9,0,0.5955477952957153,0.27010980248451233,-0.007823026739060879
36,hand,10,0,0.5898423194885254,0.2333163022994995,-0.015084930695593357
36,hand,11,0,0.5844986438751221,0.20924781262874603,-0.020435631275177002
36,hand,12,0,0.5793431997299194,0.18786688148975372,-0.02362119033932686
36,hand,13,0,0.6063864827156067,0.27174171805381775,-0.01176680251955986
36,hand,14,0,0.6091818809509277,0.23592549562454224,-0.019852973520755768
36,hand,15,0,0.6095964312553406,0.21224448084831238,-0.024705754593014717
36,hand,16,0,0.6082270741462708,0.19037584960460663,-0.027135875076055527
36,hand,17,0,0.6166063547134399,0.28369808197021484,-0.015965744853019714
36,hand,18,0,0.6260945796966553,0.26129448413848877,-0.022384440526366234
36,hand,19,0,0.6318239569664001,0.24455037713050842,-0.02401554211974144
36,hand,20,0,0.6358469724655151,0.22838056087493896,-0.024351343512535095
36,hand,0,1,0.42521756887435913,0.7458878755569458,-8.458495415197831e-08
36,hand,1,1,0.43760526180267334,0.7619454264640808,-0.010639643296599388
36,hand,2,1,0.44415703415870667,0.7883749604225159,-0.013882000930607319
36,hand,3,1,0.44844794273376465,0.8127857446670532,-0.014316235668957233
36,hand,4,1,0.45124000310897827,0.8294297456741333,-0.013434658758342266
36,hand,5,1,0.42203035950660706,0.8078635334968567,-0.011359984055161476
36,hand,6,1,0.43025240302085876,0.8423404693603516,-0.012238293886184692
36,hand,7,1,0.4395366311073303,0.8498937487602234,-0.011967281810939312
36,hand,8,1,0.4475769102573395,0.8502206206321716,-0.011144575662910938
36,hand,9,1,0.4164924621582031,0.8081827759742737,-0.004643614869564772
36,hand,10,1,0.4280940294265747,0.8386954665184021,-0.005248099099844694
36,hand,11,1,0.43900758028030396,0.8429819345474243,-0.005537284072488546
36,hand,12,1,0.44748878479003906,0.84026038646698,-0.005681853275746107
36,hand,13,1,0.4154140055179596,0.8067190051078796,0.0018219142220914364
36,hand,14,1,0.4265204668045044,0.8330247402191162,0.0011772704310715199
36,hand,15,1,0.4360707104206085,0.8366137742996216,0.00016450657858513296
36,hand,16,1,0.4440692067146301,0.8341416120529175,-0.0003860660071950406
36,hand,17,1,0.4165002107620239,0.8050434589385986,0.0077247535809874535
36,hand,18,1,0.4244237542152405,0.8244433999061584,0.006591810844838619
36,hand,19,1,0.43185627460479736,0.8295758962631226,0.00548089062795043
36,hand,20,1,0.43885338306427,0.8296659588813782,0.00514256302267313
36,pose,0,-1,0.5262428522109985,0.17450645565986633,-0.3120795786380768
36,pose,1,-1,0.5367280840873718,0.15013237297534943,-0.28751280903816223
36,pose,2,-1,0.5414337515830994,0.15138934552669525,-0.28768685460090637
36,pose,3,-1,0.5466541051864624,0.15284955501556396,-0.2877238392829895
36,pose,4,-1,0.5192339420318604,0.14638203382492065,-0.2924415171146393
36,pose,5,-1,0.5124676823616028,0.14528296887874603,-0.292464941740036
36,pose,6,-1,0.5067188739776611,0.144657701253891,-0.29259318113327026
36,pose,7,-1,0.5544189214706421,0.16790752112865448,-0.13322487473487854
36,pose,8,-1,0.49828845262527466,0.1556956022977829,-0.1612277626991272
36,pose,9,-1,0.5356712937355042,0.20466813445091248,-0.25429895520210266
36,pose,10,-1,0.512474775314331,0.20051738619804382,-0.2624806761741638
36,pose,11,-1,0.5869340896606445,0.32278016209602356,-0.04326644912362099
36,pose,12,-1,0.4473634660243988,0.31981343030929565,-0.057895924896001816
36,pose,13,-1,0.6372947692871094,0.5221623182296753,-0.18032142519950867
36,pose,14,-1,0.4301533102989197,0.5461837649345398,0.011721411719918251
36,pose,15,-1,0.6105541586875916,0.34532684087753296,-0.489719420671463
36,pose,16,-1,0.42923593521118164,0.7427679300308228,-0.06536637991666794
36,pose,17,-1,0.6037890911102295,0.2940153479576111,-0.5574159622192383
36,pose,18,-1,0.42660099267959595,0.8025729656219482,-0.07987605035305023
36,pose,19,-1,0.6040102243423462,0.26868292689323425,-0.5401642918586731
36,pose,20,-1,0.4369056522846222,0.8036283254623413,-0.12490214407444
36,pose,21,-1,0.60025954246521,0.29105883836746216,-0.4889754354953766
36,pose,22,-1,0.4411362409591675,0.7838392853736877,-0.08123405277729034
36,pose,23,-1,0.5576573610305786,0.7166128158569336,0.012423541396856308
36,pose,24,-1,0.4768564999103546,0.7139541506767273,-0.012144867330789566
36,pose,25,-1,0.5453379154205322,0.9753119349479675,0.029136044904589653
36,pose,26,-1,0.4891391694545746,0.9592747688293457,0.015376373194158077
36,pose,27,-1,0.5530595183372498,1.1992920637130737,0.36906012892723083
36,pose,28,-1,0.48911094665527344,1.1905497312545776,0.3012998700141907
36,pose,29,-1,0.5543279647827148,1.2261579036712646,0.39913979172706604
36,pose,30,-1,0.48657047748565674,1.213582992553711,0.32744088768959045
36,pose,31,-1,0.5503709316253662,1.2787142992019653,0.28970471024513245
36,pose,32,-1,0.5076010227203369,1.2803672552108765,0.1868586242198944
37,hand,0,0,0.6038342118263245,0.34812918305397034,5.270738867579894e-08
37,hand,1,0,0.5889915823936462,0.3374103307723999,-0.005299911368638277
37,hand,2,0,0.5748130083084106,0.3206544518470764,-0.010081064887344837
37,hand,3,0,0.5635384321212769,0.30603885650634766,-0.015159607864916325
37,hand,4,0,0.5579223036766052,0.2878373861312866,-0.020006217062473297
37,hand,5,0,0.5848749876022339,0.27593275904655457,-0.005054381676018238
37,hand,6,0,0.5724937319755554,0.2615179121494293,-0.015497228130698204
37,hand,7,0,0.5641645789146423,0.2687729597091675,-0.023569395765662193
37,hand,8,0,0.560094952583313,0.27958357334136963,-0.027651913464069366
37,hand,9,0,0.5944808125495911,0.26622870564460754,-0.007443154696375132
37,hand,10,0,0.5888254642486572,0.22946417331695557,-0.014090017415583134
37,hand,11,0,0.5836556553840637,0.20596492290496826,-0.01890222355723381
37,hand,12,0,0.5788840651512146,0.18557247519493103,-0.02182873710989952
37,hand,13,0,0.6052674651145935,0.26754453778266907,-0.011302568949759007
37,hand,14,0,0.607860803604126,0.23279839754104614,-0.018780477344989777
37,hand,15,0,0.6082857847213745,0.20961999893188477,-0.02318376861512661
37,hand,16,0,0.6072588562965393,0.18832556903362274,-0.02545783296227455
37,hand,17,0,0.6155514121055603,0.27928534150123596,-0.015504354611039162
37,hand,18,0,0.6247945427894592,0.25729623436927795,-0.021620217710733414
37,hand,19,0,0.6305474638938904,0.24055315554141998,-0.023195264860987663
37,hand,20,0,0.6346852779388428,0.22439086437225342,-0.023550821468234062
37,hand,0,1,0.4237178564071655,0.7450411915779114,-9.047424498476175e-08
37,hand,1,1,0.43585503101348877,0.7603651285171509,-0.010549027472734451
37,hand,2,1,0.4424140751361847,0.785955548286438,-0.013534537516534328
37,hand,3,1,0.44690677523612976,0.8098936676979065,-0.013780427165329456
37,hand,4,1,0.4496364891529083,0.8253317475318909,-0.012645903043448925
37,hand,5,1,0.4202207028865814,0.8053116798400879,-0.010611394420266151
37,hand,6,1,0.42823198437690735,0.8408570289611816,-0.011708791367709637
37,hand,7,1,0.43751347064971924,0.8484905958175659,-0.011661801487207413
37,hand,8,1,0.4453195631504059,0.8483724594116211,-0.01095211785286665
37,hand,9,1,0.41506338119506836,0.8059752583503723,-0.004053039010614157
37,hand,10,1,0.4262746572494507,0.8368963003158569,-0.004908166825771332
37,hand,11,1,0.4373060464859009,0.8403007984161377,-0.005256884731352329
37,hand,12,1,0.44559305906295776,0.8369202017784119,-0.0053221071138978004
37,hand,13,1,0.41431090235710144,0.8051906824111938,0.0021420803386718035
37,hand,14,1,0.4247942268848419,0.8321635723114014,0.0011989858467131853
37,hand,15,1,0.43429654836654663,0.8349898457527161,0.0001214000876643695
37,hand,16,1,0.4420478343963623,0.8320551514625549,-0.00036470533814281225
37,hand,17,1,0.4156716465950012,0.8042005896568298,0.007764419075101614
37,hand,18,1,0.4227450489997864,0.8242303729057312,0.006422309670597315
37,hand,19,1,0.4300769567489624,0.8287163376808167,0.0052911508828401566
37,hand,20,1,0.4369647800922394,0.8279827237129211,0.004990406800061464
37,pose,0,-1,0.5262977480888367,0.1738898605108261,-0.297386109828949
37,pose,1,-1,0.5367657542228699,0.149571493268013,-0.27294641733169556
37,pose,2,-1,0.5415579080581665,0.1507035195827484,-0.2731471657752991
37,pose,3,-1,0.5469036102294922,0.1520378142595291,-0.27318277955055237
37,pose,4,-1,0.5192753076553345,0.14599235355854034,-0.2760167717933655
37,pose,5,-1,0.5125104188919067,0.14491140842437744,-0.2760574221611023
37,pose,6,-1,0.5067391395568848,0.14433389902114868,-0.276195228099823
37,pose,7,-1,0.5549293756484985,0.167139932513237,-0.12200412899255753
37,pose,8,-1,0.49830344319343567,0.15555916726589203,-0.14139220118522644
37,pose,9,-1,0.5358072519302368,0.2040833979845047,-0.2409859299659729
37,pose,10,-1,0.5129655003547668,0.20039843022823334,-0.24679940938949585
37,pose,11,-1,0.588753879070282,0.3226589858531952,-0.03704887628555298
37,pose,12,-1,0.4478033781051636,0.3191913664340973,-0.03485632687807083
37,pose,13,-1,0.6359317302703857,0.5232951641082764,-0.17826059460639954
37,pose,14,-1,0.4299395680427551,0.5454704761505127,0.040498293936252594
37,pose,15,-1,0.6103740334510803,0.34299764037132263,-0.48326268792152405
37,pose,16,-1,0.4291737377643585,0.7411304712295532,-0.039862096309661865
37,pose,17,-1,0.6044453978538513,0.29095104336738586,-0.5500633716583252
37,pose,18,-1,0.4261869788169861,0.8018048405647278,-0.05380576476454735
37,pose,19,-1,0.6047995686531067,0.2679550051689148,-0.5333709716796875
37,pose,20,-1,0.43671146035194397,0.8026393055915833,-0.09954512119293213
37,pose,21,-1,0.6008891463279724,0.2901512682437897,-0.4824151396751404
37,pose,22,-1,0.4411071240901947,0.7827627062797546,-0.05652040243148804
37,pose,23,-1,0.5578279495239258,0.7176374793052673,0.011075985617935658
37,pose,24,-1,0.47688665986061096,0.7146751880645752,-0.010756109841167927
37,pose,25,-1,0.5453392863273621,0.9773873686790466,0.015585008077323437
37,pose,26,-1,0.48908090591430664,0.9646412134170532,0.014542827382683754
37,pose,27,-1,0.5535465478897095,1.2181401252746582,0.3610396683216095
37,pose,28,-1,0.4892551600933075,1.2046756744384766,0.28999269008636475
37,pose,29,-1,0.5551201105117798,1.2456766366958618,0.39028605818748474
37,pose,30,-1,0.4870460331439972,1.2283695936203003,0.3149944245815277
37,pose,31,-1,0.5501832962036133,1.3015341758728027,0.27895060181617737
37,pose,32,-1,0.5074876546859741,1.2949918508529663,0.1726246327161789
38,hand,0,0,0.6040239930152893,0.34622594714164734,4.4557712186588105e-08
38,hand,1,0,0.5888350009918213,0.3350381851196289,-0.004605563823133707
38,hand,2,0,0.5745533108711243,0.31740695238113403,-0.008868156932294369
38,hand,3,0,0.5631639361381531,0.3025679886341095,-0.013547025620937347
38,hand,4,0,0.5569077730178833,0.2845466732978821,-0.018026132136583328
38,hand,5,0,0.5847955942153931,0.27322542667388916,-0.0038669889327138662
38,hand,6,0,0.5724611282348633,0.2587784230709076,-0.013920129276812077
38,hand,7,0,0.564365029335022,0.26589566469192505,-0.021831490099430084
38,hand,8,0,0.5604091882705688,0.2761514484882355,-0.025870488956570625
38,hand,9,0,0.5943670272827148,0.26385223865509033,-0.006527434568852186
38,hand,10,0,0.5884902477264404,0.22749114036560059,-0.013304698280990124
38,hand,11,0,0.5832139849662781,0.20410463213920593,-0.018225235864520073
38,hand,12,0,0.5783717632293701,0.1832752823829651,-0.021150467917323112
38,hand,13,0,0.6051686406135559,0.2654472291469574,-0.010616709478199482
38,hand,14,0,0.6074627041816711,0.23052871227264404,-0.018247446045279503
38,hand,15,0,0.6076781153678894,0.20725372433662415,-0.022600945085287094
38,hand,16,0,0.6065900921821594,0.1855928599834442,-0.024722732603549957
38,hand,17,0,0.6154269576072693,0.2772544026374817,-0.014978291466832161
38,hand,18,0,0.6242530941963196,0.25446799397468567,-0.020942676812410355
38,hand,19,0,0.6299425363540649,0.23746073246002197,-0.022325847297906876
38,hand,20,0,0.6340959072113037,0.22088122367858887,-0.022542010992765427
38,hand,0,1,0.423099547624588,0.744559109210968,-7.935715728990544e-08
38,hand,1,1,0.43480658531188965,0.7589648365974426,-0.012361014261841774
38,hand,2,1,0.440848171710968,0.7837897539138794,-0.016332441940903664
38,hand,3,1,0.4447099268436432,0.8081648945808411,-0.017242996022105217
38,hand,4,1,0.4472593069076538,0.8246331214904785,-0.016793664544820786
38,hand,5,1,0.4188385009765625,0.8055752515792847,-0.012272834777832031
38,hand,6,1,0.42668819427490234,0.840133786201477,-0.013942809775471687
38,hand,7,1,0.43572279810905457,0.8486260771751404,-0.014455978758633137
38,hand,8,1,0.44333121180534363,0.8492858409881592,-0.014106840826570988
38,hand,9,1,0.4140852093696594,0.8061660528182983,-0.004858185537159443
38,hand,10,1,0.425561785697937,0.8357693552970886,-0.00616100337356329
38,hand,11,1,0.4366566836833954,0.839438259601593,-0.006954871118068695
38,hand,12,1,0.44509831070899963,0.8358802199363708,-0.0072913458570837975
38,hand,13,1,0.41358551383018494,0.8051964044570923,0.0020704278722405434
38,hand,14,1,0.4247286915779114,0.8310709595680237,0.0004946223925799131
38,hand,15,1,0.4342883229255676,0.8331746459007263,-0.001059061731211841
38,hand,16,1,0.4419439136981964,0.8296909928321838,-0.0017337353201583028
38,hand,17,1,0.4149566888809204,0.804010272026062,0.00832662545144558
38,hand,18,1,0.42293018102645874,0.8234317302703857,0.006510679144412279
38,hand,19,1,0.43023237586021423,0.8270915150642395,0.005089128855615854
38,hand,20,1,0.43699151277542114,0.8255773782730103,0.004690368659794331
38,pose,0,-1,0.5269350409507751,0.17329317331314087,-0.2552019953727722
38,pose,1,-1,0.5370740294456482,0.14916777610778809,-0.2295948565006256
38,pose,2,-1,0.5420709252357483,0.15021854639053345,-0.2297983318567276
38,pose,3,-1,0.5474988222122192,0.1514705866575241,-0.22981414198875427
38,pose,4,-1,0.5197122097015381,0.14574593305587769,-0.2342095673084259
38,pose,5,-1,0.5128421187400818,0.1446770280599594,-0.23428280651569366
38,pose,6,-1,0.5069213509559631,0.14413702487945557,-0.23441573977470398
38,pose,7,-1,0.5554962754249573,0.16669972240924835,-0.08122945576906204
38,pose,8,-1,0.49830934405326843,0.1554184854030609,-0.10717494040727615
38,pose,9,-1,0.536345899105072,0.2035926878452301,-0.20006364583969116
38,pose,10,-1,0.5138251781463623,0.20026257634162903,-0.20786310732364655
38,pose,11,-1,0.5898701548576355,0.3227531313896179,-0.004648192320019007
38,pose,12,-1,0.4479842185974121,0.3190038800239563,-0.010967094451189041
38,pose,13,-1,0.6355165839195251,0.5254573225975037,-0.1478414535522461
38,pose,14,-1,0.42987826466560364,0.5448876619338989,0.05656928941607475
38,pose,15,-1,0.6101219058036804,0.34193122386932373,-0.4360804557800293
38,pose,16,-1,0.4290819466114044,0.7398829460144043,-0.0194499883800745
38,pose,17,-1,0.6044781804084778,0.28875160217285156,-0.500347375869751
38,pose,18,-1,0.42574188113212585,0.8014055490493774,-0.03270328789949417
38,pose,19,-1,0.6045966744422913,0.2672540843486786,-0.4817693829536438
38,pose,20,-1,0.4365830421447754,0.8021048903465271,-0.07611918449401855
38,pose,21,-1,0.6006940007209778,0.28922152519226074,-0.4344344139099121
38,pose,22,-1,0.44110849499702454,0.7822091579437256,-0.035006601363420486
38,pose,23,-1,0.5578222870826721,0.7210043668746948,0.010945436544716358
38,pose,24,-1,0.4767664074897766,0.7160801291465759,-0.01060798391699791
38,pose,25,-1,0.5449105501174927,0.9817908406257629,0.005130372941493988
38,pose,26,-1,0.48908230662345886,0.9704804420471191,0.00777408154681325
38,pose,27,-1,0.5537773966789246,1.2372643947601318,0.34727779030799866
38,pose,28,-1,0.4892255961894989,1.2248646020889282,0.28028959035873413
38,pose,29,-1,0.5557114481925964,1.2654584646224976,0.37693971395492554
38,pose,30,-1,0.4870355725288391,1.2513278722763062,0.30481022596359253
38,pose,31,-1,0.5493165850639343,1.3224376440048218,0.26975640654563904
38,pose,32,-1,0.5074530839920044,1.3141775131225586,0.17173556983470917
39,hand,0,0,0.6045728921890259,0.344427227973938,4.016234811388131e-08
39,hand,1,0,0.589341402053833,0.33331072330474854,-0.004210972227156162
39,hand,2,0,0.575259268283844,0.31506848335266113,-0.008222967386245728
39,hand,3,0,0.5639528632164001,0.29996201395988464,-0.012715324759483337
39,hand,4,0,0.557277500629425,0.2825104296207428,-0.017074737697839737
39,hand,5,0,0.5856435298919678,0.2714494466781616,-0.0034764488227665424
39,hand,6,0,0.5733053088188171,0.25774794816970825,-0.013638454489409924
39,hand,7,0,0.5649747848510742,0.2643601894378662,-0.021730493754148483
39,hand,8,0,0.5610384941101074,0.27466103434562683,-0.025834333151578903
39,hand,9,0,0.594835102558136,0.2618882358074188,-0.006240231916308403
39,hand,10,0,0.5889812707901001,0.2259303331375122,-0.012842608615756035
39,hand,11,0,0.5838915705680847,0.20248980820178986,-0.017567511647939682
39,hand,12,0,0.5792909264564514,0.1818493902683258,-0.02032039687037468
39,hand,13,0,0.6055604219436646,0.2632935047149658,-0.010423601604998112
39,hand,14,0,0.6077671647071838,0.22850055992603302,-0.01781812123954296
39,hand,15,0,0.6077683568000793,0.20495958626270294,-0.02200201526284218
39,hand,16,0,0.6065369248390198,0.18308156728744507,-0.024001700803637505
39,hand,17,0,0.6157916188240051,0.2750879228115082,-0.014874298125505447
39,hand,18,0,0.6249393224716187,0.25221142172813416,-0.020678745582699776
39,hand,19,0,0.6304765939712524,0.23479892313480377,-0.021971534937620163
39,hand,20,0,0.6344940662384033,0.21790668368339539,-0.022097904235124588
39,hand,0,1,0.42291146516799927,0.7452881336212158,-8.157788755625006e-08
39,hand,1,1,0.4347301721572876,0.7606815099716187,-0.009506412781774998
39,hand,2,1,0.44110164046287537,0.7854099273681641,-0.012045050039887428
39,hand,3,1,0.44502872228622437,0.8089240193367004,-0.011995305307209492
39,hand,4,1,0.44738590717315674,0.8233445882797241,-0.010745609179139137
39,hand,5,1,0.41908523440361023,0.8051827549934387,-0.009840646758675575
39,hand,6,1,0.4262697994709015,0.8390272855758667,-0.010487300343811512
39,hand,7,1,0.43482092022895813,0.848360002040863,-0.01035241037607193
39,hand,8,1,0.4422127902507782,0.8501004576683044,-0.009674972854554653
39,hand,9,1,0.4138420522212982,0.8057409524917603,-0.003650861093774438
39,hand,10,1,0.42444801330566406,0.8362504839897156,-0.004026598762720823
39,hand,11,1,0.43487271666526794,0.8409972190856934,-0.004215717315673828
39,hand,12,1,0.4430176317691803,0.8384281396865845,-0.004238981753587723
39,hand,13,1,0.4129805564880371,0.8046756386756897,0.002285056747496128
39,hand,14,1,0.4236786961555481,0.8309113383293152,0.0017835089238360524
39,hand,15,1,0.4328309893608093,0.8344383835792542,0.0007260256679728627
39,hand,16,1,0.44048625230789185,0.8316438794136047,0.00018593721324577928
39,hand,17,1,0.4143059551715851,0.8033875823020935,0.007717679254710674
39,hand,18,1,0.42177852988243103,0.8224917054176331,0.0067146047949790955
39,hand,19,1,0.4288789927959442,0.8273355960845947,0.005570906214416027
39,hand,20,1,0.43564262986183167,0.8269336819648743,0.005219073034822941
39,pose,0,-1,0.5273236036300659,0.17326556146144867,-0.25716519355773926
39,pose,1,-1,0.5373706817626953,0.14911748468875885,-0.23251880705356598
39,pose,2,-1,0.5425015091896057,0.15015853941440582,-0.23271630704402924
39,pose,3,-1,0.5479775071144104,0.15140928328037262,-0.2327253818511963
39,pose,4,-1,0.5201607346534729,0.1457117199897766,-0.23665903508663177
39,pose,5,-1,0.5131939053535461,0.14462941884994507,-0.23674637079238892
39,pose,6,-1,0.5071472525596619,0.14407958090305328,-0.23689015209674835
39,pose,7,-1,0.555968701839447,0.16664257645606995,-0.08623161911964417
39,pose,8,-1,0.4983384311199188,0.1552826464176178,-0.10957737267017365
39,pose,9,-1,0.536573588848114,0.20355448126792908,-0.20254474878311157
39,pose,10,-1,0.514228880405426,0.20025672018527985,-0.20964905619621277
39,pose,11,-1,0.5900208950042725,0.32302770018577576,-0.008258326910436153
39,pose,12,-1,0.44808390736579895,0.31822261214256287,-0.010745242238044739
39,pose,13,-1,0.635487973690033,0.5259904265403748,-0.14846168458461761
39,pose,14,-1,0.4297828674316406,0.5432190299034119,0.06461791694164276
39,pose,15,-1,0.6098738312721252,0.34071841835975647,-0.42830273509025574
39,pose,16,-1,0.4289654493331909,0.7389565706253052,-0.0015188120305538177
39,pose,17,-1,0.6044545769691467,0.2870140075683594,-0.48928147554397583
39,pose,18,-1,0.4253469705581665,0.8012134432792664,-0.011106828227639198
39,pose,19,-1,0.6042899489402771,0.26654350757598877,-0.4704452157020569
39,pose,20,-1,0.4361876845359802,0.8020018935203552,-0.053749680519104004
39,pose,21,-1,0.6002508997917175,0.28829705715179443,-0.42604997754096985
39,pose,22,-1,0.4408808648586273,0.7820582389831543,-0.01620694249868393
39,pose,23,-1,0.5578306317329407,0.7233659625053406,0.010879097506403923
39,pose,24,-1,0.4766613245010376,0.7169639468193054,-0.010519664734601974
39,pose,25,-1,0.5449068546295166,0.9860628247261047,-0.0007073248852975667
39,pose,26,-1,0.48884955048561096,0.9737567901611328,0.003661972703412175
39,pose,27,-1,0.5538946390151978,1.247646689414978,0.341539204120636
39,pose,28,-1,0.4892074167728424,1.2375353574752808,0.2717321813106537
39,pose,29,-1,0.556193470954895,1.2760295867919922,0.37171670794487
39,pose,30,-1,0.48704013228416443,1.2657835483551025,0.2960330843925476
39,pose,31,-1,0.5462111830711365,1.3362568616867065,0.26751965284347534
39,pose,32,-1,0.5071954727172852,1.325350284576416,0.17110945284366608
40,hand,0,0,0.6057521104812622,0.3423779308795929,3.81833906715201e-08
40,hand,1,0,0.5903443098068237,0.3312056064605713,-0.004179856274276972
40,hand,2,0,0.576378583908081,0.3133560121059418,-0.008216205053031445
40,hand,3,0,0.5652901530265808,0.29815417528152466,-0.01279672421514988
40,hand,4,0,0.5591343641281128,0.28030622005462646,-0.017231173813343048
40,hand,5,0,0.58680659532547,0.26955297589302063,-0.003179515479132533
40,hand,6,0,0.5743880271911621,0.25568971037864685,-0.013305950909852982
40,hand,7,0,0.566132664680481,0.2624945044517517,-0.02131807617843151
40,hand,8,0,0.5624358654022217,0.2729935944080353,-0.025329558178782463
40,hand,9,0,0.5960649251937866,0.25989314913749695,-0.005994781386107206
40,hand,10,0,0.5900655388832092,0.22388873994350433,-0.012461479753255844
40,hand,11,0,0.5847447514533997,0.2005700170993805,-0.017092367634177208
40,hand,12,0,0.5799197554588318,0.1798887550830841,-0.019751092419028282
40,hand,13,0,0.6068795323371887,0.26112237572669983,-0.010255982168018818
40,hand,14,0,0.6088324785232544,0.22580917179584503,-0.017572734504938126
40,hand,15,0,0.6087523698806763,0.2023426741361618,-0.02169622667133808
40,hand,16,0,0.6075161695480347,0.18064740300178528,-0.02365472912788391
40,hand,17,0,0.6171690821647644,0.2728255093097687,-0.014794481918215752
40,hand,18,0,0.6261258125305176,0.25016534328460693,-0.02068200521171093
40,hand,19,0,0.6316580176353455,0.2328406274318695,-0.02204638160765171
40,hand,20,0,0.6357334852218628,0.21597892045974731,-0.02217911183834076
40,hand,0,1,0.4217052757740021,0.7457737326622009,-7.812550961716624e-08
40,hand,1,1,0.43454045057296753,0.7593125104904175,-0.009654315188527107
40,hand,2,1,0.4410421848297119,0.7841958403587341,-0.012965479865670204
40,hand,3,1,0.4447842240333557,0.8085304498672485,-0.013850167393684387
40,hand,4,1,0.44816842675209045,0.8249620795249939,-0.013545293360948563
40,hand,5,1,0.4195580780506134,0.8041808009147644,-0.010844866745173931
40,hand,6,1,0.4259788393974304,0.8387927412986755,-0.013070980086922646
40,hand,7,1,0.43469128012657166,0.8486306667327881,-0.013937719166278839
40,hand,8,1,0.4422875642776489,0.8505008816719055,-0.013795810751616955
40,hand,9,1,0.41364482045173645,0.804948091506958,-0.005311728920787573
40,hand,10,1,0.4228132367134094,0.836714506149292,-0.006923893000930548
40,hand,11,1,0.43291646242141724,0.8436974287033081,-0.007418737281113863
40,hand,12,1,0.4411693513393402,0.8429110050201416,-0.007524971384555101
40,hand,13,1,0.4121745824813843,0.8043239712715149,-0.00016080030763987452
40,hand,14,1,0.4216538369655609,0.8321358561515808,-0.001835913397371769
40,hand,15,1,0.43086323142051697,0.8379093408584595,-0.002746350597590208
40,hand,16,1,0.4389030933380127,0.8376138806343079,-0.0029954800847917795
40,hand,17,1,0.4131507873535156,0.8034287095069885,0.004468758124858141
40,hand,18,1,0.4201880097389221,0.8250225186347961,0.002640604507178068
40,hand,19,1,0.427300363779068,0.8321211338043213,0.0016135963378474116
40,hand,20,1,0.4341394305229187,0.8344078660011292,0.0014432102907449007
40,pose,0,-1,0.5274059772491455,0.17327134311199188,-0.2647849917411804
40,pose,1,-1,0.5375881195068359,0.14908923208713531,-0.23934680223464966
40,pose,2,-1,0.5428468585014343,0.15011322498321533,-0.23952673375606537
40,pose,3,-1,0.5483524203300476,0.1513504981994629,-0.23952345550060272
40,pose,4,-1,0.5203068852424622,0.1456872969865799,-0.2449624240398407
40,pose,5,-1,0.5133001208305359,0.14458602666854858,-0.24503464996814728
40,pose,6,-1,0.5072132349014282,0.14401982724666595,-0.24516895413398743
40,pose,7,-1,0.5564543008804321,0.16656602919101715,-0.08800303190946579
40,pose,8,-1,0.4983661472797394,0.1551152765750885,-0.1172766461968422
40,pose,9,-1,0.5366416573524475,0.20354339480400085,-0.20892605185508728
40,pose,10,-1,0.5143312215805054,0.20025759935379028,-0.21744409203529358
40,pose,11,-1,0.590540885925293,0.3227219879627228,-0.01178949698805809
40,pose,12,-1,0.44811227917671204,0.3175872266292572,-0.016975684091448784
40,pose,13,-1,0.6355193853378296,0.5251060724258423,-0.14931349456310272
40,pose,14,-1,0.4296432137489319,0.5427071452140808,0.05895914509892464
40,pose,15,-1,0.6105778813362122,0.34100210666656494,-0.4516470730304718
40,pose,16,-1,0.4287789463996887,0.7371971607208252,-0.00963898841291666
40,pose,17,-1,0.6051018238067627,0.2867808938026428,-0.5144930481910706
40,pose,18,-1,0.42444196343421936,0.7997094392776489,-0.020480407401919365
40,pose,19,-1,0.6049765944480896,0.2660914361476898,-0.49575456976890564
40,pose,20,-1,0.4351131319999695,0.8009420037269592,-0.06365588307380676
40,pose,21,-1,0.6008010506629944,0.2878321707248688,-0.4493723213672638
40,pose,22,-1,0.4401700794696808,0.7806918025016785,-0.024554045870900154
40,pose,23,-1,0.5581085085868835,0.7232769727706909,0.01073212269693613
40,pose,24,-1,0.47668278217315674,0.7168327569961548,-0.0103752501308918
40,pose,25,-1,0.5448123812675476,0.986051082611084,-0.011449193581938744
40,pose,26,-1,0.4887593388557434,0.9741712808609009,-0.0009389164042659104
40,pose,27,-1,0.5538989305496216,1.2446001768112183,0.33233121037483215
40,pose,28,-1,0.4891606867313385,1.2358280420303345,0.2715357840061188
40,pose,29,-1,0.5562090277671814,1.272832989692688,0.36316269636154175
40,pose,30,-1,0.48703324794769287,1.2644306421279907,0.2957901954650879
40,pose,31,-1,0.5455052256584167,1.3321185111999512,0.25967133045196533
40,pose,32,-1,0.5066410303115845,1.3235678672790527,0.16484330594539642
41,hand,0,0,0.6069991588592529,0.3411440849304199,3.684017357841185e-08
41,hand,1,0,0.5917558073997498,0.33032524585723877,-0.004408732987940311
41,hand,2,0,0.5775821805000305,0.3123696744441986,-0.008486103266477585
41,hand,3,0,0.566135823726654,0.29710227251052856,-0.013010493479669094
41,hand,4,0,0.560149610042572,0.2790732979774475,-0.017365407198667526
41,hand,5,0,0.5879018902778625,0.26859763264656067,-0.0035579977557063103
41,hand,6,0,0.5756708383560181,0.2541598379611969,-0.013687496073544025
41,hand,7,0,0.5675710439682007,0.2610670030117035,-0.0216347798705101
41,hand,8,0,0.5639063715934753,0.27159979939460754,-0.025635620579123497
41,hand,9,0,0.5972099304199219,0.25888189673423767,-0.006267634220421314
41,hand,10,0,0.5910782217979431,0.22258812189102173,-0.012852534651756287
41,hand,11,0,0.5857019424438477,0.19927892088890076,-0.017565174028277397
41,hand,12,0,0.5808514356613159,0.17866024374961853,-0.020313061773777008
41,hand,13,0,0.608045756816864,0.26027965545654297,-0.010413755662739277
41,hand,14,0,0.6100097894668579,0.22522205114364624,-0.017847390845417976
41,hand,15,0,0.6099881529808044,0.20167502760887146,-0.02211030386388302
41,hand,16,0,0.6088352203369141,0.17975443601608276,-0.02419118583202362
41,hand,17,0,0.6183167695999146,0.27203369140625,-0.014831554144620895
41,hand,18,0,0.627131998538971,0.24938224256038666,-0.02078120969235897
41,hand,19,0,0.6327351331710815,0.2322757989168167,-0.022196078673005104
41,hand,20,0,0.6369297504425049,0.21548862755298615,-0.022408347576856613
41,hand,0,1,0.4221276044845581,0.7467286586761475,-6.75925448945236e-08
41,hand,1,1,0.43442440032958984,0.7596923112869263,-0.011438539251685143
41,hand,2,1,0.44058528542518616,0.7835833430290222,-0.01524343527853489
41,hand,3,1,0.4443178176879883,0.8076703548431396,-0.01609518937766552
41,hand,4,1,0.4469054937362671,0.824460506439209,-0.015601212158799171
41,hand,5,1,0.41840335726737976,0.8045048713684082,-0.012574479915201664
41,hand,6,1,0.4256385266780853,0.8384034037590027,-0.014040256850421429
41,hand,7,1,0.43439462780952454,0.8481227159500122,-0.013986528851091862
41,hand,8,1,0.44214752316474915,0.8497378826141357,-0.01326791476458311
41,hand,9,1,0.4128810167312622,0.8054221868515015,-0.0058718351647257805
41,hand,10,1,0.4224202036857605,0.8366925120353699,-0.007247922942042351
41,hand,11,1,0.43263930082321167,0.8439902663230896,-0.007597540505230427
41,hand,12,1,0.4412901699542999,0.8433197736740112,-0.007591904606670141
41,hand,13,1,0.4117264449596405,0.8048270344734192,0.00045335572212934494
41,hand,14,1,0.42183324694633484,0.8314009308815002,-0.001082377857528627
41,hand,15,1,0.4313091039657593,0.8372212648391724,-0.0022417132277041674
41,hand,16,1,0.43961402773857117,0.8367944955825806,-0.0026778525207191706
41,hand,17,1,0.4130009710788727,0.8041043281555176,0.00615698890760541
41,hand,18,1,0.4203357696533203,0.8242276310920715,0.004154116380959749
41,hand,19,1,0.42766937613487244,0.8307046294212341,0.0026909944135695696
41,hand,20,1,0.4346412420272827,0.83268141746521,0.0022300241980701685
41,pose,0,-1,0.5275343060493469,0.17326796054840088,-0.27635711431503296
41,pose,1,-1,0.5377229452133179,0.14905038475990295,-0.25248172879219055
41,pose,2,-1,0.5430499911308289,0.15005362033843994,-0.2526848614215851
41,pose,3,-1,0.5485966205596924,0.1512681543827057,-0.2527066469192505
41,pose,4,-1,0.5203743577003479,0.1456628292798996,-0.2560654580593109
41,pose,5,-1,0.5133508443832397,0.14455854892730713,-0.2561497986316681
41,pose,6,-1,0.5072468519210815,0.14399200677871704,-0.25630101561546326
41,pose,7,-1,0.5566591620445251,0.1663520336151123,-0.10243117064237595
41,pose,8,-1,0.49839529395103455,0.1550629734992981,-0.1217392235994339
41,pose,9,-1,0.5367806553840637,0.20351818203926086,-0.2199259251356125
41,pose,10,-1,0.5145152807235718,0.20025286078453064,-0.22578559815883636
41,pose,11,-1,0.5913515686988831,0.32233160734176636,-0.01266973651945591
41,pose,12,-1,0.4482421875,0.3169133961200714,-0.019519193097949028
41,pose,13,-1,0.6358137726783752,0.5243399739265442,-0.15426233410835266
41,pose,14,-1,0.42959630489349365,0.5423709750175476,0.055892303586006165
41,pose,15,-1,0.6116617321968079,0.3415234088897705,-0.4539186358451843
41,pose,16,-1,0.4280596673488617,0.7368607521057129,-0.01346960011869669
41,pose,17,-1,0.6056283712387085,0.28730419278144836,-0.5163528323173523
41,pose,18,-1,0.4233522117137909,0.7990944981575012,-0.02477908879518509
41,pose,19,-1,0.6057729721069336,0.265957772731781,-0.4993371069431305
41,pose,20,-1,0.43400147557258606,0.8002745509147644,-0.06812160462141037
41,pose,21,-1,0.6018874645233154,0.2876442074775696,-0.4520227015018463
41,pose,22,-1,0.4390314817428589,0.7798040509223938,-0.028468815609812737
41,pose,23,-1,0.5582221746444702,0.723174512386322,0.01058240607380867
41,pose,24,-1,0.47667720913887024,0.7168222665786743,-0.01022393349558115
41,pose,25,-1,0.5447489619255066,0.9858474135398865,-0.009671015664935112
41,pose,26,-1,0.48873865604400635,0.9756736755371094,-0.003118554363027215
41,pose,27,-1,0.5539582371711731,1.2449989318847656,0.3412996232509613
41,pose,28,-1,0.48874858021736145,1.2384417057037354,0.27136194705963135
41,pose,29,-1,0.5562905669212341,1.2728941440582275,0.3730037808418274
41,pose,30,-1,0.48686936497688293,1.2672264575958252,0.2956395745277405
41,pose,31,-1,0.5446815490722656,1.3347920179367065,0.2631942629814148
41,pose,32,-1,0.5062949657440186,1.3270174264907837,0.16393250226974487
42,hand,0,0,0.6076356172561646,0.34045901894569397,3.419265937054661e-08
42,hand,1,0,0.5923030376434326,0.3293754756450653,-0.004225790034979582
42,hand,2,0,0.5782003998756409,0.3109430968761444,-0.008131986483931541
42,hand,3,0,0.5671634674072266,0.2955054044723511,-0.012538493610918522
42,hand,4,0,0.5608285069465637,0.27789929509162903,-0.016809677705168724
42,hand,5,0,0.5885118842124939,0.26744434237480164,-0.003121922491118312
42,hand,6,0,0.5765262842178345,0.25361448526382446,-0.013085429556667805
42,hand,7,0,0.5684667229652405,0.2606568932533264,-0.021084986627101898
42,hand,8,0,0.5647055506706238,0.2708436846733093,-0.02519596554338932
42,hand,9,0,0.5977924466133118,0.2580088973045349,-0.005967834498733282
42,hand,10,0,0.5915626287460327,0.22230936586856842,-0.01244963239878416
42,hand,11,0,0.5861371755599976,0.19886085391044617,-0.01740184985101223
42,hand,12,0,0.5813984274864197,0.17774641513824463,-0.020428810268640518
42,hand,13,0,0.6085802316665649,0.2594493329524994,-0.010244310833513737
42,hand,14,0,0.6103326678276062,0.22418631613254547,-0.017696551978588104
42,hand,15,0,0.6102219820022583,0.20061470568180084,-0.022307265549898148
42,hand,16,0,0.6090275049209595,0.17854660749435425,-0.024719521403312683
42,hand,17,0,0.6189664602279663,0.27113813161849976,-0.014769935049116611
42,hand,18,0,0.6278522610664368,0.2485094964504242,-0.02079986222088337
42,hand,19,0,0.633496105670929,0.23138085007667542,-0.022437073290348053
42,hand,20,0,0.6377061605453491,0.2145109325647354,-0.02288547344505787
42,hand,0,1,0.421505868434906,0.748328685760498,-7.398443813144695e-08
42,hand,1,1,0.43418943881988525,0.760939359664917,-0.010544458404183388
42,hand,2,1,0.44082632660865784,0.78438800573349,-0.014505710452795029
42,hand,3,1,0.4441705048084259,0.8083738684654236,-0.015883896499872208
42,hand,4,1,0.44592663645744324,0.8248929977416992,-0.016056213527917862
42,hand,5,1,0.41822534799575806,0.8027123808860779,-0.012272386811673641
42,hand,6,1,0.42489829659461975,0.8377233147621155,-0.01514347828924656
42,hand,7,1,0.4336073100566864,0.8481479287147522,-0.016372760757803917
42,hand,8,1,0.4410150647163391,0.8502410054206848,-0.016434356570243835
42,hand,9,1,0.41253501176834106,0.803974986076355,-0.006498797796666622
42,hand,10,1,0.42138057947158813,0.8364967703819275,-0.008895223960280418
42,hand,11,1,0.43138816952705383,0.843265175819397,-0.00959848053753376
42,hand,12,1,0.43934112787246704,0.8421007990837097,-0.009680329822003841
42,hand,13,1,0.41129592061042786,0.8042264580726624,-0.001162627013400197
42,hand,14,1,0.42056894302368164,0.8324717283248901,-0.0035951181780546904
42,hand,15,1,0.42971283197402954,0.8381774425506592,-0.004704506602138281
42,hand,16,1,0.4374028146266937,0.8376969695091248,-0.004924255423247814
42,hand,17,1,0.4125286042690277,0.8042944669723511,0.0036168985534459352
42,hand,18,1,0.41960105299949646,0.8257160186767578,0.0010882982751354575
42,hand,19,1,0.4266567826271057,0.832156777381897,-0.00017707431106828153
42,hand,20,1,0.43317070603370667,0.833799421787262,-0.000386279629310593
42,pose,0,-1,0.5274985432624817,0.1732652485370636,-0.27953284978866577
42,pose,1,-1,0.537728488445282,0.14902380108833313,-0.255367636680603
42,pose,2,-1,0.5430552959442139,0.15001605451107025,-0.25556132197380066
42,pose,3,-1,0.5486172437667847,0.15122197568416595,-0.2555716335773468
42,pose,4,-1,0.5203741788864136,0.14563654363155365,-0.2581213116645813
42,pose,5,-1,0.5133580565452576,0.14452055096626282,-0.2582213282585144
42,pose,6,-1,0.5072544813156128,0.14393992722034454,-0.2583763897418976
42,pose,7,-1,0.556706428527832,0.16627274453639984,-0.10447463393211365
42,pose,8,-1,0.49846094846725464,0.15500791370868683,-0.12390656024217606
42,pose,9,-1,0.536781370639801,0.20348681509494781,-0.2229371964931488
42,pose,10,-1,0.5144966840744019,0.20022952556610107,-0.22756332159042358
42,pose,11,-1,0.591881513595581,0.3222874701023102,-0.014381852932274342
42,pose,12,-1,0.4482535123825073,0.31673482060432434,-0.02166985161602497
42,pose,13,-1,0.6365388631820679,0.5240810513496399,-0.16929981112480164
42,pose,14,-1,0.4293244183063507,0.5423969030380249,0.05373965948820114
42,pose,15,-1,0.6123697757720947,0.34132254123687744,-0.4818462133407593
42,pose,16,-1,0.42756447196006775,0.7367302179336548,-0.022298850119113922
42,pose,17,-1,0.6060854196548462,0.28690385818481445,-0.547080397605896
42,pose,18,-1,0.4227719306945801,0.7985458970069885,-0.03596824035048485
42,pose,19,-1,0.6062268018722534,0.2657228410243988,-0.5295884013175964
42,pose,20,-1,0.43347063660621643,0.799802303314209,-0.07909981161355972
42,pose,21,-1,0.6022721529006958,0.28737813234329224,-0.48067474365234375
42,pose,22,-1,0.4383724629878998,0.7792361974716187,-0.0376892052590847
42,pose,23,-1,0.55833500623703,0.7233226895332336,0.00993842352181673
42,pose,24,-1,0.4766427278518677,0.7172196507453918,-0.00955792237073183
42,pose,25,-1,0.5447325110435486,0.9865871667861938,-0.018347306177020073
42,pose,26,-1,0.4887063801288605,0.9815170764923096,-0.0036116617266088724
42,pose,27,-1,0.5541635751724243,1.2496224641799927,0.3363119661808014
42,pose,28,-1,0.4880342483520508,1.2440377473831177,0.2589568793773651
42,pose,29,-1,0.5565325021743774,1.2774120569229126,0.3680509030818939
42,pose,30,-1,0.4861460328102112,1.2744940519332886,0.2816527485847473
42,pose,31,-1,0.5441213846206665,1.3409745693206787,0.2521156668663025
42,pose,32,-1,0.5058321952819824,1.3335351943969727,0.1334800124168396
43,hand,0,0,0.6085320711135864,0.3393872380256653,3.506775314576771e-08
43,hand,1,0,0.5931496024131775,0.32854562997817993,-0.004426667001098394
43,hand,2,0,0.5790213346481323,0.3101973831653595,-0.008466977626085281
43,hand,3,0,0.5681791305541992,0.2948490381240845,-0.013011807575821877
43,hand,4,0,0.5619180798530579,0.2774192690849304,-0.017416326329112053
43,hand,5,0,0.5891384482383728,0.2668929398059845,-0.003417395055294037
43,hand,6,0,0.5768600106239319,0.2520572543144226,-0.013443008996546268
43,hand,7,0,0.5687532424926758,0.2593250274658203,-0.021406356245279312
43,hand,8,0,0.5649247765541077,0.26983344554901123,-0.025473881512880325
43,hand,9,0,0.5986434817314148,0.25732994079589844,-0.006157033145427704
43,hand,10,0,0.5923191905021667,0.22165966033935547,-0.012590684927999973
43,hand,11,0,0.5868056416511536,0.19826433062553406,-0.017439192160964012
43,hand,12,0,0.5819376111030579,0.1771402359008789,-0.02041865512728691
43,hand,13,0,0.6095101237297058,0.25869220495224,-0.010349609889090061
43,hand,14,0,0.6108509302139282,0.22375808656215668,-0.01768387481570244
43,hand,15,0,0.6106047034263611,0.20016247034072876,-0.022072916850447655
43,hand,16,0,0.6093310117721558,0.17805248498916626,-0.024353792890906334
43,hand,17,0,0.6199309825897217,0.27020683884620667,-0.014833309687674046
43,hand,18,0,0.6283918619155884,0.24732857942581177,-0.020662758499383926
43,hand,19,0,0.6339039206504822,0.2300345003604889,-0.02212653122842312
43,hand,20,0,0.6379515528678894,0.21307991445064545,-0.022482745349407196
43,hand,0,1,0.42040398716926575,0.7468836307525635,-7.088153353151938e-08
43,hand,1,1,0.43365615606307983,0.7589523196220398,-0.010368086397647858
43,hand,2,1,0.4405078589916229,0.7832701206207275,-0.01418028399348259
43,hand,3,1,0.44396865367889404,0.8082907199859619,-0.015412069857120514
43,hand,4,1,0.4460293650627136,0.825130045413971,-0.01538494136184454
43,hand,5,1,0.41849663853645325,0.8027361035346985,-0.011559640057384968
43,hand,6,1,0.4253297448158264,0.8380368947982788,-0.014126252382993698
43,hand,7,1,0.43433088064193726,0.8482117652893066,-0.015236984007060528
43,hand,8,1,0.44178563356399536,0.8501443862915039,-0.015270756557583809
43,hand,9,1,0.41261589527130127,0.8038550615310669,-0.005743087735027075
43,hand,10,1,0.42141738533973694,0.8362396955490112,-0.007704521995037794
43,hand,11,1,0.43152567744255066,0.8440349698066711,-0.008322557434439659
43,hand,12,1,0.43954724073410034,0.8441150188446045,-0.008493845351040363
43,hand,13,1,0.41139376163482666,0.8036240935325623,-0.0003501749306451529
43,hand,14,1,0.42048588395118713,0.8315243721008301,-0.0025447749067097902
43,hand,15,1,0.4294968843460083,0.8385055661201477,-0.003587329527363181
43,hand,16,1,0.43712130188941956,0.8390195369720459,-0.003850332461297512
43,hand,17,1,0.41261693835258484,0.8032087683677673,0.00451293820515275
43,hand,18,1,0.419772744178772,0.8249396681785583,0.0021113608963787556
43,hand,19,1,0.42685216665267944,0.8321380019187927,0.0009792657801881433
43,hand,20,1,0.4333435893058777,0.8343105316162109,0.0008220200543291867
43,pose,0,-1,0.5274764895439148,0.17309072613716125,-0.2914685904979706
43,pose,1,-1,0.5377363562583923,0.1488337218761444,-0.2669355571269989
43,pose,2,-1,0.5430595278739929,0.14981889724731445,-0.26712602376937866
43,pose,3,-1,0.5486366152763367,0.15102356672286987,-0.2671358287334442
43,pose,4,-1,0.5203702449798584,0.14537149667739868,-0.2698200047016144
43,pose,5,-1,0.5133619904518127,0.14422288537025452,-0.26991763710975647
43,pose,6,-1,0.5072615742683411,0.14360849559307098,-0.2700756788253784
43,pose,7,-1,0.5567354559898376,0.16612645983695984,-0.11272982507944107
43,pose,8,-1,0.4985041320323944,0.15482953190803528,-0.1303873062133789
43,pose,9,-1,0.5367835760116577,0.20336446166038513,-0.23362033069133759
43,pose,10,-1,0.5144494771957397,0.20014962553977966,-0.23864813148975372
43,pose,11,-1,0.5922209024429321,0.32225754857063293,-0.022437941282987595
43,pose,12,-1,0.44825756549835205,0.31661009788513184,-0.023150242865085602
43,pose,13,-1,0.6374902129173279,0.5234826803207397,-0.18089249730110168
43,pose,14,-1,0.4289838969707489,0.5423694252967834,0.051036350429058075
43,pose,15,-1,0.6130102872848511,0.34086817502975464,-0.501090407371521
43,pose,16,-1,0.42706018686294556,0.736508846282959,-0.03597763925790787
43,pose,17,-1,0.6065953969955444,0.2865857779979706,-0.5685069561004639
43,pose,18,-1,0.42211809754371643,0.7980033755302429,-0.05138462409377098
43,pose,19,-1,0.606555163860321,0.26557400822639465,-0.5509941577911377
43,pose,20,-1,0.4328864514827728,0.7992428541183472,-0.09495547413825989
43,pose,21,-1,0.6026548147201538,0.2871703505516052,-0.5003204345703125
43,pose,22,-1,0.4377545118331909,0.7785729765892029,-0.05171835422515869
43,pose,23,-1,0.5583733916282654,0.7232630848884583,0.00919147115200758
43,pose,24,-1,0.47658443450927734,0.7172307968139648,-0.008825305849313736
43,pose,25,-1,0.5446508526802063,0.98687744140625,-0.019676413387060165
43,pose,26,-1,0.48861148953437805,0.9826108813285828,-0.003349621780216694
43,pose,27,-1,0.5541566014289856,1.2480107545852661,0.3363422751426697
43,pose,28,-1,0.4877384305000305,1.2429978847503662,0.2582947313785553
43,pose,29,-1,0.556473970413208,1.2755298614501953,0.36804720759391785
43,pose,30,-1,0.4858461618423462,1.2732734680175781,0.280943900346756
43,pose,31,-1,0.543378472328186,1.3391025066375732,0.2512378394603729
43,pose,32,-1,0.5053350329399109,1.3326753377914429,0.12857133150100708
44,hand,0,0,0.6096925735473633,0.3396238088607788,3.266816150926388e-08
44,hand,1,0,0.5941951870918274,0.3285503387451172,-0.004065180663019419
44,hand,2,0,0.5800878405570984,0.3094494640827179,-0.007830905728042126
44,hand,3,0,0.569236695766449,0.293879896402359,-0.012087706476449966
44,hand,4,0,0.5627382397651672,0.2768383324146271,-0.01621966063976288
44,hand,5,0,0.5902571082115173,0.2661961019039154,-0.0031507520470768213
44,hand,6,0,0.5781869888305664,0.2518405318260193,-0.012998614460229874
44,hand,7,0,0.5700675845146179,0.25876864790916443,-0.020910711959004402
44,hand,8,0,0.5660524964332581,0.2689179480075836,-0.024992013350129128
44,hand,9,0,0.5995858311653137,0.2567095160484314,-0.006049477029591799
44,hand,10,0,0.5931957960128784,0.2209811806678772,-0.01248687133193016
44,hand,11,0,0.5877171754837036,0.19764764606952667,-0.017423119395971298
44,hand,12,0,0.5829035639762878,0.17693781852722168,-0.02042587287724018
44,hand,13,0,0.610473096370697,0.2582239508628845,-0.010328560136258602
44,hand,14,0,0.6118524670600891,0.22328393161296844,-0.01768997311592102
44,hand,15,0,0.6115908026695251,0.19973386824131012,-0.022210901603102684
44,hand,16,0,0.610314130783081,0.17780178785324097,-0.024559324607253075
44,hand,17,0,0.6209716200828552,0.2699245810508728,-0.014847594313323498
44,hand,18,0,0.6296105980873108,0.24700522422790527,-0.02074623666703701
44,hand,19,0,0.635176956653595,0.22991855442523956,-0.022276435047388077
44,hand,20,0,0.6393375396728516,0.21311329305171967,-0.02265583537518978
44,hand,0,1,0.4212607443332672,0.7470608353614807,-6.654030926256382e-08
44,hand,1,1,0.434434711933136,0.7597256302833557,-0.010362938046455383
44,hand,2,1,0.44084659218788147,0.7849539518356323,-0.013931764289736748
44,hand,3,1,0.4439845085144043,0.8097565174102783,-0.014855392277240753
44,hand,4,1,0.44583845138549805,0.8259252309799194,-0.014588058926165104
44,hand,5,1,0.41921985149383545,0.8023858666419983,-0.012339219450950623
44,hand,6,1,0.425735205411911,0.8375576734542847,-0.014734323136508465
44,hand,7,1,0.4342972934246063,0.847795844078064,-0.015504964627325535
44,hand,8,1,0.4415539503097534,0.8502551913261414,-0.015307234600186348
44,hand,9,1,0.41292643547058105,0.8035909533500671,-0.006457031704485416
44,hand,10,1,0.42125794291496277,0.8364182710647583,-0.008354252204298973
44,hand,11,1,0.43122249841690063,0.8442916870117188,-0.008667650632560253
44,hand,12,1,0.4392717480659485,0.8445852398872375,-0.008598161861300468
44,hand,13,1,0.4111699163913727,0.8032872080802917,-0.0009219037601724267
44,hand,14,1,0.4199118912220001,0.8314805626869202,-0.002768856007605791
44,hand,15,1,0.42889389395713806,0.8381810188293457,-0.0034907045774161816
44,hand,16,1,0.4364566504955292,0.8384444713592529,-0.0035948962904512882
44,hand,17,1,0.4121275842189789,0.8028088808059692,0.004031750839203596
44,hand,18,1,0.41893652081489563,0.8239965438842773,0.001882422948256135
44,hand,19,1,0.4258982539176941,0.8309545516967773,0.0007701640133745968
44,hand,20,1,0.4322103261947632,0.8328734636306763,0.0005688417004421353
44,pose,0,-1,0.5273895263671875,0.17309387028217316,-0.29333019256591797
44,pose,1,-1,0.5377399325370789,0.14882275462150574,-0.26902660727500916
44,pose,2,-1,0.5430507659912109,0.14981378614902496,-0.2692164480686188
44,pose,3,-1,0.5486392974853516,0.15102989971637726,-0.2692319452762604
44,pose,4,-1,0.5203622579574585,0.14534510672092438,-0.271904855966568
44,pose,5,-1,0.5133668780326843,0.14416532218456268,-0.2719879448413849
44,pose,6,-1,0.5072697401046753,0.14350426197052002,-0.2721453905105591
44,pose,7,-1,0.5567442178726196,0.16614015400409698,-0.11529684066772461
44,pose,8,-1,0.498695969581604,0.15474481880664825,-0.1321323961019516
44,pose,9,-1,0.5367564558982849,0.20335999131202698,-0.2355497181415558
44,pose,10,-1,0.5143607258796692,0.20014354586601257,-0.2406720221042633
44,pose,11,-1,0.5925219058990479,0.32222843170166016,-0.024804214015603065
44,pose,12,-1,0.44825947284698486,0.31640464067459106,-0.02375711128115654
44,pose,13,-1,0.6378706693649292,0.5230377316474915,-0.18176588416099548
44,pose,14,-1,0.42873552441596985,0.5422117114067078,0.050680018961429596
44,pose,15,-1,0.6134101152420044,0.34052199125289917,-0.49818769097328186
44,pose,16,-1,0.42682453989982605,0.736383318901062,-0.03583695739507675
44,pose,17,-1,0.6071178317070007,0.28631114959716797,-0.5653501749038696
44,pose,18,-1,0.4217614233493805,0.7978197336196899,-0.050507426261901855
44,pose,19,-1,0.6069648861885071,0.2654854357242584,-0.547717273235321
44,pose,20,-1,0.43251535296440125,0.7991514205932617,-0.09442009031772614
44,pose,21,-1,0.6031641364097595,0.28706586360931396,-0.4973568320274353
44,pose,22,-1,0.4373598098754883,0.7784835696220398,-0.05156821757555008
44,pose,23,-1,0.5584306120872498,0.7233016490936279,0.009090638719499111
44,pose,24,-1,0.47657933831214905,0.7172329425811768,-0.008728223852813244
44,pose,25,-1,0.5444925427436829,0.9859572649002075,-0.017340805381536484
44,pose,26,-1,0.4880780279636383,0.9825404286384583,-0.005520811304450035
44,pose,27,-1,0.5537327527999878,1.247065544128418,0.3357357382774353
44,pose,28,-1,0.48735111951828003,1.2424476146697998,0.2588254511356354
44,pose,29,-1,0.5560051202774048,1.2746108770370483,0.36717280745506287
44,pose,30,-1,0.48553115129470825,1.2731082439422607,0.28117305040359497
44,pose,31,-1,0.542820394039154,1.3381495475769043,0.25126802921295166
44,pose,32,-1,0.5042439103126526,1.33218514919281,0.12932507693767548
45,hand,0,0,0.6106129288673401,0.3393325209617615,3.181684604669499e-08
45,hand,1,0,0.5951551795005798,0.32758259773254395,-0.004224023781716824
45,hand,2,0,0.5812309384346008,0.3088473677635193,-0.008207547478377819
45,hand,3,0,0.5701817274093628,0.29369401931762695,-0.012727340683341026
45,hand,4,0,0.5632339715957642,0.2768833637237549,-0.017162825912237167
45,hand,5,0,0.5914878845214844,0.2660970687866211,-0.003290235297754407
45,hand,6,0,0.5792136192321777,0.25178074836730957,-0.013276643119752407
45,hand,7,0,0.5711286067962646,0.2585415840148926,-0.02123643085360527
45,hand,8,0,0.5671582818031311,0.26853737235069275,-0.025356365367770195
45,hand,9,0,0.6008561849594116,0.2565872371196747,-0.006249398458749056
45,hand,10,0,0.5942731499671936,0.2209271937608719,-0.012740299105644226
45,hand,11,0,0.5887317657470703,0.19766825437545776,-0.017726285383105278
45,hand,12,0,0.5838399529457092,0.17690977454185486,-0.020834162831306458
45,hand,13,0,0.6116965413093567,0.25805380940437317,-0.01063530333340168
45,hand,14,0,0.6128268241882324,0.22283513844013214,-0.018062537536025047
45,hand,15,0,0.612555980682373,0.19932329654693604,-0.0226186104118824
45,hand,16,0,0.6112356781959534,0.17742350697517395,-0.025058815255761147
45,hand,17,0,0.6221601963043213,0.26973187923431396,-0.015285849571228027
45,hand,18,0,0.6305993795394897,0.24689868092536926,-0.021249739453196526
45,hand,19,0,0.6360809803009033,0.22952356934547424,-0.022852018475532532
45,hand,20,0,0.6400595903396606,0.21245300769805908,-0.023345429450273514
45,hand,0,1,0.4209807515144348,0.7475879192352295,-6.393628382284078e-08
45,hand,1,1,0.4343275725841522,0.7595113515853882,-0.01153999287635088
45,hand,2,1,0.4412151575088501,0.7835922837257385,-0.016149206086993217
45,hand,3,1,0.4451107084751129,0.8086892366409302,-0.017863722518086433
45,hand,4,1,0.4477018713951111,0.826728343963623,-0.01832430437207222
45,hand,5,1,0.4197505712509155,0.802534282207489,-0.01463159266859293
45,hand,6,1,0.4267006516456604,0.8380346894264221,-0.017594585195183754
45,hand,7,1,0.43555474281311035,0.8485003113746643,-0.018328122794628143
45,hand,8,1,0.44305023550987244,0.85069739818573,-0.018017759546637535
45,hand,9,1,0.4132656455039978,0.8041815161705017,-0.008303314447402954
45,hand,10,1,0.4221040904521942,0.8379750847816467,-0.01089757401496172
45,hand,11,1,0.43270307779312134,0.8448222875595093,-0.010965865105390549
45,hand,12,1,0.4409030079841614,0.8437581658363342,-0.010617353953421116
45,hand,13,1,0.4115621745586395,0.8041761517524719,-0.0023400597274303436
45,hand,14,1,0.4207897484302521,0.8332352638244629,-0.004927750676870346
45,hand,15,1,0.430343359708786,0.8388358354568481,-0.005423232447355986
45,hand,16,1,0.43794941902160645,0.8377524018287659,-0.005244238767772913
45,hand,17,1,0.4125922918319702,0.8041097521781921,0.0030003595165908337
45,hand,18,1,0.4199470281600952,0.8258422017097473,0.00034352298825979233
45,hand,19,1,0.42736202478408813,0.8322551846504211,-0.0007617363007739186
45,hand,20,1,0.4337210953235626,0.8334676623344421,-0.0008939728140830994
45,pose,0,-1,0.5273877382278442,0.17318443953990936,-0.28695547580718994
45,pose,1,-1,0.5377494096755981,0.148836150765419,-0.26250597834587097
45,pose,2,-1,0.543053925037384,0.1498376578092575,-0.2627018094062805
45,pose,3,-1,0.5486459732055664,0.1510639190673828,-0.2627164125442505
45,pose,4,-1,0.5204382538795471,0.14533185958862305,-0.2653229832649231
45,pose,5,-1,0.5134945511817932,0.14414556324481964,-0.26540204882621765
45,pose,6,-1,0.5074506402015686,0.14341606199741364,-0.265550822019577
45,pose,7,-1,0.5568090677261353,0.16613967716693878,-0.11098898202180862
45,pose,8,-1,0.4991443455219269,0.15449999272823334,-0.12797607481479645
45,pose,9,-1,0.5367467999458313,0.2033529430627823,-0.23015162348747253
45,pose,10,-1,0.5143582224845886,0.20013068616390228,-0.23533876240253448
45,pose,11,-1,0.5927075147628784,0.32218196988105774,-0.02468319982290268
45,pose,12,-1,0.4482561945915222,0.3160208463668823,-0.022248905152082443
45,pose,13,-1,0.6383203864097595,0.5227813124656677,-0.18099579215049744
45,pose,14,-1,0.42838042974472046,0.5415604710578918,0.053591229021549225
45,pose,15,-1,0.6137625575065613,0.34017765522003174,-0.4953494966030121
45,pose,16,-1,0.42673343420028687,0.7357890009880066,-0.027435315772891045
45,pose,17,-1,0.607775092124939,0.28626540303230286,-0.562048614025116
45,pose,18,-1,0.42165789008140564,0.7974184155464172,-0.04050540551543236
45,pose,19,-1,0.6071780323982239,0.26526856422424316,-0.5452808737754822
45,pose,20,-1,0.4324709475040436,0.7989222407341003,-0.08358041197061539
45,pose,21,-1,0.6034221053123474,0.2870349884033203,-0.4950711131095886
45,pose,22,-1,0.4373488128185272,0.7782748937606812,-0.04263688251376152
45,pose,23,-1,0.5582978129386902,0.7232736349105835,0.008850457146763802
45,pose,24,-1,0.4761982560157776,0.717146635055542,-0.00849170796573162
45,pose,25,-1,0.5443100333213806,0.9855431318283081,-0.02012697048485279
45,pose,26,-1,0.48788076639175415,0.982373833656311,-0.007575985975563526
45,pose,27,-1,0.5531995296478271,1.2466082572937012,0.3233990967273712
45,pose,28,-1,0.4870609939098358,1.2412877082824707,0.2571796476840973
45,pose,29,-1,0.5556349158287048,1.2740459442138672,0.3539649546146393
45,pose,30,-1,0.4851900637149811,1.271471619606018,0.2803132236003876
45,pose,31,-1,0.5415729284286499,1.3368021249771118,0.24281319975852966
45,pose,32,-1,0.5033485293388367,1.331658124923706,0.13218264281749725
46,hand,0,0,0.6112387776374817,0.33921465277671814,2.9164699100192593e-08
46,hand,1,0,0.5959696173667908,0.3278491199016571,-0.003953225445002317
46,hand,2,0,0.582014262676239,0.30853113532066345,-0.007696742657572031
46,hand,3,0,0.5709437727928162,0.2931129038333893,-0.012035341002047062
46,hand,4,0,0.5637645721435547,0.276967853307724,-0.016305571421980858
46,hand,5,0,0.5923437476158142,0.2660656273365021,-0.002648127032443881
46,hand,6,0,0.5803235173225403,0.2519541084766388,-0.012262726202607155
46,hand,7,0,0.5723622441291809,0.25879713892936707,-0.020075151696801186
46,hand,8,0,0.5685493350028992,0.268701434135437,-0.024163436144590378
46,hand,9,0,0.6016200184822083,0.2566162943840027,-0.0056739975698292255
46,hand,10,0,0.5950567722320557,0.22130706906318665,-0.011800313368439674
46,hand,11,0,0.5895324349403381,0.19800204038619995,-0.01672235131263733
46,hand,12,0,0.584850013256073,0.17704403400421143,-0.019888224080204964
46,hand,13,0,0.612363338470459,0.25808286666870117,-0.010127238929271698
46,hand,14,0,0.6136268973350525,0.22277405858039856,-0.01734068989753723
46,hand,15,0,0.6134513020515442,0.1992669403553009,-0.022018712013959885
46,hand,16,0,0.6123268604278564,0.17749646306037903,-0.024632172659039497
46,hand,17,0,0.6227571368217468,0.2696076035499573,-0.014822292141616344
46,hand,18,0,0.6313586831092834,0.24695700407028198,-0.020639127120375633
46,hand,19,0,0.6370609402656555,0.22968584299087524,-0.022343449294567108
46,hand,20,0,0.6412598490715027,0.21286404132843018,-0.023003382608294487
46,hand,0,1,0.4216078817844391,0.748606264591217,-5.933938851399034e-08
46,hand,1,1,0.4350320100784302,0.7613487243652344,-0.011708690784871578
46,hand,2,1,0.4421463906764984,0.7856115698814392,-0.01624186523258686
46,hand,3,1,0.4466707706451416,0.8096064329147339,-0.017824361100792885
46,hand,4,1,0.4489380121231079,0.8275615572929382,-0.018137825652956963
46,hand,5,1,0.420037180185318,0.8034974336624146,-0.014287875965237617
46,hand,6,1,0.4271498918533325,0.8389104604721069,-0.016885969787836075
46,hand,7,1,0.436399906873703,0.8488453030586243,-0.017534853890538216
46,hand,8,1,0.44415798783302307,0.8509658575057983,-0.01714235357940197
46,hand,9,1,0.41358017921447754,0.8045648336410522,-0.007687159813940525
46,hand,10,1,0.42183125019073486,0.8392556309700012,-0.009878666140139103
46,hand,11,1,0.43234604597091675,0.8468113541603088,-0.010049108415842056
46,hand,12,1,0.44064822793006897,0.8461313843727112,-0.009757820516824722
46,hand,13,1,0.41192036867141724,0.8040913343429565,-0.0014457612996920943
46,hand,14,1,0.4202497899532318,0.8338252902030945,-0.0036044178996235132
46,hand,15,1,0.42974790930747986,0.8406698703765869,-0.004391441121697426
46,hand,16,1,0.43754690885543823,0.8408623933792114,-0.00441190367564559
46,hand,17,1,0.4129275977611542,0.803699254989624,0.004201172851026058
46,hand,18,1,0.4196077883243561,0.8266091346740723,0.0019383489852771163
46,hand,19,1,0.4269374907016754,0.8338932394981384,0.000863936438690871
46,hand,20,1,0.4335322380065918,0.8358043432235718,0.0007168996380642056
46,pose,0,-1,0.5272995829582214,0.1730412244796753,-0.28616318106651306
46,pose,1,-1,0.5377523899078369,0.14873705804347992,-0.26161789894104004
46,pose,2,-1,0.5430478453636169,0.149739608168602,-0.26181095838546753
46,pose,3,-1,0.5486493706703186,0.15096968412399292,-0.26182353496551514
46,pose,4,-1,0.5204390287399292,0.14510531723499298,-0.26460373401641846
46,pose,5,-1,0.5135044455528259,0.14380501210689545,-0.2646850347518921
46,pose,6,-1,0.5074913501739502,0.14292865991592407,-0.2648327052593231
46,pose,7,-1,0.5568685531616211,0.16598358750343323,-0.10997481644153595
46,pose,8,-1,0.4994773864746094,0.15405090153217316,-0.12792722880840302
46,pose,9,-1,0.5367183685302734,0.20312824845314026,-0.22936831414699554
46,pose,10,-1,0.5143091082572937,0.19982141256332397,-0.23480787873268127
46,pose,11,-1,0.5930225253105164,0.3221477270126343,-0.024005545303225517
46,pose,12,-1,0.4482963979244232,0.3154771625995636,-0.02295343391597271
46,pose,13,-1,0.638351321220398,0.5224955677986145,-0.17995837330818176
46,pose,14,-1,0.428207665681839,0.5409365296363831,0.05287965014576912
46,pose,15,-1,0.6142984628677368,0.33998000621795654,-0.4917970597743988
46,pose,16,-1,0.42668288946151733,0.7352782487869263,-0.02870016358792782
46,pose,17,-1,0.608630359172821,0.2860906422138214,-0.5580109357833862
46,pose,18,-1,0.42161062359809875,0.7973619699478149,-0.04190535098314285
46,pose,19,-1,0.607964813709259,0.26521947979927063,-0.5407513380050659
46,pose,20,-1,0.4324629008769989,0.7989017963409424,-0.08512289822101593
46,pose,21,-1,0.6042407155036926,0.2869328260421753,-0.4911925196647644
46,pose,22,-1,0.43736007809638977,0.7782110571861267,-0.043918535113334656
46,pose,23,-1,0.5582587718963623,0.7229900360107422,0.009000321850180626
46,pose,24,-1,0.4759923815727234,0.7167380452156067,-0.008646432310342789
46,pose,25,-1,0.5441866517066956,0.9849526882171631,-0.019230356439948082
46,pose,26,-1,0.487800270318985,0.9820435643196106,-0.010955671779811382
46,pose,27,-1,0.5531877875328064,1.2461676597595215,0.324182391166687
46,pose,28,-1,0.4870475232601166,1.2407739162445068,0.25692620873451233
46,pose,29,-1,0.5556128621101379,1.2736330032348633,0.3547154664993286
46,pose,30,-1,0.4851519763469696,1.2709569931030273,0.2805235981941223
46,pose,31,-1,0.5415955781936646,1.335864543914795,0.24314385652542114
46,pose,32,-1,0.5033755898475647,1.3311389684677124,0.13406862318515778
47,hand,0,0,0.6115829348564148,0.33814021944999695,3.190155339893863e-08
47,hand,1,0,0.5963261127471924,0.32728222012519836,-0.004163828678429127
47,hand,2,0,0.5826055407524109,0.30891451239585876,-0.008061597123742104
47,hand,3,0,0.5718418955802917,0.29338833689689636,-0.012458362616598606
47,hand,4,0,0.5649870038032532,0.2769848108291626,-0.016762547194957733
47,hand,5,0,0.5927377939224243,0.26658591628074646,-0.003076535416767001
47,hand,6,0,0.5810279846191406,0.2521953284740448,-0.012599384412169456
47,hand,7,0,0.5731058120727539,0.2584798038005829,-0.0202398132532835
47,hand,8,0,0.5692888498306274,0.26809564232826233,-0.024218743667006493
47,hand,9,0,0.6020603179931641,0.2572197914123535,-0.0059713274240493774
47,hand,10,0,0.5956419706344604,0.22149667143821716,-0.012214859947562218
47,hand,11,0,0.5901126265525818,0.19849298894405365,-0.0171081330627203
47,hand,12,0,0.5854315161705017,0.17775097489356995,-0.02019563876092434
47,hand,13,0,0.6128631830215454,0.2587053179740906,-0.010263708420097828
47,hand,14,0,0.6143379211425781,0.22325247526168823,-0.01758154295384884
47,hand,15,0,0.6142147779464722,0.19972863793373108,-0.022259417921304703
47,hand,16,0,0.6130601167678833,0.1778673529624939,-0.024826789274811745
47,hand,17,0,0.6233493685722351,0.2702693045139313,-0.014788007363677025
47,hand,18,0,0.6319741010665894,0.24759383499622345,-0.020616473630070686
47,hand,19,0,0.6376502513885498,0.23054060339927673,-0.022283222526311874
47,hand,20,0,0.6418064832687378,0.21381820738315582,-0.022894177585840225
47,hand,0,1,0.4215008318424225,0.7479154467582703,-7.090049081170946e-08
47,hand,1,1,0.4354173541069031,0.7604894638061523,-0.010278884321451187
47,hand,2,1,0.4428369998931885,0.7856798768043518,-0.014327309094369411
47,hand,3,1,0.4466681182384491,0.8106297254562378,-0.015764571726322174
47,hand,4,1,0.44764769077301025,0.8284866213798523,-0.015896910801529884
47,hand,5,1,0.42178475856781006,0.8026156425476074,-0.013349560089409351
47,hand,6,1,0.4284006357192993,0.8401476740837097,-0.01619550958275795
47,hand,7,1,0.4373277425765991,0.8491306304931641,-0.016634032130241394
47,hand,8,1,0.44449400901794434,0.8492057919502258,-0.015931133180856705
47,hand,9,1,0.41466987133026123,0.8033281564712524,-0.00762875797227025
47,hand,10,1,0.42235228419303894,0.840217113494873,-0.010108789429068565
47,hand,11,1,0.4328949749469757,0.8463883399963379,-0.00984327681362629
47,hand,12,1,0.4409129023551941,0.8435203433036804,-0.008973757736384869
47,hand,13,1,0.4122841954231262,0.8027876019477844,-0.002222631359472871
47,hand,14,1,0.42032018303871155,0.8342674374580383,-0.004571195691823959
47,hand,15,1,0.42990246415138245,0.8403555750846863,-0.004815013147890568
47,hand,16,1,0.4374754726886749,0.8386375904083252,-0.004259759094566107
47,hand,17,1,0.4127059280872345,0.8021808862686157,0.0026783086359500885
47,hand,18,1,0.4192354083061218,0.8259248733520508,0.0005210055969655514
47,hand,19,1,0.4265897572040558,0.8324661254882812,-0.0001122680478147231
47,hand,20,1,0.4331507086753845,0.832412838935852,0.00016591038729529828
47,pose,0,-1,0.5273196697235107,0.17301487922668457,-0.29003816843032837
47,pose,1,-1,0.5377901792526245,0.14872100949287415,-0.265576034784317
47,pose,2,-1,0.543066143989563,0.14972272515296936,-0.26576200127601624
47,pose,3,-1,0.5486711859703064,0.15095479786396027,-0.2657788395881653
47,pose,4,-1,0.5205543637275696,0.14504936337471008,-0.2690182030200958
47,pose,5,-1,0.5136479735374451,0.1436985731124878,-0.2690877616405487
47,pose,6,-1,0.5076583027839661,0.14275017380714417,-0.2692350745201111
47,pose,7,-1,0.5568841695785522,0.16591981053352356,-0.11237617582082748
47,pose,8,-1,0.49987685680389404,0.15384095907211304,-0.1318713128566742
47,pose,9,-1,0.5367338061332703,0.2029755711555481,-0.23250803351402283
47,pose,10,-1,0.5143536925315857,0.19959992170333862,-0.23846988379955292
47,pose,11,-1,0.5932428240776062,0.32210180163383484,-0.024168966338038445
47,pose,12,-1,0.4483317732810974,0.31497305631637573,-0.02663692831993103
47,pose,13,-1,0.6388142108917236,0.5223236680030823,-0.17970755696296692
47,pose,14,-1,0.4280630946159363,0.5407771468162537,0.0478941947221756
47,pose,15,-1,0.6148025989532471,0.3397795557975769,-0.4935280680656433
47,pose,16,-1,0.4266824722290039,0.7352657914161682,-0.03525004908442497
47,pose,17,-1,0.609225869178772,0.28592658042907715,-0.5607572793960571
47,pose,18,-1,0.42166537046432495,0.7974033951759338,-0.049309033900499344
47,pose,19,-1,0.6085365414619446,0.2651360034942627,-0.543133020401001
47,pose,20,-1,0.4325065612792969,0.7990337610244751,-0.09319095313549042
47,pose,21,-1,0.6048297882080078,0.286834180355072,-0.49279922246932983
47,pose,22,-1,0.4373950958251953,0.7784167528152466,-0.05069442838430405
47,pose,23,-1,0.5582035779953003,0.7225074768066406,0.009203447960317135
47,pose,24,-1,0.47573184967041016,0.7163658738136292,-0.008855699561536312
47,pose,25,-1,0.5441015362739563,0.9847524166107178,-0.01855481043457985
47,pose,26,-1,0.48732540011405945,0.9818077683448792,-0.012630884535610676
47,pose,27,-1,0.5526010990142822,1.245007872581482,0.3245573937892914
47,pose,28,-1,0.486492782831192,1.2394996881484985,0.25746259093284607
47,pose,29,-1,0.5547742247581482,1.2721540927886963,0.3551560938358307
47,pose,30,-1,0.48469510674476624,1.2692335844039917,0.2811421751976013
47,pose,31,-1,0.5410830974578857,1.3351191282272339,0.24415867030620575
47,pose,32,-1,0.5027379393577576,1.3292479515075684,0.1350533366203308
48,hand,0,0,0.6120564937591553,0.3391695022583008,3.0795266781069586e-08
48,hand,1,0,0.596860408782959,0.32824593782424927,-0.0044471281580626965
48,hand,2,0,0.583090603351593,0.30877429246902466,-0.008385731838643551
48,hand,3,0,0.5721631646156311,0.2931138277053833,-0.012796467170119286
48,hand,4,0,0.5653082728385925,0.2770456075668335,-0.017050057649612427
48,hand,5,0,0.59334397315979,0.26626086235046387,-0.003228722373023629
48,hand,6,0,0.5813913941383362,0.251548171043396,-0.012919304892420769
48,hand,7,0,0.5735933184623718,0.25839167833328247,-0.020579209551215172
48,hand,8,0,0.5697988271713257,0.2687469720840454,-0.024493427947163582
48,hand,9,0,0.6027200222015381,0.25695401430130005,-0.005962087772786617
48,hand,10,0,0.5961169004440308,0.22198498249053955,-0.01221085712313652
48,hand,11,0,0.5905323028564453,0.19908910989761353,-0.0169747993350029
48,hand,12,0,0.585651695728302,0.17861849069595337,-0.01988203637301922
48,hand,13,0,0.6135267019271851,0.258646160364151,-0.010147844441235065
48,hand,14,0,0.6149479746818542,0.22383832931518555,-0.017520355060696602
48,hand,15,0,0.6147145628929138,0.2003551721572876,-0.022084949538111687
48,hand,16,0,0.613395094871521,0.1787756383419037,-0.024472549557685852
48,hand,17,0,0.6238736510276794,0.270515501499176,-0.01460135355591774
48,hand,18,0,0.6324882507324219,0.24815888702869415,-0.020568083971738815
48,hand,19,0,0.6381024718284607,0.2312362641096115,-0.022258471697568893
48,hand,20,0,0.6422359943389893,0.21495378017425537,-0.022773904725909233
48,hand,0,1,0.42176079750061035,0.7474073171615601,-6.667490737299886e-08
48,hand,1,1,0.43483486771583557,0.7605581879615784,-0.01196660939604044
48,hand,2,1,0.4422408640384674,0.7851633429527283,-0.016374709084630013
48,hand,3,1,0.44674432277679443,0.8100929856300354,-0.017697537317872047
48,hand,4,1,0.4489150941371918,0.8286847472190857,-0.017581695690751076
48,hand,5,1,0.42102307081222534,0.8039976358413696,-0.014746120199561119
48,hand,6,1,0.4289725124835968,0.8406270146369934,-0.01693616434931755
48,hand,7,1,0.43820732831954956,0.8489474058151245,-0.016843069344758987
48,hand,8,1,0.4457637369632721,0.8491675853729248,-0.015891507267951965
48,hand,9,1,0.4145372807979584,0.8052849769592285,-0.007771674543619156
48,hand,10,1,0.42351531982421875,0.8410322666168213,-0.009857062250375748
48,hand,11,1,0.43438443541526794,0.8458806276321411,-0.009457264095544815
48,hand,12,1,0.44251903891563416,0.8420526385307312,-0.008680005557835102
48,hand,13,1,0.4128240644931793,0.8047409057617188,-0.001125425798818469
48,hand,14,1,0.4214819073677063,0.8349688649177551,-0.0031237020157277584
48,hand,15,1,0.4312199652194977,0.8396494388580322,-0.0036092987284064293
48,hand,16,1,0.4387695789337158,0.8369728326797485,-0.003417728701606393
48,hand,17,1,0.41356801986694336,0.8042229413986206,0.0048913550563156605
48,hand,18,1,0.4200746715068817,0.8268817663192749,0.0027246170211583376
48,hand,19,1,0.427561491727829,0.8323370218276978,0.0016443331260234118
48,hand,20,1,0.4339427649974823,0.8316984176635742,0.001490057329647243
48,pose,0,-1,0.5273439884185791,0.1727728545665741,-0.29039156436920166
48,pose,1,-1,0.5378567576408386,0.14860573410987854,-0.2659713923931122
48,pose,2,-1,0.5431126356124878,0.14960938692092896,-0.2661568522453308
48,pose,3,-1,0.5487124919891357,0.1508457064628601,-0.26617732644081116
48,pose,4,-1,0.5206911563873291,0.14478905498981476,-0.26948675513267517
48,pose,5,-1,0.513816237449646,0.14331838488578796,-0.2695550322532654
48,pose,6,-1,0.5078470706939697,0.14222531020641327,-0.2697009742259979
48,pose,7,-1,0.5569033026695251,0.16568461060523987,-0.11255326867103577
48,pose,8,-1,0.5002964735031128,0.15341633558273315,-0.1323283314704895
48,pose,9,-1,0.5367429256439209,0.20264969766139984,-0.23272301256656647
48,pose,10,-1,0.5143962502479553,0.19915153086185455,-0.23879288136959076
48,pose,11,-1,0.593541145324707,0.32191139459609985,-0.023870855569839478
48,pose,12,-1,0.44834718108177185,0.3145490884780884,-0.026834825053811073
48,pose,13,-1,0.6392180323600769,0.5220299363136292,-0.17559561133384705
48,pose,14,-1,0.42798909544944763,0.5406419038772583,0.048848703503608704
48,pose,15,-1,0.6155219674110413,0.33961474895477295,-0.49172160029411316
48,pose,16,-1,0.4266747534275055,0.7352874279022217,-0.03074129857122898
48,pose,17,-1,0.6097567677497864,0.28591278195381165,-0.5592700242996216
48,pose,18,-1,0.42176729440689087,0.7975277900695801,-0.043524399399757385
48,pose,19,-1,0.6092616319656372,0.2651298940181732,-0.5414405465126038
48,pose,20,-1,0.43263182044029236,0.799286961555481,-0.08802888542413712
48,pose,21,-1,0.6055976748466492,0.28676968812942505,-0.4908949136734009
48,pose,22,-1,0.437491774559021,0.7788363695144653,-0.04617122560739517
48,pose,23,-1,0.5581783652305603,0.7219192981719971,0.009713277220726013
48,pose,24,-1,0.4756711423397064,0.715826153755188,-0.009375141933560371
48,pose,25,-1,0.5440322160720825,0.9846969246864319,-0.018028484657406807
48,pose,26,-1,0.4872005581855774,0.9811303019523621,-0.017101850360631943
48,pose,27,-1,0.5522347092628479,1.2443608045578003,0.3237169682979584
48,pose,28,-1,0.48632144927978516,1.2370885610580444,0.26001816987991333
48,pose,29,-1,0.5543544888496399,1.2715529203414917,0.35413071513175964
48,pose,30,-1,0.48454877734184265,1.2655731439590454,0.2852029502391815
48,pose,31,-1,0.5409336686134338,1.3340282440185547,0.24277061223983765
48,pose,32,-1,0.5022461414337158,1.3259575366973877,0.14308787882328033
49,hand,0,0,0.6119370460510254,0.34109240770339966,2.536370047323544e-08
49,hand,1,0,0.5968461632728577,0.3298051059246063,-0.004160762298852205
49,hand,2,0,0.5829713344573975,0.30961358547210693,-0.007956601679325104
49,hand,3,0,0.5719403624534607,0.29363754391670227,-0.01232298742979765
49,hand,4,0,0.5637267231941223,0.2794225811958313,-0.016611624509096146
49,hand,5,0,0.5933228731155396,0.26825079321861267,-0.002423441968858242
49,hand,6,0,0.5817474126815796,0.2532711625099182,-0.011878021992743015
49,hand,7,0,0.573736310005188,0.2591642737388611,-0.01957051455974579
49,hand,8,0,0.569465160369873,0.2685721218585968,-0.02361321449279785
49,hand,9,0,0.6025098562240601,0.2589753270149231,-0.005404813215136528
49,hand,10,0,0.5956676602363586,0.22429481148719788,-0.011678044684231281
49,hand,11,0,0.5898767113685608,0.2022097110748291,-0.016692258417606354
49,hand,12,0,0.5849856734275818,0.1823369562625885,-0.0198032446205616
49,hand,13,0,0.6132128238677979,0.26052990555763245,-0.00982713419944048
49,hand,14,0,0.6143851280212402,0.2253330647945404,-0.017261823639273643
49,hand,15,0,0.6139295101165771,0.20251193642616272,-0.021890191361308098
49,hand,16,0,0.6125498414039612,0.18129564821720123,-0.024348199367523193
49,hand,17,0,0.6236379742622375,0.2721443772315979,-0.014498243108391762
49,hand,18,0,0.6318923234939575,0.24950958788394928,-0.020345434546470642
49,hand,19,0,0.6374484896659851,0.23290130496025085,-0.021938500925898552
49,hand,20,0,0.6415367126464844,0.2169443666934967,-0.022465640679001808
49,hand,0,1,0.4225606322288513,0.7462069392204285,-6.828010157278186e-08
49,hand,1,1,0.4358808696269989,0.7611904740333557,-0.011256690137088299
49,hand,2,1,0.44281116127967834,0.7872561812400818,-0.015304630622267723
49,hand,3,1,0.44689399003982544,0.8120836019515991,-0.016392502933740616
49,hand,4,1,0.44920405745506287,0.8296743631362915,-0.01606295444071293
49,hand,5,1,0.42165398597717285,0.8045614361763,-0.013947006314992905
49,hand,6,1,0.4293607175350189,0.8406336307525635,-0.0160466730594635
49,hand,7,1,0.4387100040912628,0.8490554690361023,-0.015872010961174965
49,hand,8,1,0.4465242922306061,0.8488245010375977,-0.014766529202461243
49,hand,9,1,0.4149991273880005,0.8049667477607727,-0.0072537618689239025
49,hand,10,1,0.42373913526535034,0.8407019376754761,-0.009140453301370144
49,hand,11,1,0.4344383776187897,0.8465619683265686,-0.008696360513567924
49,hand,12,1,0.4428003430366516,0.8434862494468689,-0.00781867653131485
49,hand,13,1,0.4130668044090271,0.8039299845695496,-0.0008496944210492074
49,hand,14,1,0.42159396409988403,0.8340298533439636,-0.0024878703989088535
49,hand,15,1,0.4314073622226715,0.8402315378189087,-0.0029194774106144905
49,hand,16,1,0.4395624101161957,0.8388044238090515,-0.0026731870602816343
49,hand,17,1,0.4136795401573181,0.8030052185058594,0.0049754963256418705
49,hand,18,1,0.4200660288333893,0.8259479403495789,0.0033369390293955803
49,hand,19,1,0.42756015062332153,0.8333911299705505,0.0024729568976908922
49,hand,20,1,0.43460583686828613,0.8346447944641113,0.0024625002406537533
49,pose,0,-1,0.5273451805114746,0.17223861813545227,-0.2910233736038208
49,pose,1,-1,0.5378862619400024,0.14824283123016357,-0.2663857638835907
49,pose,2,-1,0.5431310534477234,0.1492769420146942,-0.26657095551490784
49,pose,3,-1,0.5487291216850281,0.15053291618824005,-0.2665866017341614
49,pose,4,-1,0.520725429058075,0.14412058889865875,-0.2699219882488251
49,pose,5,-1,0.5138596296310425,0.14251449704170227,-0.2699916958808899
49,pose,6,-1,0.5078970193862915,0.1413014978170395,-0.2701343894004822
49,pose,7,-1,0.5569188594818115,0.16546380519866943,-0.1127384826540947
49,pose,8,-1,0.5004382729530334,0.15269891917705536,-0.13242784142494202
49,pose,9,-1,0.5367547273635864,0.20218366384506226,-0.233379527926445
49,pose,10,-1,0.5144060254096985,0.1986667662858963,-0.23941685259342194
49,pose,11,-1,0.5937124490737915,0.3218819200992584,-0.023970602080225945
49,pose,12,-1,0.44835004210472107,0.31446200609207153,-0.027047837153077126
49,pose,13,-1,0.6393710374832153,0.5218086838722229,-0.17709007859230042
49,pose,14,-1,0.4278642237186432,0.5406938195228577,0.04810035973787308
49,pose,15,-1,0.6159105896949768,0.3395039737224579,-0.4948938190937042
49,pose,16,-1,0.42667487263679504,0.73552006483078,-0.03285472095012665
49,pose,17,-1,0.6100617051124573,0.28587955236434937,-0.562463104724884
49,pose,18,-1,0.42203348875045776,0.7978413105010986,-0.04646899923682213
49,pose,19,-1,0.6094458699226379,0.2651418447494507,-0.5447160005569458
49,pose,20,-1,0.4330325126647949,0.7995448112487793,-0.09023771435022354
49,pose,21,-1,0.6058527827262878,0.28679534792900085,-0.4941514730453491
49,pose,22,-1,0.43779703974723816,0.7792309522628784,-0.04816047102212906
49,pose,23,-1,0.5581244826316833,0.721871554851532,0.009711144492030144
49,pose,24,-1,0.4753926694393158,0.7157514095306396,-0.009370355866849422
49,pose,25,-1,0.5436753034591675,0.9846593737602234,-0.01416422426700592
49,pose,26,-1,0.4871038496494293,0.9810191988945007,-0.013107607141137123
49,pose,27,-1,0.5515610575675964,1.244810938835144,0.3266425132751465
49,pose,28,-1,0.4849871098995209,1.2395967245101929,0.2561556100845337
49,pose,29,-1,0.5534256100654602,1.271840214729309,0.356543630361557
49,pose,30,-1,0.4832542836666107,1.2692290544509888,0.27926644682884216
49,pose,31,-1,0.5396015048027039,1.3353434801101685,0.2433258593082428
49,pose,32,-1,0.5008653402328491,1.3285640478134155,0.12733249366283417
50,hand,0,0,0.6105232834815979,0.34226396679878235,7.528344170282253e-09
50,hand,1,0,0.595502495765686,0.33115354180336,-0.004367563873529434
50,hand,2,0,0.5821053385734558,0.31175562739372253,-0.00837276317179203
50,hand,3,0,0.5714186429977417,0.29597020149230957,-0.012828073464334011
50,hand,4,0,0.5628800392150879,0.28203335404396057,-0.017250671982765198
50,hand,5,0,0.5920752882957458,0.27153053879737854,-0.003091275691986084
50,hand,6,0,0.5813589692115784,0.2538261413574219,-0.012438217177987099
50,hand,7,0,0.57330322265625,0.2596580386161804,-0.02009613998234272
50,hand,8,0,0.5683344602584839,0.2697194814682007,-0.024154696613550186
50,hand,9,0,0.6010378003120422,0.26274460554122925,-0.005902677308768034
50,hand,10,0,0.5938574075698853,0.2281748205423355,-0.011935615912079811
50,hand,11,0,0.5867599248886108,0.2090623527765274,-0.017074299976229668
50,hand,12,0,0.5804812908172607,0.19278952479362488,-0.02040303312242031
50,hand,13,0,0.611710250377655,0.2643393874168396,-0.010056091472506523
50,hand,14,0,0.6119353771209717,0.2289537936449051,-0.016837356612086296
50,hand,15,0,0.6104262471199036,0.2069358378648758,-0.02134677954018116
50,hand,16,0,0.608068585395813,0.1865919828414917,-0.024056339636445045
50,hand,17,0,0.6223324537277222,0.27536940574645996,-0.014498298987746239
50,hand,18,0,0.6298332810401917,0.252722829580307,-0.019689815118908882
50,hand,19,0,0.6348122358322144,0.23667393624782562,-0.021124249324202538
50,hand,20,0,0.6382583379745483,0.22116169333457947,-0.021784981712698936
50,hand,0,1,0.42246708273887634,0.7473141551017761,-8.290516717579521e-08
50,hand,1,1,0.4359252154827118,0.7609257102012634,-0.010358957573771477
50,hand,2,1,0.4430696368217468,0.7865232825279236,-0.01404088269919157
50,hand,3,1,0.44702738523483276,0.8115932941436768,-0.015006466768682003
50,hand,4,1,0.4499005079269409,0.8283514976501465,-0.01471634954214096
50,hand,5,1,0.42147067189216614,0.8039869666099548,-0.013680418021976948
50,hand,6,1,0.4300539493560791,0.8410788774490356,-0.015951896086335182
50,hand,7,1,0.4393564760684967,0.8494582772254944,-0.0160257238894701
50,hand,8,1,0.4469362199306488,0.8494592308998108,-0.015182464383542538
50,hand,9,1,0.4150099754333496,0.8053158521652222,-0.007631578948348761
50,hand,10,1,0.42501452565193176,0.8417486548423767,-0.009862132370471954
50,hand,11,1,0.4362747073173523,0.8466281294822693,-0.009692378342151642
50,hand,12,1,0.4448391795158386,0.8425665497779846,-0.009056396782398224
50,hand,13,1,0.41330572962760925,0.8048657774925232,-0.0017804488306865096
50,hand,14,1,0.4227609634399414,0.835774838924408,-0.0037120289634913206
50,hand,15,1,0.43298202753067017,0.8406434655189514,-0.004253795836120844
50,hand,16,1,0.44113901257514954,0.8376330733299255,-0.004112806171178818
50,hand,17,1,0.4141678512096405,0.8041868805885315,0.003543343860656023
50,hand,18,1,0.4211490750312805,0.8271456360816956,0.0015177918830886483
50,hand,19,1,0.4290063679218292,0.833583652973175,0.0004320555308368057
50,hand,20,1,0.436087429523468,0.8337176442146301,0.00026744467322714627
50,pose,0,-1,0.5273548364639282,0.1718902438879013,-0.29448115825653076
50,pose,1,-1,0.5379419922828674,0.14801917970180511,-0.2692287266254425
50,pose,2,-1,0.5432012677192688,0.14903774857521057,-0.26941439509391785
50,pose,3,-1,0.5487910509109497,0.15028135478496552,-0.2694340944290161
50,pose,4,-1,0.5207492709159851,0.14392386376857758,-0.2732795476913452
50,pose,5,-1,0.5138943195343018,0.1423357129096985,-0.27335044741630554
50,pose,6,-1,0.5079414248466492,0.1411457359790802,-0.273489385843277
50,pose,7,-1,0.5569390654563904,0.16525116562843323,-0.11339419335126877
50,pose,8,-1,0.5004991888999939,0.15263263881206512,-0.13521653413772583
50,pose,9,-1,0.5368086099624634,0.20191705226898193,-0.23599597811698914
50,pose,10,-1,0.5144352316856384,0.19845351576805115,-0.2427809089422226
50,pose,11,-1,0.5937364101409912,0.32186439633369446,-0.02407890558242798
50,pose,12,-1,0.4483795464038849,0.3145032227039337,-0.029545729979872704
50,pose,13,-1,0.6394699811935425,0.521767795085907,-0.17768679559230804
50,pose,14,-1,0.42778998613357544,0.5408380031585693,0.04585225507616997
50,pose,15,-1,0.6159374713897705,0.33984145522117615,-0.4991830885410309
50,pose,16,-1,0.42667484283447266,0.7359500527381897,-0.03476982191205025
50,pose,17,-1,0.6100083589553833,0.2867277264595032,-0.567683756351471
50,pose,18,-1,0.4222885072231293,0.798112154006958,-0.0485905297100544
50,pose,19,-1,0.6094040274620056,0.2657598853111267,-0.5495548248291016
50,pose,20,-1,0.4332679510116577,0.7997158169746399,-0.09263157099485397
50,pose,21,-1,0.6058474183082581,0.2872014343738556,-0.4984602630138397
50,pose,22,-1,0.4379543960094452,0.7794913053512573,-0.0501982755959034
50,pose,23,-1,0.558118999004364,0.7218591570854187,0.01003312598913908
50,pose,24,-1,0.4753919839859009,0.7157483696937561,-0.009702768176794052
50,pose,25,-1,0.5436491370201111,0.9846157431602478,-0.01377598475664854
50,pose,26,-1,0.4870809018611908,0.9805853962898254,-0.012595667503774166
50,pose,27,-1,0.5515064001083374,1.2439486980438232,0.3286258280277252
50,pose,28,-1,0.4850076138973236,1.239450454711914,0.2565261423587799
50,pose,29,-1,0.5532854199409485,1.2707493305206299,0.35869553685188293
50,pose,30,-1,0.48325949907302856,1.2690035104751587,0.27976348996162415
50,pose,31,-1,0.539668083190918,1.3338526487350464,0.2434639185667038
50,pose,32,-1,0.5009889006614685,1.3283237218856812,0.12793146073818207
51,hand,0,0,0.6084122061729431,0.34878432750701904,-1.791034165421479e-08
51,hand,1,0,0.5929017066955566,0.33527448773384094,-0.0032646767795085907
51,hand,2,0,0.5794765949249268,0.31474921107292175,-0.006726658903062344
51,hand,3,0,0.568609893321991,0.3000696003437042,-0.010806615464389324
51,hand,4,0,0.5606602430343628,0.2873428165912628,-0.014953907579183578
51,hand,5,0,0.5902441143989563,0.2750920057296753,-0.0014515802031382918
51,hand,6,0,0.5798557996749878,0.25793179869651794,-0.010683586820960045
51,hand,7,0,0.5718209743499756,0.2630750238895416,-0.01881435513496399
51,hand,8,0,0.5660941004753113,0.2732468843460083,-0.023243241012096405
51,hand,9,0,0.5989736318588257,0.2679085433483124,-0.004561521578580141
51,hand,10,0,0.5918164253234863,0.23574167490005493,-0.010410896502435207
51,hand,11,0,0.5838362574577332,0.2201894074678421,-0.01560833491384983
51,hand,12,0,0.5763242840766907,0.20835615694522858,-0.01892680861055851
51,hand,13,0,0.6094160079956055,0.2702747583389282,-0.008977686055004597
51,hand,14,0,0.608635425567627,0.2351965755224228,-0.015026655048131943
51,hand,15,0,0.605738639831543,0.21441471576690674,-0.019154416397213936
51,hand,16,0,0.6021282076835632,0.19617950916290283,-0.02174416184425354
51,hand,17,0,0.6197933554649353,0.28185567259788513,-0.013666786253452301
51,hand,18,0,0.6265062093734741,0.2593150734901428,-0.0182180255651474
51,hand,19,0,0.6301693916320801,0.24332618713378906,-0.01942381076514721
51,hand,20,0,0.632391095161438,0.227931946516037,-0.02001173608005047
51,hand,0,1,0.42210638523101807,0.7468284368515015,-7.92469450061617e-08
51,hand,1,1,0.43619340658187866,0.7607133984565735,-0.00994295347481966
51,hand,2,1,0.4433099329471588,0.7871686220169067,-0.013700398616492748
51,hand,3,1,0.4471052587032318,0.8126853108406067,-0.014793211594223976
51,hand,4,1,0.45021936297416687,0.8296237587928772,-0.014617864973843098
51,hand,5,1,0.4224722385406494,0.804986834526062,-0.014219192788004875
51,hand,6,1,0.430490106344223,0.84206622838974,-0.016148386523127556
51,hand,7,1,0.4394976496696472,0.850317120552063,-0.015444120392203331
51,hand,8,1,0.4471404254436493,0.8504981398582458,-0.014040454290807247
51,hand,9,1,0.41518786549568176,0.8055581450462341,-0.008328678086400032
51,hand,10,1,0.42498260736465454,0.8419802188873291,-0.010402054525911808
51,hand,11,1,0.43631812930107117,0.8458195924758911,-0.009444568306207657
51,hand,12,1,0.4445144534111023,0.8417201042175293,-0.008227820508182049
51,hand,13,1,0.4127533435821533,0.8042756915092468,-0.0024952488020062447
51,hand,14,1,0.42190808057785034,0.8356807231903076,-0.004251228645443916
51,hand,15,1,0.4321046471595764,0.839814305305481,-0.0038335067220032215
51,hand,16,1,0.43987610936164856,0.836153507232666,-0.0030010174959897995
51,hand,17,1,0.41307327151298523,0.8028057813644409,0.0028408898506313562
51,hand,18,1,0.41961005330085754,0.8264653086662292,0.0012123227352276444
51,hand,19,1,0.4275379478931427,0.8325851559638977,0.0008616260602138937
51,hand,20,1,0.434454083442688,0.8316217064857483,0.0012176992604508996
51,pose,0,-1,0.5278053879737854,0.1715935617685318,-0.2974641025066376
51,pose,1,-1,0.5384060740470886,0.14772333204746246,-0.2718553841114044
51,pose,2,-1,0.5437930822372437,0.14870552718639374,-0.27204176783561707
51,pose,3,-1,0.5492643713951111,0.14993061125278473,-0.2720659375190735
51,pose,4,-1,0.521186888217926,0.1437135934829712,-0.27630549669265747
51,pose,5,-1,0.5142813324928284,0.1421227604150772,-0.27637359499931335
51,pose,6,-1,0.5082721710205078,0.14091964066028595,-0.27651098370552063
51,pose,7,-1,0.5573144555091858,0.16498960554599762,-0.11426767706871033
51,pose,8,-1,0.5006787180900574,0.15251237154006958,-0.13799500465393066
51,pose,9,-1,0.5371848344802856,0.20167259871959686,-0.23837615549564362
51,pose,10,-1,0.5149263143539429,0.19831040501594543,-0.24574171006679535
51,pose,11,-1,0.5938202142715454,0.3216232359409332,-0.024572668597102165
51,pose,12,-1,0.4484807252883911,0.31450098752975464,-0.029680777341127396
51,pose,13,-1,0.6397114992141724,0.5219777822494507,-0.17879217863082886
51,pose,14,-1,0.4277111887931824,0.5407813787460327,0.04934285953640938
51,pose,15,-1,0.6158973574638367,0.34052208065986633,-0.5017213821411133
51,pose,16,-1,0.4266566336154938,0.7359753847122192,-0.02568136900663376
51,pose,17,-1,0.609993577003479,0.28828200697898865,-0.5701931118965149
51,pose,18,-1,0.4224412739276886,0.7981638312339783,-0.038356516510248184
51,pose,19,-1,0.6093190312385559,0.26701033115386963,-0.5521950125694275
51,pose,20,-1,0.4334728419780731,0.7998056411743164,-0.08344652503728867
51,pose,21,-1,0.6058007478713989,0.28819239139556885,-0.5010296106338501
51,pose,22,-1,0.43803054094314575,0.7796570658683777,-0.04138325899839401
51,pose,23,-1,0.558069109916687,0.721832275390625,0.010083670727908611
51,pose,24,-1,0.4753277599811554,0.7157145142555237,-0.009754546917974949
51,pose,25,-1,0.5436174869537354,0.9844853281974792,-0.013515240512788296
51,pose,26,-1,0.4870564639568329,0.9805335998535156,-0.012237322516739368
51,pose,27,-1,0.5515139102935791,1.2434803247451782,0.33288487792015076
51,pose,28,-1,0.4850219488143921,1.239046573638916,0.25680989027023315
51,pose,29,-1,0.5532833933830261,1.2700809240341187,0.3634673058986664
51,pose,30,-1,0.48327773809432983,1.2684718370437622,0.2801516652107239
51,pose,31,-1,0.5396983623504639,1.3337510824203491,0.24518786370754242
51,pose,32,-1,0.5010672807693481,1.3278963565826416,0.1278349608182907
52,hand,0,0,0.6053655743598938,0.3553750514984131,-2.448015479217247e-08
52,hand,1,0,0.5891216993331909,0.3417258858680725,-0.002816901309415698
52,hand,2,0,0.5756046772003174,0.3223628103733063,-0.00594708975404501
52,hand,3,0,0.5651857256889343,0.30897605419158936,-0.009845028631389141
52,hand,4,0,0.5571351051330566,0.29726383090019226,-0.013840931467711926
52,hand,5,0,0.5855531096458435,0.28275489807128906,-0.0007081669173203409
52,hand,6,0,0.5753626227378845,0.26459717750549316,-0.009939806535840034
52,hand,7,0,0.5677922964096069,0.27098605036735535,-0.01834586262702942
52,hand,8,0,0.5622411966323853,0.2825443148612976,-0.022905176505446434
52,hand,9,0,0.5944994688034058,0.2753147482872009,-0.003906004596501589
52,hand,10,0,0.5883553624153137,0.24339254200458527,-0.010139107704162598
52,hand,11,0,0.5800262689590454,0.22960582375526428,-0.015687666833400726
52,hand,12,0,0.571841299533844,0.22116680443286896,-0.019065875560045242
52,hand,13,0,0.6047297716140747,0.2775152325630188,-0.008389881812036037
52,hand,14,0,0.6036878824234009,0.2444504201412201,-0.013957396149635315
52,hand,15,0,0.6000133156776428,0.22517657279968262,-0.017956681549549103
52,hand,16,0,0.5957513451576233,0.2091493010520935,-0.020462745800614357
52,hand,17,0,0.6147292256355286,0.28907638788223267,-0.013212192803621292
52,hand,18,0,0.6207942962646484,0.2682037651538849,-0.01716458797454834
52,hand,19,0,0.6233924627304077,0.25299346446990967,-0.018228452652692795
52,hand,20,0,0.6248860955238342,0.23884129524230957,-0.018725218251347542
52,hand,0,1,0.4220576286315918,0.7479614615440369,-7.629943610254486e-08
52,hand,1,1,0.43604952096939087,0.7622990012168884,-0.010953844524919987
52,hand,2,1,0.4430599510669708,0.7884016633033752,-0.014698043465614319
52,hand,3,1,0.4467846155166626,0.813582181930542,-0.01534886471927166
52,hand,4,1,0.4499880075454712,0.8300340175628662,-0.01463429257273674
52,hand,5,1,0.4216161072254181,0.8053048253059387,-0.015285800211131573
52,hand,6,1,0.4300580620765686,0.8425000905990601,-0.01669805496931076
52,hand,7,1,0.43930691480636597,0.8502913117408752,-0.015532499179244041
52,hand,8,1,0.4470546841621399,0.850023090839386,-0.013819302432239056
52,hand,9,1,0.414462149143219,0.8058123588562012,-0.008523344062268734
52,hand,10,1,0.42463192343711853,0.8421686291694641,-0.01008583139628172
52,hand,11,1,0.4364009499549866,0.8461494445800781,-0.008938580751419067
52,hand,12,1,0.4450426697731018,0.8416167497634888,-0.007688760291785002
52,hand,13,1,0.4123408794403076,0.8045759797096252,-0.0018439129926264286
52,hand,14,1,0.4218936860561371,0.8351849317550659,-0.00315704382956028
52,hand,15,1,0.43263086676597595,0.8395617008209229,-0.0031210938468575478
52,hand,16,1,0.440868079662323,0.8360885381698608,-0.002683458849787712
52,hand,17,1,0.4129043221473694,0.8033179640769958,0.004290603566914797
52,hand,18,1,0.41973406076431274,0.8258253931999207,0.0028645754791796207
52,hand,19,1,0.42788198590278625,0.8316379189491272,0.002121474826708436
52,hand,20,1,0.43502485752105713,0.8308320641517639,0.0020970210898667574
52,pose,0,-1,0.5290460586547852,0.1715155988931656,-0.29826220870018005
52,pose,1,-1,0.5393906235694885,0.14758503437042236,-0.27288562059402466
52,pose,2,-1,0.5449528098106384,0.14854848384857178,-0.2730673551559448
52,pose,3,-1,0.5501097440719604,0.1497693806886673,-0.273093044757843
52,pose,4,-1,0.5221912860870361,0.1436454951763153,-0.2780345380306244
52,pose,5,-1,0.5151388645172119,0.1420591026544571,-0.2780989408493042
52,pose,6,-1,0.5089794397354126,0.14085081219673157,-0.2782348692417145
52,pose,7,-1,0.5578532814979553,0.16486801207065582,-0.11502006649971008
52,pose,8,-1,0.5008816123008728,0.1524195522069931,-0.1431208997964859
52,pose,9,-1,0.5380157232284546,0.20158182084560394,-0.2391064316034317
52,pose,10,-1,0.5160990357398987,0.19827528297901154,-0.24739103019237518
52,pose,11,-1,0.5938417315483093,0.32117876410484314,-0.0246573593467474
52,pose,12,-1,0.44857263565063477,0.3145022690296173,-0.0353214330971241
52,pose,13,-1,0.6397498250007629,0.5231468677520752,-0.17868907749652863
52,pose,14,-1,0.427669495344162,0.5408468246459961,0.0429033525288105
52,pose,15,-1,0.6151618361473083,0.3456735908985138,-0.5014445781707764
52,pose,16,-1,0.42663997411727905,0.736311674118042,-0.030473617836833
52,pose,17,-1,0.6089957356452942,0.2956829369068146,-0.5699040293693542
52,pose,18,-1,0.4225342869758606,0.7984876036643982,-0.042503830045461655
52,pose,19,-1,0.6081874370574951,0.27367928624153137,-0.5512958765029907
52,pose,20,-1,0.43351152539253235,0.8002046942710876,-0.08871255815029144
52,pose,21,-1,0.6048956513404846,0.29386767745018005,-0.5006171464920044
52,pose,22,-1,0.4380432367324829,0.7802973389625549,-0.04652391001582146
52,pose,23,-1,0.5580761432647705,0.7218164801597595,0.012161648832261562
52,pose,24,-1,0.4753238260746002,0.7157100439071655,-0.011844504624605179
52,pose,25,-1,0.5436111688613892,0.9844529628753662,-0.007332589011639357
52,pose,26,-1,0.48706766963005066,0.9801849126815796,-0.010340401902794838
52,pose,27,-1,0.5514446496963501,1.242129921913147,0.3345770239830017
52,pose,28,-1,0.48500555753707886,1.2389447689056396,0.25473788380622864
52,pose,29,-1,0.5528936982154846,1.2689446210861206,0.3647078573703766
52,pose,30,-1,0.4829489290714264,1.268198847770691,0.2772788107395172
52,pose,31,-1,0.5408375859260559,1.3320064544677734,0.24616307020187378
52,pose,32,-1,0.5018488168716431,1.327591061592102,0.12220556288957596
53,hand,0,0,0.6031671762466431,0.3652969002723694,-3.7620804249627326e-08
53,hand,1,0,0.5865471959114075,0.35286930203437805,-0.002442695200443268
53,hand,2,0,0.5721344947814941,0.3334149122238159,-0.005681712180376053
53,hand,3,0,0.5603127479553223,0.3217372000217438,-0.009752822108566761
53,hand,4,0,0.5513279438018799,0.312568336725235,-0.014080934226512909
53,hand,5,0,0.581951916217804,0.2945137321949005,-0.00122458441182971
53,hand,6,0,0.5704672932624817,0.27714741230010986,-0.010597878135740757
53,hand,7,0,0.5627219080924988,0.2828960716724396,-0.019243542104959488
53,hand,8,0,0.5575222373008728,0.29453954100608826,-0.024102920666337013
53,hand,9,0,0.5902364253997803,0.28761082887649536,-0.0046157678589224815
53,hand,10,0,0.5830074548721313,0.2564345598220825,-0.01146107167005539
53,hand,11,0,0.5738138556480408,0.24500243365764618,-0.017070166766643524
53,hand,12,0,0.5650850534439087,0.2400396168231964,-0.020322691649198532
53,hand,13,0,0.6003282070159912,0.2899904251098633,-0.009235534816980362
53,hand,14,0,0.5981097221374512,0.25677233934402466,-0.01495219673961401
53,hand,15,0,0.5927362442016602,0.23860043287277222,-0.018959762528538704
53,hand,16,0,0.5872076749801636,0.22462859749794006,-0.021437054499983788
53,hand,17,0,0.6103003621101379,0.30163875222206116,-0.014178545214235783
53,hand,18,0,0.6155680418014526,0.2805560231208801,-0.01823251321911812
53,hand,19,0,0.6167747378349304,0.26531895995140076,-0.019557876512408257
53,hand,20,0,0.6167162656784058,0.25143229961395264,-0.02029789611697197
53,hand,0,1,0.42151209712028503,0.7481819987297058,-8.214458802058289e-08
53,hand,1,1,0.4354788362979889,0.7624132037162781,-0.010594972409307957
53,hand,2,1,0.442526251077652,0.7889035940170288,-0.014389713294804096
53,hand,3,1,0.44629427790641785,0.8137038946151733,-0.015206840820610523
53,hand,4,1,0.44911155104637146,0.8296661376953125,-0.014688588678836823
53,hand,5,1,0.4215071201324463,0.8047059774398804,-0.016123386099934578
53,hand,6,1,0.4292544424533844,0.8422260880470276,-0.018489517271518707
53,hand,7,1,0.4387526512145996,0.850454568862915,-0.017641982063651085
53,hand,8,1,0.446570485830307,0.8499000072479248,-0.015950912609696388
53,hand,9,1,0.41424405574798584,0.8057180047035217,-0.009790399111807346
53,hand,10,1,0.4240758419036865,0.8429926037788391,-0.01232710387557745
53,hand,11,1,0.4359738528728485,0.8469501733779907,-0.011085323058068752
53,hand,12,1,0.44433313608169556,0.8419255614280701,-0.009439859539270401
53,hand,13,1,0.4118809998035431,0.8053889870643616,-0.003525159787386656
53,hand,14,1,0.4213905930519104,0.8372907042503357,-0.005914273206144571
53,hand,15,1,0.4323427975177765,0.8408423066139221,-0.005666699726134539
53,hand,16,1,0.44038471579551697,0.8363234996795654,-0.004670746624469757
53,hand,17,1,0.41228485107421875,0.8045015931129456,0.0022796769626438618
53,hand,18,1,0.4195214807987213,0.8281509280204773,0.00031223922269418836
53,hand,19,1,0.42787837982177734,0.833636462688446,-0.00014943473797757179
53,hand,20,1,0.4349026381969452,0.832002580165863,0.0002754057350102812
53,pose,0,-1,0.5315746665000916,0.1715994030237198,-0.303085595369339
53,pose,1,-1,0.5413400530815125,0.14757220447063446,-0.2772292494773865
53,pose,2,-1,0.546798825263977,0.14853838086128235,-0.2774101793766022
53,pose,3,-1,0.5513752698898315,0.1497611403465271,-0.2774509787559509
53,pose,4,-1,0.5247036814689636,0.14366090297698975,-0.2840910255908966
53,pose,5,-1,0.5176039338111877,0.1420978605747223,-0.2841435968875885
53,pose,6,-1,0.511029839515686,0.14085990190505981,-0.28426867723464966
53,pose,7,-1,0.5582459568977356,0.16485561430454254,-0.11528275161981583
53,pose,8,-1,0.5011661052703857,0.15234346687793732,-0.15021994709968567
53,pose,9,-1,0.5393905639648438,0.20161332190036774,-0.24164198338985443
53,pose,10,-1,0.5184667110443115,0.19833658635616302,-0.2521373927593231
53,pose,11,-1,0.5938800573348999,0.31767359375953674,-0.022780437022447586
53,pose,12,-1,0.448575884103775,0.31443485617637634,-0.041856370866298676
53,pose,13,-1,0.640018105506897,0.5233104825019836,-0.1785595566034317
53,pose,14,-1,0.4276556372642517,0.5406627058982849,0.03616936877369881
53,pose,15,-1,0.6131770610809326,0.3548089265823364,-0.5151408910751343
53,pose,16,-1,0.42643827199935913,0.7363508343696594,-0.040349330753088
53,pose,17,-1,0.6048523187637329,0.30685895681381226,-0.5882149338722229
53,pose,18,-1,0.4224534034729004,0.7987348437309265,-0.054469626396894455
53,pose,19,-1,0.6040676236152649,0.28499194979667664,-0.5691301822662354
53,pose,20,-1,0.4333650767803192,0.8004060387611389,-0.10283958911895752
53,pose,21,-1,0.6017661690711975,0.301812082529068,-0.5147045254707336
53,pose,22,-1,0.4379054307937622,0.7804026007652283,-0.05718332156538963
53,pose,23,-1,0.5580693483352661,0.7208359837532043,0.01628889888525009
53,pose,24,-1,0.4753250777721405,0.715321958065033,-0.01598276197910309
53,pose,25,-1,0.5435649156570435,0.9839212894439697,-0.004566858522593975
53,pose,26,-1,0.48706313967704773,0.9782123565673828,-0.014093024656176567
53,pose,27,-1,0.5514904856681824,1.241289496421814,0.33485186100006104
53,pose,28,-1,0.4851001501083374,1.2343344688415527,0.25487345457077026
53,pose,29,-1,0.5528545379638672,1.2686254978179932,0.36489221453666687
53,pose,30,-1,0.4829263985157013,1.2630658149719238,0.27785953879356384
53,pose,31,-1,0.5438568592071533,1.3297996520996094,0.24707147479057312
53,pose,32,-1,0.5032710433006287,1.3228774070739746,0.12288124859333038
54,hand,0,0,0.5986653566360474,0.37986427545547485,-3.509088486453038e-08
54,hand,1,0,0.5824770927429199,0.36742427945137024,-0.0029404680244624615
54,hand,2,0,0.5683403015136719,0.3491482436656952,-0.0065242028795182705
54,hand,3,0,0.5569688677787781,0.3390342593193054,-0.01090239267796278
54,hand,4,0,0.5495999455451965,0.3294250965118408,-0.015582157298922539
54,hand,5,0,0.577754020690918,0.3108851909637451,-0.0023179659619927406
54,hand,6,0,0.5668019652366638,0.2938499450683594,-0.012193392962217331
54,hand,7,0,0.5581902861595154,0.3017246425151825,-0.021326880902051926
54,hand,8,0,0.5521959066390991,0.3146372139453888,-0.026357650756835938
54,hand,9,0,0.5862167477607727,0.30482369661331177,-0.005355354864150286
54,hand,10,0,0.5801290273666382,0.2745554447174072,-0.011301914229989052
54,hand,11,0,0.5719119310379028,0.26253488659858704,-0.01641835644841194
54,hand,12,0,0.5641933679580688,0.2576272487640381,-0.01953667402267456
54,hand,13,0,0.5965068340301514,0.30708396434783936,-0.009625126607716084
54,hand,14,0,0.5941053032875061,0.27412331104278564,-0.014743626117706299
54,hand,15,0,0.5885359644889832,0.25664058327674866,-0.017565550282597542
54,hand,16,0,0.5829712152481079,0.24351930618286133,-0.019192172214388847
54,hand,17,0,0.6066683530807495,0.3176763951778412,-0.014324117451906204
54,hand,18,0,0.6107916831970215,0.2955690324306488,-0.018304821103811264
54,hand,19,0,0.6111431121826172,0.28029537200927734,-0.018668312579393387
54,hand,20,0,0.6104255318641663,0.2667504549026489,-0.018436450511217117
54,hand,0,1,0.4203172028064728,0.7482393980026245,-8.392499495357697e-08
54,hand,1,1,0.4343108832836151,0.7614740133285522,-0.010147370398044586
54,hand,2,1,0.44196003675460815,0.7867044806480408,-0.014232256449759007
54,hand,3,1,0.44596242904663086,0.8117837905883789,-0.01567264087498188
54,hand,4,1,0.4486573338508606,0.8298650979995728,-0.01581491343677044
54,hand,5,1,0.4206539988517761,0.8057014346122742,-0.01461592223495245
54,hand,6,1,0.4289081394672394,0.8430198431015015,-0.017009558156132698
54,hand,7,1,0.43839889764785767,0.8501904606819153,-0.016581973060965538
54,hand,8,1,0.4457220435142517,0.8485797047615051,-0.015244881622493267
54,hand,9,1,0.4131397604942322,0.8061845898628235,-0.008748847991228104
54,hand,10,1,0.4230588674545288,0.8437294363975525,-0.011065497063100338
54,hand,11,1,0.43474459648132324,0.8469842672348022,-0.009886492975056171
54,hand,12,1,0.442620187997818,0.8417035937309265,-0.008345522917807102
54,hand,13,1,0.4105239510536194,0.8048895597457886,-0.003022707998752594
54,hand,14,1,0.41974934935569763,0.8374698162078857,-0.005078681278973818
54,hand,15,1,0.43025243282318115,0.8411820530891418,-0.00446598744019866
54,hand,16,1,0.4378665089607239,0.8367708921432495,-0.0033449772745370865
54,hand,17,1,0.41061192750930786,0.8031813502311707,0.0022019308526068926
54,hand,18,1,0.41753044724464417,0.8277496695518494,0.0002359610953135416
54,hand,19,1,0.4256493151187897,0.8334701061248779,-2.3042477550916374e-05
54,hand,20,1,0.4323212206363678,0.8320371508598328,0.0005464475834742188
54,pose,0,-1,0.5316567420959473,0.17159704864025116,-0.33325058221817017
54,pose,1,-1,0.5416154265403748,0.14755302667617798,-0.3078654706478119
54,pose,2,-1,0.5470801591873169,0.1485043168067932,-0.3080366849899292
54,pose,3,-1,0.5516324639320374,0.1497313231229782,-0.3080843389034271
54,pose,4,-1,0.5249345898628235,0.14365287125110626,-0.31440579891204834
54,pose,5,-1,0.5177748799324036,0.14209754765033722,-0.31446149945259094
54,pose,6,-1,0.5112033486366272,0.14086176455020905,-0.3145889341831207
54,pose,7,-1,0.5584167242050171,0.16466128826141357,-0.14065489172935486
54,pose,8,-1,0.501237154006958,0.15230341255664825,-0.17456656694412231
54,pose,9,-1,0.5395803451538086,0.2016056776046753,-0.26953184604644775
54,pose,10,-1,0.5184258818626404,0.19833019375801086,-0.27961063385009766
54,pose,11,-1,0.5941332578659058,0.3150756061077118,-0.03612982854247093
54,pose,12,-1,0.4485129415988922,0.3144387900829315,-0.06132461875677109
54,pose,13,-1,0.640019953250885,0.5227481722831726,-0.19259674847126007
54,pose,14,-1,0.4274420440196991,0.5406093001365662,0.01882888562977314
54,pose,15,-1,0.6094287037849426,0.3688652217388153,-0.5486014485359192
54,pose,16,-1,0.42582473158836365,0.7360835671424866,-0.06859645247459412
54,pose,17,-1,0.5985084176063538,0.32480961084365845,-0.6254252195358276
54,pose,18,-1,0.42207035422325134,0.7987291216850281,-0.08755812793970108
54,pose,19,-1,0.597773015499115,0.3030340373516083,-0.6088220477104187
54,pose,20,-1,0.43316736817359924,0.800234854221344,-0.1369137018918991
54,pose,21,-1,0.5967540740966797,0.3153468668460846,-0.5493177771568298
54,pose,22,-1,0.43764740228652954,0.7798611521720886,-0.0862576812505722
54,pose,23,-1,0.5579507946968079,0.719926655292511,0.017291812226176262
54,pose,24,-1,0.47529223561286926,0.7148744463920593,-0.016978275030851364
54,pose,25,-1,0.5434194207191467,0.9830586910247803,-0.002660485217347741
54,pose,26,-1,0.48706191778182983,0.9773046374320984,-0.014098754152655602
54,pose,27,-1,0.5515617728233337,1.2412362098693848,0.3355546295642853
54,pose,28,-1,0.48505881428718567,1.2332282066345215,0.25649794936180115
54,pose,29,-1,0.5528306365013123,1.2689014673233032,0.36518874764442444
54,pose,30,-1,0.4828629195690155,1.2621197700500488,0.27938312292099
54,pose,31,-1,0.5459496974945068,1.329209804534912,0.24257878959178925
54,pose,32,-1,0.5033131241798401,1.3220807313919067,0.12300173938274384
55,hand,0,0,0.5959089398384094,0.39192983508110046,-6.719837841728804e-08
55,hand,1,0,0.5789607167243958,0.3833664655685425,-0.003524316940456629
55,hand,2,0,0.5639662146568298,0.36714544892311096,-0.00741462642326951
55,hand,3,0,0.5538086891174316,0.3584872782230377,-0.012116925790905952
55,hand,4,0,0.5452573895454407,0.35287797451019287,-0.016648070886731148
55,hand,5,0,0.5731659531593323,0.31946519017219543,-0.0015402947319671512
55,hand,6,0,0.5689361691474915,0.2934191823005676,-0.01052847784012556
55,hand,7,0,0.5614628195762634,0.29145485162734985,-0.018122827634215355
55,hand,8,0,0.5554643869400024,0.2986195385456085,-0.02190008945763111
55,hand,9,0,0.5827537178993225,0.3164360523223877,-0.004229477606713772
55,hand,10,0,0.5785108208656311,0.28672125935554504,-0.012027028016746044
55,hand,11,0,0.5735786557197571,0.29955485463142395,-0.015935685485601425
55,hand,12,0,0.5713109970092773,0.31567949056625366,-0.016811301931738853
55,hand,13,0,0.5929332971572876,0.3183896243572235,-0.008089577779173851
55,hand,14,0,0.5900331735610962,0.2896679937839508,-0.01392395794391632
55,hand,15,0,0.5865722894668579,0.3051023781299591,-0.012877746485173702
55,hand,16,0,0.5860837697982788,0.3201010525226593,-0.010645751841366291
55,hand,17,0,0.6034136414527893,0.3256993889808655,-0.012598326429724693
55,hand,18,0,0.6023830771446228,0.302745521068573,-0.015149048529565334
55,hand,19,0,0.5990180969238281,0.3121952712535858,-0.01247649360448122
55,hand,20,0,0.598158597946167,0.32288411259651184,-0.009617907926440239
55,hand,0,1,0.4203544855117798,0.745589017868042,-7.252675260360775e-08
55,hand,1,1,0.43367958068847656,0.7600468993186951,-0.011322828009724617
55,hand,2,1,0.440856397151947,0.7859543561935425,-0.01557204034179449
55,hand,3,1,0.44527098536491394,0.8110752701759338,-0.016828389838337898
55,hand,4,1,0.44782504439353943,0.8290265798568726,-0.016695192083716393
55,hand,5,1,0.4189645051956177,0.8049349784851074,-0.014694505371153355
55,hand,6,1,0.4271779954433441,0.8411033749580383,-0.016182739287614822
55,hand,7,1,0.43611496686935425,0.8493247032165527,-0.01526660192757845
55,hand,8,1,0.4434369206428528,0.8494561314582825,-0.013799142092466354
55,hand,9,1,0.4115091562271118,0.8052123188972473,-0.00790384691208601
55,hand,10,1,0.4217294752597809,0.8414197564125061,-0.009410880506038666
55,hand,11,1,0.4332832396030426,0.846427857875824,-0.008216358721256256
55,hand,12,1,0.44167760014533997,0.8421715497970581,-0.006923167034983635
55,hand,13,1,0.4091760218143463,0.8036362528800964,-0.0013182050315663218
55,hand,14,1,0.41860976815223694,0.8350767493247986,-0.002653914038091898
55,hand,15,1,0.429037481546402,0.840660035610199,-0.0023068508598953485
55,hand,16,1,0.4371775984764099,0.8378421664237976,-0.0016450536204501987
55,hand,17,1,0.4096318781375885,0.8019363284111023,0.004654635675251484
55,hand,18,1,0.4163566529750824,0.825417160987854,0.003144592046737671
55,hand,19,1,0.42429229617118835,0.8321096301078796,0.002604598645120859
55,hand,20,1,0.4312421977519989,0.8319995999336243,0.0027674001175910234
55,pose,0,-1,0.5317259430885315,0.1716928780078888,-0.33769574761390686
55,pose,1,-1,0.54171222448349,0.14757323265075684,-0.31346192955970764
55,pose,2,-1,0.5472200512886047,0.1485595703125,-0.3136177957057953
55,pose,3,-1,0.5518184900283813,0.14987094700336456,-0.31364575028419495
55,pose,4,-1,0.5250633955001831,0.14368519186973572,-0.31901371479034424
55,pose,5,-1,0.5179454684257507,0.14215967059135437,-0.3190881013870239
55,pose,6,-1,0.5114513039588928,0.1409590095281601,-0.31921979784965515
55,pose,7,-1,0.5586684942245483,0.16475193202495575,-0.14985503256320953
55,pose,8,-1,0.501305103302002,0.1523040533065796,-0.17847105860710144
55,pose,9,-1,0.5397459268569946,0.20175687968730927,-0.2752079963684082
55,pose,10,-1,0.5184254050254822,0.19833600521087646,-0.2837759852409363
55,pose,11,-1,0.5945762395858765,0.31512004137039185,-0.04399517551064491
55,pose,12,-1,0.4485026001930237,0.31471678614616394,-0.0658443346619606
55,pose,13,-1,0.6401812434196472,0.5227388143539429,-0.20223656296730042
55,pose,14,-1,0.427077978849411,0.5405459403991699,0.010557768866419792
55,pose,15,-1,0.6026850938796997,0.37895339727401733,-0.5594174265861511
55,pose,16,-1,0.4252466559410095,0.7353717088699341,-0.08382905274629593
55,pose,17,-1,0.5924701690673828,0.3380759656429291,-0.6361521482467651
55,pose,18,-1,0.4214910864830017,0.7979736924171448,-0.10500027984380722
55,pose,19,-1,0.5902201533317566,0.3187867999076843,-0.6198762655258179
55,pose,20,-1,0.43293851613998413,0.7983811497688293,-0.15317416191101074
55,pose,21,-1,0.5896347165107727,0.328031450510025,-0.5601982474327087
55,pose,22,-1,0.4374265670776367,0.7775208353996277,-0.10122703015804291
55,pose,23,-1,0.5577968955039978,0.7204585075378418,0.01691652648150921
55,pose,24,-1,0.47529420256614685,0.7155424356460571,-0.016599709168076515
55,pose,25,-1,0.5434351563453674,0.9828636050224304,-0.002106933854520321
55,pose,26,-1,0.4871762990951538,0.9797328114509583,-0.009050270542502403
55,pose,27,-1,0.5523425936698914,1.2453166246414185,0.33528873324394226
55,pose,28,-1,0.4846811294555664,1.2393922805786133,0.2518664300441742
55,pose,29,-1,0.5535091161727905,1.274296760559082,0.364263117313385
55,pose,30,-1,0.48271214962005615,1.2701594829559326,0.2728436291217804
55,pose,31,-1,0.5461841821670532,1.3327174186706543,0.23372989892959595
55,pose,32,-1,0.5026920437812805,1.3293284177780151,0.10699250549077988
56,hand,0,0,0.592284083366394,0.41265204548835754,-9.64452340213029e-08
56,hand,1,0,0.575372040271759,0.40261250734329224,-0.0027564612682908773
56,hand,2,0,0.5604910254478455,0.38987821340560913,-0.007762836758047342
56,hand,3,0,0.5496436357498169,0.3835834860801697,-0.013749259524047375
56,hand,4,0,0.5408161282539368,0.3784162402153015,-0.019938042387366295
56,hand,5,0,0.5708127021789551,0.34673839807510376,-0.005480816122144461
56,hand,6,0,0.5592770576477051,0.3282894790172577,-0.015237553045153618
56,hand,7,0,0.5501889586448669,0.34309709072113037,-0.02394155226647854
56,hand,8,0,0.5449663996696472,0.36281904578208923,-0.028825460001826286
56,hand,9,0,0.5788524746894836,0.34427157044410706,-0.009043716825544834
56,hand,10,0,0.5704324841499329,0.3145206868648529,-0.016639893874526024
56,hand,11,0,0.5611240863800049,0.3181714713573456,-0.021964803338050842
56,hand,12,0,0.554559588432312,0.3299836814403534,-0.024905074387788773
56,hand,13,0,0.5878220200538635,0.3487345278263092,-0.013400372117757797
56,hand,14,0,0.5835967659950256,0.31947028636932373,-0.018701694905757904
56,hand,15,0,0.5760776400566101,0.3212648034095764,-0.020783018320798874
56,hand,16,0,0.5700249075889587,0.32834142446517944,-0.021935023367404938
56,hand,17,0,0.5973891615867615,0.3594573140144348,-0.018191898241639137
56,hand,18,0,0.5972591042518616,0.3421795666217804,-0.021747596561908722
56,hand,19,0,0.5934097766876221,0.34192484617233276,-0.02167034149169922
56,hand,20,0,0.5891304016113281,0.3455100357532501,-0.02125452272593975
56,hand,0,1,0.4192048907279968,0.7469627857208252,-8.244352045494452e-08
56,hand,1,1,0.43337282538414,0.7608447074890137,-0.009484359063208103
56,hand,2,1,0.44083118438720703,0.7862571477890015,-0.013430235907435417
56,hand,3,1,0.4447188377380371,0.8112785220146179,-0.015010728500783443
56,hand,4,1,0.44715094566345215,0.8286997079849243,-0.015430199913680553
56,hand,5,1,0.4194316864013672,0.8050854206085205,-0.013053752481937408
56,hand,6,1,0.4268687069416046,0.8415007591247559,-0.015349024906754494
56,hand,7,1,0.4358186423778534,0.8496665358543396,-0.01520382147282362
56,hand,8,1,0.4431774318218231,0.8495834469795227,-0.014192737638950348
56,hand,9,1,0.4117876887321472,0.8052709102630615,-0.007780285552144051
56,hand,10,1,0.42094695568084717,0.8419806361198425,-0.01012206170707941
56,hand,11,1,0.432583212852478,0.8460245728492737,-0.009436734020709991
56,hand,12,1,0.4407820999622345,0.8414015769958496,-0.008336209692060947
56,hand,13,1,0.40903440117836,0.8036705851554871,-0.002683068159967661
56,hand,14,1,0.4174141585826874,0.8363906145095825,-0.004772326909005642
56,hand,15,1,0.4277943968772888,0.8407650589942932,-0.004550418816506863
56,hand,16,1,0.4355148375034332,0.8367547392845154,-0.0038140546530485153
56,hand,17,1,0.40907013416290283,0.8019183278083801,0.0019381623715162277
56,hand,18,1,0.41542771458625793,0.8264212608337402,3.4569361559988465e-06
56,hand,19,1,0.4233167767524719,0.8321642279624939,-0.00038791203405708075
56,hand,20,1,0.42994868755340576,0.8310253024101257,-3.424618989811279e-05
56,pose,0,-1,0.5318030118942261,0.17158855497837067,-0.3569751977920532
56,pose,1,-1,0.5417818427085876,0.14753571152687073,-0.33334895968437195
56,pose,2,-1,0.547336995601654,0.14853446185588837,-0.3334944546222687
56,pose,3,-1,0.5519790649414062,0.1498645544052124,-0.3335082232952118
56,pose,4,-1,0.5250812768936157,0.1436588615179062,-0.3378464877605438
56,pose,5,-1,0.5179765820503235,0.14214420318603516,-0.33793145418167114
56,pose,6,-1,0.5115174651145935,0.140956312417984,-0.33805590867996216
56,pose,7,-1,0.5588653087615967,0.16462615132331848,-0.170264333486557
56,pose,8,-1,0.5013107061386108,0.1522963047027588,-0.19321377575397491
56,pose,9,-1,0.5398992300033569,0.2017132043838501,-0.29451581835746765
56,pose,10,-1,0.5183841586112976,0.19821617007255554,-0.30141696333885193
56,pose,11,-1,0.5946437120437622,0.315189927816391,-0.06309916079044342
56,pose,12,-1,0.4484215974807739,0.31488242745399475,-0.07487324625253677
56,pose,13,-1,0.6403234601020813,0.5227062106132507,-0.21722765266895294
56,pose,14,-1,0.4262741208076477,0.5402706265449524,0.0035960229579359293
56,pose,15,-1,0.595889687538147,0.392669141292572,-0.5821117162704468
56,pose,16,-1,0.4244407117366791,0.7345812320709229,-0.1007055938243866
56,pose,17,-1,0.5826584696769714,0.361691951751709,-0.6599596738815308
56,pose,18,-1,0.4208429753780365,0.7970457673072815,-0.1242152750492096
56,pose,19,-1,0.5780754685401917,0.3407607674598694,-0.6456181406974792
56,pose,20,-1,0.4326271414756775,0.7961536049842834,-0.1706905961036682
56,pose,21,-1,0.579203188419342,0.3472175598144531,-0.583323061466217
56,pose,22,-1,0.43698999285697937,0.7750338315963745,-0.11741451174020767
56,pose,23,-1,0.5576722621917725,0.720851719379425,0.01541566289961338
56,pose,24,-1,0.4751741588115692,0.7160841822624207,-0.015048273839056492
56,pose,25,-1,0.5434561371803284,0.9831064939498901,-0.011676037684082985
56,pose,26,-1,0.4871610999107361,0.9809740781784058,-0.009044778533279896
56,pose,27,-1,0.5528554320335388,1.253684639930725,0.31444138288497925
56,pose,28,-1,0.4846442639827728,1.2458230257034302,0.24240045249462128
56,pose,29,-1,0.5538952350616455,1.2839034795761108,0.34115952253341675
56,pose,30,-1,0.48277220129966736,1.2776432037353516,0.26194098591804504
56,pose,31,-1,0.5462880730628967,1.3404508829116821,0.20183740556240082
56,pose,32,-1,0.5017224550247192,1.335410714149475,0.09017299860715866
57,hand,0,0,0.5908367037773132,0.4312129020690918,-9.22247096468709e-08
57,hand,1,0,0.5731644034385681,0.427059143781662,-0.004153253976255655
57,hand,2,0,0.5578975081443787,0.4185708463191986,-0.009572089649736881
57,hand,3,0,0.547871470451355,0.4143258035182953,-0.015377839095890522
57,hand,4,0,0.5400837063789368,0.41296976804733276,-0.021517407149076462
57,hand,5,0,0.5651017427444458,0.36931344866752625,-0.008140611462295055
57,hand,6,0,0.5528026223182678,0.3556360602378845,-0.017302637919783592
57,hand,7,0,0.5447216033935547,0.3674064874649048,-0.02511121891438961
57,hand,8,0,0.5403130650520325,0.3835638165473938,-0.02970345877110958
57,hand,9,0,0.5731543898582458,0.36546146869659424,-0.01091308519244194
57,hand,10,0,0.562143087387085,0.34672605991363525,-0.018120598047971725
57,hand,11,0,0.5541765689849854,0.351654052734375,-0.02351507730782032
57,hand,12,0,0.5491857528686523,0.3621196448802948,-0.027141530066728592
57,hand,13,0,0.5820637941360474,0.3699847459793091,-0.014402607455849648
57,hand,14,0,0.5754622220993042,0.3514102101325989,-0.020793210715055466
57,hand,15,0,0.5684235095977783,0.35497352480888367,-0.024227743968367577
57,hand,16,0,0.5634095072746277,0.36317431926727295,-0.026629213243722916
57,hand,17,0,0.5914538502693176,0.38136184215545654,-0.018209220841526985
57,hand,18,0,0.5888233780860901,0.37355804443359375,-0.023592524230480194
57,hand,19,0,0.5843361616134644,0.3776152431964874,-0.025086216628551483
57,hand,20,0,0.58025723695755,0.38484987616539,-0.025873539969325066
57,hand,0,1,0.41903287172317505,0.7451842427253723,-7.560535664197232e-08
57,hand,1,1,0.43293052911758423,0.760086715221405,-0.009214593097567558
57,hand,2,1,0.4399677515029907,0.7865976691246033,-0.012833290733397007
57,hand,3,1,0.4440755844116211,0.8114796280860901,-0.013890103437006474
57,hand,4,1,0.4473375976085663,0.8279028534889221,-0.013678853400051594
57,hand,5,1,0.41866645216941833,0.8044052124023438,-0.01333602238446474
57,hand,6,1,0.4260256588459015,0.8405155539512634,-0.014823460951447487
57,hand,7,1,0.4348682165145874,0.8483434319496155,-0.013772666454315186
57,hand,8,1,0.44226017594337463,0.8478587865829468,-0.01215562503784895
57,hand,9,1,0.41107049584388733,0.8040026426315308,-0.00774551322683692
57,hand,10,1,0.41997456550598145,0.8408790826797485,-0.009698291309177876
57,hand,11,1,0.43111318349838257,0.8465389609336853,-0.008681705221533775
57,hand,12,1,0.43945440649986267,0.8431395888328552,-0.007353408262133598
57,hand,13,1,0.4084242582321167,0.8021624684333801,-0.0021468608174473047
57,hand,14,1,0.4168975055217743,0.8342044949531555,-0.0035595258232206106
57,hand,15,1,0.4269862771034241,0.8406980037689209,-0.003105012932792306
57,hand,16,1,0.4350951910018921,0.8386002779006958,-0.0022860474418848753
57,hand,17,1,0.4086187183856964,0.8002145886421204,0.0030246665701270103
57,hand,18,1,0.4147584140300751,0.8246020078659058,0.0018335854401811957
57,hand,19,1,0.4224778413772583,0.8322335481643677,0.0016603769036009908
57,hand,20,1,0.4294130504131317,0.8331433534622192,0.0020657950080931187
57,pose,0,-1,0.5318015813827515,0.1708587110042572,-0.3698349595069885
57,pose,1,-1,0.5418140292167664,0.14733406901359558,-0.3464916944503784
57,pose,2,-1,0.5474079251289368,0.14838415384292603,-0.3466140627861023
57,pose,3,-1,0.5520857572555542,0.149779811501503,-0.3466079831123352
57,pose,4,-1,0.5250638127326965,0.1434640735387802,-0.350047767162323
57,pose,5,-1,0.5179708003997803,0.14200198650360107,-0.3501259684562683
57,pose,6,-1,0.511555016040802,0.14088989794254303,-0.3502492606639862
57,pose,7,-1,0.5589571595191956,0.16458283364772797,-0.18352030217647552
57,pose,8,-1,0.501339852809906,0.15228648483753204,-0.2010660469532013
57,pose,9,-1,0.5399971604347229,0.2012748122215271,-0.3075219392776489
57,pose,10,-1,0.5183579921722412,0.19764776527881622,-0.31280022859573364
57,pose,11,-1,0.5953205227851868,0.3156336545944214,-0.0797194242477417
57,pose,12,-1,0.4483340382575989,0.31518927216529846,-0.07668483257293701
57,pose,13,-1,0.6413300633430481,0.523132860660553,-0.22294528782367706
57,pose,14,-1,0.42593902349472046,0.5401787161827087,0.004395130090415478
57,pose,15,-1,0.5929520130157471,0.4219515025615692,-0.5930643677711487
57,pose,16,-1,0.423988938331604,0.733874499797821,-0.11135636270046234
57,pose,17,-1,0.5774945020675659,0.39745572209358215,-0.6709536910057068
57,pose,18,-1,0.420553982257843,0.7961398959159851,-0.13781243562698364
57,pose,19,-1,0.5731919407844543,0.3745206296443939,-0.6614298224449158
57,pose,20,-1,0.432441383600235,0.7948864698410034,-0.18230262398719788
57,pose,21,-1,0.5753049850463867,0.38002514839172363,-0.5956910252571106
57,pose,22,-1,0.436788409948349,0.7738575339317322,-0.12754429876804352
57,pose,23,-1,0.5575411915779114,0.7216982841491699,0.009572993032634258
57,pose,24,-1,0.4747065603733063,0.7174875140190125,-0.009113042615354061
57,pose,25,-1,0.5433996319770813,0.9842067956924438,-0.02677413821220398
57,pose,26,-1,0.4870792031288147,0.9833934903144836,-0.01088649220764637
57,pose,27,-1,0.5528952479362488,1.2555856704711914,0.30623379349708557
57,pose,28,-1,0.483769953250885,1.2495907545089722,0.22829295694828033
57,pose,29,-1,0.5538472533226013,1.2856091260910034,0.33327579498291016
57,pose,30,-1,0.4821843206882477,1.2820789813995361,0.2465982884168625
57,pose,31,-1,0.5462190508842468,1.3440296649932861,0.19038504362106323
57,pose,32,-1,0.49961721897125244,1.3391597270965576,0.0693967416882515
58,hand,0,0,0.5856600999832153,0.4540480971336365,-1.484563796338989e-07
58,hand,1,0,0.569170355796814,0.4533952474594116,-0.006076028570532799
58,hand,2,0,0.5544218420982361,0.4476189911365509,-0.011985067278146744
58,hand,3,0,0.5463321805000305,0.4423527121543884,-0.017943495884537697
58,hand,4,0,0.5442978143692017,0.43573641777038574,-0.02364341914653778
58,hand,5,0,0.5620549321174622,0.3922767639160156,-0.009172642603516579
58,hand,6,0,0.5512304902076721,0.38528013229370117,-0.018456727266311646
58,hand,7,0,0.5464214086532593,0.3997809886932373,-0.025683816522359848
58,hand,8,0,0.5448135137557983,0.4141637682914734,-0.029582561925053596
58,hand,9,0,0.5708117485046387,0.3905963897705078,-0.01045999862253666
58,hand,10,0,0.5617223978042603,0.39490413665771484,-0.01803145930171013
58,hand,11,0,0.5572696924209595,0.41273394227027893,-0.021932857111096382
58,hand,12,0,0.5561438798904419,0.42730581760406494,-0.0238303504884243
58,hand,13,0,0.5795405507087708,0.39710676670074463,-0.012563180178403854
58,hand,14,0,0.571612536907196,0.4070325493812561,-0.019015928730368614
58,hand,15,0,0.5679020881652832,0.4254668653011322,-0.01929173432290554
58,hand,16,0,0.5670021176338196,0.4409385919570923,-0.01853380911052227
58,hand,17,0,0.5873169302940369,0.40900954604148865,-0.01531109306961298
58,hand,18,0,0.5804898738861084,0.4178333282470703,-0.019592173397541046
58,hand,19,0,0.5764500498771667,0.4311237931251526,-0.018603309988975525
58,hand,20,0,0.5742989182472229,0.4426879584789276,-0.01680941879749298
58,hand,0,1,0.41864505410194397,0.7458076477050781,-8.327356937343211e-08
58,hand,1,1,0.43241429328918457,0.7588290572166443,-0.009523711167275906
58,hand,2,1,0.43958625197410583,0.7837012410163879,-0.013604158535599709
58,hand,3,1,0.44340255856513977,0.8089142441749573,-0.0151877012103796
58,hand,4,1,0.44628527760505676,0.8261086940765381,-0.015533920377492905
58,hand,5,1,0.4186432659626007,0.8018369078636169,-0.014605822041630745
58,hand,6,1,0.425556480884552,0.8395687937736511,-0.017258906736969948
58,hand,7,1,0.43445780873298645,0.8482228517532349,-0.016821211203932762
58,hand,8,1,0.4419645071029663,0.8484323024749756,-0.015473918057978153
58,hand,9,1,0.4109659194946289,0.8024527430534363,-0.00925706047564745
58,hand,10,1,0.41989922523498535,0.8405360579490662,-0.012256127782166004
58,hand,11,1,0.431882381439209,0.8453893065452576,-0.011388956569135189
58,hand,12,1,0.44054755568504333,0.8412833213806152,-0.010001584887504578
58,hand,13,1,0.40825772285461426,0.8015549778938293,-0.0039546191692352295
58,hand,14,1,0.4164675772190094,0.8349400162696838,-0.006461651995778084
58,hand,15,1,0.4270666241645813,0.8402611613273621,-0.005998138338327408
58,hand,16,1,0.4351956844329834,0.8368992209434509,-0.004939050879329443
58,hand,17,1,0.4084398150444031,0.8003163933753967,0.0009059863514266908
58,hand,18,1,0.4144737422466278,0.8253368139266968,-0.0010368549264967442
58,hand,19,1,0.422333687543869,0.8321264982223511,-0.0012611665297299623
58,hand,20,1,0.4291979670524597,0.8316475749015808,-0.0007361015304923058
58,pose,0,-1,0.5317913889884949,0.17038419842720032,-0.3719976246356964
58,pose,1,-1,0.5417050719261169,0.14730845391750336,-0.3480040431022644
58,pose,2,-1,0.5472939014434814,0.14837642014026642,-0.34813305735588074
58,pose,3,-1,0.5520590543746948,0.14977741241455078,-0.3481227159500122
58,pose,4,-1,0.525002121925354,0.14345774054527283,-0.35120686888694763
58,pose,5,-1,0.5179550051689148,0.14200206100940704,-0.3512861132621765
58,pose,6,-1,0.5115481019020081,0.14095903933048248,-0.3514052629470825
58,pose,7,-1,0.5589408278465271,0.16497111320495605,-0.18473227322101593
58,pose,8,-1,0.5013453364372253,0.1527874618768692,-0.20051127672195435
58,pose,9,-1,0.5399941802024841,0.2009594738483429,-0.30995121598243713
58,pose,10,-1,0.5182287096977234,0.19730693101882935,-0.31460756063461304
58,pose,11,-1,0.5959314703941345,0.31582948565483093,-0.0859699547290802
58,pose,12,-1,0.4483843147754669,0.3153724670410156,-0.0731808990240097
58,pose,13,-1,0.6413241028785706,0.5236601829528809,-0.21960821747779846
58,pose,14,-1,0.4254603683948517,0.5394028425216675,0.007260231301188469
58,pose,15,-1,0.5916467308998108,0.43808287382125854,-0.5915986895561218
58,pose,16,-1,0.42362383008003235,0.7334138751029968,-0.1202840507030487
58,pose,17,-1,0.5767988562583923,0.42661985754966736,-0.6712626218795776
58,pose,18,-1,0.4200945198535919,0.7956727147102356,-0.15067724883556366
58,pose,19,-1,0.5697425603866577,0.40635257959365845,-0.6658240556716919
58,pose,20,-1,0.4319125711917877,0.7946749925613403,-0.19325105845928192
58,pose,21,-1,0.5717437863349915,0.4071624279022217,-0.595430314540863
58,pose,22,-1,0.4363511800765991,0.7737464904785156,-0.13608378171920776
58,pose,23,-1,0.5574676990509033,0.7223930358886719,0.004467269871383905
58,pose,24,-1,0.4744498133659363,0.718187689781189,-0.003955177031457424
58,pose,25,-1,0.5432204604148865,0.9841856956481934,-0.0239338930696249
58,pose,26,-1,0.48695990443229675,0.9822114109992981,-0.005242005921900272
58,pose,27,-1,0.552557647228241,1.2550711631774902,0.3090749680995941
58,pose,28,-1,0.4812474250793457,1.2506288290023804,0.23321743309497833
58,pose,29,-1,0.5531975626945496,1.2849072217941284,0.3368520140647888
58,pose,30,-1,0.47957316040992737,1.283707857131958,0.2537062466144562
58,pose,31,-1,0.544658899307251,1.3436474800109863,0.20408736169338226
58,pose,32,-1,0.495868980884552,1.3395439386367798,0.08281829208135605
59,hand,0,0,0.41731974482536316,0.7443799376487732,-8.343351254325171e-08
59,hand,1,0,0.4317260980606079,0.7576937079429626,-0.009512661956250668
59,hand,2,0,0.43928349018096924,0.783962070941925,-0.012990061193704605
59,hand,3,0,0.44324368238449097,0.8097361922264099,-0.013801684603095055
59,hand,4,0,0.44565847516059875,0.8267539739608765,-0.013240739703178406
59,hand,5,0,0.4179754853248596,0.8038939237594604,-0.013747789897024632
59,hand,6,0,0.42605796456336975,0.8410016894340515,-0.015165342018008232
59,hand,7,0,0.4355584383010864,0.8481627106666565,-0.01376425102353096
59,hand,8,0,0.44309842586517334,0.8466290235519409,-0.011830939911305904
59,hand,9,0,0.4102850556373596,0.8042743802070618,-0.007935863919556141
59,hand,10,0,0.4199223518371582,0.8419268727302551,-0.010014623403549194
59,hand,11,0,0.4320152699947357,0.8461383581161499,-0.00865249615162611
59,hand,12,0,0.4404106140136719,0.8415166139602661,-0.006936981342732906
59,hand,13,0,0.40763044357299805,0.802693784236908,-0.0021515688858926296
59,hand,14,0,0.41592174768447876,0.8359602093696594,-0.004084028769284487
59,hand,15,0,0.42667317390441895,0.8411091566085815,-0.003625344019383192
59,hand,16,0,0.43483173847198486,0.8373310565948486,-0.002538718283176422
59,hand,17,0,0.4077737331390381,0.8007580637931824,0.003234761068597436
59,hand,18,0,0.41348254680633545,0.8261608481407166,0.0016513203736394644
59,hand,19,0,0.42132192850112915,0.8336310982704163,0.0013673732755705714
59,hand,20,0,0.42818111181259155,0.8335736989974976,0.0018531071254983544
59,pose,0,-1,0.531631350517273,0.17037469148635864,-0.3896298110485077
59,pose,1,-1,0.5413247346878052,0.14729896187782288,-0.36659008264541626
59,pose,2,-1,0.5466957688331604,0.14838272333145142,-0.36672577261924744
59,pose,3,-1,0.5517833232879639,0.1498372107744217,-0.3667277693748474
59,pose,4,-1,0.5247126817703247,0.1435021162033081,-0.3692709505558014
59,pose,5,-1,0.5177798867225647,0.14213261008262634,-0.3693351447582245
59,pose,6,-1,0.511447012424469,0.1412849873304367,-0.36943867802619934
59,pose,7,-1,0.5585419535636902,0.1656210720539093,-0.20249022543430328
59,pose,8,-1,0.5011895895004272,0.15356209874153137,-0.215548574924469
59,pose,9,-1,0.5398375988006592,0.20087064802646637,-0.3268781900405884
59,pose,10,-1,0.5179539322853088,0.19730126857757568,-0.3306877911090851
59,pose,11,-1,0.5960906147956848,0.31640759110450745,-0.09632861614227295
59,pose,12,-1,0.4483957588672638,0.315367728471756,-0.0805370956659317
59,pose,13,-1,0.6412011384963989,0.5244551301002502,-0.2145363986492157
59,pose,14,-1,0.425070196390152,0.5383991599082947,0.005486803129315376
59,pose,15,-1,0.5897652506828308,0.4727776050567627,-0.5800796151161194
59,pose,16,-1,0.42346182465553284,0.7331693172454834,-0.12821325659751892
59,pose,17,-1,0.5718451142311096,0.4740973114967346,-0.6597087383270264
59,pose,18,-1,0.4199611246585846,0.7951410412788391,-0.16029426455497742
59,pose,19,-1,0.5659290552139282,0.44820496439933777,-0.6569814682006836
59,pose,20,-1,0.4317384958267212,0.7945975065231323,-0.2047382891178131
59,pose,21,-1,0.5690841674804688,0.44482100009918213,-0.5844647884368896
59,pose,22,-1,0.43615537881851196,0.7737829089164734,-0.1448846161365509
59,pose,23,-1,0.557259738445282,0.7224631905555725,0.00326747028157115
59,pose,24,-1,0.47429555654525757,0.7182639241218567,-0.0027354066260159016
59,pose,25,-1,0.5431954264640808,0.984329342842102,-0.022134961560368538
59,pose,26,-1,0.4868692457675934,0.9793304204940796,-0.0018859992269426584
59,pose,27,-1,0.5525417923927307,1.2579797506332397,0.3130260407924652
59,pose,28,-1,0.4807315170764923,1.2501918077468872,0.23597179353237152
59,pose,29,-1,0.5529492497444153,1.2886558771133423,0.34120628237724304
59,pose,30,-1,0.4790303409099579,1.2831825017929077,0.25425684452056885
59,pose,31,-1,0.544655978679657,1.3461335897445679,0.20369377732276917
59,pose,32,-1,0.4949086010456085,1.3391488790512085,0.08886044472455978
60,hand,0,0,0.417329877614975,0.7452239990234375,-8.660813222149955e-08
60,hand,1,0,0.4317941665649414,0.7593741416931152,-0.008795017376542091
60,hand,2,0,0.439317524433136,0.7852840423583984,-0.012620935216546059
60,hand,3,0,0.4430343210697174,0.8108715415000916,-0.014193516224622726
60,hand,4,0,0.44628041982650757,0.827470600605011,-0.014628161676228046
60,hand,5,0,0.417942613363266,0.8019446730613708,-0.01390649750828743
60,hand,6,0,0.42598849534988403,0.839408814907074,-0.016526058316230774
60,hand,7,0,0.4350565969944,0.847334623336792,-0.01618354767560959
60,hand,8,0,0.4422268271446228,0.8470590114593506,-0.014989463612437248
60,hand,9,0,0.4101257920265198,0.8035573363304138,-0.00915741827338934
60,hand,10,0,0.42017024755477905,0.842064619064331,-0.012335281819105148
60,hand,11,0,0.4321868419647217,0.8466218709945679,-0.011587489396333694
60,hand,12,0,0.44047415256500244,0.8422707319259644,-0.010299905203282833
60,hand,13,0,0.4071732759475708,0.8031986355781555,-0.004426343832165003
60,hand,14,0,0.4159758985042572,0.8374713063240051,-0.00697019649669528
60,hand,15,0,0.4267730116844177,0.8423709273338318,-0.006452337838709354
60,hand,16,0,0.43462660908699036,0.8385262489318848,-0.005379559006541967
60,hand,17,0,0.407238245010376,0.8022434115409851,-0.0001183411804959178
60,hand,18,0,0.41356122493743896,0.8281494975090027,-0.002067457651719451
60,hand,19,0,0.42159727215766907,0.8349072337150574,-0.0022957713808864355
60,hand,20,0,0.42810899019241333,0.8343737721443176,-0.0018217465840280056
60,pose,0,-1,0.5306195616722107,0.16908150911331177,-0.40785977244377136
60,pose,1,-1,0.5406739115715027,0.1470043808221817,-0.384284645318985
60,pose,2,-1,0.5458291172981262,0.14817333221435547,-0.38441863656044006
60,pose,3,-1,0.5512260794639587,0.14969387650489807,-0.3844335377216339
60,pose,4,-1,0.5236393809318542,0.143194779753685,-0.386522501707077
60,pose,5,-1,0.5169070363044739,0.14194618165493011,-0.38658010959625244
60,pose,6,-1,0.5107604265213013,0.14121584594249725,-0.38669368624687195
60,pose,7,-1,0.5579954981803894,0.16568812727928162,-0.22049568593502045
60,pose,8,-1,0.500829815864563,0.15357457101345062,-0.23082831501960754
60,pose,9,-1,0.5391720533370972,0.19990672171115875,-0.34568145871162415
60,pose,10,-1,0.5169879198074341,0.1964290291070938,-0.34853395819664
60,pose,11,-1,0.5953624844551086,0.31646043062210083,-0.12042410671710968
60,pose,12,-1,0.4480494558811188,0.3154376447200775,-0.09608082473278046
60,pose,13,-1,0.6375808119773865,0.5214882493019104,-0.2120431363582611
60,pose,14,-1,0.42459776997566223,0.5383971929550171,-0.012561789713799953
60,pose,15,-1,0.5885391235351562,0.5129541754722595,-0.5740845799446106
60,pose,16,-1,0.42320555448532104,0.7332292199134827,-0.164580300450325
60,pose,17,-1,0.5673182606697083,0.5226850509643555,-0.6551647782325745
60,pose,18,-1,0.4197908341884613,0.7950150966644287,-0.20384447276592255
60,pose,19,-1,0.5611118078231812,0.4950055181980133,-0.660365879535675
60,pose,20,-1,0.4315972924232483,0.7946274280548096,-0.2481791228055954
60,pose,21,-1,0.5656906366348267,0.48807084560394287,-0.580613374710083
60,pose,22,-1,0.4359426498413086,0.773818850517273,-0.18207183480262756
60,pose,23,-1,0.557212769985199,0.7224772572517395,0.0017090829787775874
60,pose,24,-1,0.4742724299430847,0.7190580368041992,-0.0011556056560948491
60,pose,25,-1,0.5431920289993286,0.9851884841918945,-0.028122786432504654
60,pose,26,-1,0.4868214726448059,0.9797235727310181,-0.0019860006868839264
60,pose,27,-1,0.5532450079917908,1.2609258890151978,0.3150879740715027
60,pose,28,-1,0.48071277141571045,1.2506405115127563,0.24568159878253937
60,pose,29,-1,0.5530088543891907,1.2919803857803345,0.34336626529693604
60,pose,30,-1,0.47900882363319397,1.2833685874938965,0.2645615339279175
60,pose,31,-1,0.5481387972831726,1.3489195108413696,0.2009786069393158
60,pose,32,-1,0.49488264322280884,1.3395004272460938,0.09242380410432816
61,hand,0,0,0.4173111021518707,0.7459408640861511,-7.942980317920956e-08
61,hand,1,0,0.43217355012893677,0.7597010731697083,-0.007482364773750305
61,hand,2,0,0.4394480884075165,0.7860078811645508,-0.010588794015347958
61,hand,3,0,0.4431004226207733,0.8108428716659546,-0.011788999661803246
61,hand,4,0,0.4467788636684418,0.8266821503639221,-0.011933747678995132
61,hand,5,0,0.4196283221244812,0.8055754899978638,-0.010647210292518139
61,hand,6,0,0.42665982246398926,0.8407306671142578,-0.012810447253286839
61,hand,7,0,0.43552544713020325,0.848630964756012,-0.012729777954518795
61,hand,8,0,0.4424542188644409,0.8483835458755493,-0.011749591678380966
61,hand,9,0,0.41142234206199646,0.8059064149856567,-0.006570412777364254
61,hand,10,0,0.4196454882621765,0.8428556323051453,-0.00896858423948288
61,hand,11,0,0.4309459626674652,0.8486992120742798,-0.008286829106509686
61,hand,12,0,0.43881484866142273,0.8456377983093262,-0.00705908564850688
61,hand,13,0,0.407897025346756,0.8041381239891052,-0.002604020992293954
61,hand,14,0,0.4152137041091919,0.8375675082206726,-0.00459577701985836
61,hand,15,0,0.4254516661167145,0.844219982624054,-0.004057526588439941
61,hand,16,0,0.4329380393028259,0.8422620892524719,-0.002967201406136155
61,hand,17,0,0.4073120951652527,0.8019252419471741,0.0010163317201659083
61,hand,18,0,0.41284269094467163,0.828700840473175,-0.0002761284413281828
61,hand,19,0,0.4204667806625366,0.8366481065750122,-1.7468693158662063e-06
61,hand,20,0,0.4266553223133087,0.8374096155166626,0.0007975753396749496
61,pose,0,-1,0.5294108986854553,0.16844134032726288,-0.39522090554237366
61,pose,1,-1,0.5398735404014587,0.14684931933879852,-0.3717414140701294
61,pose,2,-1,0.5447002053260803,0.14806914329528809,-0.3718876838684082
61,pose,3,-1,0.5501359701156616,0.14963465929031372,-0.37190815806388855
61,pose,4,-1,0.5226056575775146,0.14309556782245636,-0.3736216425895691
61,pose,5,-1,0.5161349177360535,0.1419162005186081,-0.3736770451068878
61,pose,6,-1,0.5101271271705627,0.14121398329734802,-0.37379804253578186
61,pose,7,-1,0.5567857027053833,0.16576766967773438,-0.21226096153259277
61,pose,8,-1,0.5005515813827515,0.1535797119140625,-0.22122569382190704
61,pose,9,-1,0.5385610461235046,0.1994084119796753,-0.33490318059921265
61,pose,10,-1,0.5160893201828003,0.1956891119480133,-0.33733001351356506
61,pose,11,-1,0.5950326323509216,0.31653350591659546,-0.11886075884103775
61,pose,12,-1,0.44760751724243164,0.31636348366737366,-0.09736834466457367
61,pose,13,-1,0.634403645992279,0.511902391910553,-0.18835602700710297
61,pose,14,-1,0.42414745688438416,0.5392094254493713,-0.023701727390289307
61,pose,15,-1,0.5897855162620544,0.5581838488578796,-0.5309239029884338
61,pose,16,-1,0.42320460081100464,0.7334659695625305,-0.17743033170700073
61,pose,17,-1,0.5711494088172913,0.5837360620498657,-0.6143656373023987
61,pose,18,-1,0.419794499874115,0.7950977683067322,-0.22061525285243988
61,pose,19,-1,0.5647947192192078,0.5573290586471558,-0.6439269185066223
61,pose,20,-1,0.43158480525016785,0.7947776317596436,-0.2643425762653351
61,pose,21,-1,0.5682002902030945,0.5482949614524841,-0.5440369248390198
61,pose,22,-1,0.43583595752716064,0.7739840149879456,-0.19547590613365173
61,pose,23,-1,0.5570638179779053,0.722322404384613,0.0022161302622407675
61,pose,24,-1,0.4742622375488281,0.719694972038269,-0.0016809781081974506
61,pose,25,-1,0.5432844161987305,0.9865084290504456,-0.02664104662835598
61,pose,26,-1,0.48678216338157654,0.9819517731666565,0.002053671982139349
61,pose,27,-1,0.5538273453712463,1.261918306350708,0.33308145403862
61,pose,28,-1,0.48077037930488586,1.2515661716461182,0.2693006694316864
61,pose,29,-1,0.553187370300293,1.2928451299667358,0.3628084063529968
61,pose,30,-1,0.47905105352401733,1.2840172052383423,0.2908194959163666
61,pose,31,-1,0.5498212575912476,1.3494107723236084,0.21713058650493622
61,pose,32,-1,0.4950142800807953,1.3394948244094849,0.11510222405195236
62,hand,0,0,0.41824766993522644,0.7460036873817444,-8.107339510843303e-08
62,hand,1,0,0.4326281249523163,0.7596865296363831,-0.008623188361525536
62,hand,2,0,0.43969976902008057,0.7848755717277527,-0.012351056560873985
62,hand,3,0,0.44387128949165344,0.8095031380653381,-0.013967152684926987
62,hand,4,0,0.44761040806770325,0.8255107402801514,-0.014463367871940136
62,hand,5,0,0.41937458515167236,0.8047784566879272,-0.012550014071166515
62,hand,6,0,0.4272080063819885,0.8398659229278564,-0.01527579315006733
62,hand,7,0,0.4365311861038208,0.8470340371131897,-0.015378034673631191
62,hand,8,0,0.44391095638275146,0.8461509346961975,-0.01446350384503603
62,hand,9,0,0.41128772497177124,0.806584894657135,-0.007952656596899033
62,hand,10,0,0.42148154973983765,0.8435021638870239,-0.010958883911371231
62,hand,11,0,0.43320825695991516,0.8481054902076721,-0.010459776036441326
62,hand,12,0,0.4412685036659241,0.8436989784240723,-0.009363007731735706
62,hand,13,0,0.4079640805721283,0.8057475686073303,-0.0034821233712136745
62,hand,14,0,0.4169189929962158,0.839104175567627,-0.006032266188412905
62,hand,15,0,0.427645742893219,0.8437245488166809,-0.00557158375158906
62,hand,16,0,0.43528100848197937,0.8396795392036438,-0.00445580342784524
62,hand,17,0,0.4076618552207947,0.8040989637374878,0.0005627046339213848
62,hand,18,0,0.4140685498714447,0.8302764892578125,-0.0011658354196697474
62,hand,19,0,0.42204058170318604,0.8370857238769531,-0.0011444418923929334
62,hand,20,0,0.42839136719703674,0.8365469574928284,-0.0004691627691499889
62,pose,0,-1,0.5288540124893188,0.16780985891819,-0.3749336302280426
62,pose,1,-1,0.539291262626648,0.14680716395378113,-0.3535170555114746
62,pose,2,-1,0.543990969657898,0.14805345237255096,-0.3537047505378723
62,pose,3,-1,0.5494572520256042,0.14962978661060333,-0.35371503233909607
62,pose,4,-1,0.5217129588127136,0.1430889070034027,-0.3515472412109375
62,pose,5,-1,0.5154250264167786,0.14195005595684052,-0.3515891432762146
62,pose,6,-1,0.5094922184944153,0.14136262238025665,-0.35170862078666687
62,pose,7,-1,0.555912971496582,0.16597145795822144,-0.2039143294095993
62,pose,8,-1,0.500015139579773,0.1542523354291916,-0.201008141040802
62,pose,9,-1,0.5384777784347534,0.19921135902404785,-0.32224422693252563
62,pose,10,-1,0.5155710577964783,0.19545038044452667,-0.31769266724586487
62,pose,11,-1,0.5953373312950134,0.3168644309043884,-0.10654699057340622
62,pose,12,-1,0.4472218155860901,0.31791114807128906,-0.09215594828128815
62,pose,13,-1,0.6314435601234436,0.5037239193916321,-0.13545022904872894
62,pose,14,-1,0.42383310198783875,0.5396404266357422,-0.015367893502116203
62,pose,15,-1,0.5892193913459778,0.5994749665260315,-0.4305584132671356
62,pose,16,-1,0.4233512580394745,0.7333648204803467,-0.1631987988948822
62,pose,17,-1,0.573251485824585,0.6333092451095581,-0.5100354552268982
62,pose,18,-1,0.4201616048812866,0.7950577735900879,-0.20859012007713318
62,pose,19,-1,0.5655773878097534,0.6153115630149841,-0.5401118993759155
62,pose,20,-1,0.43230196833610535,0.7947561740875244,-0.25316935777664185
62,pose,21,-1,0.5675918459892273,0.6031960248947144,-0.4464572072029114
62,pose,22,-1,0.4362989366054535,0.7738268375396729,-0.18191580474376678
62,pose,23,-1,0.5569354295730591,0.7222265601158142,0.002486517885699868
62,pose,24,-1,0.47389569878578186,0.7196246981620789,-0.0019607397262007
62,pose,25,-1,0.5433074235916138,0.986458420753479,-0.025376994162797928
62,pose,26,-1,0.4862807095050812,0.9798750281333923,0.002924592001363635
62,pose,27,-1,0.5538232922554016,1.2605797052383423,0.3355579078197479
62,pose,28,-1,0.4807170331478119,1.2498764991760254,0.27442967891693115
62,pose,29,-1,0.5531579852104187,1.291256070137024,0.36562585830688477
62,pose,30,-1,0.47874265909194946,1.2824647426605225,0.296935111284256
62,pose,31,-1,0.5495837330818176,1.3476709127426147,0.22609750926494598
62,pose,32,-1,0.4950979948043823,1.3348934650421143,0.1268608123064041
63,hand,0,0,0.4183821976184845,0.7452272772789001,-7.412131708406378e-08
63,hand,1,0,0.4327465295791626,0.7597537040710449,-0.008604902774095535
63,hand,2,0,0.4400623142719269,0.7846425175666809,-0.012642348185181618
63,hand,3,0,0.44437751173973083,0.8095690608024597,-0.014633221551775932
63,hand,4,0,0.44837677478790283,0.8264861106872559,-0.015511253848671913
63,hand,5,0,0.4203985035419464,0.8048656582832336,-0.012311283499002457
63,hand,6,0,0.42715132236480713,0.8402420878410339,-0.015205527655780315
63,hand,7,0,0.4362626075744629,0.8479171991348267,-0.015542889945209026
63,hand,8,0,0.44359856843948364,0.8476113677024841,-0.014793552458286285
63,hand,9,0,0.41204389929771423,0.8060293197631836,-0.007808896247297525
63,hand,10,0,0.4209633469581604,0.8432291746139526,-0.01073665264993906
63,hand,11,0,0.4323309063911438,0.8484938144683838,-0.010200653225183487
63,hand,12,0,0.44024986028671265,0.8448165059089661,-0.009106277488172054
63,hand,13,0,0.4084695875644684,0.804563045501709,-0.003472747514024377
63,hand,14,0,0.4164157807826996,0.8385322690010071,-0.005933248903602362
63,hand,15,0,0.4268069267272949,0.84376060962677,-0.005289306864142418
63,hand,16,0,0.43432119488716125,0.840372622013092,-0.004083209205418825
63,hand,17,0,0.4078191816806793,0.8024317026138306,0.00043219656799919903
63,hand,18,0,0.4139835834503174,0.8290418386459351,-0.001193145290017128
63,hand,19,0,0.4219306707382202,0.8359019756317139,-0.0009750121389515698
63,hand,20,0,0.4281761348247528,0.8354637026786804,-0.00016972312005236745
63,pose,0,-1,0.5276617407798767,0.16679807007312775,-0.34485992789268494
63,pose,1,-1,0.5385096073150635,0.14647948741912842,-0.3213997185230255
63,pose,2,-1,0.543029248714447,0.14784395694732666,-0.3215535283088684
63,pose,3,-1,0.5482859015464783,0.14950492978096008,-0.32152047753334045
63,pose,4,-1,0.5205103754997253,0.14254046976566315,-0.32185548543930054
63,pose,5,-1,0.514245331287384,0.1415652632713318,-0.3219333291053772
63,pose,6,-1,0.5082716941833496,0.14106546342372894,-0.3220451772212982
63,pose,7,-1,0.5547407269477844,0.1660129576921463,-0.17697811126708984
63,pose,8,-1,0.499018132686615,0.15417565405368805,-0.18010805547237396
63,pose,9,-1,0.5377870798110962,0.1989138126373291,-0.29171979427337646
63,pose,10,-1,0.5140396952629089,0.19500312209129333,-0.29154884815216064
63,pose,11,-1,0.5942237377166748,0.31762123107910156,-0.10369297862052917
63,pose,12,-1,0.4453648328781128,0.3190304934978485,-0.08948356658220291
63,pose,13,-1,0.6271368265151978,0.5045908689498901,-0.07463207095861435
63,pose,14,-1,0.4235209822654724,0.5403141379356384,-0.01137895043939352
63,pose,15,-1,0.5895814895629883,0.6337695717811584,-0.32320138812065125
63,pose,16,-1,0.42371463775634766,0.7333739399909973,-0.1546245664358139
63,pose,17,-1,0.5734126567840576,0.6839850544929504,-0.3954375088214874
63,pose,18,-1,0.42058709263801575,0.7950599789619446,-0.20020590722560883
63,pose,19,-1,0.5663051009178162,0.666328489780426,-0.4309781491756439
63,pose,20,-1,0.4328590929508209,0.7946504950523376,-0.2442200630903244
63,pose,21,-1,0.5671535730361938,0.6522964835166931,-0.3407815396785736
63,pose,22,-1,0.436787873506546,0.773686945438385,-0.17303746938705444
63,pose,23,-1,0.55674809217453,0.7223935723304749,0.002684331266209483
63,pose,24,-1,0.4737303555011749,0.7201769948005676,-0.0021178601309657097
63,pose,25,-1,0.543104887008667,0.9870507121086121,-0.024502204731106758
63,pose,26,-1,0.48585373163223267,0.9819595813751221,0.0052404156886041164
63,pose,27,-1,0.5538256168365479,1.2604482173919678,0.36292096972465515
63,pose,28,-1,0.48019614815711975,1.2517908811569214,0.29272350668907166
63,pose,29,-1,0.5533735156059265,1.2910264730453491,0.3968600928783417
63,pose,30,-1,0.47784268856048584,1.2849595546722412,0.3172137141227722
63,pose,31,-1,0.5482890009880066,1.3472756147384644,0.2698834240436554
63,pose,32,-1,0.49474719166755676,1.3357908725738525,0.14984442293643951
64,hand,0,0,0.41838547587394714,0.7462403774261475,-8.029373788076555e-08
64,hand,1,0,0.43286556005477905,0.7602947354316711,-0.00864487700164318
64,hand,2,0,0.4403423070907593,0.7849652767181396,-0.012763392180204391
64,hand,3,0,0.4448936879634857,0.8093416690826416,-0.014944342896342278
64,hand,4,0,0.44886600971221924,0.8259069323539734,-0.016140460968017578
64,hand,5,0,0.41968852281570435,0.8044358491897583,-0.012392144650220871
64,hand,6,0,0.42707595229148865,0.8393408060073853,-0.016261372715234756
64,hand,7,0,0.4364987909793854,0.8478637337684631,-0.01774599775671959
64,hand,8,0,0.44405999779701233,0.8489331007003784,-0.017764180898666382
64,hand,9,0,0.4117278754711151,0.8058918118476868,-0.00821573007851839
64,hand,10,0,0.42090100049972534,0.8423194885253906,-0.011787381954491138
64,hand,11,0,0.4327602684497833,0.8475183248519897,-0.01197863183915615
64,hand,12,0,0.4410591125488281,0.8439982533454895,-0.011412355117499828
64,hand,13,0,0.40862640738487244,0.8049719929695129,-0.004289078060537577
64,hand,14,0,0.41700437664985657,0.8380601406097412,-0.007434212602674961
64,hand,15,0,0.42776674032211304,0.8427102565765381,-0.007357141003012657
64,hand,16,0,0.4355689287185669,0.8392686247825623,-0.0064695533365011215
64,hand,17,0,0.40842801332473755,0.803541362285614,-0.0008045727736316621
64,hand,18,0,0.41476893424987793,0.8296991586685181,-0.003036924870684743
64,hand,19,0,0.42266973853111267,0.8362082839012146,-0.0031420907471328974
64,hand,20,0,0.4291154742240906,0.8357954621315002,-0.002508623292669654
64,pose,0,-1,0.5254291892051697,0.16445384919643402,-0.37408897280693054
64,pose,1,-1,0.5368880033493042,0.14507684111595154,-0.3495938181877136
64,pose,2,-1,0.5414759516716003,0.14673005044460297,-0.3497546911239624
64,pose,3,-1,0.5462210774421692,0.14837214350700378,-0.34971874952316284
64,pose,4,-1,0.5183212757110596,0.14076612889766693,-0.3507732152938843
64,pose,5,-1,0.5120693445205688,0.13996894657611847,-0.35085776448249817
64,pose,6,-1,0.5061551332473755,0.13966761529445648,-0.35098913311958313
64,pose,7,-1,0.5533769726753235,0.16562975943088531,-0.20130287110805511
64,pose,8,-1,0.49760761857032776,0.15348714590072632,-0.2081705778837204
64,pose,9,-1,0.5362693071365356,0.1974654644727707,-0.3191823959350586
64,pose,10,-1,0.5118104219436646,0.19342608749866486,-0.320685476064682
64,pose,11,-1,0.5933237075805664,0.3204435408115387,-0.11469291895627975
64,pose,12,-1,0.44415992498397827,0.32053324580192566,-0.11883104592561722
64,pose,13,-1,0.6219367980957031,0.5099362134933472,-0.07157644629478455
64,pose,14,-1,0.423092246055603,0.540912926197052,-0.07163037359714508
64,pose,15,-1,0.5900099873542786,0.6723522543907166,-0.2733756899833679
64,pose,16,-1,0.42380210757255554,0.7333804368972778,-0.2214745730161667
64,pose,17,-1,0.5803641080856323,0.7333001494407654,-0.33826082944869995
64,pose,18,-1,0.4209549129009247,0.7949289679527283,-0.27104511857032776
64,pose,19,-1,0.5673756003379822,0.7181329131126404,-0.3765611946582794
64,pose,20,-1,0.4334983229637146,0.793772280216217,-0.3147946894168854
64,pose,21,-1,0.5678165555000305,0.6998815536499023,-0.2915756404399872
64,pose,22,-1,0.43730753660202026,0.7730227708816528,-0.24042177200317383
64,pose,23,-1,0.5566496253013611,0.7219681739807129,0.002926020184531808
64,pose,24,-1,0.47322046756744385,0.7202672958374023,-0.002370155416429043
64,pose,25,-1,0.5431048274040222,0.9867616891860962,-0.024032505229115486
64,pose,26,-1,0.4855296015739441,0.9797325134277344,0.02078421041369438
64,pose,27,-1,0.553797721862793,1.2489395141601562,0.36390888690948486
64,pose,28,-1,0.4807668626308441,1.2450206279754639,0.32981619238853455
64,pose,29,-1,0.5533237457275391,1.2766146659851074,0.3967322111129761
64,pose,30,-1,0.4783910810947418,1.276120901107788,0.35648176074028015
64,pose,31,-1,0.548356831073761,1.3366246223449707,0.2622832655906677
64,pose,32,-1,0.49522870779037476,1.3284052610397339,0.18642422556877136
65,hand,0,0,0.5957850813865662,0.7057533264160156,4.519221619148084e-08
65,hand,1,0,0.6051687002182007,0.7281028628349304,-0.0035621696151793003
65,hand,2,0,0.6040017008781433,0.7566202878952026,-0.007129774894565344
65,hand,3,0,0.597230076789856,0.7792159914970398,-0.009722110815346241
65,hand,4,0,0.5908520221710205,0.7922912836074829,-0.012101355008780956
65,hand,5,0,0.5986683964729309,0.7505950331687927,-0.014672262594103813
65,hand,6,0,0.5933282375335693,0.7860526442527771,-0.019594956189393997
65,hand,7,0,0.589440107345581,0.8061100840568542,-0.02035875990986824
65,hand,8,0,0.5870791077613831,0.819636344909668,-0.020067116245627403
65,hand,9,0,0.5874340534210205,0.7447782754898071,-0.015230615623295307
65,hand,10,0,0.5779942870140076,0.783194899559021,-0.019737733528017998
65,hand,11,0,0.5728174448013306,0.804030179977417,-0.019870061427354813
65,hand,12,0,0.5695332884788513,0.8189759254455566,-0.019633639603853226
65,hand,13,0,0.5769951343536377,0.7391551733016968,-0.015401345677673817
65,hand,14,0,0.5654807686805725,0.7713106274604797,-0.0194000992923975
65,hand,15,0,0.5614659786224365,0.7894466519355774,-0.01871727779507637
65,hand,16,0,0.5596116185188293,0.8015382885932922,-0.01754245162010193
65,hand,17,0,0.5684391260147095,0.7351807355880737,-0.015571225434541702
65,hand,18,0,0.5586764216423035,0.760881781578064,-0.017813997343182564
65,hand,19,0,0.5555895566940308,0.7768281698226929,-0.016777239739894867
65,hand,20,0,0.5549567937850952,0.7881589531898499,-0.015528655610978603
65,hand,0,1,0.4183797240257263,0.7475466132164001,-7.86601290769795e-08
65,hand,1,1,0.43316739797592163,0.7610748410224915,-0.008514723740518093
65,hand,2,1,0.44080743193626404,0.7861765027046204,-0.01247766800224781
65,hand,3,1,0.44529595971107483,0.8108392357826233,-0.014502710662782192
65,hand,4,1,0.4489811360836029,0.8279546499252319,-0.015600920654833317
65,hand,5,1,0.42022544145584106,0.8057059049606323,-0.01162097416818142
65,hand,6,1,0.4278579354286194,0.840562105178833,-0.015035555697977543
65,hand,7,1,0.4371859133243561,0.8498222827911377,-0.016316909343004227
65,hand,8,1,0.44475990533828735,0.8517163395881653,-0.016240090131759644
65,hand,9,1,0.41211095452308655,0.8063287138938904,-0.007373641710728407
65,hand,10,1,0.42091938853263855,0.8426169753074646,-0.010536602698266506
65,hand,11,1,0.4326725900173187,0.8474269509315491,-0.010598599910736084
65,hand,12,1,0.4407680928707123,0.8444294333457947,-0.009923816658556461
65,hand,13,1,0.4088950455188751,0.8047309517860413,-0.003349622478708625
65,hand,14,1,0.41663312911987305,0.8380446434020996,-0.006394343450665474
65,hand,15,1,0.427132248878479,0.8427082300186157,-0.006269125267863274
65,hand,16,1,0.4346141815185547,0.8397388458251953,-0.005282488185912371
65,hand,17,1,0.4085000455379486,0.8029847741127014,0.0002897084632422775
65,hand,18,1,0.414655476808548,0.829561710357666,-0.0019845275674015284
65,hand,19,1,0.422495573759079,0.836086630821228,-0.001948532648384571
65,hand,20,1,0.4287188947200775,0.8357880711555481,-0.0011508258758112788
65,pose,0,-1,0.5238745212554932,0.16425925493240356,-0.41429030895233154
65,pose,1,-1,0.5355263948440552,0.1448739618062973,-0.3910769820213318
65,pose,2,-1,0.5402592420578003,0.1465735137462616,-0.39121106266975403
65,pose,3,-1,0.5447255969047546,0.14813682436943054,-0.3911861181259155
65,pose,4,-1,0.5167784094810486,0.14056895673274994,-0.39300134778022766
65,pose,5,-1,0.5105696320533752,0.13982132077217102,-0.3931019902229309
65,pose,6,-1,0.5046527981758118,0.1395014077425003,-0.39323481917381287
65,pose,7,-1,0.5519847273826599,0.16536453366279602,-0.23725266754627228
65,pose,8,-1,0.4966396391391754,0.1533385068178177,-0.24809855222702026
65,pose,9,-1,0.5350022912025452,0.19715936481952667,-0.3561428189277649
65,pose,10,-1,0.5105202198028564,0.1932615488767624,-0.3589612543582916
65,pose,11,-1,0.5925351977348328,0.32142066955566406,-0.13277974724769592
65,pose,12,-1,0.4431144595146179,0.3212268352508545,-0.14951065182685852
65,pose,13,-1,0.6160198450088501,0.5158094167709351,-0.06325514614582062
65,pose,14,-1,0.42255908250808716,0.5417726039886475,-0.10340477526187897
65,pose,15,-1,0.5931648015975952,0.6981443166732788,-0.23958374559879303
65,pose,16,-1,0.4240005314350128,0.733513355255127,-0.25015074014663696
65,pose,17,-1,0.5928128957748413,0.7578784227371216,-0.29744961857795715
65,pose,18,-1,0.4214341938495636,0.7949299216270447,-0.29831403493881226
65,pose,19,-1,0.5787378549575806,0.7519752383232117,-0.3400149941444397
65,pose,20,-1,0.43393951654434204,0.7936781048774719,-0.34111830592155457
65,pose,21,-1,0.5753896236419678,0.7380497455596924,-0.25892096757888794
65,pose,22,-1,0.43772634863853455,0.7729808688163757,-0.26831626892089844
65,pose,23,-1,0.5567773580551147,0.7201903462409973,0.0033206797670572996
65,pose,24,-1,0.4729137122631073,0.7201718688011169,-0.0028363545425236225
65,pose,25,-1,0.5431435704231262,0.984954833984375,-0.018804093822836876
65,pose,26,-1,0.485465407371521,0.9760475158691406,0.02414669655263424
65,pose,27,-1,0.5532578825950623,1.2430975437164307,0.37788861989974976
65,pose,28,-1,0.48068296909332275,1.2390702962875366,0.34020692110061646
65,pose,29,-1,0.5523320436477661,1.268707513809204,0.41121572256088257
65,pose,30,-1,0.47831058502197266,1.2677479982376099,0.36755475401878357
65,pose,31,-1,0.5482921004295349,1.332898736000061,0.2729584574699402
65,pose,32,-1,0.49528369307518005,1.3252787590026855,0.19326576590538025
66,hand,0,0,0.6004466414451599,0.7202843427658081,9.749514617851673e-08
66,hand,1,0,0.6095455288887024,0.7448709011077881,-0.0015810028417035937
66,hand,2,0,0.608104944229126,0.7728498578071594,-0.00394461490213871
66,hand,3,0,0.6010695099830627,0.7950789928436279,-0.0055504427291452885
66,hand,4,0,0.5959653258323669,0.8101114630699158,-0.006962240673601627
66,hand,5,0,0.6047171950340271,0.7662891745567322,-0.011363099329173565
66,hand,6,0,0.5979937314987183,0.799872100353241,-0.014562512747943401
66,hand,7,0,0.5931843519210815,0.8175930976867676,-0.01425150129944086
66,hand,8,0,0.5896514058113098,0.8291958570480347,-0.01317371241748333
66,hand,9,0,0.5948552489280701,0.7579709887504578,-0.01225599180907011
66,hand,10,0,0.5831099152565002,0.7927379608154297,-0.015227952040731907
66,hand,11,0,0.5771484971046448,0.8127419948577881,-0.014995390549302101
66,hand,12,0,0.5737844705581665,0.8258568048477173,-0.014483554288744926
66,hand,13,0,0.5856813192367554,0.752233624458313,-0.012617976404726505
66,hand,14,0,0.5743008255958557,0.785471498966217,-0.014991829171776772
66,hand,15,0,0.5695754289627075,0.8069434762001038,-0.015161511488258839
66,hand,16,0,0.5672785043716431,0.8218799829483032,-0.014909557066857815
66,hand,17,0,0.5781922340393066,0.7492207288742065,-0.012749581597745419
66,hand,18,0,0.569019079208374,0.7773451209068298,-0.014389711432158947
66,hand,19,0,0.5652599334716797,0.7959792613983154,-0.01417899876832962
66,hand,20,0,0.5636230111122131,0.8104893565177917,-0.013618863187730312
66,hand,0,1,0.4184890687465668,0.7469805479049683,-7.507506438741984e-08
66,hand,1,1,0.4330790340900421,0.7606457471847534,-0.009825139306485653
66,hand,2,1,0.44068053364753723,0.7864418625831604,-0.013659203425049782
66,hand,3,1,0.4453716278076172,0.8112950325012207,-0.01500771101564169
66,hand,4,1,0.44932296872138977,0.8285068869590759,-0.015224525704979897
66,hand,5,1,0.41951414942741394,0.8059476613998413,-0.012555059045553207
66,hand,6,1,0.42738646268844604,0.8409810662269592,-0.015316649340093136
66,hand,7,1,0.4370615780353546,0.850410521030426,-0.016002940014004707
66,hand,8,1,0.4450806677341461,0.8522439002990723,-0.015546144917607307
66,hand,9,1,0.41161155700683594,0.8071309924125671,-0.007056916132569313
66,hand,10,1,0.4203661382198334,0.842648446559906,-0.009595973417162895
66,hand,11,1,0.43200746178627014,0.846845805644989,-0.009216787293553352
66,hand,12,1,0.44025105237960815,0.8434626460075378,-0.008246219716966152
66,hand,13,1,0.4088461101055145,0.8058489561080933,-0.0018210229463875294
66,hand,14,1,0.4172825813293457,0.8368164896965027,-0.0043433005921542645
66,hand,15,1,0.42757105827331543,0.8408160209655762,-0.004351601004600525
66,hand,16,1,0.43510374426841736,0.8378963470458984,-0.0035148300230503082
66,hand,17,1,0.4089665710926056,0.8040627837181091,0.0029604542069137096
66,hand,18,1,0.41591256856918335,0.8283769488334656,0.0009835442760959268
66,hand,19,1,0.4237670302391052,0.8336011171340942,0.0008283511269837618
66,hand,20,1,0.43006011843681335,0.8324471116065979,0.0014743072679266334
66,pose,0,-1,0.5209891200065613,0.1642381250858307,-0.4268791079521179
66,pose,1,-1,0.533013641834259,0.1448492407798767,-0.40357568860054016
66,pose,2,-1,0.538330614566803,0.14656825363636017,-0.40368974208831787
66,pose,3,-1,0.5425772070884705,0.14813494682312012,-0.40367671847343445
66,pose,4,-1,0.5139592885971069,0.14056500792503357,-0.40590494871139526
66,pose,5,-1,0.5076690316200256,0.13982190191745758,-0.40600481629371643
66,pose,6,-1,0.501715898513794,0.13950298726558685,-0.40613651275634766
66,pose,7,-1,0.5503419637680054,0.16537749767303467,-0.2457646280527115
66,pose,8,-1,0.4950961768627167,0.15342923998832703,-0.25753217935562134
66,pose,9,-1,0.5331242680549622,0.1971030980348587,-0.36692526936531067
66,pose,10,-1,0.5079061388969421,0.19320392608642578,-0.37006333470344543
66,pose,11,-1,0.5919538736343384,0.3220004141330719,-0.1305726319551468
66,pose,12,-1,0.4429067075252533,0.32137253880500793,-0.16184769570827484
66,pose,13,-1,0.6137743592262268,0.525018572807312,-0.05062766745686531
66,pose,14,-1,0.4214022755622864,0.5423453450202942,-0.12223576009273529
66,pose,15,-1,0.6010850667953491,0.7139952182769775,-0.21865513920783997
66,pose,16,-1,0.4241003096103668,0.7336543798446655,-0.2745669484138489
66,pose,17,-1,0.6048581004142761,0.7759993076324463,-0.2737753689289093
66,pose,18,-1,0.4218215048313141,0.7950426936149597,-0.3234160542488098
66,pose,19,-1,0.5909264087677002,0.7704586386680603,-0.3183368146419525
66,pose,20,-1,0.43434974551200867,0.793616533279419,-0.36715760827064514
66,pose,21,-1,0.5869623422622681,0.7545713782310486,-0.23870211839675903
66,pose,22,-1,0.4381375312805176,0.7729607224464417,-0.29311835765838623
66,pose,23,-1,0.5550699234008789,0.720180869102478,0.005688739940524101
66,pose,24,-1,0.47134819626808167,0.7209057807922363,-0.005263355560600758
66,pose,25,-1,0.5428745746612549,0.9850380420684814,-0.017097976058721542
66,pose,26,-1,0.4854592978954315,0.9769527912139893,0.027577383443713188
66,pose,27,-1,0.5532345175743103,1.2416037321090698,0.37048324942588806
66,pose,28,-1,0.4806963801383972,1.2391760349273682,0.33934274315834045
66,pose,29,-1,0.5523297786712646,1.2670676708221436,0.40237516164779663
66,pose,30,-1,0.47832050919532776,1.2682793140411377,0.3656168580055237
66,pose,31,-1,0.5482529997825623,1.3320155143737793,0.2624843418598175
66,pose,32,-1,0.49528416991233826,1.3261473178863525,0.18534541130065918
67,hand,0,0,0.6049204468727112,0.7372846603393555,1.5709372291894397e-07
67,hand,1,0,0.6135540008544922,0.7620466947555542,-0.0011100955307483673
67,hand,2,0,0.6132758259773254,0.788690447807312,-0.004667329601943493
67,hand,3,0,0.6066991090774536,0.8095852136611938,-0.007512395270168781
67,hand,4,0,0.6005688309669495,0.8228976130485535,-0.010472900234162807
67,hand,5,0,0.6123560070991516,0.7844042181968689,-0.014346023090183735
67,hand,6,0,0.6072031259536743,0.8184206485748291,-0.019414490088820457
67,hand,7,0,0.6014381647109985,0.8357753753662109,-0.02056334912776947
67,hand,8,0,0.5958873629570007,0.8468769788742065,-0.02033977396786213
67,hand,9,0,0.6029403805732727,0.777048647403717,-0.01616709865629673
67,hand,10,0,0.592332661151886,0.8141562342643738,-0.021102726459503174
67,hand,11,0,0.5848188400268555,0.8358793258666992,-0.022158777341246605
67,hand,12,0,0.5790873169898987,0.8495932221412659,-0.022291898727416992
67,hand,13,0,0.5931153893470764,0.7704817652702332,-0.01716011017560959
67,hand,14,0,0.5820149183273315,0.8054810166358948,-0.020923184230923653
67,hand,15,0,0.5752944350242615,0.8281600475311279,-0.02198314666748047
67,hand,16,0,0.5704712271690369,0.843207061290741,-0.022251620888710022
67,hand,17,0,0.5843247771263123,0.7651508450508118,-0.017736563459038734
67,hand,18,0,0.5749030113220215,0.793097972869873,-0.020113112404942513
67,hand,19,0,0.5697181820869446,0.8123441934585571,-0.02007862739264965
67,hand,20,0,0.5655617713928223,0.8274987936019897,-0.01954241842031479
67,hand,0,1,0.41898423433303833,0.7494319677352905,-7.925189748902994e-08
67,hand,1,1,0.4334080219268799,0.7630122900009155,-0.009934375993907452
67,hand,2,1,0.44102075695991516,0.7878766655921936,-0.01400191430002451
67,hand,3,1,0.4453645348548889,0.8123906850814819,-0.015566807240247726
67,hand,4,1,0.4477303624153137,0.8291785717010498,-0.016020556911826134
67,hand,5,1,0.41922974586486816,0.8048056364059448,-0.013820022344589233
67,hand,6,1,0.42714986205101013,0.840166449546814,-0.01678118295967579
67,hand,7,1,0.4365899860858917,0.8491562604904175,-0.01726383902132511
67,hand,8,1,0.44435548782348633,0.8508689999580383,-0.016673175618052483
67,hand,9,1,0.41156837344169617,0.8067047595977783,-0.008335491642355919
67,hand,10,1,0.4208489656448364,0.8425383567810059,-0.01112400833517313
67,hand,11,1,0.43242210149765015,0.8469774723052979,-0.010563617572188377
67,hand,12,1,0.44067755341529846,0.8436402678489685,-0.009538805112242699
67,hand,13,1,0.4088982939720154,0.806537926197052,-0.003038182621821761
67,hand,14,1,0.41766026616096497,0.8378441333770752,-0.005633214488625526
67,hand,15,1,0.4279159903526306,0.8413552045822144,-0.005215790588408709
67,hand,16,1,0.435490220785141,0.8377822637557983,-0.004174872301518917
67,hand,17,1,0.40926268696784973,0.8055411577224731,0.001750679686665535
67,hand,18,1,0.41627612709999084,0.8290104866027832,-0.00039320311043411493
67,hand,19,1,0.42400896549224854,0.8332820534706116,-0.0005115488893352449
67,hand,20,1,0.4303150177001953,0.831354558467865,0.00013814128760714084
67,pose,0,-1,0.5201625227928162,0.16416002810001373,-0.4142909646034241
67,pose,1,-1,0.5318999886512756,0.14478707313537598,-0.39052513241767883
67,pose,2,-1,0.5373514890670776,0.14654746651649475,-0.3906431198120117
67,pose,3,-1,0.5415188670158386,0.1481178253889084,-0.3906460404396057
67,pose,4,-1,0.5130754709243774,0.14041629433631897,-0.3932667374610901
67,pose,5,-1,0.5067974328994751,0.13964535295963287,-0.3933469355106354
67,pose,6,-1,0.5008293986320496,0.13927461206912994,-0.3934749662876129
67,pose,7,-1,0.5489685535430908,0.1653582751750946,-0.23321658372879028
67,pose,8,-1,0.494299054145813,0.15327849984169006,-0.24703599512577057
67,pose,9,-1,0.5322520136833191,0.1969122737646103,-0.35466793179512024
67,pose,10,-1,0.5069528818130493,0.19286057353019714,-0.3584292232990265
67,pose,11,-1,0.5910084247589111,0.3219941556453705,-0.12233841419219971
67,pose,12,-1,0.44265949726104736,0.32135656476020813,-0.15504148602485657
67,pose,13,-1,0.6118194460868835,0.5324750542640686,-0.03899947926402092
67,pose,14,-1,0.4208301603794098,0.5426667332649231,-0.11899545043706894
67,pose,15,-1,0.6072427034378052,0.7291806936264038,-0.20435038208961487
67,pose,16,-1,0.42414870858192444,0.7341775298118591,-0.2671893537044525
67,pose,17,-1,0.6117315292358398,0.7892342209815979,-0.25884607434272766
67,pose,18,-1,0.42188403010368347,0.795694887638092,-0.31565648317337036
67,pose,19,-1,0.5970958471298218,0.7842426300048828,-0.3036026954650879
67,pose,20,-1,0.4343501031398773,0.7939648628234863,-0.35935357213020325
67,pose,21,-1,0.5928017497062683,0.766376256942749,-0.224557563662529
67,pose,22,-1,0.4381585419178009,0.7733595967292786,-0.28585073351860046
67,pose,23,-1,0.5547413229942322,0.720246434211731,0.007273994851857424
67,pose,24,-1,0.4706960618495941,0.7218934297561646,-0.006887742318212986
67,pose,25,-1,0.5428513884544373,0.9850175380706787,-0.007325261365622282
67,pose,26,-1,0.4854916036128998,0.9776583909988403,0.02798645570874214
67,pose,27,-1,0.5532416105270386,1.2419618368148804,0.3807317614555359
67,pose,28,-1,0.4807986617088318,1.2406182289123535,0.3368552029132843
67,pose,29,-1,0.5523353815078735,1.2677357196807861,0.4127655625343323
67,pose,30,-1,0.4785834848880768,1.2692205905914307,0.36284106969833374
67,pose,31,-1,0.5486882925033569,1.3323136568069458,0.2697220742702484
67,pose,32,-1,0.4953135848045349,1.3288187980651855,0.18202050030231476
68,hand,0,0,0.6106599569320679,0.7517771124839783,1.9451418609151006e-07
68,hand,1,0,0.5950796008110046,0.7598738074302673,-0.004592688754200935
68,hand,2,0,0.5834600925445557,0.781223475933075,-0.009315765462815762
68,hand,3,0,0.5771706104278564,0.8049532175064087,-0.012151113711297512
68,hand,4,0,0.5749273896217346,0.8240475654602051,-0.014892790466547012
68,hand,5,0,0.5940476655960083,0.7798134088516235,-0.020969422534108162
68,hand,6,0,0.5812655091285706,0.8135204315185547,-0.026644136756658554
68,hand,7,0,0.5743692517280579,0.8307162523269653,-0.02674657665193081
68,hand,8,0,0.5698200464248657,0.840296745300293,-0.025536619126796722
68,hand,9,0,0.6060025691986084,0.7879024744033813,-0.0196492001414299
68,hand,10,0,0.5945026874542236,0.8285233974456787,-0.02500203624367714
68,hand,11,0,0.5865737795829773,0.8457216024398804,-0.023579707369208336
68,hand,12,0,0.5811322927474976,0.8517962098121643,-0.021852824836969376
68,hand,13,0,0.6153020262718201,0.7960454225540161,-0.017523683607578278
68,hand,14,0,0.6054055690765381,0.8346291780471802,-0.020865293219685555
68,hand,15,0,0.5974265336990356,0.8495076894760132,-0.0197449903935194
68,hand,16,0,0.5919545292854309,0.8546402454376221,-0.018614189699292183
68,hand,17,0,0.6210029721260071,0.8030158877372742,-0.015301797538995743
68,hand,18,0,0.6145129799842834,0.8335068225860596,-0.017563996836543083
68,hand,19,0,0.6085798144340515,0.845838189125061,-0.01713435724377632
68,hand,20,0,0.6037148833274841,0.8507930636405945,-0.016326038166880608
68,hand,0,1,0.41813966631889343,0.7479333877563477,-9.124107691604877e-08
68,hand,1,1,0.43247732520103455,0.7614868879318237,-0.009101188741624355
68,hand,2,1,0.44023561477661133,0.7867194414138794,-0.012542679905891418
68,hand,3,1,0.4448021352291107,0.8112843036651611,-0.01368554774671793
68,hand,4,1,0.4480594992637634,0.8279245495796204,-0.013701377436518669
68,hand,5,1,0.4189848303794861,0.8063371181488037,-0.011571669019758701
68,hand,6,1,0.4273086190223694,0.8408005833625793,-0.01394291128963232
68,hand,7,1,0.43698742985725403,0.848554790019989,-0.014499138109385967
68,hand,8,1,0.4450748860836029,0.8491015434265137,-0.01411097589880228
68,hand,9,1,0.41176843643188477,0.8077509999275208,-0.006438650190830231
68,hand,10,1,0.42195916175842285,0.8412841558456421,-0.00839728582650423
68,hand,11,1,0.4335613250732422,0.8463857769966125,-0.008278125897049904
68,hand,12,1,0.44228073954582214,0.8436524868011475,-0.007892793044447899
68,hand,13,1,0.4095856249332428,0.8069930076599121,-0.0015409835614264011
68,hand,14,1,0.4192638099193573,0.836169958114624,-0.0035911998711526394
68,hand,15,1,0.42934736609458923,0.8409252166748047,-0.0038823559880256653
68,hand,16,1,0.4373221695423126,0.8383661508560181,-0.0036386121064424515
68,hand,17,1,0.41015931963920593,0.8057253360748291,0.0029055343475192785
68,hand,18,1,0.41757315397262573,0.8276917338371277,0.0008889681193977594
68,hand,19,1,0.4253118634223938,0.8331224918365479,0.00031667432631365955
68,hand,20,1,0.432005375623703,0.832830548286438,0.0004650819464586675
68,pose,0,-1,0.5191925168037415,0.16412879526615143,-0.4227190613746643
68,pose,1,-1,0.5305855870246887,0.1446889340877533,-0.398717999458313
68,pose,2,-1,0.5361619591712952,0.14646680653095245,-0.398831844329834
68,pose,3,-1,0.5403788089752197,0.14803630113601685,-0.398868203163147
68,pose,4,-1,0.5122089982032776,0.1403971165418625,-0.4020909070968628
68,pose,5,-1,0.5060611367225647,0.13964015245437622,-0.4021811783313751
68,pose,6,-1,0.5001574754714966,0.13926927745342255,-0.40232032537460327
68,pose,7,-1,0.5475673079490662,0.1652269810438156,-0.24106566607952118
68,pose,8,-1,0.49371546506881714,0.15325088798999786,-0.2586323916912079
68,pose,9,-1,0.5313131213188171,0.19664910435676575,-0.36289268732070923
68,pose,10,-1,0.5062178373336792,0.19253747165203094,-0.36778396368026733
68,pose,11,-1,0.5904017090797424,0.3221050798892975,-0.12953892350196838
68,pose,12,-1,0.44210928678512573,0.32170215249061584,-0.16620944440364838
68,pose,13,-1,0.6108626127243042,0.5380140542984009,-0.05000244826078415
68,pose,14,-1,0.4204035997390747,0.5437875390052795,-0.12602883577346802
68,pose,15,-1,0.6116592288017273,0.7411428093910217,-0.2123718559741974
68,pose,16,-1,0.4242396652698517,0.735467791557312,-0.2624613642692566
68,pose,17,-1,0.6162710189819336,0.7998650074005127,-0.2654598653316498
68,pose,18,-1,0.4221353828907013,0.7975258231163025,-0.30888989567756653
68,pose,19,-1,0.6008638739585876,0.7952491641044617,-0.30947113037109375
68,pose,20,-1,0.43438926339149475,0.7958956956863403,-0.3518366515636444
68,pose,21,-1,0.5966022610664368,0.7768124341964722,-0.2319442331790924
68,pose,22,-1,0.4381999969482422,0.7752525806427002,-0.2808012366294861
68,pose,23,-1,0.5547498464584351,0.7207210063934326,0.009445940144360065
68,pose,24,-1,0.4706532061100006,0.7238365411758423,-0.009193776175379753
68,pose,25,-1,0.5428501963615417,0.9847784042358398,0.0099500035867095
68,pose,26,-1,0.4858380854129791,0.9785390496253967,0.024733584374189377
68,pose,27,-1,0.5531893372535706,1.2333425283432007,0.4211712181568146
68,pose,28,-1,0.48078644275665283,1.2407572269439697,0.3261317014694214
68,pose,29,-1,0.5522516369819641,1.2570009231567383,0.45601561665534973
68,pose,30,-1,0.47883346676826477,1.2692691087722778,0.35164541006088257
68,pose,31,-1,0.5486627221107483,1.3264304399490356,0.3162989318370819
68,pose,32,-1,0.4940595030784607,1.3288615942001343,0.17281895875930786
69,hand,0,0,0.6131322979927063,0.7608963847160339,1.7066390967102052e-07
69,hand,1,0,0.596835196018219,0.7677629590034485,-0.006444367114454508
69,hand,2,0,0.5849549174308777,0.7886257171630859,-0.01166144572198391
69,hand,3,0,0.5791309475898743,0.8124272227287292,-0.01461135782301426
69,hand,4,0,0.5774387717247009,0.832736074924469,-0.01729496195912361
69,hand,5,0,0.6010767221450806,0.7876474261283875,-0.023294150829315186
69,hand,6,0,0.5886313319206238,0.8248180747032166,-0.02945781499147415
69,hand,7,0,0.5816434621810913,0.8366132974624634,-0.029517443850636482
69,hand,8,0,0.5770760178565979,0.8404192924499512,-0.028003651648759842
69,hand,9,0,0.6126251816749573,0.7960277795791626,-0.020884592086076736
69,hand,10,0,0.6000373959541321,0.8372868299484253,-0.025931943207979202
69,hand,11,0,0.591330885887146,0.8521722555160522,-0.024472087621688843
69,hand,12,0,0.5853885412216187,0.8559761047363281,-0.022920310497283936
69,hand,13,0,0.620511531829834,0.8042581677436829,-0.017791664227843285
69,hand,14,0,0.6094639301300049,0.8429200649261475,-0.020939432084560394
69,hand,15,0,0.6005893349647522,0.8558653593063354,-0.01996859908103943
69,hand,16,0,0.5944439768791199,0.8592391014099121,-0.019116830080747604
69,hand,17,0,0.6244796514511108,0.8107601404190063,-0.014774598181247711
69,hand,18,0,0.6175598502159119,0.8424546718597412,-0.01716245897114277
69,hand,19,0,0.6103308796882629,0.8533266186714172,-0.017079858109354973
69,hand,20,0,0.6045276522636414,0.8560850024223328,-0.016590697690844536
69,hand,0,1,0.41872328519821167,0.7509976625442505,-9.192567773652627e-08
69,hand,1,1,0.43255776166915894,0.7644495368003845,-0.008829998783767223
69,hand,2,1,0.4399033188819885,0.7874760627746582,-0.012441692873835564
69,hand,3,1,0.444600373506546,0.8110140562057495,-0.013826509937644005
69,hand,4,1,0.4473070502281189,0.8280525207519531,-0.014084345661103725
69,hand,5,1,0.41872817277908325,0.809511661529541,-0.011403934098780155
69,hand,6,1,0.4284944236278534,0.8418131470680237,-0.012995376251637936
69,hand,7,1,0.43854784965515137,0.8465282320976257,-0.01277759950608015
69,hand,8,1,0.4464178681373596,0.8440008163452148,-0.011899532750248909
69,hand,9,1,0.4117642343044281,0.8103521466255188,-0.0062521048821508884
69,hand,10,1,0.4232589602470398,0.8424244523048401,-0.007522312458604574
69,hand,11,1,0.4345099627971649,0.8445430397987366,-0.007233378477394581
69,hand,12,1,0.44249406456947327,0.8394880890846252,-0.006880286615341902
69,hand,13,1,0.40947380661964417,0.8087003827095032,-0.0011996316025033593
69,hand,14,1,0.4202837646007538,0.8368881344795227,-0.002472257474437356
69,hand,15,1,0.4302603304386139,0.8391403555870056,-0.002616491634398699
69,hand,16,1,0.43789371848106384,0.8345391750335693,-0.0025209083687514067
69,hand,17,1,0.4098454713821411,0.8064112067222595,0.003437962383031845
69,hand,18,1,0.417880654335022,0.8280973434448242,0.0018586806254461408
69,hand,19,1,0.42559120059013367,0.831746518611908,0.0013897031312808394
69,hand,20,1,0.4322350025177002,0.8297452926635742,0.0015128758968785405
69,pose,0,-1,0.5187566876411438,0.1635698527097702,-0.4499978721141815
69,pose,1,-1,0.5300198793411255,0.14407525956630707,-0.4256543219089508
69,pose,2,-1,0.5356639623641968,0.14598077535629272,-0.42575743794441223
69,pose,3,-1,0.5398795008659363,0.14756569266319275,-0.4257987439632416
69,pose,4,-1,0.5117104053497314,0.13967745006084442,-0.4295380711555481
69,pose,5,-1,0.5056421756744385,0.13894161581993103,-0.4296383559703827
69,pose,6,-1,0.4997495412826538,0.1386137306690216,-0.42977437376976013
69,pose,7,-1,0.5470629334449768,0.16485430300235748,-0.26476988196372986
69,pose,8,-1,0.49311134219169617,0.15263815224170685,-0.2853822708129883
69,pose,9,-1,0.5307163596153259,0.19612231850624084,-0.38877302408218384
69,pose,10,-1,0.505750298500061,0.1919041872024536,-0.3946233093738556
69,pose,11,-1,0.5898633599281311,0.32285168766975403,-0.14572130143642426
69,pose,12,-1,0.44115445017814636,0.32178691029548645,-0.18725942075252533
69,pose,13,-1,0.6111819744110107,0.5436351299285889,-0.05354674905538559
69,pose,14,-1,0.4198353886604309,0.5446276664733887,-0.14010483026504517
69,pose,15,-1,0.6137875318527222,0.7507626414299011,-0.2041182816028595
69,pose,16,-1,0.4242144823074341,0.7368593215942383,-0.27342990040779114
69,pose,17,-1,0.6199935078620911,0.8079098463058472,-0.25416499376296997
69,pose,18,-1,0.422134667634964,0.7985257506370544,-0.3196544051170349
69,pose,19,-1,0.6039469838142395,0.8034701347351074,-0.2984822690486908
69,pose,20,-1,0.4343126714229584,0.7970125079154968,-0.3628816604614258
69,pose,21,-1,0.5990613698959351,0.7846871018409729,-0.22330468893051147
69,pose,22,-1,0.43810707330703735,0.7765008211135864,-0.2917538285255432
69,pose,23,-1,0.554677426815033,0.7207496166229248,0.011051351204514503
69,pose,24,-1,0.4703909456729889,0.7248101830482483,-0.010908910073339939
69,pose,25,-1,0.5426805019378662,0.9846810698509216,0.02342306263744831
69,pose,26,-1,0.4862561821937561,0.9808011651039124,0.02256845310330391
69,pose,27,-1,0.5532172322273254,1.2264056205749512,0.4504402279853821
69,pose,28,-1,0.48090749979019165,1.240616798400879,0.33841753005981445
69,pose,29,-1,0.5522540211677551,1.2489550113677979,0.48685920238494873
69,pose,30,-1,0.47987115383148193,1.2684810161590576,0.3653589189052582
69,pose,31,-1,0.5490748882293701,1.3211899995803833,0.34653863310813904
69,pose,32,-1,0.49384671449661255,1.328960657119751,0.18097366392612457
70,hand,0,0,0.6155325174331665,0.7601109743118286,1.5780068451931584e-07
70,hand,1,0,0.600049614906311,0.7704443335533142,-0.006621231324970722
70,hand,2,0,0.5897150039672852,0.7933212518692017,-0.011469842866063118
70,hand,3,0,0.5844912528991699,0.8187023997306824,-0.014211712405085564
70,hand,4,0,0.5813363790512085,0.838947057723999,-0.01648000441491604
70,hand,5,0,0.606713056564331,0.7970500588417053,-0.01923038437962532
70,hand,6,0,0.5954076051712036,0.8327983021736145,-0.024639369919896126
70,hand,7,0,0.5877428650856018,0.8431383371353149,-0.024779027327895164
70,hand,8,0,0.5826086401939392,0.8449983596801758,-0.023487435653805733
70,hand,9,0,0.6174618601799011,0.8033554553985596,-0.016804641112685204
70,hand,10,0,0.6054232120513916,0.8424264788627625,-0.021737631410360336
70,hand,11,0,0.5963689088821411,0.8552070260047913,-0.02056148275732994
70,hand,12,0,0.589924693107605,0.8589531183242798,-0.018983524292707443
70,hand,13,0,0.6244635581970215,0.8088298439979553,-0.014008719474077225
70,hand,14,0,0.6137944459915161,0.8459405899047852,-0.01735377125442028
70,hand,15,0,0.6045280694961548,0.857695996761322,-0.016493363305926323
70,hand,16,0,0.5977314114570618,0.8614218235015869,-0.015495063737034798
70,hand,17,0,0.6279011368751526,0.8124999403953552,-0.0113955307751894
70,hand,18,0,0.6203626990318298,0.8427547812461853,-0.013814588077366352
70,hand,19,0,0.6129430532455444,0.8517696857452393,-0.013500205241143703
70,hand,20,0,0.6069084405899048,0.8536004424095154,-0.012670283205807209
70,hand,0,1,0.4187510311603546,0.7519322037696838,-1.0195225996767476e-07
70,hand,1,1,0.4320751130580902,0.765606701374054,-0.008678803220391273
70,hand,2,1,0.43954429030418396,0.788777232170105,-0.01216514129191637
70,hand,3,1,0.44446098804473877,0.8116923570632935,-0.013537277467548847
70,hand,4,1,0.44676467776298523,0.8282933235168457,-0.013668667525053024
70,hand,5,1,0.4187152683734894,0.8105186820030212,-0.010765155777335167
70,hand,6,1,0.428453654050827,0.8416387438774109,-0.012026173062622547
70,hand,7,1,0.4379653334617615,0.8443326950073242,-0.011403829790651798
70,hand,8,1,0.44487184286117554,0.8388472199440002,-0.010317935608327389
70,hand,9,1,0.41178765892982483,0.8113226890563965,-0.005873451475054026
70,hand,10,1,0.42342761158943176,0.8416981101036072,-0.0068802302703261375
70,hand,11,1,0.43384426832199097,0.8431235551834106,-0.006531193852424622
70,hand,12,1,0.441177099943161,0.8373312950134277,-0.006170229520648718
70,hand,13,1,0.40929099917411804,0.8099145889282227,-0.0011162792798131704
70,hand,14,1,0.42034459114074707,0.8368844389915466,-0.0021873225923627615
70,hand,15,1,0.42969053983688354,0.8383245468139648,-0.002155505120754242
70,hand,16,1,0.4367230534553528,0.8331342935562134,-0.002013042801991105
70,hand,17,1,0.4097554087638855,0.807537317276001,0.0031909183599054813
70,hand,18,1,0.41802775859832764,0.8282536268234253,0.0014082505367696285
70,hand,19,1,0.42557621002197266,0.8316414952278137,0.0008675052667967975
70,hand,20,1,0.43221116065979004,0.8295363783836365,0.0010005304357036948
70,pose,0,-1,0.5180349946022034,0.16344401240348816,-0.4602556526660919
70,pose,1,-1,0.5291323065757751,0.14354242384433746,-0.4360910952091217
70,pose,2,-1,0.5349413752555847,0.14547458291053772,-0.4361876845359802
70,pose,3,-1,0.5392281413078308,0.1470327228307724,-0.43623268604278564
70,pose,4,-1,0.5106711983680725,0.13933582603931427,-0.4394926130771637
70,pose,5,-1,0.5046481490135193,0.1387280523777008,-0.43959811329841614
70,pose,6,-1,0.4988034963607788,0.13848645985126495,-0.43972644209861755
70,pose,7,-1,0.5465427041053772,0.16438604891300201,-0.2734931707382202
70,pose,8,-1,0.49237021803855896,0.15263433754444122,-0.29156526923179626
70,pose,9,-1,0.5303040742874146,0.19603367149829865,-0.39822855591773987
70,pose,10,-1,0.5051063299179077,0.19190289080142975,-0.40338316559791565
70,pose,11,-1,0.5898803472518921,0.3236362040042877,-0.15330033004283905
70,pose,12,-1,0.44088757038116455,0.32283735275268555,-0.1919916570186615
70,pose,13,-1,0.6114875674247742,0.5448082089424133,-0.06015968322753906
70,pose,14,-1,0.4195016622543335,0.5453402400016785,-0.14476080238819122
70,pose,15,-1,0.6160104870796204,0.7519855499267578,-0.2130236178636551
70,pose,16,-1,0.42413008213043213,0.7376302480697632,-0.28066930174827576
70,pose,17,-1,0.6225392818450928,0.8080980777740479,-0.2627952992916107
70,pose,18,-1,0.4220181405544281,0.7986350059509277,-0.327269047498703
70,pose,19,-1,0.6074898838996887,0.8039066195487976,-0.30831044912338257
70,pose,20,-1,0.43398991227149963,0.7971892952919006,-0.3707289695739746
70,pose,21,-1,0.6022579073905945,0.7854821085929871,-0.23278194665908813
70,pose,22,-1,0.43782028555870056,0.7767634987831116,-0.29931479692459106
70,pose,23,-1,0.5547484755516052,0.7207558751106262,0.012092777527868748
70,pose,24,-1,0.4703979194164276,0.7253040671348572,-0.011985918506979942
70,pose,25,-1,0.5428361296653748,0.9846219420433044,0.02895205467939377
70,pose,26,-1,0.48694100975990295,0.9841020107269287,0.021423524245619774
70,pose,27,-1,0.5544306635856628,1.2259788513183594,0.44845929741859436
70,pose,28,-1,0.4828069806098938,1.240696907043457,0.33597469329833984
70,pose,29,-1,0.553414523601532,1.2493149042129517,0.48393508791923523
70,pose,30,-1,0.4833226501941681,1.2684415578842163,0.3621760904788971
70,pose,31,-1,0.5515425205230713,1.319493293762207,0.33965030312538147
70,pose,32,-1,0.495033860206604,1.3292579650878906,0.17663833498954773
71,hand,0,0,0.6170997023582458,0.7601103782653809,1.4508411538827204e-07
71,hand,1,0,0.6029460430145264,0.7724753618240356,-0.00646080169826746
71,hand,2,0,0.5932187438011169,0.7968677282333374,-0.01108922716230154
71,hand,3,0,0.5883984565734863,0.8221708536148071,-0.013604773208498955
71,hand,4,0,0.5845379829406738,0.8398639559745789,-0.015579438768327236
71,hand,5,0,0.610390841960907,0.8005796074867249,-0.018625089898705482
71,hand,6,0,0.6006108522415161,0.8357353806495667,-0.023075316101312637
71,hand,7,0,0.5931466817855835,0.846424400806427,-0.02258038893342018
71,hand,8,0,0.5877625346183777,0.8497370481491089,-0.021255146712064743
71,hand,9,0,0.6207122206687927,0.8057433366775513,-0.016320349648594856
71,hand,10,0,0.608774721622467,0.8450840711593628,-0.020771199837327003
71,hand,11,0,0.599346399307251,0.855583906173706,-0.01927756704390049
71,hand,12,0,0.5928995609283447,0.8576294183731079,-0.017664840444922447
71,hand,13,0,0.6273549199104309,0.8103124499320984,-0.013575328513979912
71,hand,14,0,0.6165491938591003,0.8471227288246155,-0.016507722437381744
71,hand,15,0,0.6065952181816101,0.8561088442802429,-0.015154032967984676
71,hand,16,0,0.5994964241981506,0.8580553531646729,-0.014034394174814224
71,hand,17,0,0.6308448314666748,0.8134515285491943,-0.011063547804951668
71,hand,18,0,0.6227156519889832,0.8430671691894531,-0.01320935133844614
71,hand,19,0,0.614992082118988,0.8488461971282959,-0.012460987083613873
71,hand,20,0,0.6092624664306641,0.8485994338989258,-0.01148890983313322
71,hand,0,1,0.4173808693885803,0.7512457966804504,-1.1077782602342268e-07
71,hand,1,1,0.4315192997455597,0.7657253742218018,-0.008623125962913036
71,hand,2,1,0.43877577781677246,0.7902933359146118,-0.011583750136196613
71,hand,3,1,0.44338488578796387,0.8135106563568115,-0.012306558899581432
71,hand,4,1,0.4461464285850525,0.8303260207176208,-0.011808548122644424
71,hand,5,1,0.4178725481033325,0.8126827478408813,-0.010467667132616043
71,hand,6,1,0.42905479669570923,0.8419424295425415,-0.011075829155743122
71,hand,7,1,0.43848082423210144,0.8425643444061279,-0.010136156342923641
71,hand,8,1,0.4447062909603119,0.8361888527870178,-0.0089945700019598
71,hand,9,1,0.410944402217865,0.81360924243927,-0.005324800033122301
71,hand,10,1,0.4238755404949188,0.8405774831771851,-0.005907772108912468
71,hand,11,1,0.43390321731567383,0.83937668800354,-0.005620473530143499
71,hand,12,1,0.43992844223976135,0.8330565690994263,-0.005477114114910364
71,hand,13,1,0.40831032395362854,0.8117954730987549,-0.0002258115418953821
71,hand,14,1,0.4210246801376343,0.8359728455543518,-0.0013113785535097122
71,hand,15,1,0.4294581413269043,0.8347750306129456,-0.0015071957604959607
71,hand,16,1,0.43462082743644714,0.8285753130912781,-0.001587430015206337
71,hand,17,1,0.40866342186927795,0.8089640140533447,0.004503417294472456
71,hand,18,1,0.41822394728660583,0.828765869140625,0.002505100332200527
71,hand,19,1,0.42535966634750366,0.8288769125938416,0.002025631256401539
71,hand,20,1,0.43045833706855774,0.8242262005805969,0.002256944542750716
71,pose,0,-1,0.5169665217399597,0.16349874436855316,-0.48733770847320557
71,pose,1,-1,0.5278388261795044,0.14350396394729614,-0.4647955596446991
71,pose,2,-1,0.5336887836456299,0.1454087495803833,-0.46488475799560547
71,pose,3,-1,0.538065493106842,0.14693573117256165,-0.4648997485637665
71,pose,4,-1,0.5096415877342224,0.13937318325042725,-0.46785226464271545
71,pose,5,-1,0.5037641525268555,0.13883712887763977,-0.46796324849128723
71,pose,6,-1,0.49806341528892517,0.13866133987903595,-0.46809446811676025
71,pose,7,-1,0.545042872428894,0.16403456032276154,-0.3021005690097809
71,pose,8,-1,0.4920487701892853,0.1529831737279892,-0.3184320628643036
71,pose,9,-1,0.5293880701065063,0.19597502052783966,-0.4246736168861389
71,pose,10,-1,0.504433810710907,0.19191941618919373,-0.42932865023612976
71,pose,11,-1,0.5899242162704468,0.3236258924007416,-0.1756405532360077
71,pose,12,-1,0.44093796610832214,0.32307007908821106,-0.21314089000225067
71,pose,13,-1,0.6112812757492065,0.5445152521133423,-0.06768184155225754
71,pose,14,-1,0.41932767629623413,0.5453358888626099,-0.1639147251844406
71,pose,15,-1,0.6178408861160278,0.7520424127578735,-0.22074410319328308
71,pose,16,-1,0.42376410961151123,0.7380973100662231,-0.30004626512527466
71,pose,17,-1,0.6252133250236511,0.8085343241691589,-0.26934635639190674
71,pose,18,-1,0.42180511355400085,0.7986664772033691,-0.3461865484714508
71,pose,19,-1,0.6115078330039978,0.8048988580703735,-0.3160610496997833
71,pose,20,-1,0.43361493945121765,0.7972344756126404,-0.3927847743034363
71,pose,21,-1,0.605471670627594,0.7861411571502686,-0.2409277856349945
71,pose,22,-1,0.43734315037727356,0.7769104838371277,-0.3199692368507385
71,pose,23,-1,0.5549764037132263,0.7200404405593872,0.012041366659104824
71,pose,24,-1,0.4704299569129944,0.7252761125564575,-0.01192691270262003
71,pose,25,-1,0.5433480739593506,0.9812643527984619,0.040976013988256454
71,pose,26,-1,0.487069696187973,0.9840002059936523,0.034904539585113525
71,pose,27,-1,0.5555883646011353,1.2222976684570312,0.4644288718700409
71,pose,28,-1,0.48374053835868835,1.2365387678146362,0.364337295293808
71,pose,29,-1,0.5544095635414124,1.246333122253418,0.5000765323638916
71,pose,30,-1,0.4844015836715698,1.2631186246871948,0.3921520411968231
71,pose,31,-1,0.553715169429779,1.3138413429260254,0.3530276417732239
71,pose,32,-1,0.4962853193283081,1.3268786668777466,0.20525570213794708
72,hand,0,0,0.6174904108047485,0.7600822448730469,1.3964846345970727e-07
72,hand,1,0,0.6039490103721619,0.7735373377799988,-0.007385592442005873
72,hand,2,0,0.5952432751655579,0.796824038028717,-0.012267827056348324
72,hand,3,0,0.5913940072059631,0.8213281035423279,-0.014991824515163898
72,hand,4,0,0.5892677903175354,0.8396813869476318,-0.016963137313723564
72,hand,5,0,0.613960862159729,0.8020722270011902,-0.01804380677640438
72,hand,6,0,0.6045010685920715,0.8386118412017822,-0.02267605811357498
72,hand,7,0,0.5961087942123413,0.8483548164367676,-0.022684531286358833
72,hand,8,0,0.5900472402572632,0.8497616052627563,-0.021646609529852867
72,hand,9,0,0.6240423917770386,0.8068216443061829,-0.01517515629529953
72,hand,10,0,0.6118468046188354,0.8471140265464783,-0.019360143691301346
72,hand,11,0,0.6013807654380798,0.8532262444496155,-0.01809035800397396
72,hand,12,0,0.5950080156326294,0.8502534031867981,-0.01670040749013424
72,hand,13,0,0.629999041557312,0.8107692003250122,-0.011975445784628391
72,hand,14,0,0.6189623475074768,0.8486537933349609,-0.014670539647340775
72,hand,15,0,0.6087053418159485,0.852436900138855,-0.012939505279064178
72,hand,16,0,0.6026036143302917,0.8486682772636414,-0.011661587283015251
72,hand,17,0,0.6329185962677002,0.8133325576782227,-0.00915426854044199
72,hand,18,0,0.6242080926895142,0.8424418568611145,-0.011539710685610771
72,hand,19,0,0.6158319115638733,0.8461655974388123,-0.010859495960175991
72,hand,20,0,0.6105225086212158,0.8437024354934692,-0.00988672859966755
72,hand,0,1,0.4176965653896332,0.7524077296257019,-1.0545743123202556e-07
72,hand,1,1,0.4311794936656952,0.7664955258369446,-0.009453115984797478
72,hand,2,1,0.4382784068584442,0.7906381487846375,-0.013082310557365417
72,hand,3,1,0.4427741467952728,0.8146097660064697,-0.014336668886244297
72,hand,4,1,0.4458204507827759,0.8319413065910339,-0.014325895346701145
72,hand,5,1,0.4168572723865509,0.8116662502288818,-0.011838486418128014
72,hand,6,1,0.4291200339794159,0.8418627977371216,-0.01290035992860794
72,hand,7,1,0.4382092356681824,0.8395139575004578,-0.011994450353085995
72,hand,8,1,0.4417687654495239,0.8304723501205444,-0.010977947153151035
72,hand,9,1,0.4106462597846985,0.813366174697876,-0.006444335915148258
72,hand,10,1,0.42471688985824585,0.8404406309127808,-0.008060019463300705
72,hand,11,1,0.43413859605789185,0.8350644111633301,-0.007838152348995209
72,hand,12,1,0.43697163462638855,0.8263965249061584,-0.007575075142085552
72,hand,13,1,0.4085324704647064,0.8123791217803955,-0.0010900114430114627
72,hand,14,1,0.42240047454833984,0.8367640972137451,-0.0032179367262870073
72,hand,15,1,0.43021664023399353,0.8320452570915222,-0.0031443594489246607
72,hand,16,1,0.43246546387672424,0.8228092193603516,-0.0028014504350721836
72,hand,17,1,0.409175306558609,0.810700535774231,0.0038714739494025707
72,hand,18,1,0.4199117422103882,0.8302285075187683,0.000892840267624706
72,hand,19,1,0.42631033062934875,0.8276573419570923,0.0003309288586024195
72,hand,20,1,0.4286600649356842,0.8203728795051575,0.0007471321732737124
72,pose,0,-1,0.5169204473495483,0.16354206204414368,-0.4873870313167572
72,pose,1,-1,0.5277407765388489,0.1434219628572464,-0.46539896726608276
72,pose,2,-1,0.5335018038749695,0.14531968533992767,-0.4654988646507263
72,pose,3,-1,0.5378010272979736,0.14680403470993042,-0.4655279219150543
72,pose,4,-1,0.5095531940460205,0.13933782279491425,-0.4686092734336853
72,pose,5,-1,0.5036394596099854,0.13882093131542206,-0.4687095880508423
72,pose,6,-1,0.4979173243045807,0.13865534961223602,-0.46884188055992126
72,pose,7,-1,0.5448289513587952,0.16359136998653412,-0.302950382232666
72,pose,8,-1,0.4917568862438202,0.15298093855381012,-0.3202180862426758
72,pose,9,-1,0.5291677713394165,0.19596977531909943,-0.4243876039981842
72,pose,10,-1,0.5044206380844116,0.19198518991470337,-0.4292747378349304
72,pose,11,-1,0.5899183750152588,0.32329171895980835,-0.1750774383544922
72,pose,12,-1,0.44096121191978455,0.3230237364768982,-0.21278630197048187
72,pose,13,-1,0.6108608245849609,0.5434961915016174,-0.07057148963212967
72,pose,14,-1,0.4191681146621704,0.5448992848396301,-0.1615820676088333
72,pose,15,-1,0.6192587614059448,0.7502395510673523,-0.21721768379211426
72,pose,16,-1,0.42347395420074463,0.7386521100997925,-0.294315904378891
72,pose,17,-1,0.626796543598175,0.8064206838607788,-0.26490169763565063
72,pose,18,-1,0.42156630754470825,0.7987160682678223,-0.3394445776939392
72,pose,19,-1,0.6137279868125916,0.8035761117935181,-0.3130170404911041
72,pose,20,-1,0.433248370885849,0.7973418831825256,-0.386034220457077
72,pose,21,-1,0.607490599155426,0.7846025228500366,-0.2380250096321106
72,pose,22,-1,0.43696871399879456,0.7772205471992493,-0.3142557740211487
72,pose,23,-1,0.5549819469451904,0.7184429168701172,0.012016203254461288
72,pose,24,-1,0.47045615315437317,0.7249401807785034,-0.011897360906004906
72,pose,25,-1,0.5433721542358398,0.979972243309021,0.038823824375867844
72,pose,26,-1,0.48711949586868286,0.9834458827972412,0.03461749851703644
72,pose,27,-1,0.5555960536003113,1.2139614820480347,0.455014169216156
72,pose,28,-1,0.4842882454395294,1.2301000356674194,0.3585870563983917
72,pose,29,-1,0.5543966293334961,1.2372208833694458,0.4900917410850525
72,pose,30,-1,0.48514634370803833,1.255336880683899,0.38581138849258423
72,pose,31,-1,0.5539847016334534,1.305507779121399,0.3454282879829407
72,pose,32,-1,0.4967975318431854,1.3215254545211792,0.2005719691514969
73,hand,0,0,0.6178563833236694,0.7580744028091431,1.2388473180635629e-07
73,hand,1,0,0.6042165160179138,0.7731417417526245,-0.00839727371931076
73,hand,2,0,0.5961425304412842,0.7957283854484558,-0.013385903090238571
73,hand,3,0,0.5927457809448242,0.8196412324905396,-0.016182679682970047
73,hand,4,0,0.5920109748840332,0.8385875225067139,-0.018010178580880165
73,hand,5,0,0.6167272925376892,0.8065952658653259,-0.016190608963370323
73,hand,6,0,0.6076304912567139,0.8408250212669373,-0.02034454047679901
73,hand,7,0,0.5985503196716309,0.8478296995162964,-0.020479867234826088
73,hand,8,0,0.5921907424926758,0.8479474782943726,-0.019750215113162994
73,hand,9,0,0.6263275742530823,0.8095866441726685,-0.012879641726613045
73,hand,10,0,0.6147930026054382,0.8470845818519592,-0.016652412712574005
73,hand,11,0,0.6041563153266907,0.8510403037071228,-0.01583009399473667
73,hand,12,0,0.5973705649375916,0.8482898473739624,-0.0148546751588583
73,hand,13,0,0.631399393081665,0.8112303018569946,-0.009480565786361694
73,hand,14,0,0.6206433176994324,0.8455845713615417,-0.012184386141598225
73,hand,15,0,0.6103362441062927,0.8491953015327454,-0.010974670760333538
73,hand,16,0,0.6034955978393555,0.8467142581939697,-0.010166672058403492
73,hand,17,0,0.6333067417144775,0.8115392923355103,-0.006621755193918943
73,hand,18,0,0.6244904398918152,0.8369321823120117,-0.00953536108136177
73,hand,19,0,0.6160233020782471,0.8406844139099121,-0.009435449726879597
73,hand,20,0,0.6100528836250305,0.8396458029747009,-0.008837314322590828
73,hand,0,1,0.41786426305770874,0.7528917193412781,-1.1446427095052059e-07
73,hand,1,1,0.4316061735153198,0.7676340341567993,-0.009662799537181854
73,hand,2,1,0.4380396902561188,0.791146993637085,-0.013711120933294296
73,hand,3,1,0.4424747824668884,0.8145981431007385,-0.015343258157372475
73,hand,4,1,0.44611701369285583,0.8316780924797058,-0.01579854264855385
73,hand,5,1,0.4166237711906433,0.8119336366653442,-0.01287407148629427
73,hand,6,1,0.429183691740036,0.8407655358314514,-0.014149250462651253
73,hand,7,1,0.43809810280799866,0.834453821182251,-0.013362560421228409
73,hand,8,1,0.440500408411026,0.8230221271514893,-0.012516907416284084
73,hand,9,1,0.40994855761528015,0.8128924369812012,-0.007392845116555691
73,hand,10,1,0.4247097074985504,0.837809681892395,-0.009094047360122204
73,hand,11,1,0.4334333837032318,0.8292279839515686,-0.008683942258358002
73,hand,12,1,0.4346373677253723,0.8194304704666138,-0.0084168566390872
73,hand,13,1,0.4073745906352997,0.8108418583869934,-0.0018795781070366502
73,hand,14,1,0.4220122694969177,0.8331010937690735,-0.004090532194823027
73,hand,15,1,0.4290698170661926,0.8257631063461304,-0.003549248678609729
73,hand,16,1,0.4298190772533417,0.8155270218849182,-0.003000095020979643
73,hand,17,1,0.40754052996635437,0.8084080815315247,0.003261897014454007
73,hand,18,1,0.419312059879303,0.8269064426422119,0.00028519006446003914
73,hand,19,1,0.42497411370277405,0.8220568895339966,0.00017557137471158057
73,hand,20,1,0.4258638322353363,0.8136799335479736,0.0008806472760625184
73,pose,0,-1,0.5174059271812439,0.16349750757217407,-0.4979640543460846
73,pose,1,-1,0.5278796553611755,0.14327621459960938,-0.47513097524642944
73,pose,2,-1,0.5335836410522461,0.14515253901481628,-0.4752275347709656
73,pose,3,-1,0.5378828644752502,0.14658913016319275,-0.4752502739429474
73,pose,4,-1,0.5096750855445862,0.1392054408788681,-0.4805047810077667
73,pose,5,-1,0.5037366151809692,0.13871589303016663,-0.4806167483329773
73,pose,6,-1,0.4980178773403168,0.13858431577682495,-0.48075249791145325
73,pose,7,-1,0.5449789762496948,0.16313837468624115,-0.3091846704483032
73,pose,8,-1,0.4917221963405609,0.15293902158737183,-0.3367964029312134
73,pose,9,-1,0.5291983485221863,0.19586947560310364,-0.43363210558891296
73,pose,10,-1,0.5046932101249695,0.19196730852127075,-0.4414990246295929
73,pose,11,-1,0.5898197889328003,0.32315823435783386,-0.1781350076198578
73,pose,12,-1,0.4408794641494751,0.32312530279159546,-0.22722508013248444
73,pose,13,-1,0.6105630993843079,0.5427231788635254,-0.07226578891277313
73,pose,14,-1,0.4191366136074066,0.5448589324951172,-0.17626576125621796
73,pose,15,-1,0.6198149919509888,0.7500489354133606,-0.21903231739997864
73,pose,16,-1,0.4232790172100067,0.7392510175704956,-0.30862972140312195
73,pose,17,-1,0.62734454870224,0.8059154152870178,-0.2660588026046753
73,pose,18,-1,0.42149677872657776,0.7988311648368835,-0.3537505865097046
73,pose,19,-1,0.614725649356842,0.803175151348114,-0.3140828013420105
73,pose,20,-1,0.43289440870285034,0.7976924777030945,-0.3999088406562805
73,pose,21,-1,0.6084545850753784,0.7841289639472961,-0.23988980054855347
73,pose,22,-1,0.4365158677101135,0.7777650356292725,-0.32817813754081726
73,pose,23,-1,0.5553091764450073,0.7180406451225281,0.012119370512664318
73,pose,24,-1,0.4706486463546753,0.7249166369438171,-0.012009399011731148
73,pose,25,-1,0.5437495708465576,0.9793452620506287,0.045664574950933456
73,pose,26,-1,0.4872758984565735,0.9834355115890503,0.0359903946518898
73,pose,27,-1,0.5566900968551636,1.2153089046478271,0.45784348249435425
73,pose,28,-1,0.4852153956890106,1.2308443784713745,0.35747069120407104
73,pose,29,-1,0.5551726818084717,1.2390568256378174,0.4921856224536896
73,pose,30,-1,0.4862437844276428,1.2566579580307007,0.38419070839881897
73,pose,31,-1,0.5560559034347534,1.3072549104690552,0.34521105885505676
73,pose,32,-1,0.4975421726703644,1.3216201066970825,0.19618216156959534
74,hand,0,0,0.6172859072685242,0.7599326968193054,1.2161694940004963e-07
74,hand,1,0,0.603069007396698,0.7742067575454712,-0.010154006071388721
74,hand,2,0,0.595663845539093,0.7969341278076172,-0.015286197885870934
74,hand,3,0,0.5933087468147278,0.8221156001091003,-0.017647556960582733
74,hand,4,0,0.5930054187774658,0.8418306708335876,-0.01882009208202362
74,hand,5,0,0.6185064315795898,0.810062825679779,-0.016986891627311707
74,hand,6,0,0.6090434193611145,0.8450878858566284,-0.020544514060020447
74,hand,7,0,0.5994521975517273,0.850070059299469,-0.020318135619163513
74,hand,8,0,0.5933688879013062,0.8485952019691467,-0.0193168967962265
74,hand,9,0,0.6276536583900452,0.811851441860199,-0.012153660878539085
74,hand,10,0,0.6158590316772461,0.8493618369102478,-0.015692804008722305
74,hand,11,0,0.6043111681938171,0.8510509729385376,-0.014940171502530575
74,hand,12,0,0.597177267074585,0.8455900549888611,-0.013804771937429905
74,hand,13,0,0.6316525936126709,0.8122241497039795,-0.007283503655344248
74,hand,14,0,0.6201273202896118,0.8442779779434204,-0.009945270605385303
74,hand,15,0,0.6094003319740295,0.8463825583457947,-0.0091924499720335
74,hand,16,0,0.60248863697052,0.8421999216079712,-0.008431323803961277
74,hand,17,0,0.6325911283493042,0.8111875057220459,-0.003031309926882386
74,hand,18,0,0.6231041550636292,0.8339557647705078,-0.006061143707484007
74,hand,19,0,0.6145600080490112,0.8373931050300598,-0.006668820511549711
74,hand,20,0,0.60850989818573,0.8363516330718994,-0.006429195869714022
74,hand,0,1,0.41754820942878723,0.7521240711212158,-1.13633149112502e-07
74,hand,1,1,0.43195176124572754,0.7659357786178589,-0.009870768524706364
74,hand,2,1,0.4384911060333252,0.7903355956077576,-0.013857978396117687
74,hand,3,1,0.44215157628059387,0.8145758509635925,-0.015551874414086342
74,hand,4,1,0.4457044005393982,0.832375168800354,-0.01613438129425049
74,hand,5,1,0.41667115688323975,0.8094276785850525,-0.012067655101418495
74,hand,6,1,0.42895638942718506,0.8392195701599121,-0.014444496482610703
74,hand,7,1,0.4375140368938446,0.8319147229194641,-0.014866629615426064
74,hand,8,1,0.4389561712741852,0.8197060823440552,-0.014778508804738522
74,hand,9,1,0.41026824712753296,0.8106008172035217,-0.006859366782009602
74,hand,10,1,0.42493462562561035,0.8364382982254028,-0.009679123759269714
74,hand,11,1,0.43308234214782715,0.8269792795181274,-0.009819479659199715
74,hand,12,1,0.43309286236763,0.8164631724357605,-0.009694996289908886
74,hand,13,1,0.4080502390861511,0.8091173768043518,-0.0018726687412708998
74,hand,14,1,0.4222092032432556,0.8319126963615417,-0.00508146733045578
74,hand,15,1,0.42900529503822327,0.8241527676582336,-0.004728900734335184
74,hand,16,1,0.42866313457489014,0.8140199184417725,-0.004038541112095118
74,hand,17,1,0.4084984064102173,0.807706356048584,0.0026575224474072456
74,hand,18,1,0.4197322428226471,0.8262727856636047,-0.000983125763013959
74,hand,19,1,0.42524096369743347,0.8208197355270386,-0.0013832820113748312
74,hand,20,1,0.42519721388816833,0.8123211860656738,-0.0007712584920227528
74,pose,0,-1,0.5175277590751648,0.16241209208965302,-0.4809516668319702
74,pose,1,-1,0.5279635190963745,0.14200405776500702,-0.4576450288295746
74,pose,2,-1,0.5337054133415222,0.14398202300071716,-0.4577522873878479
74,pose,3,-1,0.5379723310470581,0.1455875039100647,-0.45777571201324463
74,pose,4,-1,0.5097053647041321,0.1378396600484848,-0.4623689651489258
74,pose,5,-1,0.5037885904312134,0.13736771047115326,-0.4624786972999573
74,pose,6,-1,0.49807846546173096,0.13731753826141357,-0.4626205861568451
74,pose,7,-1,0.5450843572616577,0.16223101317882538,-0.2939895689487457
74,pose,8,-1,0.49173542857170105,0.1518179178237915,-0.318366140127182
74,pose,9,-1,0.5291710495948792,0.19428735971450806,-0.4179890751838684
74,pose,10,-1,0.5048035383224487,0.19018340110778809,-0.42494577169418335
74,pose,11,-1,0.5894721150398254,0.32291504740715027,-0.17009232938289642
74,pose,12,-1,0.4406305253505707,0.3229643702507019,-0.21305426955223083
74,pose,13,-1,0.6101016402244568,0.5421814918518066,-0.06872738897800446
74,pose,14,-1,0.4192024767398834,0.5443225502967834,-0.164714977145195
74,pose,15,-1,0.6193051934242249,0.7497844099998474,-0.2108394205570221
74,pose,16,-1,0.42313167452812195,0.7392287254333496,-0.29793140292167664
74,pose,17,-1,0.6270529627799988,0.8052923083305359,-0.2577817738056183
74,pose,18,-1,0.4214537739753723,0.7986268997192383,-0.34272706508636475
74,pose,19,-1,0.6149337291717529,0.8030327558517456,-0.3049747049808502
74,pose,20,-1,0.4325345456600189,0.797679603099823,-0.38953667879104614
74,pose,21,-1,0.6085308790206909,0.7838813066482544,-0.23162755370140076
74,pose,22,-1,0.4359758198261261,0.7777711153030396,-0.3179159462451935
74,pose,23,-1,0.5554373264312744,0.7180581092834473,0.012084298767149448
74,pose,24,-1,0.47065994143486023,0.7249024510383606,-0.01198511477559805
74,pose,25,-1,0.5441280007362366,0.9793893098831177,0.03737208992242813
74,pose,26,-1,0.4872737228870392,0.9828211069107056,0.036595363169908524
74,pose,27,-1,0.5566912293434143,1.2144675254821777,0.4535399377346039
74,pose,28,-1,0.4854556620121002,1.228943109512329,0.3707868158817291
74,pose,29,-1,0.5551550388336182,1.2381607294082642,0.4888606071472168
74,pose,30,-1,0.4862518310546875,1.254294514656067,0.3993087410926819
74,pose,31,-1,0.5563257932662964,1.305798053741455,0.34367355704307556
74,pose,32,-1,0.49836283922195435,1.3198790550231934,0.21426810324192047
75,hand,0,0,0.6165697574615479,0.7599974870681763,9.065837502930663e-08
75,hand,1,0,0.6021744608879089,0.7744792699813843,-0.009310450404882431
75,hand,2,0,0.595287561416626,0.7982597351074219,-0.013423878699541092
75,hand,3,0,0.5930038690567017,0.8232851028442383,-0.014959178864955902
75,hand,4,0,0.5929961204528809,0.8415945768356323,-0.015342575497925282
75,hand,5,0,0.6176047325134277,0.8122326135635376,-0.014686089009046555
75,hand,6,0,0.6086204051971436,0.8466967344284058,-0.01769818551838398
75,hand,7,0,0.5983561277389526,0.8496273756027222,-0.0173964761197567
75,hand,8,0,0.5921686291694641,0.8471537232398987,-0.016373828053474426
75,hand,9,0,0.6261357069015503,0.8136710524559021,-0.009943697601556778
75,hand,10,0,0.6147993803024292,0.8503810167312622,-0.012819959782063961
75,hand,11,0,0.6032782196998596,0.8495970964431763,-0.011985037475824356
75,hand,12,0,0.5967847108840942,0.8426501154899597,-0.010747400112450123
75,hand,13,0,0.629841685295105,0.813246488571167,-0.005201433785259724
75,hand,14,0,0.6182147860527039,0.8432629704475403,-0.007390657905489206
75,hand,15,0,0.6077853441238403,0.8437607884407043,-0.006707144435495138
75,hand,16,0,0.6014971733093262,0.8383666276931763,-0.005843851715326309
75,hand,17,0,0.6304126381874084,0.8112081289291382,-0.000997055321931839
75,hand,18,0,0.621333122253418,0.8325526714324951,-0.0033376228529959917
75,hand,19,0,0.6130942106246948,0.8356454372406006,-0.0037554404698312283
75,hand,20,0,0.6075677275657654,0.8340895771980286,-0.0033606826327741146
75,hand,0,1,0.4167788624763489,0.7492528557777405,-1.142768581985365e-07
75,hand,1,1,0.43088582158088684,0.7634776830673218,-0.010193304158747196
75,hand,2,1,0.4374113082885742,0.7882652878761292,-0.014005113393068314
75,hand,3,1,0.4417254626750946,0.8128410577774048,-0.01539134606719017
75,hand,4,1,0.44516730308532715,0.8308727741241455,-0.015558122657239437
75,hand,5,1,0.4162290394306183,0.8094801306724548,-0.011598197743296623
75,hand,6,1,0.4295594096183777,0.8380052447319031,-0.013711993582546711
75,hand,7,1,0.43771275877952576,0.8284108638763428,-0.014055926352739334
75,hand,8,1,0.4382254183292389,0.8157236576080322,-0.013940797187387943
75,hand,9,1,0.41012582182884216,0.8105122447013855,-0.005940546747297049
75,hand,10,1,0.4254516363143921,0.8347480893135071,-0.0086061405017972
75,hand,11,1,0.43330442905426025,0.8237720727920532,-0.008737864904105663
75,hand,12,1,0.4326761066913605,0.8133563995361328,-0.008552341721951962
75,hand,13,1,0.4081863760948181,0.8084326982498169,-0.0005370017606765032
75,hand,14,1,0.42290645837783813,0.8298441171646118,-0.0038161645643413067
75,hand,15,1,0.4295070171356201,0.8212564587593079,-0.0035648930352181196
75,hand,16,1,0.42871618270874023,0.8112386465072632,-0.002818543231114745
75,hand,17,1,0.40876349806785583,0.8063607215881348,0.004425252787768841
75,hand,18,1,0.4205554723739624,0.8241738677024841,0.0006919527077116072
75,hand,19,1,0.4258187413215637,0.8179678916931152,0.00027389024035073817
75,hand,20,1,0.4253051280975342,0.8090970516204834,0.0009983200579881668
75,pose,0,-1,0.5182786583900452,0.16171659529209137,-0.4845530688762665
75,pose,1,-1,0.5284342765808105,0.14104396104812622,-0.4609750509262085
75,pose,2,-1,0.5338839888572693,0.14298123121261597,-0.46108442544937134
75,pose,3,-1,0.5383128523826599,0.14460879564285278,-0.46111157536506653
75,pose,4,-1,0.5103853344917297,0.13693295419216156,-0.4664267897605896
75,pose,5,-1,0.5043034553527832,0.13648517429828644,-0.46653279662132263
75,pose,6,-1,0.498600572347641,0.1364993005990982,-0.466667503118515
75,pose,7,-1,0.5451570153236389,0.16124974191188812,-0.2948595881462097
75,pose,8,-1,0.4917677342891693,0.15119770169258118,-0.32240480184555054
75,pose,9,-1,0.5293346047401428,0.19331145286560059,-0.42046302556991577
75,pose,10,-1,0.5054628849029541,0.1892835795879364,-0.4283730387687683
75,pose,11,-1,0.589465320110321,0.32189705967903137,-0.16976986825466156
75,pose,12,-1,0.4407104253768921,0.32277941703796387,-0.21392574906349182
75,pose,13,-1,0.6102784872055054,0.5414531230926514,-0.0661352351307869
75,pose,14,-1,0.41933098435401917,0.5436478853225708,-0.1639862060546875
75,pose,15,-1,0.6187139749526978,0.7469790577888489,-0.20724816620349884
75,pose,16,-1,0.4230462908744812,0.7389137148857117,-0.29643866419792175
75,pose,17,-1,0.6263450980186462,0.8031997680664062,-0.25357821583747864
75,pose,18,-1,0.42141637206077576,0.7980448603630066,-0.34098753333091736
75,pose,19,-1,0.6145917773246765,0.8015778660774231,-0.30184802412986755
75,pose,20,-1,0.4322994649410248,0.7975680828094482,-0.38808852434158325
75,pose,21,-1,0.6082067489624023,0.7824297547340393,-0.22837702929973602
75,pose,22,-1,0.43565553426742554,0.7777711749076843,-0.3165484368801117
75,pose,23,-1,0.5557168126106262,0.7170110940933228,0.012071830220520496
75,pose,24,-1,0.4708952009677887,0.7242394089698792,-0.01196436956524849
75,pose,25,-1,0.5443841814994812,0.979112982749939,0.035677146166563034
75,pose,26,-1,0.4872881770133972,0.9821009039878845,0.035113561898469925
75,pose,27,-1,0.5569561719894409,1.2128688097000122,0.45564699172973633
75,pose,28,-1,0.4859890043735504,1.2280551195144653,0.373151570558548
75,pose,29,-1,0.5553016662597656,1.2359869480133057,0.49226468801498413
75,pose,30,-1,0.48664650321006775,1.2530550956726074,0.40260830521583557
75,pose,31,-1,0.5568376183509827,1.3050103187561035,0.3478432297706604
75,pose,32,-1,0.4993351697921753,1.3193663358688354,0.2177281677722931
76,hand,0,0,0.615628182888031,0.7589470148086548,7.905534715746398e-08
76,hand,1,0,0.6010462641716003,0.7735170722007751,-0.008540389128029346
76,hand,2,0,0.5939493775367737,0.7987200021743774,-0.011663964949548244
76,hand,3,0,0.5916516184806824,0.82247394323349,-0.012388749048113823
76,hand,4,0,0.5905771255493164,0.8391652703285217,-0.012016791850328445
76,hand,5,0,0.6160344481468201,0.8153595924377441,-0.012239739298820496
76,hand,6,0,0.6065680980682373,0.8478249907493591,-0.014411211013793945
76,hand,7,0,0.5962841510772705,0.8499998450279236,-0.013983083888888359
76,hand,8,0,0.5900137424468994,0.8468988537788391,-0.012957070022821426
76,hand,9,0,0.623853862285614,0.8164428472518921,-0.0075501264072954655
76,hand,10,0,0.6121419072151184,0.8509467244148254,-0.009896030649542809
76,hand,11,0,0.6005494594573975,0.8499962091445923,-0.00928011815994978
76,hand,12,0,0.5937941074371338,0.8427331447601318,-0.00816434808075428
76,hand,13,0,0.626838743686676,0.8153882622718811,-0.0028764086309820414
76,hand,14,0,0.6152443289756775,0.8437297344207764,-0.00472223712131381
76,hand,15,0,0.6048076152801514,0.8442208766937256,-0.004466410726308823
76,hand,16,0,0.5983389019966125,0.838567852973938,-0.0038259392604231834
76,hand,17,0,0.6268866658210754,0.8125382661819458,0.001322782365605235
76,hand,18,0,0.6179879903793335,0.8330937027931213,-0.0005616685375571251
76,hand,19,0,0.6097522377967834,0.836475133895874,-0.0010753157548606396
76,hand,20,0,0.6039178371429443,0.8349140882492065,-0.0007682482828386128
76,hand,0,1,0.41708219051361084,0.7480160593986511,-1.0976464182022028e-07
76,hand,1,1,0.43120551109313965,0.762598991394043,-0.009864727035164833
76,hand,2,1,0.437528520822525,0.7865474224090576,-0.01380385272204876
76,hand,3,1,0.4412713050842285,0.810840904712677,-0.015364456921815872
76,hand,4,1,0.44445064663887024,0.8285752534866333,-0.01575527898967266
76,hand,5,1,0.41618022322654724,0.80791175365448,-0.01193285547196865
76,hand,6,1,0.42924800515174866,0.8365956544876099,-0.013534270226955414
76,hand,7,1,0.43770891427993774,0.8285577297210693,-0.013385741971433163
76,hand,8,1,0.4390124976634979,0.816575825214386,-0.013018334284424782
76,hand,9,1,0.4098908305168152,0.8087829351425171,-0.0065081422217190266
76,hand,10,1,0.42503806948661804,0.8337916731834412,-0.008729620836675167
76,hand,11,1,0.4330989420413971,0.8243194818496704,-0.008768280036747456
76,hand,12,1,0.43338945508003235,0.8139649033546448,-0.008660878986120224
76,hand,13,1,0.4078020453453064,0.8066691756248474,-0.001209462876431644
76,hand,14,1,0.42229142785072327,0.8288906216621399,-0.00401541730388999
76,hand,15,1,0.4289477467536926,0.8214501142501831,-0.0037949364632368088
76,hand,16,1,0.4288051724433899,0.811346709728241,-0.0032418882474303246
76,hand,17,1,0.40833207964897156,0.8047507405281067,0.003684249008074403
76,hand,18,1,0.420221209526062,0.8229289650917053,0.0002490062324795872
76,hand,19,1,0.42553767561912537,0.8176304697990417,-0.00017847366689238697
76,hand,20,1,0.4253889322280884,0.8091475367546082,0.0004153226036578417
76,pose,0,-1,0.5183138251304626,0.16146785020828247,-0.4840434193611145
76,pose,1,-1,0.528494119644165,0.14072386920452118,-0.46127018332481384
76,pose,2,-1,0.5339754819869995,0.14263559877872467,-0.461375892162323
76,pose,3,-1,0.5383589267730713,0.1442534327507019,-0.4614090621471405
76,pose,4,-1,0.5104890465736389,0.13669486343860626,-0.4659721553325653
76,pose,5,-1,0.5044113397598267,0.1362997144460678,-0.4660807251930237
76,pose,6,-1,0.49869242310523987,0.13637560606002808,-0.46621617674827576
76,pose,7,-1,0.5451955199241638,0.16107827425003052,-0.2963254153728485
76,pose,8,-1,0.49176332354545593,0.1511370837688446,-0.3205633759498596
76,pose,9,-1,0.5293639302253723,0.19320669770240784,-0.42009517550468445
76,pose,10,-1,0.5055122971534729,0.18926939368247986,-0.4270356297492981
76,pose,11,-1,0.58965003490448,0.3218000531196594,-0.1690208613872528
76,pose,12,-1,0.44068095088005066,0.32258057594299316,-0.2124822586774826
76,pose,13,-1,0.6098941564559937,0.5411201119422913,-0.06361927092075348
76,pose,14,-1,0.4193364381790161,0.5424352288246155,-0.16230076551437378
76,pose,15,-1,0.6182717680931091,0.7454456686973572,-0.2031540870666504
76,pose,16,-1,0.4228592813014984,0.7380387187004089,-0.29443687200546265
76,pose,17,-1,0.6254338026046753,0.8023288249969482,-0.24866527318954468
76,pose,18,-1,0.4212974011898041,0.7973453998565674,-0.33859166502952576
76,pose,19,-1,0.6137735247612,0.800523042678833,-0.2970045208930969
76,pose,20,-1,0.43194839358329773,0.7972109317779541,-0.38511309027671814
76,pose,21,-1,0.6076448559761047,0.7812636494636536,-0.22429949045181274
76,pose,22,-1,0.4352453052997589,0.7775839567184448,-0.31431207060813904
76,pose,23,-1,0.5557212233543396,0.7164924144744873,0.012088039889931679
76,pose,24,-1,0.4708934426307678,0.7234321236610413,-0.011979376897215843
76,pose,25,-1,0.5444443821907043,0.97838294506073,0.0330207496881485
76,pose,26,-1,0.487286776304245,0.9817901849746704,0.03191083297133446
76,pose,27,-1,0.5569314360618591,1.210618019104004,0.4554663896560669
76,pose,28,-1,0.48642605543136597,1.226683259010315,0.3655637502670288
76,pose,29,-1,0.5552248358726501,1.2333428859710693,0.4917278289794922
76,pose,30,-1,0.48697489500045776,1.2512397766113281,0.3936671018600464
76,pose,31,-1,0.5568000078201294,1.3028247356414795,0.3483564555644989
76,pose,32,-1,0.4999351501464844,1.3186171054840088,0.21086972951889038
77,hand,0,0,0.6131211519241333,0.759570837020874,8.904726200853474e-08
77,hand,1,0,0.5990004539489746,0.77289217710495,-0.008946222253143787
77,hand,2,0,0.5918807983398438,0.797685980796814,-0.012180604971945286
77,hand,3,0,0.5890288352966309,0.8215840458869934,-0.012899906374514103
77,hand,4,0,0.5876842141151428,0.8373492360115051,-0.01247483678162098
77,hand,5,0,0.6132718920707703,0.8152444958686829,-0.012716636061668396
77,hand,6,0,0.6035721302032471,0.848288357257843,-0.014894301071763039
77,hand,7,0,0.5931658744812012,0.8501044511795044,-0.014426779933273792
77,hand,8,0,0.5869786739349365,0.8469871282577515,-0.013349018059670925
77,hand,9,0,0.6208351850509644,0.816875159740448,-0.007825308479368687
77,hand,10,0,0.6091800928115845,0.8521174788475037,-0.01014613639563322
77,hand,11,0,0.5974605679512024,0.8520822525024414,-0.009391067549586296
77,hand,12,0,0.5905759334564209,0.8456282019615173,-0.00817093625664711
77,hand,13,0,0.6236072778701782,0.8158960342407227,-0.0029740608297288418
77,hand,14,0,0.6123256683349609,0.8450737595558167,-0.004861641675233841
77,hand,15,0,0.6017714738845825,0.8459035158157349,-0.004394346848130226
77,hand,16,0,0.5951660871505737,0.8408743143081665,-0.003589950269088149
77,hand,17,0,0.6235517859458923,0.8129857182502747,0.0013529902789741755
77,hand,18,0,0.6150344014167786,0.8339303135871887,-0.0005744147347286344
77,hand,19,0,0.6069223284721375,0.8376026749610901,-0.0009183238726109266
77,hand,20,0,0.601057767868042,0.8364917039871216,-0.0004690696077886969
77,hand,0,1,0.41729462146759033,0.7472472786903381,-1.1232712893161079e-07
77,hand,1,1,0.43203917145729065,0.7620335817337036,-0.009424610063433647
77,hand,2,1,0.4382864534854889,0.7866737842559814,-0.012769708409905434
77,hand,3,1,0.4417969584465027,0.8107619285583496,-0.013730628415942192
77,hand,4,1,0.4447547495365143,0.8278912901878357,-0.013596867211163044
77,hand,5,1,0.4166592061519623,0.8069723844528198,-0.011022615246474743
77,hand,6,1,0.4293828308582306,0.8357729315757751,-0.011937133967876434
77,hand,7,1,0.4378344416618347,0.827237606048584,-0.011496849358081818
77,hand,8,1,0.43882590532302856,0.8154178261756897,-0.011038381606340408
77,hand,9,1,0.41018521785736084,0.8070746660232544,-0.005455363541841507
77,hand,10,1,0.42516764998435974,0.8316678404808044,-0.007040748838335276
77,hand,11,1,0.4331620931625366,0.8213666081428528,-0.006909254472702742
77,hand,12,1,0.4329768121242523,0.8110045790672302,-0.006797631271183491
77,hand,13,1,0.40803229808807373,0.8043334484100342,4.294839163776487e-05
77,hand,14,1,0.42230722308158875,0.8258140683174133,-0.002228852827101946
77,hand,15,1,0.4289446771144867,0.817629337310791,-0.0020795275922864676
77,hand,16,1,0.4285939931869507,0.8072261214256287,-0.0017040092498064041
77,hand,17,1,0.4084094166755676,0.8019605278968811,0.00518822530284524
77,hand,18,1,0.4199536144733429,0.8193756341934204,0.0021450314670801163
77,hand,19,1,0.4254002869129181,0.8135902285575867,0.0016681940760463476
77,hand,20,1,0.4252678155899048,0.8049025535583496,0.002132016234099865
77,pose,0,-1,0.5190760493278503,0.1613192856311798,-0.4869246482849121
77,pose,1,-1,0.5290679335594177,0.14055457711219788,-0.46403780579566956
77,pose,2,-1,0.5344804525375366,0.14242923259735107,-0.46413373947143555
77,pose,3,-1,0.5392335653305054,0.14402811229228973,-0.4641764461994171
77,pose,4,-1,0.5109416842460632,0.13660526275634766,-0.4693318009376526
77,pose,5,-1,0.5047897696495056,0.13624706864356995,-0.4694362282752991
77,pose,6,-1,0.49896419048309326,0.13635341823101044,-0.46956557035446167
77,pose,7,-1,0.5456408858299255,0.16092823445796967,-0.2980201542377472
77,pose,8,-1,0.49176013469696045,0.15115824341773987,-0.32522428035736084
77,pose,9,-1,0.5299679040908813,0.19317276775836945,-0.42238813638687134
77,pose,10,-1,0.5059530735015869,0.18927930295467377,-0.4301096498966217
77,pose,11,-1,0.5899979472160339,0.3217959403991699,-0.16700755059719086
77,pose,12,-1,0.44071197509765625,0.3223159611225128,-0.21870765089988708
77,pose,13,-1,0.6096029877662659,0.5409478545188904,-0.057110920548439026
77,pose,14,-1,0.419341504573822,0.5419162511825562,-0.16610564291477203
77,pose,15,-1,0.6181575655937195,0.7459577322006226,-0.19550038874149323
77,pose,16,-1,0.42244046926498413,0.7378222346305847,-0.2936154007911682
77,pose,17,-1,0.6247233748435974,0.8027366399765015,-0.24112986028194427
77,pose,18,-1,0.4211214482784271,0.7969361543655396,-0.3376869261264801
77,pose,19,-1,0.6129856705665588,0.8012577295303345,-0.2890585958957672
77,pose,20,-1,0.4316575825214386,0.7969199419021606,-0.3838598132133484
77,pose,21,-1,0.6070411801338196,0.7819886803627014,-0.2165941596031189
77,pose,22,-1,0.43483835458755493,0.7774575352668762,-0.3132619857788086
77,pose,23,-1,0.5557244420051575,0.7159921526908875,0.01441052183508873
77,pose,24,-1,0.4708992540836334,0.7217892408370972,-0.014328320510685444
77,pose,25,-1,0.5444393754005432,0.9770883917808533,0.03543912619352341
77,pose,26,-1,0.48726406693458557,0.9771856069564819,0.027106445282697678
77,pose,27,-1,0.5565409064292908,1.2066055536270142,0.46474260091781616
77,pose,28,-1,0.48641523718833923,1.2221297025680542,0.36163097620010376
77,pose,29,-1,0.5543289184570312,1.2284317016601562,0.501370370388031
77,pose,30,-1,0.4869052469730377,1.24509596824646,0.38972827792167664
77,pose,31,-1,0.5566629767417908,1.299572467803955,0.35830798745155334
77,pose,32,-1,0.49975892901420593,1.3158822059631348,0.2059297263622284
78,hand,0,0,0.6107173562049866,0.7582950592041016,8.327868528112958e-08
78,hand,1,0,0.5966775417327881,0.7716304659843445,-0.00801124144345522
78,hand,2,0,0.5903841257095337,0.7971683740615845,-0.010860883630812168
78,hand,3,0,0.5879724025726318,0.8216307163238525,-0.011496271006762981
78,hand,4,0,0.5859993100166321,0.8393184542655945,-0.011083146557211876
78,hand,5,0,0.6095635890960693,0.8157227039337158,-0.0113406702876091
78,hand,6,0,0.6006048917770386,0.8484604358673096,-0.013812443241477013
78,hand,7,0,0.5910534262657166,0.8508342504501343,-0.013807215727865696
78,hand,8,0,0.5853356719017029,0.8478581309318542,-0.013016686774790287
78,hand,9,0,0.6171800494194031,0.8168173432350159,-0.007064672652631998
78,hand,10,0,0.6063905358314514,0.8511602878570557,-0.009346216917037964
78,hand,11,0,0.5954805016517639,0.8526242971420288,-0.008705665357410908
78,hand,12,0,0.5890002250671387,0.8479200601577759,-0.0076369354501366615
78,hand,13,0,0.6201663613319397,0.8148770928382874,-0.002901022555306554
78,hand,14,0,0.6097992658615112,0.8435743451118469,-0.004549739416688681
78,hand,15,0,0.5997342467308044,0.8461488485336304,-0.003897538175806403
78,hand,16,0,0.5933184027671814,0.8433091640472412,-0.003085207426920533
78,hand,17,0,0.6204699277877808,0.8110573887825012,0.0007767773349769413
78,hand,18,0,0.6127946376800537,0.8323718309402466,-0.0006564524956047535
78,hand,19,0,0.6050095558166504,0.8378345966339111,-0.0005339799681678414
78,hand,20,0,0.5992949604988098,0.8383452892303467,0.0001498502679169178
78,hand,0,1,0.4182175397872925,0.7467765808105469,-1.1100169672317861e-07
78,hand,1,1,0.4318053126335144,0.7623883485794067,-0.008818278089165688
78,hand,2,1,0.437969833612442,0.7867162227630615,-0.011980865150690079
78,hand,3,1,0.4418036937713623,0.8095825910568237,-0.012973751872777939
78,hand,4,1,0.44444024562835693,0.825847864151001,-0.012888462282717228
78,hand,5,1,0.4165894687175751,0.8064937591552734,-0.0100382836535573
78,hand,6,1,0.4291032552719116,0.8344622850418091,-0.011102506890892982
78,hand,7,1,0.4378565847873688,0.8279646635055542,-0.010933143086731434
78,hand,8,1,0.43977534770965576,0.8168731331825256,-0.010560397058725357
78,hand,9,1,0.4104773700237274,0.8067076802253723,-0.004893830977380276
78,hand,10,1,0.4252138137817383,0.8312875032424927,-0.006386274006217718
78,hand,11,1,0.4335000216960907,0.8232276439666748,-0.006428619381040335
78,hand,12,1,0.4344217777252197,0.8132813572883606,-0.006398000288754702
78,hand,13,1,0.40832123160362244,0.8042377233505249,0.00014540401753038168
78,hand,14,1,0.4223860800266266,0.8262437582015991,-0.0018216129392385483
78,hand,15,1,0.4292627274990082,0.8199432492256165,-0.0017247581854462624
78,hand,16,1,0.42976412177085876,0.8101733326911926,-0.0013875049771741033
78,hand,17,1,0.40873080492019653,0.8019130825996399,0.004825703799724579
78,hand,18,1,0.42004039883613586,0.8198782205581665,0.0021809644531458616
78,hand,19,1,0.42560529708862305,0.8157577514648438,0.0018454832024872303
78,hand,20,1,0.4262041449546814,0.8079689741134644,0.002388402819633484
78,pose,0,-1,0.5220618844032288,0.16119834780693054,-0.4815545976161957
78,pose,1,-1,0.5307485461235046,0.14050835371017456,-0.4584031105041504
78,pose,2,-1,0.5360178351402283,0.14232437312602997,-0.45850470662117004
78,pose,3,-1,0.5409582257270813,0.14390681684017181,-0.45854175090789795
78,pose,4,-1,0.5131719708442688,0.13660718500614166,-0.4639764130115509
78,pose,5,-1,0.5067323446273804,0.13626115024089813,-0.46408382058143616
78,pose,6,-1,0.5007371306419373,0.13640053570270538,-0.4642184376716614
78,pose,7,-1,0.5459967851638794,0.16072402894496918,-0.2940807044506073
78,pose,8,-1,0.4918490946292877,0.15133342146873474,-0.32244911789894104
78,pose,9,-1,0.5320885181427002,0.19304870069026947,-0.4175282120704651
78,pose,10,-1,0.508454442024231,0.1892765909433365,-0.4254206120967865
78,pose,11,-1,0.5900712609291077,0.32182466983795166,-0.16175203025341034
78,pose,12,-1,0.4407346546649933,0.32231342792510986,-0.21826747059822083
78,pose,13,-1,0.6090270280838013,0.5411177277565002,-0.04693929851055145
78,pose,14,-1,0.41934001445770264,0.5419358611106873,-0.16875025629997253
78,pose,15,-1,0.6178258657455444,0.7437126040458679,-0.18685747683048248
78,pose,16,-1,0.4224027693271637,0.73753821849823,-0.2944221794605255
78,pose,17,-1,0.6242291927337646,0.8013782501220703,-0.2321162223815918
78,pose,18,-1,0.4211181700229645,0.7959694266319275,-0.3382962942123413
78,pose,19,-1,0.612436056137085,0.799888551235199,-0.2801222801208496
78,pose,20,-1,0.4316519498825073,0.796220600605011,-0.3839778006076813
78,pose,21,-1,0.60663902759552,0.7808060050010681,-0.20824851095676422
78,pose,22,-1,0.43481123447418213,0.7772328853607178,-0.3137337863445282
78,pose,23,-1,0.5557562708854675,0.7158339619636536,0.01536655705422163
78,pose,24,-1,0.47093090415000916,0.7216257452964783,-0.015272296033799648
78,pose,25,-1,0.5446207523345947,0.9765247702598572,0.036633893847465515
78,pose,26,-1,0.48735398054122925,0.9757974147796631,0.02601318247616291
78,pose,27,-1,0.5566781759262085,1.2058910131454468,0.4657566249370575
78,pose,28,-1,0.48669493198394775,1.2217298746109009,0.3592844307422638
78,pose,29,-1,0.5544443726539612,1.227760672569275,0.5021539926528931
78,pose,30,-1,0.48722001910209656,1.2450591325759888,0.3871701657772064
78,pose,31,-1,0.5568670630455017,1.2984338998794556,0.3586445152759552
78,pose,32,-1,0.49992701411247253,1.314821720123291,0.2039937824010849
79,hand,0,0,0.6075722575187683,0.7584590911865234,8.584137844991346e-08
79,hand,1,0,0.5947754979133606,0.773422122001648,-0.007110981270670891
79,hand,2,0,0.589307427406311,0.7979844808578491,-0.009592904709279537
79,hand,3,0,0.5873287320137024,0.8222332000732422,-0.010072975419461727
79,hand,4,0,0.5858985781669617,0.8394162654876709,-0.009533769451081753
79,hand,5,0,0.6075217127799988,0.813696563243866,-0.010044194757938385
79,hand,6,0,0.5997065901756287,0.8473137021064758,-0.012162596918642521
79,hand,7,0,0.591036319732666,0.851241946220398,-0.011855721473693848
79,hand,8,0,0.5855091214179993,0.8489013910293579,-0.010788729414343834
79,hand,9,0,0.6146107316017151,0.8156325817108154,-0.0059636980295181274
79,hand,10,0,0.6047046184539795,0.8493051528930664,-0.007669258862733841
79,hand,11,0,0.59469074010849,0.8516371250152588,-0.006915637291967869
79,hand,12,0,0.5883049368858337,0.8482869267463684,-0.005875325296074152
79,hand,13,0,0.6173503398895264,0.8145000338554382,-0.0019514095038175583
79,hand,14,0,0.6076499223709106,0.84190434217453,-0.0029558618552982807
79,hand,15,0,0.5983476042747498,0.8443531394004822,-0.002259711502119899
79,hand,16,0,0.5919384956359863,0.8416290283203125,-0.0015637761680409312
79,hand,17,0,0.6174796223640442,0.8115285634994507,0.0015906525077298284
79,hand,18,0,0.610495388507843,0.8316731452941895,0.0006621127249673009
79,hand,19,0,0.6032679080963135,0.8356308341026306,0.0009102157782763243
79,hand,20,0,0.5977158546447754,0.8348216414451599,0.0016222448321059346
79,hand,0,1,0.4181158244609833,0.7465429306030273,-1.0307064002290645e-07
79,hand,1,1,0.4318982660770416,0.7611563205718994,-0.009387333877384663
79,hand,2,1,0.43841466307640076,0.7842673659324646,-0.013243709690868855
79,hand,3,1,0.4422069191932678,0.8079761266708374,-0.014911811798810959
79,hand,4,1,0.44475916028022766,0.8255261182785034,-0.015406651422381401
79,hand,5,1,0.41768646240234375,0.805684506893158,-0.010789701715111732
79,hand,6,1,0.4297431409358978,0.8331605195999146,-0.012223811820149422
79,hand,7,1,0.4381736218929291,0.8276463150978088,-0.012086995877325535
79,hand,8,1,0.44033268094062805,0.8171997666358948,-0.011719255708158016
79,hand,9,1,0.41108712553977966,0.8063468933105469,-0.005667373538017273
79,hand,10,1,0.4250369668006897,0.8307894468307495,-0.007531300652772188
79,hand,11,1,0.4332411587238312,0.8237670063972473,-0.007598232943564653
79,hand,12,1,0.43472012877464294,0.814688503742218,-0.007589745335280895
79,hand,13,1,0.4086262881755829,0.8042623996734619,-0.0007055564783513546
79,hand,14,1,0.42204466462135315,0.826133131980896,-0.0029836399480700493
79,hand,15,1,0.42877012491226196,0.8205684423446655,-0.002739259274676442
79,hand,16,1,0.4297049939632416,0.8115800619125366,-0.002305895322933793
79,hand,17,1,0.4088261127471924,0.8021029233932495,0.003819267498329282
79,hand,18,1,0.41951876878738403,0.8200474977493286,0.0010053485166281462
79,hand,19,1,0.4249487519264221,0.8165948390960693,0.0006997351301833987
79,hand,20,1,0.4258643388748169,0.8094334602355957,0.0012330427998676896
79,pose,0,-1,0.5231861472129822,0.16065922379493713,-0.4808473289012909
79,pose,1,-1,0.5317081809043884,0.13998094201087952,-0.45756858587265015
79,pose,2,-1,0.5370472073554993,0.14167554676532745,-0.4576702117919922
79,pose,3,-1,0.5422753691673279,0.14325563609600067,-0.4577126204967499
79,pose,4,-1,0.5138545632362366,0.13639919459819794,-0.4632696807384491
79,pose,5,-1,0.5072792768478394,0.1361423134803772,-0.4633769094944
79,pose,6,-1,0.5011819005012512,0.13635408878326416,-0.4635227620601654
79,pose,7,-1,0.5467994213104248,0.160089373588562,-0.2928888201713562
79,pose,8,-1,0.4918569028377533,0.15132661163806915,-0.3216114044189453
79,pose,9,-1,0.5331712961196899,0.19286155700683594,-0.4169159531593323
79,pose,10,-1,0.5092459917068481,0.18928758800029755,-0.42501962184906006
79,pose,11,-1,0.5903034806251526,0.32199615240097046,-0.16287074983119965
79,pose,12,-1,0.4407479465007782,0.32230639457702637,-0.2175350785255432
79,pose,13,-1,0.608380138874054,0.5435394048690796,-0.05196823924779892
79,pose,14,-1,0.4192304015159607,0.5418506264686584,-0.16998206079006195
79,pose,15,-1,0.615355908870697,0.7437112927436829,-0.19537506997585297
79,pose,16,-1,0.4224010407924652,0.7361235618591309,-0.29805055260658264
79,pose,17,-1,0.6233144998550415,0.8014777302742004,-0.2414386123418808
79,pose,18,-1,0.42110195755958557,0.7942050099372864,-0.34189626574516296
79,pose,19,-1,0.6114535927772522,0.7999510765075684,-0.2881890833377838
79,pose,20,-1,0.43162408471107483,0.7948372960090637,-0.38672637939453125
79,pose,21,-1,0.6055719256401062,0.7811355590820312,-0.21625299751758575
79,pose,22,-1,0.4347745180130005,0.7762849926948547,-0.3171372711658478
79,pose,23,-1,0.5557580590248108,0.7157304286956787,0.01523200049996376
79,pose,24,-1,0.4709344804286957,0.7211469411849976,-0.015130679123103619
79,pose,25,-1,0.5445583462715149,0.9747810363769531,0.03577808290719986
79,pose,26,-1,0.48736172914505005,0.9726142883300781,0.02607910893857479
79,pose,27,-1,0.5564916729927063,1.2015371322631836,0.46095147728919983
79,pose,28,-1,0.48668280243873596,1.2162599563598633,0.3584519028663635
79,pose,29,-1,0.5541645884513855,1.2228751182556152,0.4971410930156708
79,pose,30,-1,0.487179696559906,1.2392992973327637,0.38638874888420105
79,pose,31,-1,0.5568036437034607,1.293660283088684,0.3534841239452362
79,pose,32,-1,0.4998849034309387,1.3087866306304932,0.20222815871238708
80,hand,0,0,0.6062605977058411,0.7584783434867859,9.131895239988808e-08
80,hand,1,0,0.5940759778022766,0.7737237215042114,-0.008278191089630127
80,hand,2,0,0.5891417860984802,0.7978284358978271,-0.011126745492219925
80,hand,3,0,0.5871551036834717,0.8218744993209839,-0.011685959063470364
80,hand,4,0,0.5856031179428101,0.839542806148529,-0.011112689971923828
80,hand,5,0,0.6067485809326172,0.8124406337738037,-0.010724030435085297
80,hand,6,0,0.5995126962661743,0.8457897901535034,-0.012644865550100803
80,hand,7,0,0.5906418561935425,0.8496106266975403,-0.012201691046357155
80,hand,8,0,0.5851258039474487,0.8470589518547058,-0.011093822307884693
80,hand,9,0,0.6135779023170471,0.8140382766723633,-0.006040569860488176
80,hand,10,0,0.6043508648872375,0.8481302857398987,-0.007667024619877338
80,hand,11,0,0.5940209627151489,0.8507456183433533,-0.007038822863250971
80,hand,12,0,0.5875678062438965,0.8471621870994568,-0.0061278799548745155
80,hand,13,0,0.6161230206489563,0.8130374550819397,-0.001501345308497548
80,hand,14,0,0.6069932579994202,0.8414310812950134,-0.00246261153370142
80,hand,15,0,0.5974469184875488,0.8438218832015991,-0.0019905937369912863
80,hand,16,0,0.5910531282424927,0.8407784700393677,-0.0015223724767565727
80,hand,17,0,0.616047203540802,0.8103085160255432,0.0024627186357975006
80,hand,18,0,0.6091590523719788,0.8305145502090454,0.0012419749982655048
80,hand,19,0,0.6017282009124756,0.8347045183181763,0.0010732539230957627
80,hand,20,0,0.5961313843727112,0.8341552019119263,0.0014539265539497137
80,hand,0,1,0.4179242253303528,0.7457832098007202,-1.0910601133673481e-07
80,hand,1,1,0.432113915681839,0.760234534740448,-0.009374750778079033
80,hand,2,1,0.43899086117744446,0.7852985858917236,-0.013033414259552956
80,hand,3,1,0.4431780278682709,0.8101117014884949,-0.014265567995607853
80,hand,4,1,0.44563332200050354,0.8266068696975708,-0.014297287911176682
80,hand,5,1,0.4180499017238617,0.8041775822639465,-0.012681509368121624
80,hand,6,1,0.43043941259384155,0.8336131572723389,-0.014236661605536938
80,hand,7,1,0.43824195861816406,0.8247923851013184,-0.013609720394015312
80,hand,8,1,0.4389035105705261,0.812781810760498,-0.012906012125313282
80,hand,9,1,0.4113023281097412,0.8055263161659241,-0.007350055035203695
80,hand,10,1,0.42585161328315735,0.8314947485923767,-0.00966067984700203
80,hand,11,1,0.4337301552295685,0.8213610649108887,-0.009055512957274914
80,hand,12,1,0.433278352022171,0.8111939430236816,-0.008437685668468475
80,hand,13,1,0.4088425040245056,0.8038018345832825,-0.002017432823777199
80,hand,14,1,0.42295369505882263,0.8266751766204834,-0.004658062011003494
80,hand,15,1,0.42956626415252686,0.8185505867004395,-0.003740092972293496
80,hand,16,1,0.4287179410457611,0.8086022734642029,-0.0027202570345252752
80,hand,17,1,0.40914487838745117,0.8019387722015381,0.0029556527733802795
80,hand,18,1,0.42056238651275635,0.8202937245368958,-0.0001486737746745348
80,hand,19,1,0.4255760610103607,0.8149884939193726,-0.00017903819389175624
80,hand,20,1,0.4247753322124481,0.8067259788513184,0.0006434736424125731
80,pose,0,-1,0.5238762497901917,0.16009992361068726,-0.48194074630737305
80,pose,1,-1,0.5324881672859192,0.13923503458499908,-0.4589027166366577
80,pose,2,-1,0.5379184484481812,0.14081336557865143,-0.45900237560272217
80,pose,3,-1,0.5433095693588257,0.14241138100624084,-0.4590551257133484
80,pose,4,-1,0.5144919753074646,0.13606378436088562,-0.4643665850162506
80,pose,5,-1,0.5078237652778625,0.13590826094150543,-0.464468777179718
80,pose,6,-1,0.5017055869102478,0.13621017336845398,-0.46461644768714905
80,pose,7,-1,0.5476759672164917,0.15914414823055267,-0.2941283881664276
80,pose,8,-1,0.49192947149276733,0.15115757286548615,-0.32170772552490234
80,pose,9,-1,0.533759355545044,0.1923748403787613,-0.41794440150260925
80,pose,10,-1,0.5097469687461853,0.18926623463630676,-0.42577478289604187
80,pose,11,-1,0.5906237363815308,0.3220039904117584,-0.16620902717113495
80,pose,12,-1,0.4409412741661072,0.3213907778263092,-0.21679571270942688
80,pose,13,-1,0.6080225706100464,0.5444467663764954,-0.05656854435801506
80,pose,14,-1,0.41923588514328003,0.5404025912284851,-0.16999688744544983
80,pose,15,-1,0.6135336756706238,0.7447024583816528,-0.20189957320690155
80,pose,16,-1,0.4223485589027405,0.7350162863731384,-0.30033209919929504
80,pose,17,-1,0.622105598449707,0.8019950985908508,-0.24916204810142517
80,pose,18,-1,0.42101699113845825,0.7931376099586487,-0.3445037007331848
80,pose,19,-1,0.6101890802383423,0.8009124994277954,-0.2950768768787384
80,pose,20,-1,0.43150100111961365,0.7938156723976135,-0.38917067646980286
80,pose,21,-1,0.6043853759765625,0.7824370861053467,-0.22237473726272583
80,pose,22,-1,0.43461304903030396,0.7755030393600464,-0.3195497691631317
80,pose,23,-1,0.5557568073272705,0.7153825759887695,0.015206803567707539
80,pose,24,-1,0.47093915939331055,0.7202867865562439,-0.015102391131222248
80,pose,25,-1,0.5445186495780945,0.9745730757713318,0.025882231071591377
80,pose,26,-1,0.48733994364738464,0.971402645111084,0.021979263052344322
80,pose,27,-1,0.556484043598175,1.2008588314056396,0.45514407753944397
80,pose,28,-1,0.486844003200531,1.2159178256988525,0.35277846455574036
80,pose,29,-1,0.5541400909423828,1.22210693359375,0.491867333650589
80,pose,30,-1,0.4874407649040222,1.2391682863235474,0.38062530755996704
80,pose,31,-1,0.5567319989204407,1.2933534383773804,0.34736472368240356
80,pose,32,-1,0.49988412857055664,1.3082456588745117,0.1948290318250656
81,hand,0,0,0.606718897819519,0.7595295310020447,9.380816123893965e-08
81,hand,1,0,0.5945382118225098,0.7745775580406189,-0.00781725812703371
81,hand,2,0,0.5898122787475586,0.7988482713699341,-0.010383936576545238
81,hand,3,0,0.5879112482070923,0.8226466774940491,-0.010685760527849197
81,hand,4,0,0.5860380530357361,0.8400915265083313,-0.009894216433167458
81,hand,5,0,0.6073956489562988,0.8130848407745361,-0.010601317510008812
81,hand,6,0,0.5997344851493835,0.8456901907920837,-0.012336045503616333
81,hand,7,0,0.5909574031829834,0.8501396775245667,-0.011856765486299992
81,hand,8,0,0.585175633430481,0.8485851883888245,-0.010846609249711037
81,hand,9,0,0.6142672896385193,0.8144503831863403,-0.006043688394129276
81,hand,10,0,0.6046727895736694,0.8473577499389648,-0.007754305377602577
81,hand,11,0,0.5946190357208252,0.8501912355422974,-0.007082793395966291
81,hand,12,0,0.5881513357162476,0.8473533987998962,-0.006200919859111309
81,hand,13,0,0.616765022277832,0.8135095238685608,-0.0015571697149425745
81,hand,14,0,0.6076672077178955,0.8414105176925659,-0.002476066118106246
81,hand,15,0,0.5984575748443604,0.844488263130188,-0.0018954656552523375
81,hand,16,0,0.5920524597167969,0.8422932028770447,-0.001421412918716669
81,hand,17,0,0.6166226267814636,0.8108850121498108,0.0023932906333357096
81,hand,18,0,0.6095839142799377,0.8308369517326355,0.00124914210755378
81,hand,19,0,0.6023655533790588,0.8352722525596619,0.0011072913184762
81,hand,20,0,0.5966992974281311,0.8351640105247498,0.0014624577015638351
81,hand,0,1,0.4182707667350769,0.7446908950805664,-1.114189345230443e-07
81,hand,1,1,0.4325678050518036,0.7591477036476135,-0.009514828212559223
81,hand,2,1,0.4393061697483063,0.7845012545585632,-0.013002890162169933
81,hand,3,1,0.44343477487564087,0.8091551661491394,-0.01410079374909401
81,hand,4,1,0.4463655352592468,0.8260474801063538,-0.013952836394309998
81,hand,5,1,0.41828134655952454,0.8040302991867065,-0.011844496242702007
81,hand,6,1,0.43079930543899536,0.8331028819084167,-0.01348899956792593
81,hand,7,1,0.4390491545200348,0.8251321911811829,-0.01300154346972704
81,hand,8,1,0.4403406083583832,0.8131889700889587,-0.012248313054442406
81,hand,9,1,0.4116816818714142,0.8053078055381775,-0.006349110510200262
81,hand,10,1,0.4264257550239563,0.8311020731925964,-0.008464723825454712
81,hand,11,1,0.43473681807518005,0.8213905692100525,-0.007862317375838757
81,hand,12,1,0.4348686933517456,0.8113244771957397,-0.007192243356257677
81,hand,13,1,0.4093056321144104,0.8035691976547241,-0.0009728457080200315
81,hand,14,1,0.42387816309928894,0.826572060585022,-0.0036451637279242277
81,hand,15,1,0.43082934617996216,0.818585216999054,-0.0028670169413089752
81,hand,16,1,0.430582195520401,0.8083675503730774,-0.001828176318667829
81,hand,17,1,0.4097403585910797,0.8014886379241943,0.004016064573079348
81,hand,18,1,0.4213218092918396,0.8198993802070618,0.0009198876796290278
81,hand,19,1,0.42686885595321655,0.815059244632721,0.0008280827896669507
81,hand,20,1,0.42695969343185425,0.8067821860313416,0.0016853812849149108
81,pose,0,-1,0.5240306854248047,0.16004106402397156,-0.4803791344165802
81,pose,1,-1,0.53280109167099,0.1389329433441162,-0.4572952687740326
81,pose,2,-1,0.5382081270217896,0.14046767354011536,-0.45739609003067017
81,pose,3,-1,0.5437428951263428,0.14208482205867767,-0.4574452340602875
81,pose,4,-1,0.514866828918457,0.13593041896820068,-0.46269115805625916
81,pose,5,-1,0.5081860423088074,0.13580462336540222,-0.4627935588359833
81,pose,6,-1,0.502109944820404,0.13613738119602203,-0.4629404842853546
81,pose,7,-1,0.5483549237251282,0.1587381213903427,-0.2926071286201477
81,pose,8,-1,0.492135226726532,0.15089647471904755,-0.31986650824546814
81,pose,9,-1,0.5338831543922424,0.19217441976070404,-0.41650390625
81,pose,10,-1,0.5100286602973938,0.1892821043729782,-0.4242248237133026
81,pose,11,-1,0.5912380218505859,0.3220027685165405,-0.16569259762763977
81,pose,12,-1,0.4413969814777374,0.32071810960769653,-0.21526139974594116
81,pose,13,-1,0.6079298853874207,0.5449556708335876,-0.05774630233645439
81,pose,14,-1,0.4192379117012024,0.5392045378684998,-0.1695210337638855
81,pose,15,-1,0.6125308275222778,0.7457573413848877,-0.20332074165344238
81,pose,16,-1,0.4223862886428833,0.7344551682472229,-0.30111485719680786
81,pose,17,-1,0.6215997338294983,0.802322268486023,-0.25082436203956604
81,pose,18,-1,0.4210948348045349,0.792488694190979,-0.34563764929771423
81,pose,19,-1,0.6095525026321411,0.801284909248352,-0.2971610128879547
81,pose,20,-1,0.4316183924674988,0.7930393218994141,-0.3899693489074707
81,pose,21,-1,0.603705644607544,0.7831565141677856,-0.22400371730327606
81,pose,22,-1,0.43472820520401,0.7749636769294739,-0.32013893127441406
81,pose,23,-1,0.5559383034706116,0.7153581380844116,0.015230433084070683
81,pose,24,-1,0.47100383043289185,0.7199390530586243,-0.015117230825126171
81,pose,25,-1,0.5446262359619141,0.9741448163986206,0.02424643002450466
81,pose,26,-1,0.48735323548316956,0.9708923101425171,0.0203044842928648
81,pose,27,-1,0.5564754605293274,1.2015926837921143,0.44863077998161316
81,pose,28,-1,0.4870139956474304,1.2165515422821045,0.3450228273868561
81,pose,29,-1,0.5541410446166992,1.223074197769165,0.48454397916793823
81,pose,30,-1,0.4876108467578888,1.2400438785552979,0.3721044659614563
81,pose,31,-1,0.5566794276237488,1.2940196990966797,0.33920615911483765
81,pose,32,-1,0.4999763071537018,1.3088477849960327,0.18464352190494537
82,hand,0,0,0.6075451970100403,0.7596811652183533,9.551155955023205e-08
82,hand,1,0,0.5950776934623718,0.773565948009491,-0.007928735576570034
82,hand,2,0,0.5903488397598267,0.7975780963897705,-0.010648256167769432
82,hand,3,0,0.588269829750061,0.8216968774795532,-0.011083514429628849
82,hand,4,0,0.5864166617393494,0.8389884233474731,-0.01045119296759367
82,hand,5,0,0.6079100370407104,0.8115596175193787,-0.011387537233531475
82,hand,6,0,0.6002519726753235,0.8443455696105957,-0.013712792657315731
82,hand,7,0,0.5912377238273621,0.8493651747703552,-0.013434299267828465
82,hand,8,0,0.5852286219596863,0.8476890325546265,-0.01245184801518917
82,hand,9,0,0.6147859692573547,0.8135088682174683,-0.006874687969684601
82,hand,10,0,0.6052969098091125,0.8470231294631958,-0.009227769449353218
82,hand,11,0,0.5949293971061707,0.8498740196228027,-0.008606843650341034
82,hand,12,0,0.588355541229248,0.8469258546829224,-0.007613510824739933
82,hand,13,0,0.6172981858253479,0.8131851553916931,-0.002426714403554797
82,hand,14,0,0.6080448031425476,0.8414266109466553,-0.0038717237766832113
82,hand,15,0,0.5986626744270325,0.8442920446395874,-0.0031830938532948494
82,hand,16,0,0.5922952890396118,0.8419455885887146,-0.0024827783927321434
82,hand,17,0,0.6170740723609924,0.8108993172645569,0.0014903760747984052
82,hand,18,0,0.6096336841583252,0.8307675719261169,7.571149035356939e-05
82,hand,19,0,0.6022732853889465,0.8353568911552429,-1.98949892364908e-05
82,hand,20,0,0.5966566205024719,0.8353245854377747,0.0004473499720916152
82,hand,0,1,0.4187049865722656,0.7448107600212097,-1.1348556228085727e-07
82,hand,1,1,0.43323346972465515,0.7596435546875,-0.008985658176243305
82,hand,2,1,0.4401502311229706,0.7851595878601074,-0.012172956950962543
82,hand,3,1,0.4441124498844147,0.8096879124641418,-0.013001915067434311
82,hand,4,1,0.44685447216033936,0.8264498710632324,-0.01265806332230568
82,hand,5,1,0.4180711805820465,0.8032606244087219,-0.011650084517896175
82,hand,6,1,0.430536150932312,0.8326448798179626,-0.012720969505608082
82,hand,7,1,0.43921011686325073,0.8256709575653076,-0.01194723043590784
82,hand,8,1,0.4409504234790802,0.8145423531532288,-0.011133222840726376
82,hand,9,1,0.41170555353164673,0.8044233322143555,-0.0063050962053239346
82,hand,10,1,0.4265662729740143,0.8302183747291565,-0.007957995869219303
82,hand,11,1,0.43509379029273987,0.8210030794143677,-0.007301887031644583
82,hand,12,1,0.4352778196334839,0.8108657598495483,-0.006786919664591551
82,hand,13,1,0.40954849123954773,0.8027241826057434,-0.0009688687277957797
82,hand,14,1,0.4240439236164093,0.8261568546295166,-0.0032086672727018595
82,hand,15,1,0.43129077553749084,0.8185676336288452,-0.0025326814502477646
82,hand,16,1,0.4312031865119934,0.8080793619155884,-0.0017635644180700183
82,hand,17,1,0.4100778102874756,0.8008776307106018,0.004030756652355194
82,hand,18,1,0.42143842577934265,0.8196143507957458,0.0011787720723077655
82,hand,19,1,0.42734089493751526,0.8146922588348389,0.0010183894773945212
82,hand,20,1,0.4275745451450348,0.8062153458595276,0.0016789319925010204
82,pose,0,-1,0.5242838263511658,0.16000477969646454,-0.4828026592731476
82,pose,1,-1,0.5330813527107239,0.1388026624917984,-0.45971912145614624
82,pose,2,-1,0.538468599319458,0.140336811542511,-0.4598226845264435
82,pose,3,-1,0.5440934896469116,0.1419750303030014,-0.4598747193813324
82,pose,4,-1,0.5153478980064392,0.13580763339996338,-0.46546170115470886
82,pose,5,-1,0.508659303188324,0.13568414747714996,-0.4655633866786957
82,pose,6,-1,0.5026147365570068,0.13602213561534882,-0.4657144248485565
82,pose,7,-1,0.5489462614059448,0.15860438346862793,-0.2933250665664673
82,pose,8,-1,0.4923737645149231,0.1505756825208664,-0.32190290093421936
82,pose,9,-1,0.5340291857719421,0.1918727308511734,-0.41811075806617737
82,pose,10,-1,0.5104926228523254,0.18922340869903564,-0.42625904083251953
82,pose,11,-1,0.5914442539215088,0.3217487037181854,-0.16508297622203827
82,pose,12,-1,0.44181692600250244,0.319665789604187,-0.21710146963596344
82,pose,13,-1,0.6079692244529724,0.5448949933052063,-0.0581061989068985
82,pose,14,-1,0.4193037450313568,0.5382398366928101,-0.17291487753391266
82,pose,15,-1,0.6124647855758667,0.7452672719955444,-0.20530526340007782
82,pose,16,-1,0.4225974678993225,0.7341728210449219,-0.3065803349018097
82,pose,17,-1,0.62152099609375,0.8020809292793274,-0.2530064284801483
82,pose,18,-1,0.4215593934059143,0.792191743850708,-0.3519432842731476
82,pose,19,-1,0.6094827055931091,0.8010208606719971,-0.2982322871685028
82,pose,20,-1,0.43210411071777344,0.7927068471908569,-0.39627259969711304
82,pose,21,-1,0.6035784482955933,0.782942533493042,-0.22561298310756683
82,pose,22,-1,0.4351798892021179,0.7748128771781921,-0.3256072402000427
82,pose,23,-1,0.5560095310211182,0.7152560949325562,0.015297937206923962
82,pose,24,-1,0.47105637192726135,0.7198001742362976,-0.0151765001937747
82,pose,25,-1,0.5446256995201111,0.9739436507225037,0.024612557142972946
82,pose,26,-1,0.48743003606796265,0.9709966778755188,0.019018270075321198
82,pose,27,-1,0.5565361380577087,1.2021872997283936,0.448458731174469
82,pose,28,-1,0.4872164726257324,1.217028260231018,0.3410106301307678
82,pose,29,-1,0.5541906356811523,1.223865270614624,0.48434725403785706
82,pose,30,-1,0.4877510368824005,1.2407342195510864,0.36778801679611206
82,pose,31,-1,0.5567222237586975,1.2945473194122314,0.33842769265174866
82,pose,32,-1,0.5001524686813354,1.3092701435089111,0.17851127684116364
83,hand,0,0,0.6082565188407898,0.7586163878440857,9.289014712976496e-08
83,hand,1,0,0.595957338809967,0.7719326615333557,-0.007945876568555832
83,hand,2,0,0.5907754898071289,0.7956231832504272,-0.010977115482091904
83,hand,3,0,0.5885141491889954,0.8197275996208191,-0.0118262879550457
83,hand,4,0,0.586824893951416,0.8382343649864197,-0.011615628376603127
83,hand,5,0,0.6077377200126648,0.8105073571205139,-0.011493590660393238
83,hand,6,0,0.6006492376327515,0.8442045450210571,-0.014056702144443989
83,hand,7,0,0.59192955493927,0.8490565419197083,-0.013953043147921562
83,hand,8,0,0.586265504360199,0.8470166921615601,-0.0130429333075881
83,hand,9,0,0.6148573160171509,0.812401294708252,-0.00726231187582016
83,hand,10,0,0.6057994365692139,0.8465790748596191,-0.009697633795440197
83,hand,11,0,0.5957528352737427,0.84942227602005,-0.00925697386264801
83,hand,12,0,0.5895243883132935,0.8459284901618958,-0.008394645527005196
83,hand,13,0,0.6176774501800537,0.8118026256561279,-0.003122758585959673
83,hand,14,0,0.6088505387306213,0.8406902551651001,-0.0046848696656525135
83,hand,15,0,0.5995525121688843,0.8438636660575867,-0.004159087315201759
83,hand,16,0,0.5932895541191101,0.841464638710022,-0.003582692239433527
83,hand,17,0,0.6177910566329956,0.809411883354187,0.000495575659442693
83,hand,18,0,0.6107872128486633,0.8303423523902893,-0.0011037358781322837
83,hand,19,0,0.6033637523651123,0.835050106048584,-0.0012307548895478249
83,hand,20,0,0.5977402329444885,0.8348512649536133,-0.0007877659518271685
83,hand,0,1,0.41859883069992065,0.7440594434738159,-1.03870227974312e-07
83,hand,1,1,0.43297913670539856,0.7575739026069641,-0.009707535617053509
83,hand,2,1,0.43972355127334595,0.7819125652313232,-0.013472047634422779
83,hand,3,1,0.4439139664173126,0.8063818216323853,-0.014983847737312317
83,hand,4,1,0.44693523645401,0.8240451812744141,-0.01528320275247097
83,hand,5,1,0.4194108247756958,0.8046420216560364,-0.010665034875273705
83,hand,6,1,0.4321577250957489,0.8328648805618286,-0.012070726603269577
83,hand,7,1,0.44005683064460754,0.8246368169784546,-0.011860253289341927
83,hand,8,1,0.4407283067703247,0.8129255175590515,-0.011404933407902718
83,hand,9,1,0.41278722882270813,0.8055182099342346,-0.005211314652115107
83,hand,10,1,0.42694374918937683,0.8305945992469788,-0.007080219220370054
83,hand,11,1,0.4348873794078827,0.8204614520072937,-0.00687895342707634
83,hand,12,1,0.43468937277793884,0.8106984496116638,-0.006521123461425304
83,hand,13,1,0.41013211011886597,0.8031272292137146,5.005880302633159e-05
83,hand,14,1,0.4237362742424011,0.8253589272499084,-0.0023768418468534946
83,hand,15,1,0.4303949475288391,0.8173218369483948,-0.0018811695044860244
83,hand,16,1,0.42989322543144226,0.8075156807899475,-0.0011245309142395854
83,hand,17,1,0.4100150763988495,0.8005380630493164,0.004887055605649948
83,hand,18,1,0.4210520386695862,0.8192760944366455,0.002045598579570651
83,hand,19,1,0.4263644516468048,0.8140389323234558,0.002013117540627718
83,hand,20,1,0.4261719882488251,0.8054410815238953,0.0028565942775458097
83,pose,0,-1,0.5241378545761108,0.15986470878124237,-0.482235848903656
83,pose,1,-1,0.5330784916877747,0.1385469138622284,-0.4587538540363312
83,pose,2,-1,0.5384575128555298,0.14010554552078247,-0.4588668942451477
83,pose,3,-1,0.5440863966941833,0.14178036153316498,-0.45892104506492615
83,pose,4,-1,0.515341579914093,0.1356147974729538,-0.4642367959022522
83,pose,5,-1,0.5086656212806702,0.13552898168563843,-0.46433964371681213
83,pose,6,-1,0.502648115158081,0.13590042293071747,-0.46450120210647583
83,pose,7,-1,0.5491703152656555,0.15854796767234802,-0.2908363342285156
83,pose,8,-1,0.49253857135772705,0.1504278928041458,-0.3175418972969055
83,pose,9,-1,0.5339494943618774,0.19139590859413147,-0.41714897751808167
83,pose,10,-1,0.510482132434845,0.1890253722667694,-0.42490556836128235
83,pose,11,-1,0.5915756821632385,0.3214658498764038,-0.163665771484375
83,pose,12,-1,0.44236838817596436,0.31889066100120544,-0.21420158445835114
83,pose,13,-1,0.6080017685890198,0.5447568297386169,-0.058716777712106705
83,pose,14,-1,0.41941696405410767,0.5375409126281738,-0.17197014391422272
83,pose,15,-1,0.6126664876937866,0.7450355887413025,-0.20591801404953003
83,pose,16,-1,0.42274850606918335,0.7341715097427368,-0.303682804107666
83,pose,17,-1,0.6214849948883057,0.8021494746208191,-0.2533082664012909
83,pose,18,-1,0.42199036478996277,0.7921552658081055,-0.3489170968532562
83,pose,19,-1,0.6093763709068298,0.8011397123336792,-0.3000563681125641
83,pose,20,-1,0.4327835738658905,0.7926132678985596,-0.3935033977031708
83,pose,21,-1,0.6035159826278687,0.7831840515136719,-0.22594700753688812
83,pose,22,-1,0.43576937913894653,0.7747880816459656,-0.32279008626937866
83,pose,23,-1,0.5563820600509644,0.7152911424636841,0.014978766441345215
83,pose,24,-1,0.4711296856403351,0.7198197841644287,-0.014850972220301628
83,pose,25,-1,0.5444972515106201,0.9740169048309326,0.02346814051270485
83,pose,26,-1,0.4873882532119751,0.9710505604743958,0.019224073737859726
83,pose,27,-1,0.5559436678886414,1.2036362886428833,0.4483496844768524
83,pose,28,-1,0.48622235655784607,1.2174900770187378,0.3418728709220886
83,pose,29,-1,0.5537288188934326,1.225309133529663,0.4842170476913452
83,pose,30,-1,0.4865317940711975,1.241723656654358,0.3689032196998596
83,pose,31,-1,0.5551325678825378,1.295577049255371,0.3377125859260559
83,pose,32,-1,0.49895232915878296,1.309355616569519,0.1801442801952362
84,hand,0,0,0.6088106632232666,0.7573064565658569,1.0140015405113445e-07
84,hand,1,0,0.596405029296875,0.7703933119773865,-0.00811837986111641
84,hand,2,0,0.590793788433075,0.7944242358207703,-0.011364297941327095
84,hand,3,0,0.5884478092193604,0.8192405700683594,-0.012408746406435966
84,hand,4,0,0.5874168276786804,0.838255763053894,-0.01248520240187645
84,hand,5,0,0.6085171699523926,0.8095502257347107,-0.01201145350933075
84,hand,6,0,0.6008957028388977,0.8438242077827454,-0.014926533214747906
84,hand,7,0,0.5920173525810242,0.8499501943588257,-0.015087155625224113
84,hand,8,0,0.5858197212219238,0.8490305542945862,-0.014360588043928146
84,hand,9,0,0.6155868768692017,0.8115036487579346,-0.00775738013908267
84,hand,10,0,0.6061854958534241,0.8460180163383484,-0.010355289094150066
84,hand,11,0,0.5961818099021912,0.8491512537002563,-0.009925619699060917
84,hand,12,0,0.5897276997566223,0.8465301990509033,-0.009103055112063885
84,hand,13,0,0.6182423233985901,0.8110536932945251,-0.0035977207589894533
84,hand,14,0,0.6093531847000122,0.8396683931350708,-0.0052660140208899975
84,hand,15,0,0.6001764535903931,0.8433378338813782,-0.00466532725840807
84,hand,16,0,0.5937156677246094,0.8420690298080444,-0.004090433940291405
84,hand,17,0,0.6181722283363342,0.8088631629943848,1.3542379747377709e-05
84,hand,18,0,0.6112750768661499,0.8296497464179993,-0.001732000382617116
84,hand,19,0,0.6037959456443787,0.8347974419593811,-0.001843362464569509
84,hand,20,0,0.5979635119438171,0.8355227708816528,-0.0013928975677117705
84,hand,0,1,0.42028936743736267,0.7446545362472534,-1.1068097904853857e-07
84,hand,1,1,0.4348348379135132,0.7597994208335876,-0.008139667101204395
84,hand,2,1,0.44115227460861206,0.7847585678100586,-0.011363181285560131
84,hand,3,1,0.44486063718795776,0.8088403940200806,-0.012609569355845451
84,hand,4,1,0.4484036862850189,0.8243577480316162,-0.012804923579096794
84,hand,5,1,0.4199565351009369,0.8028959631919861,-0.010748888365924358
84,hand,6,1,0.43217164278030396,0.832123339176178,-0.01237421203404665
84,hand,7,1,0.4402306079864502,0.8249794840812683,-0.012155157513916492
84,hand,8,1,0.4415554702281952,0.8136845827102661,-0.011623640544712543
84,hand,9,1,0.4130915105342865,0.8040604591369629,-0.0062627242878079414
84,hand,10,1,0.4273848533630371,0.8307059407234192,-0.008241711184382439
84,hand,11,1,0.43546441197395325,0.8217946887016296,-0.007828419096767902
84,hand,12,1,0.4356764554977417,0.8118183612823486,-0.007386611308902502
84,hand,13,1,0.4105037450790405,0.8021312355995178,-0.0018169269897043705
84,hand,14,1,0.4243559241294861,0.8263453245162964,-0.004207260441035032
84,hand,15,1,0.4312264919281006,0.8189533948898315,-0.0034488369710743427
84,hand,16,1,0.43097472190856934,0.8088943958282471,-0.0025485956575721502
84,hand,17,1,0.4108077883720398,0.8000057935714722,0.0023136776871979237
84,hand,18,1,0.42156845331192017,0.8196769952774048,-0.000358852295903489
84,hand,19,1,0.4271436631679535,0.8155764937400818,-0.00023397992481477559
84,hand,20,1,0.4272812604904175,0.807554304599762,0.0005947604076936841
84,pose,0,-1,0.5241182446479797,0.15999262034893036,-0.48128125071525574
84,pose,1,-1,0.5331258177757263,0.1388295739889145,-0.45784562826156616
84,pose,2,-1,0.5384760499000549,0.14038458466529846,-0.45795711874961853
84,pose,3,-1,0.5441035032272339,0.14207908511161804,-0.45800837874412537
84,pose,4,-1,0.5155355930328369,0.13574419915676117,-0.463259756565094
84,pose,5,-1,0.5089164972305298,0.13558655977249146,-0.46336278319358826
84,pose,6,-1,0.5029695630073547,0.13591636717319489,-0.46352052688598633
84,pose,7,-1,0.5492957830429077,0.15876330435276031,-0.29054543375968933
84,pose,8,-1,0.4928598701953888,0.15034279227256775,-0.3172750473022461
84,pose,9,-1,0.533935546875,0.19135357439517975,-0.41650643944740295
84,pose,10,-1,0.5105046033859253,0.18899887800216675,-0.4241521656513214
84,pose,11,-1,0.5915418863296509,0.32072341442108154,-0.1628420352935791
84,pose,12,-1,0.4428596794605255,0.318102091550827,-0.21383865177631378
84,pose,13,-1,0.6081874370574951,0.543138861656189,-0.05839237943291664
84,pose,14,-1,0.4197154641151428,0.5371154546737671,-0.17043903470039368
84,pose,15,-1,0.6129148602485657,0.7445608377456665,-0.20402880012989044
84,pose,16,-1,0.42304593324661255,0.7342036962509155,-0.30221351981163025
84,pose,17,-1,0.6216258406639099,0.8017624020576477,-0.2514752745628357
84,pose,18,-1,0.422329306602478,0.7921618819236755,-0.3473857045173645
84,pose,19,-1,0.6093814373016357,0.8007584810256958,-0.2993139326572418
84,pose,20,-1,0.43340158462524414,0.7925843596458435,-0.39217764139175415
84,pose,21,-1,0.6035121083259583,0.7827274799346924,-0.22504933178424835
84,pose,22,-1,0.4365660846233368,0.7747842073440552,-0.32138434052467346
84,pose,23,-1,0.5567153096199036,0.7149760723114014,0.014974834397435188
84,pose,24,-1,0.47133246064186096,0.7194850444793701,-0.0148414121940732
84,pose,25,-1,0.5445135235786438,0.9736170768737793,0.0218964871019125
84,pose,26,-1,0.4873775839805603,0.969810426235199,0.0198682751506567
84,pose,27,-1,0.5556720495223999,1.2039105892181396,0.44525206089019775
84,pose,28,-1,0.486103355884552,1.2167365550994873,0.35149919986724854
84,pose,29,-1,0.5533987879753113,1.2256908416748047,0.4811292588710785
84,pose,30,-1,0.4863956868648529,1.241037130355835,0.3798341155052185
84,pose,31,-1,0.5548887848854065,1.2957333326339722,0.33541813492774963
84,pose,32,-1,0.49884358048439026,1.3079279661178589,0.19511789083480835
85,hand,0,0,0.6090811491012573,0.7568508386611938,9.6661736392889e-08
85,hand,1,0,0.5962357521057129,0.7709444761276245,-0.007953914813697338
85,hand,2,0,0.5908952355384827,0.795677125453949,-0.01106168795377016
85,hand,3,0,0.5883359313011169,0.8205415606498718,-0.011983823962509632
85,hand,4,0,0.5864028930664062,0.8389802575111389,-0.011854368261992931
85,hand,5,0,0.6081010103225708,0.8094753623008728,-0.011700262315571308
85,hand,6,0,0.6008820533752441,0.8435581922531128,-0.014467989094555378
85,hand,7,0,0.591765820980072,0.848783016204834,-0.014480184763669968
85,hand,8,0,0.585742712020874,0.8470368981361389,-0.013633175753057003
85,hand,9,0,0.615553081035614,0.8112637400627136,-0.007488747127354145
85,hand,10,0,0.6063956618309021,0.8459942936897278,-0.010003462433815002
85,hand,11,0,0.595977783203125,0.8486542701721191,-0.00944189541041851
85,hand,12,0,0.5895376205444336,0.8453385829925537,-0.008488084189593792
85,hand,13,0,0.6185014247894287,0.8105695247650146,-0.003371492028236389
85,hand,14,0,0.6095992922782898,0.8398709297180176,-0.005072812549769878
85,hand,15,0,0.5999549627304077,0.8430500030517578,-0.004396860953420401
85,hand,16,0,0.5934698581695557,0.8408430814743042,-0.0037090699188411236
85,hand,17,0,0.6186062097549438,0.808030903339386,0.0002148972562281415
85,hand,18,0,0.6114159822463989,0.8293437361717224,-0.0016084894305095077
85,hand,19,0,0.6035991907119751,0.8340274095535278,-0.00170198327396065
85,hand,20,0,0.5977590084075928,0.8339335918426514,-0.0011980078415945172
85,hand,0,1,0.42003166675567627,0.747128963470459,-1.076586997328377e-07
85,hand,1,1,0.4345327913761139,0.75957852602005,-0.008797482587397099
85,hand,2,1,0.4409730136394501,0.782701849937439,-0.0123585294932127
85,hand,3,1,0.4448213577270508,0.8061500191688538,-0.013869167305529118
85,hand,4,1,0.4482157528400421,0.8229253888130188,-0.014326540753245354
85,hand,5,1,0.42046022415161133,0.80466228723526,-0.010798036120831966
85,hand,6,1,0.4328508675098419,0.8329534530639648,-0.012751290574669838
85,hand,7,1,0.4410098195075989,0.8257259726524353,-0.012996293604373932
85,hand,8,1,0.44204166531562805,0.8142926096916199,-0.012754583731293678
85,hand,9,1,0.413998544216156,0.805705189704895,-0.006007222458720207
85,hand,10,1,0.4284075200557709,0.8313124179840088,-0.008481787517666817
85,hand,11,1,0.4366969168186188,0.822432279586792,-0.00854786578565836
85,hand,12,1,0.43688341975212097,0.8122057318687439,-0.008281500078737736
85,hand,13,1,0.41167527437210083,0.803927481174469,-0.001342529896646738
85,hand,14,1,0.4254792332649231,0.8270076513290405,-0.004270642995834351
85,hand,15,1,0.4328118562698364,0.8197804093360901,-0.003869756357744336
85,hand,16,1,0.4326748847961426,0.8096175193786621,-0.0030197259038686752
85,hand,17,1,0.41213470697402954,0.8019832968711853,0.0029820643831044436
85,hand,18,1,0.42334288358688354,0.8210211992263794,-2.9610337151098065e-05
85,hand,19,1,0.42916375398635864,0.8163561224937439,-6.899576692376286e-05
85,hand,20,1,0.4292261600494385,0.8077049255371094,0.0007911782013252378
85,pose,0,-1,0.5241857171058655,0.16074685752391815,-0.4865286946296692
85,pose,1,-1,0.5332314372062683,0.1398666352033615,-0.46319422125816345
85,pose,2,-1,0.5385425686836243,0.1412910670042038,-0.46329715847969055
85,pose,3,-1,0.5441630482673645,0.14297375082969666,-0.46335136890411377
85,pose,4,-1,0.5158928632736206,0.13673162460327148,-0.4687775671482086
85,pose,5,-1,0.5093014240264893,0.13634520769119263,-0.46888986229896545
85,pose,6,-1,0.5033987760543823,0.1365029215812683,-0.4690414369106293
85,pose,7,-1,0.5494128465652466,0.15929357707500458,-0.2945193350315094
85,pose,8,-1,0.4933081269264221,0.15043190121650696,-0.32250452041625977
85,pose,9,-1,0.5339325070381165,0.1915232241153717,-0.4210647642612457
85,pose,10,-1,0.510673463344574,0.18928761780261993,-0.4290297329425812
85,pose,11,-1,0.591543972492218,0.32027727365493774,-0.16418501734733582
85,pose,12,-1,0.4436298906803131,0.3175504803657532,-0.2172672152519226
85,pose,13,-1,0.6084171533584595,0.5409684777259827,-0.05881074443459511
85,pose,14,-1,0.42002373933792114,0.5365347862243652,-0.17261336743831635
85,pose,15,-1,0.6131505370140076,0.744332492351532,-0.20254787802696228
85,pose,16,-1,0.42362532019615173,0.7336233854293823,-0.3036990761756897
85,pose,17,-1,0.621788740158081,0.8013206720352173,-0.24963977932929993
85,pose,18,-1,0.42284974455833435,0.7918264269828796,-0.3490234613418579
85,pose,19,-1,0.609416663646698,0.800226092338562,-0.2984226942062378
85,pose,20,-1,0.4341844618320465,0.7922168970108032,-0.39374372363090515
85,pose,21,-1,0.6035305857658386,0.7821767926216125,-0.22408731281757355
85,pose,22,-1,0.43757784366607666,0.7745270729064941,-0.32282331585884094
85,pose,23,-1,0.5567997097969055,0.7135498523712158,0.014941921457648277
85,pose,24,-1,0.4715098440647125,0.718553900718689,-0.014807993546128273
85,pose,25,-1,0.5444850325584412,0.9718930721282959,0.018098562955856323
85,pose,26,-1,0.4872955083847046,0.9667673707008362,0.02215898409485817
85,pose,27,-1,0.5547287464141846,1.198070764541626,0.4451068639755249
85,pose,28,-1,0.4857359230518341,1.2053134441375732,0.37411096692085266
85,pose,29,-1,0.5517027974128723,1.2192068099975586,0.48113223910331726
85,pose,30,-1,0.4858780801296234,1.227948546409607,0.40513768792152405
85,pose,31,-1,0.5546252131462097,1.2898082733154297,0.33677393198013306
85,pose,32,-1,0.4987389147281647,1.2963874340057373,0.22695857286453247
