frame,part,index,hand_index,x,y,z
1,hand,0,0,0.40691715478897095,0.7363172769546509,1.7700429566502862e-08
1,hand,1,0,0.4238555133342743,0.7410785555839539,-0.004339804407209158
1,hand,2,0,0.43346476554870605,0.7630243301391602,-0.005270009860396385
1,hand,3,0,0.43834632635116577,0.7867880463600159,-0.004994797054678202
1,hand,4,0,0.4436520040035248,0.8038420081138611,-0.004107630345970392
1,hand,5,0,0.4251401722431183,0.7883296608924866,-0.003893878310918808
1,hand,6,0,0.43440401554107666,0.8150249123573303,-0.0048450892791152
1,hand,7,0,0.4394039809703827,0.8287903666496277,-0.005249521695077419
1,hand,8,0,0.44323596358299255,0.8396133184432983,-0.005192749202251434
1,hand,9,0,0.4171372354030609,0.7941021919250488,-0.0019284416921436787
1,hand,10,0,0.4275452494621277,0.8215628862380981,-0.0027010575868189335
1,hand,11,0,0.43400096893310547,0.8355906009674072,-0.002933073788881302
1,hand,12,0,0.4386654794216156,0.8460598587989807,-0.0028238578233867884
1,hand,13,0,0.41158610582351685,0.7952620983123779,-0.00018671034194994718
1,hand,14,0,0.4210115671157837,0.8201776742935181,-0.0010218201205134392
1,hand,15,0,0.427156925201416,0.8333852887153625,-0.0010894708102568984
1,hand,16,0,0.4317953884601593,0.8429397344589233,-0.0007551410817541182
1,hand,17,0,0.4081876873970032,0.7936568856239319,0.0012570427497848868
1,hand,18,0,0.4145767092704773,0.8133180737495422,0.0013074022717773914
1,hand,19,0,0.4193848967552185,0.8243732452392578,0.001972209895029664
1,hand,20,0,0.42319178581237793,0.8323093056678772,0.002767077414318919
1,hand,0,1,0.5655488967895508,0.7386717200279236,6.272051678024582e-08
1,hand,1,1,0.5521730780601501,0.7423802018165588,-0.008910883218050003
1,hand,2,1,0.5427350997924805,0.7628061771392822,-0.011576753109693527
1,hand,3,1,0.5355243682861328,0.7839349508285522,-0.012294388376176357
1,hand,4,1,0.5283215641975403,0.7985554933547974,-0.012355386279523373
1,hand,5,1,0.5479691028594971,0.7932587265968323,-0.008018143475055695
1,hand,6,1,0.5418079495429993,0.8221981525421143,-0.009912511333823204
1,hand,7,1,0.5388550758361816,0.8380734920501709,-0.011156528256833553
1,hand,8,1,0.5371642112731934,0.8506890535354614,-0.011973286047577858
1,hand,9,1,0.5545136332511902,0.7972853779792786,-0.004088947549462318
1,hand,10,1,0.5488564968109131,0.8248525261878967,-0.005774207878857851
1,hand,11,1,0.545104444026947,0.8400486707687378,-0.006722042337059975
1,hand,12,1,0.5423635840415955,0.8514701724052429,-0.00724345538765192
1,hand,13,1,0.5585539937019348,0.7965829968452454,-0.0007459365879185498
1,hand,14,1,0.5531007647514343,0.8197069764137268,-0.0021745089907199144
1,hand,15,1,0.5493830442428589,0.8334043025970459,-0.003164268797263503
1,hand,16,1,0.5462576746940613,0.8449801206588745,-0.003744343528524041
1,hand,17,1,0.5603730082511902,0.7933946251869202,0.0018217950128018856
1,hand,18,1,0.554891049861908,0.8110548853874207,0.0009651017026044428
1,hand,19,1,0.5514299869537354,0.8208940625190735,0.0006561547052115202
1,hand,20,1,0.5483717322349548,0.8281892538070679,0.0005984943709336221
1,pose,0,-1,0.47539716958999634,0.16054630279541016,-0.4210009276866913
1,pose,1,-1,0.4851313829421997,0.13509422540664673,-0.39985036849975586
1,pose,2,-1,0.4899991750717163,0.13503915071487427,-0.3999287486076355
1,pose,3,-1,0.4952591061592102,0.1351470947265625,-0.4000610411167145
1,pose,4,-1,0.466506689786911,0.13696295022964478,-0.40145376324653625
1,pose,5,-1,0.46058809757232666,0.13787662982940674,-0.4015389084815979
1,pose,6,-1,0.45501306653022766,0.1391735076904297,-0.40167418122291565
1,pose,7,-1,0.5031478404998779,0.1467723250389099,-0.260739266872406
1,pose,8,-1,0.45075294375419617,0.15270811319351196,-0.26964709162712097
1,pose,9,-1,0.4873376190662384,0.19022786617279053,-0.36761805415153503
1,pose,10,-1,0.46495136618614197,0.19368356466293335,-0.3701687157154083
1,pose,11,-1,0.549938440322876,0.3189467191696167,-0.15692754089832306
1,pose,12,-1,0.412625253200531,0.32254454493522644,-0.19846801459789276
1,pose,13,-1,0.5647105574607849,0.5323296785354614,-0.0826163962483406
1,pose,14,-1,0.40260830521583557,0.5418938994407654,-0.1705636829137802
1,pose,15,-1,0.5648658871650696,0.7289764881134033,-0.19206497073173523
1,pose,16,-1,0.41272151470184326,0.7299215793609619,-0.2748468220233917
1,pose,17,-1,0.562486469745636,0.7858961820602417,-0.23309612274169922
1,pose,18,-1,0.41790932416915894,0.7902207970619202,-0.31182363629341125
1,pose,19,-1,0.5519385933876038,0.7805368900299072,-0.26461467146873474
1,pose,20,-1,0.42993390560150146,0.7841500043869019,-0.34709596633911133
1,pose,21,-1,0.550241231918335,0.7594277858734131,-0.20572809875011444
1,pose,22,-1,0.4309094250202179,0.7627150416374207,-0.2894870638847351
1,pose,23,-1,0.5225046277046204,0.6823996305465698,0.021360265091061592
1,pose,24,-1,0.44621339440345764,0.6879740357398987,-0.02120920643210411
1,pose,25,-1,0.5293314456939697,0.9647457599639893,-0.02080102078616619
1,pose,26,-1,0.4594970941543579,0.9684818983078003,-0.022554732859134674
1,pose,27,-1,0.5423116087913513,1.1548302173614502,0.37753674387931824
1,pose,28,-1,0.46163472533226013,1.1589584350585938,0.31232449412345886
1,pose,29,-1,0.5415892004966736,1.1813539266586304,0.4110690653324127
1,pose,30,-1,0.46365123987197876,1.1840341091156006,0.34146028757095337
1,pose,31,-1,0.5483508706092834,1.2482277154922485,0.28490445017814636
1,pose,32,-1,0.46996065974235535,1.2474455833435059,0.19073770940303802
2,hand,0,0,0.40716472268104553,0.7354581356048584,8.76728645238245e-09
2,hand,1,0,0.4245806634426117,0.740852952003479,-0.003356174100190401
2,hand,2,0,0.434154748916626,0.7638676166534424,-0.0038233143277466297
2,hand,3,0,0.4388516843318939,0.7870498895645142,-0.003347826423123479
2,hand,4,0,0.4438866078853607,0.8030586838722229,-0.0024307682178914547
2,hand,5,0,0.4258692264556885,0.7869912981987,-0.0033193582203239202
2,hand,6,0,0.4348715841770172,0.8134623765945435,-0.0044087632559239864
2,hand,7,0,0.4399107098579407,0.8269616365432739,-0.004827592521905899
2,hand,8,0,0.44362878799438477,0.8377094864845276,-0.004854611586779356
2,hand,9,0,0.4175243675708771,0.7928715348243713,-0.0020359738264232874
2,hand,10,0,0.4281559884548187,0.8198131918907166,-0.0027423864230513573
2,hand,11,0,0.4343622028827667,0.8338963985443115,-0.002875097095966339
2,hand,12,0,0.43874591588974,0.8448598980903625,-0.002869051182642579
2,hand,13,0,0.4116475284099579,0.7944060564041138,-0.000985692604444921
2,hand,14,0,0.4215134382247925,0.8195918202400208,-0.0019890323746949434
2,hand,15,0,0.4273703098297119,0.8334401845932007,-0.0023996608797460794
2,hand,16,0,0.4318891763687134,0.8435839414596558,-0.0024549716617912054
2,hand,17,0,0.4081389605998993,0.7933898568153381,-0.00015541905304417014
2,hand,18,0,0.4148365259170532,0.8137621283531189,-0.0008830652222968638
2,hand,19,0,0.41981568932533264,0.825249433517456,-0.0009439326822757721
2,hand,20,0,0.42410996556282043,0.8337172269821167,-0.0007034424343146384
2,hand,0,1,0.5650008916854858,0.734946072101593,7.46040740295939e-08
2,hand,1,1,0.5508992075920105,0.741685152053833,-0.007301125209778547
2,hand,2,1,0.5406726598739624,0.7621111273765564,-0.0092904819175601
2,hand,3,1,0.5345541834831238,0.7830612659454346,-0.009915441274642944
2,hand,4,1,0.5281400084495544,0.798114538192749,-0.010025758296251297
2,hand,5,1,0.5473598837852478,0.7901143431663513,-0.0050323884934186935
2,hand,6,1,0.5424623489379883,0.8171391487121582,-0.007203804329037666
2,hand,7,1,0.540156364440918,0.8335752487182617,-0.009039081633090973
2,hand,8,1,0.5388374328613281,0.8471906185150146,-0.010352795012295246
2,hand,9,1,0.554477334022522,0.793626070022583,-0.002380597172304988
2,hand,10,1,0.549268364906311,0.8199577331542969,-0.004233657382428646
2,hand,11,1,0.5457991361618042,0.8370577692985535,-0.005910583306103945
2,hand,12,1,0.5434322953224182,0.8508226275444031,-0.007132493890821934
2,hand,13,1,0.5594243407249451,0.7923524975776672,-0.0004073772579431534
2,hand,14,1,0.5546427965164185,0.8156722784042358,-0.0023530505131930113
2,hand,15,1,0.5512998700141907,0.8309405446052551,-0.0037983767688274384
2,hand,16,1,0.5485466122627258,0.8439745903015137,-0.004702203907072544
2,hand,17,1,0.5623399019241333,0.7886464595794678,0.0008953905780799687
2,hand,18,1,0.5579370856285095,0.807026743888855,-0.000982571509666741
2,hand,19,1,0.5550193786621094,0.8176221251487732,-0.0018204557709395885
2,hand,20,1,0.5525269508361816,0.8257865309715271,-0.002174596069380641
2,pose,0,-1,0.4748501479625702,0.1606258600950241,-0.37612155079841614
2,pose,1,-1,0.4846653342247009,0.13505074381828308,-0.35331133008003235
2,pose,2,-1,0.48983749747276306,0.1349388211965561,-0.35341188311576843
2,pose,3,-1,0.49479737877845764,0.1351003348827362,-0.35352373123168945
2,pose,4,-1,0.4663514494895935,0.13702717423439026,-0.35397905111312866
2,pose,5,-1,0.4605146050453186,0.13805755972862244,-0.35402414202690125
2,pose,6,-1,0.45497703552246094,0.13934479653835297,-0.3541516363620758
2,pose,7,-1,0.5029165148735046,0.14688219130039215,-0.21102768182754517
2,pose,8,-1,0.450762003660202,0.1527300477027893,-0.213170126080513
2,pose,9,-1,0.4872395694255829,0.1902284324169159,-0.32226133346557617
2,pose,10,-1,0.4649558365345001,0.1936953067779541,-0.32281264662742615
2,pose,11,-1,0.5513280630111694,0.3190895617008209,-0.11764867603778839
2,pose,12,-1,0.4126630127429962,0.323459267616272,-0.14712564647197723
2,pose,13,-1,0.5647600293159485,0.5335672497749329,-0.060139335691928864
2,pose,14,-1,0.4025409519672394,0.5420166850090027,-0.12154135853052139
2,pose,15,-1,0.5647223591804504,0.7291738986968994,-0.19222812354564667
2,pose,16,-1,0.4127236306667328,0.7301539182662964,-0.24199147522449493
2,pose,17,-1,0.5625444054603577,0.7860828638076782,-0.2391211986541748
2,pose,18,-1,0.4175868034362793,0.7903079390525818,-0.28350067138671875
2,pose,19,-1,0.5519725680351257,0.7809816002845764,-0.27274802327156067
2,pose,20,-1,0.4299076199531555,0.7843427062034607,-0.3212905824184418
2,pose,21,-1,0.550176739692688,0.7602308988571167,-0.20673421025276184
2,pose,22,-1,0.4311518669128418,0.7632256150245667,-0.257939875125885
2,pose,23,-1,0.5226871371269226,0.69501793384552,0.018203001469373703
2,pose,24,-1,0.44604435563087463,0.7027102708816528,-0.017979102209210396
2,pose,25,-1,0.5295895338058472,0.9726575016975403,-0.020359067246317863
2,pose,26,-1,0.45972198247909546,0.9798325300216675,-0.023758502677083015
2,pose,27,-1,0.541305661201477,1.1897331476211548,0.3730451464653015
2,pose,28,-1,0.4681219756603241,1.198442816734314,0.2993243336677551
2,pose,29,-1,0.54148930311203,1.2166748046875,0.4058283567428589
2,pose,30,-1,0.47145208716392517,1.2224210500717163,0.3274712562561035
2,pose,31,-1,0.5423563718795776,1.2771201133728027,0.27637720108032227
2,pose,32,-1,0.4757627546787262,1.282762050628662,0.17464876174926758
3,hand,0,0,0.4069320559501648,0.7362462878227234,1.0965480967684016e-08
3,hand,1,0,0.424625962972641,0.7404160499572754,-0.0037341539282351732
3,hand,2,0,0.4343124032020569,0.7636319398880005,-0.004125984385609627
3,hand,3,0,0.4390493631362915,0.7870731949806213,-0.0034326373133808374
3,hand,4,0,0.4441767632961273,0.8031120896339417,-0.002244752598926425
3,hand,5,0,0.4256727993488312,0.7868744730949402,-0.0034837068524211645
3,hand,6,0,0.4349304139614105,0.8134480118751526,-0.004418101627379656
3,hand,7,0,0.43998005986213684,0.8270170092582703,-0.004687635228037834
3,hand,8,0,0.4436487555503845,0.8377720713615417,-0.0045801447704434395
3,hand,9,0,0.4174140691757202,0.7931823134422302,-0.0018232702277600765
3,hand,10,0,0.42822250723838806,0.8199215531349182,-0.0023502882104367018
3,hand,11,0,0.43466201424598694,0.8333889842033386,-0.002258103573694825
3,hand,12,0,0.43909892439842224,0.8439638018608093,-0.002064442029222846
3,hand,13,0,0.4118184745311737,0.7952987551689148,-0.0004290696233510971
3,hand,14,0,0.42176032066345215,0.8201824426651001,-0.0013078076299279928
3,hand,15,0,0.42773115634918213,0.8331407904624939,-0.001492617535404861
3,hand,16,0,0.43216070532798767,0.8427754044532776,-0.0013442960334941745
3,hand,17,0,0.4087468385696411,0.7948963046073914,0.0007057785405777395
3,hand,18,0,0.4157683253288269,0.8154350519180298,5.907498052692972e-05
3,hand,19,0,0.4209156334400177,0.8265107274055481,0.00013961341755930334
3,hand,20,0,0.4253055155277252,0.8345028162002563,0.0005303355865180492
3,hand,0,1,0.5604391098022461,0.727856457233429,7.978148630627402e-08
3,hand,1,1,0.5469138026237488,0.7369303107261658,-0.0053427149541676044
3,hand,2,1,0.5377427935600281,0.7575913667678833,-0.007286590524017811
3,hand,3,1,0.5320621728897095,0.778842031955719,-0.008183708414435387
3,hand,4,1,0.5265307426452637,0.7942448854446411,-0.00870739109814167
3,hand,5,1,0.544518768787384,0.7855701446533203,-0.00419169757515192
3,hand,6,1,0.5411596894264221,0.8125581741333008,-0.006017303094267845
3,hand,7,1,0.5397080183029175,0.8287889957427979,-0.007744132541120052
3,hand,8,1,0.5388429760932922,0.8422260284423828,-0.009026046842336655
3,hand,9,1,0.5527177453041077,0.7883508801460266,-0.0025386044289916754
3,hand,10,1,0.5493500828742981,0.8153670430183411,-0.004107574000954628
3,hand,11,1,0.5467082262039185,0.8321101069450378,-0.005680279340595007
3,hand,12,1,0.5446593165397644,0.8452343940734863,-0.006864800583571196
3,hand,13,1,0.55934077501297,0.7864692807197571,-0.001279938849620521
3,hand,14,1,0.5557820200920105,0.8121316432952881,-0.0029452601447701454
3,hand,15,1,0.5529308915138245,0.8282208442687988,-0.004242174793034792
3,hand,16,1,0.5505387187004089,0.841066300868988,-0.005148241296410561
3,hand,17,1,0.5637408494949341,0.7821255326271057,-0.00045233790297061205
3,hand,18,1,0.559436023235321,0.801487147808075,-0.002079231198877096
3,hand,19,1,0.5563730001449585,0.8122404217720032,-0.0025912108831107616
3,hand,20,1,0.5535148978233337,0.8204185366630554,-0.0026944931596517563
3,pose,0,-1,0.47456493973731995,0.16078998148441315,-0.3732442855834961
3,pose,1,-1,0.48439502716064453,0.13505186140537262,-0.35011813044548035
3,pose,2,-1,0.48973068594932556,0.1349363923072815,-0.3502410054206848
3,pose,3,-1,0.49451884627342224,0.1351066380739212,-0.35035914182662964
3,pose,4,-1,0.4662795662879944,0.13713599741458893,-0.3503963053226471
3,pose,5,-1,0.4604942500591278,0.13822293281555176,-0.3504445254802704
3,pose,6,-1,0.45496946573257446,0.1394670456647873,-0.350573867559433
3,pose,7,-1,0.5027036070823669,0.14697931706905365,-0.20643483102321625
3,pose,8,-1,0.4507635831832886,0.15272800624370575,-0.2068212777376175
3,pose,9,-1,0.48715874552726746,0.19025786221027374,-0.31891900300979614
3,pose,10,-1,0.464981347322464,0.1937507688999176,-0.31902310252189636
3,pose,11,-1,0.5517771244049072,0.3190985321998596,-0.11377179622650146
3,pose,12,-1,0.4127112925052643,0.3235093057155609,-0.14241541922092438
3,pose,13,-1,0.5651057362556458,0.533581018447876,-0.056678131222724915
3,pose,14,-1,0.4023968279361725,0.5418270826339722,-0.11917204409837723
3,pose,15,-1,0.5636823177337646,0.7282312512397766,-0.1915566474199295
3,pose,16,-1,0.4127248525619507,0.7299189567565918,-0.24207861721515656
3,pose,17,-1,0.5624049305915833,0.7853087186813354,-0.23976781964302063
3,pose,18,-1,0.41747066378593445,0.7901818156242371,-0.28532761335372925
3,pose,19,-1,0.5518027544021606,0.779975414276123,-0.2740256190299988
3,pose,20,-1,0.4299076795578003,0.7843273878097534,-0.3228265941143036
3,pose,21,-1,0.5495737791061401,0.759544849395752,-0.20657187700271606
3,pose,22,-1,0.4313632547855377,0.7632383108139038,-0.2581091523170471
3,pose,23,-1,0.5226867198944092,0.6989737749099731,0.01563568040728569
3,pose,24,-1,0.4457452893257141,0.706583559513092,-0.015445176512002945
3,pose,25,-1,0.529650092124939,0.9724915623664856,-0.021649306640028954
3,pose,26,-1,0.4601134955883026,0.9807376265525818,-0.027137793600559235
3,pose,27,-1,0.5406221747398376,1.1853435039520264,0.3823947310447693
3,pose,28,-1,0.47163286805152893,1.1952816247940063,0.30971652269363403
3,pose,29,-1,0.5413321256637573,1.2107763290405273,0.4178684651851654
3,pose,30,-1,0.4757058024406433,1.2174975872039795,0.3415796160697937
3,pose,31,-1,0.5401934385299683,1.274282693862915,0.2942601442337036
3,pose,32,-1,0.4794754385948181,1.2792166471481323,0.19756263494491577
4,hand,0,0,0.4075544774532318,0.7358980774879456,1.6911647193751378e-08
4,hand,1,0,0.42465412616729736,0.740361213684082,-0.003925584256649017
4,hand,2,0,0.43403488397598267,0.7625452280044556,-0.004579917062073946
4,hand,3,0,0.43872711062431335,0.786032497882843,-0.004081363789737225
4,hand,4,0,0.44400516152381897,0.8021982312202454,-0.003097236854955554
4,hand,5,0,0.42550423741340637,0.7869971394538879,-0.003990333992987871
4,hand,6,0,0.4349084198474884,0.813541829586029,-0.0048504904843866825
4,hand,7,0,0.44007864594459534,0.8268589973449707,-0.005023115314543247
4,hand,8,0,0.44381415843963623,0.8373870253562927,-0.004837338346987963
4,hand,9,0,0.41739621758461,0.7927667498588562,-0.0022252677008509636
4,hand,10,0,0.4280899465084076,0.8199048042297363,-0.0028479101601988077
4,hand,11,0,0.434497207403183,0.833653450012207,-0.0028500910848379135
4,hand,12,0,0.43901896476745605,0.844078540802002,-0.002688491251319647
4,hand,13,0,0.41187530755996704,0.7941221594810486,-0.0006737929070368409
4,hand,14,0,0.421559602022171,0.819373369216919,-0.0016099624335765839
4,hand,15,0,0.4274680018424988,0.832894504070282,-0.001953429775312543
4,hand,16,0,0.43196532130241394,0.8426929712295532,-0.001884403289295733
4,hand,17,0,0.40883782505989075,0.7931206822395325,0.0006525612552650273
4,hand,18,0,0.41561979055404663,0.8139576315879822,6.41064252704382e-05
4,hand,19,0,0.4206390380859375,0.8255301117897034,0.00012312094622757286
4,hand,20,0,0.42484012246131897,0.8339052200317383,0.000491362065076828
4,hand,0,1,0.5556885600090027,0.7174762487411499,6.968303267740339e-08
4,hand,1,1,0.5430089831352234,0.7265520095825195,-0.006022697780281305
4,hand,2,1,0.5335474610328674,0.7464236617088318,-0.008614146150648594
4,hand,3,1,0.5263875126838684,0.7664695978164673,-0.010221046395599842
4,hand,4,1,0.5205524563789368,0.7809557318687439,-0.011530478484928608
4,hand,5,1,0.5405839681625366,0.7742706537246704,-0.005628728773444891
4,hand,6,1,0.537763774394989,0.801609456539154,-0.008699027821421623
4,hand,7,1,0.5365788340568542,0.8183413743972778,-0.011166741140186787
4,hand,8,1,0.535825788974762,0.8320612907409668,-0.012930813245475292
4,hand,9,1,0.5486763119697571,0.7778006196022034,-0.004315108526498079
4,hand,10,1,0.5461932420730591,0.8044585585594177,-0.007191160693764687
4,hand,11,1,0.5446730256080627,0.8215519189834595,-0.009672783315181732
4,hand,12,1,0.5436946153640747,0.8359168171882629,-0.011390228755772114
4,hand,13,1,0.5556597113609314,0.7771312594413757,-0.003485626308247447
4,hand,14,1,0.5535447001457214,0.8025692701339722,-0.006338306702673435
4,hand,15,1,0.5522965788841248,0.8189531564712524,-0.008150352165102959
4,hand,16,1,0.5512668490409851,0.8331178426742554,-0.009243329986929893
4,hand,17,1,0.5608729124069214,0.774111807346344,-0.0031416555866599083
4,hand,18,1,0.5592663884162903,0.7949879765510559,-0.005645233206450939
4,hand,19,1,0.5581767559051514,0.8077753186225891,-0.0065717631950974464
4,hand,20,1,0.556847095489502,0.8181400895118713,-0.006910044699907303
4,pose,0,-1,0.4742063879966736,0.16081106662750244,-0.37044551968574524
4,pose,1,-1,0.48408204317092896,0.13505201041698456,-0.34788936376571655
4,pose,2,-1,0.4895828068256378,0.1349373459815979,-0.34801679849624634
4,pose,3,-1,0.4942570626735687,0.13513049483299255,-0.3481404483318329
4,pose,4,-1,0.46614986658096313,0.13714651763439178,-0.3478677570819855
4,pose,5,-1,0.4604763090610504,0.13823436200618744,-0.34789466857910156
4,pose,6,-1,0.4549578130245209,0.1394691914319992,-0.34801098704338074
4,pose,7,-1,0.5025491714477539,0.1470828801393509,-0.2045309990644455
4,pose,8,-1,0.4507818818092346,0.15268062055110931,-0.20426306128501892
4,pose,9,-1,0.4869774281978607,0.1902443766593933,-0.31599587202072144
4,pose,10,-1,0.4649743437767029,0.19371263682842255,-0.3158646821975708
4,pose,11,-1,0.5519906282424927,0.3189893662929535,-0.1062319278717041
4,pose,12,-1,0.4127250909805298,0.32349735498428345,-0.13989576697349548
4,pose,13,-1,0.5659592151641846,0.532234787940979,-0.04438943788409233
4,pose,14,-1,0.40226972103118896,0.5400124788284302,-0.11594559997320175
4,pose,15,-1,0.5604305863380432,0.7248080372810364,-0.17957507073879242
4,pose,16,-1,0.41272643208503723,0.7288315296173096,-0.23977191746234894
4,pose,17,-1,0.559901773929596,0.7817957401275635,-0.23094505071640015
4,pose,18,-1,0.4174206554889679,0.7894477248191833,-0.28386038541793823
4,pose,19,-1,0.5481048822402954,0.7765188813209534,-0.2665782570838928
4,pose,20,-1,0.43004950881004333,0.784038782119751,-0.3213004171848297
4,pose,21,-1,0.5455929040908813,0.7565867304801941,-0.19536945223808289
4,pose,22,-1,0.4318104088306427,0.7629863023757935,-0.2558317184448242
4,pose,23,-1,0.5226854681968689,0.6996370553970337,0.01581847295165062
4,pose,24,-1,0.4454110562801361,0.7081280946731567,-0.01563820242881775
4,pose,25,-1,0.5296991467475891,0.9725271463394165,-0.03954305499792099
4,pose,26,-1,0.4603613317012787,0.9803597927093506,-0.043410543352365494
4,pose,27,-1,0.5405603647232056,1.190947413444519,0.34693339467048645
4,pose,28,-1,0.4737159311771393,1.198209524154663,0.28744417428970337
4,pose,29,-1,0.5412140488624573,1.215105652809143,0.37969282269477844
4,pose,30,-1,0.477958083152771,1.2192412614822388,0.3175562620162964
4,pose,31,-1,0.5406845808029175,1.28201425075531,0.2531678080558777
4,pose,32,-1,0.48166829347610474,1.2845207452774048,0.17174763977527618
5,hand,0,0,0.40758368372917175,0.7362879514694214,1.4420638017043075e-08
5,hand,1,0,0.42462974786758423,0.7401196956634521,-0.003948334604501724
5,hand,2,0,0.4341962933540344,0.7623543739318848,-0.0046729412861168385
5,hand,3,0,0.43908023834228516,0.78593909740448,-0.004303333815187216
5,hand,4,0,0.4443274736404419,0.8020107746124268,-0.003445285139605403
5,hand,5,0,0.4261065125465393,0.786655843257904,-0.004154345951974392
5,hand,6,0,0.4352380335330963,0.8135066032409668,-0.005311816465109587
5,hand,7,0,0.44051066040992737,0.8270325660705566,-0.0056776441633701324
5,hand,8,0,0.44446876645088196,0.8374496102333069,-0.005591238383203745
5,hand,9,0,0.4180954396724701,0.7928360104560852,-0.0024861893616616726
5,hand,10,0,0.42880353331565857,0.820019006729126,-0.003223325591534376
5,hand,11,0,0.43525925278663635,0.8339861631393433,-0.003150573931634426
5,hand,12,0,0.4397878348827362,0.8441759347915649,-0.0029173733200877905
5,hand,13,0,0.41247081756591797,0.794520378112793,-0.0010667155729606748
5,hand,14,0,0.42232659459114075,0.8199293613433838,-0.0020910175517201424
5,hand,15,0,0.427999883890152,0.8335779905319214,-0.0023305113427340984
5,hand,16,0,0.4323546886444092,0.8432201147079468,-0.002185325836762786
5,hand,17,0,0.40911856293678284,0.7935766577720642,9.769518510438502e-05
5,hand,18,0,0.4155876934528351,0.8139318823814392,-0.0005035815993323922
5,hand,19,0,0.42026808857917786,0.8253664374351501,-0.0003797159588430077
5,hand,20,0,0.4243738651275635,0.8336068391799927,3.80869532818906e-05
5,pose,0,-1,0.4739614725112915,0.16079957783222198,-0.37937119603157043
5,pose,1,-1,0.4838830232620239,0.13497935235500336,-0.35656222701072693
5,pose,2,-1,0.4895005524158478,0.1348501741886139,-0.35666486620903015
5,pose,3,-1,0.494080126285553,0.13508731126785278,-0.35681119561195374
5,pose,4,-1,0.46609175205230713,0.1371314525604248,-0.35827523469924927
5,pose,5,-1,0.4604702889919281,0.13821980357170105,-0.3583274185657501
5,pose,6,-1,0.4549568295478821,0.13943418860435486,-0.3584541976451874
5,pose,7,-1,0.502484142780304,0.1470920592546463,-0.21407394111156464
5,pose,8,-1,0.4508345425128937,0.15254783630371094,-0.21875113248825073
5,pose,9,-1,0.4868469536304474,0.1901547610759735,-0.3250235915184021
5,pose,10,-1,0.46497541666030884,0.19359688460826874,-0.3269585371017456
5,pose,11,-1,0.5525578260421753,0.31875190138816833,-0.11646702885627747
5,pose,12,-1,0.4127795100212097,0.32353702187538147,-0.15240731835365295
5,pose,13,-1,0.5683372616767883,0.5292245745658875,-0.05201565474271774
5,pose,14,-1,0.4022822976112366,0.5393437147140503,-0.1267126053571701
5,pose,15,-1,0.5551295876502991,0.7178735733032227,-0.18120425939559937
5,pose,16,-1,0.4127497375011444,0.728691816329956,-0.2436571568250656
5,pose,17,-1,0.5546489953994751,0.7752189636230469,-0.23237024247646332
5,pose,18,-1,0.4174904525279999,0.7891773581504822,-0.288506418466568
5,pose,19,-1,0.5401890277862549,0.770642876625061,-0.26790788769721985
5,pose,20,-1,0.4302980601787567,0.7838994860649109,-0.3270660936832428
5,pose,21,-1,0.5367071628570557,0.7521680593490601,-0.19665822386741638
5,pose,22,-1,0.4321390390396118,0.7629322409629822,-0.25869911909103394
5,pose,23,-1,0.5227524638175964,0.6988552808761597,0.015912869945168495
5,pose,24,-1,0.4453780949115753,0.7080440521240234,-0.01572740264236927
5,pose,25,-1,0.5302010178565979,0.9712610244750977,-0.03642565757036209
5,pose,26,-1,0.4610050916671753,0.9800655841827393,-0.04233945533633232
5,pose,27,-1,0.5410646200180054,1.1875113248825073,0.3514755666255951
5,pose,28,-1,0.4760942757129669,1.1936278343200684,0.2834465205669403
5,pose,29,-1,0.5414616465568542,1.2142666578292847,0.3840920627117157
5,pose,30,-1,0.480353444814682,1.2160229682922363,0.31270143389701843
5,pose,31,-1,0.543531596660614,1.279117465019226,0.2589878439903259
5,pose,32,-1,0.485360711812973,1.2808541059494019,0.16605500876903534
6,hand,0,0,0.40741923451423645,0.7368263602256775,1.559584283938875e-08
6,hand,1,0,0.4246068596839905,0.7399121522903442,-0.0044647399336099625
6,hand,2,0,0.4345327317714691,0.7625542283058167,-0.005286244675517082
6,hand,3,0,0.43976929783821106,0.7864683866500854,-0.004903722554445267
6,hand,4,0,0.44507646560668945,0.8033288717269897,-0.004000690300017595
6,hand,5,0,0.42605188488960266,0.7864304184913635,-0.004606927279382944
6,hand,6,0,0.4355395436286926,0.8135512471199036,-0.00586148165166378
6,hand,7,0,0.4408190846443176,0.8272452354431152,-0.00628226762637496
6,hand,8,0,0.44474780559539795,0.838019847869873,-0.006261460483074188
6,hand,9,0,0.41811463236808777,0.793131411075592,-0.002703363075852394
6,hand,10,0,0.42919644713401794,0.8204832673072815,-0.003540671430528164
6,hand,11,0,0.43599483370780945,0.8340980410575867,-0.0035752460826188326
6,hand,12,0,0.44075050950050354,0.8443323373794556,-0.0034497040323913097
6,hand,13,0,0.4127295911312103,0.7955166697502136,-0.001081556547433138
6,hand,14,0,0.42283546924591064,0.8208960294723511,-0.0021659398917108774
6,hand,15,0,0.4289747178554535,0.8339265584945679,-0.002421731362119317
6,hand,16,0,0.43359237909317017,0.8431300520896912,-0.002310352399945259
6,hand,17,0,0.4097764194011688,0.7953433394432068,0.00022628459555562586
6,hand,18,0,0.4167761206626892,0.8158614635467529,-0.0005885331192985177
6,hand,19,0,0.422014445066452,0.8265868425369263,-0.0005683777271769941
6,hand,20,0,0.426513135433197,0.8338389992713928,-0.0002001074026338756
6,pose,0,-1,0.4739606976509094,0.16060584783554077,-0.3842448890209198
6,pose,1,-1,0.4838842451572418,0.13471649587154388,-0.3616613447666168
6,pose,2,-1,0.48952150344848633,0.13457472622394562,-0.36175212264060974
6,pose,3,-1,0.4940672814846039,0.13490904867649078,-0.3619095981121063
6,pose,4,-1,0.4661705791950226,0.1370178461074829,-0.36342528462409973
6,pose,5,-1,0.4606034457683563,0.13815724849700928,-0.3634864389896393
6,pose,6,-1,0.45514968037605286,0.1393556445837021,-0.3636131286621094
6,pose,7,-1,0.5024849772453308,0.14708177745342255,-0.2203538715839386
6,pose,8,-1,0.4509201943874359,0.1523115634918213,-0.2239845097064972
6,pose,9,-1,0.4868317246437073,0.1900031566619873,-0.3302238881587982
6,pose,10,-1,0.4650973081588745,0.19339688122272491,-0.3321552276611328
6,pose,11,-1,0.5526335835456848,0.3178936541080475,-0.1215711310505867
6,pose,12,-1,0.41278165578842163,0.3235912024974823,-0.15440471470355988
6,pose,13,-1,0.571596086025238,0.5198522210121155,-0.052986662834882736
6,pose,14,-1,0.4022921621799469,0.5385907292366028,-0.12398767471313477
6,pose,15,-1,0.5486740469932556,0.6799526810646057,-0.19549959897994995
6,pose,16,-1,0.41300004720687866,0.7285178899765015,-0.2474099099636078
6,pose,17,-1,0.5466880202293396,0.7338310480117798,-0.2513178288936615
6,pose,18,-1,0.41778796911239624,0.7886850833892822,-0.29038146138191223
6,pose,19,-1,0.5322792530059814,0.7269708514213562,-0.2811337411403656
6,pose,20,-1,0.4305599629878998,0.7831900715827942,-0.3285028040409088
6,pose,21,-1,0.5294552445411682,0.7122759222984314,-0.20859572291374207
6,pose,22,-1,0.4322673976421356,0.7623656392097473,-0.26263126730918884
6,pose,23,-1,0.5227591395378113,0.6983598470687866,0.015359986573457718
6,pose,24,-1,0.445372998714447,0.7070721387863159,-0.015156354755163193
6,pose,25,-1,0.5301401019096375,0.9693915247917175,-0.03946277126669884
6,pose,26,-1,0.46110740303993225,0.9775136113166809,-0.026969874277710915
6,pose,27,-1,0.5389271378517151,1.1847765445709229,0.3212253451347351
6,pose,28,-1,0.4751579165458679,1.1912111043930054,0.286073237657547
6,pose,29,-1,0.5379832983016968,1.2108691930770874,0.3504808843135834
6,pose,30,-1,0.4789663851261139,1.2139151096343994,0.3136639893054962
6,pose,31,-1,0.5426074862480164,1.276313066482544,0.217373788356781
6,pose,32,-1,0.4846876561641693,1.278397560119629,0.15993760526180267
7,hand,0,0,0.408085435628891,0.7376241683959961,1.2243313030069203e-08
7,hand,1,0,0.4251255691051483,0.7412316799163818,-0.003935103304684162
7,hand,2,0,0.4349278509616852,0.7637282609939575,-0.0046310401521623135
7,hand,3,0,0.4397406280040741,0.7872483730316162,-0.004389118403196335
7,hand,4,0,0.445120632648468,0.8035507202148438,-0.0036746838595718145
7,hand,5,0,0.427410364151001,0.7890112996101379,-0.0028598043136298656
7,hand,6,0,0.4359598159790039,0.8142332434654236,-0.004161967895925045
7,hand,7,0,0.4411625266075134,0.827400267124176,-0.005101996008306742
7,hand,8,0,0.44526538252830505,0.8378363847732544,-0.00554779963567853
7,hand,9,0,0.4194953441619873,0.7951487898826599,-0.0015156952431425452
7,hand,10,0,0.4296123683452606,0.8204999566078186,-0.002221740549430251
7,hand,11,0,0.4363225996494293,0.8340480327606201,-0.002767592202872038
7,hand,12,0,0.44137465953826904,0.8443677425384521,-0.0031297423411160707
7,hand,13,0,0.4139152467250824,0.7967879176139832,-0.0005364089738577604
7,hand,14,0,0.42339348793029785,0.8206817507743835,-0.0015646717511117458
7,hand,15,0,0.4293474555015564,0.8338592648506165,-0.002131011104211211
7,hand,16,0,0.43424859642982483,0.8434258103370667,-0.002362044993788004
7,hand,17,0,0.41050273180007935,0.7956421375274658,0.00011385991820134223
7,hand,18,0,0.4168529212474823,0.8148190975189209,-0.0007275929092429578
7,hand,19,0,0.42185574769973755,0.8255536556243896,-0.0008330909768119454
7,hand,20,0,0.42646870017051697,0.833351731300354,-0.0006296621868386865
7,pose,0,-1,0.4741407334804535,0.1608581840991974,-0.3807908892631531
7,pose,1,-1,0.4840232729911804,0.13524694740772247,-0.3594529926776886
7,pose,2,-1,0.48967447876930237,0.1351672112941742,-0.35958173871040344
7,pose,3,-1,0.494099885225296,0.13548459112644196,-0.3597021698951721
7,pose,4,-1,0.4663914740085602,0.13743048906326294,-0.3600863814353943
7,pose,5,-1,0.4608463943004608,0.13846242427825928,-0.3601425290107727
7,pose,6,-1,0.45542970299720764,0.1395397037267685,-0.3602835536003113
7,pose,7,-1,0.5025531649589539,0.14741966128349304,-0.21647821366786957
7,pose,8,-1,0.45097100734710693,0.15231165289878845,-0.21688233315944672
7,pose,9,-1,0.48691460490226746,0.19026759266853333,-0.32590430974960327
7,pose,10,-1,0.4654662013053894,0.1936117261648178,-0.3262062966823578
7,pose,11,-1,0.5526350140571594,0.31631967425346375,-0.11649391800165176
7,pose,12,-1,0.4127826690673828,0.3236040472984314,-0.13535943627357483
7,pose,13,-1,0.5761194825172424,0.514306902885437,-0.08139593154191971
7,pose,14,-1,0.4024069607257843,0.5378761291503906,-0.09728725254535675
7,pose,15,-1,0.5428454279899597,0.6293591260910034,-0.27539387345314026
7,pose,16,-1,0.4130381941795349,0.7276595234870911,-0.23424823582172394
7,pose,17,-1,0.5343284606933594,0.6862717270851135,-0.3379463851451874
7,pose,18,-1,0.41781294345855713,0.7880738973617554,-0.27868783473968506
7,pose,19,-1,0.5216407179832458,0.6678666472434998,-0.36086148023605347
7,pose,20,-1,0.4306625425815582,0.7826878428459167,-0.31794288754463196
7,pose,21,-1,0.5209870934486389,0.650542140007019,-0.28687745332717896
7,pose,22,-1,0.4322824776172638,0.7619718313217163,-0.2507631480693817
7,pose,23,-1,0.5240830779075623,0.6980196833610535,0.01380477286875248
7,pose,24,-1,0.4461417496204376,0.706989049911499,-0.0135502303019166
7,pose,25,-1,0.5303031802177429,0.9696705937385559,-0.04169128090143204
7,pose,26,-1,0.4611104428768158,0.9773287177085876,-0.024514174088835716
7,pose,27,-1,0.5381966233253479,1.1990137100219727,0.2940824329853058
7,pose,28,-1,0.4746466279029846,1.2019662857055664,0.2613188326358795
7,pose,29,-1,0.5367398858070374,1.225868582725525,0.32043835520744324
7,pose,30,-1,0.4781389832496643,1.2265657186508179,0.28456270694732666
7,pose,31,-1,0.5419885516166687,1.2890026569366455,0.18101005256175995
7,pose,32,-1,0.4844537675380707,1.2897893190383911,0.1248883306980133
8,hand,0,0,0.40916451811790466,0.7386401891708374,2.5391594604684542e-08
8,hand,1,0,0.42589694261550903,0.7422070503234863,-0.004253266844898462
8,hand,2,0,0.43578293919563293,0.7641175985336304,-0.005401228088885546
8,hand,3,0,0.44099190831184387,0.7876778244972229,-0.005265982821583748
8,hand,4,0,0.446401447057724,0.804260790348053,-0.004615378100425005
8,hand,5,0,0.4272612929344177,0.7887567281723022,-0.005706239491701126
8,hand,6,0,0.43693557381629944,0.8161635398864746,-0.0070623671635985374
8,hand,7,0,0.4424022138118744,0.8299281001091003,-0.0072170281782746315
8,hand,8,0,0.4462779760360718,0.8403126001358032,-0.0068545653484761715
8,hand,9,0,0.4191862642765045,0.7940770983695984,-0.003837975673377514
8,hand,10,0,0.43029794096946716,0.8225119113922119,-0.004851598758250475
8,hand,11,0,0.4370415210723877,0.8362603783607483,-0.004407565109431744
8,hand,12,0,0.44165173172950745,0.8463791608810425,-0.003763059386983514
8,hand,13,0,0.4136761724948883,0.7953992486000061,-0.002137452829629183
8,hand,14,0,0.4241052567958832,0.8216512203216553,-0.003358258632943034
8,hand,15,0,0.4301861524581909,0.8350272178649902,-0.0031940387561917305
8,hand,16,0,0.4345707595348358,0.8446707129478455,-0.002610227093100548
8,hand,17,0,0.41047632694244385,0.7944311499595642,-0.0006594817386940122
8,hand,18,0,0.4180065393447876,0.8164089918136597,-0.0013776769628748298
8,hand,19,0,0.4231675863265991,0.82792729139328,-0.0009432949591428041
8,hand,20,0,0.42733922600746155,0.836022138595581,-0.00016351326485164464
8,pose,0,-1,0.4747675657272339,0.16118846833705902,-0.3848634362220764
8,pose,1,-1,0.48438724875450134,0.13584640622138977,-0.364396870136261
8,pose,2,-1,0.48995864391326904,0.1358199119567871,-0.36455589532852173
8,pose,3,-1,0.49423229694366455,0.13603469729423523,-0.36464574933052063
8,pose,4,-1,0.46683499217033386,0.13791419565677643,-0.36625489592552185
8,pose,5,-1,0.4613077938556671,0.13886691629886627,-0.36633047461509705
8,pose,6,-1,0.4560055732727051,0.13979074358940125,-0.3664715588092804
8,pose,7,-1,0.5025914311408997,0.1475876271724701,-0.2200867086648941
8,pose,8,-1,0.4510161578655243,0.1523531824350357,-0.21919392049312592
8,pose,9,-1,0.4872696101665497,0.19066670536994934,-0.32747772336006165
8,pose,10,-1,0.4661106467247009,0.19399896264076233,-0.326433926820755
8,pose,11,-1,0.5526139140129089,0.3148132264614105,-0.11891556531190872
8,pose,12,-1,0.4128161072731018,0.32363176345825195,-0.13475139439105988
8,pose,13,-1,0.580862820148468,0.513450562953949,-0.1674152910709381
8,pose,14,-1,0.40283164381980896,0.5373338460922241,-0.09190046787261963
8,pose,15,-1,0.5389026403427124,0.562584400177002,-0.4529896676540375
8,pose,16,-1,0.41314956545829773,0.7266601920127869,-0.2314092069864273
8,pose,17,-1,0.5262734293937683,0.6014557480812073,-0.5250970125198364
8,pose,18,-1,0.4179089665412903,0.7873309850692749,-0.274446040391922
8,pose,19,-1,0.5165620446205139,0.5801419019699097,-0.5342035293579102
8,pose,20,-1,0.43097642064094543,0.7822611331939697,-0.3116891086101532
8,pose,21,-1,0.5179898738861084,0.5668053030967712,-0.4609585702419281
8,pose,22,-1,0.43237927556037903,0.7613866329193115,-0.24685178697109222
8,pose,23,-1,0.5247291922569275,0.6975842118263245,0.011679515242576599
8,pose,24,-1,0.4472860097885132,0.70684814453125,-0.011384977027773857
8,pose,25,-1,0.5305915474891663,0.9699532985687256,-0.0395532064139843
8,pose,26,-1,0.46116316318511963,0.9773852229118347,-0.018605925142765045
8,pose,27,-1,0.5389706492424011,1.2091346979141235,0.2903863191604614
8,pose,28,-1,0.474212110042572,1.2114728689193726,0.2440912127494812
8,pose,29,-1,0.536933958530426,1.2375152111053467,0.3157813847064972
8,pose,30,-1,0.4778641164302826,1.2383878231048584,0.26428142189979553
8,pose,31,-1,0.5437828302383423,1.2960445880889893,0.17129473388195038
8,pose,32,-1,0.48505932092666626,1.2988044023513794,0.09582265466451645
9,hand,0,0,0.4101225733757019,0.7391844987869263,9.727367356049399e-09
9,hand,1,0,0.4273502230644226,0.7427486181259155,-0.0034114618320018053
9,hand,2,0,0.4371199309825897,0.7654999494552612,-0.0037404303438961506
9,hand,3,0,0.44202226400375366,0.7885462641716003,-0.003040606388822198
9,hand,4,0,0.4467836320400238,0.8041593432426453,-0.0019011171534657478
9,hand,5,0,0.429034024477005,0.7891721129417419,-0.0037162054795771837
9,hand,6,0,0.4382844567298889,0.8154914975166321,-0.004817578010261059
9,hand,7,0,0.4434673488140106,0.8292349576950073,-0.005097012035548687
9,hand,8,0,0.4471927881240845,0.8397867679595947,-0.004960108082741499
9,hand,9,0,0.42084115743637085,0.7955971956253052,-0.002267504809424281
9,hand,10,0,0.43176335096359253,0.8222529292106628,-0.0030063448939472437
9,hand,11,0,0.4383440911769867,0.8362294435501099,-0.0028902071062475443
9,hand,12,0,0.442973256111145,0.846399188041687,-0.002625567140057683
9,hand,13,0,0.41521474719047546,0.7977595925331116,-0.0010484539670869708
9,hand,14,0,0.42536091804504395,0.8226566910743713,-0.0020449133589863777
9,hand,15,0,0.4311963617801666,0.8360456824302673,-0.002285259310156107
9,hand,16,0,0.4356566369533539,0.8456945419311523,-0.0021511646918952465
9,hand,17,0,0.41208839416503906,0.7971522212028503,-4.751900632982142e-05
9,hand,18,0,0.41908490657806396,0.8175666928291321,-0.0007654973887838423
9,hand,19,0,0.4239766299724579,0.8291146755218506,-0.0007899315096437931
9,hand,20,0,0.4282374382019043,0.8376306891441345,-0.00047527271090075374
9,pose,0,-1,0.4754646420478821,0.16183863580226898,-0.3832935690879822
9,pose,1,-1,0.48496145009994507,0.13662968575954437,-0.36209216713905334
9,pose,2,-1,0.49036893248558044,0.13669610023498535,-0.36224088072776794
9,pose,3,-1,0.4945560395717621,0.1368396133184433,-0.36230990290641785
9,pose,4,-1,0.4673157334327698,0.13841970264911652,-0.3654174506664276
9,pose,5,-1,0.4617455303668976,0.13928945362567902,-0.3654831647872925
9,pose,6,-1,0.4564833343029022,0.14009344577789307,-0.36561208963394165
9,pose,7,-1,0.5028095841407776,0.14802765846252441,-0.20875641703605652
9,pose,8,-1,0.4510546028614044,0.15250711143016815,-0.22105078399181366
9,pose,9,-1,0.48769429326057434,0.19159942865371704,-0.3240397274494171
9,pose,10,-1,0.4666602909564972,0.1947830766439438,-0.32696691155433655
9,pose,11,-1,0.5525270700454712,0.31398239731788635,-0.09558837115764618
9,pose,12,-1,0.41287869215011597,0.32362988591194153,-0.12814240157604218
9,pose,13,-1,0.5837503671646118,0.5138167142868042,-0.1836002767086029
9,pose,14,-1,0.4029443562030792,0.5368451476097107,-0.08337152004241943
9,pose,15,-1,0.5393387079238892,0.5039766430854797,-0.5296918153762817
9,pose,16,-1,0.41362279653549194,0.7263821363449097,-0.21921096742153168
9,pose,17,-1,0.5240503549575806,0.5138633251190186,-0.6085264682769775
9,pose,18,-1,0.41863030195236206,0.7871840596199036,-0.2585352957248688
9,pose,19,-1,0.516587495803833,0.490196168422699,-0.6087259650230408
9,pose,20,-1,0.4316098392009735,0.7822664976119995,-0.297220379114151
9,pose,21,-1,0.5196479558944702,0.4833631217479706,-0.536209225654602
9,pose,22,-1,0.4328208565711975,0.7614525556564331,-0.23416946828365326
9,pose,23,-1,0.5249353647232056,0.6968113780021667,0.011835836805403233
9,pose,24,-1,0.4479166865348816,0.7050032615661621,-0.011488468386232853
9,pose,25,-1,0.5305984616279602,0.9678494930267334,-0.02277197875082493
9,pose,26,-1,0.4620669186115265,0.9757897257804871,-0.015249328687787056
9,pose,27,-1,0.5388784408569336,1.2107387781143188,0.2845788598060608
9,pose,28,-1,0.47394663095474243,1.209191918373108,0.2192988097667694
9,pose,29,-1,0.5367903113365173,1.2403887510299683,0.3071931302547455
9,pose,30,-1,0.4778037965297699,1.2359776496887207,0.23625798523426056
9,pose,31,-1,0.5438203811645508,1.2938374280929565,0.16096210479736328
9,pose,32,-1,0.48753705620765686,1.296943187713623,0.06435666233301163
10,hand,0,0,0.41152048110961914,0.7377272248268127,1.665742566103745e-08
10,hand,1,0,0.4280240535736084,0.7420716881752014,-0.0035535949282348156
10,hand,2,0,0.43799641728401184,0.7647448182106018,-0.004195880144834518
10,hand,3,0,0.44295018911361694,0.7881154417991638,-0.0037803661543875933
10,hand,4,0,0.4479483366012573,0.803753137588501,-0.002967320615425706
10,hand,5,0,0.4302273690700531,0.7859219312667847,-0.005050306674093008
10,hand,6,0,0.4395294487476349,0.813736081123352,-0.0065782335586845875
10,hand,7,0,0.44451799988746643,0.828087329864502,-0.006932802964001894
10,hand,8,0,0.4481772482395172,0.8389672040939331,-0.0067881252616643906
10,hand,9,0,0.4219912886619568,0.7925758957862854,-0.0037074724677950144
10,hand,10,0,0.43268030881881714,0.8207495212554932,-0.004654999822378159
10,hand,11,0,0.4389318525791168,0.8352437615394592,-0.004540954250842333
10,hand,12,0,0.4433802366256714,0.8456584811210632,-0.0043058134615421295
10,hand,13,0,0.41612887382507324,0.795203685760498,-0.002524850657209754
10,hand,14,0,0.4261031746864319,0.8209154605865479,-0.0035556394141167402
10,hand,15,0,0.43177977204322815,0.834762692451477,-0.003745395690202713
10,hand,16,0,0.436109721660614,0.844563364982605,-0.0036590537056326866
10,hand,17,0,0.4126846492290497,0.7951457500457764,-0.0015583571512252092
10,hand,18,0,0.4194544851779938,0.81559157371521,-0.0023989055771380663
10,hand,19,0,0.4240540862083435,0.8270735144615173,-0.002446210477501154
10,hand,20,0,0.4279727339744568,0.8354465365409851,-0.0021738738287240267
10,pose,0,-1,0.47797879576683044,0.16256605088710785,-0.36135604977607727
10,pose,1,-1,0.4868491590023041,0.137380912899971,-0.33801761269569397
10,pose,2,-1,0.4916169047355652,0.13747413456439972,-0.33816927671432495
10,pose,3,-1,0.49619629979133606,0.13755567371845245,-0.3382042944431305
10,pose,4,-1,0.46916767954826355,0.13866351544857025,-0.34333860874176025
10,pose,5,-1,0.46328288316726685,0.13950322568416595,-0.34338605403900146
10,pose,6,-1,0.4581989049911499,0.14018753170967102,-0.3434838354587555
10,pose,7,-1,0.503835916519165,0.14838045835494995,-0.17789393663406372
10,pose,8,-1,0.451386034488678,0.15254941582679749,-0.20176227390766144
10,pose,9,-1,0.4891641438007355,0.1926819384098053,-0.3001023530960083
10,pose,10,-1,0.46831509470939636,0.19572420418262482,-0.30698394775390625
10,pose,11,-1,0.5520321130752563,0.3120240569114685,-0.06580601632595062
10,pose,12,-1,0.41311347484588623,0.3235957622528076,-0.10050908476114273
10,pose,13,-1,0.5859744548797607,0.5095567107200623,-0.1847924143075943
10,pose,14,-1,0.4029145836830139,0.5368112325668335,-0.039920706301927567
10,pose,15,-1,0.5357393622398376,0.4385395050048828,-0.5311118364334106
10,pose,16,-1,0.41514459252357483,0.7261062860488892,-0.15163898468017578
10,pose,17,-1,0.5194542407989502,0.4232393205165863,-0.6072445511817932
10,pose,18,-1,0.4193808138370514,0.7868946194648743,-0.18139652907848358
10,pose,19,-1,0.5134376883506775,0.40331950783729553,-0.5979259014129639
10,pose,20,-1,0.4324900507926941,0.7822684645652771,-0.2216888815164566
10,pose,21,-1,0.5162926316261292,0.4066675007343292,-0.534223198890686
10,pose,22,-1,0.43383610248565674,0.7614492774009705,-0.16593998670578003
10,pose,23,-1,0.5254717469215393,0.6925622820854187,0.011900430545210838
10,pose,24,-1,0.44881728291511536,0.701248049736023,-0.01154765672981739
10,pose,25,-1,0.5307158827781677,0.9642122387886047,-0.02396644838154316
10,pose,26,-1,0.4621829390525818,0.9743297696113586,-0.031372033059597015
10,pose,27,-1,0.5386521816253662,1.2104538679122925,0.27140703797340393
10,pose,28,-1,0.4739740490913391,1.2065508365631104,0.20023950934410095
10,pose,29,-1,0.5368397831916809,1.2393779754638672,0.2942962050437927
10,pose,30,-1,0.4773714244365692,1.232695460319519,0.21821708977222443
10,pose,31,-1,0.5420573949813843,1.2929794788360596,0.15351325273513794
10,pose,32,-1,0.4887155592441559,1.294097900390625,0.053746916353702545
11,hand,0,0,0.4131273329257965,0.7363272309303284,2.0075063389413117e-08
11,hand,1,0,0.4303670823574066,0.7396639585494995,-0.003308223793283105
11,hand,2,0,0.44042104482650757,0.7629879117012024,-0.0037209424190223217
11,hand,3,0,0.44504284858703613,0.7860850691795349,-0.003166966373100877
11,hand,4,0,0.44974565505981445,0.8015961050987244,-0.0022198089864104986
11,hand,5,0,0.43349191546440125,0.7853564023971558,-0.004383211489766836
11,hand,6,0,0.4416424334049225,0.8132907748222351,-0.005850840825587511
11,hand,7,0,0.44627809524536133,0.8281110525131226,-0.0063407085835933685
11,hand,8,0,0.4499262571334839,0.838878870010376,-0.006323231849819422
11,hand,9,0,0.4245016872882843,0.7917364239692688,-0.0032486955169588327
11,hand,10,0,0.43441659212112427,0.8194065093994141,-0.004015871789306402
11,hand,11,0,0.4408631920814514,0.8336278200149536,-0.0039962828159332275
11,hand,12,0,0.445770263671875,0.8430048227310181,-0.003869712585583329
11,hand,13,0,0.4179679751396179,0.794151782989502,-0.0023005821276456118
11,hand,14,0,0.4277210831642151,0.8198800683021545,-0.003244821447879076
11,hand,15,0,0.43365681171417236,0.8329590559005737,-0.003305684542283416
11,hand,16,0,0.43838202953338623,0.8418036103248596,-0.003137777093797922
11,hand,17,0,0.4141105115413666,0.7941375970840454,-0.0015751144383102655
11,hand,18,0,0.4209800064563751,0.8152719736099243,-0.0024989822413772345
11,hand,19,0,0.4258880615234375,0.8266025185585022,-0.0024613954592496157
11,hand,20,0,0.4301484227180481,0.8344053030014038,-0.002072992967441678
11,pose,0,-1,0.4797329008579254,0.16397136449813843,-0.26255205273628235
11,pose,1,-1,0.4885323941707611,0.13832348585128784,-0.24006466567516327
11,pose,2,-1,0.4930292069911957,0.1384144276380539,-0.240213081240654
11,pose,3,-1,0.49797677993774414,0.13849467039108276,-0.24023748934268951
11,pose,4,-1,0.4708424210548401,0.1391623318195343,-0.24612092971801758
11,pose,5,-1,0.46466583013534546,0.13986088335514069,-0.2461545467376709
11,pose,6,-1,0.4596853256225586,0.14040851593017578,-0.24624328315258026
11,pose,7,-1,0.5050380229949951,0.1489506959915161,-0.09294755011796951
11,pose,8,-1,0.4518412947654724,0.1526024490594864,-0.12165839225053787
11,pose,9,-1,0.4901789724826813,0.19355331361293793,-0.20638370513916016
11,pose,10,-1,0.469404399394989,0.1964169144630432,-0.21485871076583862
11,pose,11,-1,0.5508743524551392,0.3099285066127777,0.0029584006406366825
11,pose,12,-1,0.41375815868377686,0.32318970561027527,-0.043720439076423645
11,pose,13,-1,0.5868287682533264,0.500539243221283,-0.15569598972797394
11,pose,14,-1,0.4029143154621124,0.5368339419364929,0.006390086375176907
11,pose,15,-1,0.5320106148719788,0.3827178478240967,-0.4420250356197357
11,pose,16,-1,0.4173431098461151,0.7261054515838623,-0.07621431350708008
11,pose,17,-1,0.5148953199386597,0.35305094718933105,-0.5104084014892578
11,pose,18,-1,0.4214124083518982,0.7869313955307007,-0.09761542826890945
11,pose,19,-1,0.5105645656585693,0.3378005623817444,-0.4970707297325134
11,pose,20,-1,0.4348967969417572,0.782398521900177,-0.13552920520305634
11,pose,21,-1,0.5127890110015869,0.344361275434494,-0.44274261593818665
11,pose,22,-1,0.4361967146396637,0.7615253925323486,-0.08909143507480621
11,pose,23,-1,0.5260035395622253,0.6921754479408264,0.014013494364917278
11,pose,24,-1,0.4497810900211334,0.6995539665222168,-0.013598421588540077
11,pose,25,-1,0.5307168960571289,0.9633123278617859,-0.024362359195947647
11,pose,26,-1,0.46209394931793213,0.9744625687599182,-0.03553303703665733
11,pose,27,-1,0.5379265546798706,1.2140365839004517,0.23953305184841156
11,pose,28,-1,0.4739178717136383,1.2055692672729492,0.16722294688224792
11,pose,29,-1,0.5365756154060364,1.2429507970809937,0.2602914273738861
11,pose,30,-1,0.4770970940589905,1.2318490743637085,0.1827813684940338
11,pose,31,-1,0.5395236611366272,1.2959387302398682,0.1327444165945053
11,pose,32,-1,0.48940223455429077,1.2930798530578613,0.030373023822903633
12,hand,0,0,0.4147549867630005,0.7327174544334412,2.4015051280912303e-08
12,hand,1,0,0.43117406964302063,0.7360508441925049,-0.003653917694464326
12,hand,2,0,0.44199541211128235,0.7574934363365173,-0.004637155681848526
12,hand,3,0,0.4478309154510498,0.779859185218811,-0.004715559538453817
12,hand,4,0,0.45268481969833374,0.7957016229629517,-0.004396921023726463
12,hand,5,0,0.43522319197654724,0.7809423804283142,-0.004892455879598856
12,hand,6,0,0.44371604919433594,0.8086413741111755,-0.006927515380084515
12,hand,7,0,0.4487249553203583,0.8237340450286865,-0.007926953956484795
12,hand,8,0,0.4525562822818756,0.8350360989570618,-0.008274494670331478
12,hand,9,0,0.4265498220920563,0.7878628373146057,-0.0038635714445263147
12,hand,10,0,0.4369544982910156,0.8148543238639832,-0.005257932003587484
12,hand,11,0,0.44372639060020447,0.8302602767944336,-0.005769273731857538
12,hand,12,0,0.4489918351173401,0.8411514759063721,-0.006020832806825638
12,hand,13,0,0.42015138268470764,0.7907261848449707,-0.0030312149319797754
12,hand,14,0,0.4302392303943634,0.8155429363250732,-0.004361383151262999
12,hand,15,0,0.43633633852005005,0.8297577500343323,-0.004660491365939379
12,hand,16,0,0.4413551986217499,0.8397073149681091,-0.004647818859666586
12,hand,17,0,0.4162253737449646,0.7908652424812317,-0.0024583013728260994
12,hand,18,0,0.42338499426841736,0.8110982775688171,-0.0035742532927542925
12,hand,19,0,0.42854517698287964,0.8225621581077576,-0.003595836227759719
12,hand,20,0,0.4330705404281616,0.8307454586029053,-0.003246485022827983
12,pose,0,-1,0.48069506883621216,0.1650407463312149,-0.1984129399061203
12,pose,1,-1,0.48924094438552856,0.13912679255008698,-0.17631970345973969
12,pose,2,-1,0.4934651553630829,0.13919678330421448,-0.17645643651485443
12,pose,3,-1,0.49836787581443787,0.1392904818058014,-0.17646919190883636
12,pose,4,-1,0.4719531238079071,0.13966591656208038,-0.18454159796237946
12,pose,5,-1,0.4655340611934662,0.1402764916419983,-0.18457038700580597
12,pose,6,-1,0.46066632866859436,0.14073221385478973,-0.18464118242263794
12,pose,7,-1,0.5053341388702393,0.15008392930030823,-0.03521547466516495
12,pose,8,-1,0.4524402320384979,0.15318180620670319,-0.07372599095106125
12,pose,9,-1,0.4907546937465668,0.19431328773498535,-0.14396333694458008
12,pose,10,-1,0.4703240394592285,0.19673432409763336,-0.15530356764793396
12,pose,11,-1,0.5495995879173279,0.30819132924079895,0.051380835473537445
12,pose,12,-1,0.41457194089889526,0.3220260441303253,-0.02036675624549389
12,pose,13,-1,0.5858431458473206,0.4836980700492859,-0.109825998544693
12,pose,14,-1,0.4028710424900055,0.5364856719970703,-0.00039283098885789514
12,pose,15,-1,0.5256147980690002,0.3242884576320648,-0.410731703042984
12,pose,16,-1,0.41891592741012573,0.7255338430404663,-0.07373277842998505
12,pose,17,-1,0.5100592970848083,0.2785932123661041,-0.4748605787754059
12,pose,18,-1,0.42299774289131165,0.786590576171875,-0.09405896812677383
12,pose,19,-1,0.5083181262016296,0.26644444465637207,-0.41866761445999146
12,pose,20,-1,0.43675556778907776,0.7823964953422546,-0.12823952734470367
12,pose,21,-1,0.5106408596038818,0.2830851674079895,-0.4048316180706024
12,pose,22,-1,0.43809783458709717,0.7615309953689575,-0.08509338647127151
12,pose,23,-1,0.5263347625732422,0.6921206712722778,0.020902615040540695
12,pose,24,-1,0.4510231018066406,0.6972692608833313,-0.020522378385066986
12,pose,25,-1,0.5307144522666931,0.9631174802780151,-0.02474801614880562
12,pose,26,-1,0.46174556016921997,0.9744521379470825,-0.03786563128232956
12,pose,27,-1,0.5395278334617615,1.2220920324325562,0.2324526458978653
12,pose,28,-1,0.47388359904289246,1.208153247833252,0.15947069227695465
12,pose,29,-1,0.5385027527809143,1.2525824308395386,0.25262004137039185
12,pose,30,-1,0.47575658559799194,1.2355191707611084,0.1751703917980194
12,pose,31,-1,0.5439918041229248,1.3021117448806763,0.13300497829914093
12,pose,32,-1,0.4936301112174988,1.2955474853515625,0.03278747946023941
13,hand,0,0,0.5174170732498169,0.29051315784454346,-3.981039142786358e-08
13,hand,1,0,0.5040032267570496,0.28266921639442444,-0.0018812210764735937
13,hand,2,0,0.49048441648483276,0.26403936743736267,-0.003283110912889242
13,hand,3,0,0.48050934076309204,0.2498619258403778,-0.005792833399027586
13,hand,4,0,0.471619188785553,0.2429913729429245,-0.008824124000966549
13,hand,5,0,0.49770015478134155,0.2339397668838501,-0.0015187043463811278
13,hand,6,0,0.49600788950920105,0.20436176657676697,-0.006364680826663971
13,hand,7,0,0.4937443733215332,0.18604163825511932,-0.00969835463911295
13,hand,8,0,0.4915854334831238,0.17157936096191406,-0.012093251571059227
13,hand,9,0,0.5057005286216736,0.23284071683883667,-0.003739356528967619
13,hand,10,0,0.49844256043434143,0.22491703927516937,-0.012208354659378529
13,hand,11,0,0.4964851438999176,0.24101674556732178,-0.01487454492598772
13,hand,12,0,0.49671271443367004,0.25443482398986816,-0.014874344691634178
13,hand,13,0,0.5135091543197632,0.23445650935173035,-0.006422125268727541
13,hand,14,0,0.5060154795646667,0.2335754632949829,-0.014861839823424816
13,hand,15,0,0.5054816603660583,0.2532055974006653,-0.013677176088094711
13,hand,16,0,0.5063961744308472,0.26711705327033997,-0.010591255500912666
13,hand,17,0,0.5220193862915039,0.23719929158687592,-0.009221413172781467
13,hand,18,0,0.5147103667259216,0.23539121448993683,-0.014742294326424599
13,hand,19,0,0.5129304528236389,0.25209176540374756,-0.013001636601984501
13,hand,20,0,0.512802004814148,0.26466190814971924,-0.010159710422158241
13,hand,0,1,0.41618287563323975,0.7285946607589722,1.0784435566790762e-08
13,hand,1,1,0.4326033890247345,0.730676531791687,-0.004100828431546688
13,hand,2,1,0.44386184215545654,0.7518026232719421,-0.0051279752515256405
13,hand,3,1,0.4504650831222534,0.7740604281425476,-0.005278501659631729
13,hand,4,1,0.4557553231716156,0.7901068329811096,-0.004964901600033045
13,hand,5,1,0.43701809644699097,0.7765072584152222,-0.004146247636526823
13,hand,6,1,0.44627365469932556,0.8024391531944275,-0.0063536507077515125
13,hand,7,1,0.45135989785194397,0.817386269569397,-0.007764785550534725
13,hand,8,1,0.45514625310897827,0.8291618824005127,-0.008517146110534668
13,hand,9,1,0.42839115858078003,0.7849256992340088,-0.0030689314007759094
13,hand,10,1,0.4393603801727295,0.8092959523200989,-0.004587685689330101
13,hand,11,1,0.4462766647338867,0.8235716223716736,-0.005536824464797974
13,hand,12,1,0.4517112970352173,0.8346620798110962,-0.0062025790102779865
13,hand,13,1,0.42235034704208374,0.7891596555709839,-0.002345748245716095
13,hand,14,1,0.43314608931541443,0.8122738599777222,-0.004097417462617159
13,hand,15,1,0.43998968601226807,0.8252142071723938,-0.004679372999817133
13,hand,16,1,0.4456564784049988,0.8346146941184998,-0.004827374592423439
13,hand,17,1,0.4191180169582367,0.7904139161109924,-0.0019468555692583323
13,hand,18,1,0.42787426710128784,0.8101155161857605,-0.0036245877854526043
13,hand,19,1,0.4341089725494385,0.8207772970199585,-0.003940396010875702
13,hand,20,1,0.43968042731285095,0.8283220529556274,-0.00375669589266181
13,pose,0,-1,0.48051461577415466,0.16674606502056122,-0.17581027746200562
13,pose,1,-1,0.48914119601249695,0.1399712860584259,-0.15167662501335144
13,pose,2,-1,0.49341630935668945,0.14006082713603973,-0.1517867147922516
13,pose,3,-1,0.4983191192150116,0.14021997153759003,-0.15177127718925476
13,pose,4,-1,0.47181347012519836,0.14029501378536224,-0.1589544117450714
13,pose,5,-1,0.46545740962028503,0.14070942997932434,-0.15900591015815735
13,pose,6,-1,0.46059390902519226,0.14111943542957306,-0.1590488851070404
13,pose,7,-1,0.5054450035095215,0.1524384766817093,-0.007794979494065046
13,pose,8,-1,0.45263350009918213,0.1538088619709015,-0.043298058211803436
13,pose,9,-1,0.4907112419605255,0.1958455741405487,-0.1212664470076561
13,pose,10,-1,0.47024160623550415,0.19728541374206543,-0.1317107230424881
13,pose,11,-1,0.5482245087623596,0.3057085871696472,0.0701848492026329
13,pose,12,-1,0.41467612981796265,0.32120639085769653,0.010949788615107536
13,pose,13,-1,0.5857999324798584,0.4707579016685486,-0.08545489609241486
13,pose,14,-1,0.4024101793766022,0.5353211760520935,0.03024611435830593
13,pose,15,-1,0.5283716320991516,0.29741549491882324,-0.366005003452301
13,pose,16,-1,0.4198773205280304,0.7235413789749146,-0.04268456622958183
13,pose,17,-1,0.5139712691307068,0.25766119360923767,-0.4342692494392395
13,pose,18,-1,0.4250074028968811,0.7842938899993896,-0.0636427253484726
13,pose,19,-1,0.5113580226898193,0.24615055322647095,-0.3862096965312958
13,pose,20,-1,0.4385991394519806,0.7811776995658875,-0.09711524844169617
13,pose,21,-1,0.5132282376289368,0.25920242071151733,-0.35417991876602173
13,pose,22,-1,0.4395969808101654,0.7606877684593201,-0.05379153788089752
13,pose,23,-1,0.5263774991035461,0.692241907119751,0.021965159103274345
13,pose,24,-1,0.4511334002017975,0.6965765953063965,-0.021572457626461983
13,pose,25,-1,0.5311029553413391,0.963162899017334,-0.03172992169857025
13,pose,26,-1,0.46118101477622986,0.9751431941986084,-0.04270362854003906
13,pose,27,-1,0.5395843386650085,1.220190167427063,0.24617353081703186
13,pose,28,-1,0.4739235043525696,1.207162857055664,0.17509035766124725
13,pose,29,-1,0.5388529896736145,1.2500991821289062,0.2696593403816223
13,pose,30,-1,0.4749371111392975,1.2340755462646484,0.1933162957429886
13,pose,31,-1,0.5446570515632629,1.299755573272705,0.15317152440547943
13,pose,32,-1,0.49781492352485657,1.2945338487625122,0.05390387400984764
14,hand,0,0,0.5202066898345947,0.27055656909942627,1.9274276397140966e-08
14,hand,1,0,0.5041354894638062,0.26011452078819275,-0.0022840159945189953
14,hand,2,0,0.4897538125514984,0.2410818487405777,-0.003942825831472874
14,hand,3,0,0.47886115312576294,0.22853058576583862,-0.006663250271230936
14,hand,4,0,0.4693226218223572,0.22713033854961395,-0.009864884428679943
14,hand,5,0,0.4994533658027649,0.21097669005393982,0.0004219567927066237
14,hand,6,0,0.4982582926750183,0.18194323778152466,-0.003348857630044222
14,hand,7,0,0.4980272352695465,0.16137540340423584,-0.0065027265809476376
14,hand,8,0,0.4975333511829376,0.14458821713924408,-0.00891353189945221
14,hand,9,0,0.5075711607933044,0.20989805459976196,-0.0012896009720861912
14,hand,10,0,0.501221239566803,0.19786587357521057,-0.007873346097767353
14,hand,11,0,0.5000388622283936,0.21172307431697845,-0.009905614890158176
14,hand,12,0,0.5010102391242981,0.22386117279529572,-0.00966801866889
14,hand,13,0,0.515649139881134,0.21067392826080322,-0.003636053530499339
14,hand,14,0,0.5090586543083191,0.20266707241535187,-0.01016833633184433
14,hand,15,0,0.508404552936554,0.2193143665790558,-0.008729182183742523
14,hand,16,0,0.5097942352294922,0.2319958209991455,-0.005770170595496893
14,hand,17,0,0.5241871476173401,0.2130364030599594,-0.006257338915020227
14,hand,18,0,0.5172566175460815,0.20569778978824615,-0.009847818873822689
14,hand,19,0,0.515453040599823,0.21938829123973846,-0.007513150107115507
14,hand,20,0,0.5159838795661926,0.2307610958814621,-0.004589811898767948
14,hand,0,1,0.4179688096046448,0.7239096164703369,9.799139277788527e-09
14,hand,1,1,0.4350256621837616,0.7257341146469116,-0.003871376160532236
14,hand,2,1,0.44655463099479675,0.747551679611206,-0.004600068554282188
14,hand,3,1,0.4527922570705414,0.7703019976615906,-0.0043828836642205715
14,hand,4,1,0.4583896994590759,0.7856665849685669,-0.0037310875486582518
14,hand,5,1,0.43925410509109497,0.7714863419532776,-0.004053202923387289
14,hand,6,1,0.4492003917694092,0.7979637384414673,-0.0059716771356761456
14,hand,7,1,0.4548673629760742,0.8125061988830566,-0.007101806811988354
14,hand,8,1,0.45919984579086304,0.823508083820343,-0.007635526359081268
14,hand,9,1,0.4305453896522522,0.7794349789619446,-0.0029475772753357887
14,hand,10,1,0.44176557660102844,0.8049924373626709,-0.004184703342616558
14,hand,11,1,0.44912105798721313,0.8190499544143677,-0.00481029599905014
14,hand,12,1,0.45476189255714417,0.8290501832962036,-0.005182784982025623
14,hand,13,1,0.42431721091270447,0.7831477522850037,-0.0021652299910783768
14,hand,14,1,0.4354209899902344,0.8070499300956726,-0.003670033300295472
14,hand,15,1,0.44259577989578247,0.819597065448761,-0.004133905284106731
14,hand,16,1,0.4482221007347107,0.8283700942993164,-0.0041919881477952
14,hand,17,1,0.42060044407844543,0.7841232419013977,-0.0016853782581165433
14,hand,18,1,0.4292759299278259,0.803993284702301,-0.0031713228672742844
14,hand,19,1,0.4357203543186188,0.8145357370376587,-0.0033922705333679914
14,hand,20,1,0.44127485156059265,0.821763277053833,-0.003137972205877304
14,pose,0,-1,0.4807884991168976,0.1667180359363556,-0.17514124512672424
14,pose,1,-1,0.48935118317604065,0.139956995844841,-0.1496703177690506
14,pose,2,-1,0.4935092329978943,0.14004403352737427,-0.14975914359092712
14,pose,3,-1,0.49838554859161377,0.1402057707309723,-0.14973515272140503
14,pose,4,-1,0.4721435606479645,0.1402360498905182,-0.16251151263713837
14,pose,5,-1,0.4658120572566986,0.1405457705259323,-0.16257567703723907
14,pose,6,-1,0.460949569940567,0.1408892124891281,-0.16262726485729218
14,pose,7,-1,0.5055035948753357,0.1525571495294571,-0.0017588052432984114
14,pose,8,-1,0.45273634791374207,0.1536804884672165,-0.06153035908937454
14,pose,9,-1,0.49083849787712097,0.19581949710845947,-0.11896858364343643
14,pose,10,-1,0.47031861543655396,0.19710953533649445,-0.13660763204097748
14,pose,11,-1,0.5459150075912476,0.30422165989875793,0.08311571180820465
14,pose,12,-1,0.4147281050682068,0.32081174850463867,-0.011496634222567081
14,pose,13,-1,0.5858926177024841,0.45577776432037354,-0.057624660432338715
14,pose,14,-1,0.4020661413669586,0.5350820422172546,0.0041665746830403805
14,pose,15,-1,0.5294507741928101,0.2785210609436035,-0.30975228548049927
14,pose,16,-1,0.4216483533382416,0.7222788333892822,-0.06518753618001938
14,pose,17,-1,0.5154237151145935,0.23804451525211334,-0.3725624084472656
14,pose,18,-1,0.4286346435546875,0.7828131318092346,-0.08703117072582245
14,pose,19,-1,0.5124668478965759,0.22833453118801117,-0.33879777789115906
14,pose,20,-1,0.44146764278411865,0.7804191708564758,-0.12019674479961395
14,pose,21,-1,0.5141860842704773,0.24021485447883606,-0.303091824054718
14,pose,22,-1,0.44186556339263916,0.7601325511932373,-0.07563677430152893
14,pose,23,-1,0.52650386095047,0.693072497844696,0.026757823303341866
14,pose,24,-1,0.45138490200042725,0.6966271996498108,-0.026378164067864418
14,pose,25,-1,0.5315579771995544,0.9633413553237915,-0.030706826597452164
14,pose,26,-1,0.4606439471244812,0.9772692918777466,-0.047147486358881
14,pose,27,-1,0.5398167371749878,1.2207320928573608,0.2612344026565552
14,pose,28,-1,0.4741549491882324,1.2087061405181885,0.18168316781520844
14,pose,29,-1,0.5394136905670166,1.250588059425354,0.28581109642982483
14,pose,30,-1,0.4745975136756897,1.235889196395874,0.20074380934238434
14,pose,31,-1,0.5452855229377747,1.2993682622909546,0.15443310141563416
14,pose,32,-1,0.5015431046485901,1.2950544357299805,0.06014663353562355
15,hand,0,0,0.5190577507019043,0.255361944437027,1.0317830145822882e-08
15,hand,1,0,0.5040091872215271,0.24586860835552216,-0.001735408091917634
15,hand,2,0,0.49092501401901245,0.22821862995624542,-0.003878487041220069
15,hand,3,0,0.47987428307533264,0.21790049970149994,-0.007416438311338425
15,hand,4,0,0.470044881105423,0.2173854559659958,-0.01155131496489048
15,hand,5,0,0.5006651878356934,0.19416815042495728,-0.00014285823272075504
15,hand,6,0,0.4999774992465973,0.1615886390209198,-0.0042678616009652615
15,hand,7,0,0.49931710958480835,0.13987575471401215,-0.007442794274538755
15,hand,8,0,0.4984077215194702,0.12326822429895401,-0.009780842810869217
15,hand,9,0,0.5087273120880127,0.19403506815433502,-0.0024322594981640577
15,hand,10,0,0.5021942853927612,0.18295297026634216,-0.010757583193480968
15,hand,11,0,0.5011959075927734,0.19989749789237976,-0.013436616398394108
15,hand,12,0,0.5020092725753784,0.21504586935043335,-0.013071157038211823
15,hand,13,0,0.5167443752288818,0.19544172286987305,-0.0051854075863957405
15,hand,14,0,0.5095570087432861,0.1888541579246521,-0.012774663977324963
15,hand,15,0,0.5093501210212708,0.20700575411319733,-0.011573784984648228
15,hand,16,0,0.5103985667228699,0.22121185064315796,-0.008355164900422096
15,hand,17,0,0.5252031683921814,0.19807495176792145,-0.008105876855552197
15,hand,18,0,0.5182178616523743,0.1911010444164276,-0.012178969569504261
15,hand,19,0,0.516947865486145,0.20465023815631866,-0.009800163097679615
15,hand,20,0,0.5174598097801208,0.21665436029434204,-0.006550122983753681
15,hand,0,1,0.41928455233573914,0.7194355130195618,1.199227650516832e-08
15,hand,1,1,0.4368312358856201,0.7205876111984253,-0.00481985742226243
15,hand,2,1,0.44803643226623535,0.741086483001709,-0.006344764027744532
15,hand,3,1,0.454455703496933,0.7642812132835388,-0.006651250179857016
15,hand,4,1,0.46115076541900635,0.7799844741821289,-0.00652281055226922
15,hand,5,1,0.4402885437011719,0.7643607258796692,-0.006663162726908922
15,hand,6,1,0.4516293704509735,0.7915576696395874,-0.009113272652029991
15,hand,7,1,0.45767688751220703,0.8058507442474365,-0.01016570720821619
15,hand,8,1,0.4621214270591736,0.8170409798622131,-0.010567317716777325
15,hand,9,1,0.4315067529678345,0.7735306620597839,-0.005129336845129728
15,hand,10,1,0.4443137049674988,0.8000450730323792,-0.006900405045598745
15,hand,11,1,0.45193320512771606,0.8138879537582397,-0.007338665425777435
15,hand,12,1,0.45751476287841797,0.8241250514984131,-0.007573182228952646
15,hand,13,1,0.4252792000770569,0.7777990102767944,-0.0038677803240716457
15,hand,14,1,0.4377499520778656,0.8020644187927246,-0.005750406999140978
15,hand,15,1,0.4455246329307556,0.8142806887626648,-0.006180805619806051
15,hand,16,1,0.45138779282569885,0.8229004740715027,-0.00624125637114048
15,hand,17,1,0.42163366079330444,0.778831422328949,-0.0029291424434632063
15,hand,18,1,0.4313230812549591,0.7975454330444336,-0.004782070871442556
15,hand,19,1,0.43819132447242737,0.8073690533638,-0.005226532928645611
15,hand,20,1,0.44389715790748596,0.8143322467803955,-0.005144843365997076
15,pose,0,-1,0.4816384017467499,0.16775774955749512,-0.1731599122285843
15,pose,1,-1,0.489725798368454,0.1411629021167755,-0.1477104127407074
15,pose,2,-1,0.4938438832759857,0.1411849558353424,-0.14779826998710632
15,pose,3,-1,0.49884864687919617,0.14137695729732513,-0.14777065813541412
15,pose,4,-1,0.4728473126888275,0.14100705087184906,-0.1599685400724411
15,pose,5,-1,0.4665689766407013,0.14114513993263245,-0.16004297137260437
15,pose,6,-1,0.4615458846092224,0.14146094024181366,-0.1600983589887619
15,pose,7,-1,0.5059803128242493,0.15453527867794037,0.002299967221915722
15,pose,8,-1,0.4531906247138977,0.15465033054351807,-0.05543921887874603
15,pose,9,-1,0.49176397919654846,0.19681163132190704,-0.11593618243932724
15,pose,10,-1,0.4710178077220917,0.19779402017593384,-0.1329011172056198
15,pose,11,-1,0.5455024838447571,0.30406010150909424,0.08431921154260635
15,pose,12,-1,0.41487082839012146,0.32063236832618713,-0.002694674301892519
15,pose,13,-1,0.5870069861412048,0.44519227743148804,-0.058252494782209396
15,pose,14,-1,0.4019877314567566,0.5347229838371277,0.011484957300126553
15,pose,15,-1,0.5303686857223511,0.2710331082344055,-0.30320680141448975
15,pose,16,-1,0.42372265458106995,0.7200859785079956,-0.05327131599187851
15,pose,17,-1,0.5164884328842163,0.22959262132644653,-0.3653401732444763
15,pose,18,-1,0.4313064217567444,0.7802768349647522,-0.07415782660245895
15,pose,19,-1,0.513390302658081,0.22120973467826843,-0.3352312445640564
15,pose,20,-1,0.4436872601509094,0.7773544788360596,-0.10748603194952011
15,pose,21,-1,0.514936089515686,0.2335294485092163,-0.2979942262172699
15,pose,22,-1,0.44370037317276,0.756981372833252,-0.06365440040826797
15,pose,23,-1,0.5266218781471252,0.6946640610694885,0.026540448889136314
15,pose,24,-1,0.45160213112831116,0.6973157525062561,-0.026163462549448013
15,pose,25,-1,0.5317625403404236,0.9637266993522644,-0.030684560537338257
15,pose,26,-1,0.4604734480381012,0.9789698719978333,-0.04620452970266342
15,pose,27,-1,0.540808379650116,1.2209843397140503,0.2620178461074829
15,pose,28,-1,0.4741361737251282,1.2114399671554565,0.18046623468399048
15,pose,29,-1,0.5409650802612305,1.250425934791565,0.28651803731918335
15,pose,30,-1,0.47432899475097656,1.2387878894805908,0.1989811509847641
15,pose,31,-1,0.5460034608840942,1.2994141578674316,0.16372817754745483
15,pose,32,-1,0.5004012584686279,1.2976865768432617,0.05648742988705635
16,hand,0,0,0.5192171335220337,0.2439994513988495,-9.43070954662062e-09
16,hand,1,0,0.504132866859436,0.23591753840446472,-0.0014852357562631369
16,hand,2,0,0.4906032383441925,0.21786414086818695,-0.003988512791693211
16,hand,3,0,0.4793851375579834,0.21015429496765137,-0.007834813557565212
16,hand,4,0,0.46905750036239624,0.2118513584136963,-0.01229455042630434
16,hand,5,0,0.5021002292633057,0.18031249940395355,-0.0011441718088462949
16,hand,6,0,0.5014325976371765,0.1482914388179779,-0.005719370674341917
16,hand,7,0,0.5021542906761169,0.127160906791687,-0.009237042628228664
16,hand,8,0,0.5030738711357117,0.11062948405742645,-0.011757503263652325
16,hand,9,0,0.5101121664047241,0.18144521117210388,-0.003847358748316765
16,hand,10,0,0.503557026386261,0.172807976603508,-0.01297890767455101
16,hand,11,0,0.5033429861068726,0.19290252029895782,-0.015687288716435432
16,hand,12,0,0.5049266219139099,0.20854684710502625,-0.015145138837397099
16,hand,13,0,0.5182263851165771,0.18437011539936066,-0.0069016339257359505
16,hand,14,0,0.510979175567627,0.17902398109436035,-0.014879073947668076
16,hand,15,0,0.5109071731567383,0.19949546456336975,-0.013140077702701092
16,hand,16,0,0.5120349526405334,0.2137843370437622,-0.009510902687907219
16,hand,17,0,0.5267343521118164,0.18874213099479675,-0.01008948776870966
16,hand,18,0,0.5194424986839294,0.1807369440793991,-0.014145569875836372
16,hand,19,0,0.5178498029708862,0.19582529366016388,-0.011022660881280899
16,hand,20,0,0.5181702375411987,0.20759722590446472,-0.007212094031274319
16,hand,0,1,0.42016395926475525,0.714515209197998,1.7444074629224815e-08
16,hand,1,1,0.4376298785209656,0.7150232791900635,-0.005116121377795935
16,hand,2,1,0.44924381375312805,0.7348076701164246,-0.006844273768365383
16,hand,3,1,0.4562600255012512,0.7575516104698181,-0.007348198909312487
16,hand,4,1,0.4627283811569214,0.7739312648773193,-0.007404214236885309
16,hand,5,1,0.4417670965194702,0.7578363418579102,-0.007157708518207073
16,hand,6,1,0.4540223777294159,0.7859633564949036,-0.009983111172914505
16,hand,7,1,0.4606627821922302,0.801106333732605,-0.011300182901322842
16,hand,8,1,0.46559253334999084,0.8130115866661072,-0.011845262721180916
16,hand,9,1,0.4334444999694824,0.7670478820800781,-0.005627586971968412
16,hand,10,1,0.446769118309021,0.7943873405456543,-0.007609691005200148
16,hand,11,1,0.4551156461238861,0.8088154792785645,-0.008123156614601612
16,hand,12,1,0.4612188935279846,0.8190218210220337,-0.008393422700464725
16,hand,13,1,0.4275449514389038,0.7714694738388062,-0.004391554743051529
16,hand,14,1,0.4401954114437103,0.7969058752059937,-0.006319116801023483
16,hand,15,1,0.44820424914360046,0.8095445036888123,-0.0066028558649122715
16,hand,16,1,0.45423731207847595,0.8179261088371277,-0.006540364120155573
16,hand,17,1,0.424189031124115,0.7727572917938232,-0.00353863462805748
16,hand,18,1,0.4335426688194275,0.792905330657959,-0.005344883538782597
16,hand,19,1,0.44015270471572876,0.803276538848877,-0.005612694658339024
16,hand,20,1,0.4456310570240021,0.8102297782897949,-0.005383373703807592
16,pose,0,-1,0.48235005140304565,0.16784325242042542,-0.17641504108905792
16,pose,1,-1,0.4900139570236206,0.1415354311466217,-0.15134312212467194
16,pose,2,-1,0.4941294491291046,0.14155025780200958,-0.15144412219524384
16,pose,3,-1,0.49908018112182617,0.14175601303577423,-0.1514301598072052
16,pose,4,-1,0.4735358655452728,0.1413041651248932,-0.16314949095249176
16,pose,5,-1,0.4672394394874573,0.1414307951927185,-0.1632268875837326
16,pose,6,-1,0.46209654211997986,0.14175087213516235,-0.1632883995771408
16,pose,7,-1,0.5059977173805237,0.15505509078502655,-0.003987670876085758
16,pose,8,-1,0.4538332521915436,0.1552453488111496,-0.05992984399199486
16,pose,9,-1,0.49238863587379456,0.19678479433059692,-0.12030177563428879
16,pose,10,-1,0.4715133011341095,0.1978107988834381,-0.13675495982170105
16,pose,11,-1,0.5448724627494812,0.3034230172634125,0.07229261845350266
16,pose,12,-1,0.41496846079826355,0.32041704654693604,-0.008917826227843761
16,pose,13,-1,0.587618887424469,0.4364003837108612,-0.07017002999782562
16,pose,14,-1,0.4017576575279236,0.5343519449234009,0.0023168802727013826
16,pose,15,-1,0.5308436751365662,0.25560060143470764,-0.3135601282119751
16,pose,16,-1,0.42551329731941223,0.7181665301322937,-0.0618915893137455
16,pose,17,-1,0.5175724029541016,0.20995494723320007,-0.37487781047821045
16,pose,18,-1,0.4345487654209137,0.7785507440567017,-0.08187568187713623
16,pose,19,-1,0.5141080021858215,0.20301155745983124,-0.3468354344367981
16,pose,20,-1,0.4468756914138794,0.77535080909729,-0.11304512619972229
16,pose,21,-1,0.5155238509178162,0.21841949224472046,-0.3094613254070282
16,pose,22,-1,0.4463854432106018,0.7546464204788208,-0.07146033644676208
16,pose,23,-1,0.5267544388771057,0.6947992444038391,0.0261360015720129
16,pose,24,-1,0.45183035731315613,0.6969349384307861,-0.025754066184163094
16,pose,25,-1,0.5319089293479919,0.9630162119865417,-0.03351990506052971
16,pose,26,-1,0.46024516224861145,0.9787987470626831,-0.045070309191942215
16,pose,27,-1,0.5401328802108765,1.2205774784088135,0.2591134011745453
16,pose,28,-1,0.47411438822746277,1.2086342573165894,0.1864945888519287
16,pose,29,-1,0.5405545830726624,1.2497111558914185,0.2842979431152344
16,pose,30,-1,0.4740642309188843,1.2356407642364502,0.20613734424114227
16,pose,31,-1,0.5451406240463257,1.2972954511642456,0.16709566116333008
16,pose,32,-1,0.499712198972702,1.294655680656433,0.06073103845119476
17,hand,0,0,0.5196660161018372,0.23872384428977966,-1.0259151750346973e-08
17,hand,1,0,0.5053554177284241,0.23131787776947021,-0.0030951807275414467
17,hand,2,0,0.4919014573097229,0.21320988237857819,-0.006573720369488001
17,hand,3,0,0.48019641637802124,0.20446309447288513,-0.011220083571970463
17,hand,4,0,0.46933430433273315,0.20491257309913635,-0.01637757010757923
17,hand,5,0,0.5032116174697876,0.17410829663276672,-0.00263360352255404
17,hand,6,0,0.5028948783874512,0.14058715105056763,-0.00796926487237215
17,hand,7,0,0.503795862197876,0.11897966265678406,-0.01163544226437807
17,hand,8,0,0.5047967433929443,0.10169705748558044,-0.014187284745275974
17,hand,9,0,0.511633574962616,0.175323486328125,-0.004958369769155979
17,hand,10,0,0.5047013163566589,0.1665164828300476,-0.01543409377336502
17,hand,11,0,0.5041733980178833,0.1874493509531021,-0.018370088189840317
17,hand,12,0,0.505700945854187,0.20326542854309082,-0.01754155382514
17,hand,13,0,0.5198379755020142,0.17813992500305176,-0.007802405394613743
17,hand,14,0,0.5124911665916443,0.17416444420814514,-0.01716795191168785
17,hand,15,0,0.5120037198066711,0.19531434774398804,-0.015519943088293076
17,hand,16,0,0.5127522349357605,0.2095378041267395,-0.01148067507892847
17,hand,17,0,0.5284660458564758,0.18240930140018463,-0.010907932184636593
17,hand,18,0,0.5214572548866272,0.1764645278453827,-0.015938252210617065
17,hand,19,0,0.5198227167129517,0.19214099645614624,-0.013078439049422741
17,hand,20,0,0.5201230049133301,0.20339150726795197,-0.009143483825027943
17,hand,0,1,0.42064720392227173,0.7078536152839661,2.1052798615528445e-08
17,hand,1,1,0.43843191862106323,0.7087351083755493,-0.005293290130794048
17,hand,2,1,0.45041370391845703,0.7295143604278564,-0.007160823326557875
17,hand,3,1,0.4575389325618744,0.7516640424728394,-0.0077872625552117825
17,hand,4,1,0.46431607007980347,0.7668514251708984,-0.008097812533378601
17,hand,5,1,0.4423084855079651,0.7508019804954529,-0.00833994522690773
17,hand,6,1,0.45462262630462646,0.7785102725028992,-0.011817676946520805
17,hand,7,1,0.46152469515800476,0.7941058278083801,-0.013524762354791164
17,hand,8,1,0.4668961763381958,0.8067126870155334,-0.01432795636355877
17,hand,9,1,0.43382883071899414,0.7604081034660339,-0.006993659771978855
17,hand,10,1,0.44782060384750366,0.7874093055725098,-0.009785385802388191
17,hand,11,1,0.4566740095615387,0.8028993010520935,-0.010897444561123848
17,hand,12,1,0.463599294424057,0.8147733807563782,-0.01157422736287117
17,hand,13,1,0.427852600812912,0.7654850482940674,-0.005875048693269491
17,hand,14,1,0.44139623641967773,0.7901567816734314,-0.00847491342574358
17,hand,15,1,0.4501359462738037,0.8039549589157104,-0.009347335435450077
17,hand,16,1,0.4571585953235626,0.8139724731445312,-0.009654166176915169
17,hand,17,1,0.42463722825050354,0.7672159075737,-0.005119973327964544
17,hand,18,1,0.4349863827228546,0.787018895149231,-0.007469540927559137
17,hand,19,1,0.4421769380569458,0.7976682782173157,-0.008115257136523724
17,hand,20,1,0.44830232858657837,0.8053640723228455,-0.008154808543622494
17,pose,0,-1,0.48266562819480896,0.1679229587316513,-0.17398253083229065
17,pose,1,-1,0.4901372790336609,0.14184552431106567,-0.14856582880020142
17,pose,2,-1,0.4942821264266968,0.14184728264808655,-0.14865460991859436
17,pose,3,-1,0.4991799592971802,0.1420402228832245,-0.14864221215248108
17,pose,4,-1,0.47374841570854187,0.14154306054115295,-0.16144494712352753
17,pose,5,-1,0.4673977196216583,0.14164108037948608,-0.16151189804077148
17,pose,6,-1,0.462226539850235,0.1419549584388733,-0.1615661233663559
17,pose,7,-1,0.5059904456138611,0.15524742007255554,0.0002539957931730896
17,pose,8,-1,0.4541304409503937,0.15547189116477966,-0.06055384874343872
17,pose,9,-1,0.4927566349506378,0.19675633311271667,-0.1173667162656784
17,pose,10,-1,0.471669465303421,0.19780874252319336,-0.1352575123310089
17,pose,11,-1,0.5436755418777466,0.30295807123184204,0.07793449610471725
17,pose,12,-1,0.41500523686408997,0.3201512098312378,-0.011493844911456108
17,pose,13,-1,0.5881345868110657,0.4312830865383148,-0.0648501068353653
17,pose,14,-1,0.40135258436203003,0.5324212312698364,-0.0019314155215397477
17,pose,15,-1,0.5313872694969177,0.2504204511642456,-0.29986417293548584
17,pose,16,-1,0.42561259865760803,0.7097964882850647,-0.06401778757572174
17,pose,17,-1,0.5183402895927429,0.20511995255947113,-0.35862022638320923
17,pose,18,-1,0.4352549612522125,0.770283579826355,-0.0835929811000824
17,pose,19,-1,0.5144728422164917,0.1987321823835373,-0.3279207944869995
17,pose,20,-1,0.4473349452018738,0.7651826739311218,-0.11439547687768936
17,pose,21,-1,0.5159239172935486,0.21497800946235657,-0.2944938540458679
17,pose,22,-1,0.446810781955719,0.7460177540779114,-0.07334811240434647
17,pose,23,-1,0.5269489884376526,0.6951489448547363,0.025787191465497017
17,pose,24,-1,0.45211493968963623,0.6967620253562927,-0.0254278015345335
17,pose,25,-1,0.5322108864784241,0.9621567130088806,-0.034331563860177994
17,pose,26,-1,0.46009892225265503,0.9787762761116028,-0.047479383647441864
17,pose,27,-1,0.540155291557312,1.2193251848220825,0.25310590863227844
17,pose,28,-1,0.47407689690589905,1.2082383632659912,0.17914675176143646
17,pose,29,-1,0.5405824780464172,1.2483683824539185,0.2776285707950592
17,pose,30,-1,0.473500519990921,1.2354265451431274,0.1984955370426178
17,pose,31,-1,0.5451642870903015,1.2968782186508179,0.16703541576862335
17,pose,32,-1,0.49915340542793274,1.293993592262268,0.06120627000927925
18,hand,0,0,0.5203757286071777,0.23817679286003113,-2.7367955013346545e-08
18,hand,1,0,0.5066496729850769,0.23074743151664734,-0.0032343966886401176
18,hand,2,0,0.4926586151123047,0.21055446565151215,-0.006347153335809708
18,hand,3,0,0.4811123311519623,0.20083454251289368,-0.010541071183979511
18,hand,4,0,0.47036802768707275,0.1996404081583023,-0.015260941348969936
18,hand,5,0,0.5045385360717773,0.17230241000652313,-0.003148320596665144
18,hand,6,0,0.5038941502571106,0.13789553940296173,-0.008709642104804516
18,hand,7,0,0.5047709345817566,0.1163804903626442,-0.012317577376961708
18,hand,8,0,0.5054917931556702,0.09888605028390884,-0.01481693983078003
18,hand,9,0,0.5130194425582886,0.17310093343257904,-0.005439940374344587
18,hand,10,0,0.5061153769493103,0.16466489434242249,-0.01650374010205269
18,hand,11,0,0.5059431791305542,0.18686529994010925,-0.019479811191558838
18,hand,12,0,0.5077813267707825,0.20296810567378998,-0.01852603442966938
18,hand,13,0,0.5213221907615662,0.17575286328792572,-0.008251586928963661
18,hand,14,0,0.5143536329269409,0.17367593944072723,-0.0182562917470932
18,hand,15,0,0.5141300559043884,0.1960219144821167,-0.01676911488175392
18,hand,16,0,0.5150920152664185,0.20994332432746887,-0.01268593780696392
18,hand,17,0,0.5298383235931396,0.17989954352378845,-0.011300855316221714
18,hand,18,0,0.5226868987083435,0.17478935420513153,-0.01674085110425949
18,hand,19,0,0.5213679075241089,0.19098928570747375,-0.013992846943438053
18,hand,20,0,0.5221536755561829,0.2015451341867447,-0.010059460066258907
18,hand,0,1,0.42053642868995667,0.6995111107826233,3.342287868690619e-08
18,hand,1,1,0.43793585896492004,0.6999536752700806,-0.005719332955777645
18,hand,2,1,0.4506273567676544,0.7194151878356934,-0.007990173064172268
18,hand,3,1,0.45878365635871887,0.7412535548210144,-0.008957362733781338
18,hand,4,1,0.4655085504055023,0.7566378116607666,-0.009552090428769588
18,hand,5,1,0.44356080889701843,0.7398210763931274,-0.009142967872321606
18,hand,6,1,0.4555507302284241,0.76942378282547,-0.013377733528614044
18,hand,7,1,0.4620968997478485,0.7871364951133728,-0.015555480495095253
18,hand,8,1,0.46687933802604675,0.8013056516647339,-0.01652478612959385
18,hand,9,1,0.43527188897132874,0.7492286562919617,-0.00779035035520792
18,hand,10,1,0.44843268394470215,0.7774439454078674,-0.011219392530620098
18,hand,11,1,0.4568242132663727,0.7947493195533752,-0.012673787772655487
18,hand,12,1,0.4633221924304962,0.8084332942962646,-0.013455897569656372
18,hand,13,1,0.4293922483921051,0.7549458742141724,-0.006684481631964445
18,hand,14,1,0.44220951199531555,0.7800659537315369,-0.009727627970278263
18,hand,15,1,0.45063483715057373,0.7954952716827393,-0.01068134419620037
18,hand,16,1,0.4572327733039856,0.8070141673088074,-0.010876529850065708
18,hand,17,1,0.42621898651123047,0.7575545310974121,-0.005964994430541992
18,hand,18,1,0.4366827607154846,0.7782967686653137,-0.008599183522164822
18,hand,19,1,0.44359761476516724,0.7904037833213806,-0.009196165017783642
18,hand,20,1,0.44928160309791565,0.7993609309196472,-0.009063801728188992
18,pose,0,-1,0.48370039463043213,0.16790840029716492,-0.1635645478963852
18,pose,1,-1,0.4906037151813507,0.14195238053798676,-0.13691990077495575
18,pose,2,-1,0.49473443627357483,0.14194366335868835,-0.1370043158531189
18,pose,3,-1,0.4995001554489136,0.142118439078331,-0.13698861002922058
18,pose,4,-1,0.4747762978076935,0.14166627824306488,-0.1517031043767929
18,pose,5,-1,0.46834179759025574,0.14173389971256256,-0.151765376329422
18,pose,6,-1,0.46291032433509827,0.14205242693424225,-0.1518050879240036
18,pose,7,-1,0.5059763193130493,0.1553262621164322,0.016445791348814964
18,pose,8,-1,0.4549103379249573,0.15566572546958923,-0.053000230342149734
18,pose,9,-1,0.4933105409145355,0.19646799564361572,-0.1051996573805809
18,pose,10,-1,0.4725208878517151,0.1976681798696518,-0.1254817247390747
18,pose,11,-1,0.5426498651504517,0.3018689453601837,0.09664860367774963
18,pose,12,-1,0.4150844216346741,0.31979846954345703,-0.008848728612065315
18,pose,13,-1,0.5884190797805786,0.4280640780925751,-0.05532842129468918
18,pose,14,-1,0.4010407328605652,0.528864860534668,-0.007194948848336935
18,pose,15,-1,0.5317522287368774,0.24700777232646942,-0.3008144497871399
18,pose,16,-1,0.4262233078479767,0.7008351683616638,-0.0721871629357338
18,pose,17,-1,0.5188808441162109,0.20092418789863586,-0.3618955910205841
18,pose,18,-1,0.4362163245677948,0.7616254687309265,-0.09418302029371262
18,pose,19,-1,0.5148352384567261,0.19471929967403412,-0.33229902386665344
18,pose,20,-1,0.44856491684913635,0.757422685623169,-0.12420008331537247
18,pose,21,-1,0.5162140727043152,0.21193785965442657,-0.2963704764842987
18,pose,22,-1,0.4480450451374054,0.7392070889472961,-0.0813319981098175
18,pose,23,-1,0.5269282460212708,0.6949009299278259,0.026400825008749962
18,pose,24,-1,0.45215901732444763,0.693343460559845,-0.026042599231004715
18,pose,25,-1,0.5323920845985413,0.9601010084152222,-0.034337155520915985
18,pose,26,-1,0.4600098431110382,0.977689266204834,-0.05120571330189705
18,pose,27,-1,0.5400196313858032,1.2161345481872559,0.2530927360057831
18,pose,28,-1,0.4740617871284485,1.2066595554351807,0.1743350327014923
18,pose,29,-1,0.5403923392295837,1.2448925971984863,0.27748528122901917
18,pose,30,-1,0.47336283326148987,1.2341091632843018,0.1931772232055664
18,pose,31,-1,0.5451772212982178,1.293030858039856,0.1669769585132599
18,pose,32,-1,0.4990583658218384,1.2923202514648438,0.054764922708272934
19,hand,0,0,0.5217949748039246,0.24090275168418884,-3.2981784414687354e-08
19,hand,1,0,0.5065247416496277,0.23256483674049377,-0.002414226997643709
19,hand,2,0,0.49291330575942993,0.21299269795417786,-0.005326440092176199
19,hand,3,0,0.4820648729801178,0.20224380493164062,-0.00953718926757574
19,hand,4,0,0.4717193841934204,0.20057980716228485,-0.014220140874385834
19,hand,5,0,0.5041711926460266,0.1752183437347412,-0.0029392277356237173
19,hand,6,0,0.5041435360908508,0.13992978632450104,-0.00844698678702116
19,hand,7,0,0.5052831172943115,0.11844418197870255,-0.011848150752484798
19,hand,8,0,0.5058404803276062,0.1011170819401741,-0.014109322801232338
19,hand,9,0,0.5123902559280396,0.1761004626750946,-0.0055837733671069145
19,hand,10,0,0.5058702826499939,0.16934315860271454,-0.016062475740909576
19,hand,11,0,0.5056633949279785,0.19025041162967682,-0.018606236204504967
19,hand,12,0,0.5073599219322205,0.20503896474838257,-0.017685063183307648
19,hand,13,0,0.5204480886459351,0.17861856520175934,-0.008703051134943962
19,hand,14,0,0.5139933228492737,0.17669497430324554,-0.01775244250893593
19,hand,15,0,0.5138267278671265,0.19727349281311035,-0.015812523663043976
19,hand,16,0,0.5147798657417297,0.21019694209098816,-0.011813616380095482
19,hand,17,0,0.5287596583366394,0.18250499665737152,-0.012098065577447414
19,hand,18,0,0.5225304961204529,0.1771400421857834,-0.016563009470701218
19,hand,19,0,0.5212937593460083,0.19115056097507477,-0.01343946810811758
19,hand,20,0,0.5220277309417725,0.20069849491119385,-0.0094642024487257
19,hand,0,1,0.421520471572876,0.6844903826713562,7.594966433543959e-08
19,hand,1,1,0.4372973144054413,0.6805850267410278,-0.006884767673909664
19,hand,2,1,0.4507508873939514,0.6943715214729309,-0.009123727679252625
19,hand,3,1,0.45925989747047424,0.7098093032836914,-0.010126577690243721
19,hand,4,1,0.46508583426475525,0.7232036590576172,-0.010724959895014763
19,hand,5,1,0.44754767417907715,0.7252169847488403,-0.00643980922177434
19,hand,6,1,0.4554903209209442,0.7511069178581238,-0.010368712246418
19,hand,7,1,0.460177481174469,0.7699754238128662,-0.013486003503203392
19,hand,8,1,0.4638863205909729,0.7849714159965515,-0.015293407253921032
19,hand,9,1,0.4421626031398773,0.7336744070053101,-0.004671740345656872
19,hand,10,1,0.45145902037620544,0.7584719657897949,-0.007983281277120113
19,hand,11,1,0.4574923515319824,0.7767373919487,-0.010570105165243149
19,hand,12,1,0.4624742865562439,0.7928678393363953,-0.012260975316166878
19,hand,13,1,0.4384739100933075,0.7383466362953186,-0.0035907092969864607
19,hand,14,1,0.4475257992744446,0.7602569460868835,-0.006668142043054104
19,hand,15,1,0.4535509943962097,0.7768280506134033,-0.008757608942687511
19,hand,16,1,0.4585418701171875,0.7909707427024841,-0.009825807064771652
19,hand,17,1,0.4366903007030487,0.7396562099456787,-0.0031169431749731302
19,hand,18,1,0.44454509019851685,0.7581978440284729,-0.005483085755258799
19,hand,19,1,0.4495745897293091,0.7707272171974182,-0.006615256424993277
19,hand,20,1,0.4536701440811157,0.7811704277992249,-0.0071017080917954445
19,pose,0,-1,0.4836867153644562,0.16778427362442017,-0.1543625444173813
19,pose,1,-1,0.49061235785484314,0.14197464287281036,-0.1266438215970993
19,pose,2,-1,0.4947419762611389,0.14198145270347595,-0.12673422694206238
19,pose,3,-1,0.4994920492172241,0.14216627180576324,-0.12673532962799072
19,pose,4,-1,0.4748014211654663,0.14166104793548584,-0.14064942300319672
19,pose,5,-1,0.4683574438095093,0.14170785248279572,-0.14071236550807953
19,pose,6,-1,0.46291428804397583,0.14200326800346375,-0.1407320350408554
19,pose,7,-1,0.5058081150054932,0.15536141395568848,0.028808560222387314
19,pose,8,-1,0.4551485776901245,0.15564146637916565,-0.03757459297776222
19,pose,9,-1,0.4932903051376343,0.1959933191537857,-0.09548132121562958
19,pose,10,-1,0.4724936783313751,0.1972230076789856,-0.11483828723430634
19,pose,11,-1,0.5419799089431763,0.3019665479660034,0.10855896025896072
19,pose,12,-1,0.4150611460208893,0.3197439908981323,0.006978775840252638
19,pose,13,-1,0.5885376334190369,0.42857974767684937,-0.03872458636760712
19,pose,14,-1,0.4005618095397949,0.5278627276420593,0.003867596620693803
19,pose,15,-1,0.5318909287452698,0.2456231266260147,-0.26955196261405945
19,pose,16,-1,0.42927974462509155,0.6908553242683411,-0.05788011476397514
19,pose,17,-1,0.5192328691482544,0.1982107013463974,-0.32836881279945374
19,pose,18,-1,0.4395084083080292,0.7491700649261475,-0.07941307127475739
19,pose,19,-1,0.515117883682251,0.19282712042331696,-0.29689207673072815
19,pose,20,-1,0.45254844427108765,0.7474064826965332,-0.10680735856294632
19,pose,21,-1,0.5163721442222595,0.21038520336151123,-0.26419562101364136
19,pose,22,-1,0.45186328887939453,0.7305314540863037,-0.06604516506195068
19,pose,23,-1,0.5268465876579285,0.6946603655815125,0.026151355355978012
19,pose,24,-1,0.4521566927433014,0.6907896995544434,-0.0258020106703043
19,pose,25,-1,0.5323986411094666,0.9585506916046143,-0.03722076863050461
19,pose,26,-1,0.4599575698375702,0.9765327572822571,-0.05873336270451546
19,pose,27,-1,0.540109395980835,1.212697148323059,0.2562407851219177
19,pose,28,-1,0.4750014543533325,1.2041215896606445,0.18023040890693665
19,pose,29,-1,0.5404965877532959,1.240410566329956,0.2811538875102997
19,pose,30,-1,0.47424745559692383,1.2298537492752075,0.19976672530174255
19,pose,31,-1,0.5453090071678162,1.290967583656311,0.16939595341682434
19,pose,32,-1,0.49902310967445374,1.2906908988952637,0.059000007808208466
20,hand,0,0,0.5188789367675781,0.24416646361351013,-3.024769057446974e-08
20,hand,1,0,0.5046539306640625,0.2338181436061859,-0.0021042805165052414
20,hand,2,0,0.4918788969516754,0.2146802842617035,-0.0050248876214027405
20,hand,3,0,0.4807394742965698,0.2051236629486084,-0.009242658503353596
20,hand,4,0,0.4704814851284027,0.20407803356647491,-0.0140656977891922
20,hand,5,0,0.5027034282684326,0.17884421348571777,-0.0029476508498191833
20,hand,6,0,0.5032790899276733,0.1446591317653656,-0.008380499668419361
20,hand,7,0,0.5044847726821899,0.1230928897857666,-0.011927382089197636
20,hand,8,0,0.5053407549858093,0.105792336165905,-0.014322776347398758
20,hand,9,0,0.510828971862793,0.1801171451807022,-0.005547767970710993
20,hand,10,0,0.5039932131767273,0.1745154857635498,-0.01539918314665556
20,hand,11,0,0.503097653388977,0.19439522922039032,-0.01787896640598774
20,hand,12,0,0.5042052865028381,0.2084924876689911,-0.017213987186551094
20,hand,13,0,0.518562376499176,0.18343070149421692,-0.008562367409467697
20,hand,14,0,0.5111885070800781,0.18255695700645447,-0.01697145774960518
20,hand,15,0,0.5106595754623413,0.2016231268644333,-0.01510174572467804
20,hand,16,0,0.5113064646720886,0.21409350633621216,-0.011439413763582706
20,hand,17,0,0.5263804197311401,0.18794120848178864,-0.011814174242317677
20,hand,18,0,0.5191787481307983,0.18528035283088684,-0.016012802720069885
20,hand,19,0,0.5176917910575867,0.19926007091999054,-0.01304784044623375
20,hand,20,0,0.518159031867981,0.20903116464614868,-0.009314382448792458
20,pose,0,-1,0.4836515784263611,0.16724349558353424,-0.15844759345054626
20,pose,1,-1,0.49058812856674194,0.14168237149715424,-0.13194328546524048
20,pose,2,-1,0.49471959471702576,0.1416841596364975,-0.1320376992225647
20,pose,3,-1,0.49948549270629883,0.1418743133544922,-0.13203860819339752
20,pose,4,-1,0.4747590720653534,0.1413922756910324,-0.14147110283374786
20,pose,5,-1,0.4683227241039276,0.14146046340465546,-0.14153338968753815
20,pose,6,-1,0.46287980675697327,0.1417665332555771,-0.1415536254644394
20,pose,7,-1,0.5057666897773743,0.15524014830589294,0.02037806622684002
20,pose,8,-1,0.45524853467941284,0.15562090277671814,-0.02535875327885151
20,pose,9,-1,0.49324464797973633,0.19518430531024933,-0.10076674073934555
20,pose,10,-1,0.4724825322628021,0.19650214910507202,-0.11431349813938141
20,pose,11,-1,0.5419020056724548,0.3020591139793396,0.0975242480635643
20,pose,12,-1,0.41508814692497253,0.31939586997032166,0.03658173233270645
20,pose,13,-1,0.5885860323905945,0.431974321603775,-0.045388419181108475
20,pose,14,-1,0.3998812437057495,0.5200535655021667,0.07147784531116486
20,pose,15,-1,0.532046377658844,0.2559545934200287,-0.2798547148704529
20,pose,16,-1,0.4291497468948364,0.6508260369300842,0.0258928332477808
20,pose,17,-1,0.5193419456481934,0.21121707558631897,-0.34056416153907776
20,pose,18,-1,0.4385574460029602,0.7092669010162354,0.009652816690504551
20,pose,19,-1,0.5153276324272156,0.20487762987613678,-0.313607394695282
20,pose,20,-1,0.4513993561267853,0.7007234692573547,-0.020574010908603668
20,pose,21,-1,0.5165092349052429,0.2201925814151764,-0.27581703662872314
20,pose,22,-1,0.45092394948005676,0.6783400177955627,0.01648794487118721
20,pose,23,-1,0.5268638134002686,0.6920639276504517,0.023739121854305267
20,pose,24,-1,0.4521445631980896,0.6889798641204834,-0.02328408695757389
20,pose,25,-1,0.5327540636062622,0.9583049416542053,-0.037284206598997116
20,pose,26,-1,0.4599668085575104,0.9765093922615051,-0.06594448536634445
20,pose,27,-1,0.5420582890510559,1.2183387279510498,0.23022285103797913
20,pose,28,-1,0.4753703773021698,1.2123095989227295,0.15855218470096588
20,pose,29,-1,0.5427414774894714,1.246768593788147,0.2515656650066376
20,pose,30,-1,0.4748041033744812,1.2383925914764404,0.17628857493400574
20,pose,31,-1,0.5454257726669312,1.2988423109054565,0.13317354023456573
20,pose,32,-1,0.49691981077194214,1.2979283332824707,0.037524864077568054
21,hand,0,0,0.5172117948532104,0.24907302856445312,-3.905957157712692e-08
21,hand,1,0,0.503131628036499,0.24016731977462769,-0.0016679445980116725
21,hand,2,0,0.49163585901260376,0.22101400792598724,-0.004600774962455034
21,hand,3,0,0.4824528396129608,0.20822355151176453,-0.009083504788577557
21,hand,4,0,0.4732935428619385,0.20409011840820312,-0.013879427686333656
21,hand,5,0,0.5031785368919373,0.1837785840034485,-0.0014404957182705402
21,hand,6,0,0.5027461647987366,0.1513824462890625,-0.006956394296139479
21,hand,7,0,0.5023929476737976,0.130471870303154,-0.010228211991488934
21,hand,8,0,0.5025773048400879,0.11337543278932571,-0.012665790505707264
21,hand,9,0,0.510113537311554,0.18413734436035156,-0.004572398029267788
21,hand,10,0,0.49860307574272156,0.18129181861877441,-0.013843431137502193
21,hand,11,0,0.4972603917121887,0.20007261633872986,-0.01532813161611557
21,hand,12,0,0.5010696649551392,0.20752350986003876,-0.014383594505488873
21,hand,13,0,0.5158129930496216,0.187600776553154,-0.008416782133281231
21,hand,14,0,0.5038809180259705,0.1885083168745041,-0.01649986207485199
21,hand,15,0,0.5036063194274902,0.20573660731315613,-0.013568704016506672
21,hand,16,0,0.5074209570884705,0.21002894639968872,-0.009774142876267433
21,hand,17,0,0.521252453327179,0.19275572896003723,-0.01268485002219677
21,hand,18,0,0.5104292035102844,0.1925978809595108,-0.01692981831729412
21,hand,19,0,0.5096553564071655,0.20574180781841278,-0.013940063305199146
21,hand,20,0,0.5131729245185852,0.20947743952274323,-0.0105512086302042
21,pose,0,-1,0.48358678817749023,0.1670251041650772,-0.15197539329528809
21,pose,1,-1,0.4905957281589508,0.1416625678539276,-0.1259293258190155
21,pose,2,-1,0.4947671592235565,0.14163616299629211,-0.12603916227817535
21,pose,3,-1,0.4996128976345062,0.14178134500980377,-0.12604127824306488
21,pose,4,-1,0.47475293278694153,0.14139261841773987,-0.13050571084022522
21,pose,5,-1,0.4683615267276764,0.14147186279296875,-0.1305878460407257
21,pose,6,-1,0.4629308581352234,0.1417989283800125,-0.13060474395751953
21,pose,7,-1,0.5059782266616821,0.1552339792251587,0.021907756105065346
21,pose,8,-1,0.4555273950099945,0.15595540404319763,-0.0020925498101860285
21,pose,9,-1,0.4933401942253113,0.19461151957511902,-0.0964219868183136
21,pose,10,-1,0.4725136160850525,0.1961478292942047,-0.103795625269413
21,pose,11,-1,0.5422245264053345,0.30212971568107605,0.08766735345125198
21,pose,12,-1,0.41509976983070374,0.3187004327774048,0.06408867985010147
21,pose,13,-1,0.5885329842567444,0.43531525135040283,-0.050198618322610855
21,pose,14,-1,0.3997604250907898,0.5085532665252686,0.08250641822814941
21,pose,15,-1,0.5313212275505066,0.25990310311317444,-0.26546791195869446
21,pose,16,-1,0.42889222502708435,0.5933097004890442,0.010872509330511093
21,pose,17,-1,0.5189664959907532,0.2160145491361618,-0.3245052397251129
21,pose,18,-1,0.4380078911781311,0.6345043778419495,-0.009828523732721806
21,pose,19,-1,0.5154783725738525,0.20745410025119781,-0.3003292679786682
21,pose,20,-1,0.4508202373981476,0.6223458647727966,-0.034250419586896896
21,pose,21,-1,0.5166024565696716,0.22263401746749878,-0.26147109270095825
21,pose,22,-1,0.44891631603240967,0.6069931983947754,0.0023212695959955454
21,pose,23,-1,0.5268903374671936,0.6916530132293701,0.016243841499090195
21,pose,24,-1,0.4519326388835907,0.6889512538909912,-0.01567653939127922
21,pose,25,-1,0.5330823063850403,0.9583125114440918,-0.0424751378595829
21,pose,26,-1,0.459598183631897,0.9771511554718018,-0.06205197051167488
21,pose,27,-1,0.5439895987510681,1.2177917957305908,0.23336640000343323
21,pose,28,-1,0.4746304452419281,1.2126930952072144,0.16436980664730072
21,pose,29,-1,0.5454827547073364,1.2462013959884644,0.25640684366226196
21,pose,30,-1,0.4745040535926819,1.2386541366577148,0.18257586658000946
21,pose,31,-1,0.5454378128051758,1.298378586769104,0.13909095525741577
21,pose,32,-1,0.4928079843521118,1.2980499267578125,0.04361521452665329
22,hand,0,0,0.5185324549674988,0.257768839597702,-1.5360519967089203e-07
22,hand,1,0,0.5022257566452026,0.24434693157672882,-0.0004169075982645154
22,hand,2,0,0.4925837218761444,0.2240021824836731,-0.0020723447669297457
22,hand,3,0,0.48602643609046936,0.20906779170036316,-0.005019271280616522
22,hand,4,0,0.4794155955314636,0.1986175775527954,-0.007373884320259094
22,hand,5,0,0.5061967968940735,0.18793350458145142,0.0023693956900388002
22,hand,6,0,0.49388939142227173,0.1738959103822708,-0.0037422608584165573
22,hand,7,0,0.4880709946155548,0.18433667719364166,-0.007923261262476444
22,hand,8,0,0.48774826526641846,0.19286881387233734,-0.010056788101792336
22,hand,9,0,0.5099833607673645,0.18926969170570374,-0.0005030151223763824
22,hand,10,0,0.49367955327033997,0.1832369714975357,-0.0071776146069169044
22,hand,11,0,0.4916549324989319,0.2000172734260559,-0.009369513019919395
22,hand,12,0,0.4959201514720917,0.20819778740406036,-0.0095784617587924
22,hand,13,0,0.5121057629585266,0.19436463713645935,-0.004260698799043894
22,hand,14,0,0.49545562267303467,0.1943802833557129,-0.009815926663577557
22,hand,15,0,0.49497273564338684,0.2101631760597229,-0.008578394539654255
22,hand,16,0,0.499815970659256,0.21549057960510254,-0.006689822766929865
22,hand,17,0,0.5123541951179504,0.20188236236572266,-0.008360449224710464
22,hand,18,0,0.4989674389362335,0.20506583154201508,-0.01112388726323843
22,hand,19,0,0.49863892793655396,0.21683669090270996,-0.009573085233569145
22,hand,20,0,0.5028647184371948,0.22127702832221985,-0.007654072716832161
22,pose,0,-1,0.48303261399269104,0.16703277826309204,-0.12887540459632874
22,pose,1,-1,0.49039074778556824,0.14166589081287384,-0.10513677448034286
22,pose,2,-1,0.4945356547832489,0.14163021743297577,-0.10527031123638153
22,pose,3,-1,0.499555766582489,0.1417568027973175,-0.10530421882867813
22,pose,4,-1,0.4744117856025696,0.14146240055561066,-0.10510402172803879
22,pose,5,-1,0.4680953323841095,0.1415763646364212,-0.10520084202289581
22,pose,6,-1,0.4628027379512787,0.14197391271591187,-0.10520420968532562
22,pose,7,-1,0.5061164498329163,0.15527617931365967,0.03240414708852768
22,pose,8,-1,0.4556056559085846,0.15657547116279602,0.028395870700478554
22,pose,9,-1,0.4932387173175812,0.194600448012352,-0.0771179050207138
22,pose,10,-1,0.4724416434764862,0.1961684226989746,-0.0785994902253151
22,pose,11,-1,0.543940544128418,0.3019335865974426,0.08918622136116028
22,pose,12,-1,0.4151080846786499,0.3186637759208679,0.09903223067522049
22,pose,13,-1,0.5873648524284363,0.4375401437282562,-0.035861656069755554
22,pose,14,-1,0.40315258502960205,0.5110282897949219,0.08013042062520981
22,pose,15,-1,0.5295419096946716,0.26415055990219116,-0.19537830352783203
22,pose,16,-1,0.4309305250644684,0.5482836961746216,-0.022913264110684395
22,pose,17,-1,0.5167117118835449,0.22495074570178986,-0.24467667937278748
22,pose,18,-1,0.44196662306785583,0.5820715427398682,-0.04511864110827446
22,pose,19,-1,0.5148735642433167,0.21309934556484222,-0.2188134491443634
22,pose,20,-1,0.45029982924461365,0.5654774904251099,-0.06804325431585312
22,pose,21,-1,0.5161497592926025,0.22702264785766602,-0.18845729529857635
22,pose,22,-1,0.44861239194869995,0.5524269938468933,-0.031721290200948715
22,pose,23,-1,0.5272100567817688,0.6915925741195679,0.011145555414259434
22,pose,24,-1,0.45175978541374207,0.6890933513641357,-0.01050705648958683
22,pose,25,-1,0.5335672497749329,0.9627549052238464,-0.04615798965096474
22,pose,26,-1,0.4595729112625122,0.9787886738777161,-0.06052656099200249
22,pose,27,-1,0.5496700406074524,1.223013997077942,0.2377176135778427
22,pose,28,-1,0.47083282470703125,1.2213088274002075,0.1693631112575531
22,pose,29,-1,0.5522822737693787,1.2515236139297485,0.26185861229896545
22,pose,30,-1,0.47073426842689514,1.2475999593734741,0.18771857023239136
22,pose,31,-1,0.5480173230171204,1.3059794902801514,0.14491063356399536
22,pose,32,-1,0.4851994514465332,1.3061906099319458,0.04582131654024124
23,hand,0,0,0.5120083093643188,0.25249233841896057,-1.1653072107264961e-07
23,hand,1,0,0.5046884417533875,0.23144955933094025,0.0009581234189681709
23,hand,2,0,0.4956015944480896,0.209035262465477,-0.0005786637775599957
23,hand,3,0,0.4863893389701843,0.19558779895305634,-0.002843195339664817
23,hand,4,0,0.4785173535346985,0.18962810933589935,-0.005462896544486284
23,hand,5,0,0.49956610798835754,0.18465562164783478,-0.002601233310997486
23,hand,6,0,0.48200929164886475,0.17673924565315247,-0.008152175694704056
23,hand,7,0,0.47295987606048584,0.18512500822544098,-0.011914682574570179
23,hand,8,0,0.46996524930000305,0.19192157685756683,-0.013827589340507984
23,hand,9,0,0.5003705620765686,0.19343657791614532,-0.005312972702085972
23,hand,10,0,0.4798937439918518,0.1879461407661438,-0.009535209275782108
23,hand,11,0,0.47172123193740845,0.19681252539157867,-0.011266426183283329
23,hand,12,0,0.46877172589302063,0.2036609798669815,-0.01235236506909132
23,hand,13,0,0.5003222823143005,0.20517253875732422,-0.00814882293343544
23,hand,14,0,0.4802378714084625,0.20104758441448212,-0.011897166259586811
23,hand,15,0,0.47204458713531494,0.20787815749645233,-0.011976306326687336
23,hand,16,0,0.4688796401023865,0.21236532926559448,-0.011784311383962631
23,hand,17,0,0.499606728553772,0.21865403652191162,-0.010780001059174538
23,hand,18,0,0.4822232723236084,0.21467658877372742,-0.013612484559416771
23,hand,19,0,0.474570631980896,0.21756614744663239,-0.013315388932824135
23,hand,20,0,0.4704771935939789,0.2198546826839447,-0.012531471438705921
23,pose,0,-1,0.48301348090171814,0.16564738750457764,-0.11142554879188538
23,pose,1,-1,0.49038058519363403,0.14111609756946564,-0.08783819526433945
23,pose,2,-1,0.4945105314254761,0.14103913307189941,-0.08797288686037064
23,pose,3,-1,0.49954548478126526,0.14109842479228973,-0.08797679841518402
23,pose,4,-1,0.4743783175945282,0.1408746987581253,-0.0883123129606247
23,pose,5,-1,0.4680703282356262,0.14095573127269745,-0.08844498544931412
23,pose,6,-1,0.4627822935581207,0.14135104417800903,-0.0884457379579544
23,pose,7,-1,0.5061113238334656,0.15488828718662262,0.04596954956650734
23,pose,8,-1,0.45570388436317444,0.15644027292728424,0.04015485197305679
23,pose,9,-1,0.49314698576927185,0.19353412091732025,-0.061096787452697754
23,pose,10,-1,0.4725140929222107,0.1949874311685562,-0.06300384551286697
23,pose,11,-1,0.5451363325119019,0.3017750680446625,0.10033411532640457
23,pose,12,-1,0.41521626710891724,0.31863829493522644,0.1007944867014885
23,pose,13,-1,0.5842491388320923,0.4394961893558502,-0.017113525420427322
23,pose,14,-1,0.40337392687797546,0.5125411152839661,0.054928600788116455
23,pose,15,-1,0.5248373746871948,0.2696674168109894,-0.17446474730968475
23,pose,16,-1,0.43050235509872437,0.5141887664794922,-0.10744187980890274
23,pose,17,-1,0.5119642019271851,0.2302211970090866,-0.22217775881290436
23,pose,18,-1,0.4411536753177643,0.5163065195083618,-0.14218135178089142
23,pose,19,-1,0.5120097994804382,0.21747586131095886,-0.1974344104528427
23,pose,20,-1,0.44618988037109375,0.49877578020095825,-0.1475357711315155
23,pose,21,-1,0.5137739777565002,0.23083263635635376,-0.16784173250198364
23,pose,22,-1,0.44418975710868835,0.49636179208755493,-0.11171943694353104
23,pose,23,-1,0.5272582173347473,0.6902498006820679,0.008219024166464806
23,pose,24,-1,0.45160233974456787,0.6887818574905396,-0.007615066599100828
23,pose,25,-1,0.5337778329849243,0.963074266910553,-0.051000408828258514
23,pose,26,-1,0.4595419466495514,0.9796388745307922,-0.05982290953397751
23,pose,27,-1,0.5495424866676331,1.231958270072937,0.2254190444946289
23,pose,28,-1,0.46997883915901184,1.2243096828460693,0.18099404871463776
23,pose,29,-1,0.5521957278251648,1.262070655822754,0.2489873319864273
23,pose,30,-1,0.47013697028160095,1.2501075267791748,0.20273664593696594
23,pose,31,-1,0.547928512096405,1.3154289722442627,0.14002381265163422
23,pose,32,-1,0.48189467191696167,1.309119462966919,0.08282781392335892
24,hand,0,0,0.5041696429252625,0.25137975811958313,-7.079454178438027e-08
24,hand,1,0,0.5013106465339661,0.22584836184978485,0.0015628075925633311
24,hand,2,0,0.49560075998306274,0.20119014382362366,0.00022956618340685964
24,hand,3,0,0.48716896772384644,0.1873120218515396,-0.0019022005144506693
24,hand,4,0,0.4787740111351013,0.1830160915851593,-0.00406232476234436
24,hand,5,0,0.49692410230636597,0.18367840349674225,-0.001400295877829194
24,hand,6,0,0.4791228771209717,0.17294132709503174,-0.006294535472989082
24,hand,7,0,0.47679710388183594,0.1805494725704193,-0.009215750731527805
24,hand,8,0,0.4797608256340027,0.18326950073242188,-0.010637457482516766
24,hand,9,0,0.49438372254371643,0.1920575499534607,-0.004269345663487911
24,hand,10,0,0.47464343905448914,0.18488572537899017,-0.008335978724062443
24,hand,11,0,0.47417545318603516,0.1956583708524704,-0.008842157199978828
24,hand,12,0,0.4787733256816864,0.20063526928424835,-0.008835299871861935
24,hand,13,0,0.4911753833293915,0.20396308600902557,-0.007216822821646929
24,hand,14,0,0.4725705683231354,0.1975085735321045,-0.01068891305476427
24,hand,15,0,0.47248324751853943,0.20783552527427673,-0.008522783406078815
24,hand,16,0,0.47700414061546326,0.2127428501844406,-0.006672833580523729
24,hand,17,0,0.48788610100746155,0.21713247895240784,-0.010048010386526585
24,hand,18,0,0.4733293652534485,0.21244758367538452,-0.012478278018534184
24,hand,19,0,0.47352883219718933,0.22036102414131165,-0.010562258772552013
24,hand,20,0,0.47721487283706665,0.22531940042972565,-0.008535373955965042
24,pose,0,-1,0.48286983370780945,0.16535085439682007,-0.10436540096998215
24,pose,1,-1,0.49036726355552673,0.140828475356102,-0.08236344158649445
24,pose,2,-1,0.4945075809955597,0.14073176681995392,-0.08250322192907333
24,pose,3,-1,0.4996277093887329,0.14082489907741547,-0.08251167088747025
24,pose,4,-1,0.47435224056243896,0.1406174749135971,-0.08019604533910751
24,pose,5,-1,0.46805164217948914,0.14065101742744446,-0.0803195983171463
24,pose,6,-1,0.4627401530742645,0.14102527499198914,-0.08031360805034637
24,pose,7,-1,0.5062381625175476,0.1548597514629364,0.04542016237974167
24,pose,8,-1,0.4557190239429474,0.15633368492126465,0.051558952778577805
24,pose,9,-1,0.4930545389652252,0.1934558004140854,-0.05618337169289589
24,pose,10,-1,0.4724974036216736,0.194804847240448,-0.054581932723522186
24,pose,11,-1,0.5469270348548889,0.3005586862564087,0.09601312130689621
24,pose,12,-1,0.4157608151435852,0.31814906001091003,0.11275175213813782
24,pose,13,-1,0.5793958306312561,0.440739244222641,-0.02689545787870884
24,pose,14,-1,0.4049128592014313,0.513432502746582,0.04725006967782974
24,pose,15,-1,0.5192515850067139,0.2738828957080841,-0.18144956231117249
24,pose,16,-1,0.4303819537162781,0.48647579550743103,-0.13736683130264282
24,pose,17,-1,0.5057317614555359,0.23483359813690186,-0.22641247510910034
24,pose,18,-1,0.4410473704338074,0.4786936342716217,-0.17329008877277374
24,pose,19,-1,0.5075086355209351,0.22194086015224457,-0.20149478316307068
24,pose,20,-1,0.44195622205734253,0.45466354489326477,-0.17377528548240662
24,pose,21,-1,0.5101454257965088,0.23446789383888245,-0.17430676519870758
24,pose,22,-1,0.4402677118778229,0.45589402318000793,-0.14052501320838928
24,pose,23,-1,0.5272908806800842,0.6870120763778687,0.005533355288207531
24,pose,24,-1,0.4514180123806,0.6851120591163635,-0.004939713981002569
24,pose,25,-1,0.5338652729988098,0.9630599617958069,-0.05576670914888382
24,pose,26,-1,0.45934727787971497,0.9790967106819153,-0.05357733741402626
24,pose,27,-1,0.5491400957107544,1.2337541580200195,0.21523737907409668
24,pose,28,-1,0.4669761657714844,1.2240933179855347,0.18651549518108368
24,pose,29,-1,0.5518447160720825,1.2642600536346436,0.23813821375370026
24,pose,30,-1,0.4669613838195801,1.2498064041137695,0.20822492241859436
24,pose,31,-1,0.5455262064933777,1.3173426389694214,0.12879034876823425
24,pose,32,-1,0.47705304622650146,1.3098222017288208,0.0867532268166542
25,hand,0,0,0.49814847111701965,0.2460893988609314,-1.384309378238413e-08
25,hand,1,0,0.5014407634735107,0.2245907187461853,0.0008027892909012735
25,hand,2,0,0.49977022409439087,0.19648337364196777,0.0002388145512668416
25,hand,3,0,0.49754852056503296,0.17762544751167297,-0.0010979362996295094
25,hand,4,0,0.4959123432636261,0.1645018458366394,-0.0028036460280418396
25,hand,5,0,0.49231064319610596,0.1790338158607483,-0.0005446109571494162
25,hand,6,0,0.4805222749710083,0.1593981236219406,-0.0030944040045142174
25,hand,7,0,0.47371038794517517,0.14568528532981873,-0.004587543662637472
25,hand,8,0,0.4689689874649048,0.13424193859100342,-0.005799762438982725
25,hand,9,0,0.48755306005477905,0.18350224196910858,-0.002715985756367445
25,hand,10,0,0.47113847732543945,0.17675484716892242,-0.006604501977562904
25,hand,11,0,0.4708808362483978,0.18872997164726257,-0.006957580801099539
25,hand,12,0,0.47462937235832214,0.19639089703559875,-0.006506905425339937
25,hand,13,0,0.4818427562713623,0.19202212989330292,-0.0048604365438222885
25,hand,14,0,0.4666282832622528,0.18702751398086548,-0.008595890365540981
25,hand,15,0,0.46758896112442017,0.19807741045951843,-0.00651936698704958
25,hand,16,0,0.47202619910240173,0.20405833423137665,-0.004475768189877272
25,hand,17,0,0.47595998644828796,0.2024114578962326,-0.00696078035980463
25,hand,18,0,0.46342459321022034,0.19742541015148163,-0.009664102457463741
25,hand,19,0,0.46479588747024536,0.2062426060438156,-0.007726801093667746
25,hand,20,0,0.46890199184417725,0.21211197972297668,-0.005541973281651735
25,pose,0,-1,0.4797840118408203,0.1655416339635849,-0.09086599200963974
25,pose,1,-1,0.488937109708786,0.1407182365655899,-0.0727442055940628
25,pose,2,-1,0.49353083968162537,0.14064137637615204,-0.072862908244133
25,pose,3,-1,0.498343825340271,0.14075367152690887,-0.0728585347533226
25,pose,4,-1,0.4721836745738983,0.14057841897010803,-0.06639411300420761
25,pose,5,-1,0.46638810634613037,0.14061424136161804,-0.06649748235940933
25,pose,6,-1,0.46148088574409485,0.14098985493183136,-0.06648586690425873
25,pose,7,-1,0.5060458779335022,0.15485337376594543,0.04225551337003708
25,pose,8,-1,0.45558854937553406,0.1565013974905014,0.06828919053077698
25,pose,9,-1,0.49106714129447937,0.19351288676261902,-0.04723397642374039
25,pose,10,-1,0.47121813893318176,0.19480566680431366,-0.03966054692864418
25,pose,11,-1,0.5481624007225037,0.298951119184494,0.09132537245750427
25,pose,12,-1,0.41742047667503357,0.31644245982170105,0.12778235971927643
25,pose,13,-1,0.5699846744537354,0.44213879108428955,-0.030555058270692825
25,pose,14,-1,0.4059313237667084,0.5140356421470642,0.04539967700839043
25,pose,15,-1,0.5101986527442932,0.27558252215385437,-0.16110371053218842
25,pose,16,-1,0.43195638060569763,0.43001288175582886,-0.15488487482070923
25,pose,17,-1,0.495737224817276,0.23694078624248505,-0.19642329216003418
25,pose,18,-1,0.4410037398338318,0.3970893621444702,-0.19067153334617615
25,pose,19,-1,0.49824413657188416,0.22436583042144775,-0.17059326171875
25,pose,20,-1,0.44096750020980835,0.3724038302898407,-0.18053016066551208
25,pose,21,-1,0.5018795132637024,0.23643095791339874,-0.15175828337669373
25,pose,22,-1,0.4400818645954132,0.3809306025505066,-0.15425142645835876
25,pose,23,-1,0.5273697376251221,0.6843951344490051,0.0031731738708913326
25,pose,24,-1,0.4514082968235016,0.6819280385971069,-0.00257869902998209
25,pose,25,-1,0.5343980193138123,0.9630700945854187,-0.05661414563655853
25,pose,26,-1,0.45936349034309387,0.9787945747375488,-0.03933236375451088
25,pose,27,-1,0.548705518245697,1.234650731086731,0.186131551861763
25,pose,28,-1,0.46656617522239685,1.223484754562378,0.20071391761302948
25,pose,29,-1,0.5511219501495361,1.2662118673324585,0.20583908259868622
25,pose,30,-1,0.4667849838733673,1.2491463422775269,0.22225376963615417
25,pose,31,-1,0.5455461740493774,1.3180490732192993,0.09467102587223053
25,pose,32,-1,0.4749314486980438,1.30988609790802,0.1049521192908287
26,hand,0,0,0.435512512922287,0.3753172755241394,9.051302818363638e-09
26,hand,1,0,0.42958417534828186,0.3518386483192444,0.0022860984317958355
26,hand,2,0,0.4285692572593689,0.32746657729148865,0.002342359861359
26,hand,3,0,0.430523157119751,0.3105626702308655,0.0012342273257672787
26,hand,4,0,0.43284010887145996,0.29783380031585693,3.5480554743116954e-06
26,hand,5,0,0.4261656105518341,0.31745481491088867,0.0018533067777752876
26,hand,6,0,0.4262857437133789,0.2923341989517212,-0.0013218503445386887
26,hand,7,0,0.42524173855781555,0.2762754261493683,-0.004049853887408972
26,hand,8,0,0.42370176315307617,0.2629377245903015,-0.006116968113929033
26,hand,9,0,0.42918911576271057,0.3182086944580078,-0.0018984003691002727
26,hand,10,0,0.4287470579147339,0.29319921135902405,-0.005018570926040411
26,hand,11,0,0.4266412556171417,0.2756943702697754,-0.00788197759538889
26,hand,12,0,0.4237591028213501,0.2594258189201355,-0.010002688504755497
26,hand,13,0,0.4339401423931122,0.3220292925834656,-0.005736216902732849
26,hand,14,0,0.43341532349586487,0.2979925572872162,-0.008489299565553665
26,hand,15,0,0.4317239224910736,0.28339314460754395,-0.009723742492496967
26,hand,16,0,0.4291285574436188,0.27052098512649536,-0.010641008615493774
26,hand,17,0,0.4405490756034851,0.32848235964775085,-0.009555370546877384
26,hand,18,0,0.44054359197616577,0.31096819043159485,-0.011529454030096531
26,hand,19,0,0.4395206868648529,0.3006296455860138,-0.011547897011041641
26,hand,20,0,0.43811821937561035,0.2915281057357788,-0.011509214527904987
26,hand,0,1,0.49425745010375977,0.25256097316741943,-4.754129889761316e-08
26,hand,1,1,0.5006616711616516,0.22990518808364868,0.001253934926353395
26,hand,2,1,0.4986523985862732,0.20027977228164673,0.001615440472960472
26,hand,3,1,0.49647724628448486,0.18057730793952942,0.0011187456548213959
26,hand,4,1,0.4974071681499481,0.166407972574234,0.0005469608586281538
26,hand,5,1,0.4902629554271698,0.17724184691905975,0.0020541043486446142
26,hand,6,1,0.47334858775138855,0.16440364718437195,-0.00016903744835872203
26,hand,7,1,0.4625535011291504,0.15625402331352234,-0.0018813108326867223
26,hand,8,1,0.4547818601131439,0.15032511949539185,-0.0030028580222278833
26,hand,9,1,0.4839661717414856,0.18040762841701508,9.464773029321805e-06
26,hand,10,1,0.46497562527656555,0.16940295696258545,-0.0020710984244942665
26,hand,11,1,0.4555814862251282,0.1698228269815445,-0.0028397315181791782
26,hand,12,1,0.4494183361530304,0.17083147168159485,-0.0030123726464807987
26,hand,13,1,0.4767743647098541,0.187782883644104,-0.0021589817479252815
26,hand,14,1,0.4590717852115631,0.17888803780078888,-0.0044181449338793755
26,hand,15,1,0.45169365406036377,0.18246784806251526,-0.003985710442066193
26,hand,16,1,0.4477958381175995,0.18610870838165283,-0.0032019352074712515
26,hand,17,1,0.4692721664905548,0.19853323698043823,-0.004322939086705446
26,hand,18,1,0.45575523376464844,0.19124308228492737,-0.005999622400850058
26,hand,19,1,0.4482976198196411,0.19213299453258514,-0.005379615351557732
26,hand,20,1,0.4428083300590515,0.19477595388889313,-0.0043132430873811245
26,pose,0,-1,0.4787263572216034,0.1664658486843109,-0.08809442818164825
26,pose,1,-1,0.48846670985221863,0.14082002639770508,-0.06893225014209747
26,pose,2,-1,0.4931517243385315,0.1407320201396942,-0.069016233086586
26,pose,3,-1,0.4975806474685669,0.14088496565818787,-0.06898556649684906
26,pose,4,-1,0.4710612893104553,0.1408836841583252,-0.0640001893043518
26,pose,5,-1,0.4653905928134918,0.1409086287021637,-0.06409576535224915
26,pose,6,-1,0.46050775051116943,0.14128074049949646,-0.06407750397920609
26,pose,7,-1,0.5051377415657043,0.15501396358013153,0.04743471369147301
26,pose,8,-1,0.45467907190322876,0.15697501599788666,0.06963766366243362
26,pose,9,-1,0.4904065430164337,0.19466732442378998,-0.04405798017978668
26,pose,10,-1,0.470525860786438,0.19580531120300293,-0.037916675209999084
26,pose,11,-1,0.5478283762931824,0.29838526248931885,0.08973271399736404
26,pose,12,-1,0.41738441586494446,0.3158663213253021,0.11947285383939743
26,pose,13,-1,0.561547577381134,0.44296884536743164,-0.033579934388399124
26,pose,14,-1,0.40588435530662537,0.5168235301971436,0.005466122645884752
26,pose,15,-1,0.5016455054283142,0.27777883410453796,-0.15322493016719818
26,pose,16,-1,0.4368850290775299,0.381416916847229,-0.17575553059577942
26,pose,17,-1,0.4864727556705475,0.237990602850914,-0.1845722496509552
26,pose,18,-1,0.44093063473701477,0.3315332233905792,-0.21019482612609863
26,pose,19,-1,0.4884938895702362,0.22623486816883087,-0.1560034155845642
26,pose,20,-1,0.43967828154563904,0.31277045607566833,-0.1914849877357483
26,pose,21,-1,0.493211954832077,0.23903585970401764,-0.14279796183109283
26,pose,22,-1,0.44011154770851135,0.32595908641815186,-0.1718127280473709
26,pose,23,-1,0.527418851852417,0.6842633485794067,0.0047561293467879295
26,pose,24,-1,0.4512055218219757,0.6820821166038513,-0.004170115105807781
26,pose,25,-1,0.5348852872848511,0.9653653502464294,-0.05479723960161209
26,pose,26,-1,0.4594999849796295,0.9817370176315308,-0.021347489207983017
26,pose,27,-1,0.5490419268608093,1.2360469102859497,0.1703021377325058
26,pose,28,-1,0.46636852622032166,1.2254507541656494,0.20479188859462738
26,pose,29,-1,0.5513319373130798,1.2692108154296875,0.18730409443378448
26,pose,30,-1,0.46652230620384216,1.2525149583816528,0.22446422278881073
26,pose,31,-1,0.5463201403617859,1.319614052772522,0.06984497606754303
26,pose,32,-1,0.47510698437690735,1.3120604753494263,0.1018606573343277
27,hand,0,0,0.43729159235954285,0.36045312881469727,6.522620310533966e-08
27,hand,1,0,0.43176034092903137,0.33510932326316833,0.0014431721065193415
27,hand,2,0,0.42913469672203064,0.3063531816005707,0.001350544742308557
27,hand,3,0,0.42711925506591797,0.2847228944301605,0.0003882997843902558
27,hand,4,0,0.4231419265270233,0.26936689019203186,-0.000668104796204716
27,hand,5,0,0.42935359477996826,0.3033413589000702,0.00018304138211533427
27,hand,6,0,0.42828330397605896,0.2773473560810089,-0.0033730666618794203
27,hand,7,0,0.42680665850639343,0.2596442699432373,-0.006098232232034206
27,hand,8,0,0.42494621872901917,0.24541324377059937,-0.007898646406829357
27,hand,9,0,0.431646466255188,0.30454614758491516,-0.002956193871796131
27,hand,10,0,0.43104586005210876,0.2771061658859253,-0.006125586107373238
27,hand,11,0,0.4290539622306824,0.25807636976242065,-0.00860726460814476
27,hand,12,0,0.4265200197696686,0.2425893247127533,-0.010255255736410618
27,hand,13,0,0.43601059913635254,0.3075629770755768,-0.006133107468485832
27,hand,14,0,0.4354810118675232,0.2803139388561249,-0.008707312867045403
27,hand,15,0,0.43384990096092224,0.2625662088394165,-0.009992296807467937
27,hand,16,0,0.43112677335739136,0.24819815158843994,-0.010825179517269135
27,hand,17,0,0.4425138235092163,0.3126397728919983,-0.009306792169809341
27,hand,18,0,0.44254472851753235,0.2910614609718323,-0.011017045937478542
27,hand,19,0,0.44111597537994385,0.2775219678878784,-0.01124511193484068
27,hand,20,0,0.43903210759162903,0.2664570212364197,-0.011323407292366028
27,hand,0,1,0.48891687393188477,0.2506646513938904,-2.8514985928040915e-08
27,hand,1,1,0.49446460604667664,0.2247283160686493,0.003330729203298688
27,hand,2,1,0.49226057529449463,0.19352024793624878,0.004682628437876701
27,hand,3,1,0.4925213158130646,0.172739177942276,0.004767049103975296
27,hand,4,1,0.495572954416275,0.15879303216934204,0.004532891791313887
27,hand,5,1,0.4789680242538452,0.17091387510299683,0.006780748255550861
27,hand,6,1,0.46373268961906433,0.15894180536270142,0.00638402858749032
27,hand,7,1,0.45465487241744995,0.15503133833408356,0.004644225817173719
27,hand,8,1,0.4478151202201843,0.15241913497447968,0.003391499863937497
27,hand,9,1,0.4731071889400482,0.17722178995609283,0.004280954599380493
27,hand,10,1,0.45624804496765137,0.16768185794353485,0.004767772275954485
27,hand,11,1,0.44712865352630615,0.16766512393951416,0.0035713096149265766
27,hand,12,1,0.44041958451271057,0.16780713200569153,0.002483328338712454
27,hand,13,1,0.4669274091720581,0.18680161237716675,0.0016638500383123755
27,hand,14,1,0.45176467299461365,0.17767773568630219,0.0023468059953302145
27,hand,15,1,0.44356924295425415,0.1767873615026474,0.001962467795237899
27,hand,16,1,0.43742722272872925,0.1768411546945572,0.0013167159631848335
27,hand,17,1,0.46100515127182007,0.1991136074066162,-0.0008522131247445941
27,hand,18,1,0.44923898577690125,0.19106875360012054,-7.821674080332741e-05
27,hand,19,1,0.4426923096179962,0.18834586441516876,0.000573097902815789
27,hand,20,1,0.4371098577976227,0.18630266189575195,0.0011264781933277845
27,pose,0,-1,0.4787627160549164,0.1707044541835785,-0.07788549363613129
27,pose,1,-1,0.48841607570648193,0.14321526885032654,-0.05860494077205658
27,pose,2,-1,0.4930465519428253,0.14281651377677917,-0.05868806317448616
27,pose,3,-1,0.49727535247802734,0.1427912563085556,-0.05867890641093254
27,pose,4,-1,0.47097525000572205,0.1444181352853775,-0.05417705327272415
27,pose,5,-1,0.465204656124115,0.14443166553974152,-0.05427800491452217
27,pose,6,-1,0.4602441191673279,0.14454129338264465,-0.054274968802928925
27,pose,7,-1,0.5046957731246948,0.1553773581981659,0.057570893317461014
27,pose,8,-1,0.45424383878707886,0.15912187099456787,0.07868663966655731
27,pose,9,-1,0.4904145896434784,0.19781368970870972,-0.03378863260149956
27,pose,10,-1,0.4705829918384552,0.19983512163162231,-0.028017964214086533
27,pose,11,-1,0.5475233197212219,0.2969040274620056,0.08858008682727814
27,pose,12,-1,0.41736871004104614,0.3159257471561432,0.11473946273326874
27,pose,13,-1,0.5535809397697449,0.44298526644706726,-0.057959672063589096
27,pose,14,-1,0.40655502676963806,0.5169993042945862,-0.028700584545731544
27,pose,15,-1,0.4924758970737457,0.2735253870487213,-0.17513097822666168
27,pose,16,-1,0.4384908676147461,0.3399873375892639,-0.19690339267253876
27,pose,17,-1,0.47369101643562317,0.2271263152360916,-0.20905886590480804
27,pose,18,-1,0.43992722034454346,0.2810710072517395,-0.23284362256526947
27,pose,19,-1,0.47455260157585144,0.21667151153087616,-0.1770373433828354
27,pose,20,-1,0.43571001291275024,0.26897960901260376,-0.21207861602306366
27,pose,21,-1,0.4812163710594177,0.2305646538734436,-0.16444532573223114
27,pose,22,-1,0.4381524324417114,0.28693723678588867,-0.19353097677230835
27,pose,23,-1,0.52744460105896,0.6842478513717651,0.005619087256491184
27,pose,24,-1,0.45110732316970825,0.6830251216888428,-0.005080197472125292
27,pose,25,-1,0.5354811549186707,0.9656015038490295,-0.05140315368771553
27,pose,26,-1,0.4599137604236603,0.9826480150222778,-0.022211533039808273
27,pose,27,-1,0.5488349199295044,1.2348276376724243,0.16989167034626007
27,pose,28,-1,0.4673239588737488,1.2247700691223145,0.2036457061767578
27,pose,29,-1,0.5510424971580505,1.267412543296814,0.18743515014648438
27,pose,30,-1,0.4681047797203064,1.251847505569458,0.22325372695922852
27,pose,31,-1,0.5463055968284607,1.3181966543197632,0.07335203140974045
27,pose,32,-1,0.47643738985061646,1.3113073110580444,0.10220102965831757
28,hand,0,0,0.43989408016204834,0.3446084260940552,6.379966777103618e-08
28,hand,1,0,0.4346345365047455,0.3210306167602539,0.0008157228003256023
28,hand,2,0,0.43158066272735596,0.29311037063598633,0.0006259357323870063
28,hand,3,0,0.42903462052345276,0.2723352909088135,-0.00026646419428288937
28,hand,4,0,0.42446354031562805,0.2580513656139374,-0.0011986297322437167
28,hand,5,0,0.431645005941391,0.28768542408943176,-0.00022405304480344057
28,hand,6,0,0.42940059304237366,0.26114460825920105,-0.0035957323852926493
28,hand,7,0,0.427491694688797,0.24324479699134827,-0.006156426388770342
28,hand,8,0,0.42528069019317627,0.22839458286762238,-0.007897693663835526
28,hand,9,0,0.4339160621166229,0.28840067982673645,-0.0029709318187087774
28,hand,10,0,0.43244874477386475,0.2609110176563263,-0.006052520591765642
28,hand,11,0,0.4304029047489166,0.2418375313282013,-0.008472428657114506
28,hand,12,0,0.4279633164405823,0.2257489562034607,-0.010100467130541801
28,hand,13,0,0.4380289912223816,0.2910101115703583,-0.005786886904388666
28,hand,14,0,0.43692612648010254,0.26387321949005127,-0.008245809935033321
28,hand,15,0,0.43537941575050354,0.24582740664482117,-0.009562365710735321
28,hand,16,0,0.432933509349823,0.23086139559745789,-0.010392848402261734
28,hand,17,0,0.4441973567008972,0.2955297827720642,-0.008669016882777214
28,hand,18,0,0.4434199333190918,0.2737789452075958,-0.010362795554101467
28,hand,19,0,0.4415762722492218,0.2593706250190735,-0.010725225321948528
28,hand,20,0,0.4392765760421753,0.24724966287612915,-0.010872979648411274
28,hand,0,1,0.48131927847862244,0.24724355340003967,-2.7313047823440684e-08
28,hand,1,1,0.48395511507987976,0.21793368458747864,0.003894995665177703
28,hand,2,1,0.4826740324497223,0.18860475718975067,0.004129534587264061
28,hand,3,1,0.48299771547317505,0.16641521453857422,0.0029939603991806507
28,hand,4,1,0.4850642681121826,0.1492452621459961,0.0014831688022240996
28,hand,5,1,0.47206172347068787,0.17066267132759094,0.005046280100941658
28,hand,6,1,0.45671024918556213,0.1582496613264084,0.0034931052941828966
28,hand,7,1,0.4477998614311218,0.15722857415676117,0.001155099249444902
28,hand,8,1,0.441840261220932,0.1577778458595276,-0.0003902937169186771
28,hand,9,1,0.46597710251808167,0.17746223509311676,0.001647669356316328
28,hand,10,1,0.4493403732776642,0.1632557511329651,0.001029183273203671
28,hand,11,1,0.4390691816806793,0.1610444039106369,-0.000636317185126245
28,hand,12,1,0.4314565062522888,0.1608506739139557,-0.002068108646199107
28,hand,13,1,0.4595942199230194,0.18765737116336823,-0.001719453139230609
28,hand,14,1,0.4446711242198944,0.17455162107944489,-0.0019153457833454013
28,hand,15,1,0.43549948930740356,0.17140065133571625,-0.002439819509163499
28,hand,16,1,0.4286735951900482,0.1701393872499466,-0.003179539693519473
28,hand,17,1,0.45346689224243164,0.20011283457279205,-0.004859528504312038
28,hand,18,1,0.442657470703125,0.18774579465389252,-0.004664830397814512
28,hand,19,1,0.43575260043144226,0.18293246626853943,-0.003905064659193158
28,hand,20,1,0.4294676184654236,0.17943787574768066,-0.0033216839656233788
28,pose,0,-1,0.48362669348716736,0.1746046245098114,-0.08117763698101044
28,pose,1,-1,0.49010398983955383,0.14685803651809692,-0.0612371452152729
28,pose,2,-1,0.49429836869239807,0.14630894362926483,-0.06130876764655113
28,pose,3,-1,0.49862799048423767,0.14599710702896118,-0.06129583343863487
28,pose,4,-1,0.47414630651474,0.14826945960521698,-0.06023937463760376
28,pose,5,-1,0.4677460789680481,0.14823555946350098,-0.060332927852869034
28,pose,6,-1,0.4616398513317108,0.1481839120388031,-0.06033530458807945
28,pose,7,-1,0.5047105550765991,0.15674665570259094,0.05974871292710304
28,pose,8,-1,0.45393744111061096,0.1613854616880417,0.06565382331609726
28,pose,9,-1,0.4922209680080414,0.20079763233661652,-0.03489530086517334
28,pose,10,-1,0.4745595157146454,0.20348015427589417,-0.03348812088370323
28,pose,11,-1,0.5468575358390808,0.2965056896209717,0.08825688064098358
28,pose,12,-1,0.4169119596481323,0.31916093826293945,0.09995914250612259
28,pose,13,-1,0.5472613573074341,0.4404306411743164,-0.059369251132011414
28,pose,14,-1,0.40736624598503113,0.5164620876312256,-0.059187788516283035
28,pose,15,-1,0.4856604337692261,0.2697170376777649,-0.17206941545009613
28,pose,16,-1,0.4403344988822937,0.3327067196369171,-0.2178734987974167
28,pose,17,-1,0.4656435251235962,0.2233572155237198,-0.20633618533611298
28,pose,18,-1,0.43967923521995544,0.2728944420814514,-0.253395676612854
28,pose,19,-1,0.46571335196495056,0.21353814005851746,-0.17526713013648987
28,pose,20,-1,0.43431663513183594,0.2601816654205322,-0.2357623130083084
28,pose,21,-1,0.47223755717277527,0.22622095048427582,-0.16204912960529327
28,pose,22,-1,0.43762683868408203,0.28115731477737427,-0.2157628983259201
28,pose,23,-1,0.5276501178741455,0.6843358874320984,0.009176661260426044
28,pose,24,-1,0.45109960436820984,0.6871088147163391,-0.00838326197117567
28,pose,25,-1,0.5357869267463684,0.966110110282898,-0.039358578622341156
28,pose,26,-1,0.46022194623947144,0.9873057007789612,-0.01523593533784151
28,pose,27,-1,0.5489569306373596,1.2356842756271362,0.1509532630443573
28,pose,28,-1,0.4726896584033966,1.2267940044403076,0.2018423229455948
28,pose,29,-1,0.5510780215263367,1.26942777633667,0.1650702953338623
28,pose,30,-1,0.47363919019699097,1.2542048692703247,0.22156357765197754
28,pose,31,-1,0.5467993021011353,1.3182345628738403,0.048974812030792236
28,pose,32,-1,0.4806765019893646,1.3123619556427002,0.09866439551115036
29,hand,0,0,0.44095855951309204,0.32936471700668335,5.991159923723899e-08
29,hand,1,0,0.4348006844520569,0.30570727586746216,0.00135812908411026
29,hand,2,0,0.4329080581665039,0.27952373027801514,0.0016636318759992719
29,hand,3,0,0.4308550953865051,0.26151081919670105,0.0012181205675005913
29,hand,4,0,0.42552363872528076,0.25018489360809326,0.0006623064982704818
29,hand,5,0,0.43426498770713806,0.26909327507019043,0.0005279321339912713
29,hand,6,0,0.43178290128707886,0.24375583231449127,-0.0032644730526953936
29,hand,7,0,0.4288859963417053,0.22506183385849,-0.006216871552169323
29,hand,8,0,0.4256676733493805,0.2090916633605957,-0.008256825618445873
29,hand,9,0,0.43654826283454895,0.26950013637542725,-0.0026291816029697657
29,hand,10,0,0.43524837493896484,0.24277006089687347,-0.006467791274189949
29,hand,11,0,0.4318798780441284,0.22238315641880035,-0.00958442036062479
29,hand,12,0,0.4280814528465271,0.20420491695404053,-0.011563458479940891
29,hand,13,0,0.4402068853378296,0.27222806215286255,-0.005812625866383314
29,hand,14,0,0.4395124316215515,0.2460630238056183,-0.009290536865592003
29,hand,15,0,0.4366048276424408,0.22631897032260895,-0.011451676487922668
29,hand,16,0,0.43267837166786194,0.20887011289596558,-0.012649213895201683
29,hand,17,0,0.445687472820282,0.27763378620147705,-0.008960305713117123
29,hand,18,0,0.44604769349098206,0.25615406036376953,-0.011789076030254364
29,hand,19,0,0.44382721185684204,0.24117380380630493,-0.012876690365374088
29,hand,20,0,0.44075310230255127,0.2279955893754959,-0.013383314944803715
29,hand,0,1,0.47278568148612976,0.24558095633983612,-2.7021179960229347e-08
29,hand,1,1,0.4762815237045288,0.21700026094913483,0.002049427479505539
29,hand,2,1,0.4765240252017975,0.18749989569187164,0.0012181829661130905
29,hand,3,1,0.47805777192115784,0.16591085493564606,-0.0006949277594685555
29,hand,4,1,0.4814918041229248,0.15166471898555756,-0.003296729177236557
29,hand,5,1,0.4639791250228882,0.16939663887023926,0.002217828528955579
29,hand,6,1,0.4479249119758606,0.1633031666278839,-0.0002764682867564261
29,hand,7,1,0.4378860890865326,0.16323494911193848,-0.0036414109636098146
29,hand,8,1,0.4299869239330292,0.16277314722537994,-0.006004402879625559
29,hand,9,1,0.45833495259284973,0.17725770175457,-0.0006274623447097838
29,hand,10,1,0.4417775273323059,0.16835670173168182,-0.002238713437691331
29,hand,11,1,0.4307827651500702,0.1673363745212555,-0.004718370735645294
29,hand,12,1,0.42202824354171753,0.16681347787380219,-0.006825845688581467
29,hand,13,1,0.4525875449180603,0.18862184882164001,-0.0033783901017159224
29,hand,14,1,0.43821898102760315,0.17906145751476288,-0.004525460302829742
29,hand,15,1,0.4290296137332916,0.1768481731414795,-0.005239624995738268
29,hand,16,1,0.42206573486328125,0.17518490552902222,-0.006022375077009201
29,hand,17,1,0.44670912623405457,0.2021753191947937,-0.006047147326171398
29,hand,18,1,0.43689578771591187,0.19129350781440735,-0.006399625912308693
29,hand,19,1,0.43057742714881897,0.18711353838443756,-0.0054014199413359165
29,hand,20,1,0.42499908804893494,0.1839613914489746,-0.004580182023346424
29,pose,0,-1,0.4870944619178772,0.17829445004463196,-0.08131156116724014
29,pose,1,-1,0.49176570773124695,0.1504855751991272,-0.06173117831349373
29,pose,2,-1,0.49593108892440796,0.1497061401605606,-0.06181064993143082
29,pose,3,-1,0.5003106594085693,0.14931228756904602,-0.0618155337870121
29,pose,4,-1,0.47658663988113403,0.15211430191993713,-0.062382183969020844
29,pose,5,-1,0.46984127163887024,0.15213331580162048,-0.06247277930378914
29,pose,6,-1,0.4628637433052063,0.15230019390583038,-0.062476444989442825
29,pose,7,-1,0.5047801733016968,0.1594231277704239,0.05941500514745712
29,pose,8,-1,0.45362043380737305,0.16496224701404572,0.05781044811010361
29,pose,9,-1,0.4937637150287628,0.20458099246025085,-0.034453678876161575
29,pose,10,-1,0.4770408868789673,0.20689757168293,-0.03530053049325943
29,pose,11,-1,0.5462269186973572,0.2963375449180603,0.08849970996379852
29,pose,12,-1,0.4164353907108307,0.3203178346157074,0.09567788988351822
29,pose,13,-1,0.5456396341323853,0.4387291371822357,-0.05787549540400505
29,pose,14,-1,0.40818771719932556,0.5164057016372681,-0.07142235338687897
29,pose,15,-1,0.48302143812179565,0.2695821225643158,-0.1663072407245636
29,pose,16,-1,0.44269341230392456,0.328605979681015,-0.2180720865726471
29,pose,17,-1,0.4645395874977112,0.22345420718193054,-0.20056043565273285
29,pose,18,-1,0.4402720332145691,0.26856371760368347,-0.2516402304172516
29,pose,19,-1,0.4642346501350403,0.2137182652950287,-0.16888436675071716
29,pose,20,-1,0.4348580241203308,0.2567325830459595,-0.2350168377161026
29,pose,21,-1,0.470552921295166,0.22623589634895325,-0.15603400766849518
29,pose,22,-1,0.43780723214149475,0.2792922556400299,-0.21571360528469086
29,pose,23,-1,0.5277225375175476,0.6843859553337097,0.012302516959607601
29,pose,24,-1,0.4510980248451233,0.6881695985794067,-0.011476363986730576
29,pose,25,-1,0.5362752676010132,0.9662303924560547,-0.03256199508905411
29,pose,26,-1,0.46037229895591736,0.9879488348960876,-0.015986701473593712
29,pose,27,-1,0.5492715239524841,1.2353956699371338,0.15271280705928802
29,pose,28,-1,0.47517484426498413,1.2279647588729858,0.19991368055343628
29,pose,29,-1,0.5512006282806396,1.2690430879592896,0.16714856028556824
29,pose,30,-1,0.4761551022529602,1.255419373512268,0.21786078810691833
29,pose,31,-1,0.5478106141090393,1.3179415464401245,0.054539136588573456
29,pose,32,-1,0.48284968733787537,1.3129914999008179,0.09616810828447342
30,hand,0,0,0.44046688079833984,0.3212006986141205,2.341525728866145e-08
30,hand,1,0,0.435787558555603,0.2981051206588745,0.00254711601883173
30,hand,2,0,0.4336310923099518,0.2717019319534302,0.003407721873372793
30,hand,3,0,0.4310784637928009,0.25340932607650757,0.0034545070957392454
30,hand,4,0,0.42591211199760437,0.24200624227523804,0.00325813889503479
30,hand,5,0,0.4352882206439972,0.2618790864944458,0.00010826248762896284
30,hand,6,0,0.43254148960113525,0.23541736602783203,-0.003708445932716131
30,hand,7,0,0.42894789576530457,0.21673305332660675,-0.0062976921908557415
30,hand,8,0,0.42532768845558167,0.20223483443260193,-0.008087025955319405
30,hand,9,0,0.43717020750045776,0.26281389594078064,-0.0036146824713796377
30,hand,10,0,0.4347379803657532,0.2339557409286499,-0.007892659865319729
30,hand,11,0,0.43074560165405273,0.21385258436203003,-0.010723593644797802
30,hand,12,0,0.4261184334754944,0.19684259593486786,-0.012494461610913277
30,hand,13,0,0.4403516948223114,0.2660486698150635,-0.007243386935442686
30,hand,14,0,0.43831828236579895,0.23778650164604187,-0.011193828657269478
30,hand,15,0,0.434994637966156,0.2194409817457199,-0.013355194590985775
30,hand,16,0,0.4307757019996643,0.20363225042819977,-0.014588624238967896
30,hand,17,0,0.44512230157852173,0.2711787223815918,-0.01066016685217619
30,hand,18,0,0.44486305117607117,0.24945934116840363,-0.014243889600038528
30,hand,19,0,0.4427683651447296,0.2351064234972,-0.01594679243862629
30,hand,20,0,0.43996909260749817,0.2226291298866272,-0.016964178532361984
30,hand,0,1,0.468942254781723,0.24564450979232788,-2.2107300878815295e-08
30,hand,1,1,0.47254329919815063,0.21846097707748413,0.0007520996732637286
30,hand,2,1,0.47229650616645813,0.18901148438453674,-0.0005951673956587911
30,hand,3,1,0.47402507066726685,0.16682714223861694,-0.0026286926586180925
30,hand,4,1,0.4798257648944855,0.152238667011261,-0.0054638441652059555
30,hand,5,1,0.45724016427993774,0.17279139161109924,0.0006243687239475548
30,hand,6,1,0.439988374710083,0.1697784811258316,-0.0013313819654285908
30,hand,7,1,0.4302319884300232,0.17262400686740875,-0.0042900810949504375
30,hand,8,1,0.42272260785102844,0.1735379546880722,-0.006542086601257324
30,hand,9,1,0.4514341354370117,0.18300871551036835,-0.0015391792403534055
30,hand,10,1,0.43349218368530273,0.17624573409557343,-0.002154225716367364
30,hand,11,1,0.422707200050354,0.17597118020057678,-0.004133597947657108
30,hand,12,1,0.41463324427604675,0.17624926567077637,-0.006257771514356136
30,hand,13,1,0.44622933864593506,0.19625982642173767,-0.0036037242971360683
30,hand,14,1,0.43117475509643555,0.18884365260601044,-0.004048281814903021
30,hand,15,1,0.4232215881347656,0.18808989226818085,-0.004445875063538551
30,hand,16,1,0.41801637411117554,0.18708238005638123,-0.005278528202325106
30,hand,17,1,0.4415209889411926,0.21064044535160065,-0.005717197433114052
30,hand,18,1,0.43128684163093567,0.2030826210975647,-0.005845310166478157
30,hand,19,1,0.4262574315071106,0.20141850411891937,-0.004795900546014309
30,hand,20,1,0.42250949144363403,0.20006756484508514,-0.0040829661302268505
30,pose,0,-1,0.4869963824748993,0.17914627492427826,-0.08889511227607727
30,pose,1,-1,0.49203282594680786,0.1513882577419281,-0.07002655416727066
30,pose,2,-1,0.49620160460472107,0.15060938894748688,-0.07011320441961288
30,pose,3,-1,0.50077885389328,0.15003225207328796,-0.07010902464389801
30,pose,4,-1,0.47667020559310913,0.15359078347682953,-0.06946063786745071
30,pose,5,-1,0.46976903080940247,0.15402553975582123,-0.06956200301647186
30,pose,6,-1,0.4628448784351349,0.15465696156024933,-0.06957828998565674
30,pose,7,-1,0.5051345825195312,0.16019101440906525,0.05307804048061371
30,pose,8,-1,0.453188419342041,0.16748224198818207,0.052948787808418274
30,pose,9,-1,0.49393796920776367,0.20509445667266846,-0.04269401356577873
30,pose,10,-1,0.47677361965179443,0.20784920454025269,-0.041948556900024414
30,pose,11,-1,0.5462166666984558,0.29573091864585876,0.07712014019489288
30,pose,12,-1,0.41642647981643677,0.320899099111557,0.09489095956087112
30,pose,13,-1,0.5445312261581421,0.43551716208457947,-0.06615399569272995
30,pose,14,-1,0.4091329276561737,0.5146913528442383,-0.07765154540538788
30,pose,15,-1,0.4804682433605194,0.26993328332901,-0.17077721655368805
30,pose,16,-1,0.44417840242385864,0.318560928106308,-0.23298950493335724
30,pose,17,-1,0.46174976229667664,0.22447529435157776,-0.20409919321537018
30,pose,18,-1,0.44127708673477173,0.26159897446632385,-0.26800382137298584
30,pose,19,-1,0.4619747996330261,0.2141069620847702,-0.17450042068958282
30,pose,20,-1,0.4353232681751251,0.25106412172317505,-0.2492648810148239
30,pose,21,-1,0.46887245774269104,0.22706834971904755,-0.16090936958789825
30,pose,22,-1,0.4387413561344147,0.2748684585094452,-0.23037953674793243
30,pose,23,-1,0.5279592871665955,0.6844543218612671,0.01248297467827797
30,pose,24,-1,0.4511078894138336,0.6893611550331116,-0.01166161336004734
30,pose,25,-1,0.5367329716682434,0.9662113785743713,-0.033133890479803085
30,pose,26,-1,0.4604071080684662,0.9885266423225403,-0.011744101531803608
30,pose,27,-1,0.5505187511444092,1.2350393533706665,0.15087969601154327
30,pose,28,-1,0.47648781538009644,1.2294214963912964,0.2027282416820526
30,pose,29,-1,0.5526134967803955,1.2685911655426025,0.16561207175254822
30,pose,30,-1,0.4773901402950287,1.256900668144226,0.2209819257259369
30,pose,31,-1,0.5489908456802368,1.3178638219833374,0.05410917103290558
30,pose,32,-1,0.48436683416366577,1.3146393299102783,0.10422174632549286
31,hand,0,0,0.43815988302230835,0.3156055808067322,2.655400166418076e-08
31,hand,1,0,0.432285338640213,0.2950355112552643,0.0017160909483209252
31,hand,2,0,0.42978936433792114,0.2700498104095459,0.0019240377005189657
31,hand,3,0,0.42710527777671814,0.25257861614227295,0.001327526057139039
31,hand,4,0,0.4217020869255066,0.24099555611610413,0.00037869694642722607
31,hand,5,0,0.4306162893772125,0.2552066445350647,-0.0007616669172421098
31,hand,6,0,0.427757203578949,0.2277769148349762,-0.005420065950602293
31,hand,7,0,0.4240809679031372,0.20879581570625305,-0.00871760118752718
31,hand,8,0,0.42000454664230347,0.19411951303482056,-0.01087599340826273
31,hand,9,0,0.43294429779052734,0.25665244460105896,-0.004468914121389389
31,hand,10,0,0.43054962158203125,0.22747820615768433,-0.009350105188786983
31,hand,11,0,0.4265793263912201,0.207322359085083,-0.012753378599882126
31,hand,12,0,0.4218207597732544,0.1898980736732483,-0.014853828586637974
31,hand,13,0,0.43679362535476685,0.2607475817203522,-0.008205344900488853
31,hand,14,0,0.4353886544704437,0.2319839745759964,-0.012772107496857643
31,hand,15,0,0.43231236934661865,0.2140820473432541,-0.01546509750187397
31,hand,16,0,0.4279894232749939,0.19831126928329468,-0.016919145360589027
31,hand,17,0,0.4424459934234619,0.2667330205440521,-0.011789003387093544
31,hand,18,0,0.4426245093345642,0.24505075812339783,-0.015890033915638924
31,hand,19,0,0.44053956866264343,0.2316279411315918,-0.017772844061255455
31,hand,20,0,0.43764546513557434,0.219064861536026,-0.018765229731798172
31,hand,0,1,0.468993216753006,0.24662825465202332,-2.236724760962261e-08
31,hand,1,1,0.4731484651565552,0.2200324833393097,0.0018931325757876039
31,hand,2,1,0.4733288288116455,0.1903519630432129,0.0010519931092858315
31,hand,3,1,0.4746914505958557,0.1676221489906311,-0.0007681563729420304
31,hand,4,1,0.4799087643623352,0.15328332781791687,-0.0032214547973126173
31,hand,5,1,0.4582407772541046,0.17290978133678436,0.002361965598538518
31,hand,6,1,0.44188258051872253,0.16939523816108704,0.0008656540885567665
31,hand,7,1,0.43225911259651184,0.17118608951568604,-0.0016937177861109376
31,hand,8,1,0.42505890130996704,0.17201955616474152,-0.003638993948698044
31,hand,9,1,0.4529176354408264,0.1814699023962021,-0.00024460573331452906
31,hand,10,1,0.4360640048980713,0.1747385412454605,-0.0005980635178275406
31,hand,11,1,0.42563727498054504,0.17409910261631012,-0.002094866242259741
31,hand,12,1,0.41760626435279846,0.17432858049869537,-0.0036788368597626686
31,hand,13,1,0.4478328227996826,0.193573996424675,-0.002750670537352562
31,hand,14,1,0.433322548866272,0.18688693642616272,-0.0024962397292256355
31,hand,15,1,0.4253098666667938,0.18556365370750427,-0.0019425711361691356
31,hand,16,1,0.41965198516845703,0.18464712798595428,-0.0021177742164582014
31,hand,17,1,0.44279545545578003,0.20789450407028198,-0.005346811842173338
31,hand,18,1,0.43290674686431885,0.1992948204278946,-0.004751869011670351
31,hand,19,1,0.4275885224342346,0.1964266300201416,-0.0031838405411690474
31,hand,20,1,0.42308950424194336,0.19389063119888306,-0.002119195880368352
31,pose,0,-1,0.48733314871788025,0.17893868684768677,-0.09237244725227356
31,pose,1,-1,0.4923819601535797,0.15146659314632416,-0.07387455552816391
31,pose,2,-1,0.4965900182723999,0.15067225694656372,-0.07395929843187332
31,pose,3,-1,0.5012224912643433,0.15003284811973572,-0.0739503800868988
31,pose,4,-1,0.4771662950515747,0.15365886688232422,-0.07266686111688614
31,pose,5,-1,0.4701336920261383,0.15409521758556366,-0.0727577731013298
31,pose,6,-1,0.46304935216903687,0.1547217220067978,-0.07276687026023865
31,pose,7,-1,0.5055078268051147,0.16018280386924744,0.05058778449892998
31,pose,8,-1,0.453182190656662,0.16756819188594818,0.05135694891214371
31,pose,9,-1,0.4943203330039978,0.20480255782604218,-0.04644794389605522
31,pose,10,-1,0.4770646393299103,0.20781639218330383,-0.044820308685302734
31,pose,11,-1,0.5462332367897034,0.294969767332077,0.07132267951965332
31,pose,12,-1,0.41644078493118286,0.32129350304603577,0.09097868949174881
31,pose,13,-1,0.5442119836807251,0.43470463156700134,-0.06875644624233246
31,pose,14,-1,0.40998151898384094,0.5138617157936096,-0.07275064289569855
31,pose,15,-1,0.47983595728874207,0.26984453201293945,-0.17104622721672058
31,pose,16,-1,0.443916916847229,0.3168114125728607,-0.23603418469429016
31,pose,17,-1,0.4609980285167694,0.22480067610740662,-0.2039850503206253
31,pose,18,-1,0.4411413371562958,0.26112398505210876,-0.27215051651000977
31,pose,19,-1,0.4615435302257538,0.21399235725402832,-0.17494745552539825
31,pose,20,-1,0.4356321394443512,0.2504434883594513,-0.2538700997829437
31,pose,21,-1,0.4681982100009918,0.22667531669139862,-0.16114915907382965
31,pose,22,-1,0.4388420879840851,0.27358314394950867,-0.23393799364566803
31,pose,23,-1,0.528221070766449,0.6845013499259949,0.012483760714530945
31,pose,24,-1,0.45119816064834595,0.6898035407066345,-0.011665313504636288
31,pose,25,-1,0.5369164943695068,0.966755747795105,-0.031768977642059326
31,pose,26,-1,0.46041741967201233,0.9897516369819641,-0.008477265015244484
31,pose,27,-1,0.5503940582275391,1.2349436283111572,0.14740949869155884
31,pose,28,-1,0.47769811749458313,1.2307510375976562,0.20595616102218628
31,pose,29,-1,0.5524556040763855,1.2685112953186035,0.16149717569351196
31,pose,30,-1,0.47867485880851746,1.2581117153167725,0.2242831438779831
31,pose,31,-1,0.5489712953567505,1.318058729171753,0.05014370009303093
31,pose,32,-1,0.48516374826431274,1.316114902496338,0.10938072204589844
32,hand,0,0,0.4355662763118744,0.31105005741119385,3.4955538463776747e-09
32,hand,1,0,0.42889168858528137,0.28908196091651917,0.0030953194946050644
32,hand,2,0,0.42563101649284363,0.265188992023468,0.004412451758980751
32,hand,3,0,0.4225100576877594,0.2492583990097046,0.00472166808322072
32,hand,4,0,0.41704824566841125,0.23959028720855713,0.004779122769832611
32,hand,5,0,0.4270414412021637,0.25016480684280396,0.0024324371479451656
32,hand,6,0,0.42393767833709717,0.22410890460014343,-0.0009491608943790197
32,hand,7,0,0.41987019777297974,0.20672687888145447,-0.0036385958082973957
32,hand,8,0,0.4157724678516388,0.19366422295570374,-0.005458674859255552
32,hand,9,0,0.4295065701007843,0.25045016407966614,-0.0011868731817230582
32,hand,10,0,0.42658358812332153,0.22239457070827484,-0.004550970625132322
32,hand,11,0,0.42238152027130127,0.20466187596321106,-0.007057292386889458
32,hand,12,0,0.41755712032318115,0.1905307173728943,-0.008620147593319416
32,hand,13,0,0.4333997070789337,0.2531578838825226,-0.004871518816798925
32,hand,14,0,0.43080461025238037,0.22427448630332947,-0.008127635344862938
32,hand,15,0,0.42708921432495117,0.2080548256635666,-0.010113018564879894
32,hand,16,0,0.42221134901046753,0.1947961151599884,-0.0111438799649477
32,hand,17,0,0.4395707845687866,0.25749173760414124,-0.00835064984858036
32,hand,18,0,0.43905016779899597,0.2341025024652481,-0.0115475133061409
32,hand,19,0,0.4360097348690033,0.22133010625839233,-0.013050288893282413
32,hand,20,0,0.43154287338256836,0.21067653596401215,-0.013787067495286465
32,hand,0,1,0.4720982611179352,0.24953559041023254,-6.359317694659694e-08
32,hand,1,1,0.4762827754020691,0.22512035071849823,0.0027809368912130594
32,hand,2,1,0.4761801064014435,0.19953887164592743,0.0023899755906313658
32,hand,3,1,0.4758877456188202,0.17915455996990204,0.0010788757354021072
32,hand,4,1,0.4782313108444214,0.16511903703212738,-0.0006924897897988558
32,hand,5,1,0.4643547832965851,0.17626196146011353,0.0009815990924835205
32,hand,6,1,0.44783884286880493,0.17270946502685547,-0.0008325512753799558
32,hand,7,1,0.43856552243232727,0.17636820673942566,-0.0027162341866642237
32,hand,8,1,0.43255385756492615,0.1792343556880951,-0.003996773157268763
32,hand,9,1,0.45800691843032837,0.18394333124160767,-0.00200623064301908
32,hand,10,1,0.43994903564453125,0.17737367749214172,-0.002946653636172414
32,hand,11,1,0.4296893775463104,0.1787407249212265,-0.004051873926073313
32,hand,12,1,0.42227956652641296,0.18054525554180145,-0.005262124352157116
32,hand,13,1,0.45182108879089355,0.1958172619342804,-0.004747716709971428
32,hand,14,1,0.43521222472190857,0.18883760273456573,-0.00562540628015995
32,hand,15,1,0.4264528155326843,0.18882092833518982,-0.005609285086393356
32,hand,16,1,0.42035090923309326,0.18920457363128662,-0.005955057684332132
32,hand,17,1,0.44599929451942444,0.21041874587535858,-0.0072564329020679
32,hand,18,1,0.43323424458503723,0.20072025060653687,-0.00789588876068592
32,hand,19,1,0.4267696738243103,0.19832128286361694,-0.007033402565866709
32,hand,20,1,0.4215492606163025,0.19678065180778503,-0.006305137183517218
32,pose,0,-1,0.4890025854110718,0.17980463802814484,-0.09464145451784134
32,pose,1,-1,0.4935602843761444,0.15262962877750397,-0.07613589614629745
32,pose,2,-1,0.49782851338386536,0.15169337391853333,-0.07622408866882324
32,pose,3,-1,0.5021841526031494,0.1511094868183136,-0.07622110843658447
32,pose,4,-1,0.47948941588401794,0.1545538306236267,-0.0754411593079567
32,pose,5,-1,0.47287365794181824,0.1546923816204071,-0.07553023844957352
32,pose,6,-1,0.4655858874320984,0.15505258738994598,-0.07554014772176743
32,pose,7,-1,0.5056242346763611,0.16053900122642517,0.0478639118373394
32,pose,8,-1,0.4538668394088745,0.16734471917152405,0.0486195906996727
32,pose,9,-1,0.4953465163707733,0.20524528622627258,-0.0477055199444294
32,pose,10,-1,0.47939956188201904,0.20786850154399872,-0.0469479113817215
32,pose,11,-1,0.546195387840271,0.29346421360969543,0.07180647552013397
32,pose,12,-1,0.4164520502090454,0.32104358077049255,0.08978040516376495
32,pose,13,-1,0.54478919506073,0.4352317750453949,-0.0669250339269638
32,pose,14,-1,0.4113934636116028,0.512876570224762,-0.07256519794464111
32,pose,15,-1,0.48068979382514954,0.2701854109764099,-0.1764628142118454
32,pose,16,-1,0.4434135854244232,0.32013025879859924,-0.2404741495847702
32,pose,17,-1,0.4611232578754425,0.22512014210224152,-0.21214164793491364
32,pose,18,-1,0.43974459171295166,0.26760971546173096,-0.27648457884788513
32,pose,19,-1,0.4613441824913025,0.21425442397594452,-0.18324364721775055
32,pose,20,-1,0.434198796749115,0.2550671100616455,-0.26163730025291443
32,pose,21,-1,0.4681168496608734,0.22654466331005096,-0.1671559363603592
32,pose,22,-1,0.43726882338523865,0.2762812376022339,-0.23941847681999207
32,pose,23,-1,0.5285906195640564,0.6837671995162964,0.013156266883015633
32,pose,24,-1,0.45141342282295227,0.6893162727355957,-0.012341395951807499
32,pose,25,-1,0.5370108485221863,0.9667431712150574,-0.03087797202169895
32,pose,26,-1,0.4604416489601135,0.9896182417869568,-0.007106276229023933
32,pose,27,-1,0.5503166913986206,1.2347348928451538,0.1441287398338318
32,pose,28,-1,0.47725149989128113,1.2303533554077148,0.20517881214618683
32,pose,29,-1,0.552315890789032,1.2683428525924683,0.1575556844472885
32,pose,30,-1,0.47842755913734436,1.257636547088623,0.22348134219646454
32,pose,31,-1,0.5489482283592224,1.3179653882980347,0.042324066162109375
32,pose,32,-1,0.48380959033966064,1.3157833814620972,0.10840967297554016
33,hand,0,0,0.4327087104320526,0.31127411127090454,1.6331813679215657e-09
33,hand,1,0,0.42545992136001587,0.28899285197257996,0.003297381103038788
33,hand,2,0,0.4217226803302765,0.2656654715538025,0.004513098858296871
33,hand,3,0,0.41783997416496277,0.24978823959827423,0.004839067347347736
33,hand,4,0,0.4120502173900604,0.24046015739440918,0.00485661905258894
33,hand,5,0,0.4221305251121521,0.25098004937171936,0.0006977350567467511
33,hand,6,0,0.4182024598121643,0.22460846602916718,-0.00343917403370142
33,hand,7,0,0.41358697414398193,0.2070266306400299,-0.006202066782861948
33,hand,8,0,0.40883979201316833,0.1939215064048767,-0.007933112792670727
33,hand,9,0,0.42487654089927673,0.2524421215057373,-0.0031435757409781218
33,hand,10,0,0.4213656783103943,0.22372685372829437,-0.007692412938922644
33,hand,11,0,0.4163554608821869,0.20520183444023132,-0.010250844992697239
33,hand,12,0,0.41047075390815735,0.19001801311969757,-0.01165427453815937
33,hand,13,0,0.42878884077072144,0.25598904490470886,-0.006927535869181156
33,hand,14,0,0.4257996082305908,0.22769127786159515,-0.011201473884284496
33,hand,15,0,0.42168736457824707,0.21097098290920258,-0.013089846819639206
33,hand,16,0,0.4162965416908264,0.19730062782764435,-0.013893185183405876
33,hand,17,0,0.43410441279411316,0.2616209387779236,-0.010407817550003529
33,hand,18,0,0.43327298760414124,0.2398298680782318,-0.014422905631363392
33,hand,19,0,0.4307901859283447,0.22617103159427643,-0.01621752791106701
33,hand,20,0,0.42729437351226807,0.21435943245887756,-0.017100756987929344
33,hand,0,1,0.4775036573410034,0.2553004026412964,-8.908509130378661e-08
33,hand,1,1,0.4799434244632721,0.23018774390220642,0.0024670015554875135
33,hand,2,1,0.4786173105239868,0.2037670761346817,0.0018724530236795545
33,hand,3,1,0.4795844852924347,0.18457800149917603,7.552724127890542e-05
33,hand,4,1,0.48356473445892334,0.17116041481494904,-0.0020547043532133102
33,hand,5,1,0.46821457147598267,0.18227331340312958,0.0015951964305713773
33,hand,6,1,0.4525389075279236,0.18131965398788452,-0.0006708697183057666
33,hand,7,1,0.44896775484085083,0.1901199221611023,-0.0032739434391260147
33,hand,8,1,0.4494806230068207,0.19595307111740112,-0.004997064359486103
33,hand,9,1,0.461752325296402,0.18954747915267944,-0.0012990022078156471
33,hand,10,1,0.4465497136116028,0.18704882264137268,-0.00282663875259459
33,hand,11,1,0.44409918785095215,0.19624871015548706,-0.004023746121674776
33,hand,12,1,0.4459206163883209,0.20361021161079407,-0.0048912204802036285
33,hand,13,1,0.4554225206375122,0.20119765400886536,-0.004074546508491039
33,hand,14,1,0.4415462017059326,0.19451087713241577,-0.005681794136762619
33,hand,15,1,0.4377690851688385,0.20061561465263367,-0.005296936258673668
33,hand,16,1,0.4382808804512024,0.2054540067911148,-0.004938360769301653
33,hand,17,1,0.44956570863723755,0.21518723666667938,-0.00664133857935667
33,hand,18,1,0.4377908408641815,0.20512592792510986,-0.008001990616321564
33,hand,19,1,0.43298861384391785,0.20537659525871277,-0.007004077080637217
33,hand,20,1,0.43072986602783203,0.2059093415737152,-0.0057867057621479034
33,pose,0,-1,0.48939698934555054,0.17956392467021942,-0.09029718488454819
33,pose,1,-1,0.494010865688324,0.1524444967508316,-0.07204911857843399
33,pose,2,-1,0.49839580059051514,0.15153604745864868,-0.07212106138467789
33,pose,3,-1,0.5027276277542114,0.15098102390766144,-0.07210158556699753
33,pose,4,-1,0.4797854423522949,0.1543101668357849,-0.07087118178606033
33,pose,5,-1,0.47313785552978516,0.15445232391357422,-0.07095430046319962
33,pose,6,-1,0.46574756503105164,0.15483137965202332,-0.07096043229103088
33,pose,7,-1,0.5058009624481201,0.16052591800689697,0.047936663031578064
33,pose,8,-1,0.45393019914627075,0.1671963632106781,0.05239509418606758
33,pose,9,-1,0.495692640542984,0.20508591830730438,-0.0445646271109581
33,pose,10,-1,0.4795354902744293,0.20767715573310852,-0.04307070001959801
33,pose,11,-1,0.5462135672569275,0.29323217272758484,0.07271542400121689
33,pose,12,-1,0.4164682924747467,0.32095056772232056,0.08816251158714294
33,pose,13,-1,0.5449656248092651,0.43623319268226624,-0.0691194012761116
33,pose,14,-1,0.41225001215934753,0.5126897692680359,-0.0685003325343132
33,pose,15,-1,0.4806348979473114,0.2705991566181183,-0.1791120022535324
33,pose,16,-1,0.44173938035964966,0.3230787217617035,-0.2337888777256012
33,pose,17,-1,0.4584271013736725,0.22583843767642975,-0.21453292667865753
33,pose,18,-1,0.43657228350639343,0.2737177610397339,-0.2688765823841095
33,pose,19,-1,0.45847034454345703,0.21500936150550842,-0.1846991628408432
33,pose,20,-1,0.43135493993759155,0.2602800130844116,-0.254639595746994
33,pose,21,-1,0.4657171964645386,0.22707518935203552,-0.16971200704574585
33,pose,22,-1,0.434345543384552,0.280039519071579,-0.23303820192813873
33,pose,23,-1,0.5288788676261902,0.6836149096488953,0.013770250603556633
33,pose,24,-1,0.4514135420322418,0.6893092393875122,-0.012922418303787708
33,pose,25,-1,0.537354052066803,0.9670299291610718,-0.02442336454987526
33,pose,26,-1,0.4604369103908539,0.9907498955726624,-0.009136144071817398
33,pose,27,-1,0.5516600012779236,1.2405294179916382,0.14277078211307526
33,pose,28,-1,0.4749501645565033,1.2327442169189453,0.20357081294059753
33,pose,29,-1,0.5537291765213013,1.276599407196045,0.15532329678535461
33,pose,30,-1,0.47559037804603577,1.2606687545776367,0.22096887230873108
33,pose,31,-1,0.550679087638855,1.3227214813232422,0.04149794578552246
33,pose,32,-1,0.48156407475471497,1.317912220954895,0.10528890043497086
34,hand,0,0,0.4287812411785126,0.30430927872657776,6.764435234174471e-09
34,hand,1,0,0.4204188585281372,0.2842317819595337,0.0035354860592633486
34,hand,2,0,0.41600143909454346,0.2618938982486725,0.004930567927658558
34,hand,3,0,0.412226140499115,0.24733662605285645,0.005421752575784922
34,hand,4,0,0.40665850043296814,0.23907504975795746,0.0056422119960188866
34,hand,5,0,0.416095495223999,0.2447323501110077,0.0013778586871922016
34,hand,6,0,0.4118926525115967,0.2203129380941391,-0.0022590598091483116
34,hand,7,0,0.40711715817451477,0.2048090100288391,-0.0048202998004853725
34,hand,8,0,0.4021202623844147,0.19294315576553345,-0.006489076651632786
34,hand,9,0,0.4190997779369354,0.24528655409812927,-0.00256671872921288
34,hand,10,0,0.41500943899154663,0.21812443435192108,-0.00661068968474865
34,hand,11,0,0.40994149446487427,0.20087680220603943,-0.008963172324001789
34,hand,12,0,0.4040781855583191,0.18593287467956543,-0.010314601473510265
34,hand,13,0,0.42349615693092346,0.24857120215892792,-0.006450533401221037
34,hand,14,0,0.4203047454357147,0.22171923518180847,-0.01018519327044487
34,hand,15,0,0.41611364483833313,0.20664985477924347,-0.011680081486701965
34,hand,16,0,0.410722553730011,0.19355018436908722,-0.012259095907211304
34,hand,17,0,0.42962008714675903,0.25440576672554016,-0.010060415603220463
34,hand,18,0,0.428271621465683,0.23265591263771057,-0.013228646479547024
34,hand,19,0,0.42548877000808716,0.22011476755142212,-0.01423892192542553
34,hand,20,0,0.421919584274292,0.20930956304073334,-0.014595972374081612
34,hand,0,1,0.47726520895957947,0.2613868713378906,-6.233523208720726e-08
34,hand,1,1,0.48017093539237976,0.23856592178344727,0.0008182335295714438
34,hand,2,1,0.47924521565437317,0.21078389883041382,0.0002708416723180562
34,hand,3,1,0.4812384843826294,0.19084826111793518,-0.000956778705585748
34,hand,4,1,0.48584747314453125,0.1787615567445755,-0.00245164567604661
34,hand,5,1,0.4658854305744171,0.19321419298648834,0.0020394062157720327
34,hand,6,1,0.4553970992565155,0.18995344638824463,0.00044105289271101356
34,hand,7,1,0.45210757851600647,0.1981586217880249,-0.002400381024926901
34,hand,8,1,0.4523465037345886,0.20448893308639526,-0.0044263629242777824
34,hand,9,1,0.4577428698539734,0.19904464483261108,0.0005340238567441702
34,hand,10,1,0.44806796312332153,0.19960661232471466,-6.721640966134146e-05
34,hand,11,1,0.44756823778152466,0.20910677313804626,-0.0019345954060554504
34,hand,12,1,0.45068222284317017,0.21613633632659912,-0.0033513829112052917
34,hand,13,1,0.4510258734226227,0.20913590490818024,-0.0009266393608413637
34,hand,14,1,0.44220638275146484,0.20679304003715515,-0.0015804333379492164
34,hand,15,1,0.4410882592201233,0.2137628048658371,-0.002016268437728286
34,hand,16,1,0.44360679388046265,0.21979141235351562,-0.0023302952758967876
34,hand,17,1,0.4455528259277344,0.2200925350189209,-0.002362672472372651
34,hand,18,1,0.43750932812690735,0.21618181467056274,-0.0027876009698957205
34,hand,19,1,0.43664130568504333,0.22084924578666687,-0.0016627460718154907
34,hand,20,1,0.4381156265735626,0.22475427389144897,-0.0003624687669798732
34,pose,0,-1,0.4891550838947296,0.17937593162059784,-0.0889488235116005
34,pose,1,-1,0.4939744174480438,0.15231168270111084,-0.0704902932047844
34,pose,2,-1,0.4983186423778534,0.1514139324426651,-0.07055724412202835
34,pose,3,-1,0.5027124285697937,0.15087608993053436,-0.0705328956246376
34,pose,4,-1,0.47968119382858276,0.15411949157714844,-0.06757966428995132
34,pose,5,-1,0.4730898141860962,0.15429435670375824,-0.06767153739929199
34,pose,6,-1,0.4657100737094879,0.15480272471904755,-0.06767367571592331
34,pose,7,-1,0.5058037638664246,0.16053396463394165,0.0473778061568737
34,pose,8,-1,0.45392200350761414,0.1675245463848114,0.06090032309293747
34,pose,9,-1,0.49565964937210083,0.20496468245983124,-0.044263437390327454
34,pose,10,-1,0.4793204665184021,0.20753388106822968,-0.040579814463853836
34,pose,11,-1,0.546550989151001,0.2932502031326294,0.06988465785980225
34,pose,12,-1,0.4166369140148163,0.321172297000885,0.09190976619720459
34,pose,13,-1,0.5450345277786255,0.4397353231906891,-0.08384950459003448
34,pose,14,-1,0.412649005651474,0.5126968026161194,-0.06890115141868591
34,pose,15,-1,0.48041582107543945,0.2706588804721832,-0.18681010603904724
34,pose,16,-1,0.4386329650878906,0.3185715079307556,-0.24360886216163635
34,pose,17,-1,0.457854300737381,0.22635459899902344,-0.21823722124099731
34,pose,18,-1,0.4333382844924927,0.26838815212249756,-0.2805662453174591
34,pose,19,-1,0.45858287811279297,0.21510346233844757,-0.18549780547618866
34,pose,20,-1,0.42912426590919495,0.25590410828590393,-0.2632623016834259
34,pose,21,-1,0.46561142802238464,0.22763308882713318,-0.17560479044914246
34,pose,22,-1,0.4321025013923645,0.2752687335014343,-0.24262699484825134
34,pose,23,-1,0.5290328860282898,0.683867871761322,0.013493014499545097
34,pose,24,-1,0.45140087604522705,0.6900531053543091,-0.012639584951102734
34,pose,25,-1,0.5374087691307068,0.9672772288322449,-0.024489261209964752
34,pose,26,-1,0.4604838788509369,0.9907053709030151,-0.012368496507406235
34,pose,27,-1,0.5515325665473938,1.2434169054031372,0.14377053081989288
34,pose,28,-1,0.47491905093193054,1.2356085777282715,0.20293350517749786
34,pose,29,-1,0.5536471605300903,1.2796375751495361,0.15638110041618347
34,pose,30,-1,0.4755169153213501,1.263714075088501,0.22051802277565002
34,pose,31,-1,0.5506197810173035,1.325973391532898,0.04964026063680649
34,pose,32,-1,0.48159152269363403,1.320430874824524,0.10556606948375702
35,hand,0,0,0.42773544788360596,0.3040035665035248,-1.4820009663907285e-09
35,hand,1,0,0.4201754331588745,0.28335070610046387,0.003505601780489087
35,hand,2,0,0.4155842661857605,0.26019734144210815,0.004860254470258951
35,hand,3,0,0.4109509587287903,0.2457047402858734,0.005243701860308647
35,hand,4,0,0.40461647510528564,0.23805244266986847,0.0053631323389709
35,hand,5,0,0.41667410731315613,0.243552103638649,0.0015898088458925486
35,hand,6,0,0.41079193353652954,0.21926727890968323,-0.002259541070088744
35,hand,7,0,0.4053676724433899,0.2028207927942276,-0.004941118881106377
35,hand,8,0,0.4003957211971283,0.19026722013950348,-0.00671527860686183
35,hand,9,0,0.4188845157623291,0.24434955418109894,-0.002527661854401231
35,hand,10,0,0.41334468126296997,0.2171008586883545,-0.0067878770641982555
35,hand,11,0,0.4076438248157501,0.19889593124389648,-0.009637344628572464
35,hand,12,0,0.40156102180480957,0.18289121985435486,-0.01129166316241026
35,hand,13,0,0.422517865896225,0.2473045140504837,-0.006554280407726765
35,hand,14,0,0.4177778363227844,0.22010666131973267,-0.010571724735200405
35,hand,15,0,0.4133210778236389,0.2037302851676941,-0.012639190070331097
35,hand,16,0,0.4082237780094147,0.18885861337184906,-0.013590175658464432
35,hand,17,0,0.42788320779800415,0.2522873878479004,-0.010296833701431751
35,hand,18,0,0.42560529708862305,0.23113352060317993,-0.013974546454846859
35,hand,19,0,0.42259085178375244,0.21776048839092255,-0.0155634805560112
35,hand,20,0,0.4192948341369629,0.205651193857193,-0.0162967536598444
35,hand,0,1,0.4726788103580475,0.270656943321228,-5.555207849283761e-08
35,hand,1,1,0.47610458731651306,0.2474578619003296,-0.000608870352152735
35,hand,2,1,0.4745723009109497,0.21960629522800446,-0.001881481846794486
35,hand,3,1,0.47606217861175537,0.19964973628520966,-0.003614679677411914
35,hand,4,1,0.4811451733112335,0.18722784519195557,-0.005626987665891647
35,hand,5,1,0.4612952470779419,0.20935648679733276,5.346258694771677e-05
35,hand,6,1,0.4529602527618408,0.21109336614608765,-0.0033158224541693926
35,hand,7,1,0.45363566279411316,0.2209126353263855,-0.007253225427120924
35,hand,8,1,0.4572407901287079,0.22856321930885315,-0.009627817198634148
35,hand,9,1,0.4537235498428345,0.21777360141277313,-0.0011252944823354483
35,hand,10,1,0.44669032096862793,0.2205556333065033,-0.002930122660472989
35,hand,11,1,0.4483993649482727,0.22939833998680115,-0.005269242450594902
35,hand,12,1,0.4524903893470764,0.23546798527240753,-0.006850396282970905
35,hand,13,1,0.4477464556694031,0.22912119328975677,-0.002417602576315403
35,hand,14,1,0.44189760088920593,0.22936967015266418,-0.0038399100303649902
35,hand,15,1,0.44394609332084656,0.2364121377468109,-0.003909789491444826
35,hand,16,1,0.44805872440338135,0.24127817153930664,-0.0038355092983692884
35,hand,17,1,0.4429005980491638,0.24068570137023926,-0.0038645199965685606
35,hand,18,1,0.4381141662597656,0.23969845473766327,-0.0044465260580182076
35,hand,19,1,0.4407949447631836,0.24549853801727295,-0.0028553546871989965
35,hand,20,1,0.4443543553352356,0.2495127022266388,-0.001186721259728074
35,pose,0,-1,0.4890713393688202,0.17924924194812775,-0.0906604677438736
35,pose,1,-1,0.4938583970069885,0.152195543050766,-0.07179006934165955
35,pose,2,-1,0.4979430139064789,0.15130911767482758,-0.07188615202903748
35,pose,3,-1,0.5023961663246155,0.15078473091125488,-0.07188990712165833
35,pose,4,-1,0.47959616780281067,0.15397772192955017,-0.0699152946472168
35,pose,5,-1,0.47290703654289246,0.15415698289871216,-0.0700077936053276
35,pose,6,-1,0.4656159281730652,0.15471135079860687,-0.07001213729381561
35,pose,7,-1,0.5058338642120361,0.16051670908927917,0.04364415258169174
35,pose,8,-1,0.4539160430431366,0.16764847934246063,0.06089278310537338
35,pose,9,-1,0.49564123153686523,0.20493413507938385,-0.04574093967676163
35,pose,10,-1,0.479165643453598,0.20744267106056213,-0.042835257947444916
35,pose,11,-1,0.5472427606582642,0.2932853102684021,0.060180895030498505
35,pose,12,-1,0.41688838601112366,0.3211306929588318,0.09101495891809464
35,pose,13,-1,0.5456897020339966,0.44654425978660583,-0.09804966300725937
35,pose,14,-1,0.4132275879383087,0.512474536895752,-0.07566682994365692
35,pose,15,-1,0.47856611013412476,0.2741815745830536,-0.2063005566596985
35,pose,16,-1,0.4370814859867096,0.31141769886016846,-0.2549513280391693
35,pose,17,-1,0.45510783791542053,0.22643545269966125,-0.23778881132602692
35,pose,18,-1,0.43152984976768494,0.2563813030719757,-0.2929925322532654
35,pose,19,-1,0.45667406916618347,0.21632449328899384,-0.20460624992847443
35,pose,20,-1,0.42797335982322693,0.24686536192893982,-0.2724784314632416
35,pose,21,-1,0.4637116491794586,0.2281617671251297,-0.19496753811836243
35,pose,22,-1,0.4310854375362396,0.26548150181770325,-0.2532227337360382
35,pose,23,-1,0.5291799306869507,0.6842896342277527,0.01330404169857502
35,pose,24,-1,0.4513993263244629,0.6905984282493591,-0.012403496541082859
35,pose,25,-1,0.5374010801315308,0.9688648581504822,-0.02446986362338066
35,pose,26,-1,0.46053117513656616,0.9920700788497925,-0.01218144129961729
35,pose,27,-1,0.5519466996192932,1.2454471588134766,0.15129248797893524
35,pose,28,-1,0.47509855031967163,1.2377996444702148,0.203969344496727
35,pose,29,-1,0.5549355745315552,1.2830016613006592,0.16559602320194244
35,pose,30,-1,0.47550296783447266,1.2664021253585815,0.22177650034427643
35,pose,31,-1,0.55057692527771,1.3269739151000977,0.05560392886400223
35,pose,32,-1,0.48281368613243103,1.3228427171707153,0.10649371147155762
36,hand,0,0,0.4282638132572174,0.2989117503166199,-2.2046913183970673e-09
36,hand,1,0,0.4198817312717438,0.2790614366531372,0.003824016312137246
36,hand,2,0,0.41521671414375305,0.25611287355422974,0.005902156699448824
36,hand,3,0,0.41112378239631653,0.24282152950763702,0.006897981744259596
36,hand,4,0,0.40557998418807983,0.23658232390880585,0.0076081836596131325
36,hand,5,0,0.41585707664489746,0.23735496401786804,0.0032629375346004963
36,hand,6,0,0.4108637869358063,0.21376729011535645,6.56082556815818e-05
36,hand,7,0,0.40616220235824585,0.19741030037403107,-0.0022707092575728893
36,hand,8,0,0.40192675590515137,0.18486547470092773,-0.003915304318070412
36,hand,9,0,0.41827496886253357,0.23775489628314972,-0.000833342841360718
36,hand,10,0,0.4134275019168854,0.2112734019756317,-0.004677821882069111
36,hand,11,0,0.40838441252708435,0.19371357560157776,-0.0072512817569077015
36,hand,12,0,0.40283629298210144,0.1781524121761322,-0.008710235357284546
36,hand,13,0,0.42204421758651733,0.24084526300430298,-0.004948409274220467
36,hand,14,0,0.41796016693115234,0.215041846036911,-0.00885035190731287
36,hand,15,0,0.4136595129966736,0.19973674416542053,-0.01074293628334999
36,hand,16,0,0.4083332419395447,0.18551436066627502,-0.011554727330803871
36,hand,17,0,0.42741331458091736,0.24678373336791992,-0.008791214786469936
36,hand,18,0,0.425589919090271,0.22619661688804626,-0.012425475753843784
36,hand,19,0,0.4226456880569458,0.21334236860275269,-0.013955042697489262
36,hand,20,0,0.41893377900123596,0.2019040733575821,-0.014699221588671207
36,hand,0,1,0.4705659747123718,0.2861472964286804,-2.039273816478726e-08
36,hand,1,1,0.4743921458721161,0.2631553113460541,-0.0011169620556756854
36,hand,2,1,0.4723789691925049,0.23382943868637085,-0.00247765239328146
36,hand,3,1,0.47208172082901,0.2118064910173416,-0.004128505475819111
36,hand,4,1,0.47545862197875977,0.19600144028663635,-0.005919510032981634
36,hand,5,1,0.4568270444869995,0.22271578013896942,0.0008595783729106188
36,hand,6,1,0.44315654039382935,0.22327663004398346,-0.0014384499518200755
36,hand,7,1,0.44106847047805786,0.23214195668697357,-0.004347979556769133
36,hand,8,1,0.4426937699317932,0.23716743290424347,-0.006064204499125481
36,hand,9,1,0.4512530565261841,0.23241494596004486,0.0001992384495679289
36,hand,10,1,0.43899476528167725,0.22980156540870667,-0.0011504330905154347
36,hand,11,1,0.43810132145881653,0.23740264773368835,-0.002856690203770995
36,hand,12,1,0.44105228781700134,0.24240072071552277,-0.0038026587571948767
36,hand,13,1,0.4460200369358063,0.24403755366802216,-0.0006470938678830862
36,hand,14,1,0.43533292412757874,0.23805251717567444,-0.0017327311215922236
36,hand,15,1,0.43434327840805054,0.24331322312355042,-0.001218897057697177
36,hand,16,1,0.4371866285800934,0.24625560641288757,-0.0005199565785005689
36,hand,17,1,0.4411666989326477,0.25656962394714355,-0.0016878820024430752
36,hand,18,1,0.43325233459472656,0.2463201880455017,-0.002027366543188691
36,hand,19,1,0.43106403946876526,0.24675579369068146,-0.0004778042493853718
36,hand,20,1,0.43109992146492004,0.24628804624080658,0.001226871507242322
36,pose,0,-1,0.488932341337204,0.17867694795131683,-0.0872478261590004
36,pose,1,-1,0.493737131357193,0.15122967958450317,-0.06761479377746582
36,pose,2,-1,0.49768027663230896,0.15057823061943054,-0.06766846776008606
36,pose,3,-1,0.5022497773170471,0.15016569197177887,-0.06763752549886703
36,pose,4,-1,0.47938811779022217,0.15248575806617737,-0.06312840431928635
36,pose,5,-1,0.47254711389541626,0.15276984870433807,-0.06321195513010025
36,pose,6,-1,0.465387761592865,0.15336909890174866,-0.0632023736834526
36,pose,7,-1,0.5060950517654419,0.15981361269950867,0.04925888031721115
36,pose,8,-1,0.45392951369285583,0.16685761511325836,0.07455822825431824
36,pose,9,-1,0.4955914318561554,0.2047438621520996,-0.04304416850209236
36,pose,10,-1,0.47909560799598694,0.20718076825141907,-0.037022389471530914
36,pose,11,-1,0.5476718544960022,0.29327628016471863,0.06449573487043381
36,pose,12,-1,0.417905330657959,0.32016345858573914,0.10632329434156418
36,pose,13,-1,0.5463663339614868,0.45602482557296753,-0.089193195104599
36,pose,14,-1,0.41356849670410156,0.5119209885597229,-0.06151488795876503
36,pose,15,-1,0.47936880588531494,0.2960556745529175,-0.2034367024898529
36,pose,16,-1,0.4364205300807953,0.30901962518692017,-0.2410721629858017
36,pose,17,-1,0.4561525285243988,0.2378389686346054,-0.2364731729030609
36,pose,18,-1,0.4308947026729584,0.2543817460536957,-0.2753872573375702
36,pose,19,-1,0.45791956782341003,0.22590482234954834,-0.2040296345949173
36,pose,20,-1,0.42816317081451416,0.24353724718093872,-0.26886022090911865
36,pose,21,-1,0.4643155336380005,0.24016915261745453,-0.19284643232822418
36,pose,22,-1,0.43123659491539,0.262628436088562,-0.24216698110103607
36,pose,23,-1,0.52925705909729,0.6836757659912109,0.012882823124527931
36,pose,24,-1,0.4514405429363251,0.6895865201950073,-0.01193997822701931
36,pose,25,-1,0.5373992919921875,0.9699895977973938,-0.02535557933151722
36,pose,26,-1,0.4605451226234436,0.9919440150260925,-0.019965043291449547
36,pose,27,-1,0.5508866906166077,1.2454876899719238,0.16235312819480896
36,pose,28,-1,0.47512850165367126,1.2372783422470093,0.2020660787820816
36,pose,29,-1,0.5542267560958862,1.282680630683899,0.17818249762058258
36,pose,30,-1,0.4754766523838043,1.2657265663146973,0.22010096907615662
36,pose,31,-1,0.5477457642555237,1.327006220817566,0.0641564279794693
36,pose,32,-1,0.4832644760608673,1.3223555088043213,0.10316511988639832
37,hand,0,0,0.42792606353759766,0.30172762274742126,-3.993236408206258e-09
37,hand,1,0,0.42064520716667175,0.27996519207954407,0.00404302729293704
37,hand,2,0,0.41599375009536743,0.25753018260002136,0.0056883604265749454
37,hand,3,0,0.411625474691391,0.24456872045993805,0.006196573842316866
37,hand,4,0,0.40621674060821533,0.2354920506477356,0.006458216346800327
37,hand,5,0,0.4166052043437958,0.2396300882101059,0.0022118953056633472
37,hand,6,0,0.41128620505332947,0.21462075412273407,-0.001682779286056757
37,hand,7,0,0.4059384763240814,0.1972966492176056,-0.004394721705466509
37,hand,8,0,0.4008282423019409,0.18399560451507568,-0.006236433517187834
37,hand,9,0,0.418752521276474,0.2405262440443039,-0.0023857667110860348
37,hand,10,0,0.4138443171977997,0.21219220757484436,-0.007093033753335476
37,hand,11,0,0.4082185626029968,0.19307301938533783,-0.010105656459927559
37,hand,12,0,0.402042418718338,0.17659780383110046,-0.011830651201307774
37,hand,13,0,0.42195168137550354,0.24338702857494354,-0.006908703595399857
37,hand,14,0,0.4176985025405884,0.21578845381736755,-0.011322302743792534
37,hand,15,0,0.41294020414352417,0.19921021163463593,-0.01327461563050747
37,hand,16,0,0.4074009656906128,0.18427035212516785,-0.014120982028543949
37,hand,17,0,0.42689141631126404,0.24826335906982422,-0.01113090943545103
37,hand,18,0,0.42480045557022095,0.22685067355632782,-0.015232580713927746
37,hand,19,0,0.42164069414138794,0.21290142834186554,-0.01688544452190399
37,hand,20,0,0.4180600941181183,0.20069018006324768,-0.017662446945905685
37,hand,0,1,0.4740554094314575,0.29497188329696655,-3.35252536842745e-08
37,hand,1,1,0.478410005569458,0.2723013460636139,-0.0002982276491820812
37,hand,2,1,0.4770684540271759,0.24508632719516754,-0.001199933234602213
37,hand,3,1,0.47487959265708923,0.22424764931201935,-0.002316871890798211
37,hand,4,1,0.47548919916152954,0.20909693837165833,-0.003618017304688692
37,hand,5,1,0.4621240496635437,0.22960950434207916,-0.0004914426826871932
37,hand,6,1,0.4476381838321686,0.2258361130952835,-0.002530554309487343
37,hand,7,1,0.4419921636581421,0.232443168759346,-0.0046330345794558525
37,hand,8,1,0.4410480558872223,0.23780910670757294,-0.005847377702593803
37,hand,9,1,0.45555242896080017,0.24002790451049805,-0.0015150882536545396
37,hand,10,1,0.44200029969215393,0.23428381979465485,-0.00222204253077507
37,hand,11,1,0.4370274543762207,0.24016405642032623,-0.0029503388796001673
37,hand,12,1,0.4359215795993805,0.24495305120944977,-0.0036640462931245565
37,hand,13,1,0.4497145712375641,0.25328493118286133,-0.0025858180597424507
37,hand,14,1,0.43823593854904175,0.24569356441497803,-0.0033520516008138657
37,hand,15,1,0.4342661499977112,0.24933767318725586,-0.0025441679172217846
37,hand,16,1,0.4336140751838684,0.2517545819282532,-0.002106299391016364
37,hand,17,1,0.4447696805000305,0.26847636699676514,-0.0037072463892400265
37,hand,18,1,0.4354408085346222,0.25909659266471863,-0.004372506868094206
37,hand,19,1,0.43256592750549316,0.26033106446266174,-0.0029454564210027456
37,hand,20,1,0.43161505460739136,0.2610740065574646,-0.0015448636841028929
37,pose,0,-1,0.4884772300720215,0.17788022756576538,-0.08877556771039963
37,pose,1,-1,0.4936290383338928,0.1501603126525879,-0.06864037364721298
37,pose,2,-1,0.4974008798599243,0.14976997673511505,-0.06867840886116028
37,pose,3,-1,0.5019795298576355,0.14961248636245728,-0.06863394379615784
37,pose,4,-1,0.4789894223213196,0.1505746841430664,-0.06446876376867294
37,pose,5,-1,0.47184041142463684,0.15082165598869324,-0.06455154716968536
37,pose,6,-1,0.46502283215522766,0.1512519270181656,-0.06454001367092133
37,pose,7,-1,0.5061458349227905,0.15916894376277924,0.050868187099695206
37,pose,8,-1,0.453890860080719,0.1646101325750351,0.07341635972261429
37,pose,9,-1,0.4953749477863312,0.20437036454677582,-0.04415631294250488
37,pose,10,-1,0.4781453013420105,0.2066042125225067,-0.03865058720111847
37,pose,11,-1,0.5477107763290405,0.2932406961917877,0.06613443791866302
37,pose,12,-1,0.41790834069252014,0.3190964162349701,0.10373340547084808
37,pose,13,-1,0.5464128851890564,0.46432745456695557,-0.08530299365520477
37,pose,14,-1,0.4137952923774719,0.51120924949646,-0.06018051877617836
37,pose,15,-1,0.4801052212715149,0.3088929355144501,-0.20198355615139008
37,pose,16,-1,0.4363439381122589,0.303901731967926,-0.23279254138469696
37,pose,17,-1,0.4574838876724243,0.24934037029743195,-0.23574389517307281
37,pose,18,-1,0.4310959577560425,0.2510763704776764,-0.2684860825538635
37,pose,19,-1,0.45934879779815674,0.23451273143291473,-0.20360614359378815
37,pose,20,-1,0.42852383852005005,0.24031949043273926,-0.25825029611587524
37,pose,21,-1,0.46519723534584045,0.2504144608974457,-0.19146542251110077
37,pose,22,-1,0.4315269887447357,0.2581692934036255,-0.23270326852798462
37,pose,23,-1,0.529394805431366,0.6830152869224548,0.012962807901203632
37,pose,24,-1,0.4514423906803131,0.6893904209136963,-0.011986424215137959
37,pose,25,-1,0.5373181700706482,0.9721827507019043,-0.02532852441072464
37,pose,26,-1,0.46054723858833313,0.9924426078796387,-0.027235057204961777
37,pose,27,-1,0.5506103038787842,1.2496511936187744,0.16744676232337952
37,pose,28,-1,0.47510507702827454,1.240340232849121,0.19428567588329315
37,pose,29,-1,0.5541279315948486,1.2882025241851807,0.18341177701950073
37,pose,30,-1,0.4752557575702667,1.269237756729126,0.21200038492679596
37,pose,31,-1,0.5461875796318054,1.3306505680084229,0.06785797327756882
37,pose,32,-1,0.4837411940097809,1.3258882761001587,0.0924791470170021
38,hand,0,0,0.4271521270275116,0.29985132813453674,-3.6261476044074925e-09
38,hand,1,0,0.4191354811191559,0.2781801223754883,0.004291914403438568
38,hand,2,0,0.41444987058639526,0.25632062554359436,0.006068420130759478
38,hand,3,0,0.4099564254283905,0.24335578083992004,0.006664738990366459
38,hand,4,0,0.40428316593170166,0.23576611280441284,0.0070030358619987965
38,hand,5,0,0.414886474609375,0.2380276471376419,0.0033492380753159523
38,hand,6,0,0.40951624512672424,0.21345815062522888,-4.377204822958447e-05
38,hand,7,0,0.40416020154953003,0.1967153549194336,-0.0025990649592131376
38,hand,8,0,0.3991453945636749,0.183704674243927,-0.004381515085697174
38,hand,9,0,0.41715824604034424,0.23836210370063782,-0.0011138382833451033
38,hand,10,0,0.4118725061416626,0.21086052060127258,-0.0050104036927223206
38,hand,11,0,0.40653276443481445,0.19246459007263184,-0.007738819345831871
38,hand,12,0,0.4005579948425293,0.17639435827732086,-0.009436555206775665
38,hand,13,0,0.42041686177253723,0.24055974185466766,-0.005548323038965464
38,hand,14,0,0.41561073064804077,0.21361365914344788,-0.009200746193528175
38,hand,15,0,0.41108089685440063,0.19730576872825623,-0.010976736433804035
38,hand,16,0,0.4057403802871704,0.18274393677711487,-0.01191263273358345
38,hand,17,0,0.42525967955589294,0.24453149735927582,-0.009698115289211273
38,hand,18,0,0.422858864068985,0.22360242903232574,-0.013040313497185707
38,hand,19,0,0.42001470923423767,0.21015015244483948,-0.01438375934958458
38,hand,20,0,0.41663116216659546,0.19824132323265076,-0.015116679482161999
38,hand,0,1,0.4783113896846771,0.30215609073638916,-4.0764373210322447e-08
38,hand,1,1,0.4818958342075348,0.2762872874736786,0.0017195817781612277
38,hand,2,1,0.4811666011810303,0.24984511733055115,0.0015280821826308966
38,hand,3,1,0.4808335304260254,0.2293543517589569,0.0005750745767727494
38,hand,4,1,0.48256951570510864,0.21472673118114471,-0.0005464893765747547
38,hand,5,1,0.4678038954734802,0.23431256413459778,0.001953195547685027
38,hand,6,1,0.4543183743953705,0.229427307844162,0.0010003838688135147
38,hand,7,1,0.44941526651382446,0.23583725094795227,-0.0003813777584582567
38,hand,8,1,0.4484744966030121,0.24173472821712494,-0.0011925558792427182
38,hand,9,1,0.4608420431613922,0.2440929114818573,-0.0001949015277205035
38,hand,10,1,0.4476965069770813,0.2361845225095749,-0.00014073069905862212
38,hand,11,1,0.44212761521339417,0.24129754304885864,-0.0006745964055880904
38,hand,12,1,0.4406370222568512,0.24692870676517487,-0.001303635654039681
38,hand,13,1,0.4545251727104187,0.2571762800216675,-0.0022557212505489588
38,hand,14,1,0.4427100419998169,0.24664652347564697,-0.002461097203195095
38,hand,15,1,0.4385569393634796,0.25034770369529724,-0.0014380320208147168
38,hand,16,1,0.43832963705062866,0.2543905973434448,-0.0008350161951966584
38,hand,17,1,0.44918861985206604,0.27200302481651306,-0.0042353179305791855
38,hand,18,1,0.43953049182891846,0.25773659348487854,-0.004557881038635969
38,hand,19,1,0.4366684854030609,0.2579272389411926,-0.0026644007302820683
38,hand,20,1,0.4364692270755768,0.2596740126609802,-0.000891738454811275
38,pose,0,-1,0.4866724908351898,0.17782677710056305,-0.08907320350408554
38,pose,1,-1,0.49315744638442993,0.14999334514141083,-0.06955518573522568
38,pose,2,-1,0.4968419373035431,0.14968331158161163,-0.06960872560739517
38,pose,3,-1,0.5013668537139893,0.14957723021507263,-0.06957895308732986
38,pose,4,-1,0.4776700735092163,0.15033932030200958,-0.06605042517185211
38,pose,5,-1,0.47055864334106445,0.15058079361915588,-0.06613554805517197
38,pose,6,-1,0.4643574059009552,0.15091638267040253,-0.06612683832645416
38,pose,7,-1,0.5061497092247009,0.15896181762218475,0.05018090084195137
38,pose,8,-1,0.4538150727748871,0.16401490569114685,0.07309914380311966
38,pose,9,-1,0.4944194555282593,0.2043505162000656,-0.04474374279379845
38,pose,10,-1,0.4765942394733429,0.2064373940229416,-0.03993391990661621
38,pose,11,-1,0.5477148294448853,0.29334962368011475,0.06684131920337677
38,pose,12,-1,0.4179306626319885,0.31879526376724243,0.10753010213375092
38,pose,13,-1,0.5464691519737244,0.4727265238761902,-0.08377395570278168
38,pose,14,-1,0.41379043459892273,0.510986864566803,-0.05552205815911293
38,pose,15,-1,0.48075708746910095,0.3161705732345581,-0.20101849734783173
38,pose,16,-1,0.435269832611084,0.30106088519096375,-0.22985394299030304
38,pose,17,-1,0.4585409462451935,0.2591352164745331,-0.23518583178520203
38,pose,18,-1,0.43102237582206726,0.24949459731578827,-0.26704439520835876
38,pose,19,-1,0.4597218632698059,0.24252016842365265,-0.20329053699970245
38,pose,20,-1,0.42881450057029724,0.23880672454833984,-0.2522614896297455
38,pose,21,-1,0.46606749296188354,0.259092777967453,-0.1906571090221405
38,pose,22,-1,0.43168535828590393,0.2566070258617401,-0.22885839641094208
38,pose,23,-1,0.5294190645217896,0.682946503162384,0.01293512899428606
38,pose,24,-1,0.45141667127609253,0.6894373297691345,-0.011938679963350296
38,pose,25,-1,0.5372224450111389,0.9731242060661316,-0.025143034756183624
38,pose,26,-1,0.46049296855926514,0.993782639503479,-0.03289087116718292
38,pose,27,-1,0.5502593517303467,1.2511205673217773,0.17269043624401093
38,pose,28,-1,0.4750860333442688,1.2421401739120483,0.1985088735818863
38,pose,29,-1,0.5540531277656555,1.2899701595306396,0.18904176354408264
38,pose,30,-1,0.47514808177948,1.2707922458648682,0.21786969900131226
38,pose,31,-1,0.5446838736534119,1.3316352367401123,0.07465390115976334
38,pose,32,-1,0.48398274183273315,1.3269277811050415,0.10232235491275787
39,hand,0,0,0.42566585540771484,0.29636576771736145,4.993604640901594e-09
39,hand,1,0,0.41748014092445374,0.2765316963195801,0.003402200760319829
39,hand,2,0,0.41260674595832825,0.25505608320236206,0.0048369718715548515
39,hand,3,0,0.40798547863960266,0.2421175241470337,0.005263971630483866
39,hand,4,0,0.40202316641807556,0.23457026481628418,0.005507942289113998
39,hand,5,0,0.41194796562194824,0.23552978038787842,0.002745571546256542
39,hand,6,0,0.40646445751190186,0.21077433228492737,-0.0007207442540675402
39,hand,7,0,0.40121400356292725,0.19458383321762085,-0.003263459075242281
39,hand,8,0,0.39623120427131653,0.1821807324886322,-0.004983013030141592
39,hand,9,0,0.41416892409324646,0.2356419414281845,-0.0012253810418769717
39,hand,10,0,0.4088003635406494,0.20825058221817017,-0.005211223382502794
39,hand,11,0,0.4034762978553772,0.19064147770404816,-0.007878310047090054
39,hand,12,0,0.39743369817733765,0.1753019541501999,-0.009462835267186165
39,hand,13,0,0.4176705479621887,0.23763078451156616,-0.005265870597213507
39,hand,14,0,0.41280031204223633,0.2107066810131073,-0.008970973081886768
39,hand,15,0,0.4082334637641907,0.19496189057826996,-0.010746655985713005
39,hand,16,0,0.40269896388053894,0.18097378313541412,-0.011595277115702629
39,hand,17,0,0.42289042472839355,0.24151988327503204,-0.009100085124373436
39,hand,18,0,0.4203903377056122,0.22014988958835602,-0.01234144065529108
39,hand,19,0,0.41749295592308044,0.20711034536361694,-0.01362858060747385
39,hand,20,0,0.41395553946495056,0.19562312960624695,-0.014270568266510963
39,hand,0,1,0.48066502809524536,0.3106440305709839,-5.020677207312474e-08
39,hand,1,1,0.4841797947883606,0.2845901846885681,0.0005586341139860451
39,hand,2,1,0.48392748832702637,0.2560356855392456,-0.00031439767917618155
39,hand,3,1,0.48425161838531494,0.23417839407920837,-0.0017604532185941935
39,hand,4,1,0.48825711011886597,0.21916724741458893,-0.0032889966387301683
39,hand,5,1,0.4707513749599457,0.24199524521827698,0.0004261111025698483
39,hand,6,1,0.457653284072876,0.2370014488697052,-0.0012160784099251032
39,hand,7,1,0.45732104778289795,0.24691471457481384,-0.0031660108361393213
39,hand,8,1,0.46099528670310974,0.2534898817539215,-0.004307817202061415
39,hand,9,1,0.4632600247859955,0.25228002667427063,-0.001121981767937541
39,hand,10,1,0.450499027967453,0.2439846247434616,-0.002054386306554079
39,hand,11,1,0.4505148231983185,0.25385621190071106,-0.0029825707897543907
39,hand,12,1,0.4547337293624878,0.2613280117511749,-0.003509952686727047
39,hand,13,1,0.45652011036872864,0.2648586332798004,-0.0025610611774027348
39,hand,14,1,0.4451238512992859,0.2534000277519226,-0.003487174166366458
39,hand,15,1,0.44517308473587036,0.26138365268707275,-0.0025210429448634386
39,hand,16,1,0.44935256242752075,0.26810628175735474,-0.0016149086877703667
39,hand,17,1,0.45081886649131775,0.2784736752510071,-0.003954316955059767
39,hand,18,1,0.441891074180603,0.2643299400806427,-0.004474535118788481
39,hand,19,1,0.4418240785598755,0.26809293031692505,-0.0024290590081363916
39,hand,20,1,0.44456174969673157,0.27239084243774414,-0.0003500967868603766
39,pose,0,-1,0.48575323820114136,0.1766684651374817,-0.08888724446296692
39,pose,1,-1,0.49289974570274353,0.14884933829307556,-0.0679108127951622
39,pose,2,-1,0.4965158700942993,0.14854852855205536,-0.0679517313838005
39,pose,3,-1,0.5010114312171936,0.14854969084262848,-0.06790082901716232
39,pose,4,-1,0.4766544997692108,0.14950987696647644,-0.06361191719770432
39,pose,5,-1,0.4694940745830536,0.1498875916004181,-0.06371202319860458
39,pose,6,-1,0.4636920988559723,0.15030570328235626,-0.06368948519229889
39,pose,7,-1,0.5061705708503723,0.15788255631923676,0.054596178233623505
39,pose,8,-1,0.453718364238739,0.1635175198316574,0.07824388146400452
39,pose,9,-1,0.4941321313381195,0.20334410667419434,-0.044116292148828506
39,pose,10,-1,0.47583040595054626,0.20551517605781555,-0.038463447242975235
39,pose,11,-1,0.5479390621185303,0.29355400800704956,0.07452750951051712
39,pose,12,-1,0.41811949014663696,0.3185904324054718,0.11493364721536636
39,pose,13,-1,0.5473253130912781,0.4790774881839752,-0.06963517516851425
39,pose,14,-1,0.4137752652168274,0.5107839703559875,-0.04016762971878052
39,pose,15,-1,0.4812082052230835,0.32218194007873535,-0.18333148956298828
39,pose,16,-1,0.4340248107910156,0.30011221766471863,-0.21662859618663788
39,pose,17,-1,0.45924875140190125,0.26678529381752014,-0.2180340737104416
39,pose,18,-1,0.431039035320282,0.24902643263339996,-0.25551077723503113
39,pose,19,-1,0.4601820707321167,0.24853360652923584,-0.18525303900241852
39,pose,20,-1,0.4290286600589752,0.23660588264465332,-0.23553171753883362
39,pose,21,-1,0.46662142872810364,0.264274537563324,-0.17216721177101135
39,pose,22,-1,0.4318326711654663,0.2543431222438812,-0.2144252210855484
39,pose,23,-1,0.5295616388320923,0.6828252673149109,0.012825887650251389
39,pose,24,-1,0.45141923427581787,0.689349889755249,-0.011809146031737328
39,pose,25,-1,0.5370849967002869,0.9741171598434448,-0.024713072925806046
39,pose,26,-1,0.4604730010032654,0.9940441846847534,-0.03753126412630081
39,pose,27,-1,0.5494698286056519,1.2506885528564453,0.18696309626102448
39,pose,28,-1,0.475009024143219,1.2422410249710083,0.19849315285682678
39,pose,29,-1,0.5536738038063049,1.2890187501907349,0.20482248067855835
39,pose,30,-1,0.4748277962207794,1.2708961963653564,0.2178630530834198
39,pose,31,-1,0.5429532527923584,1.3312346935272217,0.09230879694223404
39,pose,32,-1,0.4839990437030792,1.326578974723816,0.10198188573122025
40,hand,0,0,0.42432278394699097,0.2941095232963562,-7.968966597715621e-10
40,hand,1,0,0.4154161214828491,0.2748221158981323,0.003986517433077097
40,hand,2,0,0.4110918343067169,0.254131555557251,0.0057150088250637054
40,hand,3,0,0.40736842155456543,0.24193157255649567,0.006332404911518097
40,hand,4,0,0.4019816815853119,0.23344597220420837,0.006767970509827137
40,hand,5,0,0.41052669286727905,0.23247279226779938,0.0035238568671047688
40,hand,6,0,0.40526843070983887,0.20885035395622253,0.00023890737793408334
40,hand,7,0,0.4001489281654358,0.19356565177440643,-0.002280222484841943
40,hand,8,0,0.39527106285095215,0.18156254291534424,-0.003987872041761875
40,hand,9,0,0.4129405617713928,0.2323286086320877,-0.0007898964686319232
40,hand,10,0,0.407505065202713,0.20573095977306366,-0.00455837044864893
40,hand,11,0,0.4020877480506897,0.18826383352279663,-0.007206530310213566
40,hand,12,0,0.3962060809135437,0.17303386330604553,-0.008787572383880615
40,hand,13,0,0.41652435064315796,0.23454733192920685,-0.005145542789250612
40,hand,14,0,0.4117586612701416,0.20853275060653687,-0.00873105600476265
40,hand,15,0,0.40731221437454224,0.1932629495859146,-0.010416921228170395
40,hand,16,0,0.4018939137458801,0.17955289781093597,-0.011200953274965286
40,hand,17,0,0.42188921570777893,0.23910875618457794,-0.009251268580555916
40,hand,18,0,0.4195890724658966,0.21830244362354279,-0.012454592622816563
40,hand,19,0,0.4167250990867615,0.20555761456489563,-0.013634003698825836
40,hand,20,0,0.4132211208343506,0.1946825385093689,-0.014172595925629139
40,hand,0,1,0.48017066717147827,0.31922584772109985,-3.1587791937681686e-08
40,hand,1,1,0.4830424189567566,0.2943945825099945,-0.000790956721175462
40,hand,2,1,0.4825412631034851,0.2647477388381958,-0.0029068742878735065
40,hand,3,1,0.4834654629230499,0.2423381209373474,-0.0053625283762812614
40,hand,4,1,0.4887952208518982,0.2263975441455841,-0.007874998264014721
40,hand,5,1,0.46859827637672424,0.2515495717525482,-0.0008175377734005451
40,hand,6,1,0.4556218087673187,0.24917000532150269,-0.003982117399573326
40,hand,7,1,0.45743468403816223,0.25900155305862427,-0.007339827250689268
40,hand,8,1,0.46257445216178894,0.26552778482437134,-0.009231554344296455
40,hand,9,1,0.4610912799835205,0.26243552565574646,-0.001887038117274642
40,hand,10,1,0.44977477192878723,0.25773242115974426,-0.0035398954059928656
40,hand,11,1,0.45196640491485596,0.2668333053588867,-0.0051084719598293304
40,hand,12,1,0.4570350646972656,0.2737911641597748,-0.0060953968204557896
40,hand,13,1,0.45443859696388245,0.27515730261802673,-0.003061257302761078
40,hand,14,1,0.4452698826789856,0.2688094675540924,-0.00418828334659338
40,hand,15,1,0.44727709889411926,0.2764223515987396,-0.003597867675125599
40,hand,16,1,0.4520888030529022,0.282855361700058,-0.003067925339564681
40,hand,17,1,0.44853198528289795,0.28817880153656006,-0.004365845117717981
40,hand,18,1,0.44162875413894653,0.2804827392101288,-0.004638169426470995
40,hand,19,1,0.44412368535995483,0.287151575088501,-0.002784457989037037
40,hand,20,1,0.4482097923755646,0.29267457127571106,-0.0009334180504083633
40,pose,0,-1,0.483934611082077,0.17539411783218384,-0.08935381472110748
40,pose,1,-1,0.49198251962661743,0.14775533974170685,-0.06819118559360504
40,pose,2,-1,0.4958379864692688,0.14742189645767212,-0.06822685897350311
40,pose,3,-1,0.5000324845314026,0.14753898978233337,-0.06817395240068436
40,pose,4,-1,0.47439703345298767,0.14869162440299988,-0.06355500966310501
40,pose,5,-1,0.4676508605480194,0.14912979304790497,-0.06365759670734406
40,pose,6,-1,0.4620453715324402,0.1497405767440796,-0.06363500654697418
40,pose,7,-1,0.5061290264129639,0.15710757672786713,0.054492708295583725
40,pose,8,-1,0.4532618224620819,0.16324149072170258,0.07878449559211731
40,pose,9,-1,0.4933921694755554,0.20237930119037628,-0.044428326189517975
40,pose,10,-1,0.47424399852752686,0.20434187352657318,-0.03840429335832596
40,pose,11,-1,0.5479443669319153,0.293641597032547,0.07593481242656708
40,pose,12,-1,0.4185551702976227,0.3183728754520416,0.11760030686855316
40,pose,13,-1,0.5490379929542542,0.4835123121738434,-0.06801138073205948
40,pose,14,-1,0.41374242305755615,0.5107932686805725,-0.032302066683769226
40,pose,15,-1,0.4808202385902405,0.3249238431453705,-0.1829931139945984
40,pose,16,-1,0.4321725070476532,0.2987338602542877,-0.21168653666973114
40,pose,17,-1,0.45916038751602173,0.27112382650375366,-0.217276468873024
40,pose,18,-1,0.4275166690349579,0.24715635180473328,-0.25046661496162415
40,pose,19,-1,0.4608507454395294,0.2532041370868683,-0.18471816182136536
40,pose,20,-1,0.42613187432289124,0.23453228175640106,-0.23001201450824738
40,pose,21,-1,0.46667978167533875,0.26885345578193665,-0.17187811434268951
40,pose,22,-1,0.43002545833587646,0.25321924686431885,-0.20949450135231018
40,pose,23,-1,0.5296345949172974,0.6826947927474976,0.012475878931581974
40,pose,24,-1,0.4514159858226776,0.6893015503883362,-0.01142692007124424
40,pose,25,-1,0.5370293259620667,0.9745349884033203,-0.024633683264255524
40,pose,26,-1,0.4605044424533844,0.9950084686279297,-0.04232220724225044
40,pose,27,-1,0.5493622422218323,1.2505648136138916,0.1936364620923996
40,pose,28,-1,0.47534218430519104,1.2423826456069946,0.1959969848394394
40,pose,29,-1,0.5536024570465088,1.288676142692566,0.2120983600616455
40,pose,30,-1,0.47502845525741577,1.2708358764648438,0.2156469225883484
40,pose,31,-1,0.5426090955734253,1.3311470746994019,0.09945845603942871
40,pose,32,-1,0.4851146340370178,1.3266758918762207,0.09933184832334518
41,hand,0,0,0.42437347769737244,0.29461783170700073,2.8524724804412926e-09
41,hand,1,0,0.4167400896549225,0.27454298734664917,0.0033309967257082462
41,hand,2,0,0.41220706701278687,0.2528988718986511,0.004768542479723692
41,hand,3,0,0.4080214202404022,0.24086108803749084,0.005144748371094465
41,hand,4,0,0.4025120437145233,0.2324422299861908,0.005311411805450916
41,hand,5,0,0.41129809617996216,0.23281416296958923,0.002619476057589054
41,hand,6,0,0.4056548774242401,0.207909494638443,-0.0009528441587463021
41,hand,7,0,0.40068867802619934,0.19122004508972168,-0.0035058523062616587
41,hand,8,0,0.39608752727508545,0.17805013060569763,-0.0052228025160729885
41,hand,9,0,0.4135158061981201,0.2326519936323166,-0.0015081468736752868
41,hand,10,0,0.4079033136367798,0.20537354052066803,-0.005637845024466515
41,hand,11,0,0.4025416672229767,0.1870952993631363,-0.008357899263501167
41,hand,12,0,0.39676064252853394,0.17099665105342865,-0.009940646588802338
41,hand,13,0,0.4170982539653778,0.234965518116951,-0.005709441378712654
41,hand,14,0,0.4123598337173462,0.20837315917015076,-0.009603124111890793
41,hand,15,0,0.407728374004364,0.1923885941505432,-0.011291996575891972
41,hand,16,0,0.4022195637226105,0.17798250913619995,-0.011976819485425949
41,hand,17,0,0.42273080348968506,0.23959454894065857,-0.009723780676722527
41,hand,18,0,0.420137882232666,0.21767722070217133,-0.01315702497959137
41,hand,19,0,0.4168842136859894,0.20369791984558105,-0.014373169280588627
41,hand,20,0,0.41299968957901,0.19186252355575562,-0.014872207306325436
41,hand,0,1,0.4803168475627899,0.3316080570220947,-4.576087775376436e-08
41,hand,1,1,0.4820674955844879,0.30654585361480713,1.6552485249121673e-05
41,hand,2,1,0.4806746244430542,0.2785186171531677,-0.0013714161468669772
41,hand,3,1,0.47963449358940125,0.2564820945262909,-0.003113487269729376
41,hand,4,1,0.4822591245174408,0.23980289697647095,-0.004983340390026569
41,hand,5,1,0.4665745496749878,0.26667553186416626,-0.0006834053201600909
41,hand,6,1,0.4524315893650055,0.2659626603126526,-0.003256472758948803
41,hand,7,1,0.4537373185157776,0.27481862902641296,-0.0058754971250891685
41,hand,8,1,0.45842796564102173,0.28030237555503845,-0.007360412273555994
41,hand,9,1,0.45991945266723633,0.2774052321910858,-0.002124597318470478
41,hand,10,1,0.4469875395298004,0.2736782729625702,-0.003413720056414604
41,hand,11,1,0.4489271342754364,0.28236761689186096,-0.004526205360889435
41,hand,12,1,0.4537738859653473,0.28834936022758484,-0.005333935376256704
41,hand,13,1,0.45399972796440125,0.2903415858745575,-0.003516768105328083
41,hand,14,1,0.4432604908943176,0.2846824526786804,-0.0046100011095404625
41,hand,15,1,0.4451914429664612,0.29177209734916687,-0.003596892347559333
41,hand,16,1,0.4497675895690918,0.2970413863658905,-0.002890065312385559
41,hand,17,1,0.4487338066101074,0.30399420857429504,-0.004930689465254545
41,hand,18,1,0.44042107462882996,0.2961457669734955,-0.0055379499681293964
41,hand,19,1,0.4430270493030548,0.3024410009384155,-0.0034348014742136
41,hand,20,1,0.4470670223236084,0.3077985942363739,-0.0013907307293266058
41,pose,0,-1,0.4832202196121216,0.17351488769054413,-0.08981314301490784
41,pose,1,-1,0.49171286821365356,0.14635667204856873,-0.06867300719022751
41,pose,2,-1,0.4955907464027405,0.14602982997894287,-0.06870576739311218
41,pose,3,-1,0.499731183052063,0.14624632894992828,-0.06865239143371582
41,pose,4,-1,0.4733964204788208,0.14746026694774628,-0.06395421177148819
41,pose,5,-1,0.4666973054409027,0.148005411028862,-0.06405587494373322
41,pose,6,-1,0.4611477851867676,0.14880181849002838,-0.06403481215238571
41,pose,7,-1,0.5061851143836975,0.15625379979610443,0.053906772285699844
41,pose,8,-1,0.45311421155929565,0.1627895087003708,0.07856300473213196
41,pose,9,-1,0.49317318201065063,0.20134419202804565,-0.04469356685876846
41,pose,10,-1,0.47359421849250793,0.2034195512533188,-0.03898784890770912
41,pose,11,-1,0.5482711791992188,0.294357568025589,0.07603214681148529
41,pose,12,-1,0.41911745071411133,0.3183166980743408,0.11473552882671356
41,pose,13,-1,0.5514712929725647,0.4882376790046692,-0.06815681606531143
41,pose,14,-1,0.41363775730133057,0.5107450485229492,-0.03507883474230766
41,pose,15,-1,0.4785240590572357,0.3285723626613617,-0.18387800455093384
41,pose,16,-1,0.43207302689552307,0.2969924509525299,-0.21085181832313538
41,pose,17,-1,0.45892420411109924,0.27631112933158875,-0.21834400296211243
41,pose,18,-1,0.42785489559173584,0.24444308876991272,-0.24960200488567352
41,pose,19,-1,0.46120959520339966,0.25840938091278076,-0.18502330780029297
41,pose,20,-1,0.4264090955257416,0.2319270521402359,-0.22682853043079376
41,pose,21,-1,0.4663279950618744,0.2742742598056793,-0.17261753976345062
41,pose,22,-1,0.43012794852256775,0.2504340410232544,-0.2079133838415146
41,pose,23,-1,0.5296409130096436,0.6827510595321655,0.012469623237848282
41,pose,24,-1,0.45130881667137146,0.6893250346183777,-0.011417800560593605
41,pose,25,-1,0.5368818640708923,0.9750989079475403,-0.02072152867913246
41,pose,26,-1,0.4604993462562561,0.9949361085891724,-0.0437554195523262
41,pose,27,-1,0.549345076084137,1.2524206638336182,0.20037029683589935
41,pose,28,-1,0.4754231572151184,1.243670105934143,0.19470733404159546
41,pose,29,-1,0.5535659193992615,1.2909858226776123,0.2188439667224884
41,pose,30,-1,0.4750213623046875,1.2721112966537476,0.2144850194454193
41,pose,31,-1,0.5425488352775574,1.3324599266052246,0.10578673332929611
41,pose,32,-1,0.4854881167411804,1.3276771306991577,0.0984271839261055
42,hand,0,0,0.42433369159698486,0.29346269369125366,-7.173032834373316e-09
42,hand,1,0,0.4170195460319519,0.27277320623397827,0.004755866248160601
42,hand,2,0,0.41252273321151733,0.2509770393371582,0.00698046712204814
42,hand,3,0,0.40849560499191284,0.23921866714954376,0.007983253337442875
42,hand,4,0,0.4032094180583954,0.2317604422569275,0.008755327202379704
42,hand,5,0,0.4114653766155243,0.23153625428676605,0.0035100909881293774
42,hand,6,0,0.40674203634262085,0.2062045931816101,0.00017394016322214156
42,hand,7,0,0.4021882712841034,0.18929308652877808,-0.002099799457937479
42,hand,8,0,0.3977135121822357,0.17658370733261108,-0.003620539326220751
42,hand,9,0,0.41376012563705444,0.23155748844146729,-0.0011035724310204387
42,hand,10,0,0.40891820192337036,0.20291514694690704,-0.005027806386351585
42,hand,11,0,0.403997540473938,0.1845444142818451,-0.007290246896445751
42,hand,12,0,0.39832621812820435,0.1689351499080658,-0.008533108979463577
42,hand,13,0,0.41752156615257263,0.23397763073444366,-0.005697751417756081
42,hand,14,0,0.4132554233074188,0.20567384362220764,-0.009584294632077217
42,hand,15,0,0.40895673632621765,0.18974535167217255,-0.011142673902213573
42,hand,16,0,0.40366774797439575,0.17547756433486938,-0.011735908687114716
42,hand,17,0,0.4233964681625366,0.23844389617443085,-0.009945428930222988
42,hand,18,0,0.421212762594223,0.215976282954216,-0.013708570040762424
42,hand,19,0,0.41818612813949585,0.2021385133266449,-0.015161776915192604
42,hand,20,0,0.41454482078552246,0.1901058554649353,-0.015814444050192833
42,hand,0,1,0.4798729717731476,0.3440150320529938,-2.8760913650671682e-08
42,hand,1,1,0.4822768568992615,0.31930601596832275,-0.0005717523163184524
42,hand,2,1,0.4805504381656647,0.28979524970054626,-0.002480804454535246
42,hand,3,1,0.4788360595703125,0.2672502100467682,-0.004606565926223993
42,hand,4,1,0.48314645886421204,0.24968189001083374,-0.0068419817835092545
42,hand,5,1,0.4657641053199768,0.278144508600235,-0.0009800902334973216
42,hand,6,1,0.45144638419151306,0.2760845422744751,-0.0030779310036450624
42,hand,7,1,0.45277172327041626,0.28536558151245117,-0.005276934243738651
42,hand,8,1,0.45792198181152344,0.29027387499809265,-0.006521552335470915
42,hand,9,1,0.45882418751716614,0.2899066209793091,-0.00198291870765388
42,hand,10,1,0.4452837407588959,0.284568190574646,-0.0027660659980028868
42,hand,11,1,0.4472797214984894,0.2938275635242462,-0.0033785742707550526
42,hand,12,1,0.4528496563434601,0.2992805242538452,-0.0038010147400200367
42,hand,13,1,0.4526410698890686,0.3033660352230072,-0.002960807643830776
42,hand,14,1,0.4414595067501068,0.2956475615501404,-0.0035720898304134607
42,hand,15,1,0.44329625368118286,0.30376747250556946,-0.0025525528471916914
42,hand,16,1,0.44847017526626587,0.3090277314186096,-0.0018411512719467282
42,hand,17,1,0.44742920994758606,0.3173893988132477,-0.003973790444433689
42,hand,18,1,0.4385143220424652,0.3060093820095062,-0.004066606052219868
42,hand,19,1,0.4409319758415222,0.31286028027534485,-0.0018782407278195024
42,hand,20,1,0.44551506638526917,0.3188169598579407,0.00014815022586844862
42,pose,0,-1,0.48271042108535767,0.17261043190956116,-0.08031772822141647
42,pose,1,-1,0.49159398674964905,0.14596635103225708,-0.05719247832894325
42,pose,2,-1,0.49550196528434753,0.14574313163757324,-0.057233285158872604
42,pose,3,-1,0.49960702657699585,0.14601024985313416,-0.057178180664777756
42,pose,4,-1,0.47292467951774597,0.14701391756534576,-0.05261658504605293
42,pose,5,-1,0.4662899672985077,0.1475701481103897,-0.05272190645337105
42,pose,6,-1,0.4607320725917816,0.14839854836463928,-0.05268580839037895
42,pose,7,-1,0.5062314867973328,0.15624703466892242,0.06737811118364334
42,pose,8,-1,0.45306459069252014,0.16263630986213684,0.08964472264051437
42,pose,9,-1,0.4930327832698822,0.20097464323043823,-0.035229701548814774
42,pose,10,-1,0.4730849862098694,0.20295466482639313,-0.02940349094569683
42,pose,11,-1,0.5483020544052124,0.2959265410900116,0.08872108906507492
42,pose,12,-1,0.4193356931209564,0.31821784377098083,0.12269257754087448
42,pose,13,-1,0.5536537766456604,0.4924793243408203,-0.05525905266404152
42,pose,14,-1,0.41360560059547424,0.510589599609375,-0.0308113731443882
42,pose,15,-1,0.4789089262485504,0.3449251055717468,-0.16778308153152466
42,pose,16,-1,0.43211230635643005,0.29349830746650696,-0.19726520776748657
42,pose,17,-1,0.4600588381290436,0.301403671503067,-0.20277467370033264
42,pose,18,-1,0.42799392342567444,0.23981189727783203,-0.23548230528831482
42,pose,19,-1,0.46315911412239075,0.2845873534679413,-0.16839699447155
42,pose,20,-1,0.4264488220214844,0.2277548760175705,-0.2126893550157547
42,pose,21,-1,0.46661192178726196,0.2959483861923218,-0.15605755150318146
42,pose,22,-1,0.43035247921943665,0.24596884846687317,-0.19379377365112305
42,pose,23,-1,0.5296231508255005,0.6823484897613525,0.01247090008109808
42,pose,24,-1,0.4512990713119507,0.6886698603630066,-0.01141989417374134
42,pose,25,-1,0.5366343259811401,0.9751879572868347,-0.0201700609177351
42,pose,26,-1,0.46054425835609436,0.9948383569717407,-0.043567996472120285
42,pose,27,-1,0.549126923084259,1.2523385286331177,0.20016802847385406
42,pose,28,-1,0.47574812173843384,1.2434983253479004,0.19475795328617096
42,pose,29,-1,0.5534237027168274,1.290840983390808,0.21863868832588196
42,pose,30,-1,0.4751589596271515,1.271712303161621,0.21450725197792053
42,pose,31,-1,0.5425224304199219,1.3319581747055054,0.10743669420480728
42,pose,32,-1,0.48618727922439575,1.3268845081329346,0.09840831160545349
43,hand,0,0,0.42509761452674866,0.2924404442310333,-9.65296109711744e-09
43,hand,1,0,0.4180155098438263,0.2716391682624817,0.004613345023244619
43,hand,2,0,0.413678377866745,0.24983185529708862,0.006777697242796421
43,hand,3,0,0.40970471501350403,0.23780940473079681,0.00774100748822093
43,hand,4,0,0.404534250497818,0.23062579333782196,0.008502557873725891
43,hand,5,0,0.4128008782863617,0.22989463806152344,0.0039000113029032946
43,hand,6,0,0.40835681557655334,0.20526552200317383,0.0007711320067755878
43,hand,7,0,0.40391531586647034,0.1883399486541748,-0.0014954202342778444
43,hand,8,0,0.3995221257209778,0.1755860447883606,-0.003072310471907258
43,hand,9,0,0.41522619128227234,0.22970618307590485,-0.0005700972396880388
43,hand,10,0,0.4106464087963104,0.20184724032878876,-0.004206549376249313
43,hand,11,0,0.40590599179267883,0.18346375226974487,-0.006406562868505716
43,hand,12,0,0.4002760946750641,0.1675710380077362,-0.007711468730121851
43,hand,13,0,0.4188641905784607,0.23170915246009827,-0.005055288318544626
43,hand,14,0,0.4149782061576843,0.20448903739452362,-0.00852679181843996
43,hand,15,0,0.4108775556087494,0.1886090338230133,-0.009917630814015865
43,hand,16,0,0.4057096242904663,0.17443469166755676,-0.01051737554371357
43,hand,17,0,0.4244209825992584,0.23559436202049255,-0.009263073094189167
43,hand,18,0,0.42278850078582764,0.21375635266304016,-0.012643986381590366
43,hand,19,0,0.41999539732933044,0.1997038573026657,-0.014028383418917656
43,hand,20,0,0.4164803922176361,0.18738971650600433,-0.014724780805408955
43,hand,0,1,0.4809028208255768,0.3503476083278656,-2.0746956153061547e-08
43,hand,1,1,0.48229700326919556,0.32352644205093384,0.00019605152192525566
43,hand,2,1,0.4803456664085388,0.29483136534690857,-0.0018936340929940343
43,hand,3,1,0.47921884059906006,0.2719740569591522,-0.004350618924945593
43,hand,4,1,0.4835248589515686,0.2548119127750397,-0.007054813206195831
43,hand,5,1,0.4671517610549927,0.284518837928772,-0.002032639691606164
43,hand,6,1,0.4518800973892212,0.279917448759079,-0.0032892434392124414
43,hand,7,1,0.45139649510383606,0.2888689637184143,-0.004408001434057951
43,hand,8,1,0.454953134059906,0.2941785752773285,-0.005042615346610546
43,hand,9,1,0.46066799759864807,0.29580336809158325,-0.003328193910419941
43,hand,10,1,0.4459446370601654,0.2880840599536896,-0.003078784793615341
43,hand,11,1,0.44640031456947327,0.2961921989917755,-0.002743047196418047
43,hand,12,1,0.4507310092449188,0.30188047885894775,-0.0028043121565133333
43,hand,13,1,0.45481225848197937,0.30930793285369873,-0.004346469417214394
43,hand,14,1,0.44225573539733887,0.29893046617507935,-0.003914563916623592
43,hand,15,1,0.44297730922698975,0.3064848482608795,-0.002377766417339444
43,hand,16,1,0.447252482175827,0.3124530613422394,-0.0016434557037428021
43,hand,17,1,0.44966232776641846,0.3232714831829071,-0.005305979400873184
43,hand,18,1,0.439525306224823,0.3104860186576843,-0.004722413141280413
43,hand,19,1,0.4403569996356964,0.3152664303779602,-0.0024120307061821222
43,hand,20,1,0.4432993233203888,0.3204154372215271,-0.0005386003176681697
43,pose,0,-1,0.48263129591941833,0.17238855361938477,-0.0821203887462616
43,pose,1,-1,0.4915848970413208,0.14595143496990204,-0.05973176658153534
43,pose,2,-1,0.4954911172389984,0.14574861526489258,-0.059772245585918427
43,pose,3,-1,0.4996010959148407,0.146025612950325,-0.05971642583608627
43,pose,4,-1,0.4729156494140625,0.14688090980052948,-0.055373962968587875
43,pose,5,-1,0.4662601351737976,0.14740604162216187,-0.05547279119491577
43,pose,6,-1,0.46067148447036743,0.1481630802154541,-0.05544338375329971
43,pose,7,-1,0.5062511563301086,0.15668949484825134,0.06723586469888687
43,pose,8,-1,0.4530462622642517,0.1625863015651703,0.0850636214017868
43,pose,9,-1,0.49293965101242065,0.20096668601036072,-0.03712618723511696
43,pose,10,-1,0.4727327525615692,0.20282433927059174,-0.031334176659584045
43,pose,11,-1,0.5482903718948364,0.2978132367134094,0.09164869040250778
43,pose,12,-1,0.41922661662101746,0.31834256649017334,0.1191684901714325
43,pose,13,-1,0.555586040019989,0.4964766800403595,-0.05380052328109741
43,pose,14,-1,0.4135872721672058,0.5100337266921997,-0.0389263890683651
43,pose,15,-1,0.47957998514175415,0.3565712571144104,-0.17126093804836273
43,pose,16,-1,0.4321693181991577,0.2905566692352295,-0.2110186219215393
43,pose,17,-1,0.4625406563282013,0.31597700715065,-0.20323356986045837
43,pose,18,-1,0.4284026324748993,0.2352876216173172,-0.2500602602958679
43,pose,19,-1,0.46612051129341125,0.2998144030570984,-0.16997943818569183
43,pose,20,-1,0.4270063042640686,0.2235090136528015,-0.22817017138004303
43,pose,21,-1,0.4680485129356384,0.30904948711395264,-0.15967921912670135
43,pose,22,-1,0.43081697821617126,0.24082092940807343,-0.20762141048908234
43,pose,23,-1,0.529629647731781,0.6821262836456299,0.013478090055286884
43,pose,24,-1,0.45127514004707336,0.6885242462158203,-0.012413735501468182
43,pose,25,-1,0.5365501642227173,0.975328803062439,-0.019916022196412086
43,pose,26,-1,0.460525780916214,0.9947943687438965,-0.04324604570865631
43,pose,27,-1,0.5486242175102234,1.2518672943115234,0.2015645056962967
43,pose,28,-1,0.4755823314189911,1.2435872554779053,0.1976209431886673
43,pose,29,-1,0.5531533360481262,1.2905339002609253,0.22009077668190002
43,pose,30,-1,0.4746188819408417,1.2718359231948853,0.21758365631103516
43,pose,31,-1,0.5416222214698792,1.3308202028274536,0.10864631831645966
43,pose,32,-1,0.4861879348754883,1.3267319202423096,0.10009662061929703
44,hand,0,0,0.42673128843307495,0.2933901250362396,-9.367824738149011e-09
44,hand,1,0,0.4204564392566681,0.2721479535102844,0.004618911072611809
44,hand,2,0,0.41610753536224365,0.24941061437129974,0.006753773894160986
44,hand,3,0,0.4120274782180786,0.2370639145374298,0.00760286208242178
44,hand,4,0,0.40653544664382935,0.23056255280971527,0.008157322183251381
44,hand,5,0,0.4150424897670746,0.23033244907855988,0.004026607144623995
44,hand,6,0,0.4111038148403168,0.2055821567773819,0.0011865622363984585
44,hand,7,0,0.4070678651332855,0.18825463950634003,-0.001021964126266539
44,hand,8,0,0.40296095609664917,0.1749623417854309,-0.002692660316824913
44,hand,9,0,0.41716980934143066,0.23014172911643982,-0.0005132353398948908
44,hand,10,0,0.4132803678512573,0.20260614156723022,-0.0037627234123647213
44,hand,11,0,0.40899938344955444,0.18423771858215332,-0.006011364050209522
44,hand,12,0,0.4037363827228546,0.16797980666160583,-0.007515408098697662
44,hand,13,0,0.42066749930381775,0.23243068158626556,-0.005057013593614101
44,hand,14,0,0.4172589182853699,0.20490799844264984,-0.008320857770740986
44,hand,15,0,0.4134986102581024,0.1886410415172577,-0.009938536211848259
44,hand,16,0,0.4086022973060608,0.17394058406352997,-0.010839567519724369
44,hand,17,0,0.42621809244155884,0.2363092303276062,-0.009319674223661423
44,hand,18,0,0.4247661530971527,0.21392463147640228,-0.01256297156214714
44,hand,19,0,0.4222244918346405,0.1999097764492035,-0.013980153016746044
44,hand,20,0,0.4188876748085022,0.18756943941116333,-0.01481613703072071
44,hand,0,1,0.48164239525794983,0.35487625002861023,-2.6154255650112646e-08
44,hand,1,1,0.4827776551246643,0.32767099142074585,0.0012386823073029518
44,hand,2,1,0.48051145672798157,0.29960310459136963,0.00025879856548272073
44,hand,3,1,0.4790979325771332,0.2768650949001312,-0.0012026424519717693
44,hand,4,1,0.4823131859302521,0.2602839469909668,-0.002861287444829941
44,hand,5,1,0.4677981734275818,0.2889404594898224,-0.0008845782722346485
44,hand,6,1,0.45236387848854065,0.281197190284729,-0.001539483666419983
44,hand,7,1,0.449527382850647,0.2885843515396118,-0.002010227646678686
44,hand,8,1,0.45122215151786804,0.29362037777900696,-0.0022446815855801105
44,hand,9,1,0.46147099137306213,0.299967497587204,-0.002439006930217147
44,hand,10,1,0.44631633162498474,0.29020339250564575,-0.0018934491090476513
44,hand,11,1,0.44505444169044495,0.2975199818611145,-0.0011189323849976063
44,hand,12,1,0.44812190532684326,0.30273571610450745,-0.0008757102768868208
44,hand,13,1,0.45577189326286316,0.3134686350822449,-0.0036544478498399258
44,hand,14,1,0.4428683817386627,0.3023882508277893,-0.0030296770855784416
44,hand,15,1,0.4426150321960449,0.30882200598716736,-0.0009281093371100724
44,hand,16,1,0.44611024856567383,0.3140520453453064,0.000185733413673006
44,hand,17,1,0.45072484016418457,0.32777705788612366,-0.004760078154504299
44,hand,18,1,0.44067904353141785,0.31482231616973877,-0.004163438454270363
44,hand,19,1,0.44075706601142883,0.31783485412597656,-0.0016571251908317208
44,hand,20,1,0.4429669678211212,0.32121676206588745,0.00036948369233869016
44,pose,0,-1,0.4824489951133728,0.17188456654548645,-0.08380376547574997
44,pose,1,-1,0.4915618896484375,0.14585186541080475,-0.06065124645829201
44,pose,2,-1,0.4954688847064972,0.1457238346338272,-0.06069426238536835
44,pose,3,-1,0.499536395072937,0.14601527154445648,-0.060656704008579254
44,pose,4,-1,0.472715824842453,0.14661870896816254,-0.055925462394952774
44,pose,5,-1,0.4660394787788391,0.14709948003292084,-0.05604361370205879
44,pose,6,-1,0.46030616760253906,0.1478133499622345,-0.05601203441619873
44,pose,7,-1,0.5062432885169983,0.15688836574554443,0.06581837683916092
44,pose,8,-1,0.45273274183273315,0.16243602335453033,0.08360814303159714
44,pose,9,-1,0.4927586317062378,0.2007843554019928,-0.037309471517801285
44,pose,10,-1,0.4721485376358032,0.20257656276226044,-0.03330756723880768
44,pose,11,-1,0.5482164621353149,0.2992323935031891,0.09093491733074188
44,pose,12,-1,0.41854068636894226,0.31869712471961975,0.11530511826276779
44,pose,13,-1,0.5564915537834167,0.4987471401691437,-0.05501139909029007
44,pose,14,-1,0.4135698080062866,0.5096650123596191,-0.05058969557285309
44,pose,15,-1,0.4796904921531677,0.3614845275878906,-0.17963840067386627
44,pose,16,-1,0.43268051743507385,0.29018864035606384,-0.22269383072853088
44,pose,17,-1,0.46372559666633606,0.32273080945014954,-0.21639852225780487
44,pose,18,-1,0.429804265499115,0.23377932608127594,-0.2610669732093811
44,pose,19,-1,0.4675532281398773,0.30602648854255676,-0.1834823489189148
44,pose,20,-1,0.4280232787132263,0.2208968549966812,-0.24000975489616394
44,pose,21,-1,0.4687540829181671,0.31432679295539856,-0.16871905326843262
44,pose,22,-1,0.43153294920921326,0.23850911855697632,-0.2193526327610016
44,pose,23,-1,0.5296334624290466,0.6818894147872925,0.014924416318535805
44,pose,24,-1,0.4511762261390686,0.6884837746620178,-0.013830446638166904
44,pose,25,-1,0.5365076661109924,0.9752106666564941,-0.022004684433341026
44,pose,26,-1,0.46046173572540283,0.9946242570877075,-0.04216126352548599
44,pose,27,-1,0.5485904812812805,1.2516685724258423,0.19790537655353546
44,pose,28,-1,0.47557333111763,1.2434803247451782,0.20263494551181793
44,pose,29,-1,0.5531176328659058,1.2902897596359253,0.2160908281803131
44,pose,30,-1,0.474334180355072,1.2717012166976929,0.22266431152820587
44,pose,31,-1,0.5416352152824402,1.3298057317733765,0.10314034670591354
44,pose,32,-1,0.4863157570362091,1.3261011838912964,0.10429837554693222
45,hand,0,0,0.4291357398033142,0.2947503626346588,-8.63125038108592e-09
45,hand,1,0,0.4224485754966736,0.27407488226890564,0.0042465608566999435
45,hand,2,0,0.41824185848236084,0.2521879971027374,0.006209650542587042
45,hand,3,0,0.41449010372161865,0.23961228132247925,0.006935096345841885
45,hand,4,0,0.4093729257583618,0.2326173335313797,0.0073396689258515835
45,hand,5,0,0.4177319407463074,0.23229113221168518,0.0034876593854278326
45,hand,6,0,0.4138936400413513,0.20713871717453003,0.00040537622408010066
45,hand,7,0,0.41020092368125916,0.18966782093048096,-0.001904524164274335
45,hand,8,0,0.40658998489379883,0.1761745810508728,-0.003616793779656291
45,hand,9,0,0.42029231786727905,0.23198921978473663,-0.000955997733399272
45,hand,10,0,0.4166131615638733,0.20407797396183014,-0.00457271421328187
45,hand,11,0,0.41270124912261963,0.18551020324230194,-0.0070758541114628315
45,hand,12,0,0.407953143119812,0.16888119280338287,-0.008675405755639076
45,hand,13,0,0.4240390956401825,0.23433160781860352,-0.0054121133871376514
45,hand,14,0,0.4208493232727051,0.2064531147480011,-0.009013516828417778
45,hand,15,0,0.4173763394355774,0.1902233362197876,-0.01082234364002943
45,hand,16,0,0.4128039479255676,0.17533907294273376,-0.011765530332922935
45,hand,17,0,0.42972710728645325,0.23872053623199463,-0.009597331285476685
45,hand,18,0,0.4283972978591919,0.21635828912258148,-0.01319550909101963
45,hand,19,0,0.4260610044002533,0.2024560272693634,-0.014801210723817348
45,hand,20,0,0.42299768328666687,0.18989689648151398,-0.015686972066760063
45,hand,0,1,0.4827176630496979,0.3569450378417969,-4.133711328790923e-08
45,hand,1,1,0.48376551270484924,0.3296959698200226,0.0015278703067451715
45,hand,2,1,0.4811815619468689,0.30123406648635864,0.0009558814344927669
45,hand,3,1,0.4793429374694824,0.278090238571167,-0.00028577286866493523
45,hand,4,1,0.4822781980037689,0.2612735331058502,-0.001808091881684959
45,hand,5,1,0.46857497096061707,0.28981348872184753,0.0005811307346448302
45,hand,6,1,0.4522725045681,0.2828364372253418,-0.0008279106696136296
45,hand,7,1,0.44924405217170715,0.2904740869998932,-0.0022796746343374252
45,hand,8,1,0.450999915599823,0.29516297578811646,-0.003080902621150017
45,hand,9,1,0.46278220415115356,0.30026230216026306,-0.0011358021292835474
45,hand,10,1,0.4468906819820404,0.29234233498573303,-0.00131342769600451
45,hand,11,1,0.4459596574306488,0.29969683289527893,-0.0012992896372452378
45,hand,12,1,0.44938600063323975,0.3045738935470581,-0.0014093967620283365
45,hand,13,1,0.4573673605918884,0.3132436275482178,-0.002640656428411603
45,hand,14,1,0.4436275362968445,0.30407169461250305,-0.002687231870368123
45,hand,15,1,0.4433026909828186,0.3099149763584137,-0.0008349869167432189
45,hand,16,1,0.44657468795776367,0.3141198456287384,0.0003495702694635838
45,hand,17,1,0.45233193039894104,0.32746922969818115,-0.004047663416713476
45,hand,18,1,0.44147947430610657,0.31548938155174255,-0.003920418210327625
45,hand,19,1,0.4412200450897217,0.3173583447933197,-0.0015083791222423315
45,hand,20,1,0.442905068397522,0.31923210620880127,0.0006318260566331446
45,pose,0,-1,0.48226311802864075,0.1718529909849167,-0.09542037546634674
45,pose,1,-1,0.49148255586624146,0.14584362506866455,-0.07153501361608505
45,pose,2,-1,0.4954197108745575,0.14572833478450775,-0.07157494127750397
45,pose,3,-1,0.4994156062602997,0.1460353136062622,-0.07150880247354507
45,pose,4,-1,0.47242942452430725,0.146558940410614,-0.06840845942497253
45,pose,5,-1,0.46576589345932007,0.14701907336711884,-0.06852338463068008
45,pose,6,-1,0.45988380908966064,0.1477377712726593,-0.06849732995033264
45,pose,7,-1,0.5061863660812378,0.15723714232444763,0.06036297604441643
45,pose,8,-1,0.4524011015892029,0.16244398057460785,0.07381033897399902
45,pose,9,-1,0.49251946806907654,0.2008378803730011,-0.04723624885082245
45,pose,10,-1,0.4717405438423157,0.20256538689136505,-0.0439433678984642
45,pose,11,-1,0.5481908917427063,0.3000577986240387,0.0900760367512703
45,pose,12,-1,0.4181157052516937,0.31921958923339844,0.10829272866249084
45,pose,13,-1,0.5577661395072937,0.5001295804977417,-0.05638902261853218
45,pose,14,-1,0.4136134684085846,0.5096437335014343,-0.05471290647983551
45,pose,15,-1,0.4802131950855255,0.3620746433734894,-0.1893848329782486
45,pose,16,-1,0.4343213140964508,0.29131102561950684,-0.23065230250358582
45,pose,17,-1,0.46513402462005615,0.32140520215034485,-0.2276810109615326
45,pose,18,-1,0.43217891454696655,0.2349431812763214,-0.2688029706478119
45,pose,19,-1,0.4692586064338684,0.304465651512146,-0.19572541117668152
45,pose,20,-1,0.430154025554657,0.2217141091823578,-0.2491597831249237
45,pose,21,-1,0.4699636995792389,0.31350797414779663,-0.17891880869865417
45,pose,22,-1,0.4333036243915558,0.23939545452594757,-0.22771470248699188
45,pose,23,-1,0.529662013053894,0.6817778944969177,0.015325624495744705
45,pose,24,-1,0.45117056369781494,0.6885120272636414,-0.0142267607152462
45,pose,25,-1,0.536404550075531,0.9751697778701782,-0.026262907311320305
45,pose,26,-1,0.4604369103908539,0.9945881962776184,-0.04149424284696579
45,pose,27,-1,0.5483130216598511,1.2503010034561157,0.18913842737674713
45,pose,28,-1,0.47518399357795715,1.2433829307556152,0.20892910659313202
45,pose,29,-1,0.5528391003608704,1.2888771295547485,0.2065945565700531
45,pose,30,-1,0.4736281633377075,1.2715848684310913,0.22936603426933289
45,pose,31,-1,0.5414119958877563,1.3279578685760498,0.09116631001234055
45,pose,32,-1,0.48597320914268494,1.3254938125610352,0.11008325964212418
46,hand,0,0,0.4306674897670746,0.2976264953613281,-1.0968258301602418e-08
46,hand,1,0,0.4232207238674164,0.277615487575531,0.0038962962571531534
46,hand,2,0,0.41946718096733093,0.2556275427341461,0.005921150092035532
46,hand,3,0,0.41606220602989197,0.2433626800775528,0.006862550973892212
46,hand,4,0,0.4114958345890045,0.2353542298078537,0.007664969190955162
46,hand,5,0,0.4197119474411011,0.2348318099975586,0.0034156227484345436
46,hand,6,0,0.4159586727619171,0.21028058230876923,0.0002902201667893678
46,hand,7,0,0.4122541546821594,0.19346550107002258,-0.0019103740341961384
46,hand,8,0,0.408611536026001,0.18072383105754852,-0.0034226670395582914
46,hand,9,0,0.42227432131767273,0.23454608023166656,-0.0007324291509576142
46,hand,10,0,0.4186060130596161,0.20630323886871338,-0.004430727101862431
46,hand,11,0,0.41476306319236755,0.18765519559383392,-0.00673986691981554
46,hand,12,0,0.41011300683021545,0.17104780673980713,-0.008085128851234913
46,hand,13,0,0.425966739654541,0.23670732975006104,-0.004964133724570274
46,hand,14,0,0.422878235578537,0.20870083570480347,-0.008697668090462685
46,hand,15,0,0.4192723035812378,0.19231243431568146,-0.010525659658014774
46,hand,16,0,0.4146623909473419,0.17753876745700836,-0.011337040923535824
46,hand,17,0,0.43141424655914307,0.24113239347934723,-0.008948375470936298
46,hand,18,0,0.4305403232574463,0.218968465924263,-0.012680421583354473
46,hand,19,0,0.42810380458831787,0.20447370409965515,-0.01448347233235836
46,hand,20,0,0.4249032735824585,0.19182850420475006,-0.015421943739056587
46,hand,0,1,0.4853224456310272,0.3594922125339508,-4.9700432214194734e-08
46,hand,1,1,0.4857058823108673,0.3310324251651764,0.0020504186395555735
46,hand,2,1,0.48263072967529297,0.30276554822921753,0.0014879938680678606
46,hand,3,1,0.48112934827804565,0.2793658673763275,0.00015683074889238924
46,hand,4,1,0.48411059379577637,0.26280683279037476,-0.001514239120297134
46,hand,5,1,0.4700509011745453,0.29266557097435,-0.00018228792760055512
46,hand,6,1,0.45395609736442566,0.28606295585632324,-0.001599873648956418
46,hand,7,1,0.4519076943397522,0.29422667622566223,-0.0029074321500957012
46,hand,8,1,0.45443278551101685,0.29941853880882263,-0.0036425755824893713
46,hand,9,1,0.4643270969390869,0.30408036708831787,-0.0023020647931843996
46,hand,10,1,0.44880735874176025,0.29561927914619446,-0.0024376476649194956
46,hand,11,1,0.44871318340301514,0.30328568816185,-0.0022669474128633738
46,hand,12,1,0.4526973366737366,0.3084059953689575,-0.0024374318309128284
46,hand,13,1,0.45925959944725037,0.3181517422199249,-0.0040817465633153915
46,hand,14,1,0.44582870602607727,0.30788224935531616,-0.004132683854550123
46,hand,15,1,0.4458514153957367,0.3137319087982178,-0.0023026096168905497
46,hand,16,1,0.449342280626297,0.31860634684562683,-0.0012938184663653374
46,hand,17,1,0.45470428466796875,0.3333769142627716,-0.005669345613569021
46,hand,18,1,0.4437881410121918,0.31977900862693787,-0.005651201121509075
46,hand,19,1,0.44358718395233154,0.32121777534484863,-0.0032591260969638824
46,hand,20,1,0.44542431831359863,0.3236333727836609,-0.0012234629830345511
46,pose,0,-1,0.4821389317512512,0.17185570299625397,-0.10358299314975739
46,pose,1,-1,0.4914610981941223,0.14583928883075714,-0.08056318759918213
46,pose,2,-1,0.49539464712142944,0.14574287831783295,-0.08060362935066223
46,pose,3,-1,0.4993516504764557,0.14607180655002594,-0.08052918314933777
46,pose,4,-1,0.47229817509651184,0.14652220904827118,-0.07768010348081589
46,pose,5,-1,0.4656314551830292,0.14695154130458832,-0.07778308540582657
46,pose,6,-1,0.4597066044807434,0.1476433128118515,-0.07776471972465515
46,pose,7,-1,0.5061571002006531,0.1576673537492752,0.049258843064308167
46,pose,8,-1,0.4523220658302307,0.16243791580200195,0.06287450343370438
46,pose,9,-1,0.4923396408557892,0.20099575817584991,-0.056089021265506744
46,pose,10,-1,0.47145286202430725,0.20257702469825745,-0.05248641595244408
46,pose,11,-1,0.5481564402580261,0.3007689118385315,0.08451595157384872
46,pose,12,-1,0.4179529845714569,0.3203357458114624,0.09947492182254791
46,pose,13,-1,0.5593734979629517,0.501854658126831,-0.05672229826450348
46,pose,14,-1,0.41360077261924744,0.5102710127830505,-0.054983727633953094
46,pose,15,-1,0.48105934262275696,0.36442428827285767,-0.19087478518486023
46,pose,16,-1,0.43551501631736755,0.2927659749984741,-0.22871913015842438
46,pose,17,-1,0.4676712155342102,0.32291170954704285,-0.22815442085266113
46,pose,18,-1,0.43391287326812744,0.23780390620231628,-0.26617228984832764
46,pose,19,-1,0.4717172086238861,0.3057963252067566,-0.19688238203525543
46,pose,20,-1,0.4318602979183197,0.22440297901630402,-0.24671582877635956
46,pose,21,-1,0.47187867760658264,0.3159314692020416,-0.1805351823568344
46,pose,22,-1,0.43473443388938904,0.242266446352005,-0.22574082016944885
46,pose,23,-1,0.5296735167503357,0.6816980838775635,0.015568781644105911
46,pose,24,-1,0.45105648040771484,0.6885142922401428,-0.014470044523477554
46,pose,25,-1,0.5363948941230774,0.9751210808753967,-0.02720651403069496
46,pose,26,-1,0.46037542819976807,0.9945565462112427,-0.03992457687854767
46,pose,27,-1,0.5483064651489258,1.249468445777893,0.1784629225730896
46,pose,28,-1,0.47519853711128235,1.2425761222839355,0.2118588536977768
46,pose,29,-1,0.5528138875961304,1.2880885601043701,0.19498272240161896
46,pose,30,-1,0.4736236035823822,1.2705386877059937,0.23251016438007355
46,pose,31,-1,0.5414501428604126,1.3269598484039307,0.08138199150562286
46,pose,32,-1,0.48605331778526306,1.3242310285568237,0.11593637615442276
47,hand,0,0,0.4318118989467621,0.3074580729007721,-4.4985934977148645e-09
47,hand,1,0,0.42574724555015564,0.28637468814849854,0.003768480382859707
47,hand,2,0,0.4216125011444092,0.2632412612438202,0.005089591257274151
47,hand,3,0,0.41781169176101685,0.24963994324207306,0.0053281174041330814
47,hand,4,0,0.4125782251358032,0.24017596244812012,0.005291137378662825
47,hand,5,0,0.4215729534626007,0.24466364085674286,0.0014178566634654999
47,hand,6,0,0.41758254170417786,0.2172679305076599,-0.0025201651733368635
47,hand,7,0,0.41402649879455566,0.1989908218383789,-0.00505054323002696
47,hand,8,0,0.410581111907959,0.18529918789863586,-0.006673463620245457
47,hand,9,0,0.42389556765556335,0.245844304561615,-0.002956818090751767
47,hand,10,0,0.4203072190284729,0.2147427797317505,-0.007662001997232437
47,hand,11,0,0.4167047142982483,0.19434772431850433,-0.010456124320626259
47,hand,12,0,0.41235029697418213,0.17695531249046326,-0.011983740143477917
47,hand,13,0,0.42768701910972595,0.24871669709682465,-0.007275321986526251
47,hand,14,0,0.42467156052589417,0.21803782880306244,-0.011660510674118996
47,hand,15,0,0.42138656973838806,0.19947285950183868,-0.013775281608104706
47,hand,16,0,0.4172682762145996,0.18324750661849976,-0.01467001624405384
47,hand,17,0,0.4335857927799225,0.2534233331680298,-0.01127333752810955
47,hand,18,0,0.4328567683696747,0.2292918562889099,-0.015222623944282532
47,hand,19,0,0.43070143461227417,0.21362760663032532,-0.017044225707650185
47,hand,20,0,0.42799925804138184,0.20007719099521637,-0.017936797812581062
47,hand,0,1,0.489013671875,0.3647054135799408,-2.793957065705399e-08
47,hand,1,1,0.4889049828052521,0.33756572008132935,0.0008167303167283535
47,hand,2,1,0.4850583076477051,0.3084050118923187,-0.00044236413668841124
47,hand,3,1,0.4833446741104126,0.2847300171852112,-0.002303000073879957
47,hand,4,1,0.4867716431617737,0.26785147190093994,-0.004529641475528479
47,hand,5,1,0.4724167287349701,0.29935652017593384,-0.000995017820969224
47,hand,6,1,0.4559645354747772,0.29128921031951904,-0.003237585537135601
47,hand,7,1,0.45112326741218567,0.29593828320503235,-0.005208272021263838
47,hand,8,1,0.4508139193058014,0.29935693740844727,-0.0062457541935145855
47,hand,9,1,0.4669730067253113,0.3110600709915161,-0.0027851590421050787
47,hand,10,1,0.4508117437362671,0.3005850315093994,-0.0037121332716196775
47,hand,11,1,0.44888439774513245,0.30619245767593384,-0.00393748888745904
47,hand,12,1,0.45098263025283813,0.3107403516769409,-0.004077356308698654
47,hand,13,1,0.4621800482273102,0.32528921961784363,-0.004414667841047049
47,hand,14,1,0.4477264881134033,0.3127724230289459,-0.0050709983333945274
47,hand,15,1,0.44669127464294434,0.3173065483570099,-0.0034609988797456026
47,hand,16,1,0.4492965638637543,0.321859747171402,-0.0022853470873087645
47,hand,17,1,0.4577291011810303,0.3403915762901306,-0.005979528184980154
47,hand,18,1,0.44598451256752014,0.3256237506866455,-0.006229314487427473
47,hand,19,1,0.44502153992652893,0.32654011249542236,-0.004005919210612774
47,hand,20,1,0.4464627802371979,0.32914096117019653,-0.0019730543717741966
47,pose,0,-1,0.48208683729171753,0.171804279088974,-0.10253550112247467
47,pose,1,-1,0.49145540595054626,0.14574415981769562,-0.07946591079235077
47,pose,2,-1,0.4953836500644684,0.14570178091526031,-0.07950206100940704
47,pose,3,-1,0.4993261992931366,0.14602816104888916,-0.07942769676446915
47,pose,4,-1,0.4722915589809418,0.146321102976799,-0.07649350166320801
47,pose,5,-1,0.4656180739402771,0.1467081904411316,-0.07660552114248276
47,pose,6,-1,0.45969805121421814,0.14733070135116577,-0.07659400254487991
47,pose,7,-1,0.5061361193656921,0.15766125917434692,0.049746010452508926
47,pose,8,-1,0.45230141282081604,0.16219297051429749,0.0638795793056488
47,pose,9,-1,0.4922405779361725,0.20098862051963806,-0.05530248209834099
47,pose,10,-1,0.47127020359039307,0.2025524079799652,-0.05147476866841316
47,pose,11,-1,0.5480949282646179,0.3017328679561615,0.08550921082496643
47,pose,12,-1,0.4176694452762604,0.3210124969482422,0.10378812253475189
47,pose,13,-1,0.5614700317382812,0.5041926503181458,-0.039236970245838165
47,pose,14,-1,0.41354596614837646,0.5118629932403564,-0.03476407378911972
47,pose,15,-1,0.48351526260375977,0.3710591793060303,-0.1655081957578659
47,pose,16,-1,0.43596532940864563,0.3008759021759033,-0.20668849349021912
47,pose,17,-1,0.4700102210044861,0.3317442238330841,-0.20069894194602966
47,pose,18,-1,0.43446722626686096,0.24653111398220062,-0.24203059077262878
47,pose,19,-1,0.473495215177536,0.3152926564216614,-0.1710185706615448
47,pose,20,-1,0.43210890889167786,0.2291559875011444,-0.2244178205728531
47,pose,21,-1,0.4738258421421051,0.3242368698120117,-0.1550891399383545
47,pose,22,-1,0.43492570519447327,0.2473907768726349,-0.20353271067142487
47,pose,23,-1,0.529683530330658,0.6815648674964905,0.015552555210888386
47,pose,24,-1,0.45103392004966736,0.6883538365364075,-0.014456057921051979
47,pose,25,-1,0.5363538861274719,0.9750211238861084,-0.029733696952462196
47,pose,26,-1,0.4602589011192322,0.9945201873779297,-0.039588794112205505
47,pose,27,-1,0.5481652617454529,1.2476755380630493,0.17492222785949707
47,pose,28,-1,0.4735287129878998,1.2414988279342651,0.21047203242778778
47,pose,29,-1,0.5525807738304138,1.2852941751480103,0.1914956271648407
47,pose,30,-1,0.47194617986679077,1.26921546459198,0.23088274896144867
47,pose,31,-1,0.5414072871208191,1.325459361076355,0.07805809378623962
47,pose,32,-1,0.4837304651737213,1.3227648735046387,0.11408619582653046
48,hand,0,0,0.43177491426467896,0.31505510210990906,5.163706795485723e-09
48,hand,1,0,0.4262811243534088,0.29335078597068787,0.004356526304036379
48,hand,2,0,0.42257291078567505,0.2699863016605377,0.005687492433935404
48,hand,3,0,0.419463574886322,0.25508782267570496,0.00585955660790205
48,hand,4,0,0.4147369861602783,0.24553991854190826,0.005703931208699942
48,hand,5,0,0.4227984547615051,0.25267255306243896,0.0010691609932109714
48,hand,6,0,0.4203472435474396,0.22483019530773163,-0.002631820272654295
48,hand,7,0,0.4176710546016693,0.2060498595237732,-0.004894506186246872
48,hand,8,0,0.41520383954048157,0.19195684790611267,-0.006458871532231569
48,hand,9,0,0.42502960562705994,0.2538537085056305,-0.0036087350454181433
48,hand,10,0,0.42269167304039,0.22222298383712769,-0.008075079880654812
48,hand,11,0,0.42025184631347656,0.20155806839466095,-0.010636736638844013
48,hand,12,0,0.4169192910194397,0.18417993187904358,-0.012132958509027958
48,hand,13,0,0.42873698472976685,0.25738525390625,-0.008111029863357544
48,hand,14,0,0.4267272651195526,0.22623640298843384,-0.01254001259803772
48,hand,15,0,0.4243953824043274,0.20756563544273376,-0.01469284575432539
48,hand,16,0,0.4209984838962555,0.1913747489452362,-0.01580844633281231
48,hand,17,0,0.43452316522598267,0.2628646492958069,-0.012185473926365376
48,hand,18,0,0.4352891445159912,0.24003447592258453,-0.016496727243065834
48,hand,19,0,0.43418577313423157,0.22464551031589508,-0.018628733232617378
48,hand,20,0,0.43233948945999146,0.2109796404838562,-0.019867192953824997
48,hand,0,1,0.4929012656211853,0.3733653426170349,-2.6112822126833635e-08
48,hand,1,1,0.49278903007507324,0.3454097807407379,0.001300520496442914
48,hand,2,1,0.48899152874946594,0.31705528497695923,0.0002827238931786269
48,hand,3,1,0.4860181212425232,0.2939472794532776,-0.0013830563984811306
48,hand,4,1,0.4876488149166107,0.27598804235458374,-0.0033974465914070606
48,hand,5,1,0.4761987626552582,0.3085058629512787,-0.00034027345827780664
48,hand,6,1,0.4602656960487366,0.2985582947731018,-0.0026898118667304516
48,hand,7,1,0.4529517590999603,0.3011734187602997,-0.004937760066241026
48,hand,8,1,0.4499185383319855,0.30422407388687134,-0.006173158064484596
48,hand,9,1,0.47105130553245544,0.3203476667404175,-0.00253766099922359
48,hand,10,1,0.45515841245651245,0.3084648549556732,-0.003411950310692191
48,hand,11,1,0.4493853449821472,0.3107640743255615,-0.004152420908212662
48,hand,12,1,0.44748565554618835,0.3138698935508728,-0.004848521202802658
48,hand,13,1,0.466391384601593,0.33500850200653076,-0.004629258997738361
48,hand,14,1,0.4521702527999878,0.3216484487056732,-0.005157334264367819
48,hand,15,1,0.447611540555954,0.32235464453697205,-0.003890629392117262
48,hand,16,1,0.44680336117744446,0.32452863454818726,-0.0031130157876759768
48,hand,17,1,0.46212294697761536,0.35073575377464294,-0.00665436964482069
48,hand,18,1,0.4505237638950348,0.33479681611061096,-0.006796013098210096
48,hand,19,1,0.4471086263656616,0.33202412724494934,-0.004735458642244339
48,hand,20,1,0.4462299942970276,0.33199256658554077,-0.002947651781141758
48,pose,0,-1,0.481696754693985,0.17183594405651093,-0.10256083309650421
48,pose,1,-1,0.49119865894317627,0.1456703394651413,-0.08021141588687897
48,pose,2,-1,0.4952430725097656,0.14565321803092957,-0.08025204390287399
48,pose,3,-1,0.4990672767162323,0.14596256613731384,-0.08018416911363602
48,pose,4,-1,0.4720460772514343,0.14624658226966858,-0.07693982869386673
48,pose,5,-1,0.46545591950416565,0.14660096168518066,-0.07703585177659988
48,pose,6,-1,0.4595121145248413,0.1471891552209854,-0.07700832188129425
48,pose,7,-1,0.5059166550636292,0.15756824612617493,0.04791109263896942
48,pose,8,-1,0.45222482085227966,0.16174207627773285,0.06319765001535416
48,pose,9,-1,0.4919784963130951,0.20111386477947235,-0.05546880140900612
48,pose,10,-1,0.47075244784355164,0.20263172686100006,-0.05135102942585945
48,pose,11,-1,0.5481027364730835,0.30202946066856384,0.08534396439790726
48,pose,12,-1,0.41725558042526245,0.32177436351776123,0.10692960768938065
48,pose,13,-1,0.564860463142395,0.5064762830734253,-0.03457405045628548
48,pose,14,-1,0.4131520092487335,0.5141221880912781,-0.028277138248085976
48,pose,15,-1,0.48909246921539307,0.38099759817123413,-0.16264775395393372
48,pose,16,-1,0.43640443682670593,0.30645957589149475,-0.20462313294410706
48,pose,17,-1,0.4735671281814575,0.34115609526634216,-0.1978791505098343
48,pose,18,-1,0.4355688989162445,0.25388580560684204,-0.2400534600019455
48,pose,19,-1,0.4765346646308899,0.3240894377231598,-0.1693539023399353
48,pose,20,-1,0.4328075647354126,0.23375919461250305,-0.22226212918758392
48,pose,21,-1,0.4773622155189514,0.33169445395469666,-0.15260346233844757
48,pose,22,-1,0.43542638421058655,0.25180312991142273,-0.20143860578536987
48,pose,23,-1,0.5297335982322693,0.6810595989227295,0.01532177533954382
48,pose,24,-1,0.45101216435432434,0.6876662969589233,-0.014220844022929668
48,pose,25,-1,0.5363467931747437,0.9748978018760681,-0.030062053352594376
48,pose,26,-1,0.46026742458343506,0.9938004016876221,-0.039075423032045364
48,pose,27,-1,0.5480837225914001,1.2441716194152832,0.17372678220272064
48,pose,28,-1,0.472586452960968,1.2409484386444092,0.20721253752708435
48,pose,29,-1,0.5525234341621399,1.2810829877853394,0.190158411860466
48,pose,30,-1,0.47090286016464233,1.2687532901763916,0.22662022709846497
48,pose,31,-1,0.5411003232002258,1.3218505382537842,0.07603491097688675
48,pose,32,-1,0.4823390543460846,1.3218369483947754,0.10615582019090652
49,hand,0,0,0.43265897035598755,0.32997655868530273,3.1805900135850607e-08
49,hand,1,0,0.42644521594047546,0.3065383732318878,0.0029157637618482113
49,hand,2,0,0.4241715669631958,0.28217020630836487,0.0032305545173585415
49,hand,3,0,0.4227840006351471,0.264944851398468,0.002492699073627591
49,hand,4,0,0.41846731305122375,0.25455302000045776,0.0013803619658574462
49,hand,5,0,0.4256233274936676,0.2674402594566345,-0.00031248643063008785
49,hand,6,0,0.42525094747543335,0.23816929757595062,-0.004545127507299185
49,hand,7,0,0.42426779866218567,0.21885190904140472,-0.007393247913569212
49,hand,8,0,0.42312100529670715,0.20325221121311188,-0.009286656975746155
49,hand,9,0,0.4281187057495117,0.2695045471191406,-0.004644669126719236
49,hand,10,0,0.42769962549209595,0.23751333355903625,-0.009227090515196323
49,hand,11,0,0.42628175020217896,0.21662569046020508,-0.012155672535300255
49,hand,12,0,0.4241096079349518,0.198821023106575,-0.013975235633552074
49,hand,13,0,0.4316301941871643,0.27412378787994385,-0.00888985488563776
49,hand,14,0,0.43212890625,0.24354469776153564,-0.013307766057550907
49,hand,15,0,0.4310835301876068,0.22426168620586395,-0.015426411293447018
49,hand,16,0,0.42912930250167847,0.20812982320785522,-0.0165642611682415
49,hand,17,0,0.43670839071273804,0.2810828983783722,-0.012899036519229412
49,hand,18,0,0.43944546580314636,0.25772085785865784,-0.016557766124606133
49,hand,19,0,0.440118670463562,0.2426072359085083,-0.017955072224140167
49,hand,20,0,0.4399881064891815,0.22971269488334656,-0.018785763531923294
49,hand,0,1,0.4990382194519043,0.38683831691741943,-5.2525184202067976e-08
49,hand,1,1,0.4974340498447418,0.35933631658554077,0.0013478031614795327
49,hand,2,1,0.4916105270385742,0.32861822843551636,-0.00031762439175508916
49,hand,3,1,0.48824387788772583,0.3049873113632202,-0.0025235870853066444
49,hand,4,1,0.4885636270046234,0.2871079742908478,-0.005266469903290272
49,hand,5,1,0.48211735486984253,0.32725033164024353,-0.005477449391037226
49,hand,6,1,0.4649425446987152,0.3165845572948456,-0.009499459527432919
49,hand,7,1,0.46346476674079895,0.3212766647338867,-0.011839029379189014
49,hand,8,1,0.4666860103607178,0.3255331218242645,-0.012809112668037415
49,hand,9,1,0.47790205478668213,0.3411179482936859,-0.008110256865620613
49,hand,10,1,0.46077314019203186,0.3257824778556824,-0.011076816357672215
49,hand,11,1,0.459095299243927,0.3276461660861969,-0.011949360370635986
49,hand,12,1,0.46138831973075867,0.33086565136909485,-0.012444564141333103
49,hand,13,1,0.47412678599357605,0.3564267158508301,-0.010338561609387398
49,hand,14,1,0.45802104473114014,0.3382437229156494,-0.012377588078379631
49,hand,15,1,0.45559364557266235,0.3374352753162384,-0.01105507556349039
49,hand,16,1,0.45687222480773926,0.3390128016471863,-0.010009204968810081
49,hand,17,1,0.4704481065273285,0.3724530339241028,-0.012312010861933231
49,hand,18,1,0.4574856162071228,0.35418012738227844,-0.013373575173318386
49,hand,19,1,0.4544922113418579,0.3483770489692688,-0.011570277623832226
49,hand,20,1,0.4537414610385895,0.34587496519088745,-0.009984050877392292
49,pose,0,-1,0.4809296727180481,0.17183540761470795,-0.13133589923381805
49,pose,1,-1,0.4905533194541931,0.14541074633598328,-0.10981891304254532
49,pose,2,-1,0.4949299991130829,0.14542140066623688,-0.109855055809021
49,pose,3,-1,0.49856826663017273,0.14571033418178558,-0.10981748253107071
49,pose,4,-1,0.4715299606323242,0.1459733247756958,-0.10611514747142792
49,pose,5,-1,0.46515458822250366,0.14624923467636108,-0.10618142038583755
49,pose,6,-1,0.4591904282569885,0.1467946320772171,-0.10613428056240082
49,pose,7,-1,0.5055949091911316,0.1573951542377472,0.021232187747955322
49,pose,8,-1,0.4520868957042694,0.1608128547668457,0.03868494927883148
49,pose,9,-1,0.4913521111011505,0.20116794109344482,-0.08282630145549774
49,pose,10,-1,0.46971333026885986,0.2026934176683426,-0.07805731892585754
49,pose,11,-1,0.5481234192848206,0.30259108543395996,0.07173749804496765
49,pose,12,-1,0.4169325828552246,0.3224336802959442,0.10164808481931686
49,pose,13,-1,0.5706793069839478,0.5087711215019226,-0.039693400263786316
49,pose,14,-1,0.4101821780204773,0.5215280652046204,-0.03140942379832268
49,pose,15,-1,0.49716147780418396,0.39681532979011536,-0.17937643826007843
49,pose,16,-1,0.4364107549190521,0.3260173499584198,-0.2304927259683609
49,pose,17,-1,0.47821465134620667,0.3562639653682709,-0.21259565651416779
49,pose,18,-1,0.4360426068305969,0.2695029377937317,-0.26654303073883057
49,pose,19,-1,0.48070228099823,0.3362707495689392,-0.1851370632648468
49,pose,20,-1,0.43320581316947937,0.2475183606147766,-0.2458658665418625
49,pose,21,-1,0.4821157157421112,0.3438173830509186,-0.16890458762645721
49,pose,22,-1,0.43565577268600464,0.2668721377849579,-0.22608301043510437
49,pose,23,-1,0.52970290184021,0.6798669099807739,0.014720327220857143
49,pose,24,-1,0.4506063461303711,0.6865733861923218,-0.013597285374999046
49,pose,25,-1,0.5362864136695862,0.9738993048667908,-0.029959866777062416
49,pose,26,-1,0.46026715636253357,0.9932296276092529,-0.038395460695028305
49,pose,27,-1,0.5477583408355713,1.2406178712844849,0.18378669023513794
49,pose,28,-1,0.4724501371383667,1.2394742965698242,0.2070140242576599
49,pose,29,-1,0.5522806644439697,1.2778581380844116,0.20141275227069855
49,pose,30,-1,0.4708423614501953,1.267537236213684,0.2264317125082016
49,pose,31,-1,0.5404396057128906,1.3185720443725586,0.08137860894203186
49,pose,32,-1,0.48239004611968994,1.321014642715454,0.10242296755313873
50,hand,0,0,0.43338319659233093,0.34724873304367065,4.192957092641336e-08
50,hand,1,0,0.43426913022994995,0.3226471245288849,0.0022886632941663265
50,hand,2,0,0.43593260645866394,0.2976243197917938,0.002303909510374069
50,hand,3,0,0.43874484300613403,0.2812623977661133,0.0012988385278731585
50,hand,4,0,0.44096922874450684,0.269441694021225,0.00011234818521188572
50,hand,5,0,0.43437543511390686,0.2865522503852844,0.0008476967923343182
50,hand,6,0,0.43605268001556396,0.2574456036090851,-0.0021656202152371407
50,hand,7,0,0.43623054027557373,0.2385815680027008,-0.004696316551417112
50,hand,8,0,0.43591734766960144,0.22332069277763367,-0.006481572054326534
50,hand,9,0,0.4345134198665619,0.28779685497283936,-0.0026770830154418945
50,hand,10,0,0.43569180369377136,0.25797757506370544,-0.005757834762334824
50,hand,11,0,0.4356640875339508,0.23788999021053314,-0.008410732261836529
50,hand,12,0,0.43488064408302307,0.2198086529970169,-0.010259308852255344
50,hand,13,0,0.43500539660453796,0.29081615805625916,-0.006135956384241581
50,hand,14,0,0.43618860840797424,0.2620578110218048,-0.008568448014557362
50,hand,15,0,0.43647828698158264,0.24387401342391968,-0.009407307021319866
50,hand,16,0,0.4361562132835388,0.22868555784225464,-0.009942238219082355
50,hand,17,0,0.4359106719493866,0.29503849148750305,-0.009529078379273415
50,hand,18,0,0.43712812662124634,0.2736392915248871,-0.010861262679100037
50,hand,19,0,0.4377533197402954,0.2589154541492462,-0.010502591729164124
50,hand,20,0,0.43803685903549194,0.24683654308319092,-0.010221806354820728
50,hand,0,1,0.5007485747337341,0.4061643183231354,-1.9236136239442203e-08
50,hand,1,1,0.5008406639099121,0.3803032636642456,-0.0008722880156710744
50,hand,2,1,0.4941902160644531,0.3527635633945465,-0.0023878617212176323
50,hand,3,1,0.4883883595466614,0.33116695284843445,-0.004125072155147791
50,hand,4,1,0.48670056462287903,0.3136436343193054,-0.0059278011322021484
50,hand,5,1,0.4828459322452545,0.3540188670158386,-0.0027625758666545153
50,hand,6,1,0.46730807423591614,0.33940720558166504,-0.005887450650334358
50,hand,7,1,0.46581485867500305,0.33963194489479065,-0.008008239790797234
50,hand,8,1,0.4679091274738312,0.3424209952354431,-0.008962277323007584
50,hand,9,1,0.4779655933380127,0.36764833331108093,-0.003660646267235279
50,hand,10,1,0.463986873626709,0.3521035313606262,-0.005918766371905804
50,hand,11,1,0.46423274278640747,0.35396426916122437,-0.007381378207355738
50,hand,12,1,0.46715760231018066,0.35831865668296814,-0.008310498669743538
50,hand,13,1,0.4740293323993683,0.3812597692012787,-0.004550993908196688
50,hand,14,1,0.4620089828968048,0.3647185266017914,-0.0057501839473843575
50,hand,15,1,0.4623401165008545,0.3657516539096832,-0.004915729630738497
50,hand,16,1,0.4650301933288574,0.36926183104515076,-0.004397501703351736
50,hand,17,1,0.4709506034851074,0.3942333459854126,-0.005461023189127445
50,hand,18,1,0.46071434020996094,0.3791607618331909,-0.0055333408527076244
50,hand,19,1,0.46055999398231506,0.3774788975715637,-0.0036206026561558247
50,hand,20,1,0.4623076617717743,0.3788708746433258,-0.0020979451946914196
50,pose,0,-1,0.48060378432273865,0.17192710936069489,-0.1795712411403656
50,pose,1,-1,0.4902741312980652,0.14532819390296936,-0.1579531729221344
50,pose,2,-1,0.494762122631073,0.14529161155223846,-0.15803584456443787
50,pose,3,-1,0.4982374906539917,0.14548440277576447,-0.15805475413799286
50,pose,4,-1,0.47141778469085693,0.1459619700908661,-0.15520325303077698
50,pose,5,-1,0.4651172459125519,0.14624203741550446,-0.15526270866394043
50,pose,6,-1,0.4591764807701111,0.1467793881893158,-0.1552206575870514
50,pose,7,-1,0.5052120685577393,0.1573006510734558,-0.01845378614962101
50,pose,8,-1,0.45203810930252075,0.16068153083324432,-0.0047893524169921875
50,pose,9,-1,0.490905225276947,0.20120398700237274,-0.12696152925491333
50,pose,10,-1,0.4691959619522095,0.20276659727096558,-0.12326636910438538
50,pose,11,-1,0.5481252670288086,0.30411121249198914,0.052290406078100204
50,pose,12,-1,0.4160677194595337,0.32244256138801575,0.07930888235569
50,pose,13,-1,0.5763353109359741,0.513271689414978,-0.03594832494854927
50,pose,14,-1,0.40444356203079224,0.5298306345939636,-0.04276525601744652
50,pose,15,-1,0.5056549310684204,0.42038437724113464,-0.18119993805885315
50,pose,16,-1,0.4367087483406067,0.35949525237083435,-0.27624931931495667
50,pose,17,-1,0.48684173822402954,0.38242366909980774,-0.21538189053535461
50,pose,18,-1,0.43954896926879883,0.30880486965179443,-0.3169713020324707
50,pose,19,-1,0.487882137298584,0.3600984811782837,-0.19251687824726105
50,pose,20,-1,0.4368995428085327,0.287016898393631,-0.29851019382476807
50,pose,21,-1,0.4898821711540222,0.3685223162174225,-0.17195987701416016
50,pose,22,-1,0.43819278478622437,0.3026915490627289,-0.27269384264945984
50,pose,23,-1,0.5295911431312561,0.6797701120376587,0.012798387557268143
50,pose,24,-1,0.4504593312740326,0.6865148544311523,-0.01174338348209858
50,pose,25,-1,0.5362942814826965,0.9732030630111694,-0.030014952644705772
50,pose,26,-1,0.4603016674518585,0.9927834868431091,-0.0279054157435894
50,pose,27,-1,0.5479238033294678,1.2325434684753418,0.21418452262878418
50,pose,28,-1,0.4724698066711426,1.2377585172653198,0.2417789250612259
50,pose,29,-1,0.5522956848144531,1.268354892730713,0.2341192364692688
50,pose,30,-1,0.4711804986000061,1.2659122943878174,0.26377302408218384
50,pose,31,-1,0.5412454009056091,1.3113611936569214,0.10303426533937454
50,pose,32,-1,0.4823558032512665,1.3195534944534302,0.12519866228103638
51,pose,0,-1,0.4800246059894562,0.17000184953212738,-0.19536305963993073
51,pose,1,-1,0.4896184802055359,0.14309914410114288,-0.1725636124610901
51,pose,2,-1,0.49440357089042664,0.14301840960979462,-0.17268306016921997
51,pose,3,-1,0.4978417754173279,0.14306452870368958,-0.1727113276720047
51,pose,4,-1,0.47107699513435364,0.14423322677612305,-0.1694352924823761
51,pose,5,-1,0.4649151861667633,0.14475181698799133,-0.16950398683547974
51,pose,6,-1,0.4590725302696228,0.1453029066324234,-0.1694760024547577
51,pose,7,-1,0.5047503113746643,0.15559794008731842,-0.031150152906775475
51,pose,8,-1,0.45203447341918945,0.15913288295269012,-0.01694871112704277
51,pose,9,-1,0.49063652753829956,0.19930994510650635,-0.14225667715072632
51,pose,10,-1,0.46893179416656494,0.20106810331344604,-0.1383933424949646
51,pose,11,-1,0.5490967631340027,0.3048946261405945,0.04318896308541298
51,pose,12,-1,0.4159972369670868,0.3224300146102905,0.08232786506414413
51,pose,13,-1,0.5815544724464417,0.5169057250022888,-0.03320370987057686
51,pose,14,-1,0.39882317185401917,0.5350576043128967,-0.030225183814764023
51,pose,15,-1,0.508543848991394,0.44239887595176697,-0.2010848969221115
51,pose,16,-1,0.4359694719314575,0.4071526527404785,-0.2875080108642578
51,pose,17,-1,0.48904693126678467,0.41084229946136475,-0.24216888844966888
51,pose,18,-1,0.44037824869155884,0.36846235394477844,-0.3325353264808655
51,pose,19,-1,0.4894513785839081,0.3895808756351471,-0.22256942093372345
51,pose,20,-1,0.4388125538825989,0.3441229462623596,-0.31820639967918396
51,pose,21,-1,0.4923591911792755,0.3960404694080353,-0.19325608015060425
51,pose,22,-1,0.4393729567527771,0.3550596833229065,-0.2854420840740204
51,pose,23,-1,0.5295701622962952,0.6795557141304016,0.003162889741361141
51,pose,24,-1,0.45045626163482666,0.6863375902175903,-0.0022927781101316214
51,pose,25,-1,0.536210298538208,0.9724627733230591,-0.043808937072753906
51,pose,26,-1,0.460371196269989,0.9905608296394348,-0.015082145109772682
51,pose,27,-1,0.5478920340538025,1.226881742477417,0.2213236689567566
51,pose,28,-1,0.4726894795894623,1.2340718507766724,0.25406286120414734
51,pose,29,-1,0.5520976781845093,1.2604680061340332,0.24230033159255981
51,pose,30,-1,0.47241708636283875,1.2617772817611694,0.27550676465034485
51,pose,31,-1,0.541437029838562,1.3056985139846802,0.1071280688047409
51,pose,32,-1,0.4822385013103485,1.316902756690979,0.12967057526111603
52,pose,0,-1,0.47956305742263794,0.1677890121936798,-0.2771550714969635
52,pose,1,-1,0.4892140328884125,0.14103963971138,-0.25414153933525085
52,pose,2,-1,0.49419069290161133,0.14113304018974304,-0.25431811809539795
52,pose,3,-1,0.4975947439670563,0.14133769273757935,-0.2544112205505371
52,pose,4,-1,0.47077450156211853,0.14200031757354736,-0.25368425250053406
52,pose,5,-1,0.4647599458694458,0.1426706612110138,-0.25377747416496277
52,pose,6,-1,0.4590214490890503,0.14322902262210846,-0.25380566716194153
52,pose,7,-1,0.5045130848884583,0.15431709587574005,-0.10108780860900879
52,pose,8,-1,0.4521094262599945,0.15740661323070526,-0.0988169014453888
52,pose,9,-1,0.49046042561531067,0.19726385176181793,-0.2185947149991989
52,pose,10,-1,0.46867913007736206,0.19896149635314941,-0.21815045177936554
52,pose,11,-1,0.5505415797233582,0.3059212863445282,-0.0032135029323399067
52,pose,12,-1,0.4159112572669983,0.3225928843021393,0.02277218922972679
52,pose,13,-1,0.583000123500824,0.5194478631019592,-0.05235294997692108
52,pose,14,-1,0.396138459444046,0.5367211103439331,-0.0628867894411087
52,pose,15,-1,0.5144717693328857,0.48230060935020447,-0.2852184474468231
52,pose,16,-1,0.4330635964870453,0.4651429355144501,-0.3639892041683197
52,pose,17,-1,0.4957452416419983,0.4705438017845154,-0.3400278687477112
52,pose,18,-1,0.4402448534965515,0.4388754963874817,-0.4189707636833191
52,pose,19,-1,0.49228447675704956,0.43961554765701294,-0.333217591047287
52,pose,20,-1,0.43925079703330994,0.41312485933303833,-0.4168507754802704
52,pose,21,-1,0.49568092823028564,0.4407638907432556,-0.2840504050254822
52,pose,22,-1,0.43935415148735046,0.41993144154548645,-0.3670773208141327
52,pose,23,-1,0.5294223427772522,0.6798278093338013,0.0019250939367339015
52,pose,24,-1,0.45036500692367554,0.6864873766899109,-0.0012376515660434961
52,pose,25,-1,0.5361594557762146,0.9703933000564575,-0.0706011950969696
52,pose,26,-1,0.4603765904903412,0.9888232350349426,-0.016286224126815796
52,pose,27,-1,0.5478891134262085,1.225245714187622,0.21240998804569244
52,pose,28,-1,0.4695950150489807,1.2264010906219482,0.2659507393836975
52,pose,29,-1,0.5511797666549683,1.2575478553771973,0.23219124972820282
52,pose,30,-1,0.47071027755737305,1.2529065608978271,0.28870242834091187
52,pose,31,-1,0.544668436050415,1.3042113780975342,0.08570653945207596
52,pose,32,-1,0.4783266484737396,1.3100144863128662,0.1345132738351822
53,pose,0,-1,0.4793456792831421,0.1658904254436493,-0.352205365896225
53,pose,1,-1,0.48883315920829773,0.1393779069185257,-0.3291322588920593
53,pose,2,-1,0.4939574599266052,0.13964581489562988,-0.3292969763278961
53,pose,3,-1,0.49734607338905334,0.14001250267028809,-0.3294096291065216
53,pose,4,-1,0.4706265330314636,0.14001315832138062,-0.33168888092041016
53,pose,5,-1,0.46468743681907654,0.1407795548439026,-0.33179137110710144
53,pose,6,-1,0.45900216698646545,0.14150051772594452,-0.33189937472343445
53,pose,7,-1,0.5040886402130127,0.15346159040927887,-0.1698811799287796
53,pose,8,-1,0.4521641135215759,0.15624772012233734,-0.1805114448070526
53,pose,9,-1,0.49041131138801575,0.19572608172893524,-0.2906963527202606
53,pose,10,-1,0.46867528557777405,0.1971893012523651,-0.2939000129699707
53,pose,11,-1,0.5509529113769531,0.3066994845867157,-0.05803793668746948
53,pose,12,-1,0.41523998975753784,0.32302555441856384,-0.06527767330408096
53,pose,13,-1,0.584223747253418,0.5180200934410095,-0.0964527279138565
53,pose,14,-1,0.3935670256614685,0.5364824533462524,-0.12927481532096863
53,pose,15,-1,0.5256953835487366,0.5241652727127075,-0.3639863133430481
53,pose,16,-1,0.42369651794433594,0.5121594071388245,-0.42034631967544556
53,pose,17,-1,0.5090497136116028,0.5390198230743408,-0.4272648096084595
53,pose,18,-1,0.435936838388443,0.5037389397621155,-0.4779123365879059
53,pose,19,-1,0.5031188130378723,0.5191006660461426,-0.4310045838356018
53,pose,20,-1,0.43614596128463745,0.4783446192741394,-0.48882997035980225
53,pose,21,-1,0.505620539188385,0.51237952709198,-0.36852729320526123
53,pose,22,-1,0.435745507478714,0.477840393781662,-0.42805469036102295
53,pose,23,-1,0.5291778445243835,0.681246817111969,0.00227001728489995
53,pose,24,-1,0.4504757523536682,0.6910282969474792,-0.0015326180728152394
53,pose,25,-1,0.5361582040786743,0.9684397578239441,-0.061257682740688324
53,pose,26,-1,0.4606465995311737,0.9885805249214172,-0.024929238483309746
53,pose,27,-1,0.5492156147956848,1.2214540243148804,0.23443132638931274
53,pose,28,-1,0.4697474539279938,1.2217779159545898,0.25425824522972107
53,pose,29,-1,0.5511783957481384,1.2521004676818848,0.2558203339576721
53,pose,30,-1,0.47178664803504944,1.2474802732467651,0.2767667770385742
53,pose,31,-1,0.5507523417472839,1.3012757301330566,0.10275773704051971
53,pose,32,-1,0.47848814725875854,1.3041013479232788,0.13318336009979248
54,pose,0,-1,0.4791628420352936,0.1648515909910202,-0.30940306186676025
54,pose,1,-1,0.4885607063770294,0.1385561227798462,-0.2853260636329651
54,pose,2,-1,0.49377986788749695,0.1389233022928238,-0.28547924757003784
54,pose,3,-1,0.49718886613845825,0.13934855163097382,-0.28558212518692017
54,pose,4,-1,0.4704843759536743,0.13904279470443726,-0.28642135858535767
54,pose,5,-1,0.464567631483078,0.13986437022686005,-0.2864779531955719
54,pose,6,-1,0.458925724029541,0.1406766176223755,-0.28660088777542114
54,pose,7,-1,0.5038979053497314,0.15314161777496338,-0.13629332184791565
54,pose,8,-1,0.4521631896495819,0.15544992685317993,-0.1409442126750946
54,pose,9,-1,0.4903818666934967,0.19499647617340088,-0.2531476616859436
54,pose,10,-1,0.4685969054698944,0.19644568860530853,-0.25449928641319275
54,pose,11,-1,0.5516409277915955,0.3079098165035248,-0.04686926305294037
54,pose,12,-1,0.41430798172950745,0.3233102262020111,-0.054603125900030136
54,pose,13,-1,0.5825725197792053,0.5115734338760376,-0.0646083727478981
54,pose,14,-1,0.3933013081550598,0.5338228940963745,-0.11363977938890457
54,pose,15,-1,0.5421778559684753,0.5700757503509521,-0.29024621844291687
54,pose,16,-1,0.4225772023200989,0.5468596816062927,-0.37314319610595703
54,pose,17,-1,0.5315071940422058,0.6110440492630005,-0.3331249952316284
54,pose,18,-1,0.4351622462272644,0.5667410492897034,-0.429404079914093
54,pose,19,-1,0.5217390060424805,0.5932536125183105,-0.3377562165260315
54,pose,20,-1,0.43680325150489807,0.5453041791915894,-0.44515758752822876
54,pose,21,-1,0.5222930312156677,0.5776230096817017,-0.28126734495162964
54,pose,22,-1,0.4362287223339081,0.5379367470741272,-0.38262906670570374
54,pose,23,-1,0.5293114185333252,0.6831821799278259,0.0026686890050768852
54,pose,24,-1,0.45069044828414917,0.6917606592178345,-0.0016059024492278695
54,pose,25,-1,0.536090075969696,0.9684690237045288,-0.07772504538297653
54,pose,26,-1,0.4605729281902313,0.9879551529884338,-0.03994368016719818
54,pose,27,-1,0.5491421222686768,1.2153531312942505,0.22338734567165375
54,pose,28,-1,0.4683743417263031,1.2169941663742065,0.23029717803001404
54,pose,29,-1,0.5486433506011963,1.2442916631698608,0.24344412982463837
54,pose,30,-1,0.47070401906967163,1.2431488037109375,0.2512056827545166
54,pose,31,-1,0.5517627000808716,1.297224760055542,0.09353668242692947
54,pose,32,-1,0.4764921963214874,1.2989052534103394,0.0862102136015892
55,pose,0,-1,0.478915274143219,0.16427060961723328,-0.3766182065010071
55,pose,1,-1,0.48818153142929077,0.13772843778133392,-0.3543568551540375
55,pose,2,-1,0.4935493469238281,0.13799165189266205,-0.3544869124889374
55,pose,3,-1,0.49695026874542236,0.13838566839694977,-0.35460856556892395
55,pose,4,-1,0.47024786472320557,0.1385681927204132,-0.3551763892173767
55,pose,5,-1,0.4643862545490265,0.13949264585971832,-0.355231374502182
55,pose,6,-1,0.4588015377521515,0.14036795496940613,-0.3553372025489807
55,pose,7,-1,0.50367671251297,0.1525374799966812,-0.20515942573547363
55,pose,8,-1,0.45214635133743286,0.1550411581993103,-0.20966395735740662
55,pose,9,-1,0.4903397262096405,0.19438578188419342,-0.3197765648365021
55,pose,10,-1,0.4685240387916565,0.19599170982837677,-0.32096347212791443
55,pose,11,-1,0.5519255995750427,0.3095979392528534,-0.10017614811658859
55,pose,12,-1,0.41363057494163513,0.3231346905231476,-0.1180529072880745
55,pose,13,-1,0.5814998149871826,0.5086917877197266,-0.05582393333315849
55,pose,14,-1,0.39392057061195374,0.5244762301445007,-0.13033197820186615
55,pose,15,-1,0.5494166612625122,0.6203498244285583,-0.2127460092306137
55,pose,16,-1,0.42163559794425964,0.6060221195220947,-0.34904745221138
55,pose,17,-1,0.5427793860435486,0.6801139712333679,-0.2659284770488739
55,pose,18,-1,0.43517693877220154,0.6579039692878723,-0.4015786945819855
55,pose,19,-1,0.5317991971969604,0.6659706234931946,-0.3054857552051544
55,pose,20,-1,0.4403916299343109,0.6425163149833679,-0.42855894565582275
55,pose,21,-1,0.5305843949317932,0.6449708342552185,-0.22965769469738007
55,pose,22,-1,0.43818941712379456,0.6253095269203186,-0.3624573349952698
55,pose,23,-1,0.5292425751686096,0.6816748380661011,0.003262169426307082
55,pose,24,-1,0.4506969451904297,0.6912906169891357,-0.002590698190033436
55,pose,25,-1,0.5358188152313232,0.9623439311981201,-0.07729768007993698
55,pose,26,-1,0.46007004380226135,0.9761083722114563,-0.05079261586070061
55,pose,27,-1,0.5442036390304565,1.1907917261123657,0.25136274099349976
55,pose,28,-1,0.4683355391025543,1.2016866207122803,0.21210840344429016
55,pose,29,-1,0.54066002368927,1.2163878679275513,0.2742465138435364
55,pose,30,-1,0.4706403315067291,1.225906252861023,0.2326757311820984
55,pose,31,-1,0.5509932637214661,1.2778923511505127,0.1335964798927307
55,pose,32,-1,0.47629719972610474,1.286206841468811,0.06979796290397644
56,hand,0,0,0.5520224571228027,0.661829948425293,6.209922531752454e-08
56,hand,1,0,0.5407779812812805,0.6728192567825317,-0.004256805405020714
56,hand,2,0,0.5332455635070801,0.6942270994186401,-0.005771285854279995
56,hand,3,0,0.5292037129402161,0.7127013802528381,-0.007041563279926777
56,hand,4,0,0.528132975101471,0.7288303971290588,-0.008192280307412148
56,hand,5,0,0.5393180251121521,0.7203843593597412,-0.0027180102188140154
56,hand,6,0,0.5374297499656677,0.7462149262428284,-0.006585894152522087
56,hand,7,0,0.5358883142471313,0.7630705833435059,-0.009956587105989456
56,hand,8,0,0.53450608253479,0.7764520645141602,-0.012134513817727566
56,hand,9,0,0.5452142953872681,0.7231515645980835,-0.002889525145292282
56,hand,10,0,0.5437034964561462,0.7506572604179382,-0.006025178357958794
56,hand,11,0,0.5426645874977112,0.7686203718185425,-0.009042346850037575
56,hand,12,0,0.5416760444641113,0.7839795351028442,-0.011051420122385025
56,hand,13,0,0.5512948632240295,0.7223870158195496,-0.0036864480935037136
56,hand,14,0,0.5501728653907776,0.7483678460121155,-0.006637754384428263
56,hand,15,0,0.5497478246688843,0.7654545307159424,-0.008360967971384525
56,hand,16,0,0.5494314432144165,0.7803193926811218,-0.009332820773124695
56,hand,17,0,0.5576861500740051,0.7188105583190918,-0.004950381349772215
56,hand,18,0,0.5580188035964966,0.7395169734954834,-0.007535459939390421
56,hand,19,0,0.5580412745475769,0.7523770928382874,-0.00810091570019722
56,hand,20,0,0.5580518841743469,0.7628907561302185,-0.008106965571641922
56,pose,0,-1,0.47844740748405457,0.16348932683467865,-0.4257383942604065
56,pose,1,-1,0.4875927269458771,0.1367293894290924,-0.4024190604686737
56,pose,2,-1,0.4931820333003998,0.13699571788311005,-0.4025208353996277
56,pose,3,-1,0.4966197907924652,0.13748379051685333,-0.4026077389717102
56,pose,4,-1,0.4697589576244354,0.13786843419075012,-0.4060717523097992
56,pose,5,-1,0.4639360308647156,0.13895732164382935,-0.4061495065689087
56,pose,6,-1,0.45837756991386414,0.1399482637643814,-0.4062667191028595
56,pose,7,-1,0.5033283829689026,0.15208680927753448,-0.24700282514095306
56,pose,8,-1,0.4520168602466583,0.15473313629627228,-0.2639107406139374
56,pose,9,-1,0.49018484354019165,0.1935429573059082,-0.3662455976009369
56,pose,10,-1,0.46821972727775574,0.1953635811805725,-0.3709569275379181
56,pose,11,-1,0.55191570520401,0.3121447265148163,-0.12425152212381363
56,pose,12,-1,0.41342979669570923,0.32319313287734985,-0.18138960003852844
56,pose,13,-1,0.5813289880752563,0.5093148946762085,-0.05616920068860054
56,pose,14,-1,0.3945755660533905,0.5246095657348633,-0.1573019176721573
56,pose,15,-1,0.5529003739356995,0.6716787219047546,-0.2144194096326828
56,pose,16,-1,0.42263323068618774,0.6665940880775452,-0.33919715881347656
56,pose,17,-1,0.5531813502311707,0.7332516312599182,-0.2679765820503235
56,pose,18,-1,0.4346338212490082,0.7233651280403137,-0.3848067820072174
56,pose,19,-1,0.5416581034660339,0.7286152839660645,-0.31168946623802185
56,pose,20,-1,0.4427986145019531,0.718535304069519,-0.4044572710990906
56,pose,21,-1,0.5370842814445496,0.7122352719306946,-0.23156151175498962
56,pose,22,-1,0.4425925612449646,0.7012157440185547,-0.34119313955307007
56,pose,23,-1,0.5291939377784729,0.6815938353538513,0.010747913271188736
56,pose,24,-1,0.451101154088974,0.6912108063697815,-0.010402458719909191
56,pose,25,-1,0.5358189344406128,0.9610690474510193,-0.0675802230834961
56,pose,26,-1,0.46011295914649963,0.975257933139801,-0.05327901989221573
56,pose,27,-1,0.5441005825996399,1.1925508975982666,0.26982396841049194
56,pose,28,-1,0.46915534138679504,1.2041658163070679,0.2094452828168869
56,pose,29,-1,0.5407174229621887,1.217909812927246,0.29464608430862427
56,pose,30,-1,0.4711988866329193,1.2293193340301514,0.229402557015419
56,pose,31,-1,0.5506525635719299,1.2811185121536255,0.14795683324337006
56,pose,32,-1,0.47963106632232666,1.2897286415100098,0.05514756962656975
57,hand,0,0,0.4192664921283722,0.6977756023406982,5.406648284633775e-08
57,hand,1,0,0.4327950179576874,0.7022585868835449,-0.0031325758900493383
57,hand,2,0,0.4442980885505676,0.7210415601730347,-0.005587672349065542
57,hand,3,0,0.45112329721450806,0.7386640906333923,-0.007680992130190134
57,hand,4,0,0.45499280095100403,0.7533557415008545,-0.009644432924687862
57,hand,5,0,0.4392213225364685,0.7448558807373047,-0.006837617140263319
57,hand,6,0,0.4445343613624573,0.7751770615577698,-0.010908260941505432
57,hand,7,0,0.4465493857860565,0.7919574975967407,-0.013375320471823215
57,hand,8,0,0.44766080379486084,0.8051303625106812,-0.014731081202626228
57,hand,9,0,0.43203219771385193,0.7509483695030212,-0.007672883104532957
57,hand,10,0,0.43754082918167114,0.7835270166397095,-0.010779189877212048
57,hand,11,0,0.4395286738872528,0.8038684129714966,-0.01238414365798235
57,hand,12,0,0.4399621784687042,0.8202335238456726,-0.013456471264362335
57,hand,13,0,0.4246276617050171,0.7531002163887024,-0.00870753824710846
57,hand,14,0,0.4293621778488159,0.7836354374885559,-0.011641980148851871
57,hand,15,0,0.4306122362613678,0.802041232585907,-0.012747559696435928
57,hand,16,0,0.4307030141353607,0.8167887926101685,-0.013347559608519077
57,hand,17,0,0.41771399974823,0.75214022397995,-0.009926117956638336
57,hand,18,0,0.4204789400100708,0.7752721309661865,-0.012157469987869263
57,hand,19,0,0.42183393239974976,0.7894211411476135,-0.012372850440442562
57,hand,20,0,0.42258477210998535,0.8009253144264221,-0.012301389127969742
57,hand,0,1,0.560499906539917,0.6802822351455688,1.191816139112234e-07
57,hand,1,1,0.5463719964027405,0.6957803964614868,-0.004342024214565754
57,hand,2,1,0.5383726358413696,0.7223395705223083,-0.005669493693858385
57,hand,3,1,0.5342006087303162,0.7443775534629822,-0.006392857059836388
57,hand,4,1,0.5311952829360962,0.7617470026016235,-0.006960701663047075
57,hand,5,1,0.5468261241912842,0.7401672601699829,-0.003928377293050289
57,hand,6,1,0.5449246168136597,0.7676816582679749,-0.007571534253656864
57,hand,7,1,0.5437570214271545,0.7871462106704712,-0.010554100386798382
57,hand,8,1,0.5430542230606079,0.8035511374473572,-0.012472567148506641
57,hand,9,1,0.5536767244338989,0.7427840232849121,-0.0033760147634893656
57,hand,10,1,0.5516179800033569,0.7707321643829346,-0.00664802361279726
57,hand,11,1,0.5501018166542053,0.7914050817489624,-0.009417621418833733
57,hand,12,1,0.5485343933105469,0.8093953132629395,-0.011156433261930943
57,hand,13,1,0.5595709681510925,0.742550253868103,-0.003193321404978633
57,hand,14,1,0.5574629306793213,0.7690425515174866,-0.00622658571228385
57,hand,15,1,0.5560017824172974,0.7880147695541382,-0.007961919531226158
57,hand,16,1,0.5548262000083923,0.8043422698974609,-0.008744493126869202
57,hand,17,1,0.5644965171813965,0.740068793296814,-0.0033808753360062838
57,hand,18,1,0.5629313588142395,0.7621458172798157,-0.006094188895076513
57,hand,19,1,0.561659038066864,0.7771089673042297,-0.006844407878816128
57,hand,20,1,0.5603281259536743,0.7898781895637512,-0.006768929772078991
57,pose,0,-1,0.4780360460281372,0.16341532766819,-0.4778088331222534
57,pose,1,-1,0.4872758686542511,0.13660864531993866,-0.45417115092277527
57,pose,2,-1,0.49296024441719055,0.1368914395570755,-0.4542563259601593
57,pose,3,-1,0.49641862511634827,0.13739454746246338,-0.45432043075561523
57,pose,4,-1,0.4693697988986969,0.13781209290027618,-0.45984894037246704
57,pose,5,-1,0.4635678231716156,0.1389312744140625,-0.4599446654319763
57,pose,6,-1,0.45795682072639465,0.1399371176958084,-0.4600587487220764
57,pose,7,-1,0.5031539797782898,0.15207302570343018,-0.2936652600765228
57,pose,8,-1,0.4518267810344696,0.15470926463603973,-0.3193712830543518
57,pose,9,-1,0.4899773895740509,0.1934489905834198,-0.4161232113838196
57,pose,10,-1,0.46776634454727173,0.19532926380634308,-0.42343154549598694
57,pose,11,-1,0.5516546368598938,0.3143223226070404,-0.15942247211933136
57,pose,12,-1,0.41280698776245117,0.3247731029987335,-0.23425351083278656
57,pose,13,-1,0.5785776376724243,0.5131084322929382,-0.07555554062128067
57,pose,14,-1,0.3951052725315094,0.5351516604423523,-0.20573994517326355
57,pose,15,-1,0.5572424530982971,0.6996702551841736,-0.2158142775297165
57,pose,16,-1,0.42304980754852295,0.7120874524116516,-0.34734007716178894
57,pose,17,-1,0.5583406686782837,0.7594668865203857,-0.2694709002971649
57,pose,18,-1,0.4331488609313965,0.7732111215591431,-0.3959130048751831
57,pose,19,-1,0.5456981658935547,0.7582880258560181,-0.317208856344223
57,pose,20,-1,0.44405698776245117,0.7716113924980164,-0.430606484413147
57,pose,21,-1,0.5412386059761047,0.7397443652153015,-0.2393920123577118
57,pose,22,-1,0.445037841796875,0.7497457265853882,-0.3602449595928192
57,pose,23,-1,0.5281030535697937,0.6861522793769836,0.014864232391119003
57,pose,24,-1,0.450927734375,0.6963117718696594,-0.014621777459979057
57,pose,25,-1,0.5358148813247681,0.9650211930274963,-0.06141126528382301
57,pose,26,-1,0.4604615569114685,0.9787519574165344,-0.04673357307910919
57,pose,27,-1,0.5442133545875549,1.1978986263275146,0.2883290648460388
57,pose,28,-1,0.4710753262042999,1.205817699432373,0.24824193120002747
57,pose,29,-1,0.5413350462913513,1.2251441478729248,0.31368401646614075
57,pose,30,-1,0.4735410511493683,1.230072259902954,0.27081409096717834
57,pose,31,-1,0.5508515238761902,1.2823253870010376,0.16286925971508026
57,pose,32,-1,0.48241299390792847,1.2962074279785156,0.08345258235931396
58,hand,0,0,0.412665992975235,0.7104862928390503,9.441673398669082e-08
58,hand,1,0,0.42862144112586975,0.7168281078338623,-0.003514430485665798
58,hand,2,0,0.43928447365760803,0.739249587059021,-0.005563040263950825
58,hand,3,0,0.44603532552719116,0.760453462600708,-0.006767678074538708
58,hand,4,0,0.4528697431087494,0.7714536786079407,-0.008062992244958878
58,hand,5,0,0.4326729476451874,0.755820095539093,-0.009385151788592339
58,hand,6,0,0.4379492402076721,0.7887699007987976,-0.014018322341144085
58,hand,7,0,0.44078415632247925,0.8099050521850586,-0.016507143154740334
58,hand,8,0,0.4424842596054077,0.82655930519104,-0.017716635018587112
58,hand,9,0,0.4234357476234436,0.7629073858261108,-0.009582039900124073
58,hand,10,0,0.42879053950309753,0.7971923351287842,-0.013203131034970284
58,hand,11,0,0.4318576157093048,0.8200482726097107,-0.01514445524662733
58,hand,12,0,0.4339495003223419,0.8381991386413574,-0.016458803787827492
58,hand,13,0,0.41597113013267517,0.7663414478302002,-0.009681995958089828
58,hand,14,0,0.4208873212337494,0.7978156805038452,-0.012954508885741234
58,hand,15,0,0.4239306151866913,0.8184012770652771,-0.014606373384594917
58,hand,16,0,0.42610251903533936,0.8349454402923584,-0.01560069341212511
58,hand,17,0,0.41058269143104553,0.7671268582344055,-0.00985716376453638
58,hand,18,0,0.41475149989128113,0.7911478281021118,-0.012746874243021011
58,hand,19,0,0.41746336221694946,0.8063698410987854,-0.013556974940001965
58,hand,20,0,0.4194919168949127,0.8189836740493774,-0.013818945735692978
58,hand,0,1,0.5651792287826538,0.6981822848320007,1.4400853842744255e-07
58,hand,1,1,0.5507305860519409,0.70984947681427,-0.006449364125728607
58,hand,2,1,0.5420345067977905,0.7365171313285828,-0.0085100457072258
58,hand,3,1,0.537700891494751,0.7611069679260254,-0.009219820611178875
58,hand,4,1,0.5338138341903687,0.7798058986663818,-0.009516105987131596
58,hand,5,1,0.5532994866371155,0.7588799595832825,-0.007078623864799738
58,hand,6,1,0.5502176880836487,0.789937436580658,-0.01028392743319273
58,hand,7,1,0.5473313927650452,0.8086318969726562,-0.012201720848679543
58,hand,8,1,0.5448238253593445,0.8236504793167114,-0.013139731250703335
58,hand,9,1,0.5611105561256409,0.7612520456314087,-0.004857446998357773
58,hand,10,1,0.5580572485923767,0.7926093935966492,-0.008147984743118286
58,hand,11,1,0.5540188550949097,0.8127705454826355,-0.009991227649152279
58,hand,12,1,0.550204336643219,0.8286179304122925,-0.010718649253249168
58,hand,13,1,0.5664118528366089,0.7602878212928772,-0.002959947567433119
58,hand,14,1,0.5632442235946655,0.7895122766494751,-0.005968320183455944
58,hand,15,1,0.5590306520462036,0.8083196878433228,-0.007318791002035141
58,hand,16,1,0.5551913976669312,0.8230490684509277,-0.0075125982984900475
58,hand,17,1,0.5693041682243347,0.7573437094688416,-0.001500439248047769
58,hand,18,1,0.5659692287445068,0.7822235822677612,-0.0038856947794556618
58,hand,19,1,0.5625693202018738,0.7979217767715454,-0.004415066912770271
58,hand,20,1,0.5591356754302979,0.8099591732025146,-0.003999818582087755
58,pose,0,-1,0.4774680733680725,0.16291503608226776,-0.4302981495857239
58,pose,1,-1,0.4867711067199707,0.13613490760326385,-0.4062615931034088
58,pose,2,-1,0.4926068186759949,0.1364385336637497,-0.40636172890663147
58,pose,3,-1,0.4961346685886383,0.13699869811534882,-0.40641990303993225
58,pose,4,-1,0.46895796060562134,0.13748423755168915,-0.4106006324291229
58,pose,5,-1,0.46322569251060486,0.13870279490947723,-0.41067373752593994
58,pose,6,-1,0.45763280987739563,0.1397649198770523,-0.4107804000377655
58,pose,7,-1,0.5029974579811096,0.15191130340099335,-0.25144723057746887
58,pose,8,-1,0.4516991674900055,0.1544661968946457,-0.27224889397621155
58,pose,9,-1,0.48962074518203735,0.1929047405719757,-0.37180015444755554
58,pose,10,-1,0.46731749176979065,0.19488422572612762,-0.37757453322410583
58,pose,11,-1,0.5516452193260193,0.31665512919425964,-0.1313265562057495
58,pose,12,-1,0.4123440682888031,0.32544606924057007,-0.19837291538715363
58,pose,13,-1,0.576690137386322,0.5172252058982849,-0.0614081472158432
58,pose,14,-1,0.3952828347682953,0.5382388830184937,-0.17553378641605377
58,pose,15,-1,0.5617543458938599,0.709025502204895,-0.19152288138866425
58,pose,16,-1,0.42142432928085327,0.7165113687515259,-0.32180288434028625
58,pose,17,-1,0.5626921057701111,0.7660084366798401,-0.2433127462863922
58,pose,18,-1,0.42668047547340393,0.7819535732269287,-0.36980077624320984
58,pose,19,-1,0.5504554510116577,0.7639028429985046,-0.29887399077415466
58,pose,20,-1,0.44284722208976746,0.7786852121353149,-0.4062546491622925
58,pose,21,-1,0.5468705892562866,0.7445740699768066,-0.21285051107406616
58,pose,22,-1,0.44484198093414307,0.7561591267585754,-0.3466099798679352
58,pose,23,-1,0.5271996855735779,0.690488874912262,0.018690744414925575
58,pose,24,-1,0.4493594765663147,0.6998346447944641,-0.018496623262763023
58,pose,25,-1,0.5351005792617798,0.9643521904945374,-0.02325478568673134
58,pose,26,-1,0.4605359733104706,0.9776462316513062,-0.045182760804891586
58,pose,27,-1,0.5417206883430481,1.1889216899871826,0.3289206326007843
58,pose,28,-1,0.47249430418014526,1.197985291481018,0.2425362765789032
58,pose,29,-1,0.5390217304229736,1.2129021883010864,0.3562779426574707
58,pose,30,-1,0.4750443696975708,1.219621181488037,0.2644801735877991
58,pose,31,-1,0.5486177802085876,1.2774726152420044,0.2187226116657257
58,pose,32,-1,0.4850683808326721,1.2882404327392578,0.08617379516363144
59,hand,0,0,0.4096739590167999,0.7231653928756714,9.831848046815139e-08
59,hand,1,0,0.42612752318382263,0.729267954826355,-0.0026950931642204523
59,hand,2,0,0.4368165135383606,0.7509250044822693,-0.004504297394305468
59,hand,3,0,0.4431880712509155,0.7714320421218872,-0.005548698361963034
59,hand,4,0,0.4498203694820404,0.7824062705039978,-0.006659357808530331
59,hand,5,0,0.4289710521697998,0.7698132395744324,-0.008102953433990479
59,hand,6,0,0.43388673663139343,0.8031594157218933,-0.011572438292205334
59,hand,7,0,0.43659502267837524,0.8227865695953369,-0.013267947360873222
59,hand,8,0,0.4385514259338379,0.8379285335540771,-0.01393113099038601
59,hand,9,0,0.41954126954078674,0.7762906551361084,-0.008388702757656574
59,hand,10,0,0.4245791733264923,0.8116158843040466,-0.010870234109461308
59,hand,11,0,0.42798593640327454,0.8340734243392944,-0.012166211381554604
59,hand,12,0,0.43048012256622314,0.8512704372406006,-0.013059878721833229
59,hand,13,0,0.41204002499580383,0.7786549925804138,-0.008510117419064045
59,hand,14,0,0.41643568873405457,0.8108681440353394,-0.010747430846095085
59,hand,15,0,0.4197103679180145,0.8312740325927734,-0.012161452323198318
59,hand,16,0,0.4221704304218292,0.8469015955924988,-0.013075383380055428
59,hand,17,0,0.40661561489105225,0.7782023549079895,-0.008615589700639248
59,hand,18,0,0.4102674424648285,0.8029963374137878,-0.010525930672883987
59,hand,19,0,0.41309309005737305,0.818471372127533,-0.01090173702687025
59,hand,20,0,0.4155253469944,0.8307099342346191,-0.01092247013002634
59,hand,0,1,0.5665269494056702,0.7125982046127319,1.2334025711879804e-07
59,hand,1,1,0.5524771809577942,0.7237377762794495,-0.006965633947402239
59,hand,2,1,0.5438951253890991,0.7490066885948181,-0.009225244633853436
59,hand,3,1,0.5399316549301147,0.7727552652359009,-0.010088604874908924
59,hand,4,1,0.5351318717002869,0.789828896522522,-0.010368827730417252
59,hand,5,1,0.554783284664154,0.7726874947547913,-0.0065652853809297085
59,hand,6,1,0.5510360598564148,0.8035688400268555,-0.009631275199353695
59,hand,7,1,0.5485306978225708,0.8220066428184509,-0.011561322957277298
59,hand,8,1,0.5466991066932678,0.8367856740951538,-0.012609456665813923
59,hand,9,1,0.5620846748352051,0.7744879722595215,-0.004080978222191334
59,hand,10,1,0.5578309893608093,0.8050895929336548,-0.007524687331169844
59,hand,11,1,0.5542881488800049,0.8244755864143372,-0.009409799240529537
59,hand,12,1,0.5512051582336426,0.8403458595275879,-0.01021631807088852
59,hand,13,1,0.5665830969810486,0.773536205291748,-0.0020585667807608843
59,hand,14,1,0.562628984451294,0.8014317750930786,-0.0050842417404055595
59,hand,15,1,0.5591261982917786,0.8199960589408875,-0.006362875457853079
59,hand,16,1,0.5557842254638672,0.8353398442268372,-0.006644280161708593
59,hand,17,1,0.5688738822937012,0.7711939215660095,-0.0006027446943335235
59,hand,18,1,0.5651330947875977,0.7946721315383911,-0.0026547927409410477
59,hand,19,1,0.5622164011001587,0.808997631072998,-0.0030855583027005196
59,hand,20,1,0.5593935251235962,0.8201382160186768,-0.0028364048339426517
59,pose,0,-1,0.47743144631385803,0.16280677914619446,-0.420542448759079
59,pose,1,-1,0.4866411089897156,0.13606175780296326,-0.39705029129981995
59,pose,2,-1,0.492485374212265,0.13637113571166992,-0.39713770151138306
59,pose,3,-1,0.49604448676109314,0.13694487512111664,-0.39718925952911377
59,pose,4,-1,0.46886369585990906,0.13738346099853516,-0.40171492099761963
59,pose,5,-1,0.46313828229904175,0.13861562311649323,-0.4017774164676666
59,pose,6,-1,0.4575642943382263,0.13971509039402008,-0.40188127756118774
59,pose,7,-1,0.5028634667396545,0.15187981724739075,-0.2443254590034485
59,pose,8,-1,0.45159727334976196,0.1544489860534668,-0.2676505744457245
59,pose,9,-1,0.4896170496940613,0.19285929203033447,-0.36280015110969543
59,pose,10,-1,0.4673025906085968,0.1948254406452179,-0.3691672682762146
59,pose,11,-1,0.5516299605369568,0.31784355640411377,-0.12405183911323547
59,pose,12,-1,0.41199958324432373,0.3254866302013397,-0.20044797658920288
59,pose,13,-1,0.5734574794769287,0.520020604133606,-0.048094507306814194
59,pose,14,-1,0.3955845534801483,0.5403947234153748,-0.18023358285427094
59,pose,15,-1,0.5638300776481628,0.7168235182762146,-0.1765889674425125
59,pose,16,-1,0.4188232421875,0.7225186824798584,-0.3149537146091461
59,pose,17,-1,0.5647794008255005,0.7751883864402771,-0.22616860270500183
59,pose,18,-1,0.4209479093551636,0.7858974933624268,-0.36245185136795044
59,pose,19,-1,0.5539200901985168,0.7717168927192688,-0.27495577931404114
59,pose,20,-1,0.43864527344703674,0.7819901704788208,-0.3976045548915863
59,pose,21,-1,0.5506709814071655,0.7512866258621216,-0.19653505086898804
59,pose,22,-1,0.4425773024559021,0.7593374252319336,-0.3433470129966736
59,pose,23,-1,0.525723934173584,0.6937609910964966,0.024830764159560204
59,pose,24,-1,0.4475671947002411,0.7021533846855164,-0.024643786251544952
59,pose,25,-1,0.5345361828804016,0.9640843272209167,-0.002062833169475198
59,pose,26,-1,0.46054384112358093,0.9771636128425598,-0.04385552927851677
59,pose,27,-1,0.5388875603675842,1.1815743446350098,0.3412286937236786
59,pose,28,-1,0.47254934906959534,1.1920946836471558,0.2379656434059143
59,pose,29,-1,0.5357233285903931,1.2045109272003174,0.3681565523147583
59,pose,30,-1,0.47498461604118347,1.2120698690414429,0.25925213098526
59,pose,31,-1,0.5474236607551575,1.2703109979629517,0.23405902087688446
59,pose,32,-1,0.48562008142471313,1.2854413986206055,0.08237830549478531
60,hand,0,0,0.40856730937957764,0.7290523648262024,9.504024944817502e-08
60,hand,1,0,0.42493659257888794,0.7351913452148438,-0.002863328205421567
60,hand,2,0,0.43548858165740967,0.7557803392410278,-0.005017401184886694
60,hand,3,0,0.442250519990921,0.7761033177375793,-0.0064733074977993965
60,hand,4,0,0.4496501386165619,0.7873522639274597,-0.00782245397567749
60,hand,5,0,0.4284570515155792,0.7780330181121826,-0.007208007853478193
60,hand,6,0,0.43306371569633484,0.8099668025970459,-0.010509890504181385
60,hand,7,0,0.4356241524219513,0.8279101848602295,-0.011965804733335972
60,hand,8,0,0.43709829449653625,0.8409984707832336,-0.012386367656290531
60,hand,9,0,0.4192858040332794,0.783933699131012,-0.007437314372509718
60,hand,10,0,0.42379987239837646,0.8196312189102173,-0.009612176567316055
60,hand,11,0,0.4263280928134918,0.8406729698181152,-0.010518789291381836
60,hand,12,0,0.4277295768260956,0.8560051918029785,-0.01096659991890192
60,hand,13,0,0.41156354546546936,0.7854358553886414,-0.007613340858370066
60,hand,14,0,0.41590920090675354,0.8176507949829102,-0.009447023272514343
60,hand,15,0,0.41834425926208496,0.8369786143302917,-0.010367746464908123
60,hand,16,0,0.4198671281337738,0.8517114520072937,-0.010905943810939789
60,hand,17,0,0.4054873585700989,0.7833527326583862,-0.007839546538889408
60,hand,18,0,0.40869569778442383,0.8063669204711914,-0.009045707993209362
60,hand,19,0,0.4105559289455414,0.8204642534255981,-0.008861969225108624
60,hand,20,0,0.4120657444000244,0.8317568898200989,-0.008449790067970753
60,hand,0,1,0.5669599175453186,0.7222199440002441,1.1590744009026821e-07
60,hand,1,1,0.553071141242981,0.7329843640327454,-0.00715528754517436
60,hand,2,1,0.5455090999603271,0.757010281085968,-0.00936140213161707
60,hand,3,1,0.5423161387443542,0.7806279063224792,-0.010072589851915836
60,hand,4,1,0.5369027853012085,0.7978635430335999,-0.010104349814355373
60,hand,5,1,0.5569523572921753,0.7830435633659363,-0.0054723480716347694
60,hand,6,1,0.552687406539917,0.8138049840927124,-0.007454110309481621
60,hand,7,1,0.5500164031982422,0.8305872678756714,-0.008654807694256306
60,hand,8,1,0.5480333566665649,0.8439197540283203,-0.009320858865976334
60,hand,9,1,0.5637027621269226,0.7840781211853027,-0.002353040035814047
60,hand,10,1,0.5594602823257446,0.813808262348175,-0.004846091847866774
60,hand,11,1,0.5557472705841064,0.8309605717658997,-0.006162838079035282
60,hand,12,1,0.5525462031364441,0.8444380760192871,-0.00668920436874032
60,hand,13,1,0.5674067735671997,0.7827664017677307,0.0002404759725322947
60,hand,14,1,0.5634632110595703,0.8103747963905334,-0.0019283555448055267
60,hand,15,1,0.5598722100257874,0.8270296454429626,-0.0028523514047265053
60,hand,16,1,0.5564619898796082,0.8409081101417542,-0.003054605796933174
60,hand,17,1,0.5687037110328674,0.7804411053657532,0.0022426170762628317
60,hand,18,1,0.565263569355011,0.8037635087966919,0.0007286090985871851
60,hand,19,1,0.5623605847358704,0.8177464008331299,0.00031109448173083365
60,hand,20,1,0.5594179630279541,0.8289323449134827,0.00044860303751192987
60,pose,0,-1,0.4772767722606659,0.16283085942268372,-0.4193262755870819
60,pose,1,-1,0.4864967465400696,0.13614091277122498,-0.39628300070762634
60,pose,2,-1,0.4923764169216156,0.13645918667316437,-0.39637622237205505
60,pose,3,-1,0.49597135186195374,0.13703219592571259,-0.39643654227256775
60,pose,4,-1,0.468680202960968,0.13740083575248718,-0.4004335403442383
60,pose,5,-1,0.46299096941947937,0.13862191140651703,-0.4005037844181061
60,pose,6,-1,0.4574052095413208,0.13971969485282898,-0.4006095230579376
60,pose,7,-1,0.5028066039085388,0.15190422534942627,-0.24413610994815826
60,pose,8,-1,0.4514997601509094,0.15442830324172974,-0.2651442289352417
60,pose,9,-1,0.4895579516887665,0.19295041263103485,-0.3616025149822235
60,pose,10,-1,0.46718829870224,0.1948600560426712,-0.367368221282959
60,pose,11,-1,0.5516095757484436,0.3184765875339508,-0.12477372586727142
60,pose,12,-1,0.41174525022506714,0.3254798948764801,-0.19456547498703003
60,pose,13,-1,0.5714247226715088,0.5248398780822754,-0.04666456952691078
60,pose,14,-1,0.3957623839378357,0.5398731231689453,-0.1723293513059616
60,pose,15,-1,0.5658753514289856,0.7222402691841125,-0.17905844748020172
60,pose,16,-1,0.4164877235889435,0.7232728600502014,-0.30272361636161804
60,pose,17,-1,0.5675776600837708,0.7794187068939209,-0.22830553352832794
60,pose,18,-1,0.41725674271583557,0.786920428276062,-0.3490358293056488
60,pose,19,-1,0.5570510625839233,0.7752550840377808,-0.27253493666648865
60,pose,20,-1,0.4346294403076172,0.7834267616271973,-0.3953547179698944
60,pose,21,-1,0.5536515116691589,0.7544335722923279,-0.1979343742132187
60,pose,22,-1,0.43948760628700256,0.7612952589988708,-0.3256196975708008
60,pose,23,-1,0.524847149848938,0.6965894103050232,0.024950901046395302
60,pose,24,-1,0.4468011260032654,0.7041433453559875,-0.02474881149828434
60,pose,25,-1,0.534447968006134,0.9640978574752808,-0.006381923332810402
60,pose,26,-1,0.46054601669311523,0.9772221446037292,-0.043697524815797806
60,pose,27,-1,0.5387299656867981,1.1839947700500488,0.32928466796875
60,pose,28,-1,0.47284919023513794,1.1947004795074463,0.23752541840076447
60,pose,29,-1,0.5358771681785583,1.2074545621871948,0.35570380091667175
60,pose,30,-1,0.4752991795539856,1.2154093980789185,0.25892847776412964
60,pose,31,-1,0.5471760630607605,1.2728554010391235,0.22178037464618683
60,pose,32,-1,0.4859275817871094,1.2870004177093506,0.08359084278345108
61,hand,0,0,0.407409131526947,0.7317311763763428,6.441840838533608e-08
61,hand,1,0,0.4240986406803131,0.7353441715240479,-0.004491227213293314
61,hand,2,0,0.43538814783096313,0.7561757564544678,-0.0063981469720602036
61,hand,3,0,0.4427012801170349,0.7777408361434937,-0.00712931202724576
61,hand,4,0,0.4499920904636383,0.7907900810241699,-0.007448213640600443
61,hand,5,0,0.42676472663879395,0.7810043692588806,-0.0068573723547160625
61,hand,6,0,0.4328424632549286,0.8113835453987122,-0.009443880058825016
61,hand,7,0,0.4363820552825928,0.82804936170578,-0.010471474379301071
61,hand,8,0,0.4387371838092804,0.8404325246810913,-0.010654277168214321
61,hand,9,0,0.41798099875450134,0.787408173084259,-0.005775746423751116
61,hand,10,0,0.4239019453525543,0.8200573325157166,-0.007783033885061741
61,hand,11,0,0.4276036322116852,0.838978111743927,-0.008429111912846565
61,hand,12,0,0.43000996112823486,0.8536390662193298,-0.008618254214525223
61,hand,13,0,0.4113425612449646,0.7895596027374268,-0.004873453639447689
61,hand,14,0,0.4168710708618164,0.8190431594848633,-0.006900198757648468
61,hand,15,0,0.4201279282569885,0.8361384272575378,-0.007679367437958717
61,hand,16,0,0.4224768579006195,0.8494834899902344,-0.007847211323678493
61,hand,17,0,0.4067654609680176,0.7887570261955261,-0.004168657120317221
61,hand,18,0,0.41147518157958984,0.8119782209396362,-0.005474786274135113
61,hand,19,0,0.41460615396499634,0.825337290763855,-0.00543215312063694
61,hand,20,0,0.41731786727905273,0.8356701135635376,-0.00500861369073391
61,hand,0,1,0.5677047371864319,0.727397620677948,1.1154137524727048e-07
61,hand,1,1,0.5541345477104187,0.7377051711082458,-0.00804013479501009
61,hand,2,1,0.5471665859222412,0.762580394744873,-0.009918647818267345
61,hand,3,1,0.5428191423416138,0.7857785820960999,-0.010053702630102634
61,hand,4,1,0.5370537638664246,0.8024052977561951,-0.009441451169550419
61,hand,5,1,0.5580483675003052,0.789398193359375,-0.004708172753453255
61,hand,6,1,0.552893877029419,0.8181120753288269,-0.005658634006977081
61,hand,7,1,0.5498388409614563,0.8340821266174316,-0.0066092475317418575
61,hand,8,1,0.5478149056434631,0.8466936945915222,-0.00727270171046257
61,hand,9,1,0.564247190952301,0.7905759811401367,-0.0007383277988992631
61,hand,10,1,0.5599027872085571,0.8184025883674622,-0.0019147393759340048
61,hand,11,1,0.5561502575874329,0.8345399498939514,-0.002834648359566927
61,hand,12,1,0.553039014339447,0.8469144105911255,-0.00328264432027936
61,hand,13,1,0.5675095319747925,0.7888643145561218,0.002571338787674904
61,hand,14,1,0.5633273124694824,0.8144553303718567,0.0014348500408232212
61,hand,15,1,0.559698224067688,0.8296327590942383,0.0006156091694720089
61,hand,16,1,0.5564071536064148,0.8425761461257935,0.00027806736761704087
61,hand,17,1,0.5682919025421143,0.7859369516372681,0.005162764806300402
61,hand,18,1,0.5642677545547485,0.8077206015586853,0.0042808507569134235
61,hand,19,1,0.5611849427223206,0.820098340511322,0.003946300595998764
61,hand,20,1,0.5582203269004822,0.8301433324813843,0.004003433510661125
61,pose,0,-1,0.47728052735328674,0.16267117857933044,-0.43955984711647034
61,pose,1,-1,0.4865037798881531,0.13589423894882202,-0.4169517755508423
61,pose,2,-1,0.49237194657325745,0.13625741004943848,-0.4170379936695099
61,pose,3,-1,0.49597012996673584,0.13689881563186646,-0.4171113669872284
61,pose,4,-1,0.46867820620536804,0.13694360852241516,-0.42108872532844543
61,pose,5,-1,0.4629901945590973,0.13812240958213806,-0.4211631715297699
61,pose,6,-1,0.45740655064582825,0.1393401324748993,-0.4212619662284851
61,pose,7,-1,0.5028355121612549,0.15183094143867493,-0.262532114982605
61,pose,8,-1,0.4514714777469635,0.1540498584508896,-0.28422361612319946
61,pose,9,-1,0.4895547330379486,0.19290955364704132,-0.38058653473854065
61,pose,10,-1,0.4671812653541565,0.19480344653129578,-0.38653236627578735
61,pose,11,-1,0.5515921115875244,0.31885263323783875,-0.13858027756214142
61,pose,12,-1,0.41145867109298706,0.325456827878952,-0.20876990258693695
61,pose,13,-1,0.5692419409751892,0.5262110233306885,-0.046962689608335495
61,pose,14,-1,0.39588671922683716,0.539429247379303,-0.179011270403862
61,pose,15,-1,0.5674407482147217,0.7236893177032471,-0.18275023996829987
61,pose,16,-1,0.41477489471435547,0.724012553691864,-0.3025812804698944
61,pose,17,-1,0.569952130317688,0.7793091535568237,-0.23108042776584625
61,pose,18,-1,0.41591155529022217,0.7875753045082092,-0.34891751408576965
61,pose,19,-1,0.5600078105926514,0.7764308452606201,-0.2733404040336609
61,pose,20,-1,0.43297094106674194,0.7846412062644958,-0.3920139968395233
61,pose,21,-1,0.556384801864624,0.7558810114860535,-0.2012982815504074
61,pose,22,-1,0.43790969252586365,0.7630211114883423,-0.3233662247657776
61,pose,23,-1,0.5235806107521057,0.6977354288101196,0.026739204302430153
61,pose,24,-1,0.4462074637413025,0.7053675055503845,-0.026585467159748077
61,pose,25,-1,0.5341060757637024,0.9641355276107788,0.0005300758639350533
61,pose,26,-1,0.46051254868507385,0.9777100682258606,-0.046143196523189545
61,pose,27,-1,0.5391091704368591,1.1806797981262207,0.3586561381816864
61,pose,28,-1,0.4731800854206085,1.191838264465332,0.2427595555782318
61,pose,29,-1,0.5365654826164246,1.203041911125183,0.3877011835575104
61,pose,30,-1,0.4760584831237793,1.2100459337234497,0.2666178047657013
61,pose,31,-1,0.5476421117782593,1.2710298299789429,0.2574252784252167
61,pose,32,-1,0.48584944009780884,1.2856370210647583,0.10030754655599594
62,hand,0,0,0.40750744938850403,0.7301150560379028,5.969154415197409e-08
62,hand,1,0,0.42432326078414917,0.7346000075340271,-0.005821736063808203
62,hand,2,0,0.4354243576526642,0.7562578916549683,-0.007876000367105007
62,hand,3,0,0.4428412914276123,0.7780275940895081,-0.008428000845015049
62,hand,4,0,0.4504588842391968,0.7910931706428528,-0.008523158729076385
62,hand,5,0,0.42645129561424255,0.7802247405052185,-0.007278734352439642
62,hand,6,0,0.43290093541145325,0.8109000325202942,-0.009595239534974098
62,hand,7,0,0.4369497001171112,0.8275101780891418,-0.010643080808222294
62,hand,8,0,0.440263032913208,0.8400323390960693,-0.010926350019872189
62,hand,9,0,0.4178301990032196,0.784996747970581,-0.0052002351731061935
62,hand,10,0,0.4245554804801941,0.8162418007850647,-0.00686480151489377
62,hand,11,0,0.42937391996383667,0.8336034417152405,-0.007545722648501396
62,hand,12,0,0.4331950843334198,0.8475052118301392,-0.007879066281020641
62,hand,13,0,0.4117874205112457,0.7856940627098083,-0.003385164774954319
62,hand,14,0,0.4184235632419586,0.813703715801239,-0.005152443889528513
62,hand,15,0,0.4227803945541382,0.8301450610160828,-0.005965609103441238
62,hand,16,0,0.42625823616981506,0.843117892742157,-0.006251730024814606
62,hand,17,0,0.40817758440971375,0.7841905355453491,-0.0018928571371361613
62,hand,18,0,0.41368231177330017,0.8063165545463562,-0.0031567199621349573
62,hand,19,0,0.417275607585907,0.8186933994293213,-0.0031961777713149786
62,hand,20,0,0.4203714430332184,0.828209638595581,-0.0028906913939863443
62,hand,0,1,0.5675505995750427,0.728590726852417,8.656736838474899e-08
62,hand,1,1,0.5545806884765625,0.7400031089782715,-0.00728443032130599
62,hand,2,1,0.5468728542327881,0.7637134790420532,-0.008871461264789104
62,hand,3,1,0.5417010188102722,0.785300076007843,-0.009060470387339592
62,hand,4,1,0.5366727113723755,0.8018731474876404,-0.008575085550546646
62,hand,5,1,0.5564820766448975,0.7904870510101318,-0.003243854269385338
62,hand,6,1,0.5522936582565308,0.8163360953330994,-0.004586741328239441
62,hand,7,1,0.5498771071434021,0.8318220973014832,-0.0061922576278448105
62,hand,8,1,0.5485450029373169,0.8448337912559509,-0.007395431865006685
62,hand,9,1,0.5616428256034851,0.7912917733192444,-9.132693958235905e-05
62,hand,10,1,0.5573927760124207,0.8155571818351746,-0.0016106325201690197
62,hand,11,1,0.5541658401489258,0.8307022452354431,-0.0031381030566990376
62,hand,12,1,0.5518884062767029,0.8435359001159668,-0.004113598261028528
62,hand,13,1,0.5647420883178711,0.789301872253418,0.0023215056862682104
62,hand,14,1,0.5606313943862915,0.811916708946228,0.0007625281577929854
62,hand,15,1,0.557284951210022,0.8260656595230103,-5.0917089538415894e-05
62,hand,16,1,0.5545715689659119,0.8390346765518188,-0.00036338469362817705
62,hand,17,1,0.5660459399223328,0.786598801612854,0.0039963433519005775
62,hand,18,1,0.5621477365493774,0.807054340839386,0.002834860933944583
62,hand,19,1,0.5591703057289124,0.8197425007820129,0.0025701168924570084
62,hand,20,1,0.5563613772392273,0.8303931355476379,0.00268845004029572
62,pose,0,-1,0.47722992300987244,0.16260193288326263,-0.44505178928375244
62,pose,1,-1,0.48650282621383667,0.13564938306808472,-0.42199692130088806
62,pose,2,-1,0.4923650026321411,0.13602833449840546,-0.4220902621746063
62,pose,3,-1,0.49596768617630005,0.1367107778787613,-0.4221627414226532
62,pose,4,-1,0.468593955039978,0.13670581579208374,-0.4258677363395691
62,pose,5,-1,0.46293094754219055,0.13790632784366608,-0.4259456694126129
62,pose,6,-1,0.4573366940021515,0.13919752836227417,-0.42605188488960266
62,pose,7,-1,0.502923309803009,0.1517326980829239,-0.2659192681312561
62,pose,8,-1,0.45142629742622375,0.15390098094940186,-0.28556761145591736
62,pose,9,-1,0.48952993750572205,0.19289374351501465,-0.3855299651622772
62,pose,10,-1,0.4671153724193573,0.19480480253696442,-0.3909856677055359
62,pose,11,-1,0.5515796542167664,0.3195636570453644,-0.14183849096298218
62,pose,12,-1,0.4112381637096405,0.32552239298820496,-0.2089742124080658
62,pose,13,-1,0.5679729580879211,0.5281311273574829,-0.048781875520944595
62,pose,14,-1,0.3963031768798828,0.5393507480621338,-0.1794787049293518
62,pose,15,-1,0.5682394504547119,0.7233296632766724,-0.18408362567424774
62,pose,16,-1,0.41517218947410583,0.7275348901748657,-0.30368369817733765
62,pose,17,-1,0.56975919008255,0.7780283689498901,-0.232776939868927
62,pose,18,-1,0.4170752763748169,0.7901021242141724,-0.3503696322441101
62,pose,19,-1,0.560036838054657,0.7743039727210999,-0.27381736040115356
62,pose,20,-1,0.4332130551338196,0.7875023484230042,-0.39168643951416016
62,pose,21,-1,0.5567114949226379,0.7544912099838257,-0.20242886245250702
62,pose,22,-1,0.43790632486343384,0.7666533589363098,-0.32327568531036377
62,pose,23,-1,0.5228537917137146,0.7017541527748108,0.025647547096014023
62,pose,24,-1,0.44593513011932373,0.7094023823738098,-0.025450821965932846
62,pose,25,-1,0.5340531468391418,0.9655490517616272,-0.0008816788322292268
62,pose,26,-1,0.4605223536491394,0.981143057346344,-0.04568825289607048
62,pose,27,-1,0.5392667055130005,1.1829934120178223,0.3691152334213257
62,pose,28,-1,0.47386738657951355,1.1936627626419067,0.2614471912384033
62,pose,29,-1,0.5367400050163269,1.2057220935821533,0.3993968665599823
62,pose,30,-1,0.47687530517578125,1.213503122329712,0.28746387362480164
62,pose,31,-1,0.5480567216873169,1.2731056213378906,0.266797810792923
62,pose,32,-1,0.4866001009941101,1.2861230373382568,0.12330136448144913
63,hand,0,0,0.40809163451194763,0.7311862707138062,6.58052030644285e-08
63,hand,1,0,0.4245864450931549,0.7343449592590332,-0.005878105293959379
63,hand,2,0,0.4354165196418762,0.7552992701530457,-0.00788876973092556
63,hand,3,0,0.4429187774658203,0.7764154672622681,-0.008251526392996311
63,hand,4,0,0.4506887197494507,0.789217472076416,-0.008044334128499031
63,hand,5,0,0.4269292950630188,0.7811486721038818,-0.007111535873264074
63,hand,6,0,0.43367087841033936,0.8117783069610596,-0.008529053069651127
63,hand,7,0,0.4377676248550415,0.8275144696235657,-0.008799395523965359
63,hand,8,0,0.4409971833229065,0.8387599587440491,-0.008407407440245152
63,hand,9,0,0.418525755405426,0.7861628532409668,-0.004326744005084038
63,hand,10,0,0.42626839876174927,0.8176330327987671,-0.0049841077998280525
63,hand,11,0,0.4319339096546173,0.8333144187927246,-0.0047447835095226765
63,hand,12,0,0.4361037313938141,0.8446506857872009,-0.004288055468350649
63,hand,13,0,0.4127681851387024,0.7871906757354736,-0.001733698882162571
63,hand,14,0,0.42024850845336914,0.815241277217865,-0.0022518078330904245
63,hand,15,0,0.42510557174682617,0.8298380970954895,-0.0022266372106969357
63,hand,16,0,0.428661048412323,0.8404552936553955,-0.0019176708301529288
63,hand,17,0,0.40956953167915344,0.7859669923782349,0.0005181065644137561
63,hand,18,0,0.4153765141963959,0.8079078793525696,0.0005414641345851123
63,hand,19,0,0.41893690824508667,0.819819450378418,0.001233828254044056
63,hand,20,0,0.42183610796928406,0.8285675644874573,0.0020943048875778913
63,hand,0,1,0.5671008229255676,0.7301532626152039,8.757569247563879e-08
63,hand,1,1,0.5541437268257141,0.7396326065063477,-0.00765900919213891
63,hand,2,1,0.5464571714401245,0.7632784247398376,-0.009306355379521847
63,hand,3,1,0.5410826206207275,0.7847086787223816,-0.00935586541891098
63,hand,4,1,0.5360252857208252,0.8006871342658997,-0.008708694949746132
63,hand,5,1,0.5550593137741089,0.7896237373352051,-0.0042818025685846806
63,hand,6,1,0.5499809980392456,0.8152273297309875,-0.005325010512024164
63,hand,7,1,0.5472750663757324,0.8303588032722473,-0.006472272332757711
63,hand,8,1,0.5457371473312378,0.8427654504776001,-0.007323859725147486
63,hand,9,1,0.5602673292160034,0.7910462021827698,-0.0006306354189291596
63,hand,10,1,0.555819034576416,0.8157849907875061,-0.0019727579783648252
63,hand,11,1,0.5523782968521118,0.8309382796287537,-0.003076230874285102
63,hand,12,1,0.5498518943786621,0.8434820771217346,-0.003689269768074155
63,hand,13,1,0.5631904602050781,0.7897471785545349,0.002364912535995245
63,hand,14,1,0.5587324500083923,0.8126938939094543,0.0011083437129855156
63,hand,15,1,0.5553090572357178,0.8264452219009399,0.0005211279494687915
63,hand,16,1,0.5525277256965637,0.8387482166290283,0.0003567161038517952
63,hand,17,1,0.564045250415802,0.7873119115829468,0.004622662905603647
63,hand,18,1,0.559640109539032,0.8073440194129944,0.0037450555246323347
63,hand,19,1,0.556644856929779,0.8195247054100037,0.003570742206647992
63,hand,20,1,0.5540497303009033,0.8294031620025635,0.0037407525815069675
63,pose,0,-1,0.47723162174224854,0.16074609756469727,-0.4270317256450653
63,pose,1,-1,0.4865001142024994,0.1339084953069687,-0.40295347571372986
63,pose,2,-1,0.49234721064567566,0.13428954780101776,-0.4030535817146301
63,pose,3,-1,0.49596288800239563,0.13500569760799408,-0.40312325954437256
63,pose,4,-1,0.4685620069503784,0.1350294053554535,-0.4066373407840729
63,pose,5,-1,0.4629126191139221,0.13620680570602417,-0.406704306602478
63,pose,6,-1,0.4573080837726593,0.13776744902133942,-0.40680158138275146
63,pose,7,-1,0.5029788613319397,0.15076948702335358,-0.2487131804227829
63,pose,8,-1,0.4513605535030365,0.15310169756412506,-0.26771485805511475
63,pose,9,-1,0.48952826857566833,0.19080671668052673,-0.3689507842063904
63,pose,10,-1,0.4671306014060974,0.19306504726409912,-0.37419405579566956
63,pose,11,-1,0.5515649914741516,0.31954270601272583,-0.1351061463356018
63,pose,12,-1,0.41117972135543823,0.3250691890716553,-0.1983189880847931
63,pose,13,-1,0.5671294331550598,0.5286271572113037,-0.052250273525714874
63,pose,14,-1,0.3968484103679657,0.5391920208930969,-0.17982622981071472
63,pose,15,-1,0.5677656531333923,0.7241514325141907,-0.1869678795337677
63,pose,16,-1,0.4155009388923645,0.7261719703674316,-0.30384179949760437
63,pose,17,-1,0.5682839155197144,0.7785614132881165,-0.23649382591247559
63,pose,18,-1,0.41793879866600037,0.7877705097198486,-0.3510504364967346
63,pose,19,-1,0.5583296418190002,0.7743415832519531,-0.27498021721839905
63,pose,20,-1,0.43327537178993225,0.7841499447822571,-0.3926418423652649
63,pose,21,-1,0.5553849339485168,0.7546236515045166,-0.20438942313194275
63,pose,22,-1,0.43791574239730835,0.76322340965271,-0.3236471712589264
63,pose,23,-1,0.5221815705299377,0.7030985355377197,0.025453394278883934
63,pose,24,-1,0.4454430937767029,0.7102053165435791,-0.025194412097334862
63,pose,25,-1,0.5338565707206726,0.9656717777252197,-0.005953925661742687
63,pose,26,-1,0.4603508412837982,0.9810382127761841,-0.03613156080245972
63,pose,27,-1,0.539497971534729,1.1819005012512207,0.3510400354862213
63,pose,28,-1,0.47072216868400574,1.189486026763916,0.2609730064868927
63,pose,29,-1,0.5371798276901245,1.2051589488983154,0.37998712062835693
63,pose,30,-1,0.4727479815483093,1.2095904350280762,0.28560638427734375
63,pose,31,-1,0.548642098903656,1.2699543237686157,0.24766260385513306
63,pose,32,-1,0.4837284982204437,1.2811352014541626,0.12167756259441376
64,hand,0,0,0.4086132049560547,0.7298746705055237,5.244617540256513e-08
64,hand,1,0,0.42529571056365967,0.7335894703865051,-0.0058952574618160725
64,hand,2,0,0.4363578259944916,0.7550541162490845,-0.007902979850769043
64,hand,3,0,0.44397130608558655,0.776274561882019,-0.008372211828827858
64,hand,4,0,0.4518199861049652,0.7885028719902039,-0.008363191969692707
64,hand,5,0,0.42726609110832214,0.7791662216186523,-0.007198308128863573
64,hand,6,0,0.4339739680290222,0.8089331984519958,-0.009413878433406353
64,hand,7,0,0.4380931854248047,0.8251129388809204,-0.010446536354720592
64,hand,8,0,0.4414825737476349,0.8372343182563782,-0.01067193690687418
64,hand,9,0,0.4187699854373932,0.7848243713378906,-0.004882615990936756
64,hand,10,0,0.4262726306915283,0.8154563903808594,-0.006324913818389177
64,hand,11,0,0.4321538209915161,0.8317190408706665,-0.0067711081355810165
64,hand,12,0,0.4369105100631714,0.8440707921981812,-0.006905256770551205
64,hand,13,0,0.4130573272705078,0.7864441871643066,-0.002823192160576582
64,hand,14,0,0.42052164673805237,0.8139752745628357,-0.004294932819902897
64,hand,15,0,0.425733357667923,0.8289413452148438,-0.004780233837664127
64,hand,16,0,0.42981594800949097,0.8399842977523804,-0.004782169125974178
64,hand,17,0,0.410058856010437,0.7858120203018188,-0.001109836739487946
64,hand,18,0,0.41607314348220825,0.8084255456924438,-0.002181252231821418
64,hand,19,0,0.4201067388057709,0.8209684491157532,-0.0020633069798350334
64,hand,20,0,0.42353683710098267,0.8303648829460144,-0.001579559058882296
64,hand,0,1,0.5676210522651672,0.7297515869140625,9.724819705070331e-08
64,hand,1,1,0.5544896721839905,0.737506628036499,-0.008754509501159191
64,hand,2,1,0.5467543601989746,0.7610112428665161,-0.010828542523086071
64,hand,3,1,0.5412326455116272,0.7833596467971802,-0.011068508960306644
64,hand,4,1,0.5354040861129761,0.7998214960098267,-0.010609302669763565
64,hand,5,1,0.5557495355606079,0.7879376411437988,-0.005068749189376831
64,hand,6,1,0.5503699779510498,0.8147282600402832,-0.005875080358237028
64,hand,7,1,0.5474950671195984,0.8303021192550659,-0.0068729636259377
64,hand,8,1,0.5460993647575378,0.8428399562835693,-0.007629808038473129
64,hand,9,1,0.5609182715415955,0.7893295884132385,-0.0007297291303984821
64,hand,10,1,0.5558412075042725,0.8150345087051392,-0.0019394498085603118
64,hand,11,1,0.5519963502883911,0.8306905031204224,-0.003233208553865552
64,hand,12,1,0.5492147207260132,0.8431335091590881,-0.003990476951003075
64,hand,13,1,0.563565194606781,0.7882413268089294,0.0029344805516302586
64,hand,14,1,0.558495044708252,0.8117108941078186,0.0018894524546340108
64,hand,15,1,0.5546596050262451,0.825973629951477,0.0010837875306606293
64,hand,16,1,0.5514883399009705,0.8386350870132446,0.0007492329459637403
64,hand,17,1,0.5640003085136414,0.7860317230224609,0.005807932931929827
64,hand,18,1,0.5593250393867493,0.8070046305656433,0.005037735681980848
64,hand,19,1,0.5560563206672668,0.8198801875114441,0.0047219302505254745
64,hand,20,1,0.5531139969825745,0.8303858041763306,0.004770878702402115
64,pose,0,-1,0.4773840308189392,0.16070914268493652,-0.44316381216049194
64,pose,1,-1,0.4866047501564026,0.13359469175338745,-0.41966480016708374
64,pose,2,-1,0.49237507581710815,0.13396970927715302,-0.41976243257522583
64,pose,3,-1,0.4960832893848419,0.13467709720134735,-0.4198459982872009
64,pose,4,-1,0.46858951449394226,0.13474927842617035,-0.42371588945388794
64,pose,5,-1,0.4629324674606323,0.13591542840003967,-0.42378756403923035
64,pose,6,-1,0.457341730594635,0.13754627108573914,-0.4238886535167694
64,pose,7,-1,0.5033391118049622,0.15040142834186554,-0.26398566365242004
64,pose,8,-1,0.4513617753982544,0.15293192863464355,-0.28433939814567566
64,pose,9,-1,0.48963940143585205,0.19077682495117188,-0.383961945772171
64,pose,10,-1,0.4673456847667694,0.1930900514125824,-0.3896040618419647
64,pose,11,-1,0.5519734621047974,0.31964460015296936,-0.14203424751758575
64,pose,12,-1,0.41140326857566833,0.3240622878074646,-0.21079064905643463
64,pose,13,-1,0.5668922066688538,0.5287562608718872,-0.055048100650310516
64,pose,14,-1,0.3974575996398926,0.5389732718467712,-0.18513590097427368
64,pose,15,-1,0.5674604177474976,0.7252609729766846,-0.1868232637643814
64,pose,16,-1,0.4159415662288666,0.7262309193611145,-0.31006863713264465
64,pose,17,-1,0.5675477981567383,0.778156042098999,-0.23634177446365356
64,pose,18,-1,0.41860654950141907,0.7886530160903931,-0.35794004797935486
64,pose,19,-1,0.5572834014892578,0.7741764187812805,-0.275198370218277
64,pose,20,-1,0.43382009863853455,0.7850967645645142,-0.39906829595565796
64,pose,21,-1,0.5544707179069519,0.7552841305732727,-0.2046976387500763
64,pose,22,-1,0.4380548298358917,0.7641803026199341,-0.3286401629447937
64,pose,23,-1,0.5218462347984314,0.7028281092643738,0.024827806279063225
64,pose,24,-1,0.44502168893814087,0.7095699310302734,-0.024550829082727432
64,pose,25,-1,0.5333905816078186,0.9657618999481201,-0.009967035613954067
64,pose,26,-1,0.46032434701919556,0.9806355834007263,-0.03677336871623993
64,pose,27,-1,0.5392765402793884,1.183230996131897,0.3363766670227051
64,pose,28,-1,0.47224774956703186,1.190400242805481,0.2575748860836029
64,pose,29,-1,0.5369749069213867,1.2069554328918457,0.36413511633872986
64,pose,30,-1,0.47462329268455505,1.2104099988937378,0.28195080161094666
64,pose,31,-1,0.5482760071754456,1.2712305784225464,0.23054471611976624
64,pose,32,-1,0.4860498011112213,1.2817507982254028,0.11870769411325455
