frame,part,index,hand_index,x,y,z
1,hand,0,0,0.5512882471084595,0.7210862636566162,8.468417433959985e-08
1,hand,1,0,0.5378079414367676,0.7300971150398254,-0.006442113779485226
1,hand,2,0,0.5303417444229126,0.7525053024291992,-0.007993370294570923
1,hand,3,0,0.5258116126060486,0.7744976282119751,-0.008133934810757637
1,hand,4,0,0.5209599733352661,0.7906489968299866,-0.007663769647479057
1,hand,5,0,0.5402035713195801,0.7790432572364807,-0.004161366261541843
1,hand,6,0,0.5342204570770264,0.8063212037086487,-0.005065046716481447
1,hand,7,0,0.530472457408905,0.820159912109375,-0.005719478242099285
1,hand,8,0,0.5278070569038391,0.8306382894515991,-0.006032395176589489
1,hand,9,0,0.5474104285240173,0.7799795269966125,-0.0010938240448012948
1,hand,10,0,0.5413771271705627,0.8076443672180176,-0.0020384087692946196
1,hand,11,0,0.5364845991134644,0.8211100101470947,-0.0024337940849363804
1,hand,12,0,0.5325190424919128,0.8305665850639343,-0.0024494375102221966
1,hand,13,0,0.5521160364151001,0.7771962285041809,0.0014843350509181619
1,hand,14,0,0.546577513217926,0.802047073841095,0.0007586291758343577
1,hand,15,0,0.5418378710746765,0.8156125545501709,0.0006689575966447592
1,hand,16,0,0.537509560585022,0.8253551721572876,0.0008177850977517664
1,hand,17,0,0.5543907880783081,0.7726777195930481,0.00348963076248765
1,hand,18,0,0.549416720867157,0.793434739112854,0.0034528642427176237
1,hand,19,0,0.5451747179031372,0.8044176697731018,0.004128513392060995
1,hand,20,0,0.541301965713501,0.8108982443809509,0.004845803137868643
1,hand,0,1,0.39995694160461426,0.734961986541748,3.338187326562547e-08
1,hand,1,1,0.41459712386131287,0.7389833927154541,-0.00636945478618145
1,hand,2,1,0.4254913032054901,0.7588281035423279,-0.008175432682037354
1,hand,3,1,0.4335770308971405,0.7771092057228088,-0.008453157730400562
1,hand,4,1,0.4394288659095764,0.7920178771018982,-0.008032838813960552
1,hand,5,1,0.41604098677635193,0.7852516770362854,-0.00482958136126399
1,hand,6,1,0.42524218559265137,0.8112044930458069,-0.005533857736736536
1,hand,7,1,0.42998528480529785,0.8253936767578125,-0.0057580918073654175
1,hand,8,1,0.43334653973579407,0.8359158635139465,-0.005561459809541702
1,hand,9,1,0.40892159938812256,0.7896007895469666,-0.001689644530415535
1,hand,10,1,0.4187646508216858,0.8149201273918152,-0.0024424174334853888
1,hand,11,1,0.42476943135261536,0.8286044001579285,-0.00294442567974329
1,hand,12,1,0.4291270971298218,0.8391169905662537,-0.0029604146257042885
1,hand,13,1,0.4046798348426819,0.7907660007476807,0.0010988512076437473
1,hand,14,1,0.4141014516353607,0.8126404881477356,0.00030042833532206714
1,hand,15,1,0.42014065384864807,0.8258534669876099,-6.604330701520666e-05
1,hand,16,1,0.4247506558895111,0.835540771484375,0.00020391638099681586
1,hand,17,1,0.4029337763786316,0.7900516986846924,0.003472553798928857
1,hand,18,1,0.4113585948944092,0.8095427751541138,0.003197847865521908
1,hand,19,1,0.41672399640083313,0.8206764459609985,0.0036367191933095455
1,hand,20,1,0.420944482088089,0.8281069397926331,0.00443381629884243
1,pose,0,-1,0.4620947241783142,0.16155856847763062,-0.4062787890434265
1,pose,1,-1,0.4713880717754364,0.1373605728149414,-0.3856795132160187
1,pose,2,-1,0.4764321446418762,0.1373305320739746,-0.3857807517051697
1,pose,3,-1,0.48138192296028137,0.13731276988983154,-0.38591939210891724
1,pose,4,-1,0.4535394310951233,0.1387927532196045,-0.38563013076782227
1,pose,5,-1,0.44797366857528687,0.13953667879104614,-0.3857092261314392
1,pose,6,-1,0.4427791237831116,0.1403530240058899,-0.38586241006851196
1,pose,7,-1,0.4899047017097473,0.1483641266822815,-0.2524161636829376
1,pose,8,-1,0.4390203058719635,0.15242761373519897,-0.25368884205818176
1,pose,9,-1,0.47420209646224976,0.19148683547973633,-0.3553239703178406
1,pose,10,-1,0.4524131119251251,0.19358807802200317,-0.3557012677192688
1,pose,11,-1,0.5381199717521667,0.31111741065979004,-0.16318346560001373
1,pose,12,-1,0.40200453996658325,0.3232463002204895,-0.18039292097091675
1,pose,13,-1,0.5541620254516602,0.5195237398147583,-0.09198322892189026
1,pose,14,-1,0.39419734477996826,0.535152018070221,-0.14882321655750275
1,pose,15,-1,0.5499169230461121,0.7150101661682129,-0.1917772889137268
1,pose,16,-1,0.4046531915664673,0.7271771430969238,-0.24859298765659332
1,pose,17,-1,0.5520457029342651,0.7664009928703308,-0.23171032965183258
1,pose,18,-1,0.41168850660324097,0.7833453416824341,-0.2836727499961853
1,pose,19,-1,0.5419943928718567,0.7614965438842773,-0.26311632990837097
1,pose,20,-1,0.42332038283348083,0.778027355670929,-0.31979310512542725
1,pose,21,-1,0.5389404892921448,0.7433242797851562,-0.20471163094043732
1,pose,22,-1,0.4235832095146179,0.7576709985733032,-0.26378390192985535
1,pose,23,-1,0.5108067989349365,0.6736500263214111,0.011669358238577843
1,pose,24,-1,0.43594375252723694,0.6813725233078003,-0.011597082950174809
1,pose,25,-1,0.5167361497879028,0.9476205110549927,-0.0360107347369194
1,pose,26,-1,0.4522653818130493,0.954625129699707,-0.023667071014642715
1,pose,27,-1,0.5241367220878601,1.1112788915634155,0.3955523669719696
1,pose,28,-1,0.45616501569747925,1.1217541694641113,0.34431836009025574
1,pose,29,-1,0.5227965712547302,1.1326079368591309,0.433510422706604
1,pose,30,-1,0.4588507413864136,1.1423261165618896,0.3777851462364197
1,pose,31,-1,0.5313071012496948,1.203512191772461,0.3202729821205139
1,pose,32,-1,0.4634391665458679,1.208001971244812,0.2396482676267624
2,hand,0,0,0.5509658455848694,0.7216538190841675,1.1302559244086297e-07
2,hand,1,0,0.5374029278755188,0.7316836714744568,-0.005789083894342184
2,hand,2,0,0.5299422144889832,0.7529056668281555,-0.007518455386161804
2,hand,3,0,0.5256741046905518,0.7744710445404053,-0.00802141148597002
2,hand,4,0,0.520887553691864,0.7906014323234558,-0.007922523654997349
2,hand,5,0,0.5407193303108215,0.7780365347862244,-0.0037522707134485245
2,hand,6,0,0.5351990461349487,0.8042130470275879,-0.005196587648242712
2,hand,7,0,0.5315275192260742,0.8178231716156006,-0.006401129998266697
2,hand,8,0,0.5287560820579529,0.8282554149627686,-0.007088122423738241
2,hand,9,0,0.548334538936615,0.7794685363769531,-0.0012865531025454402
2,hand,10,0,0.5426377654075623,0.8064475059509277,-0.0026122520212084055
2,hand,11,0,0.53766268491745,0.8202956318855286,-0.0033137048594653606
2,hand,12,0,0.5334514379501343,0.8299817442893982,-0.003625175915658474
2,hand,13,0,0.5529627203941345,0.7769932746887207,0.0006786338635720313
2,hand,14,0,0.5475582480430603,0.8013728260993958,-0.000446938764071092
2,hand,15,0,0.5426244139671326,0.8151244521141052,-0.0007541391532868147
2,hand,16,0,0.5379660725593567,0.8252789378166199,-0.0008167310152202845
2,hand,17,0,0.5549443364143372,0.7727952003479004,0.0021224289666861296
2,hand,18,0,0.5499961376190186,0.7925359606742859,0.0015987668884918094
2,hand,19,0,0.5456273555755615,0.8029536604881287,0.001992012606933713
2,hand,20,0,0.5414491891860962,0.8098412752151489,0.002517598681151867
2,hand,0,1,0.399281769990921,0.7336950302124023,3.8563143789360765e-08
2,hand,1,1,0.41429904103279114,0.7388982176780701,-0.006798185873776674
2,hand,2,1,0.4253023564815521,0.758657693862915,-0.008702090941369534
2,hand,3,1,0.43341848254203796,0.7769922018051147,-0.009024125523865223
2,hand,4,1,0.4398740530014038,0.7917978167533875,-0.008624952286481857
2,hand,5,1,0.4157063663005829,0.7857615947723389,-0.004747557453811169
2,hand,6,1,0.42508187890052795,0.810874879360199,-0.0053432718850672245
2,hand,7,1,0.4297589063644409,0.8243230581283569,-0.005734253209084272
2,hand,8,1,0.4331611096858978,0.8350133895874023,-0.005760722793638706
2,hand,9,1,0.40814685821533203,0.7900811433792114,-0.001338325790129602
2,hand,10,1,0.41814902424812317,0.8145344853401184,-0.0015599553007632494
2,hand,11,1,0.4242696762084961,0.827477216720581,-0.0020197199191898108
2,hand,12,1,0.4285421371459961,0.837479829788208,-0.0022424589842557907
2,hand,13,1,0.40372541546821594,0.7904360294342041,0.0016463695792481303
2,hand,14,1,0.41334035992622375,0.8125593662261963,0.0009559390018694103
2,hand,15,1,0.41961729526519775,0.8249965310096741,0.00036575834383256733
2,hand,16,1,0.42428407073020935,0.8337959051132202,0.00034736920497380197
2,hand,17,1,0.40205180644989014,0.7893586158752441,0.004192981403321028
2,hand,18,1,0.41094228625297546,0.8084284663200378,0.0036201118491590023
2,hand,19,1,0.41662168502807617,0.8190120458602905,0.003701060311868787
2,hand,20,1,0.42102211713790894,0.8262137770652771,0.0041982559487223625
2,pose,0,-1,0.46190547943115234,0.16157394647598267,-0.3913285434246063
2,pose,1,-1,0.47128039598464966,0.1372784823179245,-0.3700917363166809
2,pose,2,-1,0.47642257809638977,0.13723330199718475,-0.3701784014701843
2,pose,3,-1,0.4812668561935425,0.1373003125190735,-0.3702791631221771
2,pose,4,-1,0.45353537797927856,0.13877920806407928,-0.37148043513298035
2,pose,5,-1,0.44797128438949585,0.1395382136106491,-0.37153398990631104
2,pose,6,-1,0.4427792429924011,0.14036594331264496,-0.37167155742645264
2,pose,7,-1,0.489700585603714,0.14857913553714752,-0.23002098500728607
2,pose,8,-1,0.4390094578266144,0.15251043438911438,-0.235570028424263
2,pose,9,-1,0.474111944437027,0.19141939282417297,-0.3377076983451843
2,pose,10,-1,0.45241984724998474,0.1935601681470871,-0.33922627568244934
2,pose,11,-1,0.5387157201766968,0.3113102316856384,-0.13254955410957336
2,pose,12,-1,0.4020923674106598,0.3236162066459656,-0.1647954136133194
2,pose,13,-1,0.5544825792312622,0.520654559135437,-0.06893479824066162
2,pose,14,-1,0.39416220784187317,0.5356934070587158,-0.1330542415380478
2,pose,15,-1,0.5500612854957581,0.7157020568847656,-0.1940334588289261
2,pose,16,-1,0.40428778529167175,0.7269177436828613,-0.24791741371154785
2,pose,17,-1,0.5523059368133545,0.7683350443840027,-0.24082933366298676
2,pose,18,-1,0.4102053940296173,0.783045768737793,-0.28434309363365173
2,pose,19,-1,0.5421406030654907,0.7635965347290039,-0.275217205286026
2,pose,20,-1,0.42275145649909973,0.7777430415153503,-0.32251980900764465
2,pose,21,-1,0.5389559268951416,0.7452271580696106,-0.20911209285259247
2,pose,22,-1,0.4235583245754242,0.7575075626373291,-0.2635995149612427
2,pose,23,-1,0.5116426944732666,0.6852098107337952,0.012992332689464092
2,pose,24,-1,0.4362832307815552,0.6916505098342896,-0.012799405492842197
2,pose,25,-1,0.5173371434211731,0.9640627503395081,-0.023604756221175194
2,pose,26,-1,0.4534587562084198,0.9694674015045166,-0.023557187989354134
2,pose,27,-1,0.5266503095626831,1.1718124151229858,0.3603983223438263
2,pose,28,-1,0.46011587977409363,1.1749926805496216,0.28449124097824097
2,pose,29,-1,0.5273762345314026,1.199250340461731,0.39097562432289124
2,pose,30,-1,0.4634494185447693,1.1991435289382935,0.3098773658275604
2,pose,31,-1,0.5309684872627258,1.2552176713943481,0.25679901242256165
2,pose,32,-1,0.46822312474250793,1.2577455043792725,0.15364529192447662
3,hand,0,0,0.5517170429229736,0.7224956750869751,1.1750876183214132e-07
3,hand,1,0,0.5377662181854248,0.7313899993896484,-0.006067410111427307
3,hand,2,0,0.5303451418876648,0.7531000375747681,-0.007815053686499596
3,hand,3,0,0.5261675715446472,0.7751727104187012,-0.00827946700155735
3,hand,4,0,0.5214092135429382,0.7910330295562744,-0.00815669260919094
3,hand,5,0,0.5409024953842163,0.7780059576034546,-0.004311150871217251
3,hand,6,0,0.5353461503982544,0.8041645884513855,-0.005845431704074144
3,hand,7,0,0.5318772792816162,0.818296492099762,-0.007036365568637848
3,hand,8,0,0.5292838215827942,0.8291052579879761,-0.007717160042375326
3,hand,9,0,0.5485532283782959,0.7795273661613464,-0.0017030169256031513
3,hand,10,0,0.5430830717086792,0.8060792088508606,-0.0030298365745693445
3,hand,11,0,0.53829026222229,0.8202056884765625,-0.0035949801094830036
3,hand,12,0,0.5340855121612549,0.8302014470100403,-0.0037869338411837816
3,hand,13,0,0.5532619953155518,0.7772183418273926,0.00040906970389187336
3,hand,14,0,0.5479183197021484,0.8009408712387085,-0.0007268965127877891
3,hand,15,0,0.5432944297790527,0.8146671652793884,-0.0008485832368023694
3,hand,16,0,0.5389407873153687,0.825074315071106,-0.0007535386248491704
3,hand,17,0,0.5552566647529602,0.7731657028198242,0.001960169989615679
3,hand,18,0,0.5502730011940002,0.7929723858833313,0.0012761676916852593
3,hand,19,0,0.5461916923522949,0.8038908839225769,0.0016668083844706416
3,hand,20,0,0.5422119498252869,0.811774730682373,0.0022510155104100704
3,hand,0,1,0.399472713470459,0.733055591583252,3.956905203494898e-08
3,hand,1,1,0.4146491289138794,0.7381511330604553,-0.006744975224137306
3,hand,2,1,0.42554888129234314,0.7584335207939148,-0.008440875448286533
3,hand,3,1,0.43346551060676575,0.7769331932067871,-0.008509275503456593
3,hand,4,1,0.43967270851135254,0.7920810580253601,-0.007837329059839249
3,hand,5,1,0.41615545749664307,0.7864950895309448,-0.00419603381305933
3,hand,6,1,0.4254455864429474,0.81114262342453,-0.004271615296602249
3,hand,7,1,0.4300449788570404,0.824112057685852,-0.004445391707122326
3,hand,8,1,0.43338242173194885,0.834425151348114,-0.004372002556920052
3,hand,9,1,0.4084324240684509,0.7902882695198059,-0.0006141116609796882
3,hand,10,1,0.418320894241333,0.8145665526390076,-0.00018005208403337747
3,hand,11,1,0.4242912232875824,0.827324390411377,-0.00030880438862368464
3,hand,12,1,0.42837846279144287,0.8368589282035828,-0.0003729108429979533
3,hand,13,1,0.40400129556655884,0.7900194525718689,0.0025244024582207203
3,hand,14,1,0.41335785388946533,0.8118118643760681,0.0023842379450798035
3,hand,15,1,0.41940760612487793,0.8240213990211487,0.002020197222009301
3,hand,16,1,0.4239511787891388,0.8325426578521729,0.0020836477633565664
3,hand,17,1,0.40233755111694336,0.7884688973426819,0.005210374016314745
3,hand,18,1,0.41076916456222534,0.8075923919677734,0.005074481945484877
3,hand,19,1,0.4162352383136749,0.817838191986084,0.005389282945543528
3,hand,20,1,0.42062339186668396,0.8244392275810242,0.006005448289215565
3,pose,0,-1,0.461866557598114,0.1616411805152893,-0.3717062175273895
3,pose,1,-1,0.4712567925453186,0.1372862607240677,-0.3497592806816101
3,pose,2,-1,0.47643032670021057,0.13724134862422943,-0.34986791014671326
3,pose,3,-1,0.4812283217906952,0.13735248148441315,-0.34996387362480164
3,pose,4,-1,0.45356568694114685,0.13884884119033813,-0.3514741361141205
3,pose,5,-1,0.4480271637439728,0.13961578905582428,-0.3515373766422272
3,pose,6,-1,0.442841112613678,0.14044123888015747,-0.35167166590690613
3,pose,7,-1,0.48964276909828186,0.14876967668533325,-0.20842885971069336
3,pose,8,-1,0.439028263092041,0.15261323750019073,-0.21494060754776
3,pose,9,-1,0.4741113483905792,0.19140250980854034,-0.31772953271865845
3,pose,10,-1,0.4525471329689026,0.1936054229736328,-0.319550096988678
3,pose,11,-1,0.5392469167709351,0.31131547689437866,-0.1119239553809166
3,pose,12,-1,0.40245741605758667,0.32378578186035156,-0.1490844190120697
3,pose,13,-1,0.5546565651893616,0.5206009745597839,-0.05057341605424881
3,pose,14,-1,0.3940998315811157,0.5360748767852783,-0.12113090604543686
3,pose,15,-1,0.5505155920982361,0.7156496047973633,-0.1877192109823227
3,pose,16,-1,0.4040556848049164,0.7260814905166626,-0.24200649559497833
3,pose,17,-1,0.5526705384254456,0.7685549259185791,-0.23810641467571259
3,pose,18,-1,0.4095079302787781,0.7823987007141113,-0.28238731622695923
3,pose,19,-1,0.5425264835357666,0.763687252998352,-0.2743751108646393
3,pose,20,-1,0.42235592007637024,0.7773345708847046,-0.3212090730667114
3,pose,21,-1,0.5392014384269714,0.7452801465988159,-0.20448307693004608
3,pose,22,-1,0.42348775267601013,0.7572083473205566,-0.2581859827041626
3,pose,23,-1,0.512811541557312,0.6890057921409607,0.014045151881873608
3,pose,24,-1,0.43670782446861267,0.6958630681037903,-0.013805057853460312
3,pose,25,-1,0.5179100632667542,0.9694758653640747,-0.01540958508849144
3,pose,26,-1,0.4538307785987854,0.9761772155761719,-0.02513478510081768
3,pose,27,-1,0.5281088948249817,1.1809275150299072,0.3660053312778473
3,pose,28,-1,0.4631551504135132,1.182748794555664,0.2946789562702179
3,pose,29,-1,0.5294800400733948,1.2081313133239746,0.39809665083885193
3,pose,30,-1,0.46674013137817383,1.2054189443588257,0.3230147361755371
3,pose,31,-1,0.5309718251228333,1.2642871141433716,0.26969853043556213
3,pose,32,-1,0.4724941551685333,1.2650439739227295,0.1750110685825348
4,hand,0,0,0.5518919229507446,0.7231625318527222,1.1886599793342612e-07
4,hand,1,0,0.5380383133888245,0.7314519286155701,-0.006420567166060209
4,hand,2,0,0.5306012630462646,0.7523713111877441,-0.008467079140245914
4,hand,3,0,0.5262591242790222,0.7744101881980896,-0.009185124188661575
4,hand,4,0,0.5213606357574463,0.7906237840652466,-0.009375564754009247
4,hand,5,0,0.5407529473304749,0.7778169512748718,-0.004796006716787815
4,hand,6,0,0.5351361036300659,0.8036812543869019,-0.00640558497980237
4,hand,7,0,0.5317596197128296,0.817741870880127,-0.007675653323531151
4,hand,8,0,0.5293145775794983,0.8284702897071838,-0.00843430683016777
4,hand,9,0,0.5484345555305481,0.7795448899269104,-0.0020976802334189415
4,hand,10,0,0.5430329442024231,0.8061811923980713,-0.0033983285538852215
4,hand,11,0,0.5382409691810608,0.8203028440475464,-0.004075098782777786
4,hand,12,0,0.534016489982605,0.8300284147262573,-0.0044143181294202805
4,hand,13,0,0.5533151030540466,0.7772247791290283,9.176770254271105e-05
4,hand,14,0,0.5480481386184692,0.8012386560440063,-0.0010049855336546898
4,hand,15,0,0.5433495044708252,0.8147650361061096,-0.0012606586096808314
4,hand,16,0,0.5388933420181274,0.8248873949050903,-0.0013378402218222618
4,hand,17,0,0.555531919002533,0.7731752991676331,0.0017094335053116083
4,hand,18,0,0.5507625341415405,0.7930647134780884,0.0009563416242599487
4,hand,19,0,0.5467931628227234,0.8039675951004028,0.0012194628361612558
4,hand,20,0,0.5429064631462097,0.8118423223495483,0.0016648563323542476
4,hand,0,1,0.39977505803108215,0.732236385345459,3.6717828777455e-08
4,hand,1,1,0.41492611169815063,0.7383182644844055,-0.006535515189170837
4,hand,2,1,0.42584219574928284,0.7584609389305115,-0.00845535658299923
4,hand,3,1,0.4339737892150879,0.7766702771186829,-0.008902803994715214
4,hand,4,1,0.44036543369293213,0.7918306589126587,-0.008615007624030113
4,hand,5,1,0.41616395115852356,0.7858117818832397,-0.004271663725376129
4,hand,6,1,0.4254583716392517,0.8109187483787537,-0.004917643032968044
4,hand,7,1,0.43008896708488464,0.8242650628089905,-0.005363603122532368
4,hand,8,1,0.43341678380966187,0.8347593545913696,-0.0054212044924497604
4,hand,9,1,0.40831929445266724,0.7897592186927795,-0.0011276169680058956
4,hand,10,1,0.41820886731147766,0.8146639466285706,-0.0012525941710919142
4,hand,11,1,0.4243156611919403,0.8275468945503235,-0.0015881630824878812
4,hand,12,1,0.4286051094532013,0.8371245861053467,-0.0017350970301777124
4,hand,13,1,0.4036545157432556,0.7897586822509766,0.0015440263086929917
4,hand,14,1,0.41312676668167114,0.8121276497840881,0.0008594204555265605
4,hand,15,1,0.419415146112442,0.8243963718414307,0.0004237065732013434
4,hand,16,1,0.4242058992385864,0.8328843712806702,0.0005205654306337237
4,hand,17,1,0.40180328488349915,0.7883707284927368,0.003784052561968565
4,hand,18,1,0.410517156124115,0.807807207107544,0.0031406651251018047
4,hand,19,1,0.41613179445266724,0.8183464407920837,0.003316826419904828
4,hand,20,1,0.42068707942962646,0.8253354430198669,0.0039061550050973892
4,pose,0,-1,0.4617847204208374,0.16165651381015778,-0.37998878955841064
4,pose,1,-1,0.4712047278881073,0.13727572560310364,-0.35852888226509094
4,pose,2,-1,0.4764339029788971,0.13722868263721466,-0.3586327135562897
4,pose,3,-1,0.4812062084674835,0.13735225796699524,-0.3587425649166107
4,pose,4,-1,0.4535618722438812,0.13886874914169312,-0.3596407175064087
4,pose,5,-1,0.44803673028945923,0.13963724672794342,-0.3597089946269989
4,pose,6,-1,0.4428468346595764,0.14046618342399597,-0.35985010862350464
4,pose,7,-1,0.48964545130729675,0.14877820014953613,-0.21836252510547638
4,pose,8,-1,0.4390506148338318,0.15262019634246826,-0.22402098774909973
4,pose,9,-1,0.47410643100738525,0.19129785895347595,-0.3267168402671814
4,pose,10,-1,0.4526262879371643,0.19360555708408356,-0.32818159461021423
4,pose,11,-1,0.5400027632713318,0.311400443315506,-0.11903045326471329
4,pose,12,-1,0.40272900462150574,0.3236859440803528,-0.1558995246887207
4,pose,13,-1,0.5548102259635925,0.5206741690635681,-0.054603926837444305
4,pose,14,-1,0.3941149115562439,0.536002516746521,-0.126717671751976
4,pose,15,-1,0.5507557988166809,0.7157159447669983,-0.1877860128879547
4,pose,16,-1,0.4040777385234833,0.7255960702896118,-0.24917450547218323
4,pose,17,-1,0.5527445673942566,0.7689871191978455,-0.2384156882762909
4,pose,18,-1,0.40950557589530945,0.7823165059089661,-0.2925635576248169
4,pose,19,-1,0.542590320110321,0.763982892036438,-0.27536556124687195
4,pose,20,-1,0.4224269688129425,0.777317225933075,-0.33162757754325867
4,pose,21,-1,0.5392433404922485,0.7454759478569031,-0.20539112389087677
4,pose,22,-1,0.4237538278102875,0.7572143077850342,-0.26568320393562317
4,pose,23,-1,0.5130475163459778,0.6916161775588989,0.015424036420881748
4,pose,24,-1,0.4367810785770416,0.6984126567840576,-0.015148567967116833
4,pose,25,-1,0.517992377281189,0.9747145175933838,-0.011224310845136642
4,pose,26,-1,0.45385509729385376,0.979767382144928,-0.025110987946391106
4,pose,27,-1,0.5284358263015747,1.1837944984436035,0.36347249150276184
4,pose,28,-1,0.46367380023002625,1.1842857599258423,0.2974759042263031
4,pose,29,-1,0.5297318696975708,1.2110155820846558,0.3945518434047699
4,pose,30,-1,0.4673598110675812,1.2068297863006592,0.3257080316543579
4,pose,31,-1,0.5309246182441711,1.267180323600769,0.26230159401893616
4,pose,32,-1,0.47285711765289307,1.2668547630310059,0.17580610513687134
5,hand,0,0,0.5515862107276917,0.7221768498420715,1.1590297077646028e-07
5,hand,1,0,0.5377112627029419,0.7309470176696777,-0.006172277498990297
5,hand,2,0,0.5303698182106018,0.7517772912979126,-0.008074460551142693
5,hand,3,0,0.5262089967727661,0.7731156945228577,-0.00877626333385706
5,hand,4,0,0.5216856598854065,0.7891253232955933,-0.008998854085803032
5,hand,5,0,0.5404276847839355,0.7774384021759033,-0.004064879380166531
5,hand,6,0,0.535276472568512,0.8029516935348511,-0.005629393272101879
5,hand,7,0,0.5321872234344482,0.8171683549880981,-0.007098022382706404
5,hand,8,0,0.530017614364624,0.8282741904258728,-0.008060045540332794
5,hand,9,0,0.5482155680656433,0.7786287665367126,-0.001578343566507101
5,hand,10,0,0.5433018207550049,0.804288387298584,-0.002872280078008771
5,hand,11,0,0.5389134883880615,0.8188009262084961,-0.0038490337319672108
5,hand,12,0,0.5351192951202393,0.8293009400367737,-0.0044636488892138
5,hand,13,0,0.5533189177513123,0.7756898999214172,0.00038226929609663785
5,hand,14,0,0.5485921502113342,0.7990624904632568,-0.0007096051704138517
5,hand,15,0,0.544163167476654,0.8127188086509705,-0.001124621368944645
5,hand,16,0,0.5399266481399536,0.8229256868362427,-0.0013524385867640376
5,hand,17,0,0.555740237236023,0.7710408568382263,0.0017642977181822062
5,hand,18,0,0.5512973070144653,0.790330171585083,0.001002169563435018
5,hand,19,0,0.5474150776863098,0.8011006116867065,0.001196321565657854
5,hand,20,0,0.5434776544570923,0.808744490146637,0.001557507668621838
5,hand,0,1,0.40011996030807495,0.7327309250831604,4.5966299211386286e-08
5,hand,1,1,0.4151471257209778,0.7381872534751892,-0.0071988836862146854
5,hand,2,1,0.42602935433387756,0.7580925226211548,-0.009139468893408775
5,hand,3,1,0.43419545888900757,0.7765928506851196,-0.009294345043599606
5,hand,4,1,0.4406929314136505,0.7919163107872009,-0.00860629417002201
5,hand,5,1,0.41663992404937744,0.7872191071510315,-0.004422493278980255
5,hand,6,1,0.4261455535888672,0.8126280307769775,-0.0040758331306278706
5,hand,7,1,0.43056684732437134,0.8254287838935852,-0.003860392374917865
5,hand,8,1,0.4337256848812103,0.8354501128196716,-0.0035018783528357744
5,hand,9,1,0.4089796543121338,0.7909107208251953,-0.0002766981488093734
5,hand,10,1,0.4191129803657532,0.8157503008842468,0.0006007554475218058
5,hand,11,1,0.42512014508247375,0.828202486038208,0.0008810846484266222
5,hand,12,1,0.4291171133518219,0.8364952802658081,0.0011357569601386786
5,hand,13,1,0.404621422290802,0.7905457019805908,0.003433765610679984
5,hand,14,1,0.41390806436538696,0.8121860027313232,0.003907112404704094
5,hand,15,1,0.41991543769836426,0.8238592147827148,0.003910547122359276
5,hand,16,1,0.4244966506958008,0.8314507007598877,0.004176590126007795
5,hand,17,1,0.4028220772743225,0.7890249490737915,0.006645858753472567
5,hand,18,1,0.4109611213207245,0.807632565498352,0.007140648551285267
5,hand,19,1,0.4164204001426697,0.8173109292984009,0.0077119385823607445
5,hand,20,1,0.4209044277667999,0.8232187032699585,0.008483034558594227
5,pose,0,-1,0.4617786705493927,0.16158686578273773,-0.4079446792602539
5,pose,1,-1,0.4712062478065491,0.1370702087879181,-0.38699713349342346
5,pose,2,-1,0.4765107035636902,0.13703249394893646,-0.38711783289909363
5,pose,3,-1,0.48121124505996704,0.1372315138578415,-0.3872193992137909
5,pose,4,-1,0.4535873234272003,0.1388130784034729,-0.3877885639667511
5,pose,5,-1,0.448117196559906,0.13960468769073486,-0.38789796829223633
5,pose,6,-1,0.4429253041744232,0.14043700695037842,-0.3880537152290344
5,pose,7,-1,0.48973092436790466,0.14875702559947968,-0.24449798464775085
5,pose,8,-1,0.4390874207019806,0.15255239605903625,-0.24918293952941895
5,pose,9,-1,0.47412335872650146,0.1910790055990219,-0.3534338176250458
5,pose,10,-1,0.4527868926525116,0.1935281753540039,-0.35468053817749023
5,pose,11,-1,0.5404649376869202,0.3114880323410034,-0.1385974884033203
5,pose,12,-1,0.4028596580028534,0.32356590032577515,-0.1732962280511856
5,pose,13,-1,0.554862380027771,0.5206679105758667,-0.057342223823070526
5,pose,14,-1,0.39419370889663696,0.5357117056846619,-0.1396409422159195
5,pose,15,-1,0.5511772632598877,0.7155647873878479,-0.1890869140625
5,pose,16,-1,0.4040912389755249,0.7240579128265381,-0.26095616817474365
5,pose,17,-1,0.5527696013450623,0.7690045237541199,-0.2383204847574234
5,pose,18,-1,0.4094829559326172,0.7814249992370605,-0.3031749129295349
5,pose,19,-1,0.5426578521728516,0.763783872127533,-0.27553460001945496
5,pose,20,-1,0.42245781421661377,0.7761788368225098,-0.3420732617378235
5,pose,21,-1,0.5393407940864563,0.7452012896537781,-0.2067364603281021
5,pose,22,-1,0.4238348603248596,0.755959689617157,-0.2772994637489319
5,pose,23,-1,0.5130302906036377,0.6909635663032532,0.015081879682838917
5,pose,24,-1,0.4365493059158325,0.6978833675384521,-0.01487746275961399
5,pose,25,-1,0.5178235173225403,0.9743765592575073,-0.014723358675837517
5,pose,26,-1,0.4538549780845642,0.9762440919876099,-0.027051281183958054
5,pose,27,-1,0.5280507802963257,1.1716641187667847,0.3675478994846344
5,pose,28,-1,0.4639863669872284,1.1751234531402588,0.30532678961753845
5,pose,29,-1,0.5292302370071411,1.199198842048645,0.40030959248542786
5,pose,30,-1,0.4679451584815979,1.2011284828186035,0.3349786102771759
5,pose,31,-1,0.5302751660346985,1.2572993040084839,0.2745337188243866
5,pose,32,-1,0.4729543626308441,1.258820652961731,0.18537524342536926
6,hand,0,0,0.5506117939949036,0.7194309830665588,1.0279121909206879e-07
6,hand,1,0,0.5371566414833069,0.7261710166931152,-0.006119529251009226
6,hand,2,0,0.5281319618225098,0.7440990805625916,-0.00849903840571642
6,hand,3,0,0.5219924449920654,0.7631478905677795,-0.009642478078603745
6,hand,4,0,0.5184141993522644,0.7790035009384155,-0.010299011133611202
6,hand,5,0,0.5386621952056885,0.7718347311019897,-0.006011052988469601
6,hand,6,0,0.5353106260299683,0.800167441368103,-0.008343272842466831
6,hand,7,0,0.5331823229789734,0.8160091638565063,-0.00992807000875473
6,hand,8,0,0.531688928604126,0.8282397985458374,-0.010841954499483109
6,hand,9,0,0.5464933514595032,0.7741427421569824,-0.00391056202352047
6,hand,10,0,0.5428270101547241,0.8024159669876099,-0.0062592243775725365
6,hand,11,0,0.5395973324775696,0.8189406394958496,-0.007624375633895397
6,hand,12,0,0.5368791818618774,0.8315990567207336,-0.00830653216689825
6,hand,13,0,0.5520610213279724,0.7728162407875061,-0.0022358803544193506
6,hand,14,0,0.5484079718589783,0.7990649342536926,-0.004216606263071299
6,hand,15,0,0.5451362729072571,0.8153132796287537,-0.005188826005905867
6,hand,16,0,0.5420545935630798,0.8282817006111145,-0.005584568250924349
6,hand,17,0,0.5551742315292358,0.7698367834091187,-0.0010467920219525695
6,hand,18,0,0.5515285134315491,0.7911279797554016,-0.002565543632954359
6,hand,19,0,0.5489274859428406,0.8045861721038818,-0.0028754558879882097
6,hand,20,0,0.5462566018104553,0.8152129054069519,-0.002722855657339096
6,hand,0,1,0.4025551974773407,0.7297317385673523,4.289537613999528e-08
6,hand,1,1,0.4171253740787506,0.7366502285003662,-0.005712850019335747
6,hand,2,1,0.4273797571659088,0.7560772895812988,-0.007837763987481594
6,hand,3,1,0.4348490536212921,0.775246262550354,-0.008732611313462257
6,hand,4,1,0.44029292464256287,0.7907705903053284,-0.008896340616047382
6,hand,5,1,0.4182215631008148,0.7810919284820557,-0.0045725563541054726
6,hand,6,1,0.42510586977005005,0.8089007139205933,-0.006278994493186474
6,hand,7,1,0.4285968542098999,0.8238745927810669,-0.007160707376897335
6,hand,8,1,0.4310569167137146,0.8349133133888245,-0.007320833392441273
6,hand,9,1,0.41030433773994446,0.785987377166748,-0.002212261315435171
6,hand,10,1,0.417572021484375,0.8140460848808289,-0.0030436194501817226
6,hand,11,1,0.4226108193397522,0.8283230066299438,-0.0034441272728145123
6,hand,12,1,0.42640092968940735,0.8390154242515564,-0.003551450092345476
6,hand,13,1,0.4052765369415283,0.7874407768249512,-0.0002981467405334115
6,hand,14,1,0.4125867784023285,0.8128116130828857,-0.0014298202004283667
6,hand,15,1,0.4176439046859741,0.826102614402771,-0.0016453876160085201
6,hand,16,1,0.42159876227378845,0.8352960348129272,-0.0013940567150712013
6,hand,17,1,0.40320509672164917,0.7867317199707031,0.0012131518451496959
6,hand,18,1,0.40963420271873474,0.8080447912216187,0.00031087789102457464
6,hand,19,1,0.4141635596752167,0.819506824016571,0.0005552764050662518
6,hand,20,1,0.4181023836135864,0.8273277282714844,0.0012263914104551077
6,pose,0,-1,0.46183088421821594,0.1615915596485138,-0.4113352596759796
6,pose,1,-1,0.4712468981742859,0.1370723694562912,-0.3895764946937561
6,pose,2,-1,0.47662240266799927,0.1370372325181961,-0.3896682560443878
6,pose,3,-1,0.48122647404670715,0.1372392177581787,-0.38975831866264343
6,pose,4,-1,0.45369240641593933,0.13883550465106964,-0.3916812539100647
6,pose,5,-1,0.44826948642730713,0.1396186649799347,-0.3917701840400696
6,pose,6,-1,0.4430745840072632,0.14044621586799622,-0.39190343022346497
6,pose,7,-1,0.48976415395736694,0.1487586349248886,-0.24428944289684296
6,pose,8,-1,0.43912655115127563,0.15255169570446014,-0.2526257336139679
6,pose,9,-1,0.4742434322834015,0.19102990627288818,-0.35534149408340454
6,pose,10,-1,0.4531528353691101,0.1935352236032486,-0.35792601108551025
6,pose,11,-1,0.5407483577728271,0.31168219447135925,-0.13774029910564423
6,pose,12,-1,0.4030262231826782,0.3234640061855316,-0.17722956836223602
6,pose,13,-1,0.5549966096878052,0.520764172077179,-0.06069377437233925
6,pose,14,-1,0.39421215653419495,0.5357261896133423,-0.14391909539699554
6,pose,15,-1,0.5513606667518616,0.715562641620636,-0.18929269909858704
6,pose,16,-1,0.4053388237953186,0.7233228087425232,-0.26732873916625977
6,pose,17,-1,0.5528884530067444,0.7691481709480286,-0.23843474686145782
6,pose,18,-1,0.40982162952423096,0.781423807144165,-0.3098369836807251
6,pose,19,-1,0.542718768119812,0.763817548751831,-0.2761216461658478
6,pose,20,-1,0.4229290783405304,0.7763092517852783,-0.349328875541687
6,pose,21,-1,0.53940749168396,0.7451959252357483,-0.20731572806835175
6,pose,22,-1,0.4246983826160431,0.7560330629348755,-0.28380268812179565
6,pose,23,-1,0.5135096311569214,0.6912378668785095,0.01590818539261818
6,pose,24,-1,0.4365500211715698,0.6986991167068481,-0.01567617803812027
6,pose,25,-1,0.5180913805961609,0.9718775153160095,-0.010543745011091232
6,pose,26,-1,0.45389434695243835,0.9752539992332458,-0.02788715437054634
6,pose,27,-1,0.5281782746315002,1.1822750568389893,0.3679649233818054
6,pose,28,-1,0.4638842046260834,1.1851699352264404,0.3026445806026459
6,pose,29,-1,0.5291982889175415,1.2091182470321655,0.39996737241744995
6,pose,30,-1,0.46768316626548767,1.2086831331253052,0.3315407335758209
6,pose,31,-1,0.5302367806434631,1.2669758796691895,0.26890647411346436
6,pose,32,-1,0.4728008210659027,1.2676177024841309,0.18055181205272675
7,hand,0,0,0.545911967754364,0.7043278217315674,6.159901744240415e-08
7,hand,1,0,0.5357235074043274,0.7105402946472168,-0.005782607011497021
7,hand,2,0,0.5267531871795654,0.7259785532951355,-0.008480606600642204
7,hand,3,0,0.519477128982544,0.7396394610404968,-0.01076320931315422
7,hand,4,0,0.5140737891197205,0.7498102188110352,-0.012926185503602028
7,hand,5,0,0.5331265330314636,0.7588704824447632,-0.004574046935886145
7,hand,6,0,0.5307611227035522,0.7845145463943481,-0.008776170201599598
7,hand,7,0,0.5299108624458313,0.8022578954696655,-0.01241559349000454
7,hand,8,0,0.5293833613395691,0.8166795372962952,-0.014997845515608788
7,hand,9,0,0.5388983488082886,0.7622548937797546,-0.004450683947652578
7,hand,10,0,0.538551390171051,0.7894743084907532,-0.00855526514351368
7,hand,11,0,0.5392336845397949,0.8088171482086182,-0.012263295240700245
7,hand,12,0,0.5401085019111633,0.8250157237052917,-0.014727954752743244
7,hand,13,0,0.5443910360336304,0.7615980505943298,-0.004960870835930109
7,hand,14,0,0.5442249178886414,0.7868549227714539,-0.008978319354355335
7,hand,15,0,0.5445848703384399,0.8041595816612244,-0.011486866511404514
7,hand,16,0,0.5453630685806274,0.8185603022575378,-0.012847943231463432
7,hand,17,0,0.5497717261314392,0.7575171589851379,-0.0060351695865392685
7,hand,18,0,0.5495327115058899,0.7768580317497253,-0.009509635157883167
7,hand,19,0,0.5495885610580444,0.7896018028259277,-0.010721616446971893
7,hand,20,0,0.5496862530708313,0.8004049062728882,-0.01113471481949091
7,hand,0,1,0.40605995059013367,0.7181478142738342,5.541090786209679e-08
7,hand,1,1,0.41908466815948486,0.7244672179222107,-0.006135227158665657
7,hand,2,1,0.4300779402256012,0.7438933849334717,-0.008765934966504574
7,hand,3,1,0.43723180890083313,0.763113260269165,-0.010212131775915623
7,hand,4,1,0.44069841504096985,0.7799763679504395,-0.011090575717389584
7,hand,5,1,0.4212963581085205,0.7667592167854309,-0.006996901705861092
7,hand,6,1,0.4277689754962921,0.7958081960678101,-0.01059219241142273
7,hand,7,1,0.43102213740348816,0.8143389225006104,-0.012959747575223446
7,hand,8,1,0.4328831434249878,0.8286756277084351,-0.014192723669111729
7,hand,9,1,0.4153391718864441,0.7723026871681213,-0.005165344104170799
7,hand,10,1,0.42061561346054077,0.7994869947433472,-0.007598108612000942
7,hand,11,1,0.42317208647727966,0.8172944784164429,-0.008917766623198986
7,hand,12,1,0.4243538975715637,0.8316363096237183,-0.00976975541561842
7,hand,13,1,0.41054657101631165,0.7747650742530823,-0.003870330983772874
7,hand,14,1,0.4150596261024475,0.7989993095397949,-0.005652281921356916
7,hand,15,1,0.4178280234336853,0.8150365948677063,-0.0061826505698263645
7,hand,16,1,0.4195522665977478,0.8276350498199463,-0.006381079088896513
7,hand,17,1,0.4070030748844147,0.7745835185050964,-0.0031264587305486202
7,hand,18,1,0.41053906083106995,0.7949625849723816,-0.004288976080715656
7,hand,19,1,0.4126944839954376,0.807272732257843,-0.004191781394183636
7,hand,20,1,0.41416820883750916,0.8161283135414124,-0.003849632339552045
7,pose,0,-1,0.4625123143196106,0.1614535003900528,-0.42467787861824036
7,pose,1,-1,0.4716866910457611,0.13696278631687164,-0.4018913805484772
7,pose,2,-1,0.47701677680015564,0.13694362342357635,-0.4019836485385895
7,pose,3,-1,0.48143842816352844,0.1371603161096573,-0.4020543098449707
7,pose,4,-1,0.45431777834892273,0.1387862116098404,-0.40477725863456726
7,pose,5,-1,0.4487878382205963,0.13960640132427216,-0.40487441420555115
7,pose,6,-1,0.44364169239997864,0.1404314637184143,-0.40500035881996155
7,pose,7,-1,0.4898712933063507,0.14870090782642365,-0.251539021730423
7,pose,8,-1,0.43918344378471375,0.1525409072637558,-0.2641771137714386
7,pose,9,-1,0.47485336661338806,0.19088344275951385,-0.367258220911026
7,pose,10,-1,0.45416972041130066,0.19353023171424866,-0.3709218204021454
7,pose,11,-1,0.5408604741096497,0.3121926784515381,-0.14190752804279327
7,pose,12,-1,0.40312668681144714,0.32345885038375854,-0.18267731368541718
7,pose,13,-1,0.5570712685585022,0.5208215117454529,-0.0643325001001358
7,pose,14,-1,0.39377525448799133,0.5349181294441223,-0.14865437150001526
7,pose,15,-1,0.5509945750236511,0.7135049700737,-0.20257416367530823
7,pose,16,-1,0.40742531418800354,0.7181625366210938,-0.278399258852005
7,pose,17,-1,0.5528898239135742,0.7681693434715271,-0.2518819272518158
7,pose,18,-1,0.4118219017982483,0.7786296010017395,-0.3214564919471741
7,pose,19,-1,0.5426221489906311,0.7635132670402527,-0.2904140055179596
7,pose,20,-1,0.42490068078041077,0.7748651504516602,-0.3613519072532654
7,pose,21,-1,0.5391607284545898,0.7448713183403015,-0.22025932371616364
7,pose,22,-1,0.4266611337661743,0.7536029815673828,-0.2949088513851166
7,pose,23,-1,0.5154563188552856,0.6909075975418091,0.015531694516539574
7,pose,24,-1,0.43742382526397705,0.6984667181968689,-0.015269960276782513
7,pose,25,-1,0.5182268619537354,0.970504105091095,-0.011005855165421963
7,pose,26,-1,0.45411455631256104,0.9743990302085876,-0.021740896627306938
7,pose,27,-1,0.5302034616470337,1.1872221231460571,0.3403036892414093
7,pose,28,-1,0.4652772545814514,1.1853585243225098,0.3057292699813843
7,pose,29,-1,0.5312674641609192,1.2151175737380981,0.36906898021698
7,pose,30,-1,0.4688917398452759,1.2088359594345093,0.33564358949661255
7,pose,31,-1,0.5314908027648926,1.2706866264343262,0.23246341943740845
7,pose,32,-1,0.4743289053440094,1.2666072845458984,0.18749023973941803
8,pose,0,-1,0.4630497694015503,0.16137243807315826,-0.4273446202278137
8,pose,1,-1,0.47222453355789185,0.13690213859081268,-0.4047737419605255
8,pose,2,-1,0.4774574339389801,0.1369023621082306,-0.40489885210990906
8,pose,3,-1,0.4817619025707245,0.13711705803871155,-0.40500956773757935
8,pose,4,-1,0.4548465609550476,0.1386978030204773,-0.4067746698856354
8,pose,5,-1,0.4492197632789612,0.1395362764596939,-0.4068606197834015
8,pose,6,-1,0.4440673291683197,0.14031463861465454,-0.40698474645614624
8,pose,7,-1,0.49011945724487305,0.14860734343528748,-0.2540915310382843
8,pose,8,-1,0.4392547905445099,0.15237051248550415,-0.26402413845062256
8,pose,9,-1,0.4752928614616394,0.19082319736480713,-0.36975225806236267
8,pose,10,-1,0.454812228679657,0.19351425766944885,-0.3724416494369507
8,pose,11,-1,0.5410537123680115,0.3121606111526489,-0.14202041923999786
8,pose,12,-1,0.4031739830970764,0.3232162296772003,-0.18324121832847595
8,pose,13,-1,0.5618717670440674,0.5158174633979797,-0.06575299799442291
8,pose,14,-1,0.39179202914237976,0.531537652015686,-0.14993436634540558
8,pose,15,-1,0.5483162999153137,0.6843509078025818,-0.20176666975021362
8,pose,16,-1,0.4142211675643921,0.7097460031509399,-0.28300511837005615
8,pose,17,-1,0.5485395789146423,0.7392899394035339,-0.2517942786216736
8,pose,18,-1,0.41967737674713135,0.7683418989181519,-0.32856935262680054
8,pose,19,-1,0.5367637872695923,0.7328545451164246,-0.2891521453857422
8,pose,20,-1,0.4309510290622711,0.7663666605949402,-0.3665379285812378
8,pose,21,-1,0.5331898927688599,0.7187531590461731,-0.21869774162769318
8,pose,22,-1,0.43202850222587585,0.7453391551971436,-0.2989973723888397
8,pose,23,-1,0.5171142816543579,0.6895591020584106,0.015476014465093613
8,pose,24,-1,0.4385889768600464,0.6948718428611755,-0.01522307749837637
8,pose,25,-1,0.5190603137016296,0.9676450490951538,-0.030197612941265106
8,pose,26,-1,0.45431414246559143,0.96964031457901,-0.03767671808600426
8,pose,27,-1,0.530103862285614,1.1798912286758423,0.32337960600852966
8,pose,28,-1,0.4684842526912689,1.1824578046798706,0.30380332469940186
8,pose,29,-1,0.5310052037239075,1.2069549560546875,0.352796345949173
8,pose,30,-1,0.47269418835639954,1.1981559991836548,0.3345547020435333
8,pose,31,-1,0.5334025621414185,1.2644177675247192,0.22522537410259247
8,pose,32,-1,0.47783294320106506,1.2657378911972046,0.19082976877689362
9,hand,0,0,0.42188361287117004,0.6436629295349121,4.3720223885657106e-08
9,hand,1,0,0.42807623744010925,0.6509130001068115,-0.0001886077516246587
9,hand,2,0,0.4317735731601715,0.6694043874740601,0.0004673661896958947
9,hand,3,0,0.43383610248565674,0.6832317113876343,0.0007440157351084054
9,hand,4,0,0.4366452693939209,0.6940699219703674,0.0012485083425417542
9,hand,5,0,0.43144646286964417,0.6863617897033691,0.002578363288193941
9,hand,6,0,0.43577584624290466,0.7078943252563477,0.0008570944191887975
9,hand,7,0,0.43890583515167236,0.7236683368682861,-0.0010876572923734784
9,hand,8,0,0.4409872591495514,0.7362631559371948,-0.0023385488893836737
9,hand,9,0,0.430410772562027,0.6892900466918945,0.0013874827418476343
9,hand,10,0,0.43527597188949585,0.7104883193969727,-2.951508758997079e-05
9,hand,11,0,0.4381504952907562,0.7256878614425659,-0.002132151275873184
9,hand,12,0,0.4408508539199829,0.7396510243415833,-0.0034999586641788483
9,hand,13,0,0.4292142689228058,0.6918389201164246,-0.0001607791637070477
9,hand,14,0,0.4340713322162628,0.7116680145263672,-0.0011196185369044542
9,hand,15,0,0.437079519033432,0.7257146835327148,-0.0020248405635356903
9,hand,16,0,0.439714640378952,0.7382128238677979,-0.002503800904378295
9,hand,17,0,0.42808330059051514,0.6942800879478455,-0.001950509729795158
9,hand,18,0,0.4323928952217102,0.7107588648796082,-0.0021411068737506866
9,hand,19,0,0.435161828994751,0.7218409180641174,-0.0018298830837011337
9,hand,20,0,0.43754297494888306,0.731421172618866,-0.001499440404586494
9,pose,0,-1,0.463757187128067,0.16124166548252106,-0.36268454790115356
9,pose,1,-1,0.4728304147720337,0.13680744171142578,-0.33874812722206116
9,pose,2,-1,0.47790423035621643,0.13683435320854187,-0.3389330506324768
9,pose,3,-1,0.482096791267395,0.13702765107154846,-0.33902695775032043
9,pose,4,-1,0.45548102259635925,0.13851918280124664,-0.33972206711769104
9,pose,5,-1,0.449794203042984,0.139381542801857,-0.3398183584213257
9,pose,6,-1,0.444659024477005,0.1400967240333557,-0.3399457335472107
9,pose,7,-1,0.4904080927371979,0.14847378432750702,-0.18883952498435974
9,pose,8,-1,0.43940499424934387,0.15200695395469666,-0.19263747334480286
9,pose,9,-1,0.4757760465145111,0.19073444604873657,-0.3059130012989044
9,pose,10,-1,0.4555237889289856,0.19346033036708832,-0.3070374131202698
9,pose,11,-1,0.5410494208335876,0.3121008574962616,-0.08929070085287094
9,pose,12,-1,0.40316855907440186,0.3228938579559326,-0.10175032168626785
9,pose,13,-1,0.5682021379470825,0.5066302418708801,-0.04698852822184563
9,pose,14,-1,0.3876033127307892,0.5219283699989319,-0.06515664607286453
9,pose,15,-1,0.547450602054596,0.6318175196647644,-0.2100236415863037
9,pose,16,-1,0.415475994348526,0.6540575623512268,-0.22106288373470306
9,pose,17,-1,0.5426570177078247,0.6830355525016785,-0.2664221525192261
9,pose,18,-1,0.42343467473983765,0.7095436453819275,-0.2650243639945984
9,pose,19,-1,0.530547559261322,0.6675612330436707,-0.2955569326877594
9,pose,20,-1,0.43319278955459595,0.7020422220230103,-0.30251142382621765
9,pose,21,-1,0.5293475985527039,0.6525385975837708,-0.22391699254512787
9,pose,22,-1,0.43271228671073914,0.6796262264251709,-0.23696637153625488
9,pose,23,-1,0.5187184810638428,0.6892867684364319,0.009223113767802715
9,pose,24,-1,0.44116339087486267,0.6947792768478394,-0.008845529519021511
9,pose,25,-1,0.5194880366325378,0.9689944982528687,-0.07239675521850586
9,pose,26,-1,0.454231321811676,0.9746270179748535,-0.049133822321891785
9,pose,27,-1,0.5304714441299438,1.2037750482559204,0.23190100491046906
9,pose,28,-1,0.46850091218948364,1.2063875198364258,0.2591683566570282
9,pose,29,-1,0.531798243522644,1.2335063219070435,0.2552200257778168
9,pose,30,-1,0.47249045968055725,1.2292251586914062,0.28574249148368835
9,pose,31,-1,0.5329827666282654,1.2878987789154053,0.12405518442392349
9,pose,32,-1,0.47715291380882263,1.2857753038406372,0.14777325093746185
10,pose,0,-1,0.46400123834609985,0.16080205142498016,-0.3123040497303009
10,pose,1,-1,0.4731830060482025,0.13667790591716766,-0.28845876455307007
10,pose,2,-1,0.4782484173774719,0.13677065074443817,-0.28864818811416626
10,pose,3,-1,0.4824185073375702,0.13694147765636444,-0.2887784242630005
10,pose,4,-1,0.45574089884757996,0.13826468586921692,-0.28881582617759705
10,pose,5,-1,0.45002809166908264,0.13909746706485748,-0.28886598348617554
10,pose,6,-1,0.44483682513237,0.13971763849258423,-0.28897732496261597
10,pose,7,-1,0.4908064007759094,0.14845627546310425,-0.14061695337295532
10,pose,8,-1,0.43941745162010193,0.15168561041355133,-0.14191432297229767
10,pose,9,-1,0.47604742646217346,0.190572127699852,-0.25654229521751404
10,pose,10,-1,0.4556174874305725,0.19320306181907654,-0.25707298517227173
10,pose,11,-1,0.5410459637641907,0.3119816184043884,-0.046391770243644714
10,pose,12,-1,0.40312474966049194,0.32192501425743103,-0.06027867645025253
10,pose,13,-1,0.5728383660316467,0.49254199862480164,-0.05127819627523422
10,pose,14,-1,0.3816169798374176,0.5107442736625671,-0.07591692358255386
10,pose,15,-1,0.5464085340499878,0.569307267665863,-0.25531476736068726
10,pose,16,-1,0.41505539417266846,0.5762041211128235,-0.2780876159667969
10,pose,17,-1,0.533272385597229,0.601538360118866,-0.31423667073249817
10,pose,18,-1,0.42493829131126404,0.6104746460914612,-0.3281492590904236
10,pose,19,-1,0.5251697301864624,0.5800942182540894,-0.32776471972465515
10,pose,20,-1,0.43276309967041016,0.5960927605628967,-0.3501008450984955
10,pose,21,-1,0.5268628597259521,0.5700463056564331,-0.2632550299167633
10,pose,22,-1,0.4322579801082611,0.5811627507209778,-0.28950560092926025
10,pose,23,-1,0.5186522006988525,0.6890982389450073,0.009308518841862679
10,pose,24,-1,0.4414805471897125,0.6948843002319336,-0.008944672532379627
10,pose,25,-1,0.5197202563285828,0.970378041267395,-0.06691645085811615
10,pose,26,-1,0.4533427655696869,0.9789741635322571,-0.04496762529015541
10,pose,27,-1,0.5316005945205688,1.204097867012024,0.20747549831867218
10,pose,28,-1,0.4707789123058319,1.1987141370773315,0.275144100189209
10,pose,29,-1,0.5323801040649414,1.234264612197876,0.2279777228832245
10,pose,30,-1,0.476116806268692,1.2200275659561157,0.30347368121147156
10,pose,31,-1,0.5345247983932495,1.286771535873413,0.09745674580335617
10,pose,32,-1,0.47802481055259705,1.2784003019332886,0.16068680584430695
11,pose,0,-1,0.46417951583862305,0.1616939753293991,-0.27648255228996277
11,pose,1,-1,0.4733907878398895,0.13695469498634338,-0.25451692938804626
11,pose,2,-1,0.47845080494880676,0.13702869415283203,-0.25467875599861145
11,pose,3,-1,0.48258429765701294,0.13717059791088104,-0.2547444999217987
11,pose,4,-1,0.4558185935020447,0.1383885145187378,-0.2574504613876343
11,pose,5,-1,0.4502101540565491,0.13914404809474945,-0.25752586126327515
11,pose,6,-1,0.4450302720069885,0.13974805176258087,-0.2576349377632141
11,pose,7,-1,0.4912695586681366,0.14856471121311188,-0.10369951277971268
11,pose,8,-1,0.439576655626297,0.1519097089767456,-0.11417867243289948
11,pose,9,-1,0.47627270221710205,0.19150647521018982,-0.2183048129081726
11,pose,10,-1,0.45579448342323303,0.19404397904872894,-0.22136835753917694
11,pose,11,-1,0.5410774946212769,0.3118067681789398,0.007550482172518969
11,pose,12,-1,0.40310513973236084,0.3219239413738251,-0.027486750856041908
11,pose,13,-1,0.5797164440155029,0.49417978525161743,-0.05409485474228859
11,pose,14,-1,0.3778563141822815,0.5133377909660339,-0.09180508553981781
11,pose,15,-1,0.5427592992782593,0.5015236139297485,-0.34351345896720886
11,pose,16,-1,0.41608014702796936,0.5118770599365234,-0.3594824969768524
11,pose,17,-1,0.5284709334373474,0.49859821796417236,-0.40734022855758667
11,pose,18,-1,0.4290662109851837,0.517454981803894,-0.4126727283000946
11,pose,19,-1,0.5247204303741455,0.47326764464378357,-0.4062765836715698
11,pose,20,-1,0.4325902760028839,0.49330171942710876,-0.42087987065315247
11,pose,21,-1,0.5267760753631592,0.47223928570747375,-0.34756821393966675
11,pose,22,-1,0.43189966678619385,0.48939797282218933,-0.36523208022117615
11,pose,23,-1,0.5184995532035828,0.689035952091217,0.012021043337881565
11,pose,24,-1,0.4413684904575348,0.695120632648468,-0.01149365957826376
11,pose,25,-1,0.5198814272880554,0.9751620888710022,-0.058471594005823135
11,pose,26,-1,0.4530610740184784,0.9844290018081665,-0.0398227795958519
11,pose,27,-1,0.5331808924674988,1.2262569665908813,0.16977450251579285
11,pose,28,-1,0.47070446610450745,1.2037091255187988,0.28097206354141235
11,pose,29,-1,0.533412516117096,1.2613121271133423,0.18386754393577576
11,pose,30,-1,0.4752780795097351,1.22431218624115,0.31059059500694275
11,pose,31,-1,0.5379849672317505,1.3019962310791016,0.03796832263469696
11,pose,32,-1,0.4813459813594818,1.2849345207214355,0.17975276708602905
12,pose,0,-1,0.4650103449821472,0.16314150393009186,-0.15945103764533997
12,pose,1,-1,0.4741073250770569,0.13728486001491547,-0.13765931129455566
12,pose,2,-1,0.4789600968360901,0.1373017579317093,-0.1377984881401062
12,pose,3,-1,0.4832301735877991,0.13738013803958893,-0.13783887028694153
12,pose,4,-1,0.45624569058418274,0.13865570724010468,-0.13797858357429504
12,pose,5,-1,0.4506444036960602,0.13933640718460083,-0.13805535435676575
12,pose,6,-1,0.4454517960548401,0.13999594748020172,-0.1380378156900406
12,pose,7,-1,0.49171847105026245,0.14859148859977722,-0.0010020569898188114
12,pose,8,-1,0.4398142695426941,0.15233495831489563,-0.0015849738847464323
12,pose,9,-1,0.476753830909729,0.1924581080675125,-0.10730818659067154
12,pose,10,-1,0.4565589725971222,0.19548851251602173,-0.10768242180347443
12,pose,11,-1,0.5410556197166443,0.31046074628829956,0.08701575547456741
12,pose,12,-1,0.4032430052757263,0.3213852047920227,0.0764685645699501
12,pose,13,-1,0.5860849618911743,0.49502864480018616,0.01736484095454216
12,pose,14,-1,0.3732503056526184,0.5140175819396973,-0.00849578995257616
12,pose,15,-1,0.5338631272315979,0.4386284649372101,-0.1976940631866455
12,pose,16,-1,0.415643572807312,0.46047475934028625,-0.2534152567386627
12,pose,17,-1,0.5214254260063171,0.4193950891494751,-0.24535587430000305
12,pose,18,-1,0.4280875325202942,0.44093894958496094,-0.30031445622444153
12,pose,19,-1,0.5193900465965271,0.39892473816871643,-0.22462715208530426
12,pose,20,-1,0.4325157403945923,0.421096533536911,-0.2864364981651306
12,pose,21,-1,0.5202566981315613,0.4045187830924988,-0.19099371135234833
12,pose,22,-1,0.43176916241645813,0.42528218030929565,-0.24953976273536682
12,pose,23,-1,0.5184897184371948,0.6889310479164124,0.01102338545024395
12,pose,24,-1,0.44138118624687195,0.6950778961181641,-0.010413509793579578
12,pose,25,-1,0.5201270580291748,0.9759823083877563,-0.05512451380491257
12,pose,26,-1,0.4527934193611145,0.9856653213500977,-0.04807455465197563
12,pose,27,-1,0.5336025953292847,1.2244436740875244,0.20842257142066956
12,pose,28,-1,0.4714374840259552,1.2135381698608398,0.24930748343467712
12,pose,29,-1,0.5348617434501648,1.256994366645813,0.22836469113826752
12,pose,30,-1,0.4750749170780182,1.2332429885864258,0.27625158429145813
12,pose,31,-1,0.5379294157028198,1.3011070489883423,0.10527430474758148
12,pose,32,-1,0.4834516644477844,1.2965763807296753,0.16020937263965607
13,pose,0,-1,0.4654325544834137,0.16415037214756012,-0.14317771792411804
13,pose,1,-1,0.47458416223526,0.13747793436050415,-0.11942105740308762
13,pose,2,-1,0.47928866744041443,0.13746927678585052,-0.11953413486480713
13,pose,3,-1,0.4835926294326782,0.13751757144927979,-0.11955230683088303
13,pose,4,-1,0.4565136730670929,0.13883113861083984,-0.12087376415729523
13,pose,5,-1,0.4508591294288635,0.13947878777980804,-0.12096163630485535
13,pose,6,-1,0.4456292390823364,0.1402111053466797,-0.12094268202781677
13,pose,7,-1,0.49199211597442627,0.1486341506242752,0.02238614670932293
13,pose,8,-1,0.4398185610771179,0.15308700501918793,0.016497965902090073
13,pose,9,-1,0.4769250750541687,0.1937217265367508,-0.08953142911195755
13,pose,10,-1,0.456753671169281,0.19673840701580048,-0.0916137769818306
13,pose,11,-1,0.5410188436508179,0.30775946378707886,0.10284923017024994
13,pose,12,-1,0.4036259055137634,0.31925565004348755,0.07898373901844025
13,pose,13,-1,0.5891234874725342,0.49059662222862244,-0.008179297670722008
13,pose,14,-1,0.36988556385040283,0.5131856203079224,-0.042840685695409775
13,pose,15,-1,0.5311135649681091,0.37927958369255066,-0.19799409806728363
13,pose,16,-1,0.4152381718158722,0.41407567262649536,-0.2705274820327759
13,pose,17,-1,0.5171477794647217,0.3518722951412201,-0.2536531984806061
13,pose,18,-1,0.42701709270477295,0.3881569504737854,-0.3163120448589325
13,pose,19,-1,0.514906644821167,0.33698028326034546,-0.24101541936397552
13,pose,20,-1,0.4316475987434387,0.3640749752521515,-0.3061273396015167
13,pose,21,-1,0.5156970620155334,0.3435114324092865,-0.20768123865127563
13,pose,22,-1,0.4310954809188843,0.36961641907691956,-0.25709080696105957
13,pose,23,-1,0.5184113383293152,0.6884770393371582,0.011675362475216389
13,pose,24,-1,0.44133415818214417,0.6936550140380859,-0.010970312170684338
13,pose,25,-1,0.5202397704124451,0.9773117899894714,-0.05375649407505989
13,pose,26,-1,0.45255520939826965,0.9872528314590454,-0.04798096790909767
13,pose,27,-1,0.5343482494354248,1.2271264791488647,0.21536347270011902
13,pose,28,-1,0.47178179025650024,1.2236284017562866,0.2518121600151062
13,pose,29,-1,0.5370588302612305,1.2594213485717773,0.23630933463573456
13,pose,30,-1,0.47484061121940613,1.2453835010528564,0.2789500951766968
13,pose,31,-1,0.5367964506149292,1.3059734106063843,0.11823036521673203
13,pose,32,-1,0.4840701222419739,1.306059718132019,0.16287432610988617
14,hand,0,0,0.5163491368293762,0.31993621587753296,8.931576900295113e-08
14,hand,1,0,0.5049725770950317,0.3182260990142822,-0.0011451500467956066
14,hand,2,0,0.4957675039768219,0.3070063889026642,-0.003597769420593977
14,hand,3,0,0.4888833165168762,0.30270206928253174,-0.006921262014657259
14,hand,4,0,0.48351752758026123,0.3005300760269165,-0.010766442865133286
14,hand,5,0,0.5016291737556458,0.26684069633483887,-0.0022399486042559147
14,hand,6,0,0.4986625909805298,0.24457187950611115,-0.005555335432291031
14,hand,7,0,0.49597081542015076,0.23280587792396545,-0.008236904628574848
14,hand,8,0,0.49378448724746704,0.224226176738739,-0.010215573944151402
14,hand,9,0,0.5057690143585205,0.2638769745826721,-0.005614066030830145
14,hand,10,0,0.5039011240005493,0.23301836848258972,-0.008669967763125896
14,hand,11,0,0.5027413368225098,0.21423637866973877,-0.011061721481382847
14,hand,12,0,0.5019448399543762,0.19872714579105377,-0.01265211496502161
14,hand,13,0,0.5096696615219116,0.26713448762893677,-0.00954930018633604
14,hand,14,0,0.5063978433609009,0.23811987042427063,-0.013985243625938892
14,hand,15,0,0.5045759081840515,0.21978600323200226,-0.01736046001315117
14,hand,16,0,0.5032052993774414,0.20454458892345428,-0.019509587436914444
14,hand,17,0,0.5134530067443848,0.2751045525074005,-0.013519247993826866
14,hand,18,0,0.5144146680831909,0.2554985284805298,-0.017875714227557182
14,hand,19,0,0.5143558382987976,0.2436920702457428,-0.019714726135134697
14,hand,20,0,0.5137381553649902,0.2335069477558136,-0.020885104313492775
14,pose,0,-1,0.46583670377731323,0.1647765338420868,-0.09248580038547516
14,pose,1,-1,0.47475185990333557,0.13773734867572784,-0.06723875552415848
14,pose,2,-1,0.4793694317340851,0.1377371847629547,-0.06728463619947433
14,pose,3,-1,0.4836233854293823,0.13779409229755402,-0.06727123260498047
14,pose,4,-1,0.4569148123264313,0.1390453428030014,-0.06617186218500137
14,pose,5,-1,0.4511755704879761,0.13962674140930176,-0.06627184897661209
14,pose,6,-1,0.4459991753101349,0.14040729403495789,-0.06625876575708389
14,pose,7,-1,0.4923146367073059,0.1496831476688385,0.0646984726190567
14,pose,8,-1,0.440062016248703,0.15365277230739594,0.07011233270168304
14,pose,9,-1,0.4773116707801819,0.19411179423332214,-0.044459324330091476
14,pose,10,-1,0.4570782780647278,0.1969832330942154,-0.04333280026912689
14,pose,11,-1,0.5409210920333862,0.30530649423599243,0.12115880846977234
14,pose,12,-1,0.40485191345214844,0.3181600570678711,0.10476291924715042
14,pose,13,-1,0.5902023911476135,0.47607365250587463,-0.018520744517445564
14,pose,14,-1,0.3692283630371094,0.5036830902099609,-0.03609143942594528
14,pose,15,-1,0.5183022022247314,0.31429269909858704,-0.1738213747739792
14,pose,16,-1,0.4164654314517975,0.3781016170978546,-0.19427910447120667
14,pose,17,-1,0.5053190588951111,0.2696639895439148,-0.213742196559906
14,pose,18,-1,0.43078356981277466,0.33698734641075134,-0.23143330216407776
14,pose,19,-1,0.5047718286514282,0.2584483027458191,-0.17501287162303925
14,pose,20,-1,0.4343571662902832,0.31859341263771057,-0.20034267008304596
14,pose,21,-1,0.5054288506507874,0.27469518780708313,-0.16269589960575104
14,pose,22,-1,0.43340376019477844,0.3289220333099365,-0.184196338057518
14,pose,23,-1,0.5183884501457214,0.6881471872329712,0.01434368547052145
14,pose,24,-1,0.4408937394618988,0.6923169493675232,-0.013528506271541119
14,pose,25,-1,0.5207656621932983,0.9775012135505676,-0.027830207720398903
14,pose,26,-1,0.452551931142807,0.9879088401794434,-0.058335766196250916
14,pose,27,-1,0.534681499004364,1.2317217588424683,0.2348237931728363
14,pose,28,-1,0.47152236104011536,1.2275525331497192,0.21455925703048706
14,pose,29,-1,0.5383336544036865,1.2652069330215454,0.25718361139297485
14,pose,30,-1,0.4745425879955292,1.2519817352294922,0.23952558636665344
14,pose,31,-1,0.5349170565605164,1.3123396635055542,0.13792619109153748
14,pose,32,-1,0.4836066961288452,1.3093115091323853,0.129293754696846
15,hand,0,0,0.5214789509773254,0.2979261577129364,1.0157454966019941e-07
15,hand,1,0,0.5067419409751892,0.2905611991882324,0.0011937952367588878
15,hand,2,0,0.4948064386844635,0.28076404333114624,0.0005842781392857432
15,hand,3,0,0.4849843680858612,0.27783697843551636,-0.0014251302927732468
15,hand,4,0,0.4774168133735657,0.2767312824726105,-0.0037670438177883625
15,hand,5,0,0.5020443797111511,0.24208243191242218,0.006485838443040848
15,hand,6,0,0.4980716407299042,0.22138440608978271,0.005195461213588715
15,hand,7,0,0.4956035315990448,0.20728813111782074,0.0023841948714107275
15,hand,8,0,0.4935509264469147,0.1944938451051712,-1.9572806195355952e-05
15,hand,9,0,0.5059875249862671,0.23780754208564758,0.0025940502528101206
15,hand,10,0,0.5026585459709167,0.21489185094833374,0.0016177009092643857
15,hand,11,0,0.5004529356956482,0.19880451261997223,-0.0008902075933292508
15,hand,12,0,0.4986543655395508,0.1848697066307068,-0.0030229471158236265
15,hand,13,0,0.5095425248146057,0.23628520965576172,-0.0021265565883368254
15,hand,14,0,0.5076247453689575,0.21182894706726074,-0.0038770711980760098
15,hand,15,0,0.5058324933052063,0.19389265775680542,-0.006120732054114342
15,hand,16,0,0.5045609474182129,0.177814319729805,-0.00791106466203928
15,hand,17,0,0.5123715400695801,0.2376781702041626,-0.007065917830914259
15,hand,18,0,0.5122789740562439,0.2167033851146698,-0.008413483388721943
15,hand,19,0,0.512093722820282,0.20191991329193115,-0.008857686072587967
15,hand,20,0,0.5116296410560608,0.18718641996383667,-0.009445535950362682
15,pose,0,-1,0.46617254614830017,0.16624411940574646,-0.08040241152048111
15,pose,1,-1,0.4748245179653168,0.1386941820383072,-0.052336882799863815
15,pose,2,-1,0.479402631521225,0.13852263987064362,-0.05232249200344086
15,pose,3,-1,0.48361146450042725,0.13851597905158997,-0.052252162247896194
15,pose,4,-1,0.4573062062263489,0.1401423066854477,-0.05161063373088837
15,pose,5,-1,0.45163214206695557,0.14057527482509613,-0.051754020154476166
15,pose,6,-1,0.44666948914527893,0.14141136407852173,-0.05173317715525627
15,pose,7,-1,0.49236220121383667,0.15114033222198486,0.0809725672006607
15,pose,8,-1,0.4410209357738495,0.15409496426582336,0.08462443947792053
15,pose,9,-1,0.47786542773246765,0.19512532651424408,-0.03321246802806854
15,pose,10,-1,0.4577232003211975,0.19775550067424774,-0.03258020058274269
15,pose,11,-1,0.5400872826576233,0.3050318956375122,0.12470890581607819
15,pose,12,-1,0.4057762026786804,0.31562694907188416,0.09896842390298843
15,pose,13,-1,0.5901716351509094,0.4585154354572296,-0.024171356111764908
15,pose,14,-1,0.37027931213378906,0.48465022444725037,-0.05141793563961983
15,pose,15,-1,0.5180965662002563,0.28702202439308167,-0.17477792501449585
15,pose,16,-1,0.4245373010635376,0.3252865970134735,-0.16985222697257996
15,pose,17,-1,0.50505530834198,0.24163153767585754,-0.21367140114307404
15,pose,18,-1,0.4423547387123108,0.27708420157432556,-0.20393696427345276
15,pose,19,-1,0.503750741481781,0.2349037379026413,-0.17532452940940857
15,pose,20,-1,0.44627147912979126,0.2656451165676117,-0.1677384376525879
15,pose,21,-1,0.5038440227508545,0.2510029971599579,-0.1631917953491211
15,pose,22,-1,0.444102942943573,0.2842492461204529,-0.15878966450691223
15,pose,23,-1,0.5183392763137817,0.688011109828949,0.017337871715426445
15,pose,24,-1,0.4408632516860962,0.6913468241691589,-0.016411883756518364
15,pose,25,-1,0.5211411714553833,0.9786726236343384,-0.012350239790976048
15,pose,26,-1,0.45220232009887695,0.9885169267654419,-0.057629041373729706
15,pose,27,-1,0.5347340703010559,1.2376062870025635,0.2149886190891266
15,pose,28,-1,0.47133445739746094,1.228484034538269,0.1952001303434372
15,pose,29,-1,0.5386697053909302,1.2734358310699463,0.23326386511325836
15,pose,30,-1,0.474018931388855,1.2550175189971924,0.21635809540748596
15,pose,31,-1,0.533680260181427,1.3159961700439453,0.12189614772796631
15,pose,32,-1,0.4832665026187897,1.3087713718414307,0.10478118807077408
16,hand,0,0,0.5213430523872375,0.276436984539032,1.50983510138758e-07
16,hand,1,0,0.5054917335510254,0.26683324575424194,-0.0026272183749824762
16,hand,2,0,0.4914180338382721,0.25553008913993835,-0.0039083999581635
16,hand,3,0,0.4806647300720215,0.25517991185188293,-0.005383556243032217
16,hand,4,0,0.4736654460430145,0.2596164345741272,-0.006983165629208088
16,hand,5,0,0.5018740892410278,0.21828117966651917,0.0010246291058138013
16,hand,6,0,0.49715322256088257,0.19703277945518494,-0.0002481115807313472
16,hand,7,0,0.4931824207305908,0.1840737760066986,-0.0026572493370622396
16,hand,8,0,0.4890897572040558,0.17326581478118896,-0.004617248196154833
16,hand,9,0,0.507594645023346,0.2144361436367035,0.00023406527179758996
16,hand,10,0,0.5086341500282288,0.18909314274787903,-0.0009499082225374877
16,hand,11,0,0.508564829826355,0.17155659198760986,-0.0030452569480985403
16,hand,12,0,0.5082107782363892,0.1561870276927948,-0.004657689481973648
16,hand,13,0,0.5117192268371582,0.2146243453025818,-0.0012677009217441082
16,hand,14,0,0.5135854482650757,0.1903756558895111,-0.0029313049744814634
16,hand,15,0,0.5133844017982483,0.1729176938533783,-0.004852044861763716
16,hand,16,0,0.513250470161438,0.15754181146621704,-0.00607600063085556
16,hand,17,0,0.5137388706207275,0.2186293601989746,-0.003172187367454171
16,hand,18,0,0.5162656903266907,0.19654639065265656,-0.004753670189529657
16,hand,19,0,0.5179776549339294,0.18020963668823242,-0.0052680871449410915
16,hand,20,0,0.5195072293281555,0.16522860527038574,-0.005508566740900278
16,pose,0,-1,0.4672280550003052,0.1670272797346115,-0.08777032047510147
16,pose,1,-1,0.4752453565597534,0.1398334503173828,-0.05759953334927559
16,pose,2,-1,0.4796115458011627,0.1394536793231964,-0.05756600573658943
16,pose,3,-1,0.4837295114994049,0.1392984837293625,-0.0574907585978508
16,pose,4,-1,0.4583422839641571,0.141342431306839,-0.05883999913930893
16,pose,5,-1,0.4525488018989563,0.141695037484169,-0.05897679552435875
16,pose,6,-1,0.44788840413093567,0.14245520532131195,-0.058967188000679016
16,pose,7,-1,0.49276870489120483,0.15237081050872803,0.08305029571056366
16,pose,8,-1,0.44209936261177063,0.15545184910297394,0.07824913412332535
16,pose,9,-1,0.4789745509624481,0.19597697257995605,-0.03823993355035782
16,pose,10,-1,0.45900872349739075,0.19907338917255402,-0.04003085196018219
16,pose,11,-1,0.5385947823524475,0.30401843786239624,0.12467189133167267
16,pose,12,-1,0.4073289632797241,0.312283456325531,0.0814136192202568
16,pose,13,-1,0.5912417769432068,0.44258204102516174,-0.04435380920767784
16,pose,14,-1,0.37142354249954224,0.4702777862548828,-0.09362556040287018
16,pose,15,-1,0.5202916264533997,0.27020084857940674,-0.18462342023849487
16,pose,16,-1,0.4299209713935852,0.29488405585289,-0.2048826515674591
16,pose,17,-1,0.5066200494766235,0.2270343005657196,-0.22999165952205658
16,pose,18,-1,0.4465096890926361,0.2512938976287842,-0.24240274727344513
16,pose,19,-1,0.5048038959503174,0.22115735709667206,-0.20006848871707916
16,pose,20,-1,0.4506697952747345,0.244405135512352,-0.21062959730625153
16,pose,21,-1,0.5047052502632141,0.2377973198890686,-0.1818769872188568
16,pose,22,-1,0.44888925552368164,0.25939539074897766,-0.19762390851974487
16,pose,23,-1,0.5184050798416138,0.6878594756126404,0.02199099399149418
16,pose,24,-1,0.44084200263023376,0.6905419230461121,-0.020976636558771133
16,pose,25,-1,0.5212714672088623,0.9782508015632629,-0.014741411432623863
16,pose,26,-1,0.45212066173553467,0.9887669086456299,-0.04101055860519409
16,pose,27,-1,0.5366093516349792,1.2415344715118408,0.19225497543811798
16,pose,28,-1,0.4712780714035034,1.2282620668411255,0.19464406371116638
16,pose,29,-1,0.5406307578086853,1.2793678045272827,0.20811834931373596
16,pose,30,-1,0.47365429997444153,1.256568431854248,0.21379050612449646
16,pose,31,-1,0.5347347259521484,1.318331003189087,0.08946672827005386
16,pose,32,-1,0.48361140489578247,1.3089790344238281,0.09252533316612244
17,hand,0,0,0.4252992868423462,0.2685803174972534,7.448970507084596e-08
17,hand,1,0,0.43057942390441895,0.2436346411705017,0.00012043271999573335
17,hand,2,0,0.44130435585975647,0.22275421023368835,-0.0023184914607554674
17,hand,3,0,0.4513210654258728,0.21227139234542847,-0.0053471410647034645
17,hand,4,0,0.4590590000152588,0.20801961421966553,-0.008540616370737553
17,hand,5,0,0.44484245777130127,0.21310517191886902,-0.005913392174988985
17,hand,6,0,0.4566887617111206,0.19609111547470093,-0.012329946272075176
17,hand,7,0,0.46455174684524536,0.18700352311134338,-0.016721481457352638
17,hand,8,0,0.47012338042259216,0.18042846024036407,-0.01948545314371586
17,hand,9,0,0.4465339183807373,0.22336143255233765,-0.009538281708955765
17,hand,10,0,0.4591168165206909,0.20641852915287018,-0.015325403772294521
17,hand,11,0,0.46830570697784424,0.1998552829027176,-0.018393946811556816
17,hand,12,0,0.47550538182258606,0.1964370757341385,-0.02039168030023575
17,hand,13,0,0.44808098673820496,0.238023579120636,-0.01316859945654869
17,hand,14,0,0.46041983366012573,0.2238921970129013,-0.018804894760251045
17,hand,15,0,0.4693322479724884,0.22026142477989197,-0.020495763048529625
17,hand,16,0,0.47624337673187256,0.21827302873134613,-0.021315118297934532
17,hand,17,0,0.4496605396270752,0.25533151626586914,-0.016714753583073616
17,hand,18,0,0.46037861704826355,0.24908441305160522,-0.020737890154123306
17,hand,19,0,0.4675808548927307,0.2471478432416916,-0.02132478356361389
17,hand,20,0,0.473717600107193,0.24548010528087616,-0.021471567451953888
17,hand,0,1,0.5195976495742798,0.2584246098995209,1.4588535179882456e-07
17,hand,1,1,0.5054156184196472,0.253170907497406,-0.00880281813442707
17,hand,2,1,0.4920750856399536,0.24394875764846802,-0.01323877926915884
17,hand,3,1,0.48153525590896606,0.24176892638206482,-0.016093915328383446
17,hand,4,1,0.4744110703468323,0.24348649382591248,-0.018899446353316307
17,hand,5,1,0.49917346239089966,0.20129694044589996,-0.007899855263531208
17,hand,6,1,0.4913274943828583,0.18260206282138824,-0.010081849060952663
17,hand,7,1,0.48552584648132324,0.1719551980495453,-0.012895318679511547
17,hand,8,1,0.4808618426322937,0.16270780563354492,-0.01491006463766098
17,hand,9,1,0.5043240189552307,0.19663116335868835,-0.004527146928012371
17,hand,10,1,0.5015420913696289,0.17362505197525024,-0.0060630557127296925
17,hand,11,1,0.498958021402359,0.15914049744606018,-0.008188003674149513
17,hand,12,1,0.49733951687812805,0.1454601287841797,-0.009896727278828621
17,hand,13,1,0.5082544088363647,0.19623981416225433,-0.0017930906033143401
17,hand,14,1,0.508143961429596,0.17292311787605286,-0.0033950121141970158
17,hand,15,1,0.5067360401153564,0.15609902143478394,-0.0057238321751356125
17,hand,16,1,0.5062450170516968,0.14032867550849915,-0.007395308930426836
17,hand,17,1,0.5105076432228088,0.19900184869766235,0.00028745963936671615
17,hand,18,1,0.5124227404594421,0.17761340737342834,-0.000992250395938754
17,hand,19,1,0.512966513633728,0.16283094882965088,-0.0016423362540081143
17,hand,20,1,0.5137794613838196,0.1476082056760788,-0.00205309153534472
17,pose,0,-1,0.46796929836273193,0.1688242107629776,-0.09999831765890121
17,pose,1,-1,0.4757255017757416,0.1430426836013794,-0.07352867722511292
17,pose,2,-1,0.47998467087745667,0.14258921146392822,-0.07356107234954834
17,pose,3,-1,0.4842236340045929,0.14229194819927216,-0.07353440672159195
17,pose,4,-1,0.4591282904148102,0.14428287744522095,-0.07381810247898102
17,pose,5,-1,0.4533883035182953,0.14454315602779388,-0.07394039630889893
17,pose,6,-1,0.4488256871700287,0.1451822966337204,-0.07397717982530594
17,pose,7,-1,0.49373307824134827,0.15570606291294098,0.061872050166130066
17,pose,8,-1,0.4432186186313629,0.1590060442686081,0.061558015644550323
17,pose,9,-1,0.4798038899898529,0.198442280292511,-0.05100873485207558
17,pose,10,-1,0.46000003814697266,0.20119427144527435,-0.05148238316178322
17,pose,11,-1,0.5376611948013306,0.30286434292793274,0.10768390446901321
17,pose,12,-1,0.40897172689437866,0.30945777893066406,0.06995420157909393
17,pose,13,-1,0.5912677645683289,0.4338032901287079,-0.07385975867509842
17,pose,14,-1,0.3717420697212219,0.4634174108505249,-0.11643535643815994
17,pose,15,-1,0.5206639766693115,0.2545410394668579,-0.22894848883152008
17,pose,16,-1,0.429423063993454,0.2926098108291626,-0.23999670147895813
17,pose,17,-1,0.5070653557777405,0.21287454664707184,-0.27173569798469543
17,pose,18,-1,0.44421809911727905,0.25075241923332214,-0.275422602891922
17,pose,19,-1,0.5056487321853638,0.20489706099033356,-0.2120891958475113
17,pose,20,-1,0.44861921668052673,0.24404525756835938,-0.24051770567893982
17,pose,21,-1,0.5056231021881104,0.22264517843723297,-0.2163890153169632
17,pose,22,-1,0.4472193419933319,0.25902530550956726,-0.2230912148952484
17,pose,23,-1,0.518378496170044,0.6877796649932861,0.02159937098622322
17,pose,24,-1,0.4408329427242279,0.6899705529212952,-0.020691338926553726
17,pose,25,-1,0.5214790105819702,0.9762142896652222,-0.018569376319646835
17,pose,26,-1,0.4521152377128601,0.9875507354736328,-0.03935268148779869
17,pose,27,-1,0.5375147461891174,1.2417036294937134,0.17643895745277405
17,pose,28,-1,0.4730517566204071,1.2275173664093018,0.1908309906721115
17,pose,29,-1,0.5412025451660156,1.2781909704208374,0.19189013540744781
17,pose,30,-1,0.4742901623249054,1.2552322149276733,0.21051691472530365
17,pose,31,-1,0.5359999537467957,1.3190807104110718,0.07812618464231491
17,pose,32,-1,0.4861335754394531,1.3079787492752075,0.09504058212041855
18,hand,0,0,0.4246113896369934,0.269184947013855,4.9621263542576344e-08
18,hand,1,0,0.42858579754829407,0.243911013007164,-0.00024984386982396245
18,hand,2,0,0.4387689530849457,0.2218291312456131,-0.002499369438737631
18,hand,3,0,0.4490281939506531,0.21016305685043335,-0.005144194234162569
18,hand,4,0,0.4567195773124695,0.20481227338314056,-0.007965176366269588
18,hand,5,0,0.44161269068717957,0.21177591383457184,-0.005890978034585714
18,hand,6,0,0.4503823518753052,0.19117581844329834,-0.012300611473619938
18,hand,7,0,0.4542020559310913,0.17657196521759033,-0.016788575798273087
18,hand,8,0,0.45602113008499146,0.16241857409477234,-0.01968131959438324
18,hand,9,0,0.44477349519729614,0.22102901339530945,-0.009471464902162552
18,hand,10,0,0.45719537138938904,0.2020491361618042,-0.01521986909210682
18,hand,11,0,0.46522393822669983,0.189701646566391,-0.018885456025600433
18,hand,12,0,0.4719682037830353,0.17930017411708832,-0.021257681772112846
18,hand,13,0,0.44714638590812683,0.23585207760334015,-0.013069667853415012
18,hand,14,0,0.45976248383522034,0.21952979266643524,-0.018805598840117455
18,hand,15,0,0.4686863124370575,0.21365363895893097,-0.02141456864774227
18,hand,16,0,0.4764218330383301,0.20883500576019287,-0.022819649428129196
18,hand,17,0,0.4491588771343231,0.25391390919685364,-0.016560791060328484
18,hand,18,0,0.4591718018054962,0.2450646460056305,-0.021306516602635384
18,hand,19,0,0.4656195640563965,0.2406221181154251,-0.022599440068006516
18,hand,20,0,0.47207799553871155,0.23690395057201385,-0.023118630051612854
18,hand,0,1,0.5127670764923096,0.24932566285133362,1.0505285530371111e-07
18,hand,1,1,0.4997178018093109,0.24695785343647003,-0.002258782275021076
18,hand,2,1,0.4887180030345917,0.240027517080307,-0.005055645946413279
18,hand,3,1,0.4791674017906189,0.23821042478084564,-0.008414065465331078
18,hand,4,1,0.4711879789829254,0.23924949765205383,-0.011925674974918365
18,hand,5,1,0.49157166481018066,0.18976837396621704,0.0009945996571332216
18,hand,6,1,0.48439183831214905,0.1725003719329834,-0.0018469832139089704
18,hand,7,1,0.47809314727783203,0.1637076884508133,-0.0051499828696250916
18,hand,8,1,0.4727344214916229,0.1568414270877838,-0.00752178905531764
18,hand,9,1,0.4966703951358795,0.18471619486808777,-0.0012438474223017693
18,hand,10,1,0.4946190416812897,0.16237784922122955,-0.003323622979223728
18,hand,11,1,0.49192237854003906,0.14914661645889282,-0.005910655949264765
18,hand,12,1,0.4894954264163971,0.13731522858142853,-0.007889089174568653
18,hand,13,1,0.5015228390693665,0.18345728516578674,-0.00437303027138114
18,hand,14,1,0.5031113624572754,0.1591149866580963,-0.0072257802821695805
18,hand,15,1,0.502450704574585,0.14337000250816345,-0.009538874961435795
18,hand,16,1,0.5016406178474426,0.12981101870536804,-0.011067382991313934
18,hand,17,1,0.5057143568992615,0.18645839393138885,-0.007919559255242348
18,hand,18,1,0.509251594543457,0.16361817717552185,-0.010285671800374985
18,hand,19,1,0.510530412197113,0.14811734855175018,-0.010997344739735126
18,hand,20,1,0.5111265182495117,0.13377147912979126,-0.011383582837879658
18,pose,0,-1,0.469600647687912,0.16876056790351868,-0.08906831592321396
18,pose,1,-1,0.47707051038742065,0.14339135587215424,-0.060753192752599716
18,pose,2,-1,0.4812389016151428,0.14292404055595398,-0.060789112001657486
18,pose,3,-1,0.486226350069046,0.14258714020252228,-0.06076474115252495
18,pose,4,-1,0.46057918667793274,0.1445177048444748,-0.06343783438205719
18,pose,5,-1,0.4545374810695648,0.14478200674057007,-0.06357768177986145
18,pose,6,-1,0.4498499929904938,0.14541934430599213,-0.06362101435661316
18,pose,7,-1,0.49516886472702026,0.15619409084320068,0.07981324195861816
18,pose,8,-1,0.44424933195114136,0.15969403088092804,0.06860516220331192
18,pose,9,-1,0.48186779022216797,0.19835834205150604,-0.038111671805381775
18,pose,10,-1,0.4613906741142273,0.20119471848011017,-0.041713111102581024
18,pose,11,-1,0.5370177626609802,0.30229759216308594,0.12265875190496445
18,pose,12,-1,0.40912073850631714,0.3082614839076996,0.07044555991888046
18,pose,13,-1,0.5902894139289856,0.4280690550804138,-0.07281770557165146
18,pose,14,-1,0.3726746439933777,0.4596141576766968,-0.1210264042019844
18,pose,15,-1,0.5200498700141907,0.24476046860218048,-0.237539142370224
18,pose,16,-1,0.4321070611476898,0.28411513566970825,-0.24023626744747162
18,pose,17,-1,0.5052263140678406,0.20312464237213135,-0.281970351934433
18,pose,18,-1,0.44750750064849854,0.2426360845565796,-0.27611956000328064
18,pose,19,-1,0.5045920014381409,0.1919717788696289,-0.22001351416110992
18,pose,20,-1,0.4508785903453827,0.2348431944847107,-0.24449655413627625
18,pose,21,-1,0.5048503279685974,0.21087528765201569,-0.22516769170761108
18,pose,22,-1,0.44861215353012085,0.2486957162618637,-0.22747954726219177
18,pose,23,-1,0.5184527039527893,0.6877152323722839,0.02334030158817768
18,pose,24,-1,0.44081637263298035,0.6896294951438904,-0.02249663695693016
18,pose,25,-1,0.5217276215553284,0.9760531783103943,-0.013874727301299572
18,pose,26,-1,0.4521031677722931,0.9872205853462219,-0.04232891649007797
18,pose,27,-1,0.5379019975662231,1.247918963432312,0.18809689581394196
18,pose,28,-1,0.4732796549797058,1.2316285371780396,0.18443943560123444
18,pose,29,-1,0.5413824915885925,1.2853410243988037,0.20427432656288147
18,pose,30,-1,0.4741470217704773,1.2594245672225952,0.20410564541816711
18,pose,31,-1,0.5367773175239563,1.3245240449905396,0.09131859987974167
18,pose,32,-1,0.4869207441806793,1.3121510744094849,0.08967949450016022
19,hand,0,0,0.42745736241340637,0.2646327316761017,6.539494989965533e-08
19,hand,1,0,0.4309854805469513,0.23961685597896576,0.00027283257804811
19,hand,2,0,0.44031232595443726,0.21775299310684204,-0.0014709060778841376
19,hand,3,0,0.4502248466014862,0.20557592809200287,-0.0035935856867581606
19,hand,4,0,0.45738688111305237,0.19993677735328674,-0.005848299711942673
19,hand,5,0,0.4424326717853546,0.20733773708343506,-0.005331284832209349
19,hand,6,0,0.4484988749027252,0.18380503356456757,-0.011093338020145893
19,hand,7,0,0.45158055424690247,0.16855162382125854,-0.014876486733555794
19,hand,8,0,0.45338204503059387,0.1550108790397644,-0.017227113246917725
19,hand,9,0,0.4459281265735626,0.21640335023403168,-0.008789139799773693
19,hand,10,0,0.4580855071544647,0.19679848849773407,-0.013611183501780033
19,hand,11,0,0.466405987739563,0.18567025661468506,-0.016601283103227615
19,hand,12,0,0.47362735867500305,0.1768263727426529,-0.018514486029744148
19,hand,13,0,0.44860151410102844,0.230778768658638,-0.012204289436340332
19,hand,14,0,0.46002596616744995,0.21460899710655212,-0.016969308257102966
19,hand,15,0,0.4685634970664978,0.20777598023414612,-0.019274074584245682
19,hand,16,0,0.4761390686035156,0.2020024210214615,-0.020623527467250824
19,hand,17,0,0.45096105337142944,0.24785444140434265,-0.015481755137443542
19,hand,18,0,0.4596983790397644,0.23894324898719788,-0.019381321966648102
19,hand,19,0,0.4654572308063507,0.23440329730510712,-0.02032490260899067
19,hand,20,0,0.4713538587093353,0.23023509979248047,-0.020691759884357452
19,hand,0,1,0.5100361108779907,0.2428339570760727,7.226916665104e-08
19,hand,1,1,0.49693918228149414,0.24089546501636505,-0.0030493373051285744
19,hand,2,1,0.48651331663131714,0.23441800475120544,-0.006294579710811377
19,hand,3,1,0.47705596685409546,0.2319941371679306,-0.009962192736566067
19,hand,4,1,0.46973931789398193,0.23075628280639648,-0.01365392841398716
19,hand,5,1,0.48897913098335266,0.18497641384601593,-0.0009511349489912391
19,hand,6,1,0.48017504811286926,0.16779080033302307,-0.005136506631970406
19,hand,7,1,0.4725080132484436,0.16097846627235413,-0.009181994013488293
19,hand,8,1,0.46553662419319153,0.15609297156333923,-0.011763330549001694
19,hand,9,1,0.4938514530658722,0.17794176936149597,-0.0029223491437733173
19,hand,10,1,0.4885716438293457,0.15509654581546783,-0.006362732034176588
19,hand,11,1,0.4814273715019226,0.1427275538444519,-0.0096491863951087
19,hand,12,1,0.474569171667099,0.13357530534267426,-0.011885014362633228
19,hand,13,1,0.499021053314209,0.17666038870811462,-0.005729658529162407
19,hand,14,1,0.5007166862487793,0.1521276831626892,-0.009340142831206322
19,hand,15,1,0.4998131990432739,0.13876023888587952,-0.011602362617850304
19,hand,16,1,0.4985591769218445,0.12846490740776062,-0.012788155116140842
19,hand,17,1,0.5034424066543579,0.1801670491695404,-0.008995519019663334
19,hand,18,1,0.5073469877243042,0.15736806392669678,-0.011569187976419926
19,hand,19,1,0.5081360936164856,0.14190326631069183,-0.012260518036782742
19,hand,20,1,0.5081779360771179,0.12780755758285522,-0.012490718625485897
19,pose,0,-1,0.4699271023273468,0.16822773218154907,-0.10942785441875458
19,pose,1,-1,0.47751620411872864,0.14333024621009827,-0.08145391941070557
19,pose,2,-1,0.48163315653800964,0.14287346601486206,-0.08148179203271866
19,pose,3,-1,0.4868025779724121,0.14254814386367798,-0.0814511775970459
19,pose,4,-1,0.4610138237476349,0.14438697695732117,-0.08394728600978851
19,pose,5,-1,0.45478805899620056,0.1445929855108261,-0.08407435566186905
19,pose,6,-1,0.4501494765281677,0.1451556235551834,-0.0841408222913742
19,pose,7,-1,0.4956178069114685,0.15609976649284363,0.0597304068505764
19,pose,8,-1,0.4445771276950836,0.1595882624387741,0.05011425539851189
19,pose,9,-1,0.4820712208747864,0.1970713883638382,-0.05831511318683624
19,pose,10,-1,0.46156370639801025,0.20057371258735657,-0.061515484005212784
19,pose,11,-1,0.5358043909072876,0.30058273673057556,0.10416895896196365
19,pose,12,-1,0.40920335054397583,0.3060721158981323,0.05483873188495636
19,pose,13,-1,0.5898095369338989,0.4226941168308258,-0.09286819398403168
19,pose,14,-1,0.3746158480644226,0.4573410153388977,-0.14616139233112335
19,pose,15,-1,0.5195617079734802,0.24130265414714813,-0.25854599475860596
19,pose,16,-1,0.43378397822380066,0.27887317538261414,-0.2745899558067322
19,pose,17,-1,0.5047076940536499,0.19896657764911652,-0.3019031882286072
19,pose,18,-1,0.4487055838108063,0.23473386466503143,-0.3119527995586395
19,pose,19,-1,0.5042233467102051,0.18769146502017975,-0.25433847308158875
19,pose,20,-1,0.45162078738212585,0.22640684247016907,-0.27485138177871704
19,pose,21,-1,0.5044400095939636,0.20633308589458466,-0.24677704274654388
19,pose,22,-1,0.4493201673030853,0.24027156829833984,-0.26437681913375854
19,pose,23,-1,0.5184424519538879,0.6875429749488831,0.023912491276860237
19,pose,24,-1,0.44078055024147034,0.688937783241272,-0.023062705993652344
19,pose,25,-1,0.5217017531394958,0.9759876132011414,-0.01625080034136772
19,pose,26,-1,0.4520516097545624,0.9870837330818176,-0.03653194010257721
19,pose,27,-1,0.5389745235443115,1.2447261810302734,0.174647256731987
19,pose,28,-1,0.4732833206653595,1.2295587062835693,0.19265899062156677
19,pose,29,-1,0.5425624847412109,1.2818799018859863,0.18921910226345062
19,pose,30,-1,0.47403794527053833,1.2572581768035889,0.2120145857334137
19,pose,31,-1,0.5374367237091064,1.3219480514526367,0.07074997574090958
19,pose,32,-1,0.48719578981399536,1.3101962804794312,0.09330995380878448
20,hand,0,0,0.43078768253326416,0.2633044421672821,6.332457758162491e-08
20,hand,1,0,0.43416082859039307,0.23621700704097748,0.0001972024329006672
20,hand,2,0,0.44290634989738464,0.21033450961112976,-0.0012519370066002011
20,hand,3,0,0.45237353444099426,0.19358587265014648,-0.0028348553460091352
20,hand,4,0,0.4590591490268707,0.18178868293762207,-0.004548908211290836
20,hand,5,0,0.4416620135307312,0.20407038927078247,-0.00681219482794404
20,hand,6,0,0.44625207781791687,0.18058215081691742,-0.012761559337377548
20,hand,7,0,0.4483446478843689,0.16444770991802216,-0.01659248396754265
20,hand,8,0,0.44942793250083923,0.14978763461112976,-0.019012298434972763
20,hand,9,0,0.44452857971191406,0.21506211161613464,-0.010125027038156986
20,hand,10,0,0.45699241757392883,0.19486013054847717,-0.015260563232004642
20,hand,11,0,0.46627622842788696,0.18345434963703156,-0.018551301211118698
20,hand,12,0,0.47454074025154114,0.17452479898929596,-0.02065236121416092
20,hand,13,0,0.44729840755462646,0.23017245531082153,-0.013247724622488022
20,hand,14,0,0.45904311537742615,0.2118034064769745,-0.018556999042630196
20,hand,15,0,0.4685741662979126,0.20381587743759155,-0.021635055541992188
20,hand,16,0,0.47722336649894714,0.19701595604419708,-0.023432627320289612
20,hand,17,0,0.45032989978790283,0.2469707578420639,-0.016098028048872948
20,hand,18,0,0.4582952857017517,0.23570221662521362,-0.02078297920525074
20,hand,19,0,0.46358636021614075,0.23011437058448792,-0.022336646914482117
20,hand,20,0,0.46947112679481506,0.22526167333126068,-0.023014266043901443
20,hand,0,1,0.508560061454773,0.24141232669353485,5.3783516307248647e-08
20,hand,1,1,0.49505814909935,0.2384895384311676,-0.0032948339357972145
20,hand,2,1,0.48326411843299866,0.23169834911823273,-0.00659672636538744
20,hand,3,1,0.4723791778087616,0.22978928685188293,-0.010181988589465618
20,hand,4,1,0.46397244930267334,0.2280627340078354,-0.013785766437649727
20,hand,5,1,0.48796677589416504,0.18366727232933044,-0.0017290309770032763
20,hand,6,1,0.4780234694480896,0.168394535779953,-0.005792367737740278
20,hand,7,1,0.470718652009964,0.1636257916688919,-0.009784836322069168
20,hand,8,1,0.46388375759124756,0.16020621359348297,-0.012358741834759712
20,hand,9,1,0.49308958649635315,0.1758732795715332,-0.0033073711674660444
20,hand,10,1,0.48694345355033875,0.1538095772266388,-0.007085440214723349
20,hand,11,1,0.480452299118042,0.14219659566879272,-0.010802051052451134
20,hand,12,1,0.4741379916667938,0.1326521635055542,-0.013415820896625519
20,hand,13,1,0.4982641041278839,0.17497245967388153,-0.0055898563005030155
20,hand,14,1,0.5006517767906189,0.15183016657829285,-0.00980177242308855
20,hand,15,1,0.5005322098731995,0.13868647813796997,-0.012609080411493778
20,hand,16,1,0.49950820207595825,0.12800084054470062,-0.014062415808439255
20,hand,17,1,0.5024827122688293,0.1785842478275299,-0.008181102573871613
20,hand,18,1,0.506316065788269,0.1559745818376541,-0.01110818237066269
20,hand,19,1,0.507157027721405,0.1408245712518692,-0.011986915022134781
20,hand,20,1,0.507159411907196,0.12680399417877197,-0.012347095645964146
20,pose,0,-1,0.4698580801486969,0.16819368302822113,-0.11612473428249359
20,pose,1,-1,0.4774923324584961,0.14355671405792236,-0.08969561755657196
20,pose,2,-1,0.48162105679512024,0.1430717259645462,-0.08972503244876862
20,pose,3,-1,0.4867796301841736,0.14270742237567902,-0.08969521522521973
20,pose,4,-1,0.4609590172767639,0.14458316564559937,-0.09062116593122482
20,pose,5,-1,0.45477309823036194,0.14473861455917358,-0.09072764962911606
20,pose,6,-1,0.4501367211341858,0.14524364471435547,-0.09079249203205109
20,pose,7,-1,0.49558842182159424,0.15620310604572296,0.0486920103430748
20,pose,8,-1,0.44472208619117737,0.1596735566854477,0.04602046310901642
20,pose,9,-1,0.48198211193084717,0.19681978225708008,-0.06583114713430405
20,pose,10,-1,0.4615024924278259,0.2005435973405838,-0.06703124195337296
20,pose,11,-1,0.5350770354270935,0.29900622367858887,0.0936507135629654
20,pose,12,-1,0.409400999546051,0.30391788482666016,0.053297318518161774
20,pose,13,-1,0.589309573173523,0.420897901058197,-0.10511999577283859
20,pose,14,-1,0.37752220034599304,0.45294761657714844,-0.14805933833122253
20,pose,15,-1,0.5188419222831726,0.24181190133094788,-0.27181321382522583
20,pose,16,-1,0.4347635805606842,0.27855217456817627,-0.29205256700515747
20,pose,17,-1,0.5038757920265198,0.19980181753635406,-0.31504613161087036
20,pose,18,-1,0.4483569264411926,0.2341332882642746,-0.3307708203792572
20,pose,19,-1,0.5033165216445923,0.18893015384674072,-0.2741461992263794
20,pose,20,-1,0.4511652886867523,0.22682946920394897,-0.2970997989177704
20,pose,21,-1,0.5036820769309998,0.2072809636592865,-0.2606886327266693
20,pose,22,-1,0.44917383790016174,0.24059446156024933,-0.28378668427467346
20,pose,23,-1,0.518368661403656,0.6866873502731323,0.0231778621673584
20,pose,24,-1,0.44075068831443787,0.6875330209732056,-0.02226281724870205
20,pose,25,-1,0.5216420888900757,0.9746811389923096,-0.018877752125263214
20,pose,26,-1,0.45205041766166687,0.985155463218689,-0.02466985210776329
20,pose,27,-1,0.539043128490448,1.2429980039596558,0.15146991610527039
20,pose,28,-1,0.4734535217285156,1.2278932332992554,0.19829267263412476
20,pose,29,-1,0.5425994396209717,1.2800999879837036,0.16417530179023743
20,pose,30,-1,0.4740436375141144,1.2549620866775513,0.21737278997898102
20,pose,31,-1,0.5373511910438538,1.3198853731155396,0.044555049389600754
20,pose,32,-1,0.48690319061279297,1.3088284730911255,0.09909220039844513
21,hand,0,0,0.43424737453460693,0.267004132270813,7.382978139958141e-08
21,hand,1,0,0.43566378951072693,0.24153999984264374,0.00048295402666553855
21,hand,2,0,0.44210588932037354,0.21892255544662476,-0.0016375214327126741
21,hand,3,0,0.45118045806884766,0.20687629282474518,-0.004156021401286125
21,hand,4,0,0.45924264192581177,0.20047637820243835,-0.006907665636390448
21,hand,5,0,0.4410681426525116,0.2075357884168625,-0.006272951606661081
21,hand,6,0,0.4459180235862732,0.18346358835697174,-0.011519189924001694
21,hand,7,0,0.44844475388526917,0.1670795977115631,-0.014773094095289707
21,hand,8,0,0.4499705135822296,0.15296781063079834,-0.01708218641579151
21,hand,9,0,0.44467294216156006,0.21629935503005981,-0.009887500666081905
21,hand,10,0,0.45888835191726685,0.19768831133842468,-0.014682220295071602
21,hand,11,0,0.46915245056152344,0.19043995440006256,-0.01746884547173977
21,hand,12,0,0.47780880331993103,0.1854764074087143,-0.019290776923298836
21,hand,13,0,0.4481825530529022,0.2298203408718109,-0.013287889771163464
21,hand,14,0,0.4610431492328644,0.2102859914302826,-0.01822863519191742
21,hand,15,0,0.47088733315467834,0.20297515392303467,-0.020542647689580917
21,hand,16,0,0.47942379117012024,0.19741825759410858,-0.021970724686980247
21,hand,17,0,0.452058345079422,0.24527941644191742,-0.01642017625272274
21,hand,18,0,0.45932674407958984,0.2316078245639801,-0.02049190364778042
21,hand,19,0,0.4637377858161926,0.22541137039661407,-0.021323172375559807
21,hand,20,0,0.46828553080558777,0.22037054598331451,-0.021654529497027397
21,hand,0,1,0.5079686045646667,0.25098365545272827,5.5027722822842406e-08
21,hand,1,1,0.4940214455127716,0.24227699637413025,0.00497114984318614
21,hand,2,1,0.4843374192714691,0.23087766766548157,0.006701592821627855
21,hand,3,1,0.4752202033996582,0.2270350456237793,0.005843346938490868
21,hand,4,1,0.46779173612594604,0.22513636946678162,0.004609725438058376
21,hand,5,1,0.4952946603298187,0.1885376125574112,0.014650152996182442
21,hand,6,1,0.49555036425590515,0.16901247203350067,0.016177618876099586
21,hand,7,1,0.49487942457199097,0.15717925131320953,0.015388729982078075
21,hand,8,1,0.49355342984199524,0.14747914671897888,0.014312745071947575
21,hand,9,1,0.4989157021045685,0.18472035229206085,0.008982738479971886
21,hand,10,1,0.5026221871376038,0.15904293954372406,0.010847313329577446
21,hand,11,1,0.503057062625885,0.14510366320610046,0.010424292646348476
21,hand,12,1,0.5027845501899719,0.132880300283432,0.009563476778566837
21,hand,13,1,0.5007092356681824,0.18369758129119873,0.0022676812950521708
21,hand,14,1,0.5045773386955261,0.15730617940425873,0.0026723789051175117
21,hand,15,1,0.5045164823532104,0.1418396532535553,0.002600083127617836
21,hand,16,1,0.5040951371192932,0.129802867770195,0.0022689381148666143
21,hand,17,1,0.499816358089447,0.18528856337070465,-0.004657397046685219
21,hand,18,1,0.5017843246459961,0.16294977068901062,-0.00431482819840312
21,hand,19,1,0.5020511746406555,0.14923207461833954,-0.003321899799630046
21,hand,20,1,0.5021842122077942,0.1371563971042633,-0.0029523661360144615
21,pose,0,-1,0.4697922170162201,0.16836394369602203,-0.10361860692501068
21,pose,1,-1,0.4774681627750397,0.1440846025943756,-0.07712674140930176
21,pose,2,-1,0.481612890958786,0.14358480274677277,-0.0771399512887001
21,pose,3,-1,0.4866883456707001,0.1431799978017807,-0.07709518074989319
21,pose,4,-1,0.4609176814556122,0.14492478966712952,-0.07835706323385239
21,pose,5,-1,0.4547639787197113,0.14495889842510223,-0.07847629487514496
21,pose,6,-1,0.4501240849494934,0.14535365998744965,-0.0785258337855339
21,pose,7,-1,0.49544885754585266,0.15636713802814484,0.0602879673242569
21,pose,8,-1,0.4447220265865326,0.15970081090927124,0.05581838637590408
21,pose,9,-1,0.48194578289985657,0.19680337607860565,-0.053814228624105453
21,pose,10,-1,0.46145981550216675,0.20049753785133362,-0.05554862692952156
21,pose,11,-1,0.534701943397522,0.29810765385627747,0.10351654142141342
21,pose,12,-1,0.4097999930381775,0.30318745970726013,0.05853636562824249
21,pose,13,-1,0.5889379382133484,0.42230716347694397,-0.0926513597369194
21,pose,14,-1,0.3799155056476593,0.4505855441093445,-0.14032407104969025
21,pose,15,-1,0.5187703371047974,0.24834783375263214,-0.2566242516040802
21,pose,16,-1,0.4370160698890686,0.2812541723251343,-0.28036412596702576
21,pose,17,-1,0.5038316249847412,0.2089228630065918,-0.30049923062324524
21,pose,18,-1,0.449301540851593,0.2376585453748703,-0.3187863528728485
21,pose,19,-1,0.5028243660926819,0.19845403730869293,-0.2704107165336609
21,pose,20,-1,0.45178017020225525,0.22975236177444458,-0.29075947403907776
21,pose,21,-1,0.5031866431236267,0.21560727059841156,-0.24789182841777802
21,pose,22,-1,0.4500125050544739,0.2437020242214203,-0.27331429719924927
21,pose,23,-1,0.5183576941490173,0.6859486103057861,0.02328447811305523
21,pose,24,-1,0.44073402881622314,0.6866006851196289,-0.022387411445379257
21,pose,25,-1,0.5216286778450012,0.9745421409606934,-0.019032854586839676
21,pose,26,-1,0.45204928517341614,0.9850955605506897,-0.025388365611433983
21,pose,27,-1,0.5394636392593384,1.2459614276885986,0.15486520528793335
21,pose,28,-1,0.4734511375427246,1.2272576093673706,0.20172518491744995
21,pose,29,-1,0.5429956316947937,1.284063458442688,0.16786782443523407
21,pose,30,-1,0.4739965498447418,1.2543764114379883,0.2215372622013092
21,pose,31,-1,0.5377142429351807,1.3221311569213867,0.05013062432408333
21,pose,32,-1,0.48681744933128357,1.308000922203064,0.10512632876634598
22,hand,0,0,0.4355873465538025,0.27061927318573,7.01251536838754e-08
22,hand,1,0,0.4370979368686676,0.24500486254692078,0.0001399815664626658
22,hand,2,0,0.44389498233795166,0.22075627744197845,-0.0025292534846812487
22,hand,3,0,0.4522719979286194,0.20610207319259644,-0.005400121212005615
22,hand,4,0,0.4594804644584656,0.19731192290782928,-0.008433619514107704
22,hand,5,0,0.44229960441589355,0.21042007207870483,-0.008106275461614132
22,hand,6,0,0.4462911784648895,0.18814367055892944,-0.01330590806901455
22,hand,7,0,0.4485880434513092,0.1729867160320282,-0.016250545158982277
22,hand,8,0,0.4502805471420288,0.16056299209594727,-0.018357880413532257
22,hand,9,0,0.44526273012161255,0.22011864185333252,-0.01148061454296112
22,hand,10,0,0.45939648151397705,0.2037874311208725,-0.016151774674654007
22,hand,11,0,0.46911466121673584,0.1989838033914566,-0.018056107684969902
22,hand,12,0,0.4774053394794464,0.19619549810886383,-0.01939939148724079
22,hand,13,0,0.4488706588745117,0.23438411951065063,-0.01456731278449297
22,hand,14,0,0.46169885993003845,0.21727101504802704,-0.018928756937384605
22,hand,15,0,0.47075581550598145,0.21073058247566223,-0.019716953858733177
22,hand,16,0,0.47849565744400024,0.20548170804977417,-0.020308174192905426
22,hand,17,0,0.4533033072948456,0.2499631941318512,-0.017490165308117867
22,hand,18,0,0.4604606330394745,0.2353907823562622,-0.02037915214896202
22,hand,19,0,0.4644456207752228,0.2284102439880371,-0.02001451700925827
22,hand,20,0,0.46846944093704224,0.2227889746427536,-0.019753163680434227
22,hand,0,1,0.5052749514579773,0.2537839412689209,1.2822972017545453e-08
22,hand,1,1,0.4932163953781128,0.2450808584690094,0.00163768301717937
22,hand,2,1,0.4840978980064392,0.23332084715366364,0.0012186431558802724
22,hand,3,1,0.47624218463897705,0.22601816058158875,-0.0008829197031445801
22,hand,4,1,0.4708685874938965,0.22101041674613953,-0.0032420919742435217
22,hand,5,1,0.49377232789993286,0.1980884075164795,0.007928837090730667
22,hand,6,1,0.48537856340408325,0.1881357878446579,0.003974387422204018
22,hand,7,1,0.4775547683238983,0.18930968642234802,-0.001333146821707487
22,hand,8,1,0.47262701392173767,0.1937263011932373,-0.004337944556027651
22,hand,9,1,0.49752217531204224,0.1909920573234558,0.004441581200808287
22,hand,10,1,0.4979788064956665,0.1684972643852234,0.0034951085690408945
22,hand,11,1,0.49692994356155396,0.1556917130947113,0.001594520639628172
22,hand,12,1,0.4962387681007385,0.14584165811538696,0.00012454355601221323
22,hand,13,1,0.49993717670440674,0.1884787529706955,-0.00022534442541655153
22,hand,14,1,0.5020625591278076,0.16452759504318237,-0.0017581001156941056
22,hand,15,1,0.5017520189285278,0.1497003734111786,-0.0021214792504906654
22,hand,16,1,0.5015987753868103,0.13885536789894104,-0.002113190945237875
22,hand,17,1,0.5004687309265137,0.18991754949092865,-0.005182025022804737
22,hand,18,1,0.5031320452690125,0.16896283626556396,-0.0059084524400532246
22,hand,19,1,0.5040417313575745,0.15491408109664917,-0.004498736932873726
22,hand,20,1,0.5042691826820374,0.14266039431095123,-0.0032466654665768147
22,pose,0,-1,0.4702795147895813,0.17328426241874695,-0.10312113165855408
22,pose,1,-1,0.4776812791824341,0.1485457867383957,-0.07819576561450958
22,pose,2,-1,0.4816896617412567,0.14799770712852478,-0.0782165378332138
22,pose,3,-1,0.48664745688438416,0.14751499891281128,-0.07818738371133804
22,pose,4,-1,0.46147191524505615,0.14943242073059082,-0.07978303730487823
22,pose,5,-1,0.4552381634712219,0.1493549644947052,-0.07988569140434265
22,pose,6,-1,0.45048901438713074,0.14979897439479828,-0.0799315869808197
22,pose,7,-1,0.49541813135147095,0.15935951471328735,0.05856738239526749
22,pose,8,-1,0.44480934739112854,0.16326379776000977,0.05295411869883537
22,pose,9,-1,0.48204612731933594,0.2010623961687088,-0.052696630358695984
22,pose,10,-1,0.46170562505722046,0.20349198579788208,-0.0547281913459301
22,pose,11,-1,0.5347453355789185,0.29787835478782654,0.10754651576280594
22,pose,12,-1,0.409960001707077,0.3035299777984619,0.05975095555186272
22,pose,13,-1,0.5886932611465454,0.42540624737739563,-0.08662714064121246
22,pose,14,-1,0.3817180097103119,0.45355555415153503,-0.13566666841506958
22,pose,15,-1,0.5193178653717041,0.25724393129348755,-0.25075289607048035
22,pose,16,-1,0.4387069344520569,0.28753700852394104,-0.27834612131118774
22,pose,17,-1,0.5048573613166809,0.22034484148025513,-0.295413076877594
22,pose,18,-1,0.4498668909072876,0.24569112062454224,-0.3165854513645172
22,pose,19,-1,0.5034416913986206,0.21223260462284088,-0.26022207736968994
22,pose,20,-1,0.45191919803619385,0.23710861802101135,-0.28846731781959534
22,pose,21,-1,0.5037819147109985,0.2259911745786667,-0.2450685203075409
22,pose,22,-1,0.4505816400051117,0.2513984143733978,-0.27128490805625916
22,pose,23,-1,0.5183347463607788,0.6853176355361938,0.02326057106256485
22,pose,24,-1,0.4407191574573517,0.686130940914154,-0.022360926494002342
22,pose,25,-1,0.5215789675712585,0.973996639251709,-0.01947350613772869
22,pose,26,-1,0.45206019282341003,0.9845771789550781,-0.026841869577765465
22,pose,27,-1,0.5396085381507874,1.2453010082244873,0.1521833837032318
22,pose,28,-1,0.47340017557144165,1.2266696691513062,0.19489839673042297
22,pose,29,-1,0.543084979057312,1.2830356359481812,0.16498564183712006
22,pose,30,-1,0.47386041283607483,1.2537617683410645,0.21415741741657257
22,pose,31,-1,0.5377472639083862,1.3216896057128906,0.0483630895614624
22,pose,32,-1,0.48667043447494507,1.3073924779891968,0.09953238815069199
23,hand,0,0,0.43705371022224426,0.2769372761249542,7.648203848020785e-08
23,hand,1,0,0.4394460916519165,0.25106310844421387,0.00023551819322165102
23,hand,2,0,0.44717884063720703,0.22502955794334412,-0.0019172908505424857
23,hand,3,0,0.4554886221885681,0.20744100213050842,-0.004127228632569313
23,hand,4,0,0.4621976613998413,0.19497966766357422,-0.006643677596002817
23,hand,5,0,0.4437711834907532,0.21725602447986603,-0.008954307995736599
23,hand,6,0,0.44867733120918274,0.1956499218940735,-0.013584205880761147
23,hand,7,0,0.45197704434394836,0.18101345002651215,-0.01583641581237316
23,hand,8,0,0.45483529567718506,0.169264018535614,-0.017469914630055428
23,hand,9,0,0.44606560468673706,0.22867129743099213,-0.012136152014136314
23,hand,10,0,0.46184948086738586,0.2134503722190857,-0.016461491584777832
23,hand,11,0,0.47247084975242615,0.2100761979818344,-0.017894858494400978
23,hand,12,0,0.480852872133255,0.20856741070747375,-0.0188581682741642
23,hand,13,0,0.44909918308258057,0.2443259358406067,-0.014846518635749817
23,hand,14,0,0.4629230201244354,0.2302108108997345,-0.01900031417608261
23,hand,15,0,0.47099769115448,0.22640886902809143,-0.019461818039417267
23,hand,16,0,0.47713086009025574,0.22319148480892181,-0.019784118980169296
23,hand,17,0,0.4530241787433624,0.26076769828796387,-0.017313366755843163
23,hand,18,0,0.4593410789966583,0.24857637286186218,-0.02032902091741562
23,hand,19,0,0.46146583557128906,0.24329215288162231,-0.019948706030845642
23,hand,20,0,0.4636983573436737,0.23911967873573303,-0.019562026485800743
23,hand,0,1,0.5028423070907593,0.2609711289405823,6.424664356075027e-09
23,hand,1,1,0.4913084805011749,0.2518385052680969,0.0014868475263938308
23,hand,2,1,0.4823373556137085,0.23914964497089386,0.0013975613983348012
23,hand,3,1,0.4749104976654053,0.2312798798084259,-0.00013304559979587793
23,hand,4,1,0.46989864110946655,0.22541968524456024,-0.0018065937329083681
23,hand,5,1,0.4954130947589874,0.20380178093910217,0.006110447458922863
23,hand,6,1,0.48476073145866394,0.19165143370628357,0.0022745830938220024
23,hand,7,1,0.4751458764076233,0.19270017743110657,-0.0023480765521526337
23,hand,8,1,0.46933066844940186,0.1975110024213791,-0.004747236147522926
23,hand,9,1,0.49924829602241516,0.19748924672603607,0.002985885366797447
23,hand,10,1,0.49976861476898193,0.17348623275756836,0.001923784613609314
23,hand,11,1,0.497114360332489,0.16097259521484375,0.00037515925941988826
23,hand,12,1,0.4953218400478363,0.15312552452087402,-0.0006438540294766426
23,hand,13,1,0.5006758570671082,0.19625195860862732,-0.0011164385359734297
23,hand,14,1,0.5035160779953003,0.17126673460006714,-0.0030903322622179985
23,hand,15,1,0.5023606419563293,0.1561570167541504,-0.003576095448806882
23,hand,16,1,0.5018451809883118,0.1464412957429886,-0.003406185656785965
23,hand,17,1,0.499322772026062,0.19842121005058289,-0.005384545307606459
23,hand,18,1,0.5030475854873657,0.17816676199436188,-0.006819210946559906
23,hand,19,1,0.5037029981613159,0.16481100022792816,-0.00583683792501688
23,hand,20,1,0.5038936734199524,0.15386298298835754,-0.004596167244017124
23,pose,0,-1,0.4712979197502136,0.17695634067058563,-0.09587576240301132
23,pose,1,-1,0.4781113266944885,0.15121766924858093,-0.07155891507863998
23,pose,2,-1,0.4818667471408844,0.1505274772644043,-0.0715944692492485
23,pose,3,-1,0.48667576909065247,0.14991223812103271,-0.07157180458307266
23,pose,4,-1,0.46234026551246643,0.15221697092056274,-0.07387982308864594
23,pose,5,-1,0.45599204301834106,0.15214987099170685,-0.07397495955228806
23,pose,6,-1,0.45100662112236023,0.15267853438854218,-0.07401927560567856
23,pose,7,-1,0.4953545033931732,0.1612159013748169,0.06403341889381409
23,pose,8,-1,0.4448090195655823,0.1656600534915924,0.055415041744709015
23,pose,9,-1,0.48235180974006653,0.20363163948059082,-0.04539606720209122
23,pose,10,-1,0.46238988637924194,0.20612753927707672,-0.04829932376742363
23,pose,11,-1,0.5350452661514282,0.2978414297103882,0.1120452731847763
23,pose,12,-1,0.40989813208580017,0.3037274479866028,0.057870786637067795
23,pose,13,-1,0.5866519808769226,0.4287426471710205,-0.08387676626443863
23,pose,14,-1,0.38341066241264343,0.45654118061065674,-0.14000555872917175
23,pose,15,-1,0.5188177227973938,0.25939345359802246,-0.24748116731643677
23,pose,16,-1,0.44198277592658997,0.28817877173423767,-0.2794109582901001
23,pose,17,-1,0.5052586793899536,0.22055916488170624,-0.29230186343193054
23,pose,18,-1,0.45319777727127075,0.24285270273685455,-0.31701263785362244
23,pose,19,-1,0.5036836266517639,0.21243390440940857,-0.25607529282569885
23,pose,20,-1,0.45410215854644775,0.2339441180229187,-0.2885647714138031
23,pose,21,-1,0.5039716362953186,0.22599159181118011,-0.24216562509536743
23,pose,22,-1,0.4526035487651825,0.2487124353647232,-0.2722840905189514
23,pose,23,-1,0.5183460712432861,0.6851825714111328,0.023546159267425537
23,pose,24,-1,0.4406667649745941,0.6861194968223572,-0.022627241909503937
23,pose,25,-1,0.5216608643531799,0.9739692807197571,-0.018821967765688896
23,pose,26,-1,0.4520873427391052,0.984766960144043,-0.02763018012046814
23,pose,27,-1,0.5407895445823669,1.2479239702224731,0.13772153854370117
23,pose,28,-1,0.47411981225013733,1.2265154123306274,0.19905439019203186
23,pose,29,-1,0.5441563725471497,1.2865819931030273,0.14897195994853973
23,pose,30,-1,0.4742140769958496,1.2533602714538574,0.21925561130046844
23,pose,31,-1,0.5398226380348206,1.324252724647522,0.0351395383477211
23,pose,32,-1,0.4879170358181,1.3073655366897583,0.10582543909549713
24,hand,0,0,0.4379546642303467,0.2816714644432068,7.300423732203853e-08
24,hand,1,0,0.4406801462173462,0.2563522458076477,0.000595921534113586
24,hand,2,0,0.4483858346939087,0.23047004640102386,-0.0013352360110729933
24,hand,3,0,0.45670801401138306,0.21333658695220947,-0.0033721663057804108
24,hand,4,0,0.463767945766449,0.2018330991268158,-0.005651694256812334
24,hand,5,0,0.44472482800483704,0.22441813349723816,-0.007877946831285954
24,hand,6,0,0.44900211691856384,0.20225855708122253,-0.012045168317854404
24,hand,7,0,0.45233532786369324,0.18820568919181824,-0.014040721580386162
24,hand,8,0,0.45524758100509644,0.1768239587545395,-0.015490458346903324
24,hand,9,0,0.44675126671791077,0.23553642630577087,-0.01102655753493309
24,hand,10,0,0.46229177713394165,0.21839302778244019,-0.01462598703801632
24,hand,11,0,0.4725380837917328,0.2142198234796524,-0.015616212040185928
24,hand,12,0,0.48064613342285156,0.21197012066841125,-0.016273194923996925
24,hand,13,0,0.44970643520355225,0.25074759125709534,-0.013718819245696068
24,hand,14,0,0.46339285373687744,0.23381531238555908,-0.017242824658751488
24,hand,15,0,0.47283023595809937,0.2276352345943451,-0.01727224327623844
24,hand,16,0,0.4802694022655487,0.22240887582302094,-0.017332397401332855
24,hand,17,0,0.4534999430179596,0.26678696274757385,-0.01617569662630558
24,hand,18,0,0.4609157145023346,0.2525870203971863,-0.018717240542173386
24,hand,19,0,0.46492791175842285,0.24573902785778046,-0.01791543886065483
24,hand,20,0,0.4685433506965637,0.24004721641540527,-0.017233893275260925
24,hand,0,1,0.5018835067749023,0.26558929681777954,2.0722141780282755e-09
24,hand,1,1,0.4901662766933441,0.25602471828460693,5.547713226405904e-05
24,hand,2,1,0.48133280873298645,0.24262209236621857,-0.0006739931413903832
24,hand,3,1,0.4741867780685425,0.23508772253990173,-0.0027322918176651
24,hand,4,1,0.4699731469154358,0.22817251086235046,-0.004969174973666668
24,hand,5,1,0.49417373538017273,0.20806606113910675,0.005310680251568556
24,hand,6,1,0.4839259088039398,0.19694103300571442,0.0009740174282342196
24,hand,7,1,0.4747124910354614,0.19995008409023285,-0.004505992401391268
24,hand,8,1,0.4690304696559906,0.20627576112747192,-0.007543256040662527
24,hand,9,1,0.4984759986400604,0.201815664768219,0.002543842187151313
24,hand,10,1,0.4992635250091553,0.1786043643951416,0.0008231910760514438
24,hand,11,1,0.4968084394931793,0.16594406962394714,-0.00182531273458153
24,hand,12,1,0.49493056535720825,0.15797682106494904,-0.0037047499790787697
24,hand,13,1,0.5004177689552307,0.20079176127910614,-0.001326336758211255
24,hand,14,1,0.5035895109176636,0.17586061358451843,-0.003901220392435789
24,hand,15,1,0.5021077394485474,0.16041234135627747,-0.0054931421764194965
24,hand,16,1,0.5008695125579834,0.15108929574489594,-0.0060723829083144665
24,hand,17,1,0.49950313568115234,0.20342251658439636,-0.00545947952196002
24,hand,18,1,0.5030473470687866,0.18347403407096863,-0.007233869284391403
24,hand,19,1,0.5038197040557861,0.16928140819072723,-0.006776848342269659
24,hand,20,1,0.5037705302238464,0.1580241471529007,-0.0059900120832026005
24,pose,0,-1,0.47192904353141785,0.17963078618049622,-0.08142071217298508
24,pose,1,-1,0.4783554673194885,0.15304750204086304,-0.057667531073093414
24,pose,2,-1,0.4819639027118683,0.15217827260494232,-0.05769246444106102
24,pose,3,-1,0.4866711497306824,0.15144352614879608,-0.05766773223876953
24,pose,4,-1,0.4627191126346588,0.15464729070663452,-0.06024276465177536
24,pose,5,-1,0.4562741816043854,0.15485140681266785,-0.060332510620355606
24,pose,6,-1,0.4512006342411041,0.15571849048137665,-0.06037057936191559
24,pose,7,-1,0.49531856179237366,0.16305434703826904,0.07669739425182343
24,pose,8,-1,0.4447239935398102,0.16891135275363922,0.06774827092885971
24,pose,9,-1,0.48271530866622925,0.2061491459608078,-0.030969947576522827
24,pose,10,-1,0.4629882276058197,0.20846770703792572,-0.03399015963077545
24,pose,11,-1,0.5358254909515381,0.29793015122413635,0.12305916100740433
24,pose,12,-1,0.4098704755306244,0.3043125867843628,0.06564106792211533
24,pose,13,-1,0.5844289660453796,0.43112656474113464,-0.06756304949522018
24,pose,14,-1,0.38575828075408936,0.4583861827850342,-0.13552096486091614
24,pose,15,-1,0.5185192823410034,0.2661799490451813,-0.22556957602500916
24,pose,16,-1,0.44387730956077576,0.29128125309944153,-0.27343904972076416
24,pose,17,-1,0.5050980448722839,0.22733353078365326,-0.2686607241630554
24,pose,18,-1,0.45487961173057556,0.24562416970729828,-0.30962100625038147
24,pose,19,-1,0.5034547448158264,0.21809276938438416,-0.23018331825733185
24,pose,20,-1,0.45556312799453735,0.23568855226039886,-0.2790619134902954
24,pose,21,-1,0.5039221048355103,0.23104019463062286,-0.2161485105752945
24,pose,22,-1,0.45420411229133606,0.25105974078178406,-0.26556509733200073
24,pose,23,-1,0.5183919668197632,0.6851610541343689,0.02455579861998558
24,pose,24,-1,0.4406026005744934,0.6862716674804688,-0.023558152839541435
24,pose,25,-1,0.5218216180801392,0.9740642309188843,-0.019796796143054962
24,pose,26,-1,0.45225057005882263,0.9859240651130676,-0.027654921635985374
24,pose,27,-1,0.5417982339859009,1.2500755786895752,0.13920146226882935
24,pose,28,-1,0.4740789830684662,1.2276643514633179,0.22294054925441742
24,pose,29,-1,0.5453776121139526,1.2895476818084717,0.15146204829216003
24,pose,30,-1,0.47418370842933655,1.2543400526046753,0.24647073447704315
24,pose,31,-1,0.5407410860061646,1.3265023231506348,0.035722024738788605
24,pose,32,-1,0.48784691095352173,1.3084306716918945,0.1429416388273239
25,hand,0,0,0.43870100378990173,0.2844339907169342,8.851137778265183e-08
25,hand,1,0,0.439389705657959,0.2601619362831116,0.0011340627679601312
25,hand,2,0,0.44571244716644287,0.23881776630878448,-0.0009990851394832134
25,hand,3,0,0.4541817605495453,0.22684043645858765,-0.003419689368456602
25,hand,4,0,0.46174782514572144,0.22112929821014404,-0.005988036748021841
25,hand,5,0,0.44326332211494446,0.22846993803977966,-0.007142394781112671
25,hand,6,0,0.44960108399391174,0.20554643869400024,-0.011199704371392727
25,hand,7,0,0.4538026452064514,0.19137009978294373,-0.013279526494443417
25,hand,8,0,0.45723995566368103,0.17994150519371033,-0.01481494028121233
25,hand,9,0,0.4463290870189667,0.2376563400030136,-0.010373416356742382
25,hand,10,0,0.46244415640830994,0.22052912414073944,-0.013858063146471977
25,hand,11,0,0.4727861285209656,0.21667926013469696,-0.01498604565858841
25,hand,12,0,0.4806750416755676,0.2144513577222824,-0.015866847708821297
25,hand,13,0,0.4503805339336395,0.25051867961883545,-0.013126266188919544
25,hand,14,0,0.4647793173789978,0.23407812416553497,-0.016026409342885017
25,hand,15,0,0.4737406373023987,0.22920452058315277,-0.015964346006512642
25,hand,16,0,0.48033958673477173,0.2255493849515915,-0.016134975478053093
25,hand,17,0,0.4550666809082031,0.26400190591812134,-0.015671955421566963
25,hand,18,0,0.46265679597854614,0.2500133812427521,-0.017405251041054726
25,hand,19,0,0.46628206968307495,0.24323689937591553,-0.016491331160068512
25,hand,20,0,0.46933385729789734,0.237420916557312,-0.015890885144472122
25,hand,0,1,0.5019329190254211,0.26963675022125244,4.9966967452519384e-08
25,hand,1,1,0.4903765916824341,0.25833573937416077,-0.0018672547303140163
25,hand,2,1,0.4822331964969635,0.2446657419204712,-0.0032495276536792517
25,hand,3,1,0.47622236609458923,0.23618996143341064,-0.005272176582366228
25,hand,4,1,0.47360917925834656,0.22773829102516174,-0.007077756803482771
25,hand,5,1,0.4972870945930481,0.2083866447210312,0.0033494567032903433
25,hand,6,1,0.4968234896659851,0.18926270306110382,0.0007218590471893549
25,hand,7,1,0.4937798082828522,0.17812246084213257,-0.0027202351484447718
25,hand,8,1,0.49047738313674927,0.17081287503242493,-0.005021706223487854
25,hand,9,1,0.5007161498069763,0.2060331255197525,0.0015494161052629352
25,hand,10,1,0.503413736820221,0.18146151304244995,-0.00036341886152513325
25,hand,11,1,0.5018267035484314,0.16704435646533966,-0.0026095041539520025
25,hand,12,1,0.4995959401130676,0.15579688549041748,-0.004262625705450773
25,hand,13,1,0.5019806027412415,0.20712874829769135,-0.001304301549680531
25,hand,14,1,0.5043905973434448,0.18156637251377106,-0.0039023642893880606
25,hand,15,1,0.5029558539390564,0.16623401641845703,-0.005701768212020397
25,hand,16,1,0.5009519457817078,0.15580296516418457,-0.006655675359070301
25,hand,17,1,0.5003107190132141,0.21136078238487244,-0.004563986323773861
25,hand,18,1,0.5013312101364136,0.19152015447616577,-0.006356744095683098
25,hand,19,1,0.5003688335418701,0.18019714951515198,-0.006545344367623329
25,hand,20,1,0.49861568212509155,0.1718500703573227,-0.0065261246636509895
25,pose,0,-1,0.47331568598747253,0.1814199686050415,-0.07957537472248077
25,pose,1,-1,0.4790143668651581,0.15470683574676514,-0.05510751157999039
25,pose,2,-1,0.48237213492393494,0.1537429690361023,-0.055142324417829514
25,pose,3,-1,0.4869646430015564,0.1529936045408249,-0.05512908846139908
25,pose,4,-1,0.4640391170978546,0.15641425549983978,-0.05910269543528557
25,pose,5,-1,0.4576379358768463,0.1565791219472885,-0.059196021407842636
25,pose,6,-1,0.4522118866443634,0.1573229879140854,-0.0592343732714653
25,pose,7,-1,0.49529656767845154,0.1645665019750595,0.08064933866262436
25,pose,8,-1,0.444773405790329,0.1701308786869049,0.06536337733268738
25,pose,9,-1,0.4835266172885895,0.2083686888217926,-0.028555700555443764
25,pose,10,-1,0.46429339051246643,0.21006520092487335,-0.033467087894678116
25,pose,11,-1,0.5364896655082703,0.2983996868133545,0.12676940858364105
25,pose,12,-1,0.4098588526248932,0.3047225773334503,0.06333620846271515
25,pose,13,-1,0.5823078751564026,0.43754279613494873,-0.061915598809719086
25,pose,14,-1,0.3863205909729004,0.45884785056114197,-0.13642150163650513
25,pose,15,-1,0.5173497200012207,0.2717543840408325,-0.2230423241853714
25,pose,16,-1,0.44624215364456177,0.29404252767562866,-0.27227097749710083
25,pose,17,-1,0.5042402744293213,0.23201747238636017,-0.26656365394592285
25,pose,18,-1,0.4577423930168152,0.2469344586133957,-0.30899372696876526
25,pose,19,-1,0.5023229122161865,0.22296902537345886,-0.22815988957881927
25,pose,20,-1,0.4576813280582428,0.2369231879711151,-0.2790774405002594
25,pose,21,-1,0.5029807090759277,0.23621992766857147,-0.21299172937870026
25,pose,22,-1,0.4560711979866028,0.2534671127796173,-0.26480263471603394
25,pose,23,-1,0.5184274911880493,0.6851429343223572,0.025168614462018013
25,pose,24,-1,0.44042253494262695,0.6863399744033813,-0.02415604144334793
25,pose,25,-1,0.5221716165542603,0.9740481972694397,-0.019446056336164474
25,pose,26,-1,0.4524807631969452,0.9858485460281372,-0.03037913888692856
25,pose,27,-1,0.5423128604888916,1.2504990100860596,0.14970442652702332
25,pose,28,-1,0.474332720041275,1.2287284135818481,0.22488509118556976
25,pose,29,-1,0.5458028316497803,1.2898657321929932,0.16316081583499908
25,pose,30,-1,0.47431454062461853,1.2552045583724976,0.24893812835216522
25,pose,31,-1,0.5414937138557434,1.3277009725570679,0.04849135875701904
25,pose,32,-1,0.4880771040916443,1.3093550205230713,0.14714494347572327
26,hand,0,0,0.43776947259902954,0.2854872941970825,9.385890109570028e-08
26,hand,1,0,0.4389079213142395,0.2592306435108185,0.001484196400269866
26,hand,2,0,0.445035457611084,0.23830509185791016,-0.0006473753601312637
26,hand,3,0,0.4528711438179016,0.22737811505794525,-0.0029555975925177336
26,hand,4,0,0.4605542719364166,0.2231500744819641,-0.005713699851185083
26,hand,5,0,0.4432745575904846,0.2286054790019989,-0.00863298587501049
26,hand,6,0,0.4490031898021698,0.2069416642189026,-0.012626235373318195
26,hand,7,0,0.4532591700553894,0.19322025775909424,-0.014714681543409824
26,hand,8,0,0.45658260583877563,0.18174958229064941,-0.016452908515930176
26,hand,9,0,0.4461768567562103,0.24062182009220123,-0.012363067828118801
26,hand,10,0,0.46295541524887085,0.22430728375911713,-0.016036761924624443
26,hand,11,0,0.4733425974845886,0.21986214816570282,-0.01751464605331421
26,hand,12,0,0.4811621904373169,0.21640771627426147,-0.01874818652868271
26,hand,13,0,0.44980040192604065,0.25600674748420715,-0.015402721241116524
26,hand,14,0,0.4641414284706116,0.2403426170349121,-0.018786262720823288
26,hand,15,0,0.4732239842414856,0.23352636396884918,-0.019906144589185715
26,hand,16,0,0.48000261187553406,0.22769932448863983,-0.021065151318907738
26,hand,17,0,0.454264372587204,0.27132371068000793,-0.018032845109701157
26,hand,18,0,0.459541916847229,0.2606591582298279,-0.02054041437804699
26,hand,19,0,0.4604937732219696,0.2568611800670624,-0.02026752196252346
26,hand,20,0,0.46154555678367615,0.2535092234611511,-0.020181067287921906
26,hand,0,1,0.5010084509849548,0.2693202495574951,2.904913642964857e-08
26,hand,1,1,0.48993948101997375,0.2585655450820923,-0.0010327415075153112
26,hand,2,1,0.4816681444644928,0.245186910033226,-0.0028503788635134697
26,hand,3,1,0.4755534529685974,0.23764976859092712,-0.00557161308825016
26,hand,4,1,0.47292566299438477,0.23082394897937775,-0.00827341340482235
26,hand,5,1,0.4955645799636841,0.21097487211227417,0.003002964658662677
26,hand,6,1,0.48794031143188477,0.19910143315792084,-0.0012021411675959826
26,hand,7,1,0.48039302229881287,0.2002360075712204,-0.0063883401453495026
26,hand,8,1,0.47497713565826416,0.2046068012714386,-0.009357424452900887
26,hand,9,1,0.4998602867126465,0.20676955580711365,0.000703787780366838
26,hand,10,1,0.501422643661499,0.18278902769088745,-0.001375163672491908
26,hand,11,1,0.5005237460136414,0.168614000082016,-0.004011547192931175
26,hand,12,1,0.49945223331451416,0.15765376389026642,-0.0060162898153066635
26,hand,13,1,0.5016242265701294,0.20692427456378937,-0.002645682543516159
26,hand,14,1,0.5044703483581543,0.18156175315380096,-0.0052893809042871
26,hand,15,1,0.5041019320487976,0.16524919867515564,-0.007253238465636969
26,hand,16,1,0.5031557083129883,0.15419772267341614,-0.008341246284544468
26,hand,17,1,0.5003863573074341,0.21058425307273865,-0.006265857256948948
26,hand,18,1,0.5023218989372253,0.18998229503631592,-0.00769397709518671
26,hand,19,1,0.503051221370697,0.17613950371742249,-0.007352073211222887
26,hand,20,1,0.502537727355957,0.1649806946516037,-0.006987937726080418
26,pose,0,-1,0.47350624203681946,0.18268564343452454,-0.08143474161624908
26,pose,1,-1,0.4791877865791321,0.15564508736133575,-0.05822853744029999
26,pose,2,-1,0.48245149850845337,0.15468113124370575,-0.05825727432966232
26,pose,3,-1,0.48695796728134155,0.15397252142429352,-0.058248020708560944
26,pose,4,-1,0.46438583731651306,0.1572677493095398,-0.061760831624269485
26,pose,5,-1,0.45801034569740295,0.15734529495239258,-0.06185556575655937
26,pose,6,-1,0.45254647731781006,0.1579926311969757,-0.06189825385808945
26,pose,7,-1,0.4951837956905365,0.16539546847343445,0.07534094154834747
26,pose,8,-1,0.44479241967201233,0.17032335698604584,0.0620347298681736
26,pose,9,-1,0.48365145921707153,0.20954552292823792,-0.030839301645755768
26,pose,10,-1,0.46460655331611633,0.2109605222940445,-0.03511098399758339
26,pose,11,-1,0.5368848443031311,0.29845187067985535,0.1247546598315239
26,pose,12,-1,0.40983638167381287,0.3048311471939087,0.06291456520557404
26,pose,13,-1,0.5812212228775024,0.44301435351371765,-0.05163663253188133
26,pose,14,-1,0.38650065660476685,0.4595947861671448,-0.1342274695634842
26,pose,15,-1,0.516288697719574,0.2743646800518036,-0.20857998728752136
26,pose,16,-1,0.44673243165016174,0.2975423038005829,-0.26379290223121643
26,pose,17,-1,0.5031841993331909,0.23447377979755402,-0.25045591592788696
26,pose,18,-1,0.4585364758968353,0.24952754378318787,-0.2995741069316864
26,pose,19,-1,0.5012016296386719,0.22488920390605927,-0.213416188955307
26,pose,20,-1,0.45802071690559387,0.23942743241786957,-0.27031365036964417
26,pose,21,-1,0.5021371245384216,0.23772862553596497,-0.19838038086891174
26,pose,22,-1,0.45646658539772034,0.2565332055091858,-0.25601300597190857
26,pose,23,-1,0.518448531627655,0.6848354339599609,0.02564249187707901
26,pose,24,-1,0.44038814306259155,0.6863252520561218,-0.024628227576613426
26,pose,25,-1,0.5225719809532166,0.9739788174629211,-0.018874075263738632
26,pose,26,-1,0.4526921808719635,0.9861539602279663,-0.033077940344810486
26,pose,27,-1,0.5423104166984558,1.249819278717041,0.15527991950511932
26,pose,28,-1,0.4743044972419739,1.2287784814834595,0.22207123041152954
26,pose,29,-1,0.5457764863967896,1.2888541221618652,0.16931875050067902
26,pose,30,-1,0.4742876887321472,1.2553224563598633,0.24632520973682404
26,pose,31,-1,0.5414297580718994,1.327182412147522,0.0533151850104332
26,pose,32,-1,0.488018661737442,1.3094944953918457,0.14261342585086823
27,hand,0,0,0.4369030296802521,0.2842218279838562,9.158744518344974e-08
27,hand,1,0,0.43820667266845703,0.25873368978500366,0.0011204396141692996
27,hand,2,0,0.4449416995048523,0.23702313005924225,-0.0009808933828026056
27,hand,3,0,0.4534243643283844,0.22437331080436707,-0.0032201020512729883
27,hand,4,0,0.46101805567741394,0.2180643528699875,-0.005758639425039291
27,hand,5,0,0.4428388476371765,0.22823147475719452,-0.007698049768805504
27,hand,6,0,0.4490000009536743,0.20607279241085052,-0.011315641924738884
27,hand,7,0,0.4534841477870941,0.1922772377729416,-0.013045902363955975
27,hand,8,0,0.45701777935028076,0.18064701557159424,-0.014493059366941452
27,hand,9,0,0.4460650682449341,0.23886755108833313,-0.011034446768462658
27,hand,10,0,0.4625058174133301,0.22334466874599457,-0.014429290778934956
27,hand,11,0,0.47319984436035156,0.21950548887252808,-0.015669221058487892
27,hand,12,0,0.4814623296260834,0.2166544646024704,-0.01671142876148224
27,hand,13,0,0.4499400556087494,0.2529151439666748,-0.01379815861582756
27,hand,14,0,0.464140921831131,0.23632386326789856,-0.017009694129228592
27,hand,15,0,0.47387439012527466,0.2297111451625824,-0.017718840390443802
27,hand,16,0,0.4814031422138214,0.2243020087480545,-0.01853940263390541
27,hand,17,0,0.45460188388824463,0.2673138976097107,-0.016230542212724686
27,hand,18,0,0.4608287215232849,0.25361207127571106,-0.01851261779665947
27,hand,19,0,0.46321579813957214,0.24803417921066284,-0.01807796210050583
27,hand,20,0,0.465488076210022,0.24355781078338623,-0.017873920500278473
27,hand,0,1,0.5023307204246521,0.26686587929725647,3.349655841589083e-08
27,hand,1,1,0.4919223189353943,0.25973746180534363,-0.002187524689361453
27,hand,2,1,0.4827320873737335,0.2491140216588974,-0.004720763303339481
27,hand,3,1,0.4753776788711548,0.2431241124868393,-0.007938255555927753
27,hand,4,1,0.4716309905052185,0.23822659254074097,-0.011209622956812382
27,hand,5,1,0.4949881434440613,0.21275922656059265,0.0010982765816152096
27,hand,6,1,0.4873883128166199,0.2014850229024887,-0.003563843434676528
27,hand,7,1,0.4802663028240204,0.2016071379184723,-0.009016793221235275
27,hand,8,1,0.4750543534755707,0.2046579271554947,-0.012209064327180386
27,hand,9,1,0.4996531009674072,0.2069891095161438,-0.0008603553869761527
27,hand,10,1,0.5009371638298035,0.18212151527404785,-0.0034187138080596924
27,hand,11,1,0.49986758828163147,0.16761775314807892,-0.006486884783953428
27,hand,12,1,0.4984373450279236,0.15640445053577423,-0.00882427953183651
27,hand,13,1,0.5018216371536255,0.20629236102104187,-0.0038414367008954287
27,hand,14,1,0.504357099533081,0.18032756447792053,-0.006822400260716677
27,hand,15,1,0.5038941502571106,0.16413332521915436,-0.009354808367788792
27,hand,16,1,0.5026035308837891,0.15284383296966553,-0.01086138654500246
27,hand,17,1,0.5010169148445129,0.20953577756881714,-0.0071363733150064945
27,hand,18,1,0.5025239586830139,0.18836218118667603,-0.00880342535674572
27,hand,19,1,0.5029649138450623,0.1746402233839035,-0.00879466999322176
27,hand,20,1,0.5021215081214905,0.16376610100269318,-0.008726104162633419
27,pose,0,-1,0.473489373922348,0.18256255984306335,-0.08323289453983307
27,pose,1,-1,0.479203999042511,0.15548165142536163,-0.05998168885707855
27,pose,2,-1,0.48246273398399353,0.1545434296131134,-0.060020603239536285
27,pose,3,-1,0.48694974184036255,0.15385644137859344,-0.06001437455415726
27,pose,4,-1,0.464348167181015,0.15717439353466034,-0.0629863440990448
27,pose,5,-1,0.4579714834690094,0.1573188155889511,-0.06306444108486176
27,pose,6,-1,0.45253247022628784,0.15805432200431824,-0.06310299783945084
27,pose,7,-1,0.49512356519699097,0.165496826171875,0.07384197413921356
27,pose,8,-1,0.44477805495262146,0.17044557631015778,0.06279704719781876
27,pose,9,-1,0.48372602462768555,0.20954833924770355,-0.03267316147685051
27,pose,10,-1,0.46475422382354736,0.21103815734386444,-0.036234788596630096
27,pose,11,-1,0.5374509692192078,0.29847145080566406,0.12366093695163727
27,pose,12,-1,0.40977662801742554,0.30490660667419434,0.0637143924832344
27,pose,13,-1,0.5807408690452576,0.44488808512687683,-0.052328359335660934
27,pose,14,-1,0.3866063952445984,0.4601372182369232,-0.13351131975650787
27,pose,15,-1,0.5159350633621216,0.27463483810424805,-0.21033835411071777
27,pose,16,-1,0.44700732827186584,0.29803338646888733,-0.2634507715702057
27,pose,17,-1,0.5028272867202759,0.23407688736915588,-0.2530728876590729
27,pose,18,-1,0.45874646306037903,0.24945878982543945,-0.299589067697525
27,pose,19,-1,0.5008791089057922,0.22439737617969513,-0.21628668904304504
27,pose,20,-1,0.45820918679237366,0.23918123543262482,-0.27093419432640076
27,pose,21,-1,0.5018731355667114,0.23757131397724152,-0.20017559826374054
27,pose,22,-1,0.45683401823043823,0.2565964460372925,-0.255840927362442
27,pose,23,-1,0.5184453725814819,0.6848500370979309,0.025604529306292534
27,pose,24,-1,0.44036540389060974,0.6864413022994995,-0.0245975311845541
27,pose,25,-1,0.5225712656974792,0.9739668965339661,-0.02402462624013424
27,pose,26,-1,0.4527283310890198,0.9860921502113342,-0.032041676342487335
27,pose,27,-1,0.5422476530075073,1.2505089044570923,0.14444567263126373
27,pose,28,-1,0.4742613434791565,1.2285743951797485,0.23715202510356903
27,pose,29,-1,0.5457553267478943,1.2894847393035889,0.1576806753873825
27,pose,30,-1,0.47422486543655396,1.2552136182785034,0.2626221179962158
27,pose,31,-1,0.5413758158683777,1.3283642530441284,0.042552400380373
27,pose,32,-1,0.48792120814323425,1.3092907667160034,0.16084295511245728
28,hand,0,0,0.43631768226623535,0.2818417549133301,8.978746279808547e-08
28,hand,1,0,0.4387805759906769,0.2564859688282013,0.000611737894359976
28,hand,2,0,0.44652336835861206,0.23317448794841766,-0.0016698186518624425
28,hand,3,0,0.45550644397735596,0.21802695095539093,-0.00400026049464941
28,hand,4,0,0.46365031599998474,0.20849451422691345,-0.006559204310178757
28,hand,5,0,0.4425605833530426,0.2270900011062622,-0.008404023945331573
28,hand,6,0,0.44841891527175903,0.20392128825187683,-0.012520584277808666
28,hand,7,0,0.45284581184387207,0.18918770551681519,-0.014464800246059895
28,hand,8,0,0.45656388998031616,0.1769678294658661,-0.016071755439043045
28,hand,9,0,0.4451846778392792,0.23688077926635742,-0.011645768769085407
28,hand,10,0,0.46104758977890015,0.2216702252626419,-0.01561480388045311
28,hand,11,0,0.47192955017089844,0.21804729104042053,-0.017025675624608994
28,hand,12,0,0.48051801323890686,0.21524424850940704,-0.018217861652374268
28,hand,13,0,0.4486316740512848,0.2503296136856079,-0.014383342117071152
28,hand,14,0,0.46272438764572144,0.23360376060009003,-0.01804395206272602
28,hand,15,0,0.4724459648132324,0.22697171568870544,-0.01868133619427681
28,hand,16,0,0.48028460144996643,0.2211053967475891,-0.019456004723906517
28,hand,17,0,0.45293331146240234,0.2644524574279785,-0.01686231419444084
28,hand,18,0,0.45968183875083923,0.25045496225357056,-0.019599484279751778
28,hand,19,0,0.46303337812423706,0.24381794035434723,-0.01945432648062706
28,hand,20,0,0.4664650559425354,0.23831111192703247,-0.019480248913168907
28,hand,0,1,0.5016553997993469,0.2637133002281189,2.3615255528852686e-08
28,hand,1,1,0.49116185307502747,0.25483450293540955,-0.00018899008864536881
28,hand,2,1,0.4826064705848694,0.244694784283638,-0.001868458348326385
28,hand,3,1,0.4752424955368042,0.23888680338859558,-0.004742841701954603
28,hand,4,1,0.47042322158813477,0.23306742310523987,-0.007627936080098152
28,hand,5,1,0.4965512454509735,0.20806404948234558,0.004631164949387312
28,hand,6,1,0.4914114475250244,0.1959315538406372,0.0004268866905476898
28,hand,7,1,0.4849380552768707,0.19590888917446136,-0.004763432778418064
28,hand,8,1,0.4794282019138336,0.19880954921245575,-0.00776698999106884
28,hand,9,1,0.5002421736717224,0.20317669212818146,0.0015931121306493878
28,hand,10,1,0.5024450421333313,0.1790204644203186,-0.00021712778834626079
28,hand,11,1,0.5005607008934021,0.16531896591186523,-0.0025870194658637047
28,hand,12,1,0.4979986548423767,0.15545570850372314,-0.004479958675801754
28,hand,13,1,0.5015183687210083,0.2022331953048706,-0.0025945596862584352
28,hand,14,1,0.505587100982666,0.17636549472808838,-0.004752366803586483
28,hand,15,1,0.5044762492179871,0.1609775871038437,-0.006210018415004015
28,hand,16,1,0.5025969743728638,0.15070436894893646,-0.007065353915095329
28,hand,17,1,0.4999242424964905,0.2043730467557907,-0.00711381109431386
28,hand,18,1,0.5033351182937622,0.18393579125404358,-0.008158134296536446
28,hand,19,1,0.5039429664611816,0.16995616257190704,-0.00770777091383934
28,hand,20,1,0.5031560063362122,0.1584247350692749,-0.007371001411229372
28,pose,0,-1,0.47345685958862305,0.18223215639591217,-0.0879656970500946
28,pose,1,-1,0.4792003035545349,0.15541735291481018,-0.06410564482212067
28,pose,2,-1,0.48246708512306213,0.1544441431760788,-0.06414130330085754
28,pose,3,-1,0.4869407117366791,0.15368854999542236,-0.06412836909294128
28,pose,4,-1,0.46430104970932007,0.15695449709892273,-0.06644055247306824
28,pose,5,-1,0.4579363167285919,0.15707933902740479,-0.06651932001113892
28,pose,6,-1,0.45251062512397766,0.15780462324619293,-0.06655600666999817
28,pose,7,-1,0.4950999617576599,0.16544608771800995,0.07094737887382507
28,pose,8,-1,0.4447488486766815,0.1702841818332672,0.06326088309288025
28,pose,9,-1,0.4838181436061859,0.20927955210208893,-0.03732692077755928
28,pose,10,-1,0.464871883392334,0.21087244153022766,-0.040054552257061005
28,pose,11,-1,0.5379379987716675,0.29851865768432617,0.1198374480009079
28,pose,12,-1,0.4097193777561188,0.30503663420677185,0.0647049993276596
28,pose,13,-1,0.5802317261695862,0.44541114568710327,-0.06140631437301636
28,pose,14,-1,0.3864864408969879,0.46101662516593933,-0.13277126848697662
28,pose,15,-1,0.5159894824028015,0.27255895733833313,-0.22480270266532898
28,pose,16,-1,0.4462698996067047,0.2949690520763397,-0.266492635011673
28,pose,17,-1,0.5029256343841553,0.23202265799045563,-0.26888808608055115
28,pose,18,-1,0.4581087529659271,0.24675951898097992,-0.3037726581096649
28,pose,19,-1,0.5010489821434021,0.2225283682346344,-0.22933267056941986
28,pose,20,-1,0.45795461535453796,0.23658336699008942,-0.27322638034820557
28,pose,21,-1,0.5019997358322144,0.23571524024009705,-0.213917076587677
28,pose,22,-1,0.4565432369709015,0.25328946113586426,-0.2587178349494934
28,pose,23,-1,0.5184471011161804,0.6848340034484863,0.025554567575454712
28,pose,24,-1,0.44035574793815613,0.6865376234054565,-0.024525238201022148
28,pose,25,-1,0.5225737690925598,0.9737571477890015,-0.023803630843758583
28,pose,26,-1,0.4527724087238312,0.9860542416572571,-0.032015569508075714
28,pose,27,-1,0.5422829985618591,1.2506905794143677,0.14539656043052673
28,pose,28,-1,0.47423824667930603,1.2284047603607178,0.2345290184020996
28,pose,29,-1,0.5457647442817688,1.289864420890808,0.15832167863845825
28,pose,30,-1,0.4742005467414856,1.255008578300476,0.25898686051368713
28,pose,31,-1,0.5414281487464905,1.3284107446670532,0.0432526096701622
28,pose,32,-1,0.487853080034256,1.3091413974761963,0.15159131586551666
29,hand,0,0,0.4365166425704956,0.2807486653327942,9.266409506381024e-08
29,hand,1,0,0.438096284866333,0.25608471035957336,0.0004970416775904596
29,hand,2,0,0.44532981514930725,0.23251429200172424,-0.0017691454850137234
29,hand,3,0,0.4540732800960541,0.21711233258247375,-0.004062212537974119
29,hand,4,0,0.46185341477394104,0.20787696540355682,-0.006553105544298887
29,hand,5,0,0.44217219948768616,0.22522038221359253,-0.008699100464582443
29,hand,6,0,0.4470650553703308,0.2016243040561676,-0.013114872388541698
29,hand,7,0,0.45112344622612,0.18659724295139313,-0.015363574028015137
29,hand,8,0,0.45471513271331787,0.17430274188518524,-0.01711379550397396
29,hand,9,0,0.44493019580841064,0.23486772179603577,-0.011838401667773724
29,hand,10,0,0.46030423045158386,0.21814146637916565,-0.01608182117342949
29,hand,11,0,0.4710316061973572,0.21366097033023834,-0.01756754145026207
29,hand,12,0,0.47941818833351135,0.2108423113822937,-0.018686119467020035
29,hand,13,0,0.44854992628097534,0.248088076710701,-0.014483515173196793
29,hand,14,0,0.4629061222076416,0.2299209088087082,-0.018390655517578125
29,hand,15,0,0.47270122170448303,0.22328901290893555,-0.019099785014986992
29,hand,16,0,0.48044782876968384,0.21800795197486877,-0.019763855263590813
29,hand,17,0,0.45299163460731506,0.2619265615940094,-0.016858259215950966
29,hand,18,0,0.4605065584182739,0.24772945046424866,-0.019771553575992584
29,hand,19,0,0.46412280201911926,0.2412646859884262,-0.019639678299427032
29,hand,20,0,0.46757614612579346,0.23589839041233063,-0.019540101289749146
29,hand,0,1,0.5026405453681946,0.26126039028167725,1.4776796675164405e-08
29,hand,1,1,0.4917204678058624,0.2541969418525696,-0.0013169768499210477
29,hand,2,1,0.4828326404094696,0.24302314221858978,-0.0032301549799740314
29,hand,3,1,0.4756942689418793,0.2365666627883911,-0.0059951357543468475
29,hand,4,1,0.47111719846725464,0.2301345020532608,-0.008739493787288666
29,hand,5,1,0.4961756765842438,0.20548880100250244,0.00293256645090878
29,hand,6,1,0.4888237416744232,0.1949583888053894,-0.00106238282751292
29,hand,7,1,0.48157966136932373,0.1978650838136673,-0.006251225247979164
29,hand,8,1,0.4765571653842926,0.20347461104393005,-0.00931321457028389
29,hand,9,1,0.5001243352890015,0.19960680603981018,0.0008302080095745623
29,hand,10,1,0.5013792514801025,0.17732875049114227,-0.0005982456495985389
29,hand,11,1,0.4999335706233978,0.16475166380405426,-0.0027737740892916918
29,hand,12,1,0.49838748574256897,0.15533728897571564,-0.0046052816323935986
29,hand,13,1,0.5016618967056274,0.19873294234275818,-0.002352768322452903
29,hand,14,1,0.5043277740478516,0.17404818534851074,-0.0043801842257380486
29,hand,15,1,0.5033544301986694,0.1589280366897583,-0.005722710397094488
29,hand,16,1,0.5018845796585083,0.14874717593193054,-0.006505142897367477
29,hand,17,1,0.500515341758728,0.20153053104877472,-0.005899637006223202
29,hand,18,1,0.5025597214698792,0.18073458969593048,-0.007395732216536999
29,hand,19,1,0.5029106140136719,0.16628402471542358,-0.007002678234130144
29,hand,20,1,0.501981258392334,0.154301255941391,-0.006550793070346117
29,pose,0,-1,0.47421568632125854,0.18196316063404083,-0.09082827717065811
29,pose,1,-1,0.47962266206741333,0.15522325038909912,-0.06669341772794724
29,pose,2,-1,0.48285090923309326,0.15427780151367188,-0.06672373414039612
29,pose,3,-1,0.4874221682548523,0.15354904532432556,-0.06669964641332626
29,pose,4,-1,0.46489518880844116,0.15680643916130066,-0.06908231228590012
29,pose,5,-1,0.4584606885910034,0.15698735415935516,-0.06916477531194687
29,pose,6,-1,0.4528377652168274,0.15773865580558777,-0.06920281052589417
29,pose,7,-1,0.495235413312912,0.16531240940093994,0.06866397708654404
29,pose,8,-1,0.4447764456272125,0.17014279961585999,0.060480233281850815
29,pose,9,-1,0.48419609665870667,0.20914845168590546,-0.04029069095849991
29,pose,10,-1,0.4654785096645355,0.21075855195522308,-0.043112076818943024
29,pose,11,-1,0.538023054599762,0.29855674505233765,0.11764803528785706
29,pose,12,-1,0.4095991849899292,0.30507832765579224,0.06342760473489761
29,pose,13,-1,0.579823911190033,0.44575539231300354,-0.06151462346315384
29,pose,14,-1,0.3862626254558563,0.4616268277168274,-0.13213060796260834
29,pose,15,-1,0.5161313414573669,0.2714100480079651,-0.22194413840770721
29,pose,16,-1,0.4457659423351288,0.29490596055984497,-0.2660716474056244
29,pose,17,-1,0.5030911564826965,0.2310960441827774,-0.2653099000453949
29,pose,18,-1,0.45761987566947937,0.24734245240688324,-0.30289870500564575
29,pose,19,-1,0.5011953115463257,0.22187422215938568,-0.22679324448108673
29,pose,20,-1,0.457771897315979,0.23709595203399658,-0.2721492350101471
29,pose,21,-1,0.5021087527275085,0.23504483699798584,-0.2112361490726471
29,pose,22,-1,0.4563602805137634,0.2537449896335602,-0.258121132850647
29,pose,23,-1,0.5184450745582581,0.684825599193573,0.025534145534038544
29,pose,24,-1,0.4402678906917572,0.6865620017051697,-0.02449711039662361
29,pose,25,-1,0.5226230025291443,0.9737151861190796,-0.023779001086950302
29,pose,26,-1,0.4527813792228699,0.9860245585441589,-0.01781141571700573
29,pose,27,-1,0.5423446893692017,1.251930832862854,0.1319916993379593
29,pose,28,-1,0.47383153438568115,1.2282978296279907,0.2399599254131317
29,pose,29,-1,0.5459101796150208,1.2919420003890991,0.1430315226316452
29,pose,30,-1,0.4732864201068878,1.2550091743469238,0.26353171467781067
29,pose,31,-1,0.5413784384727478,1.3291113376617432,0.025070637464523315
29,pose,32,-1,0.48764222860336304,1.3090122938156128,0.1576453298330307
30,hand,0,0,0.43460163474082947,0.2836959958076477,9.052542537801855e-08
30,hand,1,0,0.43669435381889343,0.2599658966064453,0.0006107169319875538
30,hand,2,0,0.4438496530056,0.23647668957710266,-0.0015535523416474462
30,hand,3,0,0.45212849974632263,0.2214113026857376,-0.003965406678617001
30,hand,4,0,0.45958927273750305,0.21169915795326233,-0.006729016546159983
30,hand,5,0,0.4421306550502777,0.22766494750976562,-0.007978687062859535
30,hand,6,0,0.4458646774291992,0.2036457061767578,-0.012980897910892963
30,hand,7,0,0.44851890206336975,0.18769749999046326,-0.015774983912706375
30,hand,8,0,0.4508984088897705,0.17448320984840393,-0.017916791141033173
30,hand,9,0,0.4442652761936188,0.23588702082633972,-0.011391622014343739
30,hand,10,0,0.458856463432312,0.21746863424777985,-0.016177112236618996
30,hand,11,0,0.46983882784843445,0.21192505955696106,-0.01816060207784176
30,hand,12,0,0.47870150208473206,0.20894591510295868,-0.019468054175376892
30,hand,13,0,0.44693130254745483,0.24916718900203705,-0.014418968930840492
30,hand,14,0,0.460164874792099,0.2302594929933548,-0.018988260999321938
30,hand,15,0,0.47018855810165405,0.22377389669418335,-0.020221872255206108
30,hand,16,0,0.47841960191726685,0.21862702071666718,-0.02103460766375065
30,hand,17,0,0.45015856623649597,0.2640934884548187,-0.0171849112957716
30,hand,18,0,0.4573321044445038,0.2511448562145233,-0.0208832286298275
30,hand,19,0,0.4618838131427765,0.24461036920547485,-0.02136225812137127
30,hand,20,0,0.4661758542060852,0.23907829821109772,-0.021566107869148254
30,hand,0,1,0.5044459104537964,0.2629956007003784,3.713196861099277e-08
30,hand,1,1,0.4931594133377075,0.25514209270477295,-0.0033883347641676664
30,hand,2,1,0.484175443649292,0.242609441280365,-0.005618094466626644
30,hand,3,1,0.4774862825870514,0.23318491876125336,-0.007941670715808868
30,hand,4,1,0.47308844327926636,0.22481083869934082,-0.00995149090886116
30,hand,5,1,0.4991469979286194,0.20553606748580933,0.00044911308214068413
30,hand,6,1,0.49336323142051697,0.1890023648738861,-0.0025443972554057837
30,hand,7,1,0.48749688267707825,0.18328091502189636,-0.006430293899029493
30,hand,8,1,0.48322510719299316,0.18117614090442657,-0.00887383334338665
30,hand,9,1,0.50267094373703,0.20157647132873535,-1.9159731891704723e-05
30,hand,10,1,0.5034359097480774,0.17756955325603485,-0.0018994498532265425
30,hand,11,1,0.5015677809715271,0.16397356986999512,-0.004255711566656828
30,hand,12,1,0.49976804852485657,0.15321005880832672,-0.006069622002542019
30,hand,13,1,0.503542959690094,0.20149189233779907,-0.0014260172611102462
30,hand,14,1,0.5045714974403381,0.17680832743644714,-0.003819467732682824
30,hand,15,1,0.5026602149009705,0.16179780662059784,-0.005721558351069689
30,hand,16,1,0.5006059408187866,0.15112614631652832,-0.006832004990428686
30,hand,17,1,0.5015585422515869,0.20435631275177002,-0.0032473017927259207
30,hand,18,1,0.5024327635765076,0.18476535379886627,-0.004866499453783035
30,hand,19,1,0.5016722679138184,0.17230883240699768,-0.00508405826985836
30,hand,20,1,0.49998536705970764,0.16243194043636322,-0.005090657621622086
30,pose,0,-1,0.4743155837059021,0.18176361918449402,-0.09095804393291473
30,pose,1,-1,0.47978463768959045,0.1551416516304016,-0.06689147651195526
30,pose,2,-1,0.48299819231033325,0.1542046219110489,-0.06691823154687881
30,pose,3,-1,0.4876055419445038,0.153516948223114,-0.06688475608825684
30,pose,4,-1,0.46499207615852356,0.1567312479019165,-0.06930980086326599
30,pose,5,-1,0.45853275060653687,0.15691839158535004,-0.06939108669757843
30,pose,6,-1,0.45290428400039673,0.15765899419784546,-0.0694270133972168
30,pose,7,-1,0.4953276216983795,0.16526630520820618,0.0680183693766594
30,pose,8,-1,0.44479188323020935,0.17009103298187256,0.05953036993741989
30,pose,9,-1,0.48429521918296814,0.20901823043823242,-0.04073860123753548
30,pose,10,-1,0.46555057168006897,0.2106773406267166,-0.04361763224005699
30,pose,11,-1,0.5380828976631165,0.2985866069793701,0.11631770431995392
30,pose,12,-1,0.40932077169418335,0.30520913004875183,0.06354185193777084
30,pose,13,-1,0.5795414447784424,0.44646480679512024,-0.05784148350358009
30,pose,14,-1,0.38543975353240967,0.4624563157558441,-0.12802070379257202
30,pose,15,-1,0.5162408351898193,0.27196019887924194,-0.2116209864616394
30,pose,16,-1,0.445623517036438,0.2962435781955719,-0.2589494585990906
30,pose,17,-1,0.503226101398468,0.23181498050689697,-0.2541985511779785
30,pose,18,-1,0.4573860466480255,0.24949383735656738,-0.2950047254562378
30,pose,19,-1,0.5013231635093689,0.22250695526599884,-0.21695373952388763
30,pose,20,-1,0.4576214849948883,0.23930765688419342,-0.2646540105342865
30,pose,21,-1,0.5022016167640686,0.2355438619852066,-0.20100705325603485
30,pose,22,-1,0.4562714993953705,0.2559486925601959,-0.2508934736251831
30,pose,23,-1,0.5184443593025208,0.6848406791687012,0.025495056062936783
30,pose,24,-1,0.44026172161102295,0.6867924928665161,-0.024474170058965683
30,pose,25,-1,0.5225574374198914,0.9736984968185425,-0.025531966239213943
30,pose,26,-1,0.4528254270553589,0.9859952330589294,-0.012144696898758411
30,pose,27,-1,0.542309045791626,1.2531152963638306,0.1302615851163864
30,pose,28,-1,0.47365719079971313,1.228471040725708,0.24924924969673157
30,pose,29,-1,0.5458546876907349,1.2932988405227661,0.14174726605415344
30,pose,30,-1,0.472976952791214,1.2553002834320068,0.2733391523361206
30,pose,31,-1,0.5413447618484497,1.3305535316467285,0.024576688185334206
30,pose,32,-1,0.4874568283557892,1.3092330694198608,0.16882237792015076
31,hand,0,0,0.43370550870895386,0.2919093072414398,7.529419576712826e-08
31,hand,1,0,0.43536636233329773,0.2698603868484497,0.00047017144970595837
31,hand,2,0,0.44170108437538147,0.24792835116386414,-0.0016289477935060859
31,hand,3,0,0.4493309259414673,0.2352534681558609,-0.0041002449579536915
31,hand,4,0,0.45569509267807007,0.2273642122745514,-0.006905293092131615
31,hand,5,0,0.4412688910961151,0.2342405915260315,-0.006544530391693115
31,hand,6,0,0.4433761239051819,0.21050313115119934,-0.011640045791864395
31,hand,7,0,0.44444605708122253,0.19364097714424133,-0.014712668024003506
31,hand,8,0,0.44508472084999084,0.1794680655002594,-0.016972102224826813
31,hand,9,0,0.4435928463935852,0.24198445677757263,-0.01027078740298748
31,hand,10,0,0.4566967785358429,0.2220199555158615,-0.015050318092107773
31,hand,11,0,0.46723616123199463,0.21314164996147156,-0.01755547896027565
31,hand,12,0,0.4763527512550354,0.2073153555393219,-0.019105438143014908
31,hand,13,0,0.446014404296875,0.25504615902900696,-0.013815348967909813
31,hand,14,0,0.4576362073421478,0.2350235879421234,-0.018836533650755882
31,hand,15,0,0.4674685001373291,0.22680580615997314,-0.021053634583950043
31,hand,16,0,0.47628283500671387,0.2200671136379242,-0.022377414628863335
31,hand,17,0,0.44905367493629456,0.27024874091148376,-0.017121583223342896
31,hand,18,0,0.4548163115978241,0.2568727731704712,-0.021337853744626045
31,hand,19,0,0.45837143063545227,0.2509697377681732,-0.022194648161530495
31,hand,20,0,0.4623788297176361,0.2458558827638626,-0.02254139818251133
31,hand,0,1,0.5043165683746338,0.2663578987121582,6.549900177788004e-08
31,hand,1,1,0.49335312843322754,0.25927695631980896,-0.002755115507170558
31,hand,2,1,0.48462140560150146,0.24819183349609375,-0.005037873983383179
31,hand,3,1,0.4761804938316345,0.24205653369426727,-0.007833707146346569
31,hand,4,1,0.46980372071266174,0.23729175329208374,-0.01053907535970211
31,hand,5,1,0.4977860152721405,0.20863723754882812,0.0018672613659873605
31,hand,6,1,0.49764251708984375,0.1875005066394806,-0.00040704221464693546
31,hand,7,1,0.49653324484825134,0.17339695990085602,-0.003568991320207715
31,hand,8,1,0.4948676526546478,0.16189271211624146,-0.006055684294551611
31,hand,9,1,0.5012146234512329,0.20565828680992126,0.0001985114795388654
31,hand,10,1,0.5019783973693848,0.18168848752975464,-0.001650671474635601
31,hand,11,1,0.5009735822677612,0.16731375455856323,-0.003957059700042009
31,hand,12,1,0.4995690882205963,0.15536931157112122,-0.005790399853140116
31,hand,13,1,0.502707839012146,0.20550714433193207,-0.0024695931933820248
31,hand,14,1,0.5033904910087585,0.18022622168064117,-0.004782715812325478
31,hand,15,1,0.5024908781051636,0.16529738903045654,-0.006384269334375858
31,hand,16,1,0.5014584064483643,0.15398290753364563,-0.007411097642034292
31,hand,17,1,0.5016976594924927,0.20743995904922485,-0.00568130798637867
31,hand,18,1,0.5022032856941223,0.1867891550064087,-0.007388422731310129
31,hand,19,1,0.5022435784339905,0.1750173568725586,-0.007618709467351437
31,hand,20,1,0.5017711520195007,0.1657387763261795,-0.007772617042064667
31,pose,0,-1,0.47429028153419495,0.18165238201618195,-0.1022772565484047
31,pose,1,-1,0.4797820448875427,0.15498575568199158,-0.0776980072259903
31,pose,2,-1,0.4830039143562317,0.15406060218811035,-0.07772213965654373
31,pose,3,-1,0.4875979721546173,0.15337695181369781,-0.07768956571817398
31,pose,4,-1,0.4649600088596344,0.15656448900699615,-0.07867518067359924
31,pose,5,-1,0.45850417017936707,0.15675100684165955,-0.0787472203373909
31,pose,6,-1,0.4528975486755371,0.1574915498495102,-0.07878987491130829
31,pose,7,-1,0.49532222747802734,0.1651642918586731,0.05834456905722618
31,pose,8,-1,0.44474342465400696,0.1700054556131363,0.05646893009543419
31,pose,9,-1,0.48428869247436523,0.2092110514640808,-0.052154142409563065
31,pose,10,-1,0.4655367136001587,0.2107173502445221,-0.05303413048386574
31,pose,11,-1,0.5381507277488708,0.29860928654670715,0.10453344136476517
31,pose,12,-1,0.40890347957611084,0.30624839663505554,0.06112999841570854
31,pose,13,-1,0.5795081257820129,0.45018941164016724,-0.07403451949357986
31,pose,14,-1,0.38419488072395325,0.4648173153400421,-0.13582970201969147
31,pose,15,-1,0.51598060131073,0.27281421422958374,-0.2353195995092392
31,pose,16,-1,0.4453992247581482,0.29654601216316223,-0.27682748436927795
31,pose,17,-1,0.5030900835990906,0.2330208271741867,-0.27953118085861206
31,pose,18,-1,0.4574161469936371,0.24770841002464294,-0.3158767521381378
31,pose,19,-1,0.50116366147995,0.22384943068027496,-0.24314802885055542
31,pose,20,-1,0.45783838629722595,0.23809093236923218,-0.28264501690864563
31,pose,21,-1,0.5020512938499451,0.23696567118167877,-0.2252880036830902
31,pose,22,-1,0.4563572108745575,0.255251944065094,-0.26823967695236206
31,pose,23,-1,0.5184438824653625,0.6851643323898315,0.023656612262129784
31,pose,24,-1,0.44025081396102905,0.687699019908905,-0.022603902965784073
31,pose,25,-1,0.5225649476051331,0.9733936190605164,-0.02747327648103237
31,pose,26,-1,0.4527861475944519,0.9859708547592163,-0.012696481309831142
31,pose,27,-1,0.5418738126754761,1.2529453039169312,0.13161584734916687
31,pose,28,-1,0.4729948043823242,1.228217601776123,0.24462789297103882
31,pose,29,-1,0.5454205870628357,1.2929925918579102,0.1434423178434372
31,pose,30,-1,0.472295880317688,1.255213975906372,0.268311470746994
31,pose,31,-1,0.5406386852264404,1.3303018808364868,0.02550709806382656
31,pose,32,-1,0.48655933141708374,1.3087334632873535,0.1625496745109558
32,hand,0,0,0.43307948112487793,0.30348628759384155,5.922160539739707e-08
32,hand,1,0,0.4368724822998047,0.28409484028816223,0.00047679184353910387
32,hand,2,0,0.4432670474052429,0.262699693441391,-0.0011082967976108193
32,hand,3,0,0.4510502219200134,0.2510496973991394,-0.0032474109902977943
32,hand,4,0,0.45731353759765625,0.24370211362838745,-0.00570899760350585
32,hand,5,0,0.44119420647621155,0.2461373507976532,-0.0044705308973789215
32,hand,6,0,0.4420890510082245,0.22224675118923187,-0.009381809271872044
32,hand,7,0,0.4425055682659149,0.20519976317882538,-0.012789052911102772
32,hand,8,0,0.44231706857681274,0.19132499396800995,-0.015271433629095554
32,hand,9,0,0.44256702065467834,0.2521643042564392,-0.00803565327078104
32,hand,10,0,0.4530891180038452,0.23188406229019165,-0.0124042434617877
32,hand,11,0,0.46126413345336914,0.22127729654312134,-0.015052564442157745
32,hand,12,0,0.46848487854003906,0.21401578187942505,-0.016804788261651993
32,hand,13,0,0.44375917315483093,0.264238178730011,-0.011575376614928246
32,hand,14,0,0.4530562460422516,0.24626508355140686,-0.015841936692595482
32,hand,15,0,0.4601791501045227,0.23729604482650757,-0.017786813899874687
32,hand,16,0,0.46666839718818665,0.2297845035791397,-0.019082486629486084
32,hand,17,0,0.4452909231185913,0.27931708097457886,-0.01502250973135233
32,hand,18,0,0.45022648572921753,0.26914724707603455,-0.01860310137271881
32,hand,19,0,0.45403850078582764,0.2632181942462921,-0.01926289312541485
32,hand,20,0,0.45795926451683044,0.25771600008010864,-0.019582068547606468
32,hand,0,1,0.5044040083885193,0.2760331928730011,-3.215814459167632e-08
32,hand,1,1,0.4923167824745178,0.2695852220058441,-0.00148440757766366
32,hand,2,1,0.48162102699279785,0.2566930651664734,-0.0035557765513658524
32,hand,3,1,0.4736078381538391,0.2482517957687378,-0.0066590579226613045
32,hand,4,1,0.4688817858695984,0.23956668376922607,-0.009838984347879887
32,hand,5,1,0.4880048930644989,0.22153465449810028,0.0031416667625308037
32,hand,6,1,0.48026078939437866,0.20834669470787048,-0.0018624025397002697
32,hand,7,1,0.4724145829677582,0.205974742770195,-0.007338359020650387
32,hand,8,1,0.4663086533546448,0.207420215010643,-0.010513309389352798
32,hand,9,1,0.4920024871826172,0.21590910851955414,0.0006093509728088975
32,hand,10,1,0.48641958832740784,0.1965492218732834,-0.0021111697424203157
32,hand,11,1,0.48083680868148804,0.18598435819149017,-0.005175925325602293
32,hand,12,1,0.47630831599235535,0.1791553944349289,-0.0071760909631848335
32,hand,13,1,0.4967936873435974,0.21493202447891235,-0.0030330377630889416
32,hand,14,1,0.495130717754364,0.19114148616790771,-0.006021018140017986
32,hand,15,1,0.4934387505054474,0.17595571279525757,-0.007437870372086763
32,hand,16,1,0.4924364686012268,0.1643870621919632,-0.008119633421301842
32,hand,17,1,0.5010102987289429,0.2176511436700821,-0.0070941150188446045
32,hand,18,1,0.5037246346473694,0.19849982857704163,-0.009398060850799084
32,hand,19,1,0.505097508430481,0.1844090223312378,-0.009240788407623768
32,hand,20,1,0.5062564015388489,0.17120316624641418,-0.00877543818205595
32,pose,0,-1,0.47255939245224,0.1816113442182541,-0.10106078535318375
32,pose,1,-1,0.47892895340919495,0.15481901168823242,-0.07601287961006165
32,pose,2,-1,0.4825808107852936,0.15384763479232788,-0.07603301107883453
32,pose,3,-1,0.4867774546146393,0.15324392914772034,-0.07599425315856934
32,pose,4,-1,0.46333977580070496,0.15643754601478577,-0.0756199061870575
32,pose,5,-1,0.4574122130870819,0.15662069618701935,-0.07570724189281464
32,pose,6,-1,0.45212262868881226,0.1573670208454132,-0.07573369145393372
32,pose,7,-1,0.4949117600917816,0.16504862904548645,0.058360300958156586
32,pose,8,-1,0.44437724351882935,0.1698014885187149,0.061497341841459274
32,pose,9,-1,0.4834690988063812,0.20907525718212128,-0.05200708284974098
32,pose,10,-1,0.46391522884368896,0.21061019599437714,-0.05163707211613655
32,pose,11,-1,0.5383976697921753,0.2993122339248657,0.10467138141393661
32,pose,12,-1,0.40887826681137085,0.30797985196113586,0.06858571618795395
32,pose,13,-1,0.5794405341148376,0.4579622447490692,-0.06572366505861282
32,pose,14,-1,0.3811017572879791,0.47206002473831177,-0.10995019227266312
32,pose,15,-1,0.5148552656173706,0.27684712409973145,-0.20487748086452484
32,pose,16,-1,0.44447770714759827,0.30364710092544556,-0.23824270069599152
32,pose,17,-1,0.5008180737495422,0.23348689079284668,-0.2450108826160431
32,pose,18,-1,0.4570246636867523,0.24823783338069916,-0.2756693661212921
32,pose,19,-1,0.49895426630973816,0.22441257536411285,-0.20793621242046356
32,pose,20,-1,0.45769914984703064,0.23913706839084625,-0.24147844314575195
32,pose,21,-1,0.5000976920127869,0.2371208816766739,-0.19371694326400757
32,pose,22,-1,0.45605477690696716,0.2568988800048828,-0.2291511446237564
32,pose,23,-1,0.5183961391448975,0.6855224370956421,0.023420371115207672
32,pose,24,-1,0.44002974033355713,0.6880749464035034,-0.02237176150083542
32,pose,25,-1,0.5225629210472107,0.9736554026603699,-0.02731015905737877
32,pose,26,-1,0.4527758061885834,0.987457811832428,-0.022372959181666374
32,pose,27,-1,0.5418563485145569,1.2532756328582764,0.15299305319786072
32,pose,28,-1,0.472785621881485,1.2296066284179688,0.24157045781612396
32,pose,29,-1,0.5454717874526978,1.2931572198867798,0.16794921457767487
32,pose,30,-1,0.4721630811691284,1.2566429376602173,0.2650393545627594
32,pose,31,-1,0.5401698350906372,1.3312655687332153,0.05350688844919205
32,pose,32,-1,0.48647230863571167,1.3103909492492676,0.15981540083885193
33,hand,0,0,0.5064644813537598,0.2954895794391632,-1.3999061465597151e-08
33,hand,1,0,0.4976651072502136,0.2902282774448395,-0.0020911155734211206
33,hand,2,0,0.4872545897960663,0.277680367231369,-0.005008166655898094
33,hand,3,0,0.47711142897605896,0.2722937762737274,-0.008574513718485832
33,hand,4,0,0.46865734457969666,0.2698686420917511,-0.012041849084198475
33,hand,5,0,0.49828091263771057,0.24027858674526215,-0.0009732859907671809
33,hand,6,0,0.4924548268318176,0.22052787244319916,-0.00571037270128727
33,hand,7,0,0.4865065813064575,0.21832580864429474,-0.009974540211260319
33,hand,8,0,0.48309341073036194,0.2211250215768814,-0.012486778199672699
33,hand,9,0,0.4993015229701996,0.237514466047287,-0.0030349930748343468
33,hand,10,0,0.4925370514392853,0.2160901576280594,-0.0072939894162118435
33,hand,11,0,0.4837905764579773,0.21050196886062622,-0.010801395401358604
33,hand,12,0,0.4767835736274719,0.20870572328567505,-0.012957527302205563
33,hand,13,0,0.5010050535202026,0.23760586977005005,-0.00585134606808424
33,hand,14,0,0.49472880363464355,0.21371328830718994,-0.009934231638908386
33,hand,15,0,0.4855842888355255,0.20573638379573822,-0.012516557238996029
33,hand,16,0,0.47865939140319824,0.20112967491149902,-0.013941878452897072
33,hand,17,0,0.5021323561668396,0.2406594455242157,-0.00891408696770668
33,hand,18,0,0.5018773078918457,0.2183932214975357,-0.01142866536974907
33,hand,19,0,0.50008225440979,0.2062704861164093,-0.012358645908534527
33,hand,20,0,0.49869880080223083,0.1969313621520996,-0.01292108278721571
33,pose,0,-1,0.47207650542259216,0.18084131181240082,-0.10036977380514145
33,pose,1,-1,0.4785899817943573,0.15313270688056946,-0.07570993155241013
33,pose,2,-1,0.4824100434780121,0.15199042856693268,-0.07573579251766205
33,pose,3,-1,0.4864354133605957,0.1512291431427002,-0.07570846378803253
33,pose,4,-1,0.4623320400714874,0.15593591332435608,-0.07452366501092911
33,pose,5,-1,0.4566138684749603,0.15647611021995544,-0.07460867613554001
33,pose,6,-1,0.4515085816383362,0.15729720890522003,-0.07461736351251602
33,pose,7,-1,0.49483317136764526,0.16142356395721436,0.0575605072081089
33,pose,8,-1,0.44410672783851624,0.16932691633701324,0.06370130181312561
33,pose,9,-1,0.48343074321746826,0.20697595179080963,-0.05197443068027496
33,pose,10,-1,0.4637780785560608,0.20920976996421814,-0.05032804235816002
33,pose,11,-1,0.5403837561607361,0.29945459961891174,0.10551697760820389
33,pose,12,-1,0.40897148847579956,0.3102284073829651,0.08455110341310501
33,pose,13,-1,0.5794979929924011,0.467622846364975,-0.04057050868868828
33,pose,14,-1,0.37807920575141907,0.4835697412490845,-0.0742894634604454
33,pose,15,-1,0.5140596032142639,0.296988844871521,-0.17037582397460938
33,pose,16,-1,0.44188392162323,0.32583341002464294,-0.2113877683877945
33,pose,17,-1,0.4998931586742401,0.24450674653053284,-0.2084251195192337
33,pose,18,-1,0.45561978220939636,0.2659759521484375,-0.2488233596086502
33,pose,19,-1,0.498348593711853,0.2324250191450119,-0.1720629334449768
33,pose,20,-1,0.4564454257488251,0.25162091851234436,-0.21549378335475922
33,pose,21,-1,0.49959754943847656,0.24968750774860382,-0.158595010638237
33,pose,22,-1,0.4545365273952484,0.27322307229042053,-0.2020493596792221
33,pose,23,-1,0.5182859301567078,0.6855190396308899,0.021551277488470078
33,pose,24,-1,0.43983444571495056,0.6879754066467285,-0.020589955151081085
33,pose,25,-1,0.5226237773895264,0.9738926887512207,-0.02725694328546524
33,pose,26,-1,0.45286110043525696,0.9883509874343872,-0.03351953253149986
33,pose,27,-1,0.54124516248703,1.2497750520706177,0.1932990998029709
33,pose,28,-1,0.47278067469596863,1.2305183410644531,0.23976381123065948
33,pose,29,-1,0.5450851917266846,1.2867530584335327,0.21228636801242828
33,pose,30,-1,0.472432404756546,1.2572646141052246,0.26376596093177795
33,pose,31,-1,0.5384522080421448,1.3301388025283813,0.10080767422914505
33,pose,32,-1,0.48580530285835266,1.3117973804473877,0.1580188125371933
34,hand,0,0,0.506716251373291,0.31541725993156433,-1.3576078927712842e-08
34,hand,1,0,0.49720633029937744,0.3118272125720978,-0.002924596192315221
34,hand,2,0,0.48583224415779114,0.29794880747795105,-0.005672173574566841
34,hand,3,0,0.47508862614631653,0.29107940196990967,-0.008439712226390839
34,hand,4,0,0.46806657314300537,0.28330308198928833,-0.01119246706366539
34,hand,5,0,0.49490082263946533,0.2625284790992737,-0.0032293698750436306
34,hand,6,0,0.4875386357307434,0.24026718735694885,-0.007081774994730949
34,hand,7,0,0.4813680052757263,0.23128806054592133,-0.010548800230026245
34,hand,8,0,0.47673919796943665,0.2247091829776764,-0.013013072311878204
34,hand,9,0,0.4990029036998749,0.2592805325984955,-0.0048818690702319145
34,hand,10,0,0.4923240840435028,0.23409439623355865,-0.008536997251212597
34,hand,11,0,0.4859108328819275,0.22397029399871826,-0.011512880213558674
34,hand,12,0,0.4814068078994751,0.21827150881290436,-0.01335675735026598
34,hand,13,0,0.5027150511741638,0.2609750032424927,-0.007105716038495302
34,hand,14,0,0.5007007718086243,0.23492775857448578,-0.010803797282278538
34,hand,15,0,0.497775137424469,0.21835879981517792,-0.013554093427956104
34,hand,16,0,0.4961261451244354,0.20572417974472046,-0.015334801748394966
34,hand,17,0,0.5051450133323669,0.2672240138053894,-0.009484975598752499
34,hand,18,0,0.5049809217453003,0.2505669593811035,-0.012871390208601952
34,hand,19,0,0.5033842325210571,0.23978298902511597,-0.014122710563242435
34,hand,20,0,0.5015721917152405,0.23093083500862122,-0.014797314070165157
34,pose,0,-1,0.4698958098888397,0.17962156236171722,-0.10796180367469788
34,pose,1,-1,0.47720465064048767,0.15064851939678192,-0.08497433364391327
34,pose,2,-1,0.48187315464019775,0.14922621846199036,-0.08503018319606781
34,pose,3,-1,0.4857119619846344,0.14824092388153076,-0.0849849134683609
34,pose,4,-1,0.46028807759284973,0.15453091263771057,-0.08074541389942169
34,pose,5,-1,0.45515045523643494,0.15530230104923248,-0.08083246648311615
34,pose,6,-1,0.44998231530189514,0.15638959407806396,-0.08080948889255524
34,pose,7,-1,0.4945361018180847,0.15803262591362,0.04257364943623543
34,pose,8,-1,0.4438873529434204,0.16795632243156433,0.06325028091669083
34,pose,9,-1,0.48266154527664185,0.20481976866722107,-0.06159902736544609
34,pose,10,-1,0.4623171091079712,0.20754718780517578,-0.05622060224413872
34,pose,11,-1,0.5428279638290405,0.3011226952075958,0.09714635461568832
34,pose,12,-1,0.40933623909950256,0.3127228319644928,0.0977817252278328
34,pose,13,-1,0.5807244777679443,0.4816736876964569,-0.038919731974601746
34,pose,14,-1,0.3735711872577667,0.5004979372024536,-0.04679221659898758
34,pose,15,-1,0.5126943588256836,0.3187638819217682,-0.1781054139137268
34,pose,16,-1,0.4304805397987366,0.3717666566371918,-0.2206840217113495
34,pose,17,-1,0.4992879033088684,0.26823681592941284,-0.2160549908876419
34,pose,18,-1,0.44379922747612,0.3203774392604828,-0.2590829133987427
34,pose,19,-1,0.4979729950428009,0.2535393536090851,-0.1816561371088028
34,pose,20,-1,0.4475043714046478,0.2982434630393982,-0.22868840396404266
34,pose,21,-1,0.499157577753067,0.2741750180721283,-0.16638894379138947
34,pose,22,-1,0.4466632902622223,0.31432390213012695,-0.21246208250522614
34,pose,23,-1,0.5182551145553589,0.6859079003334045,0.015579096041619778
34,pose,24,-1,0.43978914618492126,0.6888920068740845,-0.014632399193942547
34,pose,25,-1,0.5225650072097778,0.9743232131004333,-0.036355141550302505
34,pose,26,-1,0.4528662860393524,0.9893571734428406,-0.030035655945539474
34,pose,27,-1,0.5407108664512634,1.2483338117599487,0.18606382608413696
34,pose,28,-1,0.4720365107059479,1.2320735454559326,0.2661541998386383
34,pose,29,-1,0.5450218319892883,1.2843894958496094,0.20448456704616547
34,pose,30,-1,0.4720078408718109,1.2582275867462158,0.2940557301044464
34,pose,31,-1,0.5356292724609375,1.329527735710144,0.09161476045846939
34,pose,32,-1,0.4846639335155487,1.313973307609558,0.18952246010303497
35,pose,0,-1,0.4696565866470337,0.17762498557567596,-0.1508757323026657
35,pose,1,-1,0.4772135317325592,0.1483173370361328,-0.128596693277359
35,pose,2,-1,0.48192447423934937,0.14713041484355927,-0.12868903577327728
35,pose,3,-1,0.4857436418533325,0.14613758027553558,-0.12865135073661804
35,pose,4,-1,0.4601942300796509,0.15223516523838043,-0.12557588517665863
35,pose,5,-1,0.4549594819545746,0.15332616865634918,-0.12564103305339813
35,pose,6,-1,0.4497781991958618,0.1544695794582367,-0.12561838328838348
35,pose,7,-1,0.49454087018966675,0.1552216112613678,0.009212796576321125
35,pose,8,-1,0.443798691034317,0.16654835641384125,0.024883611127734184
35,pose,9,-1,0.48237547278404236,0.2030019760131836,-0.09958801418542862
35,pose,10,-1,0.4616008400917053,0.20599451661109924,-0.09560448676347733
35,pose,11,-1,0.5439995527267456,0.30178314447402954,0.08153580129146576
35,pose,12,-1,0.4089788794517517,0.3148762881755829,0.09005288779735565
35,pose,13,-1,0.5835080742835999,0.4966585040092468,-0.041608572006225586
35,pose,14,-1,0.3724503815174103,0.5139266848564148,-0.04978499189019203
35,pose,15,-1,0.5132473111152649,0.35916048288345337,-0.22115030884742737
35,pose,16,-1,0.4254879653453827,0.402817040681839,-0.27366432547569275
35,pose,17,-1,0.5008837580680847,0.3251977860927582,-0.26370328664779663
35,pose,18,-1,0.43714338541030884,0.36612051725387573,-0.31578463315963745
35,pose,19,-1,0.49976322054862976,0.31034958362579346,-0.23570989072322845
35,pose,20,-1,0.4410916864871979,0.3421441614627838,-0.297333300113678
35,pose,21,-1,0.5002309679985046,0.31938689947128296,-0.21140362322330475
35,pose,22,-1,0.4411161541938782,0.3515436351299286,-0.2697746455669403
35,pose,23,-1,0.518410861492157,0.6875900626182556,0.011760045774281025
35,pose,24,-1,0.4399384558200836,0.6916977167129517,-0.01073953416198492
35,pose,25,-1,0.522663950920105,0.9774824380874634,-0.05955614522099495
35,pose,26,-1,0.4530235826969147,0.9904084205627441,-0.020384402945637703
35,pose,27,-1,0.5405317544937134,1.2473167181015015,0.18047839403152466
35,pose,28,-1,0.47125861048698425,1.2342441082000732,0.2889508306980133
35,pose,29,-1,0.5450032353401184,1.2829556465148926,0.1987731009721756
35,pose,30,-1,0.47102177143096924,1.2603859901428223,0.31699705123901367
35,pose,31,-1,0.5337291955947876,1.3279789686203003,0.08217597752809525
35,pose,32,-1,0.4837418794631958,1.3161637783050537,0.19729432463645935
36,pose,0,-1,0.4696100056171417,0.17674505710601807,-0.19516322016716003
36,pose,1,-1,0.47727614641189575,0.14784598350524902,-0.17448250949382782
36,pose,2,-1,0.4820420444011688,0.14685854315757751,-0.17462946474552155
36,pose,3,-1,0.4858914315700531,0.14585985243320465,-0.17457662522792816
36,pose,4,-1,0.46024078130722046,0.15133655071258545,-0.17320020496845245
36,pose,5,-1,0.45497339963912964,0.15254627168178558,-0.1732882559299469
36,pose,6,-1,0.44978654384613037,0.15363465249538422,-0.17332008481025696
36,pose,7,-1,0.494547575712204,0.15477775037288666,-0.0333712100982666
36,pose,8,-1,0.443860799074173,0.16629186272621155,-0.025800440460443497
36,pose,9,-1,0.4820699393749237,0.20222187042236328,-0.14155010879039764
36,pose,10,-1,0.4613363444805145,0.20513488352298737,-0.13974592089653015
36,pose,11,-1,0.5439618229866028,0.30223456025123596,0.05376473814249039
36,pose,12,-1,0.40873274207115173,0.3176557719707489,0.07302509993314743
36,pose,13,-1,0.5863264203071594,0.5078772306442261,-0.035191528499126434
36,pose,14,-1,0.3722255527973175,0.5218149423599243,-0.03548066318035126
36,pose,15,-1,0.5214396119117737,0.418985515832901,-0.26058629155158997
36,pose,16,-1,0.4173259437084198,0.4598764479160309,-0.2995724380016327
36,pose,17,-1,0.50941401720047,0.39257892966270447,-0.3127198815345764
36,pose,18,-1,0.4288724362850189,0.4404456913471222,-0.3466685712337494
36,pose,19,-1,0.5071151256561279,0.37136608362197876,-0.29982104897499084
36,pose,20,-1,0.4311634302139282,0.4176146686077118,-0.3427130877971649
36,pose,21,-1,0.507524847984314,0.3799858093261719,-0.2573040723800659
36,pose,22,-1,0.43088701367378235,0.42070239782333374,-0.3008355498313904
36,pose,23,-1,0.5185126662254333,0.6881096363067627,0.00637051509693265
36,pose,24,-1,0.4399471879005432,0.6927761435508728,-0.005386770702898502
36,pose,25,-1,0.5226648449897766,0.9774132370948792,-0.06911222636699677
36,pose,26,-1,0.45280975103378296,0.9903744459152222,-0.0022884770296514034
36,pose,27,-1,0.5405380129814148,1.2404048442840576,0.15870247781276703
36,pose,28,-1,0.4712446630001068,1.2333210706710815,0.30231982469558716
36,pose,29,-1,0.5451011061668396,1.275801658630371,0.1751292645931244
36,pose,30,-1,0.4710226356983185,1.2588917016983032,0.3296196162700653
36,pose,31,-1,0.5337326526641846,1.3178176879882812,0.04246428236365318
36,pose,32,-1,0.48403283953666687,1.3149676322937012,0.2065557837486267
37,pose,0,-1,0.46986785531044006,0.17567786574363708,-0.2968381941318512
37,pose,1,-1,0.47792065143585205,0.14753475785255432,-0.27401643991470337
37,pose,2,-1,0.4824586808681488,0.14672784507274628,-0.27418404817581177
37,pose,3,-1,0.48649880290031433,0.14579933881759644,-0.27419453859329224
37,pose,4,-1,0.4605848491191864,0.15060359239578247,-0.27681007981300354
37,pose,5,-1,0.4551549553871155,0.15191633999347687,-0.27692562341690063
37,pose,6,-1,0.450065016746521,0.15300270915031433,-0.27702397108078003
37,pose,7,-1,0.49486202001571655,0.1548956036567688,-0.11871387809515
37,pose,8,-1,0.4439956843852997,0.16625753045082092,-0.1287509649991989
37,pose,9,-1,0.4821699261665344,0.2013883739709854,-0.23767414689064026
37,pose,10,-1,0.46135392785072327,0.2043105661869049,-0.24078519642353058
37,pose,11,-1,0.5446951985359192,0.30722105503082275,-0.01007644273340702
37,pose,12,-1,0.4082217216491699,0.3214360773563385,-0.025350917130708694
37,pose,13,-1,0.5866258144378662,0.5180513858795166,-0.08119320124387741
37,pose,14,-1,0.3749525845050812,0.5255705118179321,-0.09666211158037186
37,pose,15,-1,0.5254135131835938,0.4753498136997223,-0.3739124834537506
37,pose,16,-1,0.4171831011772156,0.5021052956581116,-0.3952144384384155
37,pose,17,-1,0.5101609826087952,0.463290274143219,-0.4370652139186859
37,pose,18,-1,0.4273627996444702,0.5053491592407227,-0.4489968419075012
37,pose,19,-1,0.5085473656654358,0.43769609928131104,-0.4319104552268982
37,pose,20,-1,0.42957356572151184,0.4830890893936157,-0.4561963379383087
37,pose,21,-1,0.5107152462005615,0.439047634601593,-0.37566521763801575
37,pose,22,-1,0.4294222891330719,0.4795716404914856,-0.4011237919330597
37,pose,23,-1,0.5185701847076416,0.6916542053222656,0.008070847950875759
37,pose,24,-1,0.43986958265304565,0.6973447203636169,-0.0070396531373262405
37,pose,25,-1,0.5224462151527405,0.9773487448692322,-0.05958133190870285
37,pose,26,-1,0.4523954391479492,0.9894028306007385,-0.004994615446776152
37,pose,27,-1,0.5403648018836975,1.238135576248169,0.1856229156255722
37,pose,28,-1,0.47065818309783936,1.233214259147644,0.28946349024772644
37,pose,29,-1,0.544050395488739,1.2723480463027954,0.20232225954532623
37,pose,30,-1,0.4707871377468109,1.2588642835617065,0.3232955038547516
37,pose,31,-1,0.5339857339859009,1.3164129257202148,0.04551458731293678
37,pose,32,-1,0.48403412103652954,1.3148107528686523,0.15019631385803223
38,pose,0,-1,0.4698868691921234,0.17543266713619232,-0.28670182824134827
38,pose,1,-1,0.47796502709388733,0.14752991497516632,-0.26220768690109253
38,pose,2,-1,0.48256146907806396,0.14676131308078766,-0.2624009847640991
38,pose,3,-1,0.48658257722854614,0.14589209854602814,-0.2624821066856384
38,pose,4,-1,0.4606097340583801,0.15049315989017487,-0.26307862997055054
38,pose,5,-1,0.45517900586128235,0.15182775259017944,-0.26316243410110474
38,pose,6,-1,0.45007970929145813,0.15290120244026184,-0.26326611638069153
38,pose,7,-1,0.4948614835739136,0.15527647733688354,-0.10768415033817291
38,pose,8,-1,0.4440293312072754,0.1662103682756424,-0.11097392439842224
38,pose,9,-1,0.48215150833129883,0.20133095979690552,-0.2286415994167328
38,pose,10,-1,0.4612530767917633,0.20414184033870697,-0.2297229915857315
38,pose,11,-1,0.5446521043777466,0.3110513687133789,-0.01706645078957081
38,pose,12,-1,0.4077748656272888,0.32231324911117554,-0.02607058733701706
38,pose,13,-1,0.5831769704818726,0.5132660269737244,-0.07523597031831741
38,pose,14,-1,0.3795177638530731,0.525291383266449,-0.09475316852331161
38,pose,15,-1,0.539997935295105,0.5410470962524414,-0.341607928276062
38,pose,16,-1,0.4044974446296692,0.5540405511856079,-0.37488266825675964
38,pose,17,-1,0.522253692150116,0.562332272529602,-0.4102393686771393
38,pose,18,-1,0.4109724462032318,0.5871037840843201,-0.4345110058784485
38,pose,19,-1,0.5171990990638733,0.5391234159469604,-0.42509299516677856
38,pose,20,-1,0.4171594977378845,0.5726235508918762,-0.45955660939216614
38,pose,21,-1,0.5210388898849487,0.5314649343490601,-0.3509605824947357
38,pose,22,-1,0.4177868664264679,0.5605143308639526,-0.3892693817615509
38,pose,23,-1,0.5186629891395569,0.6933545470237732,0.008958335034549236
38,pose,24,-1,0.44004496932029724,0.6998175978660583,-0.00805413257330656
38,pose,25,-1,0.5224358439445496,0.9773057699203491,-0.07676026970148087
38,pose,26,-1,0.45191821455955505,0.9892055988311768,-0.03516368567943573
38,pose,27,-1,0.5393443703651428,1.234686017036438,0.17119260132312775
38,pose,28,-1,0.4713746905326843,1.2233468294143677,0.2806737720966339
38,pose,29,-1,0.5402178168296814,1.2681472301483154,0.18727430701255798
38,pose,30,-1,0.47343331575393677,1.2459887266159058,0.30943962931632996
38,pose,31,-1,0.5368457436561584,1.311519980430603,0.03245515376329422
38,pose,32,-1,0.48353269696235657,1.3015758991241455,0.15056189894676208
39,pose,0,-1,0.4695236086845398,0.17442460358142853,-0.3267691433429718
39,pose,1,-1,0.4778931438922882,0.1471870392560959,-0.30249711871147156
39,pose,2,-1,0.48256248235702515,0.14657087624073029,-0.302685409784317
39,pose,3,-1,0.4865838587284088,0.14577190577983856,-0.30280452966690063
39,pose,4,-1,0.46044600009918213,0.149957537651062,-0.3039051592350006
39,pose,5,-1,0.4550146162509918,0.1512162983417511,-0.30395829677581787
39,pose,6,-1,0.4498683512210846,0.15203645825386047,-0.3040879964828491
39,pose,7,-1,0.4948613941669464,0.15536007285118103,-0.15089161694049835
39,pose,8,-1,0.4439736604690552,0.1655661165714264,-0.15534520149230957
39,pose,9,-1,0.4819681942462921,0.2008320689201355,-0.26924923062324524
39,pose,10,-1,0.4608340859413147,0.2036309838294983,-0.27051541209220886
39,pose,11,-1,0.5446311831474304,0.3130308985710144,-0.05083715170621872
39,pose,12,-1,0.4076221287250519,0.3235217034816742,-0.07544172555208206
39,pose,13,-1,0.5783061981201172,0.51176917552948,-0.0512194000184536
39,pose,14,-1,0.38550278544425964,0.5229490995407104,-0.06118487939238548
39,pose,15,-1,0.5447962284088135,0.6118426322937012,-0.2780633270740509
39,pose,16,-1,0.40886539220809937,0.6539011001586914,-0.2330908179283142
39,pose,17,-1,0.5354519486427307,0.6629611253738403,-0.36885344982147217
39,pose,18,-1,0.41123420000076294,0.7077217102050781,-0.28211429715156555
39,pose,19,-1,0.5238656997680664,0.6464557647705078,-0.35234007239341736
39,pose,20,-1,0.4191255569458008,0.7063099145889282,-0.3387155532836914
39,pose,21,-1,0.5247870087623596,0.6311963796615601,-0.3374778926372528
39,pose,22,-1,0.4212692081928253,0.6875398755073547,-0.2534269392490387
39,pose,23,-1,0.519504964351654,0.6937628984451294,0.009048624895513058
39,pose,24,-1,0.4412982761859894,0.6994800567626953,-0.008303236216306686
39,pose,25,-1,0.522716224193573,0.9772579669952393,-0.0967150554060936
39,pose,26,-1,0.452083021402359,0.9876992702484131,-0.04965713992714882
39,pose,27,-1,0.5370141267776489,1.2237929105758667,0.1843705177307129
39,pose,28,-1,0.47141438722610474,1.2174725532531738,0.2938271164894104
39,pose,29,-1,0.5370096564292908,1.2541640996932983,0.20564092695713043
39,pose,30,-1,0.4738398492336273,1.2390495538711548,0.3248647451400757
39,pose,31,-1,0.5364441275596619,1.3063719272613525,0.06189485266804695
39,pose,32,-1,0.4818050265312195,1.2970761060714722,0.1828581988811493
40,hand,0,0,0.3998925983905792,0.6911060810089111,6.966221377524562e-08
40,hand,1,0,0.4131196439266205,0.7021142840385437,-0.006020884495228529
40,hand,2,0,0.4229791462421417,0.7273432612419128,-0.009351689368486404
40,hand,3,0,0.4296538531780243,0.749041736125946,-0.011299391277134418
40,hand,4,0,0.4343627989292145,0.7660113573074341,-0.01302128192037344
40,hand,5,0,0.409943550825119,0.7409060597419739,-0.012538278475403786
40,hand,6,0,0.4095194339752197,0.777707040309906,-0.017028935253620148
40,hand,7,0,0.40962305665016174,0.8001022934913635,-0.018984666094183922
40,hand,8,0,0.4102805256843567,0.815880298614502,-0.01963064819574356
40,hand,9,0,0.4008142650127411,0.7418875694274902,-0.011185109615325928
40,hand,10,0,0.40109163522720337,0.7793912887573242,-0.014849851839244366
40,hand,11,0,0.40301424264907837,0.8028308153152466,-0.01607878878712654
40,hand,12,0,0.40519529581069946,0.8201903700828552,-0.016658741980791092
40,hand,13,0,0.3943611979484558,0.7419312596321106,-0.009856349788606167
40,hand,14,0,0.3955848813056946,0.7755484580993652,-0.012677893973886967
40,hand,15,0,0.39811089634895325,0.7961724996566772,-0.013555480167269707
40,hand,16,0,0.4005424380302429,0.8108422160148621,-0.013692234642803669
40,hand,17,0,0.39074426889419556,0.741509735584259,-0.008807037025690079
40,hand,18,0,0.3922973573207855,0.7681934833526611,-0.011115558445453644
40,hand,19,0,0.39424219727516174,0.7845823764801025,-0.011527221649885178
40,hand,20,0,0.3966798484325409,0.7962126731872559,-0.01125592552125454
40,pose,0,-1,0.46911782026290894,0.17390213906764984,-0.3447722792625427
40,pose,1,-1,0.47776511311531067,0.14692002534866333,-0.31983014941215515
40,pose,2,-1,0.48255062103271484,0.1464167833328247,-0.319978266954422
40,pose,3,-1,0.48657655715942383,0.14569509029388428,-0.3200576901435852
40,pose,4,-1,0.4602072536945343,0.1495116651058197,-0.32273250818252563
40,pose,5,-1,0.4547903835773468,0.15067708492279053,-0.3227553367614746
40,pose,6,-1,0.44960764050483704,0.151350200176239,-0.32287362217903137
40,pose,7,-1,0.4948565661907196,0.1554153859615326,-0.16615326702594757
40,pose,8,-1,0.4439150094985962,0.164949432015419,-0.17787949740886688
40,pose,9,-1,0.4817138612270355,0.20059654116630554,-0.286682665348053
40,pose,10,-1,0.4604598581790924,0.2033931165933609,-0.28987759351730347
40,pose,11,-1,0.5445983409881592,0.3146321773529053,-0.05964430794119835
40,pose,12,-1,0.40761950612068176,0.3243947923183441,-0.1100364699959755
40,pose,13,-1,0.5725377202033997,0.5138117074966431,-0.007311673369258642
40,pose,14,-1,0.3892541825771332,0.5261911749839783,-0.08311252295970917
40,pose,15,-1,0.5491326451301575,0.6657516956329346,-0.16852185130119324
40,pose,16,-1,0.4059227406978607,0.685584545135498,-0.25066420435905457
40,pose,17,-1,0.5469428896903992,0.7251166701316833,-0.22637644410133362
40,pose,18,-1,0.403747022151947,0.7433378100395203,-0.30046284198760986
40,pose,19,-1,0.5357462167739868,0.7206073999404907,-0.2694479525089264
40,pose,20,-1,0.4155706465244293,0.7396793961524963,-0.3438754975795746
40,pose,21,-1,0.5330234169960022,0.7055478096008301,-0.19308476150035858
40,pose,22,-1,0.4203717112541199,0.7228899002075195,-0.2663877606391907
40,pose,23,-1,0.5204921364784241,0.6936765909194946,0.009454718790948391
40,pose,24,-1,0.44200053811073303,0.699260950088501,-0.008623320609331131
40,pose,25,-1,0.5227868556976318,0.9714582562446594,-0.09371279925107956
40,pose,26,-1,0.4530929923057556,0.9784967303276062,-0.04505149647593498
40,pose,27,-1,0.5352922677993774,1.204907774925232,0.21908798813819885
40,pose,28,-1,0.4717402458190918,1.1990081071853638,0.3163362741470337
40,pose,29,-1,0.5338811278343201,1.2313724756240845,0.24372777342796326
40,pose,30,-1,0.4740309417247772,1.2200759649276733,0.34707748889923096
40,pose,31,-1,0.5364515781402588,1.290945053100586,0.10065793991088867
40,pose,32,-1,0.48195773363113403,1.2816176414489746,0.19768570363521576
41,hand,0,0,0.3952149748802185,0.7086127996444702,9.066314277106358e-08
41,hand,1,0,0.40973159670829773,0.7283596992492676,-0.0033231708221137524
41,hand,2,0,0.41832053661346436,0.7569758296012878,-0.0045662629418075085
41,hand,3,0,0.42434537410736084,0.7803067564964294,-0.005249008536338806
41,hand,4,0,0.4299007058143616,0.7965965867042542,-0.005508618429303169
41,hand,5,0,0.4088699519634247,0.7663941979408264,-0.0037296097725629807
41,hand,6,0,0.40919962525367737,0.7982638478279114,-0.00618668831884861
41,hand,7,0,0.40924930572509766,0.8180299997329712,-0.007518215104937553
41,hand,8,0,0.4095822274684906,0.8330249190330505,-0.00797269493341446
41,hand,9,0,0.3994860053062439,0.7678266763687134,-0.0033113642130047083
41,hand,10,0,0.3999592959880829,0.7999238967895508,-0.004985412582755089
41,hand,11,0,0.4013136625289917,0.8201895952224731,-0.005852518603205681
41,hand,12,0,0.402767151594162,0.8356455564498901,-0.006247795652598143
41,hand,13,0,0.39271292090415955,0.7680841684341431,-0.0031358806882053614
41,hand,14,0,0.39384520053863525,0.7977437376976013,-0.004845879040658474
41,hand,15,0,0.3961470425128937,0.8161608576774597,-0.005515016615390778
41,hand,16,0,0.3986431360244751,0.8300027251243591,-0.005555588286370039
41,hand,17,0,0.3882908821105957,0.7675292491912842,-0.0031295574735850096
41,hand,18,0,0.39007332921028137,0.7931607365608215,-0.004291899967938662
41,hand,19,0,0.3923298716545105,0.8086377382278442,-0.003981634508818388
41,hand,20,0,0.3950367271900177,0.8201102614402771,-0.0032890811562538147
41,pose,0,-1,0.4687718152999878,0.17389342188835144,-0.3686380684375763
41,pose,1,-1,0.4776615500450134,0.14692401885986328,-0.3447129428386688
41,pose,2,-1,0.4825481176376343,0.14645223319530487,-0.3448581397533417
41,pose,3,-1,0.48657509684562683,0.14578849077224731,-0.34494510293006897
41,pose,4,-1,0.4599677622318268,0.1494792401790619,-0.34795838594436646
41,pose,5,-1,0.4546002447605133,0.15059806406497955,-0.3479951322078705
41,pose,6,-1,0.44936174154281616,0.15121309459209442,-0.348111093044281
41,pose,7,-1,0.49487417936325073,0.1558218151330948,-0.19116143882274628
41,pose,8,-1,0.44387540221214294,0.1647038459777832,-0.20495560765266418
41,pose,9,-1,0.4814883768558502,0.2006019502878189,-0.3100460171699524
41,pose,10,-1,0.4600948691368103,0.20339225232601166,-0.31390702724456787
41,pose,11,-1,0.5446888208389282,0.3172726631164551,-0.07965636998414993
41,pose,12,-1,0.407474160194397,0.32601624727249146,-0.1353493481874466
41,pose,13,-1,0.5687071681022644,0.522124171257019,-0.008824408054351807
41,pose,14,-1,0.39251020550727844,0.535688579082489,-0.10800807923078537
41,pose,15,-1,0.5541360378265381,0.7095741629600525,-0.15529856085777283
41,pose,16,-1,0.4035831391811371,0.715054988861084,-0.25832074880599976
41,pose,17,-1,0.5562988519668579,0.7660184502601624,-0.20723728835582733
41,pose,18,-1,0.4024340808391571,0.7786853909492493,-0.30743661522865295
41,pose,19,-1,0.5449146628379822,0.7626582980155945,-0.2505483031272888
41,pose,20,-1,0.41508111357688904,0.7776564955711365,-0.349283367395401
41,pose,21,-1,0.5415891408920288,0.7435051798820496,-0.17492903769016266
41,pose,22,-1,0.41979292035102844,0.7556856870651245,-0.27239862084388733
41,pose,23,-1,0.5203143954277039,0.6966907382011414,0.012005191296339035
41,pose,24,-1,0.44170600175857544,0.7051082253456116,-0.011552350595593452
41,pose,25,-1,0.5227903723716736,0.9709163904190063,-0.04920215532183647
41,pose,26,-1,0.4549527168273926,0.9785166382789612,-0.043545521795749664
41,pose,27,-1,0.5354290008544922,1.199005126953125,0.321152001619339
41,pose,28,-1,0.47189462184906006,1.1996078491210938,0.30095016956329346
41,pose,29,-1,0.5345970988273621,1.2227423191070557,0.35134217143058777
41,pose,30,-1,0.4746421277523041,1.2203974723815918,0.329155296087265
41,pose,31,-1,0.5365370512008667,1.287766933441162,0.22067706286907196
41,pose,32,-1,0.4819811284542084,1.2823370695114136,0.18190233409404755
42,hand,0,0,0.5618318319320679,0.7165178656578064,5.890514032103056e-08
42,hand,1,0,0.5484809875488281,0.7225852608680725,-0.006574829574674368
42,hand,2,0,0.5405388474464417,0.7423483729362488,-0.00992464181035757
42,hand,3,0,0.536307156085968,0.7643560171127319,-0.011917334981262684
42,hand,4,0,0.5327916145324707,0.7815778851509094,-0.013423683121800423
42,hand,5,0,0.5496997237205505,0.7672863602638245,-0.00969358254224062
42,hand,6,0,0.546783447265625,0.7987136840820312,-0.013279503211379051
42,hand,7,0,0.5443019866943359,0.8148401379585266,-0.014858593232929707
42,hand,8,0,0.5426186919212341,0.8260329961776733,-0.015574146993458271
42,hand,9,0,0.5578871369361877,0.7726078629493713,-0.007531922776252031
42,hand,10,0,0.5544590950012207,0.8040339350700378,-0.010813157074153423
42,hand,11,0,0.5511465668678284,0.8185755610466003,-0.011628967709839344
42,hand,12,0,0.5481903553009033,0.8279401659965515,-0.011819184757769108
42,hand,13,0,0.563714325428009,0.7750043272972107,-0.005610085092484951
42,hand,14,0,0.5605093240737915,0.8036664128303528,-0.007961314171552658
42,hand,15,0,0.5572037100791931,0.8165412545204163,-0.007991832681000233
42,hand,16,0,0.5541272759437561,0.8253341913223267,-0.007687449920922518
42,hand,17,0,0.5674736499786377,0.7752416133880615,-0.004191383719444275
42,hand,18,0,0.565161943435669,0.7988051772117615,-0.005619370844215155
42,hand,19,0,0.5622642040252686,0.8105120658874512,-0.005352422129362822
42,hand,20,0,0.5592620968818665,0.8179270625114441,-0.0047592283226549625
42,hand,0,1,0.3941287100315094,0.7261043787002563,9.435753156594728e-08
42,hand,1,1,0.4090328812599182,0.7439309358596802,-0.0021227251272648573
42,hand,2,1,0.41664600372314453,0.7710971236228943,-0.0029001086950302124
42,hand,3,1,0.4208083748817444,0.7937670350074768,-0.0029752845875918865
42,hand,4,1,0.4266485273838043,0.807852029800415,-0.0026596863754093647
42,hand,5,1,0.40659064054489136,0.7859765291213989,-0.0038220530841499567
42,hand,6,1,0.40815040469169617,0.820206344127655,-0.005437286105006933
42,hand,7,1,0.4091454744338989,0.8399559259414673,-0.005999525543302298
42,hand,8,1,0.4101065397262573,0.8541231155395508,-0.005777313373982906
42,hand,9,1,0.39643174409866333,0.7878201007843018,-0.003300899174064398
42,hand,10,1,0.3981553018093109,0.8231275677680969,-0.004139718599617481
42,hand,11,1,0.4008723199367523,0.8430953025817871,-0.00421424675732851
42,hand,12,1,0.4033639430999756,0.857204258441925,-0.003905786667019129
42,hand,13,1,0.38939258456230164,0.7876540422439575,-0.002710348693653941
42,hand,14,1,0.39146125316619873,0.8189563155174255,-0.0032187204342335463
42,hand,15,1,0.3953295648097992,0.8365484476089478,-0.0030062177684158087
42,hand,16,1,0.39890408515930176,0.8485977649688721,-0.0024712830781936646
42,hand,17,1,0.3853326141834259,0.7860660552978516,-0.0021748405415564775
42,hand,18,1,0.38772979378700256,0.8119112253189087,-0.002201162278652191
42,hand,19,1,0.3911094665527344,0.8265199661254883,-0.0010417620651423931
42,hand,20,1,0.3947855234146118,0.8363999724388123,0.00033145249471999705
42,pose,0,-1,0.4681376814842224,0.17149090766906738,-0.38410207629203796
42,pose,1,-1,0.4772769510746002,0.1444726139307022,-0.3608614504337311
42,pose,2,-1,0.4824742078781128,0.1441137045621872,-0.36097976565361023
42,pose,3,-1,0.4864811301231384,0.1437668651342392,-0.36104995012283325
42,pose,4,-1,0.4593065679073334,0.14730983972549438,-0.36267995834350586
42,pose,5,-1,0.4539620280265808,0.14864791929721832,-0.3627161681652069
42,pose,6,-1,0.4487490952014923,0.14943236112594604,-0.3628357946872711
42,pose,7,-1,0.49479833245277405,0.1551283746957779,-0.20999780297279358
42,pose,8,-1,0.44372865557670593,0.1633116900920868,-0.21780599653720856
42,pose,9,-1,0.48112455010414124,0.19896961748600006,-0.32694193720817566
42,pose,10,-1,0.4596138000488281,0.2021753191947937,-0.3290678560733795
42,pose,11,-1,0.545009195804596,0.31918254494667053,-0.10515236109495163
42,pose,12,-1,0.40743768215179443,0.32729753851890564,-0.14289532601833344
42,pose,13,-1,0.5664828419685364,0.5288301110267639,-0.01310255192220211
42,pose,14,-1,0.39627155661582947,0.5396263003349304,-0.10922419279813766
42,pose,15,-1,0.5608440637588501,0.7212508320808411,-0.18253985047340393
42,pose,16,-1,0.39914900064468384,0.7278562784194946,-0.2470400184392929
42,pose,17,-1,0.5677368640899658,0.7769713997840881,-0.23355917632579803
42,pose,18,-1,0.3967069387435913,0.7906730771064758,-0.29372644424438477
42,pose,19,-1,0.555297315120697,0.7772830724716187,-0.26217249035835266
42,pose,20,-1,0.4090476930141449,0.7886761426925659,-0.3446812331676483
42,pose,21,-1,0.5505365133285522,0.757074236869812,-0.19952423870563507
42,pose,22,-1,0.41403600573539734,0.7671144008636475,-0.26577627658843994
42,pose,23,-1,0.5198877453804016,0.6994089484214783,0.012417729012668133
42,pose,24,-1,0.44142991304397583,0.707850992679596,-0.012116891331970692
42,pose,25,-1,0.5227965712547302,0.9709714651107788,-0.006263823714107275
42,pose,26,-1,0.456270694732666,0.9786620140075684,-0.03349298983812332
42,pose,27,-1,0.5355207920074463,1.1932016611099243,0.3787469267845154
42,pose,28,-1,0.47189515829086304,1.2026182413101196,0.2950045168399811
42,pose,29,-1,0.5350667834281921,1.2156922817230225,0.4106092154979706
42,pose,30,-1,0.4746662974357605,1.2243412733078003,0.3244043290615082
42,pose,31,-1,0.5365321636199951,1.2817612886428833,0.2745722830295563
42,pose,32,-1,0.4818931818008423,1.2847927808761597,0.15098068118095398
43,hand,0,0,0.5636221170425415,0.7213103175163269,1.13136863433283e-07
43,hand,1,0,0.5505249500274658,0.7321426272392273,-0.004764324054121971
43,hand,2,0,0.5439844131469727,0.7536993622779846,-0.0066832853481173515
43,hand,3,0,0.5412219166755676,0.7766793370246887,-0.007592378184199333
43,hand,4,0,0.5378742218017578,0.7932046055793762,-0.008073228411376476
43,hand,5,0,0.5557291507720947,0.777481734752655,-0.004479753784835339
43,hand,6,0,0.5536338090896606,0.807498037815094,-0.006081022322177887
43,hand,7,0,0.551045835018158,0.8229495286941528,-0.0069097899831831455
43,hand,8,0,0.5485885143280029,0.8338303565979004,-0.007147528231143951
43,hand,9,0,0.5640587210655212,0.778396487236023,-0.0025135676842182875
43,hand,10,0,0.5616855025291443,0.8081839680671692,-0.003762576263397932
43,hand,11,0,0.5577357411384583,0.8226109147071838,-0.004063139203935862
43,hand,12,0,0.5537155270576477,0.8321537375450134,-0.003944669850170612
43,hand,13,0,0.569587767124176,0.7762858271598816,-0.0008375891484320164
43,hand,14,0,0.5676575899124146,0.8041631579399109,-0.001817853655666113
43,hand,15,0,0.5637931227684021,0.8187671899795532,-0.0018320893868803978
43,hand,16,0,0.5596838593482971,0.8286840319633484,-0.001627344754524529
43,hand,17,0,0.5728063583374023,0.7722488641738892,0.0004605584836099297
43,hand,18,0,0.5718339681625366,0.7953701019287109,-0.00017204484902322292
43,hand,19,0,0.56928950548172,0.8061022758483887,0.00040643493412062526
43,hand,20,0,0.5664499998092651,0.8126064538955688,0.001229595742188394
43,hand,0,1,0.3909929096698761,0.7337561249732971,3.129980186145076e-08
43,hand,1,1,0.40557897090911865,0.750082790851593,-0.0040847668424248695
43,hand,2,1,0.4128676652908325,0.776896595954895,-0.005494668148458004
43,hand,3,1,0.41704997420310974,0.8003087043762207,-0.005968725308775902
43,hand,4,1,0.4229939579963684,0.8151518702507019,-0.00587511109188199
43,hand,5,1,0.4021349549293518,0.7922719717025757,-0.005138283595442772
43,hand,6,1,0.4048844575881958,0.8243526220321655,-0.007365434430539608
43,hand,7,1,0.4070965349674225,0.8419727683067322,-0.008521994575858116
43,hand,8,1,0.40917983651161194,0.8549728989601135,-0.008859922178089619
43,hand,9,1,0.3931122422218323,0.7938870787620544,-0.0037174231838434935
43,hand,10,1,0.3969063460826874,0.8264508843421936,-0.00500063318759203
43,hand,11,1,0.40109777450561523,0.8433922529220581,-0.005340547300875187
43,hand,12,1,0.40480005741119385,0.8551514744758606,-0.005442395806312561
43,hand,13,1,0.38697460293769836,0.7934038639068604,-0.0024762628600001335
43,hand,14,1,0.3910118341445923,0.8232070803642273,-0.0035678339190781116
43,hand,15,1,0.3956263065338135,0.8377300500869751,-0.00335713685490191
43,hand,16,1,0.3995612561702728,0.8465260863304138,-0.002876492217183113
43,hand,17,1,0.38341161608695984,0.7919911742210388,-0.001534821349196136
43,hand,18,1,0.3869720995426178,0.8168731331825256,-0.0021088130306452513
43,hand,19,1,0.3913033902645111,0.8292052745819092,-0.0014164942549541593
43,hand,20,1,0.39555591344833374,0.8363919258117676,-0.00046019782894290984
43,pose,0,-1,0.4678369462490082,0.17016161978244781,-0.3694045841693878
43,pose,1,-1,0.47708848118782043,0.1429145336151123,-0.3457765281200409
43,pose,2,-1,0.48244041204452515,0.1427367627620697,-0.3459095060825348
43,pose,3,-1,0.486417680978775,0.14265403151512146,-0.34598299860954285
43,pose,4,-1,0.45903879404067993,0.1455204039812088,-0.3479020297527313
43,pose,5,-1,0.4537148177623749,0.14700444042682648,-0.3479328751564026
43,pose,6,-1,0.44851070642471313,0.1479489654302597,-0.3480389416217804
43,pose,7,-1,0.4947514235973358,0.1548222154378891,-0.1943962723016739
43,pose,8,-1,0.4436022639274597,0.16209676861763,-0.20360802114009857
43,pose,9,-1,0.48092120885849,0.19846157729625702,-0.31192129850387573
43,pose,10,-1,0.45923858880996704,0.20163927972316742,-0.3144974708557129
43,pose,11,-1,0.5450559258460999,0.319917231798172,-0.08942493796348572
43,pose,12,-1,0.40735355019569397,0.32752469182014465,-0.1301296502351761
43,pose,13,-1,0.5652065277099609,0.5304838418960571,-0.01310347206890583
43,pose,14,-1,0.39844557642936707,0.5399028658866882,-0.1074150875210762
43,pose,15,-1,0.5644263029098511,0.7215753197669983,-0.1625734269618988
43,pose,16,-1,0.395891398191452,0.727409839630127,-0.2326388955116272
43,pose,17,-1,0.5715968608856201,0.7772301435470581,-0.21202078461647034
43,pose,18,-1,0.3933213949203491,0.7893250584602356,-0.2787327468395233
43,pose,19,-1,0.5595859289169312,0.7769711017608643,-0.2543586492538452
43,pose,20,-1,0.4044937491416931,0.7876425385475159,-0.32933229207992554
43,pose,21,-1,0.5546553730964661,0.7564162015914917,-0.18228121101856232
43,pose,22,-1,0.40849241614341736,0.765602707862854,-0.25308555364608765
43,pose,23,-1,0.5195707678794861,0.7011647820472717,0.01323178131133318
43,pose,24,-1,0.44096288084983826,0.7097973823547363,-0.0130597660318017
43,pose,25,-1,0.5228792428970337,0.9710376858711243,-0.0033147395588457584
43,pose,26,-1,0.45686987042427063,0.9789376854896545,-0.033126793801784515
43,pose,27,-1,0.5357641577720642,1.1912368535995483,0.38313302397727966
43,pose,28,-1,0.4722123146057129,1.203196406364441,0.29802101850509644
43,pose,29,-1,0.5351146459579468,1.213710069656372,0.41589584946632385
43,pose,30,-1,0.4752962291240692,1.2243483066558838,0.3273967206478119
43,pose,31,-1,0.5369110107421875,1.2796545028686523,0.2861182391643524
43,pose,32,-1,0.4819602072238922,1.2856463193893433,0.16011373698711395
44,hand,0,0,0.5659343600273132,0.7242662906646729,1.2344918332019006e-07
44,hand,1,0,0.5527949333190918,0.7350696921348572,-0.006371481344103813
44,hand,2,0,0.5468548536300659,0.7581766843795776,-0.008469587191939354
44,hand,3,0,0.5441707968711853,0.7821711897850037,-0.009044859558343887
44,hand,4,0,0.5397335886955261,0.7992082238197327,-0.009000062011182308
44,hand,5,0,0.5583731532096863,0.7806110978126526,-0.005773803684860468
44,hand,6,0,0.5551473498344421,0.8104208707809448,-0.006905919406563044
44,hand,7,0,0.5513634085655212,0.8237792253494263,-0.007138221058994532
44,hand,8,0,0.5479086637496948,0.8320919275283813,-0.006877037696540356
44,hand,9,0,0.5664271712303162,0.7811636924743652,-0.0024373934138566256
44,hand,10,0,0.562748372554779,0.8111666440963745,-0.003025942947715521
44,hand,11,0,0.5577383041381836,0.8231956958770752,-0.002526442985981703
44,hand,12,0,0.5528855323791504,0.8296449780464172,-0.0017652319511398673
44,hand,13,0,0.5713217258453369,0.7785381078720093,0.000547294388525188
44,hand,14,0,0.5683526992797852,0.804736852645874,0.0003848041233140975
44,hand,15,0,0.5637644529342651,0.8164034485816956,0.0009064902551472187
44,hand,16,0,0.5590865612030029,0.8234349489212036,0.0014548612525686622
44,hand,17,0,0.5737669467926025,0.7743107080459595,0.0029883140232414007
44,hand,18,0,0.5717055797576904,0.7964211702346802,0.003158078296110034
44,hand,19,0,0.5681179165840149,0.8062570691108704,0.004031732678413391
44,hand,20,0,0.5642997622489929,0.8117435574531555,0.005035745911300182
44,hand,0,1,0.3899895250797272,0.7356885671615601,-1.3950832489229015e-08
44,hand,1,1,0.4042012393474579,0.75197434425354,-0.0040374817326664925
44,hand,2,1,0.4101226031780243,0.7793263792991638,-0.004573527257889509
44,hand,3,1,0.41279682517051697,0.8025618195533752,-0.00420527346432209
44,hand,4,1,0.41727668046951294,0.8177586793899536,-0.0032387268729507923
44,hand,5,1,0.3976370394229889,0.7959434390068054,-0.002013016724959016
44,hand,6,1,0.403080552816391,0.8222265243530273,-0.0027169217355549335
44,hand,7,1,0.4068446755409241,0.8353613615036011,-0.0034123447258025408
44,hand,8,1,0.40978777408599854,0.8460956811904907,-0.0038104155100882053
44,hand,9,1,0.3897186815738678,0.7975026369094849,-0.00021422028657980263
44,hand,10,1,0.3963114321231842,0.8238645792007446,-0.0006805044249631464
44,hand,11,1,0.40264132618904114,0.8343071341514587,-0.0010836691362783313
44,hand,12,1,0.4072231650352478,0.8404510021209717,-0.0013072610599920154
44,hand,13,1,0.3849465548992157,0.7960246205329895,0.0012419243576005101
44,hand,14,1,0.39099666476249695,0.8203328251838684,0.0004502148076426238
44,hand,15,1,0.3976564109325409,0.8298467397689819,0.0004747639468405396
44,hand,16,1,0.4024881422519684,0.8341838121414185,0.0007687630713917315
44,hand,17,1,0.3825903534889221,0.7935079336166382,0.002336114179342985
44,hand,18,1,0.38618892431259155,0.8144250512123108,0.001913703978061676
44,hand,19,1,0.39191779494285583,0.8230793476104736,0.002379588782787323
44,hand,20,1,0.3966233432292938,0.8268346190452576,0.0030508136842399836
44,pose,0,-1,0.46774178743362427,0.16847087442874908,-0.4089484214782715
44,pose,1,-1,0.47697070240974426,0.14073562622070312,-0.38515207171440125
44,pose,2,-1,0.48240527510643005,0.14068293571472168,-0.3852863609790802
44,pose,3,-1,0.4863492548465729,0.14084956049919128,-0.3853815793991089
44,pose,4,-1,0.45895424485206604,0.14301149547100067,-0.3878583014011383
44,pose,5,-1,0.4536336660385132,0.1445801556110382,-0.3878987431526184
44,pose,6,-1,0.44839566946029663,0.14584362506866455,-0.38801276683807373
44,pose,7,-1,0.4946202039718628,0.15400740504264832,-0.22801710665225983
44,pose,8,-1,0.4434868395328522,0.16033869981765747,-0.24041181802749634
44,pose,9,-1,0.48079225420951843,0.19727261364459991,-0.34897223114967346
44,pose,10,-1,0.45903927087783813,0.20059452950954437,-0.35242992639541626
44,pose,11,-1,0.5452330708503723,0.32002031803131104,-0.1120966300368309
44,pose,12,-1,0.407235711812973,0.32738590240478516,-0.1625925600528717
44,pose,13,-1,0.5641977787017822,0.5313476324081421,-0.014238893985748291
44,pose,14,-1,0.39929988980293274,0.539593517780304,-0.12504659593105316
44,pose,15,-1,0.5659463405609131,0.7218066453933716,-0.17858253419399261
44,pose,16,-1,0.394498735666275,0.7279875874519348,-0.23432707786560059
44,pose,17,-1,0.5725220441818237,0.7759186029434204,-0.22922024130821228
44,pose,18,-1,0.3930715024471283,0.7884321808815002,-0.2839818298816681
44,pose,19,-1,0.561420202255249,0.7753705382347107,-0.25483131408691406
44,pose,20,-1,0.4031536281108856,0.7865833640098572,-0.3501487672328949
44,pose,21,-1,0.556559145450592,0.7557319402694702,-0.19660760462284088
44,pose,22,-1,0.4062712788581848,0.7649691700935364,-0.26846349239349365
44,pose,23,-1,0.5194413661956787,0.7017620205879211,0.016878876835107803
44,pose,24,-1,0.4405117928981781,0.7098985910415649,-0.01682896353304386
44,pose,25,-1,0.5230189561843872,0.9708888530731201,0.003773899981752038
44,pose,26,-1,0.456802099943161,0.9791734218597412,-0.03341513127088547
44,pose,27,-1,0.5358068943023682,1.1849526166915894,0.41759994626045227
44,pose,28,-1,0.4718913733959198,1.200993299484253,0.3119431436061859
44,pose,29,-1,0.5350410342216492,1.205768346786499,0.4529154598712921
44,pose,30,-1,0.4752630591392517,1.2201329469680786,0.34296149015426636
44,pose,31,-1,0.537440836429596,1.2766838073730469,0.319129079580307
44,pose,32,-1,0.4816672205924988,1.286210536956787,0.1764822006225586
45,hand,0,0,0.567484974861145,0.7256389260292053,1.1177066028267291e-07
45,hand,1,0,0.5549373030662537,0.7369887828826904,-0.005955352447926998
45,hand,2,0,0.5491716861724854,0.7599438428878784,-0.007618944626301527
45,hand,3,0,0.5461066365242004,0.7828039526939392,-0.008020494133234024
45,hand,4,0,0.5415357947349548,0.7992403507232666,-0.007774821016937494
45,hand,5,0,0.5611655116081238,0.7825756072998047,-0.0035975617356598377
45,hand,6,0,0.5553913116455078,0.8092557191848755,-0.004721547476947308
45,hand,7,0,0.5505133271217346,0.8212741613388062,-0.005483957473188639
45,hand,8,0,0.5469185709953308,0.8295608162879944,-0.005776690319180489
45,hand,9,0,0.5674957036972046,0.7837212681770325,-0.0007444865186698735
45,hand,10,0,0.5613537430763245,0.8101861476898193,-0.0013926350511610508
45,hand,11,0,0.5554333329200745,0.8213269710540771,-0.0015782933915033937
45,hand,12,0,0.55045086145401,0.8284685015678406,-0.0015769697492942214
45,hand,13,0,0.5710576772689819,0.781634509563446,0.0016114675672724843
45,hand,14,0,0.5656949877738953,0.8054537773132324,0.0011444969568401575
45,hand,15,0,0.559840977191925,0.8157707452774048,0.0012270280858501792
45,hand,16,0,0.5546421408653259,0.8223878145217896,0.001352293766103685
45,hand,17,0,0.5724067091941833,0.7787447571754456,0.003394791856408119
45,hand,18,0,0.5686030983924866,0.7995824813842773,0.0032040709629654884
45,hand,19,0,0.5640428066253662,0.809162974357605,0.0037316572852432728
45,hand,20,0,0.5596001744270325,0.8148614764213562,0.004377683158963919
45,hand,0,1,0.38875705003738403,0.735582172870636,-2.144990851604689e-08
45,hand,1,1,0.4026443660259247,0.7508092522621155,-0.004989315290004015
45,hand,2,1,0.4081544280052185,0.7770575284957886,-0.005857381969690323
45,hand,3,1,0.41019561886787415,0.8003771901130676,-0.005612826440483332
45,hand,4,1,0.4133903980255127,0.8175734281539917,-0.004673303104937077
45,hand,5,1,0.3956981599330902,0.7945300936698914,-0.003007281804457307
45,hand,6,1,0.40185248851776123,0.8216463327407837,-0.0038222800940275192
45,hand,7,1,0.4066162407398224,0.8343473672866821,-0.00453009270131588
45,hand,8,1,0.41066494584083557,0.844445526599884,-0.004876662977039814
45,hand,9,1,0.38841694593429565,0.7951068878173828,-0.0006745044374838471
45,hand,10,1,0.3957695960998535,0.8210455775260925,-0.0014804821694269776
45,hand,11,1,0.40340137481689453,0.8314040899276733,-0.002095064613968134
45,hand,12,1,0.4094182550907135,0.8374446630477905,-0.0023924673441797495
45,hand,13,1,0.3843609094619751,0.7929689884185791,0.0012655295431613922
45,hand,14,1,0.39059892296791077,0.8169268369674683,-0.00017067215230781585
45,hand,15,1,0.39791038632392883,0.8255473375320435,-0.0005766431568190455
45,hand,16,1,0.40350714325904846,0.8295168876647949,-0.0003768937604036182
45,hand,17,1,0.3826574385166168,0.7907020449638367,0.002861954737454653
45,hand,18,1,0.38652142882347107,0.8116601705551147,0.0017965842271223664
45,hand,19,1,0.39248865842819214,0.820232093334198,0.0018905313918367028
45,hand,20,1,0.39733320474624634,0.8239121437072754,0.0024479124695062637
45,pose,0,-1,0.4677479565143585,0.16551311314105988,-0.43115323781967163
45,pose,1,-1,0.4769694209098816,0.13755930960178375,-0.40758320689201355
45,pose,2,-1,0.48240676522254944,0.13755139708518982,-0.4077051877975464
45,pose,3,-1,0.4863479435443878,0.13785694539546967,-0.4077819883823395
45,pose,4,-1,0.4589502215385437,0.13947920501232147,-0.4108067750930786
45,pose,5,-1,0.4536088705062866,0.14105010032653809,-0.41085973381996155
45,pose,6,-1,0.448324054479599,0.1428367793560028,-0.4109775125980377
45,pose,7,-1,0.4946035146713257,0.15189552307128906,-0.2490769326686859
45,pose,8,-1,0.443349689245224,0.15805716812610626,-0.2635182738304138
45,pose,9,-1,0.4807814657688141,0.19469912350177765,-0.3705984652042389
45,pose,10,-1,0.45904281735420227,0.19817207753658295,-0.3746365010738373
45,pose,11,-1,0.5453851819038391,0.3197578191757202,-0.13049261271953583
45,pose,12,-1,0.40713346004486084,0.32726097106933594,-0.18021909892559052
45,pose,13,-1,0.5634312033653259,0.5306807160377502,-0.03931586071848869
45,pose,14,-1,0.3987084925174713,0.5419898629188538,-0.14121562242507935
45,pose,15,-1,0.5675415396690369,0.7199745774269104,-0.1863369345664978
45,pose,16,-1,0.3925093710422516,0.728879451751709,-0.2670511305332184
45,pose,17,-1,0.5729819536209106,0.7735229730606079,-0.23831585049629211
45,pose,18,-1,0.3918297588825226,0.7872047424316406,-0.31563928723335266
45,pose,19,-1,0.5629209876060486,0.7722639441490173,-0.28360292315483093
45,pose,20,-1,0.4018534719944,0.7860400676727295,-0.37213850021362305
45,pose,21,-1,0.558688759803772,0.7534411549568176,-0.20607708394527435
45,pose,22,-1,0.4044380486011505,0.7646830081939697,-0.294607549905777
45,pose,23,-1,0.5194351077079773,0.701890230178833,0.016965124756097794
45,pose,24,-1,0.4403470456600189,0.7094485759735107,-0.016905363649129868
45,pose,25,-1,0.5230346918106079,0.9712204337120056,0.0008648010552860796
45,pose,26,-1,0.4566001892089844,0.9794001579284668,-0.02810332365334034
45,pose,27,-1,0.5357833504676819,1.1877156496047974,0.3971318006515503
45,pose,28,-1,0.47069454193115234,1.2021470069885254,0.32823434472084045
45,pose,29,-1,0.5349716544151306,1.2101095914840698,0.43002939224243164
45,pose,30,-1,0.47430455684661865,1.221888542175293,0.3595893681049347
45,pose,31,-1,0.5376008152961731,1.2786314487457275,0.29056066274642944
45,pose,32,-1,0.48046866059303284,1.2865499258041382,0.19497062265872955
46,hand,0,0,0.5692030787467957,0.7266138792037964,1.1173698766242524e-07
46,hand,1,0,0.5566469430923462,0.7361273765563965,-0.007054747082293034
46,hand,2,0,0.550859272480011,0.7598012685775757,-0.008700421079993248
46,hand,3,0,0.5476749539375305,0.7828875780105591,-0.008817716501653194
46,hand,4,0,0.5432422757148743,0.7996891736984253,-0.00821583904325962
46,hand,5,0,0.5626287460327148,0.7822966575622559,-0.0039312164299190044
46,hand,6,0,0.5569431781768799,0.8084911108016968,-0.004549252800643444
46,hand,7,0,0.5514853596687317,0.8200147747993469,-0.0050879232585430145
46,hand,8,0,0.5472478866577148,0.8276201486587524,-0.00529720913618803
46,hand,9,0,0.5680134296417236,0.7832744121551514,-0.00022746529430150986
46,hand,10,0,0.5617875456809998,0.8087775707244873,-0.0006705264677293599
46,hand,11,0,0.5552156567573547,0.819606602191925,-0.0011314974399283528
46,hand,12,0,0.5493847131729126,0.8259099125862122,-0.0013427118537947536
46,hand,13,0,0.5705114603042603,0.7819001078605652,0.0029481155797839165
46,hand,14,0,0.5645924210548401,0.8048660755157471,0.002669569104909897
46,hand,15,0,0.5583606958389282,0.8149036169052124,0.002266474300995469
46,hand,16,0,0.5528212189674377,0.8211224675178528,0.0020469066221266985
46,hand,17,0,0.5707955956459045,0.7800194025039673,0.005472248420119286
46,hand,18,0,0.5663887858390808,0.8004754185676575,0.005448491312563419
46,hand,19,0,0.5616694688796997,0.8099240064620972,0.005582448095083237
46,hand,20,0,0.55705326795578,0.815234363079071,0.005890116095542908
46,hand,0,1,0.3885434567928314,0.7358521223068237,-1.3128378384408279e-08
46,hand,1,1,0.40202686190605164,0.7491058111190796,-0.005735090002417564
46,hand,2,1,0.4074558913707733,0.7739497423171997,-0.006901351734995842
46,hand,3,1,0.40951523184776306,0.7969416379928589,-0.006743637379258871
46,hand,4,1,0.4122912287712097,0.8144338130950928,-0.0058342344127595425
46,hand,5,1,0.39468324184417725,0.7932057976722717,-0.00374158495105803
46,hand,6,1,0.4003385305404663,0.8208833932876587,-0.004628065042197704
46,hand,7,1,0.40496090054512024,0.8339246511459351,-0.005394864361733198
46,hand,8,1,0.40910598635673523,0.8440262675285339,-0.005734732374548912
46,hand,9,1,0.3877297043800354,0.7937629818916321,-0.0009589349501766264
46,hand,10,1,0.3946174383163452,0.8200766444206238,-0.0017753846477717161
46,hand,11,1,0.4020577371120453,0.8315558433532715,-0.002459415700286627
46,hand,12,1,0.40829068422317505,0.8382844924926758,-0.002808449324220419
46,hand,13,1,0.3841700553894043,0.7919406890869141,0.0013872373383492231
46,hand,14,1,0.39040282368659973,0.8162120580673218,-3.431612640270032e-05
46,hand,15,1,0.3974672853946686,0.8263462781906128,-0.0007272118236869574
46,hand,16,1,0.40330708026885986,0.8317021727561951,-0.0007498064660467207
46,hand,17,1,0.38299572467803955,0.7903653979301453,0.0033514853566884995
46,hand,18,1,0.3873465657234192,0.8117940425872803,0.0020907034631818533
46,hand,19,1,0.3931266665458679,0.8215132355690002,0.001861470052972436
46,hand,20,1,0.3981190323829651,0.8266475200653076,0.0022154515609145164
46,pose,0,-1,0.46805113554000854,0.1643195003271103,-0.4239531457424164
46,pose,1,-1,0.47715848684310913,0.13637347519397736,-0.4003860354423523
46,pose,2,-1,0.48252901434898376,0.13635416328907013,-0.40051746368408203
46,pose,3,-1,0.48647385835647583,0.1366603821516037,-0.4005826413631439
46,pose,4,-1,0.45905882120132446,0.13825103640556335,-0.4035053551197052
46,pose,5,-1,0.45365482568740845,0.13975699245929718,-0.4035668671131134
46,pose,6,-1,0.4483533501625061,0.1417568475008011,-0.40368807315826416
46,pose,7,-1,0.4946221709251404,0.15089303255081177,-0.24180126190185547
46,pose,8,-1,0.4433039426803589,0.15720483660697937,-0.2549998462200165
46,pose,9,-1,0.4808846712112427,0.19372208416461945,-0.3631970286369324
46,pose,10,-1,0.4591449499130249,0.1973441243171692,-0.36694636940956116
46,pose,11,-1,0.5458362698554993,0.3195546567440033,-0.12486151605844498
46,pose,12,-1,0.40705057978630066,0.32719117403030396,-0.16970539093017578
46,pose,13,-1,0.5632970929145813,0.5306774973869324,-0.04138098657131195
46,pose,14,-1,0.3978283703327179,0.5429357886314392,-0.13423538208007812
46,pose,15,-1,0.5684783458709717,0.7210552096366882,-0.18943659961223602
46,pose,16,-1,0.3919984996318817,0.7293926477432251,-0.26950499415397644
46,pose,17,-1,0.5733928680419922,0.7729642987251282,-0.2399028241634369
46,pose,18,-1,0.3911800980567932,0.7876467704772949,-0.3171031177043915
46,pose,19,-1,0.5632954239845276,0.7715069651603699,-0.2841201424598694
46,pose,20,-1,0.40092933177948,0.7862961292266846,-0.368247926235199
46,pose,21,-1,0.5592588782310486,0.7529842257499695,-0.20857824385166168
46,pose,22,-1,0.4034700393676758,0.7647067904472351,-0.2940979599952698
46,pose,23,-1,0.5194275975227356,0.7031569480895996,0.014919082634150982
46,pose,24,-1,0.4400595724582672,0.7103607654571533,-0.014840357936918736
46,pose,25,-1,0.5230039954185486,0.97244793176651,-0.008026662282645702
46,pose,26,-1,0.45640313625335693,0.9804691076278687,-0.018821856006979942
46,pose,27,-1,0.5358230471611023,1.1880784034729004,0.36012089252471924
46,pose,28,-1,0.47053593397140503,1.2059344053268433,0.35133880376815796
46,pose,29,-1,0.5351496338844299,1.211998701095581,0.3908611536026001
46,pose,30,-1,0.4740203022956848,1.2267465591430664,0.38435035943984985
46,pose,31,-1,0.5376646518707275,1.2803999185562134,0.25131937861442566
46,pose,32,-1,0.48043739795684814,1.2893755435943604,0.227748304605484
47,hand,0,0,0.5687807202339172,0.7270247936248779,1.1940369404328521e-07
47,hand,1,0,0.5567388534545898,0.7364525198936462,-0.00685319397598505
47,hand,2,0,0.5513219833374023,0.7596644759178162,-0.00869082473218441
47,hand,3,0,0.5478217005729675,0.7822269797325134,-0.009143846109509468
47,hand,4,0,0.5436134338378906,0.7992281913757324,-0.008924184367060661
47,hand,5,0,0.5631822347640991,0.7820453643798828,-0.004067946225404739
47,hand,6,0,0.5581731200218201,0.8089476823806763,-0.0050969053991138935
47,hand,7,0,0.5526152849197388,0.8205537796020508,-0.005807565525174141
47,hand,8,0,0.5481273531913757,0.8277199864387512,-0.006044474430382252
47,hand,9,0,0.5687773823738098,0.7825343608856201,-0.0006908812210895121
47,hand,10,0,0.5631604790687561,0.8090168833732605,-0.0014914696803316474
47,hand,11,0,0.5564282536506653,0.8202362656593323,-0.001951418467797339
47,hand,12,0,0.550280749797821,0.8262604475021362,-0.0020891453605145216
47,hand,13,0,0.5714980363845825,0.7809107303619385,0.0021241705399006605
47,hand,14,0,0.5663481950759888,0.8047267198562622,0.0014643229078501463
47,hand,15,0,0.5598902106285095,0.8151100873947144,0.0010848474921658635
47,hand,16,0,0.5539143681526184,0.8211070895195007,0.000981744029559195
47,hand,17,0,0.5719677209854126,0.7787993550300598,0.004302708897739649
47,hand,18,0,0.5682110786437988,0.7999247312545776,0.0038816863670945168
47,hand,19,0,0.563322126865387,0.8093781471252441,0.003975594881922007
47,hand,20,0,0.5582848787307739,0.8144023418426514,0.004323409870266914
47,hand,0,1,0.3882972300052643,0.7343121767044067,-1.4935846337493786e-08
47,hand,1,1,0.4018875062465668,0.7473018765449524,-0.006032639183104038
47,hand,2,1,0.40729960799217224,0.7729318737983704,-0.0074234469793736935
47,hand,3,1,0.4095698297023773,0.7964956164360046,-0.00740782218053937
47,hand,4,1,0.41245734691619873,0.8132430911064148,-0.0066555822268128395
47,hand,5,1,0.3941824436187744,0.7888866662979126,-0.005182846449315548
47,hand,6,1,0.3993440866470337,0.8178679347038269,-0.006716421339660883
47,hand,7,1,0.4040873348712921,0.8318442106246948,-0.007563261780887842
47,hand,8,1,0.408395916223526,0.8422664999961853,-0.007873686030507088
47,hand,9,1,0.38725027441978455,0.7901042699813843,-0.002431879285722971
47,hand,10,1,0.39345282316207886,0.8181861639022827,-0.003992217127233744
47,hand,11,1,0.4014407694339752,0.8305211067199707,-0.004595551639795303
47,hand,12,1,0.40812817215919495,0.8374139070510864,-0.004735751077532768
47,hand,13,1,0.3836469352245331,0.7891854643821716,-0.00010235997615382075
47,hand,14,1,0.3892238140106201,0.8150274753570557,-0.0021259309723973274
47,hand,15,1,0.39683404564857483,0.8251546025276184,-0.002747381804510951
47,hand,16,1,0.4030153751373291,0.829883873462677,-0.002563435584306717
47,hand,17,1,0.38250792026519775,0.7882259488105774,0.0018383319256827235
47,hand,18,1,0.3864067792892456,0.810417652130127,0.0001523559622000903
47,hand,19,1,0.3923342525959015,0.8203384280204773,-0.00017540063709020615
47,hand,20,1,0.397506445646286,0.8250848054885864,0.00018484921019989997
47,pose,0,-1,0.46802669763565063,0.1637299358844757,-0.39521655440330505
47,pose,1,-1,0.47713613510131836,0.13560374081134796,-0.37185192108154297
47,pose,2,-1,0.4825292229652405,0.13554006814956665,-0.37198370695114136
47,pose,3,-1,0.4864750802516937,0.1358252912759781,-0.37205013632774353
47,pose,4,-1,0.45898905396461487,0.13745050132274628,-0.374392569065094
47,pose,5,-1,0.4535636305809021,0.1389673799276352,-0.37444397807121277
47,pose,6,-1,0.4482077956199646,0.14102593064308167,-0.3745574951171875
47,pose,7,-1,0.4946223199367523,0.15012672543525696,-0.21633625030517578
47,pose,8,-1,0.4431752860546112,0.15641243755817413,-0.2268538475036621
47,pose,9,-1,0.4808708429336548,0.19330182671546936,-0.3357284665107727
47,pose,10,-1,0.4591142237186432,0.196878120303154,-0.3386925458908081
47,pose,11,-1,0.546176016330719,0.3194889426231384,-0.10453493893146515
47,pose,12,-1,0.4069303572177887,0.3270584046840668,-0.14751537144184113
47,pose,13,-1,0.563132107257843,0.5307410955429077,-0.02634298987686634
47,pose,14,-1,0.3972589075565338,0.5416112542152405,-0.13248580694198608
47,pose,15,-1,0.5684556365013123,0.7215420007705688,-0.1699635088443756
47,pose,16,-1,0.3920849561691284,0.726754903793335,-0.2571234107017517
47,pose,17,-1,0.5733293294906616,0.7732372283935547,-0.21925801038742065
47,pose,18,-1,0.39069879055023193,0.7837963104248047,-0.30398714542388916
47,pose,19,-1,0.5634261965751648,0.7723557949066162,-0.26557061076164246
47,pose,20,-1,0.40044814348220825,0.7828578352928162,-0.3593527376651764
47,pose,21,-1,0.5594498515129089,0.7535078525543213,-0.1906297504901886
47,pose,22,-1,0.4031801223754883,0.7617023587226868,-0.28040486574172974
47,pose,23,-1,0.5194221138954163,0.7046468257904053,0.014498502016067505
47,pose,24,-1,0.439895361661911,0.711778998374939,-0.014399344101548195
47,pose,25,-1,0.5228148698806763,0.9734781980514526,-0.00910838134586811
47,pose,26,-1,0.45611923933029175,0.9815539121627808,-0.015268241055309772
47,pose,27,-1,0.5358558893203735,1.1922489404678345,0.3751778304576874
47,pose,28,-1,0.4702485501766205,1.2107274532318115,0.3519640564918518
47,pose,29,-1,0.5352803468704224,1.2153090238571167,0.4077204167842865
47,pose,30,-1,0.47344550490379333,1.232638955116272,0.38502970337867737
47,pose,31,-1,0.537645161151886,1.2858874797821045,0.27044832706451416
47,pose,32,-1,0.48034584522247314,1.2942100763320923,0.2298498898744583
48,hand,0,0,0.5672499537467957,0.7268325686454773,1.256748021205567e-07
48,hand,1,0,0.5555883646011353,0.7377192974090576,-0.0068100979551672935
48,hand,2,0,0.5506374835968018,0.7596926093101501,-0.00911180954426527
48,hand,3,0,0.5473512411117554,0.7821766138076782,-0.010112867690622807
48,hand,4,0,0.5432405471801758,0.7993468642234802,-0.010531742125749588
48,hand,5,0,0.5632535219192505,0.7797398567199707,-0.005364107433706522
48,hand,6,0,0.558970034122467,0.8082380890846252,-0.00727429986000061
48,hand,7,0,0.5538057088851929,0.8207127451896667,-0.008443488739430904
48,hand,8,0,0.5496218204498291,0.8290187120437622,-0.008885934017598629
48,hand,9,0,0.5694431066513062,0.780025839805603,-0.0023590121418237686
48,hand,10,0,0.5643355846405029,0.8086168169975281,-0.0039039617404341698
48,hand,11,0,0.5575710535049438,0.8202451467514038,-0.004557834006845951
48,hand,12,0,0.5516229271888733,0.8261840343475342,-0.004746031481772661
48,hand,13,0,0.5727395415306091,0.7776709794998169,0.0001266910694539547
48,hand,14,0,0.5683019161224365,0.8032081127166748,-0.0011164613533765078
48,hand,15,0,0.5617890357971191,0.8137619495391846,-0.0015015375101938844
48,hand,16,0,0.5558289885520935,0.8190820217132568,-0.0015247735427692533
48,hand,17,0,0.5736903548240662,0.7751701474189758,0.0020001635421067476
48,hand,18,0,0.5706353187561035,0.7973494529724121,0.0011806440306827426
48,hand,19,0,0.5657044053077698,0.8068199157714844,0.0013272458454594016
48,hand,20,0,0.5607134103775024,0.8112602829933167,0.001757950522005558
48,hand,0,1,0.38809269666671753,0.7345066070556641,-1.8856786354604083e-08
48,hand,1,1,0.40196698904037476,0.746594250202179,-0.005605590529739857
48,hand,2,1,0.4077240824699402,0.7716071009635925,-0.006969658192247152
48,hand,3,1,0.4099767208099365,0.7946681976318359,-0.007110340520739555
48,hand,4,1,0.4128448963165283,0.811586856842041,-0.006554367486387491
48,hand,5,1,0.39479926228523254,0.7888948321342468,-0.004791203420609236
48,hand,6,1,0.4000907242298126,0.8169229626655579,-0.006563268601894379
48,hand,7,1,0.40494152903556824,0.8307687640190125,-0.0076124407351017
48,hand,8,1,0.40924757719039917,0.841303825378418,-0.008051238022744656
48,hand,9,1,0.38770198822021484,0.7901651263237,-0.002553065773099661
48,hand,10,1,0.3938189744949341,0.8173630833625793,-0.0042053889483213425
48,hand,11,1,0.4018975496292114,0.8289913535118103,-0.004711919464170933
48,hand,12,1,0.408369779586792,0.8354427814483643,-0.004761077929288149
48,hand,13,1,0.38383498787879944,0.7893149256706238,-0.000776509172283113
48,hand,14,1,0.38918402791023254,0.8147660493850708,-0.0029637895058840513
48,hand,15,1,0.3967205584049225,0.8237713575363159,-0.003331828396767378
48,hand,16,1,0.40259984135627747,0.8275899887084961,-0.0029257782734930515
48,hand,17,1,0.38247546553611755,0.7881960272789001,0.0005985618918202817
48,hand,18,1,0.3857783079147339,0.8103480339050293,-0.0011271943803876638
48,hand,19,1,0.3913654088973999,0.8194621801376343,-0.001227661152370274
48,hand,20,1,0.3960813283920288,0.8231986165046692,-0.0006805899902246892
48,pose,0,-1,0.46787944436073303,0.16313880681991577,-0.393692284822464
48,pose,1,-1,0.4770350754261017,0.1348716765642166,-0.36999189853668213
48,pose,2,-1,0.48250848054885864,0.1347612887620926,-0.3701292872428894
48,pose,3,-1,0.4864516258239746,0.13505426049232483,-0.3702096939086914
48,pose,4,-1,0.4587772488594055,0.13655485212802887,-0.37266117334365845
48,pose,5,-1,0.4533388316631317,0.13803279399871826,-0.37270408868789673
48,pose,6,-1,0.4478827118873596,0.14007814228534698,-0.3728175461292267
48,pose,7,-1,0.4946228265762329,0.14935283362865448,-0.21253301203250885
48,pose,8,-1,0.4430186450481415,0.15536700189113617,-0.22380857169628143
48,pose,9,-1,0.48078450560569763,0.19267387688159943,-0.33331525325775146
48,pose,10,-1,0.45902979373931885,0.19616936147212982,-0.3365197479724884
48,pose,11,-1,0.5463554263114929,0.3191189467906952,-0.09940805286169052
48,pose,12,-1,0.40689289569854736,0.32681936025619507,-0.1423429399728775
48,pose,13,-1,0.5631501078605652,0.529785692691803,-0.022836992517113686
48,pose,14,-1,0.3970121741294861,0.5406988263130188,-0.1259986013174057
48,pose,15,-1,0.5683112740516663,0.7196143269538879,-0.17169885337352753
48,pose,16,-1,0.3919093906879425,0.7235413193702698,-0.25350961089134216
48,pose,17,-1,0.5735275149345398,0.7714279294013977,-0.2221195101737976
48,pose,18,-1,0.3899931311607361,0.7793776392936707,-0.3005922734737396
48,pose,19,-1,0.5635222792625427,0.7699753046035767,-0.2671974301338196
48,pose,20,-1,0.3999745547771454,0.7776549458503723,-0.35491862893104553
48,pose,21,-1,0.5595088601112366,0.7510654330253601,-0.19236260652542114
48,pose,22,-1,0.4030722379684448,0.7576207518577576,-0.27539533376693726
48,pose,23,-1,0.5195725560188293,0.7044550180435181,0.013208105228841305
48,pose,24,-1,0.4399133026599884,0.7114869952201843,-0.013099892064929008
48,pose,25,-1,0.5226941704750061,0.9739242196083069,-0.0260245893150568
48,pose,26,-1,0.45579609274864197,0.9816665053367615,-0.017283206805586815
48,pose,27,-1,0.535507082939148,1.1927697658538818,0.3531612455844879
48,pose,28,-1,0.46999385952949524,1.2112826108932495,0.33918240666389465
48,pose,29,-1,0.5349082946777344,1.216630458831787,0.383645236492157
48,pose,30,-1,0.4731142818927765,1.233120083808899,0.37115758657455444
48,pose,31,-1,0.5373788475990295,1.2863844633102417,0.24720968306064606
48,pose,32,-1,0.48008641600608826,1.2945719957351685,0.21709680557250977
