frame,part,index,hand_index,x,y,z
1,hand,0,0,0.5423765778541565,0.7314530611038208,6.882423519982694e-08
1,hand,1,0,0.5299713015556335,0.7406664490699768,-0.007318815682083368
1,hand,2,0,0.5229883193969727,0.7648354768753052,-0.008926530368626118
1,hand,3,0,0.5185459852218628,0.7860850691795349,-0.009013667702674866
1,hand,4,0,0.5131226778030396,0.8014500141143799,-0.008396176621317863
1,hand,5,0,0.5328707098960876,0.788920521736145,-0.005141564644873142
1,hand,6,0,0.5262682437896729,0.8153616189956665,-0.006851424928754568
1,hand,7,0,0.5216649174690247,0.8297762870788574,-0.007971502840518951
1,hand,8,0,0.5182238221168518,0.8408336639404297,-0.008589214645326138
1,hand,9,0,0.5376138091087341,0.7906494736671448,-0.0018212078139185905
1,hand,10,0,0.5315048694610596,0.8165713548660278,-0.0037753351498395205
1,hand,11,0,0.5264189839363098,0.8305820226669312,-0.004802372306585312
1,hand,12,0,0.5220487713813782,0.8415939807891846,-0.0052112978883087635
1,hand,13,0,0.5396167635917664,0.7897186875343323,0.0008938626269809902
1,hand,14,0,0.5337896943092346,0.8134557604789734,-0.0008770761196501553
1,hand,15,0,0.5289013981819153,0.8269484639167786,-0.001675185514613986
1,hand,16,0,0.5244133472442627,0.8379608392715454,-0.0018742198590189219
1,hand,17,0,0.5397400856018066,0.7874438762664795,0.002951164962723851
1,hand,18,0,0.5346112251281738,0.8076690435409546,0.001937658991664648
1,hand,19,0,0.5301920175552368,0.819647490978241,0.0016747904010117054
1,hand,20,0,0.5259698033332825,0.828320324420929,0.0017699830932542682
1,hand,0,1,0.38636961579322815,0.7355366349220276,-3.0208646251139726e-08
1,hand,1,1,0.40231138467788696,0.7416170835494995,-0.004351284820586443
1,hand,2,1,0.41061028838157654,0.7662231922149658,-0.004906554240733385
1,hand,3,1,0.4137656092643738,0.7904883027076721,-0.004248457495123148
1,hand,4,1,0.4179244041442871,0.8070160746574402,-0.0030888633336871862
1,hand,5,1,0.39920398592948914,0.786325216293335,-0.004648580681532621
1,hand,6,1,0.4077646732330322,0.8111435770988464,-0.005234311334788799
1,hand,7,1,0.41289806365966797,0.8231800198554993,-0.005381486378610134
1,hand,8,1,0.4168871343135834,0.8330446481704712,-0.005411623045802116
1,hand,9,1,0.3912656009197235,0.7927711606025696,-0.002780517563223839
1,hand,10,1,0.40166977047920227,0.8178339004516602,-0.0027976229321211576
1,hand,11,1,0.4085622727870941,0.8296440839767456,-0.0027863718569278717
1,hand,12,1,0.41351503133773804,0.8379608988761902,-0.0030170059762895107
1,hand,13,1,0.38626036047935486,0.7950564026832581,-0.0011269786627963185
1,hand,14,1,0.3959759473800659,0.8182697892189026,-0.0018712886376306415
1,hand,15,1,0.4031122326850891,0.8276650309562683,-0.0023413982708007097
1,hand,16,1,0.4083103537559509,0.8326695561408997,-0.002632808405905962
1,hand,17,1,0.3837512135505676,0.7950815558433533,0.00020994190708734095
1,hand,18,1,0.3905039131641388,0.8128589391708374,-0.0005567716434597969
1,hand,19,1,0.39686551690101624,0.8201373219490051,-0.0008381434017792344
1,hand,20,1,0.4021894633769989,0.8232842683792114,-0.0008980499114841223
1,pose,0,-1,0.45639392733573914,0.16098928451538086,-0.35407108068466187
1,pose,1,-1,0.4661608636379242,0.1351516842842102,-0.3313765227794647
1,pose,2,-1,0.4709232449531555,0.13510149717330933,-0.3315041959285736
1,pose,3,-1,0.4758930504322052,0.13537120819091797,-0.331618994474411
1,pose,4,-1,0.44802218675613403,0.1369568109512329,-0.33281680941581726
1,pose,5,-1,0.4419548809528351,0.13815277814865112,-0.33286064863204956
1,pose,6,-1,0.436585396528244,0.13962578773498535,-0.3330124020576477
1,pose,7,-1,0.4830986559391022,0.14825141429901123,-0.1946871131658554
1,pose,8,-1,0.43160930275917053,0.15429866313934326,-0.20073175430297852
1,pose,9,-1,0.4680658280849457,0.18994539976119995,-0.3024460971355438
1,pose,10,-1,0.44577664136886597,0.19297820329666138,-0.30425599217414856
1,pose,11,-1,0.5304306149482727,0.318866103887558,-0.10893993824720383
1,pose,12,-1,0.393118292093277,0.32416027784347534,-0.14191021025180817
1,pose,13,-1,0.5428155660629272,0.5320026278495789,-0.055728085339069366
1,pose,14,-1,0.38242584466934204,0.5362115502357483,-0.1268933117389679
1,pose,15,-1,0.5422334671020508,0.7203809022903442,-0.1871899515390396
1,pose,16,-1,0.3915446400642395,0.7267392873764038,-0.24504341185092926
1,pose,17,-1,0.5435414910316467,0.7724187970161438,-0.2346421778202057
1,pose,18,-1,0.39381930232048035,0.7863626480102539,-0.2847636342048645
1,pose,19,-1,0.533374547958374,0.7658120393753052,-0.26694291830062866
1,pose,20,-1,0.40558165311813354,0.7808176875114441,-0.3241141736507416
1,pose,21,-1,0.5307400822639465,0.7477564215660095,-0.20218995213508606
1,pose,22,-1,0.40771687030792236,0.7600573301315308,-0.2616541087627411
1,pose,23,-1,0.49989408254623413,0.6906360983848572,0.010560945607721806
1,pose,24,-1,0.42350560426712036,0.6972854733467102,-0.010364052839577198
1,pose,25,-1,0.5042072534561157,0.9612340927124023,-0.06717170774936676
1,pose,26,-1,0.43436044454574585,0.968569815158844,-0.01299315970391035
1,pose,27,-1,0.5207149386405945,1.1699495315551758,0.302973210811615
1,pose,28,-1,0.4412776231765747,1.1543961763381958,0.3370194137096405
1,pose,29,-1,0.5205504894256592,1.1967942714691162,0.33319875597953796
1,pose,30,-1,0.442749559879303,1.1784121990203857,0.36876973509788513
1,pose,31,-1,0.5240654945373535,1.2609059810638428,0.19988884031772614
1,pose,32,-1,0.4518752992153168,1.2379076480865479,0.22780315577983856
2,hand,0,0,0.5426988005638123,0.7296563386917114,1.0126131400056693e-07
2,hand,1,0,0.5305331945419312,0.7377490401268005,-0.008046602830290794
2,hand,2,0,0.5238984823226929,0.7617297172546387,-0.01005624234676361
2,hand,3,0,0.5192916989326477,0.7835514545440674,-0.010304223746061325
2,hand,4,0,0.5143718123435974,0.7996993064880371,-0.009840501472353935
2,hand,5,0,0.533661425113678,0.7856186032295227,-0.0060929362662136555
2,hand,6,0,0.5270968675613403,0.8118266463279724,-0.007910842075943947
2,hand,7,0,0.5224279165267944,0.8262923955917358,-0.00911204144358635
2,hand,8,0,0.5189289450645447,0.837611973285675,-0.009786872193217278
2,hand,9,0,0.5384771823883057,0.787705659866333,-0.002296327380463481
2,hand,10,0,0.5324764251708984,0.8130151629447937,-0.0046257441863417625
2,hand,11,0,0.527290940284729,0.8274233341217041,-0.005830708891153336
2,hand,12,0,0.5228623747825623,0.8388459086418152,-0.006290624383836985
2,hand,13,0,0.5404365658760071,0.7871865034103394,0.0009151563863269985
2,hand,14,0,0.5346552133560181,0.8103844523429871,-0.0011910826433449984
2,hand,15,0,0.5297158360481262,0.824455201625824,-0.002120032673701644
2,hand,16,0,0.525344967842102,0.8364660739898682,-0.002334852237254381
2,hand,17,0,0.5401235818862915,0.785137951374054,0.00344648864120245
2,hand,18,0,0.5349587202072144,0.8049776554107666,0.0019244439899921417
2,hand,19,0,0.5308498740196228,0.8166258931159973,0.001380033092573285
2,hand,20,0,0.5270305871963501,0.8255615830421448,0.0013995029730722308
2,hand,0,1,0.3858986496925354,0.7325075268745422,-2.8637073157256054e-08
2,hand,1,1,0.4025137722492218,0.7386717200279236,-0.004236480686813593
2,hand,2,1,0.41046449542045593,0.7632875442504883,-0.004393172916024923
2,hand,3,1,0.41312137246131897,0.7873212695121765,-0.003462902270257473
2,hand,4,1,0.4167834520339966,0.8035988807678223,-0.001955985790118575
2,hand,5,1,0.3990793824195862,0.7859432101249695,-0.0023845958057790995
2,hand,6,1,0.40789636969566345,0.8102120161056519,-0.0027300191577523947
2,hand,7,1,0.4130474328994751,0.8220223784446716,-0.003183234017342329
2,hand,8,1,0.4170813262462616,0.8317900896072388,-0.0035200787242501974
2,hand,9,1,0.3911072015762329,0.7909268736839294,-0.00047880859347060323
2,hand,10,1,0.40116071701049805,0.815081775188446,-0.00048120535211637616
2,hand,11,1,0.40817785263061523,0.8270162343978882,-0.0006793627981096506
2,hand,12,1,0.41354599595069885,0.8352741003036499,-0.000972371082752943
2,hand,13,1,0.38622820377349854,0.7921977043151855,0.0009955699788406491
2,hand,14,1,0.3958275020122528,0.8147304654121399,6.07274632784538e-05
2,hand,15,1,0.4029895067214966,0.825676679611206,-0.0007309588836506009
2,hand,16,1,0.40872180461883545,0.8325468897819519,-0.0011612006928771734
2,hand,17,1,0.38390153646469116,0.7917981743812561,0.002129006665199995
2,hand,18,1,0.3905719220638275,0.8104584217071533,0.0009959451854228973
2,hand,19,1,0.3964877426624298,0.8195063471794128,0.00043078334419988096
2,hand,20,1,0.4016270935535431,0.8250633478164673,0.0002566894982010126
2,pose,0,-1,0.4558597207069397,0.16101720929145813,-0.38820183277130127
2,pose,1,-1,0.465681254863739,0.13514697551727295,-0.364834189414978
2,pose,2,-1,0.4708355665206909,0.13509595394134521,-0.3649626672267914
2,pose,3,-1,0.47560930252075195,0.13537417352199554,-0.3650587797164917
2,pose,4,-1,0.44773679971694946,0.13695932924747467,-0.3662584125995636
2,pose,5,-1,0.44186922907829285,0.13815294206142426,-0.3663150370121002
2,pose,6,-1,0.4364733397960663,0.13959789276123047,-0.36643505096435547
2,pose,7,-1,0.48296740651130676,0.14824922382831573,-0.21887359023094177
2,pose,8,-1,0.4316215515136719,0.15383362770080566,-0.2256014347076416
2,pose,9,-1,0.4678751528263092,0.18996118009090424,-0.3333856761455536
2,pose,10,-1,0.4457693099975586,0.19297261536121368,-0.33518126606941223
2,pose,11,-1,0.5306447148323059,0.3188559114933014,-0.11824993044137955
2,pose,12,-1,0.3932070732116699,0.32434219121932983,-0.16185219585895538
2,pose,13,-1,0.5429807901382446,0.5311499238014221,-0.05575970560312271
2,pose,14,-1,0.38224464654922485,0.536489725112915,-0.14246656000614166
2,pose,15,-1,0.5423690676689148,0.7202383875846863,-0.18686352670192719
2,pose,16,-1,0.39108869433403015,0.7265665531158447,-0.2705909311771393
2,pose,17,-1,0.5436527729034424,0.7724739909172058,-0.2346266806125641
2,pose,18,-1,0.39338845014572144,0.786324679851532,-0.3154763877391815
2,pose,19,-1,0.53350430727005,0.766038715839386,-0.26881733536720276
2,pose,20,-1,0.40533190965652466,0.7809545397758484,-0.3552965521812439
2,pose,21,-1,0.5308032631874084,0.7477903962135315,-0.20221568644046783
2,pose,22,-1,0.40756672620773315,0.7603029608726501,-0.2878877520561218
2,pose,23,-1,0.49989381432533264,0.6923309564590454,0.011748943477869034
2,pose,24,-1,0.423435240983963,0.6996576189994812,-0.011553236283361912
2,pose,25,-1,0.5046182870864868,0.9612799882888794,-0.03630466386675835
2,pose,26,-1,0.4341408312320709,0.9685726761817932,-0.01301045436412096
2,pose,27,-1,0.5183466076850891,1.1736340522766113,0.32077065110206604
2,pose,28,-1,0.44579583406448364,1.161828637123108,0.33963021636009216
2,pose,29,-1,0.518022358417511,1.1999447345733643,0.35034191608428955
2,pose,30,-1,0.4490557014942169,1.1818771362304688,0.3722184896469116
2,pose,31,-1,0.5217384696006775,1.2624388933181763,0.22200126945972443
2,pose,32,-1,0.45508071780204773,1.2463741302490234,0.23309853672981262
3,hand,0,0,0.5428066849708557,0.7286435961723328,1.1437485625265253e-07
3,hand,1,0,0.5313649773597717,0.7370198965072632,-0.008950387127697468
3,hand,2,0,0.5247704982757568,0.7611469030380249,-0.011369720101356506
3,hand,3,0,0.5197111368179321,0.7832605242729187,-0.011916451156139374
3,hand,4,0,0.5145614743232727,0.8001245260238647,-0.011847647838294506
3,hand,5,0,0.5352923274040222,0.784003734588623,-0.006552431266754866
3,hand,6,0,0.5284780263900757,0.8100705742835999,-0.008668291382491589
3,hand,7,0,0.5234025120735168,0.8247532844543457,-0.010360261425375938
3,hand,8,0,0.5194770097732544,0.8363365530967712,-0.01138039119541645
3,hand,9,0,0.539529025554657,0.7861548662185669,-0.002384190447628498
3,hand,10,0,0.5333797931671143,0.8110939860343933,-0.004608753602951765
3,hand,11,0,0.527800977230072,0.8260167837142944,-0.006243876181542873
3,hand,12,0,0.5229017734527588,0.8377017378807068,-0.007171481382101774
3,hand,13,0,0.5410321950912476,0.7856420874595642,0.0011052524205297232
3,hand,14,0,0.5351471304893494,0.8086672425270081,-0.0010286549804732203
3,hand,15,0,0.5299382209777832,0.8231666088104248,-0.0024230927228927612
3,hand,16,0,0.525094747543335,0.8351603150367737,-0.0030716117471456528
3,hand,17,0,0.5404501557350159,0.7838789224624634,0.0038329986855387688
3,hand,18,0,0.5351704359054565,0.8040034770965576,0.001969836186617613
3,hand,19,0,0.5308884382247925,0.8161176443099976,0.0010120375081896782
3,hand,20,0,0.5268364548683167,0.8253970146179199,0.0006967646186240017
3,hand,0,1,0.3861047327518463,0.7312883734703064,-2.262433618227533e-08
3,hand,1,1,0.4025716483592987,0.7379573583602905,-0.0037590842694044113
3,hand,2,1,0.41038650274276733,0.7626186013221741,-0.003667512908577919
3,hand,3,1,0.4131712317466736,0.7864161133766174,-0.0025438996963202953
3,hand,4,1,0.4168904423713684,0.8024633526802063,-0.0008864938863553107
3,hand,5,1,0.3999164402484894,0.7858356237411499,-0.0016029367689043283
3,hand,6,1,0.40827661752700806,0.8088504076004028,-0.0016776955453678966
3,hand,7,1,0.4133715033531189,0.8205227851867676,-0.00209192861802876
3,hand,8,1,0.4174332022666931,0.8304589986801147,-0.0024338741786777973
3,hand,9,1,0.39200711250305176,0.7907075881958008,0.0002920385741163045
3,hand,10,1,0.40160924196243286,0.8138706684112549,0.0005867511499673128
3,hand,11,1,0.4085334539413452,0.8259409666061401,0.00043036925490014255
3,hand,12,1,0.4137873947620392,0.8348599672317505,0.0001565417042002082
3,hand,13,1,0.3869590163230896,0.7916499972343445,0.0018085020128637552
3,hand,14,1,0.39597588777542114,0.8135288953781128,0.0012209371197968721
3,hand,15,1,0.4026833176612854,0.8247863054275513,0.0005077611422166228
3,hand,16,1,0.4080377519130707,0.832023561000824,0.0001275595568586141
3,hand,17,1,0.3842754065990448,0.7907973527908325,0.003016779199242592
3,hand,18,1,0.3899485170841217,0.8091878890991211,0.0023126748856157064
3,hand,19,1,0.3954812288284302,0.8183931708335876,0.0019242205889895558
3,hand,20,1,0.4003447890281677,0.8239457607269287,0.0018610632978379726
3,pose,0,-1,0.4558037519454956,0.16089466214179993,-0.3876190185546875
3,pose,1,-1,0.46560436487197876,0.1348363757133484,-0.36391201615333557
3,pose,2,-1,0.470837265253067,0.13476374745368958,-0.3640446364879608
3,pose,3,-1,0.47552353143692017,0.13513660430908203,-0.3641393482685089
3,pose,4,-1,0.4477226436138153,0.13673123717308044,-0.3659883737564087
3,pose,5,-1,0.4418690502643585,0.13794776797294617,-0.3660412132740021
3,pose,6,-1,0.43646928668022156,0.13929133117198944,-0.3661586046218872
3,pose,7,-1,0.4829288125038147,0.14799757301807404,-0.2163817137479782
3,pose,8,-1,0.43162211775779724,0.1530260443687439,-0.22555610537528992
3,pose,9,-1,0.4678696393966675,0.1898506134748459,-0.3320794701576233
3,pose,10,-1,0.44586026668548584,0.19285300374031067,-0.334657222032547
3,pose,11,-1,0.5308083295822144,0.31865695118904114,-0.11764811724424362
3,pose,12,-1,0.39322251081466675,0.3244025707244873,-0.16199162602424622
3,pose,13,-1,0.5431431531906128,0.529559850692749,-0.05183451995253563
3,pose,14,-1,0.38221389055252075,0.5368853211402893,-0.14341895282268524
3,pose,15,-1,0.5425552725791931,0.7199543118476868,-0.18687182664871216
3,pose,16,-1,0.39081886410713196,0.7262951731681824,-0.274929404258728
3,pose,17,-1,0.5438804030418396,0.7723920941352844,-0.2355465143918991
3,pose,18,-1,0.3931356370449066,0.7862579226493835,-0.32133129239082336
3,pose,19,-1,0.5338097810745239,0.7660577297210693,-0.273107647895813
3,pose,20,-1,0.4051578938961029,0.7810216546058655,-0.36127007007598877
3,pose,21,-1,0.5309990644454956,0.7477885484695435,-0.203046053647995
3,pose,22,-1,0.4074716866016388,0.7604119181632996,-0.2924061417579651
3,pose,23,-1,0.4999435544013977,0.6929630041122437,0.013749473728239536
3,pose,24,-1,0.4234389662742615,0.7008689641952515,-0.013564369641244411
3,pose,25,-1,0.5050323009490967,0.9621925354003906,-0.02359740622341633
3,pose,26,-1,0.43409350514411926,0.9693082571029663,-0.017952121794223785
3,pose,27,-1,0.517482340335846,1.1765996217727661,0.339237779378891
3,pose,28,-1,0.4483852684497833,1.170735239982605,0.3320854902267456
3,pose,29,-1,0.5169104337692261,1.202103614807129,0.36935219168663025
3,pose,30,-1,0.45206087827682495,1.1889139413833618,0.36427804827690125
3,pose,31,-1,0.5211883783340454,1.2650346755981445,0.2402753382921219
3,pose,32,-1,0.45782822370529175,1.256536602973938,0.22258910536766052
4,hand,0,0,0.5432095527648926,0.7295865416526794,1.1649157016790923e-07
4,hand,1,0,0.5313592553138733,0.7374436259269714,-0.00829247198998928
4,hand,2,0,0.5250005722045898,0.761985719203949,-0.010252191685140133
4,hand,3,0,0.5201857686042786,0.7839792966842651,-0.010426981374621391
4,hand,4,0,0.5145650506019592,0.7997983694076538,-0.01004660502076149
4,hand,5,0,0.5354338884353638,0.7844893336296082,-0.005922304000705481
4,hand,6,0,0.5278872847557068,0.8105846047401428,-0.007586983032524586
4,hand,7,0,0.5226957201957703,0.8255109190940857,-0.008965309709310532
4,hand,8,0,0.5189683437347412,0.837078869342804,-0.009823513217270374
4,hand,9,0,0.539766788482666,0.7863768935203552,-0.002005830639973283
4,hand,10,0,0.5331519842147827,0.8115991950035095,-0.003756804158911109
4,hand,11,0,0.5277076959609985,0.8267979025840759,-0.005062518175691366
4,hand,12,0,0.5231346487998962,0.8385476469993591,-0.005796317011117935
4,hand,13,0,0.5413578748703003,0.7855302095413208,0.0012731397291645408
4,hand,14,0,0.5352576375007629,0.8089969158172607,-0.00045496938400901854
4,hand,15,0,0.5301855206489563,0.8241708278656006,-0.0017781436908990145
4,hand,16,0,0.5256320834159851,0.8368209004402161,-0.002493341686204076
4,hand,17,0,0.5409079194068909,0.783222496509552,0.003844871884211898
4,hand,18,0,0.5355631709098816,0.8029707670211792,0.002223964547738433
4,hand,19,0,0.531343400478363,0.8147765398025513,0.0013585516717284918
4,hand,20,0,0.5274201035499573,0.823962390422821,0.0010283708106726408
4,hand,0,1,0.3861168920993805,0.7336015701293945,-1.4852894913985892e-08
4,hand,1,1,0.4022858738899231,0.7386452555656433,-0.0043012420646846294
4,hand,2,1,0.41031765937805176,0.7629175782203674,-0.004790180362761021
4,hand,3,1,0.41345590353012085,0.787529468536377,-0.004080591257661581
4,hand,4,1,0.4176807999610901,0.8041634559631348,-0.0027851450722664595
4,hand,5,1,0.3997054994106293,0.7870500683784485,-0.002923353109508753
4,hand,6,1,0.4082309305667877,0.8111678957939148,-0.0032399159390479326
4,hand,7,1,0.4135160744190216,0.8225485682487488,-0.003528738860040903
4,hand,8,1,0.41776221990585327,0.8316906094551086,-0.0036563354078680277
4,hand,9,1,0.39179468154907227,0.7925348281860352,-0.0007335392874665558
4,hand,10,1,0.40210142731666565,0.8161581754684448,-0.000598013517446816
4,hand,11,1,0.4087730944156647,0.8277567028999329,-0.0005357684567570686
4,hand,12,1,0.413837194442749,0.8360487222671509,-0.0005685810465365648
4,hand,13,1,0.38693249225616455,0.7941263318061829,0.0011219594161957502
4,hand,14,1,0.39669904112815857,0.8159223198890686,0.0006520661409012973
4,hand,15,1,0.4030141830444336,0.8266830444335938,0.0004185895377304405
4,hand,16,1,0.40822523832321167,0.8336395621299744,0.00036332421586848795
4,hand,17,1,0.3845811188220978,0.7935001254081726,0.0026297036092728376
4,hand,18,1,0.39112409949302673,0.8112100958824158,0.0022100245114415884
4,hand,19,1,0.39628809690475464,0.8200346231460571,0.00222079292871058
4,hand,20,1,0.4008822739124298,0.8256107568740845,0.002469402039423585
4,pose,0,-1,0.4557288587093353,0.16113169491291046,-0.40358367562294006
4,pose,1,-1,0.4654192328453064,0.13543052971363068,-0.38071686029434204
4,pose,2,-1,0.4708150625228882,0.13545472919940948,-0.38084372878074646
4,pose,3,-1,0.4754095673561096,0.1358545422554016,-0.3809361755847931
4,pose,4,-1,0.44766491651535034,0.13704276084899902,-0.38209068775177
4,pose,5,-1,0.4418656527996063,0.13806837797164917,-0.3821447789669037
4,pose,6,-1,0.4364562928676605,0.13931341469287872,-0.3822597861289978
4,pose,7,-1,0.4828702509403229,0.14827054738998413,-0.2330927699804306
4,pose,8,-1,0.43162110447883606,0.15279118716716766,-0.2401694655418396
4,pose,9,-1,0.4678060710430145,0.19029881060123444,-0.34790927171707153
4,pose,10,-1,0.4458678960800171,0.19300368428230286,-0.3497728705406189
4,pose,11,-1,0.5308443307876587,0.3183872401714325,-0.1300065517425537
4,pose,12,-1,0.3932528793811798,0.32440316677093506,-0.17102307081222534
4,pose,13,-1,0.5434080362319946,0.5287572145462036,-0.06039568409323692
4,pose,14,-1,0.3822018504142761,0.5368931293487549,-0.14876796305179596
4,pose,15,-1,0.5426874160766602,0.719801127910614,-0.19482196867465973
4,pose,16,-1,0.3907085061073303,0.7261906862258911,-0.27973511815071106
4,pose,17,-1,0.5441004037857056,0.7723082900047302,-0.2448905110359192
4,pose,18,-1,0.3929544687271118,0.7862514853477478,-0.32587751746177673
4,pose,19,-1,0.534096360206604,0.766053318977356,-0.2846072316169739
4,pose,20,-1,0.4050538241863251,0.7811344861984253,-0.36650383472442627
4,pose,21,-1,0.5312126278877258,0.7477536797523499,-0.21252666413784027
4,pose,22,-1,0.4074251055717468,0.7605829834938049,-0.2975131869316101
4,pose,23,-1,0.5001623630523682,0.6928947567939758,0.013903007842600346
4,pose,24,-1,0.42354878783226013,0.7009381651878357,-0.013729453086853027
4,pose,25,-1,0.505346953868866,0.9605876803398132,-0.017100337892770767
4,pose,26,-1,0.43418699502944946,0.9689768552780151,-0.023126455023884773
4,pose,27,-1,0.5170954465866089,1.173763632774353,0.35083258152008057
4,pose,28,-1,0.44979289174079895,1.1694962978363037,0.3306339979171753
4,pose,29,-1,0.5163416862487793,1.1980000734329224,0.38177233934402466
4,pose,30,-1,0.45358580350875854,1.1871122121810913,0.3632788360118866
4,pose,31,-1,0.5211629271507263,1.260959506034851,0.25743815302848816
4,pose,32,-1,0.4592343866825104,1.25478196144104,0.2230795919895172
5,hand,0,0,0.5423976182937622,0.7309967279434204,1.2070854893408978e-07
5,hand,1,0,0.5310145020484924,0.7394540905952454,-0.008612065576016903
5,hand,2,0,0.5250563621520996,0.7634763717651367,-0.010645468719303608
5,hand,3,0,0.5202184319496155,0.7852709889411926,-0.010749002918601036
5,hand,4,0,0.5145884156227112,0.8011353015899658,-0.010224885307252407
5,hand,5,0,0.5360684990882874,0.7859616279602051,-0.006224134471267462
5,hand,6,0,0.5279555916786194,0.8116532564163208,-0.007607238367199898
5,hand,7,0,0.5225610136985779,0.8257367014884949,-0.00873578805476427
5,hand,8,0,0.5187304615974426,0.8366051912307739,-0.00938255526125431
5,hand,9,0,0.5403048992156982,0.7876647114753723,-0.0018765483982861042
5,hand,10,0,0.533336877822876,0.8127575516700745,-0.0034322699066251516
5,hand,11,0,0.5275824069976807,0.8271391987800598,-0.004491123370826244
5,hand,12,0,0.522864580154419,0.8379624485969543,-0.005013577174395323
5,hand,13,0,0.541672945022583,0.7867810130119324,0.0018341989489272237
5,hand,14,0,0.5352165699005127,0.8101354837417603,0.0002599681029096246
5,hand,15,0,0.5298355221748352,0.8245829343795776,-0.0010033888975158334
5,hand,16,0,0.5250722765922546,0.8363791108131409,-0.0016381716122850776
5,hand,17,0,0.5408155918121338,0.7849119901657104,0.0048394575715065
5,hand,18,0,0.5351722240447998,0.8047496676445007,0.0033590549137443304
5,hand,19,0,0.5307554006576538,0.8161637783050537,0.00247368635609746
5,hand,20,0,0.5266122221946716,0.8249130249023438,0.0021511756349354982
5,hand,0,1,0.38678252696990967,0.7340331077575684,-1.2970352791796813e-08
5,hand,1,1,0.40322256088256836,0.7405819296836853,-0.003775589168071747
5,hand,2,1,0.41122710704803467,0.7645042538642883,-0.0041124289855360985
5,hand,3,1,0.4140060245990753,0.7886737585067749,-0.003371037309989333
5,hand,4,1,0.41811662912368774,0.8052423000335693,-0.0020834908355027437
5,hand,5,1,0.4006970524787903,0.7873518466949463,-0.0029204641468822956
5,hand,6,1,0.4089806377887726,0.8117280006408691,-0.003155284561216831
5,hand,7,1,0.4138542413711548,0.8230515718460083,-0.0033217151649296284
5,hand,8,1,0.4177350401878357,0.8325526714324951,-0.0034187089186161757
5,hand,9,1,0.39263588190078735,0.792181670665741,-0.001055356697179377
5,hand,10,1,0.40222060680389404,0.8173746466636658,-0.0009251637384295464
5,hand,11,1,0.40879660844802856,0.8290050625801086,-0.0007242556312121451
5,hand,12,1,0.4136088192462921,0.8371818661689758,-0.000706407125107944
5,hand,13,1,0.38743817806243896,0.7926931381225586,0.0005445902934297919
5,hand,14,1,0.39636942744255066,0.8165985941886902,-2.8792770535801537e-05
5,hand,15,1,0.4028264284133911,0.8269273638725281,-0.00019644162966869771
5,hand,16,1,0.40775513648986816,0.8329625725746155,-0.00020799326011911035
5,hand,17,1,0.3846401572227478,0.7909746170043945,0.001850684522651136
5,hand,18,1,0.38996294140815735,0.810268223285675,0.0012306742137297988
5,hand,19,1,0.39538562297821045,0.8191555142402649,0.0011301831109449267
5,hand,20,1,0.40009012818336487,0.8242645859718323,0.001286448328755796
5,pose,0,-1,0.45572561025619507,0.16186873614788055,-0.4045172333717346
5,pose,1,-1,0.4653547406196594,0.1367596834897995,-0.3820248246192932
5,pose,2,-1,0.470814973115921,0.13689689338207245,-0.38215377926826477
5,pose,3,-1,0.47537848353385925,0.13718563318252563,-0.3822508156299591
5,pose,4,-1,0.4476441740989685,0.13816221058368683,-0.38386669754981995
5,pose,5,-1,0.4418668746948242,0.13886429369449615,-0.38392242789268494
5,pose,6,-1,0.4364538788795471,0.13994695246219635,-0.3840401768684387
5,pose,7,-1,0.4828704595565796,0.14895428717136383,-0.23395876586437225
5,pose,8,-1,0.4316154718399048,0.15279854834079742,-0.24301357567310333
5,pose,9,-1,0.4678506553173065,0.19171670079231262,-0.3483012318611145
5,pose,10,-1,0.4459781050682068,0.19421438872814178,-0.35076457262039185
5,pose,11,-1,0.5309244394302368,0.31822118163108826,-0.12896980345249176
5,pose,12,-1,0.39326098561286926,0.32448241114616394,-0.1722402274608612
5,pose,13,-1,0.5435875654220581,0.5282837748527527,-0.06034988537430763
5,pose,14,-1,0.3821090757846832,0.5369145274162292,-0.14846795797348022
5,pose,15,-1,0.5427672863006592,0.719677746295929,-0.19421575963497162
5,pose,16,-1,0.39060911536216736,0.72601318359375,-0.2767780125141144
5,pose,17,-1,0.5441775918006897,0.7722689509391785,-0.24381446838378906
5,pose,18,-1,0.39284297823905945,0.7862756252288818,-0.32239025831222534
5,pose,19,-1,0.5343143343925476,0.7660163044929504,-0.2827153503894806
5,pose,20,-1,0.40496233105659485,0.7813207507133484,-0.3625335693359375
5,pose,21,-1,0.5314151644706726,0.7476804852485657,-0.21143795549869537
5,pose,22,-1,0.40734437108039856,0.7607452273368835,-0.29431217908859253
5,pose,23,-1,0.5001711249351501,0.6928995251655579,0.014685708098113537
5,pose,24,-1,0.4234934449195862,0.7011258602142334,-0.014530578628182411
5,pose,25,-1,0.5053463578224182,0.9594466686248779,-0.00978588405996561
5,pose,26,-1,0.43432241678237915,0.9691408276557922,-0.026108643040060997
5,pose,27,-1,0.5162252187728882,1.1707432270050049,0.36919328570365906
5,pose,28,-1,0.44993019104003906,1.169325351715088,0.3218003511428833
5,pose,29,-1,0.5150431394577026,1.1929757595062256,0.40165483951568604
5,pose,30,-1,0.45344334840774536,1.1868396997451782,0.3538109362125397
5,pose,31,-1,0.5205081701278687,1.2585769891738892,0.27818042039871216
5,pose,32,-1,0.45981940627098083,1.2550904750823975,0.21207290887832642
6,hand,0,0,0.5427952408790588,0.7301944494247437,1.2154922046647698e-07
6,hand,1,0,0.5308893918991089,0.7388516068458557,-0.007860062643885612
6,hand,2,0,0.5243517160415649,0.7616612315177917,-0.010137475095689297
6,hand,3,0,0.5196998119354248,0.7831071615219116,-0.010798237286508083
6,hand,4,0,0.5145345330238342,0.7987794876098633,-0.010867915116250515
6,hand,5,0,0.5363381505012512,0.7835715413093567,-0.0066920178942382336
6,hand,6,0,0.527725100517273,0.8082317113876343,-0.009423680603504181
6,hand,7,0,0.5216698050498962,0.8222424983978271,-0.011374905705451965
6,hand,8,0,0.5170701742172241,0.8332552909851074,-0.012446969747543335
6,hand,9,0,0.541015625,0.7860049605369568,-0.0032620488200336695
6,hand,10,0,0.5335639119148254,0.8107950091362,-0.005971303675323725
6,hand,11,0,0.5274243354797363,0.824971616268158,-0.007147036958485842
6,hand,12,0,0.5221291780471802,0.8360081315040588,-0.007611117325723171
6,hand,13,0,0.5427239537239075,0.7856626510620117,-0.00046455205301754177
6,hand,14,0,0.5359976291656494,0.8089601397514343,-0.0030685225501656532
6,hand,15,0,0.5301340222358704,0.822670042514801,-0.0038993211928755045
6,hand,16,0,0.5247801542282104,0.8336331248283386,-0.003986280877143145
6,hand,17,0,0.5421339273452759,0.7841907739639282,0.0016478551551699638
6,hand,18,0,0.5362906455993652,0.804263710975647,-0.00046544859651476145
6,hand,19,0,0.5313513278961182,0.8159233927726746,-0.0010732546215876937
6,hand,20,0,0.5266819596290588,0.8248590230941772,-0.0010262455325573683
6,hand,0,1,0.3873779773712158,0.7330464720726013,-1.6544028369480657e-08
6,hand,1,1,0.40394705533981323,0.7399371266365051,-0.0035702846944332123
6,hand,2,1,0.4116744101047516,0.7642630338668823,-0.0036057066172361374
6,hand,3,1,0.4141848087310791,0.7885487675666809,-0.002585193607956171
6,hand,4,1,0.41809120774269104,0.8046119809150696,-0.0010486353421583772
6,hand,5,1,0.4011179506778717,0.7874559760093689,-0.002064239699393511
6,hand,6,1,0.40966227650642395,0.8113335371017456,-0.0019265745067968965
6,hand,7,1,0.414610892534256,0.8228192329406738,-0.0020566964522004128
6,hand,8,1,0.41845253109931946,0.8326542973518372,-0.0022260660771280527
6,hand,9,1,0.39316555857658386,0.7923258543014526,-0.00018090697994921356
6,hand,10,1,0.4030003845691681,0.8165239691734314,0.00028996035689488053
6,hand,11,1,0.4096352756023407,0.8282941579818726,0.00036868592724204063
6,hand,12,1,0.41455087065696716,0.8371369242668152,0.0002067514869850129
6,hand,13,1,0.38802585005760193,0.7928943037986755,0.0014157351106405258
6,hand,14,1,0.3971070349216461,0.8160508871078491,0.0010449967812746763
6,hand,15,1,0.4035549759864807,0.8270003199577332,0.000583832326810807
6,hand,16,1,0.408668577671051,0.8339797854423523,0.00028649819432757795
6,hand,17,1,0.3852599263191223,0.7913624048233032,0.0027372369077056646
6,hand,18,1,0.3906513452529907,0.8101558089256287,0.0021756486967206
6,hand,19,1,0.39595818519592285,0.8192224502563477,0.001870291423983872
6,hand,20,1,0.40069761872291565,0.8248600363731384,0.0018119706073775887
6,pose,0,-1,0.4557441174983978,0.16294404864311218,-0.4074140191078186
6,pose,1,-1,0.4653620421886444,0.13778243958950043,-0.38478797674179077
6,pose,2,-1,0.4708786904811859,0.1379515826702118,-0.38491660356521606
6,pose,3,-1,0.47537729144096375,0.13813509047031403,-0.38501447439193726
6,pose,4,-1,0.447643905878067,0.13900086283683777,-0.38713550567626953
6,pose,5,-1,0.44188740849494934,0.13945293426513672,-0.3871893286705017
6,pose,6,-1,0.4364570081233978,0.14038141071796417,-0.38731056451797485
6,pose,7,-1,0.48295485973358154,0.14941902458667755,-0.23542366921901703
6,pose,8,-1,0.4316149055957794,0.15280784666538239,-0.24646387994289398
6,pose,9,-1,0.4679025411605835,0.193128302693367,-0.350477397441864
6,pose,10,-1,0.44613611698150635,0.19556623697280884,-0.35351642966270447
6,pose,11,-1,0.531257688999176,0.31819528341293335,-0.12718169391155243
6,pose,12,-1,0.39326155185699463,0.324582576751709,-0.17613250017166138
6,pose,13,-1,0.5439331531524658,0.5282882452011108,-0.0572722963988781
6,pose,14,-1,0.3821438252925873,0.5370500683784485,-0.15167027711868286
6,pose,15,-1,0.5429633259773254,0.7194017767906189,-0.19316066801548004
6,pose,16,-1,0.39071765542030334,0.7260860204696655,-0.28166642785072327
6,pose,17,-1,0.5444959402084351,0.7719988822937012,-0.24365778267383575
6,pose,18,-1,0.39287158846855164,0.7865213751792908,-0.32818588614463806
6,pose,19,-1,0.5345601439476013,0.7658186554908752,-0.28128156065940857
6,pose,20,-1,0.4050426781177521,0.7819849252700806,-0.3686275780200958
6,pose,21,-1,0.5315959453582764,0.7475521564483643,-0.21126779913902283
6,pose,22,-1,0.4074786603450775,0.7615727186203003,-0.29926976561546326
6,pose,23,-1,0.5004573464393616,0.6937857270240784,0.015742043033242226
6,pose,24,-1,0.4235544502735138,0.7027347087860107,-0.01555832102894783
6,pose,25,-1,0.5056131482124329,0.9599614143371582,-0.014749515801668167
6,pose,26,-1,0.43456771969795227,0.9691904783248901,-0.02497004345059395
6,pose,27,-1,0.5162217617034912,1.172876238822937,0.35540756583213806
6,pose,28,-1,0.45052796602249146,1.172867774963379,0.3236522376537323
6,pose,29,-1,0.5149940252304077,1.195433497428894,0.386603981256485
6,pose,30,-1,0.45395633578300476,1.190467357635498,0.35576632618904114
6,pose,31,-1,0.5205098986625671,1.2609525918960571,0.2592007517814636
6,pose,32,-1,0.46071699261665344,1.2593917846679688,0.21372799575328827
7,hand,0,0,0.5415971875190735,0.7230215668678284,1.141654308867146e-07
7,hand,1,0,0.5310156345367432,0.7316060662269592,-0.007881833240389824
7,hand,2,0,0.5245254635810852,0.7545565962791443,-0.01057497039437294
7,hand,3,0,0.5192444920539856,0.7756999731063843,-0.011815953999757767
7,hand,4,0,0.51331627368927,0.7916370034217834,-0.012533653527498245
7,hand,5,0,0.5373135209083557,0.7763933539390564,-0.007476206868886948
7,hand,6,0,0.5279327034950256,0.8004768490791321,-0.01130715012550354
7,hand,7,0,0.5207700133323669,0.8143913745880127,-0.014066528528928757
7,hand,8,0,0.5152406096458435,0.8251970410346985,-0.015649041160941124
7,hand,9,0,0.5413720011711121,0.7788119912147522,-0.004586133174598217
7,hand,10,0,0.5328197479248047,0.8026065826416016,-0.008067038841545582
7,hand,11,0,0.525576651096344,0.8163170218467712,-0.00968538224697113
7,hand,12,0,0.5191888809204102,0.826924741268158,-0.010540555231273174
7,hand,13,0,0.542415976524353,0.7785140872001648,-0.0023847785778343678
7,hand,14,0,0.5344714522361755,0.8009786605834961,-0.005688503384590149
7,hand,15,0,0.5274980664253235,0.8143455386161804,-0.006657736375927925
7,hand,16,0,0.5210270285606384,0.824677586555481,-0.006870973855257034
7,hand,17,0,0.5413336753845215,0.7771472930908203,-0.0009013726375997066
7,hand,18,0,0.5347540974617004,0.7968305945396423,-0.0036354376934468746
7,hand,19,0,0.5290095210075378,0.8081515431404114,-0.004405837971717119
7,hand,20,0,0.5236275792121887,0.816646158695221,-0.004488126840442419
7,hand,0,1,0.38798320293426514,0.731697678565979,-1.745567246302926e-08
7,hand,1,1,0.404622346162796,0.7394517660140991,-0.0036369168665260077
7,hand,2,1,0.41218140721321106,0.7643402218818665,-0.0038337865844368935
7,hand,3,1,0.4145752787590027,0.7884721755981445,-0.003003848949447274
7,hand,4,1,0.41839104890823364,0.8042157888412476,-0.00168246787507087
7,hand,5,1,0.40155309438705444,0.7848987579345703,-0.0027875485830008984
7,hand,6,1,0.40988385677337646,0.8097102642059326,-0.003261758014559746
7,hand,7,1,0.4149087071418762,0.8218644857406616,-0.0036386228166520596
7,hand,8,1,0.41894322633743286,0.8318520784378052,-0.0038827350363135338
7,hand,9,1,0.39341509342193604,0.7899472713470459,-0.0010623220587149262
7,hand,10,1,0.40318235754966736,0.8149126172065735,-0.0011030472815036774
7,hand,11,1,0.40985822677612305,0.8272534012794495,-0.0011085253208875656
7,hand,12,1,0.4148803949356079,0.8361693620681763,-0.0012638329062610865
7,hand,13,1,0.38807475566864014,0.7909809947013855,0.00036985089536756277
7,hand,14,1,0.39717990159988403,0.8142097592353821,-0.00030416244408115745
7,hand,15,1,0.4036855101585388,0.8255114555358887,-0.0007177694351412356
7,hand,16,1,0.40882980823516846,0.8326364159584045,-0.0009419384296052158
7,hand,17,1,0.38509660959243774,0.7897739410400391,0.0015065387124195695
7,hand,18,1,0.39026546478271484,0.8084844946861267,0.0007621232653036714
7,hand,19,1,0.3955204486846924,0.8177835941314697,0.00045710327685810626
7,hand,20,1,0.40025389194488525,0.8234630227088928,0.0004256377287674695
7,pose,0,-1,0.4557274580001831,0.16302630305290222,-0.4000590443611145
7,pose,1,-1,0.4653034508228302,0.1378863900899887,-0.37755876779556274
7,pose,2,-1,0.4708773195743561,0.13804177939891815,-0.37768280506134033
7,pose,3,-1,0.47534459829330444,0.13820813596248627,-0.377784788608551
7,pose,4,-1,0.447585791349411,0.13915319740772247,-0.37943392992019653
7,pose,5,-1,0.44186311960220337,0.13954918086528778,-0.3794926404953003
7,pose,6,-1,0.4363879859447479,0.14047473669052124,-0.37962111830711365
7,pose,7,-1,0.48293831944465637,0.1494225114583969,-0.23275940120220184
7,pose,8,-1,0.431549608707428,0.15279710292816162,-0.24496370553970337
7,pose,9,-1,0.4679023325443268,0.19334843754768372,-0.34563109278678894
7,pose,10,-1,0.4461565315723419,0.19590528309345245,-0.34804823994636536
7,pose,11,-1,0.5313637256622314,0.31811633706092834,-0.11543802917003632
7,pose,12,-1,0.3932287395000458,0.3246360719203949,-0.17489510774612427
7,pose,13,-1,0.5442571043968201,0.5281192064285278,-0.04448305442929268
7,pose,14,-1,0.3822367489337921,0.5371174216270447,-0.1503107100725174
7,pose,15,-1,0.5427681803703308,0.7193415760993958,-0.18342675268650055
7,pose,16,-1,0.3908766806125641,0.7260774970054626,-0.2784019112586975
7,pose,17,-1,0.5439159274101257,0.7720715999603271,-0.23487704992294312
7,pose,18,-1,0.39300885796546936,0.7865237593650818,-0.32507452368736267
7,pose,19,-1,0.5339882373809814,0.7658491730690002,-0.27519357204437256
7,pose,20,-1,0.4052616059780121,0.7822133898735046,-0.36530330777168274
7,pose,21,-1,0.5312026739120483,0.7476058006286621,-0.2022409439086914
7,pose,22,-1,0.40777233242988586,0.7618589401245117,-0.295919805765152
7,pose,23,-1,0.5007168054580688,0.6955077052116394,0.01692982390522957
7,pose,24,-1,0.42355504631996155,0.704605221748352,-0.016740301623940468
7,pose,25,-1,0.5058872103691101,0.9605104923248291,-0.01743551716208458
7,pose,26,-1,0.4346666932106018,0.9703737497329712,-0.03423692286014557
7,pose,27,-1,0.5160863399505615,1.1733763217926025,0.36138513684272766
7,pose,28,-1,0.45035359263420105,1.1759763956069946,0.3098370134830475
7,pose,29,-1,0.5149098038673401,1.1955264806747437,0.39336249232292175
7,pose,30,-1,0.4537656009197235,1.1935731172561646,0.34122925996780396
7,pose,31,-1,0.5198943614959717,1.2624038457870483,0.26453644037246704
7,pose,32,-1,0.4604504704475403,1.262100338935852,0.19574983417987823
8,hand,0,0,0.536897599697113,0.7105265855789185,9.005618295532258e-08
8,hand,1,0,0.5287206768989563,0.7171990275382996,-0.008101975545287132
8,hand,2,0,0.5227646231651306,0.7399624586105347,-0.01081056147813797
8,hand,3,0,0.5172805786132812,0.7611822485923767,-0.011895891278982162
8,hand,4,0,0.5132774114608765,0.7778871655464172,-0.012267682701349258
8,hand,5,0,0.5363930463790894,0.7617266178131104,-0.00891932100057602
8,hand,6,0,0.5275084376335144,0.7906609773635864,-0.012827697210013866
8,hand,7,0,0.5186690092086792,0.7986764311790466,-0.014958884567022324
8,hand,8,0,0.5120566487312317,0.8007816076278687,-0.015682507306337357
8,hand,9,0,0.53947913646698,0.763292670249939,-0.005321182776242495
8,hand,10,0,0.5299727320671082,0.7898555397987366,-0.00938467402011156
8,hand,11,0,0.5206495523452759,0.7959201335906982,-0.011100837029516697
8,hand,12,0,0.5135176777839661,0.7973963618278503,-0.011592498980462551
8,hand,13,0,0.5395665168762207,0.7631895542144775,-0.002227658638730645
8,hand,14,0,0.5304287075996399,0.7862640023231506,-0.005764622241258621
8,hand,15,0,0.5219250917434692,0.7921758890151978,-0.006879572756588459
8,hand,16,0,0.5150920152664185,0.7945553064346313,-0.006858049891889095
8,hand,17,0,0.5378279685974121,0.7624223828315735,0.0002842644171323627
8,hand,18,0,0.5307759046554565,0.7829699516296387,-0.0022918167524039745
8,hand,19,0,0.5237045288085938,0.7899069786071777,-0.0029499006923288107
8,hand,20,0,0.5177974700927734,0.7924526929855347,-0.002719288691878319
8,hand,0,1,0.38806846737861633,0.7315248847007751,-1.5829041188908377e-08
8,hand,1,1,0.40480276942253113,0.7386455535888672,-0.003816780634224415
8,hand,2,1,0.4125359356403351,0.7625988125801086,-0.0041318596340715885
8,hand,3,1,0.4149848222732544,0.7866666913032532,-0.003419037675485015
8,hand,4,1,0.4184163510799408,0.8030063509941101,-0.002206034492701292
8,hand,5,1,0.4018368721008301,0.7831277847290039,-0.0029855722095817327
8,hand,6,1,0.41003790497779846,0.8083293437957764,-0.0035155354999005795
8,hand,7,1,0.41493165493011475,0.8206673860549927,-0.0038174528162926435
8,hand,8,1,0.4188563823699951,0.8308032751083374,-0.0040028290823102
8,hand,9,1,0.39369437098503113,0.788928747177124,-0.0012404739391058683
8,hand,10,1,0.40354305505752563,0.8139438033103943,-0.0013749375939369202
8,hand,11,1,0.4101177752017975,0.8264577388763428,-0.0013694704975932837
8,hand,12,1,0.415121853351593,0.8355827331542969,-0.0014982171123847365
8,hand,13,1,0.3884470760822296,0.790787398815155,0.00018393940990790725
8,hand,14,1,0.3976616859436035,0.8142390251159668,-0.0006245764088816941
8,hand,15,1,0.4040546119213104,0.825627326965332,-0.0011417845962569118
8,hand,16,1,0.4093005359172821,0.8329690098762512,-0.0014226287603378296
8,hand,17,1,0.3856601119041443,0.7904024124145508,0.0013006399385631084
8,hand,18,1,0.390937864780426,0.8087407946586609,0.0004121700185351074
8,hand,19,1,0.3960663080215454,0.8177486658096313,-2.0898882212350145e-05
8,hand,20,1,0.40086543560028076,0.8233271837234497,-0.00013516898616217077
8,pose,0,-1,0.455726683139801,0.1630251407623291,-0.398576945066452
8,pose,1,-1,0.4653024971485138,0.13791291415691376,-0.3756037950515747
8,pose,2,-1,0.4709082543849945,0.13805648684501648,-0.3757331967353821
8,pose,3,-1,0.4753432273864746,0.13821540772914886,-0.3758378028869629
8,pose,4,-1,0.4475736916065216,0.13921259343624115,-0.3775140345096588
8,pose,5,-1,0.4418647587299347,0.1395823061466217,-0.3775622546672821
8,pose,6,-1,0.43638402223587036,0.14050087332725525,-0.3776874840259552
8,pose,7,-1,0.4829831123352051,0.14941878616809845,-0.22860854864120483
8,pose,8,-1,0.4315487742424011,0.15269368886947632,-0.23907311260700226
8,pose,9,-1,0.4679623544216156,0.19333511590957642,-0.34263816475868225
8,pose,10,-1,0.44622644782066345,0.19591842591762543,-0.34497353434562683
8,pose,11,-1,0.5314373970031738,0.3177236318588257,-0.11470729857683182
8,pose,12,-1,0.39325377345085144,0.32459816336631775,-0.1713569462299347
8,pose,13,-1,0.5456362366676331,0.5274462699890137,-0.04389549419283867
8,pose,14,-1,0.3831647038459778,0.5372218489646912,-0.14942261576652527
8,pose,15,-1,0.5407711267471313,0.7179291248321533,-0.17980538308620453
8,pose,16,-1,0.39124366641044617,0.726070761680603,-0.2771383225917816
8,pose,17,-1,0.5412890315055847,0.7715908885002136,-0.2305378019809723
8,pose,18,-1,0.39340367913246155,0.7864497900009155,-0.3238385319709778
8,pose,19,-1,0.5308249592781067,0.7656710147857666,-0.27064234018325806
8,pose,20,-1,0.4057166874408722,0.7822690606117249,-0.3640895485877991
8,pose,21,-1,0.5284606218338013,0.7475271821022034,-0.1982087343931198
8,pose,22,-1,0.40829169750213623,0.7619438767433167,-0.2946104407310486
8,pose,23,-1,0.501314103603363,0.695585310459137,0.016946814954280853
8,pose,24,-1,0.4239172041416168,0.705029308795929,-0.016757331788539886
8,pose,25,-1,0.5065778493881226,0.9622663855552673,-0.022523999214172363
8,pose,26,-1,0.43500009179115295,0.9706640243530273,-0.04573918879032135
8,pose,27,-1,0.5161342024803162,1.1748384237289429,0.35387498140335083
8,pose,28,-1,0.45062366127967834,1.176474928855896,0.3142215311527252
8,pose,29,-1,0.5149912238121033,1.1968367099761963,0.3853263258934021
8,pose,30,-1,0.4543360769748688,1.1937752962112427,0.346005380153656
8,pose,31,-1,0.519885241985321,1.264959692955017,0.25652292370796204
8,pose,32,-1,0.4602566063404083,1.2616510391235352,0.19890573620796204
9,hand,0,0,0.38819554448127747,0.7324814200401306,-1.0800758509788011e-08
9,hand,1,0,0.40481188893318176,0.7393122911453247,-0.0035018727649003267
9,hand,2,0,0.41265028715133667,0.7630959153175354,-0.003645885270088911
9,hand,3,0,0.41535571217536926,0.7871862649917603,-0.002697270130738616
9,hand,4,0,0.4190773367881775,0.803226888179779,-0.0011814114404842257
9,hand,5,0,0.4025149643421173,0.7849439382553101,-0.002511959057301283
9,hand,6,0,0.4104093313217163,0.8099657297134399,-0.0024310678709298372
9,hand,7,0,0.41508886218070984,0.8215969204902649,-0.00232446426525712
9,hand,8,0,0.4187895953655243,0.8310582041740417,-0.0022125295363366604
9,hand,9,0,0.3943626880645752,0.790554404258728,-0.0004979238146916032
9,hand,10,0,0.4040987491607666,0.8149173855781555,-6.131172267487273e-05
9,hand,11,0,0.4103412330150604,0.8267059922218323,0.00028459628811106086
9,hand,12,0,0.41501903533935547,0.8350401520729065,0.00041532536852173507
9,hand,13,0,0.3890906572341919,0.7920709252357483,0.0012884180760011077
9,hand,14,0,0.3981056213378906,0.8147696256637573,0.0010953546734526753
9,hand,15,0,0.4039473831653595,0.8254956007003784,0.0009326462750323117
9,hand,16,0,0.40868160128593445,0.8318665027618408,0.0008946500602178276
9,hand,17,0,0.3862002491950989,0.7914599180221558,0.0028178784996271133
9,hand,18,0,0.3913171589374542,0.8092185258865356,0.0025687834713608027
9,hand,19,0,0.39614468812942505,0.8181302547454834,0.002491617575287819
9,hand,20,0,0.40063777565956116,0.8234750628471375,0.0026493375189602375
9,pose,0,-1,0.4558037519454956,0.1631370633840561,-0.41009989380836487
9,pose,1,-1,0.4653491973876953,0.13809379935264587,-0.38771316409111023
9,pose,2,-1,0.47101613879203796,0.13823387026786804,-0.3878493010997772
9,pose,3,-1,0.47537216544151306,0.13835911452770233,-0.38795751333236694
9,pose,4,-1,0.4475906491279602,0.13934721052646637,-0.3891889452934265
9,pose,5,-1,0.4419254660606384,0.13966673612594604,-0.38924285769462585
9,pose,6,-1,0.4364093542098999,0.1405727118253708,-0.38936230540275574
9,pose,7,-1,0.4831874966621399,0.14947445690631866,-0.23906312882900238
9,pose,8,-1,0.4315493404865265,0.15269528329372406,-0.24642135202884674
9,pose,9,-1,0.4681491255760193,0.19349773228168488,-0.35340243577957153
9,pose,10,-1,0.44642189145088196,0.1962401121854782,-0.35520586371421814
9,pose,11,-1,0.5315824151039124,0.3172103762626648,-0.12841098010540009
9,pose,12,-1,0.3932874798774719,0.32458773255348206,-0.1757061928510666
9,pose,13,-1,0.547660768032074,0.52444988489151,-0.05880720540881157
9,pose,14,-1,0.3839204013347626,0.5373104810714722,-0.14915236830711365
9,pose,15,-1,0.5352318286895752,0.709214448928833,-0.19255198538303375
9,pose,16,-1,0.391530305147171,0.7260899543762207,-0.2799459993839264
9,pose,17,-1,0.5350043177604675,0.7642678618431091,-0.24389757215976715
9,pose,18,-1,0.39366599917411804,0.7864494323730469,-0.32656607031822205
9,pose,19,-1,0.5232107043266296,0.7591210007667542,-0.28267115354537964
9,pose,20,-1,0.4059275984764099,0.782547652721405,-0.3677428364753723
9,pose,21,-1,0.5200117230415344,0.7429460883140564,-0.21006299555301666
9,pose,22,-1,0.4084925949573517,0.762276828289032,-0.2977261245250702
9,pose,23,-1,0.5017555952072144,0.6951696276664734,0.016918187960982323
9,pose,24,-1,0.4243007004261017,0.7050001621246338,-0.016729408875107765
9,pose,25,-1,0.5066431164741516,0.9624407887458801,-0.03866999223828316
9,pose,26,-1,0.4351900815963745,0.9705296158790588,-0.052144281566143036
9,pose,27,-1,0.5151485204696655,1.178066372871399,0.30680590867996216
9,pose,28,-1,0.45126911997795105,1.1757515668869019,0.3029840290546417
9,pose,29,-1,0.5137927532196045,1.2011635303497314,0.33485472202301025
9,pose,30,-1,0.45526787638664246,1.1935501098632812,0.33482038974761963
9,pose,31,-1,0.5195607542991638,1.2670425176620483,0.20682735741138458
9,pose,32,-1,0.46025073528289795,1.261090636253357,0.19503377377986908
10,hand,0,0,0.38850635290145874,0.7333877682685852,-1.155058004798093e-08
10,hand,1,0,0.40498897433280945,0.7397305369377136,-0.003970320802181959
10,hand,2,0,0.4129263758659363,0.7633895874023438,-0.004480447620153427
10,hand,3,0,0.41588282585144043,0.7875180244445801,-0.0038365372456610203
10,hand,4,0,0.4195939600467682,0.8037976026535034,-0.0026235489640384912
10,hand,5,0,0.4024008512496948,0.7842682003974915,-0.0038893469609320164
10,hand,6,0,0.4104377329349518,0.8103793263435364,-0.004437964875251055
10,hand,7,0,0.41549360752105713,0.8223515152931213,-0.004449170548468828
10,hand,8,0,0.41963112354278564,0.8316188454627991,-0.004303303547203541
10,hand,9,0,0.39421483874320984,0.790209949016571,-0.0019245031289756298
10,hand,10,0,0.4041432738304138,0.8160202503204346,-0.002059719292446971
10,hand,11,0,0.41075047850608826,0.8278566002845764,-0.0016934440936893225
10,hand,12,0,0.4157227575778961,0.8359605073928833,-0.0014576948015019298
10,hand,13,0,0.388998419046402,0.7922914624214172,-0.00018934068793896586
10,hand,14,0,0.3983866572380066,0.8163243532180786,-0.000832967518363148
10,hand,15,0,0.40459537506103516,0.826665997505188,-0.000819628534372896
10,hand,16,0,0.40955886244773865,0.8327027559280396,-0.0006625884561799467
10,hand,17,0,0.3863401710987091,0.7919251322746277,0.001245791674591601
10,hand,18,0,0.39192354679107666,0.8104153871536255,0.0006232891464605927
10,hand,19,0,0.39694613218307495,0.8188812136650085,0.0006198004120960832
10,hand,20,0,0.40151992440223694,0.8237013816833496,0.0008975802338682115
10,pose,0,-1,0.4560641348361969,0.163370281457901,-0.3793279826641083
10,pose,1,-1,0.46545732021331787,0.13822561502456665,-0.3576529920101166
10,pose,2,-1,0.47113582491874695,0.13835467398166656,-0.35780951380729675
10,pose,3,-1,0.4753967821598053,0.13844524323940277,-0.357914537191391
10,pose,4,-1,0.4477679133415222,0.13943026959896088,-0.358601450920105
10,pose,5,-1,0.4422043263912201,0.13972418010234833,-0.3586429953575134
10,pose,6,-1,0.4366937279701233,0.14059880375862122,-0.35877248644828796
10,pose,7,-1,0.4833039343357086,0.14952600002288818,-0.2128729671239853
10,pose,8,-1,0.43162211775779724,0.15264739096164703,-0.2166690230369568
10,pose,9,-1,0.4683662950992584,0.19382484257221222,-0.32414621114730835
10,pose,10,-1,0.4468960464000702,0.19664926826953888,-0.32491210103034973
10,pose,11,-1,0.5316636562347412,0.3163895010948181,-0.1112826019525528
10,pose,12,-1,0.39329659938812256,0.3245489299297333,-0.14708061516284943
10,pose,13,-1,0.5496492981910706,0.5153260231018066,-0.06722535192966461
10,pose,14,-1,0.38400793075561523,0.5371283292770386,-0.11535847187042236
10,pose,15,-1,0.5317428708076477,0.6552420258522034,-0.24578909575939178
10,pose,16,-1,0.39208561182022095,0.7252834439277649,-0.2516152262687683
10,pose,17,-1,0.5281276106834412,0.7067904472351074,-0.30461469292640686
10,pose,18,-1,0.3942584991455078,0.7853426933288574,-0.29847896099090576
10,pose,19,-1,0.51739102602005,0.6948805451393127,-0.33695849776268005
10,pose,20,-1,0.4061545729637146,0.782188892364502,-0.33891427516937256
10,pose,21,-1,0.5158481001853943,0.6786367297172546,-0.2617928981781006
10,pose,22,-1,0.40858885645866394,0.7619905471801758,-0.2691684365272522
10,pose,23,-1,0.5026671290397644,0.6949369311332703,0.016275091096758842
10,pose,24,-1,0.4254836142063141,0.7048891186714172,-0.016052981838583946
10,pose,25,-1,0.506799042224884,0.9624412059783936,-0.04299401119351387
10,pose,26,-1,0.4357825815677643,0.9705230593681335,-0.0461106151342392
10,pose,27,-1,0.514581561088562,1.1779485940933228,0.2873060405254364
10,pose,28,-1,0.45120474696159363,1.1756492853164673,0.29535067081451416
10,pose,29,-1,0.5132264494895935,1.2011362314224243,0.3141126036643982
10,pose,30,-1,0.45504674315452576,1.1933190822601318,0.3254834711551666
10,pose,31,-1,0.5189533233642578,1.2663263082504272,0.1866367906332016
10,pose,32,-1,0.46015146374702454,1.261466145515442,0.18598514795303345
11,hand,0,0,0.38925960659980774,0.7335178852081299,-1.1982330683224518e-08
11,hand,1,0,0.4056873917579651,0.7394275069236755,-0.003895970294252038
11,hand,2,0,0.41361004114151,0.7632440328598022,-0.004284604452550411
11,hand,3,0,0.41636210680007935,0.7878552675247192,-0.0035336781293153763
11,hand,4,0,0.4200901389122009,0.8043556809425354,-0.0021859656553715467
11,hand,5,0,0.40342220664024353,0.7838190197944641,-0.0034839229192584753
11,hand,6,0,0.41165873408317566,0.8101101517677307,-0.003624889301136136
11,hand,7,0,0.4165210723876953,0.8220200538635254,-0.0032534366473555565
11,hand,8,0,0.4203824996948242,0.8311418890953064,-0.0028630560263991356
11,hand,9,0,0.39529404044151306,0.7899103164672852,-0.001442194334231317
11,hand,10,0,0.405129998922348,0.8162751197814941,-0.0011961410054937005
11,hand,11,0,0.41155073046684265,0.8279383182525635,-0.0005637736176140606
11,hand,12,0,0.4161611795425415,0.8358690142631531,-0.00016347013297490776
11,hand,13,0,0.3900207579135895,0.7920326590538025,0.00036412288318388164
11,hand,14,0,0.3994717299938202,0.8159868121147156,5.6707958719925955e-05
11,hand,15,0,0.4058205485343933,0.8261891603469849,0.00024574509006924927
11,hand,16,0,0.4106271266937256,0.832243800163269,0.0004690232453867793
11,hand,17,0,0.38719528913497925,0.791846513748169,0.0018643626244738698
11,hand,18,0,0.39302533864974976,0.8107916712760925,0.0015341758262366056
11,hand,19,0,0.39847317337989807,0.8192235827445984,0.0016520111821591854
11,hand,20,0,0.40321406722068787,0.8239537477493286,0.0019523580558598042
11,pose,0,-1,0.45645245909690857,0.16341015696525574,-0.3357895016670227
11,pose,1,-1,0.46568456292152405,0.1383381485939026,-0.31441912055015564
11,pose,2,-1,0.4713441729545593,0.13848057389259338,-0.31460505723953247
11,pose,3,-1,0.4755036234855652,0.13856229186058044,-0.31471025943756104
11,pose,4,-1,0.44800102710723877,0.13948719203472137,-0.3152416944503784
11,pose,5,-1,0.4425511360168457,0.1397913545370102,-0.3152736723423004
11,pose,6,-1,0.4371489882469177,0.14064431190490723,-0.31541362404823303
11,pose,7,-1,0.4834192097187042,0.14964725077152252,-0.17099052667617798
11,pose,8,-1,0.431816965341568,0.15268942713737488,-0.17284046113491058
11,pose,9,-1,0.4687376320362091,0.19383862614631653,-0.2809368073940277
11,pose,10,-1,0.44741007685661316,0.19666612148284912,-0.2813090980052948
11,pose,11,-1,0.532055675983429,0.3147723078727722,-0.08015268296003342
11,pose,12,-1,0.3936236798763275,0.3245553970336914,-0.09769925475120544
11,pose,13,-1,0.550557017326355,0.5071335434913635,-0.11238060891628265
11,pose,14,-1,0.3843851387500763,0.5360769629478455,-0.06330505013465881
11,pose,15,-1,0.529038667678833,0.5920289158821106,-0.3848204016685486
11,pose,16,-1,0.3922518491744995,0.7231987118721008,-0.20303145051002502
11,pose,17,-1,0.5209907293319702,0.629991352558136,-0.4556241035461426
11,pose,18,-1,0.3945504128932953,0.7834193110466003,-0.24736090004444122
11,pose,19,-1,0.5130662322044373,0.6116377711296082,-0.47693756222724915
11,pose,20,-1,0.40643835067749023,0.7812500596046448,-0.28616106510162354
11,pose,21,-1,0.513131320476532,0.5991047024726868,-0.39842984080314636
11,pose,22,-1,0.4086514115333557,0.761147141456604,-0.21945364773273468
11,pose,23,-1,0.5039947032928467,0.694923460483551,0.012869301252067089
11,pose,24,-1,0.42656049132347107,0.7048366069793701,-0.012589436955749989
11,pose,25,-1,0.5073138475418091,0.964569091796875,-0.06859323382377625
11,pose,26,-1,0.43595370650291443,0.9719621539115906,-0.04363541677594185
11,pose,27,-1,0.5155571103096008,1.1902951002120972,0.22716544568538666
11,pose,28,-1,0.4507688283920288,1.1826189756393433,0.26333627104759216
11,pose,29,-1,0.5138086080551147,1.2167599201202393,0.24987457692623138
11,pose,30,-1,0.4538361430168152,1.2025161981582642,0.2892463803291321
11,pose,31,-1,0.5198646187782288,1.2757679224014282,0.11288858205080032
11,pose,32,-1,0.46009212732315063,1.2684406042099,0.14353302121162415
12,hand,0,0,0.38996487855911255,0.7326135635375977,-1.2253408954165934e-08
12,hand,1,0,0.4063243269920349,0.7400856614112854,-0.003240320598706603
12,hand,2,0,0.41410428285598755,0.7640030980110168,-0.0034670643508434296
12,hand,3,0,0.4169728457927704,0.7880285382270813,-0.0028048581443727016
12,hand,4,0,0.4209899604320526,0.8047381639480591,-0.0016153014730662107
12,hand,5,0,0.4048384726047516,0.7849881649017334,-0.0017987892497330904
12,hand,6,0,0.41239431500434875,0.8096550107002258,-0.002140115015208721
12,hand,7,0,0.4171016812324524,0.8215463161468506,-0.0024240005295723677
12,hand,8,0,0.42099529504776,0.8309670090675354,-0.002546304604038596
12,hand,9,0,0.39658528566360474,0.7902174592018127,-0.00028358298004604876
12,hand,10,0,0.40572574734687805,0.8151211142539978,-4.055352837895043e-05
12,hand,11,0,0.41195210814476013,0.8272337913513184,2.581649459898472e-05
12,hand,12,0,0.4166680872440338,0.8358884453773499,-6.177967588882893e-05
12,hand,13,0,0.39098992943763733,0.7914336323738098,0.000925435742828995
12,hand,14,0,0.3996293246746063,0.8149793148040771,0.0005089918849989772
12,hand,15,0,0.40564194321632385,0.8261452913284302,0.0002607271308079362
12,hand,16,0,0.41054627299308777,0.8332563638687134,0.00016741952276788652
12,hand,17,0,0.387704998254776,0.7905410528182983,0.001872588531114161
12,hand,18,0,0.39294108748435974,0.8097903728485107,0.0014363507507368922
12,hand,19,0,0.39803794026374817,0.8190023303031921,0.0014265653444454074
12,hand,20,0,0.4027576148509979,0.8245549201965332,0.0016326839104294777
12,pose,0,-1,0.45719531178474426,0.16369245946407318,-0.3171241879463196
12,pose,1,-1,0.46618327498435974,0.13855083286762238,-0.2955753207206726
12,pose,2,-1,0.4716818928718567,0.13868986070156097,-0.29577866196632385
12,pose,3,-1,0.4757377505302429,0.1388009637594223,-0.2958742380142212
12,pose,4,-1,0.4485625624656677,0.1396014243364334,-0.2973400354385376
12,pose,5,-1,0.44315987825393677,0.1399160921573639,-0.29737916588783264
12,pose,6,-1,0.4380349814891815,0.1407366394996643,-0.2975333034992218
12,pose,7,-1,0.4836225211620331,0.14995266497135162,-0.15064440667629242
12,pose,8,-1,0.432167112827301,0.15298762917518616,-0.15661726891994476
12,pose,9,-1,0.4693085253238678,0.193961501121521,-0.26156675815582275
12,pose,10,-1,0.4480613172054291,0.19672684371471405,-0.2631411850452423
12,pose,11,-1,0.5322574377059937,0.3131238520145416,-0.057698462158441544
12,pose,12,-1,0.3938719928264618,0.32456159591674805,-0.07756049185991287
12,pose,13,-1,0.5503664612770081,0.49725669622421265,-0.13635709881782532
12,pose,14,-1,0.3844905197620392,0.5355376601219177,-0.04091881588101387
12,pose,15,-1,0.529088020324707,0.5368771553039551,-0.4744010269641876
12,pose,16,-1,0.39265647530555725,0.7225266098976135,-0.17889828979969025
12,pose,17,-1,0.5215116739273071,0.5591127872467041,-0.5527771711349487
12,pose,18,-1,0.3950062692165375,0.7828201055526733,-0.22092989087104797
12,pose,19,-1,0.5153750777244568,0.537619948387146,-0.5685062408447266
12,pose,20,-1,0.40705564618110657,0.781135618686676,-0.25866299867630005
12,pose,21,-1,0.5149664282798767,0.5303769111633301,-0.4878813326358795
12,pose,22,-1,0.40907445549964905,0.7610855102539062,-0.19420228898525238
12,pose,23,-1,0.5046069622039795,0.6933829188346863,0.01175463292747736
12,pose,24,-1,0.4278537631034851,0.7039746642112732,-0.011448746547102928
12,pose,25,-1,0.5077740550041199,0.9645068049430847,-0.07129282504320145
12,pose,26,-1,0.43697473406791687,0.9721720218658447,-0.042494483292102814
12,pose,27,-1,0.5163877010345459,1.1957978010177612,0.22552219033241272
12,pose,28,-1,0.45074552297592163,1.187497615814209,0.24160759150981903
12,pose,29,-1,0.513937771320343,1.2227060794830322,0.24825118482112885
12,pose,30,-1,0.4529361426830292,1.209973931312561,0.26442521810531616
12,pose,31,-1,0.5210652947425842,1.281707525253296,0.10829980671405792
12,pose,32,-1,0.460853636264801,1.2739800214767456,0.1096140518784523
13,hand,0,0,0.39040088653564453,0.7337949275970459,-8.864637024430522e-09
13,hand,1,0,0.40694162249565125,0.7397274374961853,-0.0033287126570940018
13,hand,2,0,0.41508185863494873,0.7638797760009766,-0.003609060775488615
13,hand,3,0,0.4179792106151581,0.7885996699333191,-0.0028371813241392374
13,hand,4,0,0.421893447637558,0.8055438995361328,-0.0014706894289702177
13,hand,5,0,0.4055527150630951,0.7856014966964722,-0.003053740132600069
13,hand,6,0,0.41312262415885925,0.8113530278205872,-0.0031816677656024694
13,hand,7,0,0.41800281405448914,0.8229206204414368,-0.002873252844437957
13,hand,8,0,0.4220086336135864,0.8313518762588501,-0.0024979349691420794
13,hand,9,0,0.3972339332103729,0.7910313606262207,-0.001341434777714312
13,hand,10,0,0.4065973162651062,0.8168298006057739,-0.0010030928533524275
13,hand,11,0,0.41302767395973206,0.8284213542938232,-0.00035023310920223594
13,hand,12,0,0.4178423583507538,0.8357515931129456,7.380847819149494e-05
13,hand,13,0,0.39162805676460266,0.7922770977020264,0.0001651439961278811
13,hand,14,0,0.40052494406700134,0.8163865804672241,-3.5020791983697563e-05
13,hand,15,0,0.4065100848674774,0.8267267942428589,0.0002500861883163452
13,hand,16,0,0.4112992286682129,0.8324409127235413,0.0005482729175128043
13,hand,17,0,0.388405442237854,0.7911661267280579,0.0014177259290590882
13,hand,18,0,0.39357995986938477,0.8103505969047546,0.0012150619877502322
13,hand,19,0,0.39860624074935913,0.8194893598556519,0.0014467093860730529
13,hand,20,0,0.4032577872276306,0.8247298002243042,0.0018592455890029669
13,pose,0,-1,0.4611113667488098,0.1637616902589798,-0.3379005193710327
13,pose,1,-1,0.46858638525009155,0.1387477070093155,-0.31630420684814453
13,pose,2,-1,0.47302064299583435,0.13888365030288696,-0.31648334860801697
13,pose,3,-1,0.4773547053337097,0.13909147679805756,-0.31657254695892334
13,pose,4,-1,0.4517696797847748,0.13963283598423004,-0.31846529245376587
13,pose,5,-1,0.4456556737422943,0.13999240100383759,-0.3185078203678131
13,pose,6,-1,0.4408443868160248,0.14079894125461578,-0.31865164637565613
13,pose,7,-1,0.48413151502609253,0.15038612484931946,-0.16908928751945496
13,pose,8,-1,0.43309634923934937,0.15336544811725616,-0.17803427577018738
13,pose,9,-1,0.4713117182254791,0.19396060705184937,-0.281398206949234
13,pose,10,-1,0.4509345591068268,0.1967155486345291,-0.28416118025779724
13,pose,11,-1,0.5321072340011597,0.31176960468292236,-0.06912573426961899
13,pose,12,-1,0.39407286047935486,0.32396695017814636,-0.09600062668323517
13,pose,13,-1,0.5488975644111633,0.4995035231113434,-0.16742286086082458
13,pose,14,-1,0.38449349999427795,0.5351362228393555,-0.056777458637952805
13,pose,15,-1,0.5285057425498962,0.5080212354660034,-0.5263793468475342
13,pose,16,-1,0.39342737197875977,0.7224255800247192,-0.19211740791797638
13,pose,17,-1,0.5196890234947205,0.505291759967804,-0.6057122349739075
13,pose,18,-1,0.3958858549594879,0.7824483513832092,-0.2309451550245285
13,pose,19,-1,0.5156323313713074,0.47988083958625793,-0.6153838038444519
13,pose,20,-1,0.4079457223415375,0.780749499797821,-0.26921388506889343
13,pose,21,-1,0.5157180428504944,0.47853681445121765,-0.5377973318099976
13,pose,22,-1,0.4097980260848999,0.760797381401062,-0.20713992416858673
13,pose,23,-1,0.5048210024833679,0.6917160749435425,0.011789867654442787
13,pose,24,-1,0.42861777544021606,0.7026375532150269,-0.011481900699436665
13,pose,25,-1,0.5083246231079102,0.9638020992279053,-0.07082284241914749
13,pose,26,-1,0.4372757077217102,0.9720654487609863,-0.03536557778716087
13,pose,27,-1,0.5165054798126221,1.1980684995651245,0.23470823466777802
13,pose,28,-1,0.45067501068115234,1.1918113231658936,0.22460760176181793
13,pose,29,-1,0.5138794779777527,1.2257983684539795,0.2563488781452179
13,pose,30,-1,0.4521828293800354,1.2164287567138672,0.24418091773986816
13,pose,31,-1,0.5223435759544373,1.2830461263656616,0.11423233896493912
13,pose,32,-1,0.4615427553653717,1.278651237487793,0.08176301419734955
14,hand,0,0,0.39176076650619507,0.7339479327201843,-6.723566148281179e-09
14,hand,1,0,0.40851715207099915,0.740999698638916,-0.002925759879872203
14,hand,2,0,0.4165944755077362,0.7649458050727844,-0.0030061148572713137
14,hand,3,0,0.4193452000617981,0.788850724697113,-0.0021711818408221006
14,hand,4,0,0.42258164286613464,0.8054457902908325,-0.000806446245405823
14,hand,5,0,0.4069589674472809,0.7848109006881714,-0.002699687611311674
14,hand,6,0,0.4144699275493622,0.8106663227081299,-0.002851349301636219
14,hand,7,0,0.4188944399356842,0.8227918148040771,-0.002591595984995365
14,hand,8,0,0.4223463833332062,0.8323233127593994,-0.0023027837742120028
14,hand,9,0,0.39830562472343445,0.7903848886489868,-0.0012318468652665615
14,hand,10,0,0.40777167677879333,0.8162125945091248,-0.0009813886135816574
14,hand,11,0,0.4137730300426483,0.8281171917915344,-0.0004067834815941751
14,hand,12,0,0.41802626848220825,0.8363006114959717,-6.165575905470178e-05
14,hand,13,0,0.3923864960670471,0.7919270396232605,5.368794154492207e-05
14,hand,14,0,0.40149813890457153,0.8158683776855469,-0.0002529003832023591
14,hand,15,0,0.40737786889076233,0.8263488411903381,1.296988830290502e-05
14,hand,16,0,0.4118638336658478,0.8327033519744873,0.000316141260555014
14,hand,17,0,0.38898277282714844,0.7909834980964661,0.0011167016346007586
14,hand,18,0,0.3944647014141083,0.8103519082069397,0.0008561802096664906
14,hand,19,0,0.3995358645915985,0.8193029165267944,0.001109228003770113
14,hand,20,0,0.4040818512439728,0.8244534134864807,0.0015293977921828628
14,pose,0,-1,0.4624106287956238,0.16402685642242432,-0.3157052993774414
14,pose,1,-1,0.4700063467025757,0.13894544541835785,-0.29251864552497864
14,pose,2,-1,0.47398754954338074,0.13908974826335907,-0.29270997643470764
14,pose,3,-1,0.4786040484905243,0.13940681517124176,-0.2927625775337219
14,pose,4,-1,0.45334991812705994,0.13964588940143585,-0.296604186296463
14,pose,5,-1,0.44696295261383057,0.1400020718574524,-0.296638548374176
14,pose,6,-1,0.4422111213207245,0.14080387353897095,-0.29675015807151794
14,pose,7,-1,0.48477259278297424,0.15103109180927277,-0.1416328400373459
14,pose,8,-1,0.43362972140312195,0.15339279174804688,-0.1608227789402008
14,pose,9,-1,0.47205016016960144,0.19406931102275848,-0.25827157497406006
14,pose,10,-1,0.4517397880554199,0.19671660661697388,-0.2639163136482239
14,pose,11,-1,0.5311040282249451,0.3111787438392639,-0.04669727012515068
14,pose,12,-1,0.39424222707748413,0.3238256573677063,-0.06813045591115952
14,pose,13,-1,0.5447614789009094,0.5009868741035461,-0.15522727370262146
14,pose,14,-1,0.3844742178916931,0.5351415276527405,-0.006733057089149952
14,pose,15,-1,0.5184196829795837,0.45521771907806396,-0.4866911470890045
14,pose,16,-1,0.3945528268814087,0.7222861647605896,-0.10994508862495422
14,pose,17,-1,0.5070313811302185,0.4332050383090973,-0.5590031743049622
14,pose,18,-1,0.397015780210495,0.7821533679962158,-0.13760875165462494
14,pose,19,-1,0.5072153210639954,0.4126374125480652,-0.5600774884223938
14,pose,20,-1,0.40927839279174805,0.7805356979370117,-0.17715531587600708
14,pose,21,-1,0.5084335803985596,0.41832539439201355,-0.49413710832595825
14,pose,22,-1,0.4110482931137085,0.7606521844863892,-0.12442613393068314
14,pose,23,-1,0.5048050284385681,0.6881207823753357,0.011765176430344582
14,pose,24,-1,0.4287610650062561,0.6993803977966309,-0.011452252976596355
14,pose,25,-1,0.508436918258667,0.9634754061698914,-0.06494403630495071
14,pose,26,-1,0.43731117248535156,0.9719566106796265,-0.03796444460749626
14,pose,27,-1,0.5165529847145081,1.207862138748169,0.22065816819667816
14,pose,28,-1,0.45060309767723083,1.196717381477356,0.2265327423810959
14,pose,29,-1,0.5141019225120544,1.2373126745224,0.24201731383800507
14,pose,30,-1,0.45194390416145325,1.221257209777832,0.2485424131155014
14,pose,31,-1,0.5221080183982849,1.2902262210845947,0.10721448063850403
14,pose,32,-1,0.4617578089237213,1.2833181619644165,0.09846653044223785
15,hand,0,0,0.39216145873069763,0.7343746423721313,-1.0039592268640263e-08
15,hand,1,0,0.40904897451400757,0.7388466000556946,-0.003113633021712303
15,hand,2,0,0.41744521260261536,0.7624752521514893,-0.00303419167175889
15,hand,3,0,0.4202333688735962,0.786963701248169,-0.0019583653192967176
15,hand,4,0,0.42377978563308716,0.8034927845001221,-0.00029976636869832873
15,hand,5,0,0.40832194685935974,0.7841101288795471,-0.0022061157505959272
15,hand,6,0,0.4158604145050049,0.8097736835479736,-0.002050730399787426
15,hand,7,0,0.42008206248283386,0.8218443989753723,-0.0016362579772248864
15,hand,8,0,0.4233427047729492,0.8313313126564026,-0.0012616062304005027
15,hand,9,0,0.3997763991355896,0.7907451391220093,-0.0005276266601867974
15,hand,10,0,0.4092510938644409,0.8160192966461182,0.0001367125369142741
15,hand,11,0,0.41489583253860474,0.8276523351669312,0.0008678422309458256
15,hand,12,0,0.4188103675842285,0.8360143899917603,0.0012630686396732926
15,hand,13,0,0.39392250776290894,0.7934350371360779,0.0009047064813785255
15,hand,14,0,0.40311795473098755,0.8166990280151367,0.0008549020858481526
15,hand,15,0,0.4086727201938629,0.8265717625617981,0.0011200119042769074
15,hand,16,0,0.4127868413925171,0.8327275514602661,0.0013494010781869292
15,hand,17,0,0.3904740810394287,0.7936962842941284,0.0020738502498716116
15,hand,18,0,0.3961932957172394,0.8121024966239929,0.001977789681404829
15,hand,19,0,0.40107810497283936,0.8197922110557556,0.002231864957138896
15,hand,20,0,0.40531545877456665,0.824070394039154,0.002598015358671546
15,pose,0,-1,0.46461787819862366,0.1653841882944107,-0.2514670491218567
15,pose,1,-1,0.4719662070274353,0.13970829546451569,-0.22900152206420898
15,pose,2,-1,0.4759545922279358,0.13995976746082306,-0.2291869819164276
15,pose,3,-1,0.48098090291023254,0.14057570695877075,-0.229225292801857
15,pose,4,-1,0.45586416125297546,0.13985933363437653,-0.23430459201335907
15,pose,5,-1,0.4492206573486328,0.14012444019317627,-0.23435068130493164
15,pose,6,-1,0.4439770579338074,0.14085380733013153,-0.23443928360939026
15,pose,7,-1,0.4859902262687683,0.15270233154296875,-0.08384334295988083
15,pose,8,-1,0.4342058300971985,0.1533956378698349,-0.10999911278486252
15,pose,9,-1,0.4730638563632965,0.19512782990932465,-0.19621971249580383
15,pose,10,-1,0.45318418741226196,0.19675779342651367,-0.20397399365901947
15,pose,11,-1,0.5294193625450134,0.3103909492492676,-0.0010589963058009744
15,pose,12,-1,0.39427170157432556,0.3236813545227051,-0.028134562075138092
15,pose,13,-1,0.54208904504776,0.5012597441673279,-0.13543425500392914
15,pose,14,-1,0.384615957736969,0.5350736379623413,0.024352815002202988
15,pose,15,-1,0.5056545734405518,0.3958725333213806,-0.42963916063308716
15,pose,16,-1,0.39566272497177124,0.7222929000854492,-0.05761634558439255
15,pose,17,-1,0.4941923916339874,0.35897237062454224,-0.4970810115337372
15,pose,18,-1,0.3980158567428589,0.7820379137992859,-0.0791173055768013
15,pose,19,-1,0.4971376657485962,0.3407268822193146,-0.49190235137939453
15,pose,20,-1,0.41060933470726013,0.7804288268089294,-0.11755747348070145
15,pose,21,-1,0.49809592962265015,0.3476398289203644,-0.433706670999527
15,pose,22,-1,0.4123554229736328,0.7606196999549866,-0.07153169810771942
15,pose,23,-1,0.5048863887786865,0.6875662207603455,0.011777968145906925
15,pose,24,-1,0.4291307330131531,0.6984965205192566,-0.01146997045725584
15,pose,25,-1,0.5087066292762756,0.9615457057952881,-0.0508783794939518
15,pose,26,-1,0.43734031915664673,0.9720948338508606,-0.03798180818557739
15,pose,27,-1,0.5170832276344299,1.207846999168396,0.24157315492630005
15,pose,28,-1,0.45060601830482483,1.199112057685852,0.18879947066307068
15,pose,29,-1,0.5158570408821106,1.2361373901367188,0.2653025686740875
15,pose,30,-1,0.4517822563648224,1.2243820428848267,0.20723451673984528
15,pose,31,-1,0.521719753742218,1.2903581857681274,0.1312706172466278
15,pose,32,-1,0.4631282687187195,1.2866791486740112,0.06135163828730583
16,hand,0,0,0.3935658633708954,0.7326470613479614,1.7933515783497e-09
16,hand,1,0,0.41053006052970886,0.7395414710044861,-0.0026951145846396685
16,hand,2,0,0.418458491563797,0.7628154158592224,-0.0028552301228046417
16,hand,3,0,0.4209451675415039,0.7868612408638,-0.002107067732140422
16,hand,4,0,0.42423051595687866,0.8038443922996521,-0.0008539585396647453
16,hand,5,0,0.409188449382782,0.7829785943031311,-0.0028619139920920134
16,hand,6,0,0.41623654961586,0.8095510005950928,-0.002981673227623105
16,hand,7,0,0.42042121291160583,0.8215856552124023,-0.002646666020154953
16,hand,8,0,0.42370182275772095,0.8306663036346436,-0.002243647351861
16,hand,9,0,0.4002658724784851,0.7883585691452026,-0.0015332275070250034
16,hand,10,0,0.4092313349246979,0.8151044845581055,-0.0011633725371211767
16,hand,11,0,0.41503337025642395,0.8275473713874817,-0.0005502077983692288
16,hand,12,0,0.4192546606063843,0.8356688618659973,-0.00018301270029041916
16,hand,13,0,0.3939584791660309,0.789729654788971,-0.00032184296287596226
16,hand,14,0,0.4023892879486084,0.8146840929985046,-0.0004319459549151361
16,hand,15,0,0.4079449474811554,0.826076090335846,-0.00016599323134869337
16,hand,16,0,0.41231095790863037,0.832777202129364,0.00010147789726033807
16,hand,17,0,0.39009615778923035,0.7889187932014465,0.0007138156215660274
16,hand,18,0,0.39502525329589844,0.8085938096046448,0.0007079601637087762
16,hand,19,0,0.39969155192375183,0.8183143138885498,0.0010651730699464679
16,hand,20,0,0.403967946767807,0.8243216872215271,0.0015294227050617337
16,pose,0,-1,0.46589791774749756,0.16605046391487122,-0.1973516047000885
16,pose,1,-1,0.47302812337875366,0.1399414837360382,-0.17627573013305664
16,pose,2,-1,0.4771783649921417,0.14016476273536682,-0.17643097043037415
16,pose,3,-1,0.4824565649032593,0.14081662893295288,-0.1764460653066635
16,pose,4,-1,0.4574872851371765,0.13994449377059937,-0.1836441308259964
16,pose,5,-1,0.45093250274658203,0.14016377925872803,-0.18370063602924347
16,pose,6,-1,0.4452865719795227,0.14086763560771942,-0.18376189470291138
16,pose,7,-1,0.4870750308036804,0.15306292474269867,-0.0366753526031971
16,pose,8,-1,0.4349338114261627,0.1533360481262207,-0.07305597513914108
16,pose,9,-1,0.47392144799232483,0.1961732655763626,-0.14333878457546234
16,pose,10,-1,0.4547453820705414,0.19678422808647156,-0.15414029359817505
16,pose,11,-1,0.5278952717781067,0.30767127871513367,0.03502212092280388
16,pose,12,-1,0.3947494626045227,0.3226737380027771,-0.0012922894675284624
16,pose,13,-1,0.5382228493690491,0.4937143325805664,-0.11773630976676941
16,pose,14,-1,0.38459107279777527,0.5350939631462097,0.03648068755865097
16,pose,15,-1,0.49316826462745667,0.3251905143260956,-0.3802228569984436
16,pose,16,-1,0.3965393006801605,0.7227012515068054,-0.02919609658420086
16,pose,17,-1,0.4815969467163086,0.27597618103027344,-0.43926435708999634
16,pose,18,-1,0.3986968696117401,0.7820442318916321,-0.046532176434993744
16,pose,19,-1,0.48475855588912964,0.26328378915786743,-0.40273311734199524
16,pose,20,-1,0.41170617938041687,0.7804322242736816,-0.08381737023591995
16,pose,21,-1,0.4863527715206146,0.2760862410068512,-0.36764031648635864
16,pose,22,-1,0.41361525654792786,0.7607405781745911,-0.04207215830683708
16,pose,23,-1,0.5051121115684509,0.6882659792900085,0.012273727916181087
16,pose,24,-1,0.42998263239860535,0.6985285878181458,-0.011925147846341133
16,pose,25,-1,0.5089629888534546,0.9613807797431946,-0.04966014251112938
16,pose,26,-1,0.43733856081962585,0.9761409163475037,-0.03869088366627693
16,pose,27,-1,0.5183863043785095,1.2169545888900757,0.24435210227966309
16,pose,28,-1,0.45064812898635864,1.2052088975906372,0.18601083755493164
16,pose,29,-1,0.518695056438446,1.2453373670578003,0.26901429891586304
16,pose,30,-1,0.4513111412525177,1.231184720993042,0.20551370084285736
16,pose,31,-1,0.5217019319534302,1.2994918823242188,0.13204993307590485
16,pose,32,-1,0.46597665548324585,1.2929807901382446,0.07178305834531784
17,hand,0,0,0.484860897064209,0.29233601689338684,-2.3806293825145985e-08
17,hand,1,0,0.49079629778862,0.2689855694770813,-0.0006841994472779334
17,hand,2,0,0.48827916383743286,0.2391320765018463,-0.0026444513350725174
17,hand,3,0,0.4836755692958832,0.21366874873638153,-0.0044796764850616455
17,hand,4,0,0.4850773215293884,0.195938840508461,-0.006301098968833685
17,hand,5,0,0.48156747221946716,0.23571640253067017,-0.007984554395079613
17,hand,6,0,0.4704771935939789,0.20444326102733612,-0.011654471978545189
17,hand,7,0,0.4669307470321655,0.1972561478614807,-0.01289285346865654
17,hand,8,0,0.4653984010219574,0.19653959572315216,-0.013361004181206226
17,hand,9,0,0.4725024700164795,0.24521270394325256,-0.008988439105451107
17,hand,10,0,0.46292853355407715,0.21317926049232483,-0.011982104741036892
17,hand,11,0,0.4644171893596649,0.21527603268623352,-0.011632251553237438
17,hand,12,0,0.4668106734752655,0.22384080290794373,-0.011296330019831657
17,hand,13,0,0.4648125171661377,0.2554128170013428,-0.009579501114785671
17,hand,14,0,0.45767727494239807,0.22862261533737183,-0.0112458486109972
17,hand,15,0,0.460673451423645,0.23326854407787323,-0.00857399869710207
17,hand,16,0,0.4638357162475586,0.24260112643241882,-0.006908177863806486
17,hand,17,0,0.4582847058773041,0.26506274938583374,-0.010159417986869812
17,hand,18,0,0.4538276791572571,0.2446495145559311,-0.010769438929855824
17,hand,19,0,0.45698216557502747,0.24754421412944794,-0.008478295058012009
17,hand,20,0,0.45970579981803894,0.25449445843696594,-0.006843635346740484
17,hand,0,1,0.39361125230789185,0.7317876219749451,-3.6730740671231388e-09
17,hand,1,1,0.410623699426651,0.7389748692512512,-0.0026124725118279457
17,hand,2,1,0.41861414909362793,0.762216329574585,-0.002878128318116069
17,hand,3,1,0.4211404025554657,0.7865685820579529,-0.0022465207148343325
17,hand,4,1,0.42432308197021484,0.8039571046829224,-0.0011099178809672594
17,hand,5,1,0.4094776511192322,0.7804747223854065,-0.0033866537269204855
17,hand,6,1,0.4164496958255768,0.8078189492225647,-0.0037251836620271206
17,hand,7,1,0.4206298291683197,0.8202946186065674,-0.003361132461577654
17,hand,8,1,0.424000084400177,0.8294852375984192,-0.00288623315282166
17,hand,9,1,0.40061071515083313,0.7866954803466797,-0.002098766155540943
17,hand,10,1,0.4095681607723236,0.814074695110321,-0.0018066040938720107
17,hand,11,1,0.41536837816238403,0.8265406489372253,-0.0010437755845487118
17,hand,12,1,0.4195654094219208,0.8344581127166748,-0.0005735621671192348
17,hand,13,1,0.39438024163246155,0.7890499234199524,-0.0008974393713288009
17,hand,14,1,0.4029439687728882,0.8141317963600159,-0.0009059900185093284
17,hand,15,1,0.4085054397583008,0.8253217935562134,-0.0004835638392250985
17,hand,16,1,0.4128909409046173,0.8317574262619019,-0.00017534877406433225
17,hand,17,1,0.3907049000263214,0.7891052961349487,0.00011393109889468178
17,hand,18,1,0.39550045132637024,0.808315634727478,0.00019923620857298374
17,hand,19,1,0.4000932276248932,0.8178243041038513,0.0005503644933924079
17,hand,20,1,0.4044189453125,0.8237199187278748,0.0009675073670223355
17,pose,0,-1,0.4664176404476166,0.16616860032081604,-0.20751075446605682
17,pose,1,-1,0.47341659665107727,0.14004097878932953,-0.18563111126422882
17,pose,2,-1,0.4776141345500946,0.14021500945091248,-0.1858012080192566
17,pose,3,-1,0.48295581340789795,0.14084915816783905,-0.18581333756446838
17,pose,4,-1,0.4579283893108368,0.1400335431098938,-0.19085274636745453
17,pose,5,-1,0.45140984654426575,0.1402263194322586,-0.1909184604883194
17,pose,6,-1,0.44567543268203735,0.1409093290567398,-0.1909898817539215
17,pose,7,-1,0.48755019903182983,0.15317495167255402,-0.04560146480798721
17,pose,8,-1,0.4353834092617035,0.1535160392522812,-0.07300630211830139
17,pose,9,-1,0.47454574704170227,0.19610656797885895,-0.1538718193769455
17,pose,10,-1,0.4555828273296356,0.1965622454881668,-0.16202665865421295
17,pose,11,-1,0.5279931426048279,0.307026743888855,0.02316620759665966
17,pose,12,-1,0.3954307436943054,0.32230478525161743,0.0006607683026231825
17,pose,13,-1,0.5376269221305847,0.48961180448532104,-0.12003891915082932
17,pose,14,-1,0.3845621943473816,0.53509521484375,0.033822737634181976
17,pose,15,-1,0.49080055952072144,0.31168174743652344,-0.3754357397556305
17,pose,16,-1,0.39695125818252563,0.7227489948272705,-0.04376165196299553
17,pose,17,-1,0.4773130714893341,0.2630946636199951,-0.4361421763896942
17,pose,18,-1,0.39905232191085815,0.7818859815597534,-0.0626242533326149
17,pose,19,-1,0.48038068413734436,0.24999089539051056,-0.4100681245326996
17,pose,20,-1,0.41221633553504944,0.7802575826644897,-0.09779432415962219
17,pose,21,-1,0.4824165105819702,0.262268990278244,-0.36850103735923767
17,pose,22,-1,0.4142362177371979,0.7607309222221375,-0.056029628962278366
17,pose,23,-1,0.5053985118865967,0.6904513835906982,0.010290662758052349
17,pose,24,-1,0.4302734434604645,0.6985611319541931,-0.009917235001921654
17,pose,25,-1,0.5091149806976318,0.9613860845565796,-0.048413727432489395
17,pose,26,-1,0.43733686208724976,0.9774320125579834,-0.03415091708302498
17,pose,27,-1,0.5181947350502014,1.2243140935897827,0.2389126718044281
17,pose,28,-1,0.45233088731765747,1.207236886024475,0.19824644923210144
17,pose,29,-1,0.518673837184906,1.2536661624908447,0.2631073296070099
17,pose,30,-1,0.45268338918685913,1.2327607870101929,0.21878671646118164
17,pose,31,-1,0.5184172987937927,1.3063838481903076,0.14167506992816925
17,pose,32,-1,0.46674981713294983,1.294385313987732,0.09078307449817657
18,hand,0,0,0.48504340648651123,0.28637582063674927,-2.8185294098648228e-08
18,hand,1,0,0.48613497614860535,0.25852230191230774,0.0016604573465883732
18,hand,2,0,0.4815517067909241,0.23347632586956024,0.000707391882315278
18,hand,3,0,0.4754795432090759,0.21782046556472778,-0.0009566509979777038
18,hand,4,0,0.4697903096675873,0.21132996678352356,-0.0025128312408924103
18,hand,5,0,0.4754382371902466,0.21502012014389038,-0.0006393119692802429
18,hand,6,0,0.4633104205131531,0.20385150611400604,-0.0040181707590818405
18,hand,7,0,0.4647845923900604,0.21161267161369324,-0.006700821686536074
18,hand,8,0,0.4692351818084717,0.21865591406822205,-0.007933628745377064
18,hand,9,0,0.46846914291381836,0.22664350271224976,-0.002923088613897562
18,hand,10,0,0.45759323239326477,0.21464484930038452,-0.005194874946027994
18,hand,11,0,0.4598415493965149,0.22238925099372864,-0.0059988852590322495
18,hand,12,0,0.46451371908187866,0.2306116372346878,-0.006169189233332872
18,hand,13,0,0.46217718720436096,0.24017047882080078,-0.005038593430072069
18,hand,14,0,0.4543113708496094,0.23133304715156555,-0.006003195885568857
18,hand,15,0,0.45692166686058044,0.2375551015138626,-0.004164400044828653
18,hand,16,0,0.46129730343818665,0.24444937705993652,-0.0027833664789795876
18,hand,17,0,0.45709604024887085,0.2539617419242859,-0.0071310484781861305
18,hand,18,0,0.4524107575416565,0.24610012769699097,-0.0068375892005860806
18,hand,19,0,0.45512649416923523,0.2514924705028534,-0.0041891178116202354
18,hand,20,0,0.45836806297302246,0.25697585940361023,-0.0018634410807862878
18,hand,0,1,0.39423537254333496,0.7308463454246521,-4.146121668213709e-09
18,hand,1,1,0.4110027253627777,0.7382482290267944,-0.002296319929882884
18,hand,2,1,0.4190342128276825,0.761339545249939,-0.0026159549597650766
18,hand,3,1,0.42162367701530457,0.7852488160133362,-0.002133968286216259
18,hand,4,1,0.4249584376811981,0.8020434379577637,-0.001198924146592617
18,hand,5,1,0.4100985825061798,0.7790094614028931,-0.003677651286125183
18,hand,6,1,0.4167790412902832,0.8064940571784973,-0.004495465196669102
18,hand,7,1,0.42103031277656555,0.8193511962890625,-0.004399700555950403
18,hand,8,1,0.42454794049263,0.8285247087478638,-0.004053081385791302
18,hand,9,1,0.4010445773601532,0.7851314544677734,-0.002776856068521738
18,hand,10,1,0.40977439284324646,0.8128964304924011,-0.0029288213700056076
18,hand,11,1,0.4156883955001831,0.8256096243858337,-0.002312898403033614
18,hand,12,1,0.4201072156429291,0.8336843252182007,-0.001887436956167221
18,hand,13,1,0.3945373296737671,0.7873916029930115,-0.0019292265642434359
18,hand,14,1,0.4029829204082489,0.8130483031272888,-0.0022673446219414473
18,hand,15,1,0.4086620509624481,0.8245816230773926,-0.0018188869580626488
18,hand,16,1,0.41323962807655334,0.8311741352081299,-0.0014179329155012965
18,hand,17,1,0.3905462622642517,0.7870432734489441,-0.0012389918556436896
18,hand,18,1,0.3955375850200653,0.8070571422576904,-0.0013601045357063413
18,hand,19,1,0.40032607316970825,0.816973865032196,-0.0009438980487175286
18,hand,20,1,0.4048745930194855,0.8229250907897949,-0.00042423902777954936
18,pose,0,-1,0.46772482991218567,0.1661965399980545,-0.20002613961696625
18,pose,1,-1,0.4743034243583679,0.14004501700401306,-0.1771882325410843
18,pose,2,-1,0.47874560952186584,0.1402139663696289,-0.17735187709331512
18,pose,3,-1,0.48398250341415405,0.1408480703830719,-0.17734915018081665
18,pose,4,-1,0.4589163362979889,0.14003288745880127,-0.18384374678134918
18,pose,5,-1,0.4524443447589874,0.1401916891336441,-0.1839078962802887
18,pose,6,-1,0.446311891078949,0.14082375168800354,-0.18396791815757751
18,pose,7,-1,0.48789918422698975,0.1531795710325241,-0.034602176398038864
18,pose,8,-1,0.4356541931629181,0.15345489978790283,-0.0680844709277153
18,pose,9,-1,0.47520214319229126,0.19599370658397675,-0.14562293887138367
18,pose,10,-1,0.4567217230796814,0.19605585932731628,-0.15550380945205688
18,pose,11,-1,0.5275925397872925,0.30431413650512695,0.03195374086499214
18,pose,12,-1,0.3955654501914978,0.3222499489784241,0.002113113645464182
18,pose,13,-1,0.5379975438117981,0.4828394055366516,-0.11966833472251892
18,pose,14,-1,0.38458535075187683,0.535092830657959,0.034112319350242615
18,pose,15,-1,0.4910348355770111,0.3107387125492096,-0.3792315423488617
18,pose,16,-1,0.3975985646247864,0.7226662635803223,-0.03659500181674957
18,pose,17,-1,0.47690635919570923,0.265006422996521,-0.4422220289707184
18,pose,18,-1,0.3996697664260864,0.7816222906112671,-0.05498766526579857
18,pose,19,-1,0.4794880151748657,0.25130021572113037,-0.41540271043777466
18,pose,20,-1,0.41288983821868896,0.7799995541572571,-0.091814786195755
18,pose,21,-1,0.48220667243003845,0.2640828788280487,-0.37490198016166687
18,pose,22,-1,0.4149317443370819,0.7605794072151184,-0.04942291975021362
18,pose,23,-1,0.505691647529602,0.6907310485839844,0.010371933691203594
18,pose,24,-1,0.4305058717727661,0.6984735727310181,-0.009999645873904228
18,pose,25,-1,0.5092565417289734,0.9613873362541199,-0.045378677546978
18,pose,26,-1,0.4373500645160675,0.9773057699203491,-0.033332206308841705
18,pose,27,-1,0.5174902081489563,1.2214215993881226,0.24363872408866882
18,pose,28,-1,0.4530385434627533,1.2066131830215454,0.19349177181720734
18,pose,29,-1,0.5183218121528625,1.2505621910095215,0.2680892050266266
18,pose,30,-1,0.45311376452445984,1.2325208187103271,0.21284957230091095
18,pose,31,-1,0.5174848437309265,1.3037019968032837,0.1489662379026413
18,pose,32,-1,0.46728944778442383,1.2939047813415527,0.08249475061893463
19,hand,0,0,0.48342061042785645,0.27352604269981384,-2.3298927231962807e-08
19,hand,1,0,0.4845125377178192,0.24184785783290863,0.0008009937591850758
19,hand,2,0,0.4830528199672699,0.20770485699176788,-0.00112620135769248
19,hand,3,0,0.4850183129310608,0.18263527750968933,-0.003645623568445444
19,hand,4,0,0.4871198236942291,0.16504228115081787,-0.006431454326957464
19,hand,5,0,0.47289159893989563,0.20233163237571716,-0.003549911780282855
19,hand,6,0,0.4576406180858612,0.19871920347213745,-0.006805731449276209
19,hand,7,0,0.4607575535774231,0.2073163092136383,-0.009320547804236412
19,hand,8,0,0.4666002690792084,0.21206802129745483,-0.010560093447566032
19,hand,9,0,0.46624839305877686,0.2166832536458969,-0.005487577524036169
19,hand,10,0,0.4538252353668213,0.2113705277442932,-0.007225003559142351
19,hand,11,0,0.4576701521873474,0.21930010616779327,-0.007738318759948015
19,hand,12,0,0.46385860443115234,0.22576148808002472,-0.00819589477032423
19,hand,13,0,0.4605785012245178,0.2320791482925415,-0.007200535386800766
19,hand,14,0,0.45220524072647095,0.22680334746837616,-0.007248981855809689
19,hand,15,0,0.45530998706817627,0.2332635521888733,-0.005304303020238876
19,hand,16,0,0.4604422152042389,0.23901863396167755,-0.004417605232447386
19,hand,17,0,0.45585912466049194,0.24646806716918945,-0.008979533798992634
19,hand,18,0,0.4507889747619629,0.24087712168693542,-0.007874986156821251
19,hand,19,0,0.4538716971874237,0.2473653107881546,-0.005285692401230335
19,hand,20,0,0.457777738571167,0.2517745792865753,-0.0033943955786526203
19,hand,0,1,0.39432427287101746,0.7311583161354065,-7.291640180540071e-09
19,hand,1,1,0.410860538482666,0.738679826259613,-0.0025274832732975483
19,hand,2,1,0.4188138544559479,0.7618296146392822,-0.0027897339314222336
19,hand,3,1,0.4215536117553711,0.7851645946502686,-0.002242131857201457
19,hand,4,1,0.4251690208911896,0.8020634651184082,-0.0011824342655017972
19,hand,5,1,0.4099399447441101,0.7811894416809082,-0.0027691181749105453
19,hand,6,1,0.4167777895927429,0.8076300024986267,-0.0032621712889522314
19,hand,7,1,0.4212827682495117,0.8197840452194214,-0.0031788693740963936
19,hand,8,1,0.4250345230102539,0.8284764885902405,-0.0028810128569602966
19,hand,9,1,0.4009910821914673,0.7868390679359436,-0.0016718707047402859
19,hand,10,1,0.4097798764705658,0.8129005432128906,-0.001438530278392136
19,hand,11,1,0.41592881083488464,0.8249081373214722,-0.0009052125969901681
19,hand,12,1,0.42058154940605164,0.8324682712554932,-0.0005939575494267046
19,hand,13,1,0.3947373628616333,0.7885963916778564,-0.0007197906961664557
19,hand,14,1,0.40314656496047974,0.8131737112998962,-0.0009048813371919096
19,hand,15,1,0.4089193046092987,0.8239750862121582,-0.0005363851087167859
19,hand,16,1,0.4136054813861847,0.8302574157714844,-0.00019377296848688275
19,hand,17,1,0.3911019563674927,0.7880592942237854,4.190954132354818e-05
19,hand,18,1,0.3963460922241211,0.8079367876052856,-1.5581243133055978e-05
19,hand,19,1,0.40131428837776184,0.8172337412834167,0.0004533255414571613
19,hand,20,1,0.40595170855522156,0.8225724697113037,0.0010227179154753685
19,pose,0,-1,0.46802082657814026,0.16610006988048553,-0.18059232831001282
19,pose,1,-1,0.4746173024177551,0.13997778296470642,-0.15764957666397095
19,pose,2,-1,0.4791773557662964,0.14012475311756134,-0.1578047126531601
19,pose,3,-1,0.48442143201828003,0.1407831609249115,-0.15779605507850647
19,pose,4,-1,0.4592563807964325,0.13988934457302094,-0.16466239094734192
19,pose,5,-1,0.4528733193874359,0.13998740911483765,-0.16472306847572327
19,pose,6,-1,0.44660499691963196,0.14058305323123932,-0.16477568447589874
19,pose,7,-1,0.48831799626350403,0.15320029854774475,-0.01568533293902874
19,pose,8,-1,0.4360087215900421,0.15337733924388885,-0.05046691372990608
19,pose,9,-1,0.4753638803958893,0.19563984870910645,-0.12641537189483643
19,pose,10,-1,0.4570801556110382,0.19538751244544983,-0.13666294515132904
19,pose,11,-1,0.5273765325546265,0.3023918569087982,0.04981236532330513
19,pose,12,-1,0.39565399289131165,0.32210224866867065,0.012960699386894703
19,pose,13,-1,0.5381190776824951,0.4753035306930542,-0.1074671670794487
19,pose,14,-1,0.3844741880893707,0.5348793864250183,0.04148050770163536
19,pose,15,-1,0.49079370498657227,0.30783748626708984,-0.3644461929798126
19,pose,16,-1,0.3977590799331665,0.721961259841919,-0.02481618896126747
19,pose,17,-1,0.47678372263908386,0.2660459578037262,-0.4274839162826538
19,pose,18,-1,0.400032103061676,0.7810456156730652,-0.04331550374627113
19,pose,19,-1,0.47886085510253906,0.2532290816307068,-0.3999573886394501
19,pose,20,-1,0.4132521450519562,0.7794433832168579,-0.07964344322681427
19,pose,21,-1,0.4818722903728485,0.26543259620666504,-0.3591170608997345
19,pose,22,-1,0.41515594720840454,0.7599695920944214,-0.0374889113008976
19,pose,23,-1,0.5058010816574097,0.6910203695297241,0.011190714314579964
19,pose,24,-1,0.43057382106781006,0.6984410881996155,-0.01077283825725317
19,pose,25,-1,0.5092649459838867,0.9613816738128662,-0.04378729313611984
19,pose,26,-1,0.4373529851436615,0.9781231880187988,-0.038914378732442856
19,pose,27,-1,0.5173588991165161,1.222568154335022,0.24284526705741882
19,pose,28,-1,0.4529692530632019,1.2091504335403442,0.1863894909620285
19,pose,29,-1,0.5182992219924927,1.2517485618591309,0.2669803202152252
19,pose,30,-1,0.453031986951828,1.2353293895721436,0.20595905184745789
19,pose,31,-1,0.5174144506454468,1.304851770401001,0.15127892792224884
19,pose,32,-1,0.4675637483596802,1.2964733839035034,0.07663466781377792
20,hand,0,0,0.48038551211357117,0.2651033103466034,-1.5066051517464984e-08
20,hand,1,0,0.4823746085166931,0.2364911139011383,-0.0003516637661959976
20,hand,2,0,0.48219624161720276,0.20532852411270142,-0.0023286878131330013
20,hand,3,0,0.4842207133769989,0.18137183785438538,-0.004760106094181538
20,hand,4,0,0.4863349199295044,0.16509902477264404,-0.007284265942871571
20,hand,5,0,0.4695295989513397,0.2012520581483841,-0.0035662436857819557
20,hand,6,0,0.4599666893482208,0.18990571796894073,-0.007735905237495899
20,hand,7,0,0.4621121287345886,0.19827023148536682,-0.010793589055538177
20,hand,8,0,0.46706247329711914,0.2066354602575302,-0.012240591458976269
20,hand,9,0,0.4622962474822998,0.21369750797748566,-0.005083886440843344
20,hand,10,0,0.45363518595695496,0.203388974070549,-0.007840070873498917
20,hand,11,0,0.4570699632167816,0.21175363659858704,-0.008887343108654022
20,hand,12,0,0.462634801864624,0.21950550377368927,-0.009412473998963833
20,hand,13,0,0.45673608779907227,0.22719042003154755,-0.006619271356612444
20,hand,14,0,0.45127877593040466,0.2203025072813034,-0.008139646612107754
20,hand,15,0,0.45457983016967773,0.2267022281885147,-0.006470516789704561
20,hand,16,0,0.4593103229999542,0.23276935517787933,-0.0052968040108680725
20,hand,17,0,0.4527376890182495,0.24028991162776947,-0.008263637311756611
20,hand,18,0,0.44907936453819275,0.2335122525691986,-0.008208194747567177
20,hand,19,0,0.4523698687553406,0.23943141102790833,-0.005605884362012148
20,hand,20,0,0.45594415068626404,0.24403339624404907,-0.003501140046864748
20,hand,0,1,0.39370763301849365,0.7314515113830566,-3.3403662058617556e-09
20,hand,1,1,0.41057780385017395,0.738459050655365,-0.0025852725375443697
20,hand,2,1,0.41846343874931335,0.7615873217582703,-0.002769560320302844
20,hand,3,1,0.42105546593666077,0.785096287727356,-0.002128344727680087
20,hand,4,1,0.4248024821281433,0.8020700216293335,-0.000936416385229677
20,hand,5,1,0.40992510318756104,0.781899631023407,-0.0024841984268277884
20,hand,6,1,0.41663360595703125,0.8082267642021179,-0.0027416474185884
20,hand,7,1,0.42102566361427307,0.8201647400856018,-0.0025363273452967405
20,hand,8,1,0.4245956242084503,0.8289909362792969,-0.002180660841986537
20,hand,9,1,0.40105366706848145,0.7872427701950073,-0.0012752286856994033
20,hand,10,1,0.40951818227767944,0.8138861656188965,-0.0008724266663193703
20,hand,11,1,0.4155794680118561,0.8255817890167236,-0.00014585534518118948
20,hand,12,1,0.41998887062072754,0.8329227566719055,0.0003255878109484911
20,hand,13,1,0.3947606682777405,0.788535475730896,-0.00023160289856605232
20,hand,14,1,0.402792751789093,0.8136386275291443,-0.000251495570410043
20,hand,15,1,0.408507764339447,0.8240248560905457,0.00030030851485207677
20,hand,16,1,0.41293713450431824,0.829818606376648,0.0007895119488239288
20,hand,17,1,0.3908943235874176,0.7876665592193604,0.0005987327895127237
20,hand,18,1,0.39571109414100647,0.8078643083572388,0.0007210964104160666
20,hand,19,1,0.4006914794445038,0.8170605897903442,0.0013281982392072678
20,hand,20,1,0.40522992610931396,0.822120726108551,0.001996744191274047
20,pose,0,-1,0.4679015874862671,0.16823698580265045,-0.1770486682653427
20,pose,1,-1,0.47455236315727234,0.14288289844989777,-0.15391969680786133
20,pose,2,-1,0.4790704548358917,0.14301536977291107,-0.15408018231391907
20,pose,3,-1,0.48429253697395325,0.14355294406414032,-0.15406185388565063
20,pose,4,-1,0.4591865837574005,0.14186717569828033,-0.15959151089191437
20,pose,5,-1,0.45278656482696533,0.1412915736436844,-0.1596560776233673
20,pose,6,-1,0.4465023875236511,0.1414121836423874,-0.15972068905830383
20,pose,7,-1,0.48831579089164734,0.15606389939785004,-0.01346016488969326
20,pose,8,-1,0.43615397810935974,0.15453994274139404,-0.042631782591342926
20,pose,9,-1,0.475363552570343,0.19648012518882751,-0.12373009324073792
20,pose,10,-1,0.45710647106170654,0.19597500562667847,-0.1324012726545334
20,pose,11,-1,0.5273459553718567,0.3024054765701294,0.04687639698386192
20,pose,12,-1,0.39571091532707214,0.32225897908210754,0.020701086148619652
20,pose,13,-1,0.5379859209060669,0.46914955973625183,-0.10831203311681747
20,pose,14,-1,0.3843604624271393,0.5349178910255432,0.04897238314151764
20,pose,15,-1,0.48848283290863037,0.29165664315223694,-0.36438313126564026
20,pose,16,-1,0.39779648184776306,0.7219201922416687,-0.016878625378012657
20,pose,17,-1,0.47435417771339417,0.24892248213291168,-0.42746251821517944
20,pose,18,-1,0.4000682830810547,0.7809446454048157,-0.03471534326672554
20,pose,19,-1,0.47660669684410095,0.23731262981891632,-0.4021909534931183
20,pose,20,-1,0.4132322669029236,0.7792003750801086,-0.07120668888092041
20,pose,21,-1,0.4793854057788849,0.24904276430606842,-0.35951268672943115
20,pose,22,-1,0.41513389348983765,0.7597646713256836,-0.02955806441605091
20,pose,23,-1,0.5058415532112122,0.6914567351341248,0.011145610362291336
20,pose,24,-1,0.43056774139404297,0.6984224319458008,-0.010722452774643898
20,pose,25,-1,0.5094084143638611,0.9615182280540466,-0.04317358508706093
20,pose,26,-1,0.43724218010902405,0.9786598682403564,-0.044807229191064835
20,pose,27,-1,0.5180299878120422,1.224869966506958,0.24002061784267426
20,pose,28,-1,0.45291921496391296,1.208140254020691,0.189603790640831
20,pose,29,-1,0.5195052027702332,1.2541589736938477,0.2640034854412079
20,pose,30,-1,0.45278996229171753,1.2336399555206299,0.21069474518299103
20,pose,31,-1,0.5174489617347717,1.3071743249893188,0.15303853154182434
20,pose,32,-1,0.4673955738544464,1.295019507408142,0.08606509864330292
21,hand,0,0,0.4813915193080902,0.26165860891342163,3.679553017832404e-08
21,hand,1,0,0.48402923345565796,0.23717297613620758,0.0003487335634417832
21,hand,2,0,0.4801885783672333,0.21125231683254242,-0.00036606311914511025
21,hand,3,0,0.4755443036556244,0.19433888792991638,-0.0011769444681704044
21,hand,4,0,0.4723340570926666,0.18464356660842896,-0.0021607077214866877
21,hand,5,0,0.4739229679107666,0.20456428825855255,-0.0032450424041599035
21,hand,6,0,0.46543434262275696,0.1851906031370163,-0.005667032208293676
21,hand,7,0,0.46099767088890076,0.1753343790769577,-0.006758108269423246
21,hand,8,0,0.45850518345832825,0.16865260899066925,-0.007243565749377012
21,hand,9,0,0.4662354588508606,0.21332086622714996,-0.004682593513280153
21,hand,10,0,0.4557661712169647,0.191888228058815,-0.007477296516299248
21,hand,11,0,0.4575643241405487,0.1949971616268158,-0.007547295186668634
21,hand,12,0,0.4612177908420563,0.20217344164848328,-0.006747915409505367
21,hand,13,0,0.4594598710536957,0.2240830510854721,-0.005759120918810368
21,hand,14,0,0.4527546763420105,0.20831775665283203,-0.007607066072523594
21,hand,15,0,0.45526501536369324,0.2131815403699875,-0.00542184105142951
21,hand,16,0,0.45846229791641235,0.22009006142616272,-0.0033794783521443605
21,hand,17,0,0.45391643047332764,0.2353518009185791,-0.006774497218430042
21,hand,18,0,0.45031070709228516,0.22219501435756683,-0.007205301430076361
21,hand,19,0,0.4532011151313782,0.2261250764131546,-0.004693299997597933
21,hand,20,0,0.45580074191093445,0.23187442123889923,-0.002423918806016445
21,hand,0,1,0.393280029296875,0.730026125907898,-3.939574000355606e-09
21,hand,1,1,0.41018086671829224,0.7367734313011169,-0.0024204568471759558
21,hand,2,1,0.4184114336967468,0.760010302066803,-0.0027741268277168274
21,hand,3,1,0.42109426856040955,0.7840967178344727,-0.00230228528380394
21,hand,4,1,0.4246881306171417,0.8014790415763855,-0.0013428095262497663
21,hand,5,1,0.40993422269821167,0.7790974378585815,-0.0036629142705351114
21,hand,6,1,0.41643375158309937,0.8069642782211304,-0.004251834936439991
21,hand,7,1,0.42072927951812744,0.8194717764854431,-0.004099800251424313
21,hand,8,1,0.4242250621318817,0.8285329937934875,-0.0037401914596557617
21,hand,9,1,0.40082791447639465,0.7848036885261536,-0.0026284856721758842
21,hand,10,1,0.409170538187027,0.8128884434700012,-0.002294704783707857
21,hand,11,1,0.41524216532707214,0.8245797157287598,-0.001393278012983501
21,hand,12,1,0.4196193516254425,0.8316051959991455,-0.0008584214374423027
21,hand,13,1,0.39422932267189026,0.7865971922874451,-0.0016459760954603553
21,hand,14,1,0.40213263034820557,0.8130679130554199,-0.001582368859089911
21,hand,15,1,0.4080285429954529,0.8233936429023743,-0.0007398601737804711
21,hand,16,1,0.4125378727912903,0.8285278677940369,-0.00013554927136283368
21,hand,17,1,0.3901422619819641,0.7862747311592102,-0.0008586670155636966
21,hand,18,1,0.39509642124176025,0.8072394728660583,-0.0007568851578980684
21,hand,19,1,0.4002457857131958,0.8164404034614563,-3.0986397177912295e-05
21,hand,20,1,0.4048762023448944,0.8211275339126587,0.0007071361760608852
21,pose,0,-1,0.4674418866634369,0.16835682094097137,-0.17417272925376892
21,pose,1,-1,0.4744962155818939,0.14337491989135742,-0.15153765678405762
21,pose,2,-1,0.47871339321136475,0.14352954924106598,-0.15169435739517212
21,pose,3,-1,0.4839109182357788,0.14404533803462982,-0.15166020393371582
21,pose,4,-1,0.4591124951839447,0.14217551052570343,-0.1553955376148224
21,pose,5,-1,0.45254361629486084,0.1415104866027832,-0.1554686576128006
21,pose,6,-1,0.44643229246139526,0.1415259838104248,-0.15554293990135193
21,pose,7,-1,0.4883011281490326,0.15705141425132751,-0.014014724642038345
21,pose,8,-1,0.43634214997291565,0.15576504170894623,-0.03500621020793915
21,pose,9,-1,0.4752611517906189,0.19638560712337494,-0.12215209752321243
21,pose,10,-1,0.45704758167266846,0.1958872377872467,-0.1284756362438202
21,pose,11,-1,0.5274684429168701,0.3025026023387909,0.0433829091489315
21,pose,12,-1,0.3958795964717865,0.32250359654426575,0.02782970853149891
21,pose,13,-1,0.5369837880134583,0.46418800950050354,-0.11463674902915955
21,pose,14,-1,0.38402488827705383,0.5347282886505127,0.052794575691223145
21,pose,15,-1,0.4871765375137329,0.2790517210960388,-0.3668602406978607
21,pose,16,-1,0.3977677524089813,0.7210953831672668,-0.01503891870379448
21,pose,17,-1,0.47283416986465454,0.23744715750217438,-0.42998093366622925
21,pose,18,-1,0.4000387489795685,0.7802378535270691,-0.0333566851913929
21,pose,19,-1,0.47549402713775635,0.22603662312030792,-0.4064514935016632
21,pose,20,-1,0.41318047046661377,0.7783641815185547,-0.06830771267414093
21,pose,21,-1,0.47844645380973816,0.23739564418792725,-0.36089980602264404
21,pose,22,-1,0.41508638858795166,0.7590398192405701,-0.027386194095015526
21,pose,23,-1,0.5058808326721191,0.6914694309234619,0.010980445891618729
21,pose,24,-1,0.43055155873298645,0.6979146003723145,-0.010548529215157032
21,pose,25,-1,0.5096971392631531,0.9615244269371033,-0.04330892488360405
21,pose,26,-1,0.4372391700744629,0.9786825776100159,-0.04123752936720848
21,pose,27,-1,0.5183647274971008,1.2263513803482056,0.24031193554401398
21,pose,28,-1,0.4530055820941925,1.2112114429473877,0.18539579212665558
21,pose,29,-1,0.5200304388999939,1.2554057836532593,0.2644129693508148
21,pose,30,-1,0.45275288820266724,1.2375961542129517,0.2043277770280838
21,pose,31,-1,0.5174463391304016,1.3091293573379517,0.15298709273338318
21,pose,32,-1,0.4686882793903351,1.2982571125030518,0.07139726728200912
22,hand,0,0,0.484957754611969,0.2590824067592621,-2.72801816691981e-08
22,hand,1,0,0.4880775511264801,0.2345075011253357,0.0013327450724318624
22,hand,2,0,0.4837580919265747,0.2127482146024704,0.0010357314022257924
22,hand,3,0,0.4767743945121765,0.19897082448005676,0.00024460296845063567
22,hand,4,0,0.47100722789764404,0.19469676911830902,-0.0005716975429095328
22,hand,5,0,0.4764311909675598,0.19897514581680298,-0.001476643024943769
22,hand,6,0,0.46705949306488037,0.18141761422157288,-0.004099614452570677
22,hand,7,0,0.46625274419784546,0.18409377336502075,-0.005734393838793039
22,hand,8,0,0.46800458431243896,0.18989448249340057,-0.006351029966026545
22,hand,9,0,0.4695985019207001,0.20838509500026703,-0.003284877398982644
22,hand,10,0,0.45961707830429077,0.1917477399110794,-0.004923860542476177
22,hand,11,0,0.46110695600509644,0.19628337025642395,-0.005158696323633194
22,hand,12,0,0.46474820375442505,0.20399785041809082,-0.004941514693200588
22,hand,13,0,0.46375420689582825,0.2199733704328537,-0.004854705184698105
22,hand,14,0,0.45778414607048035,0.2085198163986206,-0.005545916501432657
22,hand,15,0,0.4601767063140869,0.21311748027801514,-0.0040345266461372375
22,hand,16,0,0.46335938572883606,0.21958288550376892,-0.002989239292219281
22,hand,17,0,0.4591849148273468,0.23212958872318268,-0.006332851015031338
22,hand,18,0,0.4560285210609436,0.2235695719718933,-0.006132602691650391
22,hand,19,0,0.4587193429470062,0.22804246842861176,-0.00386397005058825
22,hand,20,0,0.4612264931201935,0.23342427611351013,-0.0019809461664408445
22,hand,0,1,0.3941257894039154,0.7263161540031433,4.507257678199039e-09
22,hand,1,1,0.4111226797103882,0.7347811460494995,-0.0017106093000620604
22,hand,2,1,0.41885247826576233,0.7584721446037292,-0.001939114648848772
22,hand,3,1,0.42117616534233093,0.7825121879577637,-0.0014529494801536202
22,hand,4,1,0.42445605993270874,0.7996580004692078,-0.0005361418589018285
22,hand,5,1,0.41110149025917053,0.7754261493682861,-0.0036766647826880217
22,hand,6,1,0.41692498326301575,0.8043278455734253,-0.004314999561756849
22,hand,7,1,0.42083993554115295,0.8175253868103027,-0.003913669381290674
22,hand,8,1,0.42401358485221863,0.8266482353210449,-0.0032990132458508015
22,hand,9,1,0.40154555439949036,0.7801890969276428,-0.0031047139782458544
22,hand,10,1,0.40932270884513855,0.8093205690383911,-0.0030320114456117153
22,hand,11,1,0.4148811399936676,0.8221556544303894,-0.0020701875910162926
22,hand,12,1,0.4187946915626526,0.8301061391830444,-0.0013629887253046036
22,hand,13,1,0.3942583501338959,0.7814466953277588,-0.0024838850367814302
22,hand,14,1,0.40174275636672974,0.8084303736686707,-0.002524093259125948
22,hand,15,1,0.40730616450309753,0.8205419182777405,-0.001613261760212481
22,hand,16,1,0.41152530908584595,0.8278577923774719,-0.0009149647667072713
22,hand,17,1,0.3892499804496765,0.780609667301178,-0.0019633157644420862
22,hand,18,1,0.39373210072517395,0.8020151853561401,-0.0017446334240958095
22,hand,19,1,0.39855095744132996,0.8126282095909119,-0.000832508085295558
22,hand,20,1,0.40281346440315247,0.8191375136375427,5.4730335250496864e-05
22,pose,0,-1,0.4677603542804718,0.16834098100662231,-0.1739952117204666
22,pose,1,-1,0.4745097756385803,0.14336955547332764,-0.15089134871959686
22,pose,2,-1,0.4787185490131378,0.14351405203342438,-0.15104849636554718
22,pose,3,-1,0.4838833510875702,0.14403553307056427,-0.15102219581604004
22,pose,4,-1,0.45932117104530334,0.142197847366333,-0.1557602882385254
22,pose,5,-1,0.4530418813228607,0.14153434336185455,-0.15583303570747375
22,pose,6,-1,0.44684988260269165,0.14154821634292603,-0.15590329468250275
22,pose,7,-1,0.4882848858833313,0.15720365941524506,-0.011805864982306957
22,pose,8,-1,0.4370271563529968,0.15622104704380035,-0.03740876913070679
22,pose,9,-1,0.47561708092689514,0.19617296755313873,-0.12141153216362
22,pose,10,-1,0.4576730728149414,0.19562286138534546,-0.1290684938430786
22,pose,11,-1,0.5275508165359497,0.30263400077819824,0.04744206368923187
22,pose,12,-1,0.3961150348186493,0.322558730840683,0.025196386501193047
22,pose,13,-1,0.5367653965950012,0.4634069502353668,-0.1118016168475151
22,pose,14,-1,0.38385286927223206,0.5345302820205688,0.0506238117814064
22,pose,15,-1,0.4887101352214813,0.28358474373817444,-0.3577122688293457
22,pose,16,-1,0.3977425992488861,0.719718873500824,-0.015491722151637077
22,pose,17,-1,0.47476980090141296,0.24167178571224213,-0.419573575258255
22,pose,18,-1,0.4000163674354553,0.7790167331695557,-0.032976433634757996
22,pose,19,-1,0.47719457745552063,0.2312709093093872,-0.3944588303565979
22,pose,20,-1,0.4131494164466858,0.7773770689964294,-0.0678681805729866
22,pose,21,-1,0.4799417555332184,0.24179817736148834,-0.35310301184654236
22,pose,22,-1,0.41506463289260864,0.7580393552780151,-0.027663081884384155
22,pose,23,-1,0.5058922171592712,0.6914631128311157,0.011017636395990849
22,pose,24,-1,0.43055838346481323,0.6975452899932861,-0.010583131574094296
22,pose,25,-1,0.509708046913147,0.9611341953277588,-0.043394170701503754
22,pose,26,-1,0.4372926354408264,0.9783387184143066,-0.041137777268886566
22,pose,27,-1,0.5183988213539124,1.2253117561340332,0.24145029485225677
22,pose,28,-1,0.45363786816596985,1.2103513479232788,0.18846388161182404
22,pose,29,-1,0.520131528377533,1.2542405128479004,0.26582226157188416
22,pose,30,-1,0.45288732647895813,1.2363917827606201,0.20850446820259094
22,pose,31,-1,0.5173929929733276,1.3080296516418457,0.15525300800800323
22,pose,32,-1,0.47101637721061707,1.2971538305282593,0.0792483314871788
23,hand,0,0,0.48590588569641113,0.2629932165145874,-5.662820257157364e-08
23,hand,1,0,0.48711326718330383,0.2362355887889862,0.002368830842897296
23,hand,2,0,0.4834711253643036,0.21496672928333282,0.0016959522617980838
23,hand,3,0,0.4811040163040161,0.19886982440948486,1.9603259715950117e-05
23,hand,4,0,0.4828506112098694,0.18704622983932495,-0.0018544597551226616
23,hand,5,0,0.47492754459381104,0.19653457403182983,0.00032518745865672827
23,hand,6,0,0.465438574552536,0.1915660947561264,-0.002551783574745059
23,hand,7,0,0.46624821424484253,0.19965492188930511,-0.005221483763307333
23,hand,8,0,0.47010764479637146,0.20669691264629364,-0.006736160255968571
23,hand,9,0,0.4680858850479126,0.20497314631938934,-0.0021593100391328335
23,hand,10,0,0.46044114232063293,0.20148587226867676,-0.0035434544552117586
23,hand,11,0,0.46236807107925415,0.20953844487667084,-0.0044839223846793175
23,hand,12,0,0.4668117165565491,0.2165665328502655,-0.005102242808789015
23,hand,13,0,0.46262264251708984,0.21757327020168304,-0.0044112056493759155
23,hand,14,0,0.4584340751171112,0.21787281334400177,-0.005203911568969488
23,hand,15,0,0.4606004059314728,0.22414594888687134,-0.004373324103653431
23,hand,16,0,0.46452322602272034,0.22971020638942719,-0.0038782479241490364
23,hand,17,0,0.45804470777511597,0.2315368801355362,-0.006561750080436468
23,hand,18,0,0.4558607339859009,0.23153804242610931,-0.006749793421477079
23,hand,19,0,0.45869719982147217,0.2373296469449997,-0.005059739574790001
23,hand,20,0,0.46177583932876587,0.24181216955184937,-0.003427685471251607
23,hand,0,1,0.39619171619415283,0.7204043865203857,1.0335915234804816e-08
23,hand,1,1,0.4121089577674866,0.7299591302871704,-0.0015618324978277087
23,hand,2,1,0.4191170930862427,0.7542479038238525,-0.0019457979360595345
23,hand,3,1,0.4215669631958008,0.7779257297515869,-0.0018275735201314092
23,hand,4,1,0.42488619685173035,0.7951354384422302,-0.0013665076112374663
23,hand,5,1,0.41340258717536926,0.7704507112503052,-0.003102228045463562
23,hand,6,1,0.4181249141693115,0.7988277077674866,-0.004395572002977133
23,hand,7,1,0.421372652053833,0.8136608600616455,-0.004754879977554083
23,hand,8,1,0.424264520406723,0.8243943452835083,-0.004723072983324528
23,hand,9,1,0.403944730758667,0.775081217288971,-0.0029562385752797127
23,hand,10,1,0.4101303815841675,0.8031839728355408,-0.003309650579467416
23,hand,11,1,0.4150976836681366,0.8168928623199463,-0.002968659857288003
23,hand,12,1,0.41904962062835693,0.8261095285415649,-0.002753450535237789
23,hand,13,1,0.39620739221572876,0.7765169143676758,-0.002816614229232073
23,hand,14,1,0.40232348442077637,0.8025680184364319,-0.0031042518094182014
23,hand,15,1,0.40721428394317627,0.8151555061340332,-0.0023142658174037933
23,hand,16,1,0.4111911356449127,0.8232347369194031,-0.0017496696673333645
23,hand,17,1,0.39036181569099426,0.7758016586303711,-0.002826819894835353
23,hand,18,1,0.3941739499568939,0.7968087792396545,-0.002801063936203718
23,hand,19,1,0.3984907567501068,0.8076933026313782,-0.001844125217758119
23,hand,20,1,0.4024622142314911,0.8146771788597107,-0.0009175993036478758
23,pose,0,-1,0.46764183044433594,0.16745364665985107,-0.18656525015830994
23,pose,1,-1,0.47445473074913025,0.1429254412651062,-0.16298457980155945
23,pose,2,-1,0.4786604642868042,0.14308860898017883,-0.1631437987089157
23,pose,3,-1,0.48384901881217957,0.1436302810907364,-0.16311809420585632
23,pose,4,-1,0.45924508571624756,0.1416441649198532,-0.1678602546453476
23,pose,5,-1,0.4529394805431366,0.1410360336303711,-0.1679326593875885
23,pose,6,-1,0.446776807308197,0.14110347628593445,-0.16801320016384125
23,pose,7,-1,0.4882696866989136,0.15717700123786926,-0.02320754900574684
23,pose,8,-1,0.4370017349720001,0.15620635449886322,-0.04857867583632469
23,pose,9,-1,0.47558167576789856,0.19524045288562775,-0.13398052752017975
23,pose,10,-1,0.45757046341896057,0.1946626603603363,-0.14156389236450195
23,pose,11,-1,0.5275634527206421,0.3026801645755768,0.03750447556376457
23,pose,12,-1,0.39611780643463135,0.32262879610061646,0.01529613696038723
23,pose,13,-1,0.5368551015853882,0.4637985825538635,-0.11714956909418106
23,pose,14,-1,0.38297465443611145,0.53410804271698,0.04100203141570091
23,pose,15,-1,0.4898894429206848,0.2875595688819885,-0.3648401200771332
23,pose,16,-1,0.3978138566017151,0.7175823450088501,-0.028121380135416985
23,pose,17,-1,0.47690123319625854,0.24305857717990875,-0.4257749915122986
23,pose,18,-1,0.40023091435432434,0.7764984369277954,-0.04586976394057274
23,pose,19,-1,0.4789867401123047,0.23302455246448517,-0.3973672688007355
23,pose,20,-1,0.4134348928928375,0.7748367190361023,-0.0795903354883194
23,pose,21,-1,0.48136642575263977,0.24475131928920746,-0.36010226607322693
23,pose,22,-1,0.4153168499469757,0.7558104395866394,-0.03985629603266716
23,pose,23,-1,0.5059710741043091,0.6922476887702942,0.010136245749890804
23,pose,24,-1,0.4305547773838043,0.6976948976516724,-0.009696540422737598
23,pose,25,-1,0.5097460150718689,0.9603862762451172,-0.043449800461530685
23,pose,26,-1,0.4372755289077759,0.9776744842529297,-0.039702631533145905
23,pose,27,-1,0.5185768008232117,1.2242677211761475,0.24161463975906372
23,pose,28,-1,0.45362380146980286,1.2096683979034424,0.18914461135864258
23,pose,29,-1,0.5204935073852539,1.2530741691589355,0.26595717668533325
23,pose,30,-1,0.45287033915519714,1.2355386018753052,0.20888389647006989
23,pose,31,-1,0.5170957446098328,1.3072441816329956,0.15547196567058563
23,pose,32,-1,0.46997150778770447,1.296522617340088,0.08045082539319992
24,hand,0,0,0.48414716124534607,0.2673957347869873,-5.348631404444859e-08
24,hand,1,0,0.48488089442253113,0.24266637861728668,0.0014182556187734008
24,hand,2,0,0.48081883788108826,0.22152049839496613,0.00047134936903603375
24,hand,3,0,0.4764823913574219,0.20815137028694153,-0.0010999343357980251
24,hand,4,0,0.4730639159679413,0.20400051772594452,-0.0027419598773121834
24,hand,5,0,0.473657488822937,0.20280496776103973,-9.921976015903056e-05
24,hand,6,0,0.4619046747684479,0.20022143423557281,-0.0032119988463819027
24,hand,7,0,0.46267029643058777,0.2081548273563385,-0.006193005014210939
24,hand,8,0,0.466606080532074,0.21523264050483704,-0.007745495066046715
24,hand,9,0,0.46696844696998596,0.21021723747253418,-0.0018387496238574386
24,hand,10,0,0.45770010352134705,0.21241354942321777,-0.003246877109631896
24,hand,11,0,0.4603199064731598,0.2201881855726242,-0.004315325058996677
24,hand,12,0,0.4650678336620331,0.2257533073425293,-0.005007680039852858
24,hand,13,0,0.46125316619873047,0.2216181457042694,-0.003449187381193042
24,hand,14,0,0.45527490973472595,0.22368037700653076,-0.00424087094143033
24,hand,15,0,0.4581933617591858,0.22967545688152313,-0.00359270628541708
24,hand,16,0,0.46255820989608765,0.2344253659248352,-0.0031746476888656616
24,hand,17,0,0.45620501041412354,0.234071746468544,-0.005060862749814987
24,hand,18,0,0.45363831520080566,0.2354678362607956,-0.005565488710999489
24,hand,19,0,0.45693302154541016,0.24098317325115204,-0.004307317081838846
24,hand,20,0,0.4602583348751068,0.24438481032848358,-0.002874338999390602
24,hand,0,1,0.3975943326950073,0.7111157774925232,1.640662183888253e-08
24,hand,1,1,0.4131210744380951,0.719866156578064,-0.002209741622209549
24,hand,2,1,0.4207920432090759,0.7444557547569275,-0.0029815486632287502
24,hand,3,1,0.42364007234573364,0.7668182849884033,-0.0033715120516717434
24,hand,4,1,0.4267827868461609,0.7829662561416626,-0.0034374676179140806
24,hand,5,1,0.4160762429237366,0.7591009140014648,-0.004045169800519943
24,hand,6,1,0.42090848088264465,0.7874101400375366,-0.006676518823951483
24,hand,7,1,0.4236077070236206,0.8029640913009644,-0.008014405146241188
24,hand,8,1,0.42566338181495667,0.8142974972724915,-0.008505758829414845
24,hand,9,1,0.4068465530872345,0.7638339996337891,-0.00419107498601079
24,hand,10,1,0.4123673439025879,0.7916311621665955,-0.005767212714999914
24,hand,11,1,0.4164603352546692,0.8033537864685059,-0.005839915480464697
24,hand,12,1,0.4191659986972809,0.8109832406044006,-0.005631471052765846
24,hand,13,1,0.3992566764354706,0.7652376294136047,-0.004473800305277109
24,hand,14,1,0.404639333486557,0.7919071316719055,-0.005745335482060909
24,hand,15,1,0.409227192401886,0.8025869727134705,-0.004329869989305735
24,hand,16,1,0.4119766056537628,0.8092398643493652,-0.0030334710609167814
24,hand,17,1,0.39395570755004883,0.7642182111740112,-0.005036219023168087
24,hand,18,1,0.3982829749584198,0.786581814289093,-0.005653494969010353
24,hand,19,1,0.4022221565246582,0.7963001728057861,-0.003987901844084263
24,hand,20,1,0.4048996865749359,0.801527202129364,-0.0023305551148951054
24,pose,0,-1,0.4675430357456207,0.16653785109519958,-0.18078789114952087
24,pose,1,-1,0.4743901491165161,0.14206738770008087,-0.156172975897789
24,pose,2,-1,0.4786146581172943,0.14219139516353607,-0.1563267856836319
24,pose,3,-1,0.4837799370288849,0.14279106259346008,-0.15629670023918152
24,pose,4,-1,0.4591839909553528,0.14078649878501892,-0.16192935407161713
24,pose,5,-1,0.45269957184791565,0.14031003415584564,-0.16199883818626404
24,pose,6,-1,0.44654151797294617,0.14045260846614838,-0.16206049919128418
24,pose,7,-1,0.48827022314071655,0.15688960254192352,-0.013650151900947094
24,pose,8,-1,0.4366295635700226,0.1560223251581192,-0.04332326352596283
24,pose,9,-1,0.47556349635124207,0.1946203112602234,-0.12742118537425995
24,pose,10,-1,0.4574994146823883,0.1941993236541748,-0.13617731630802155
24,pose,11,-1,0.5274533033370972,0.3027806282043457,0.04746866598725319
24,pose,12,-1,0.39605218172073364,0.32261496782302856,0.016144011169672012
24,pose,13,-1,0.5369148850440979,0.46414944529533386,-0.10775884240865707
24,pose,14,-1,0.3811091482639313,0.532567024230957,0.035118620842695236
24,pose,15,-1,0.4901769757270813,0.2911851704120636,-0.35465124249458313
24,pose,16,-1,0.3989548087120056,0.7132604122161865,-0.03859821707010269
24,pose,17,-1,0.47670286893844604,0.2456580251455307,-0.4168623089790344
24,pose,18,-1,0.4020623564720154,0.7702018618583679,-0.05868956819176674
24,pose,19,-1,0.4785717725753784,0.2347472906112671,-0.3927574157714844
24,pose,20,-1,0.4152713119983673,0.7695893049240112,-0.09105858206748962
24,pose,21,-1,0.48114654421806335,0.24718528985977173,-0.351568341255188
24,pose,22,-1,0.416892945766449,0.7516992092132568,-0.05000041052699089
24,pose,23,-1,0.5062252283096313,0.6922539472579956,0.010461614467203617
24,pose,24,-1,0.4306665360927582,0.6973360180854797,-0.010010907426476479
24,pose,25,-1,0.5098883509635925,0.9594769477844238,-0.042767684906721115
24,pose,26,-1,0.4372931122779846,0.977112352848053,-0.03877594694495201
24,pose,27,-1,0.5188512206077576,1.2243475914001465,0.2406180202960968
24,pose,28,-1,0.4534774422645569,1.2109404802322388,0.18199875950813293
24,pose,29,-1,0.520711362361908,1.2532179355621338,0.2645110785961151
24,pose,30,-1,0.4525391161441803,1.237583041191101,0.20032337307929993
24,pose,31,-1,0.5174707174301147,1.3071905374526978,0.15419167280197144
24,pose,32,-1,0.46987393498420715,1.2977471351623535,0.06741596758365631
25,hand,0,0,0.48131120204925537,0.2735061049461365,-5.3273435440814865e-08
25,hand,1,0,0.4817377030849457,0.2488965094089508,6.690480950055644e-05
25,hand,2,0,0.4787229001522064,0.22219547629356384,-0.0014236491406336427
25,hand,3,0,0.4769997000694275,0.2035284787416458,-0.0032656833063811064
25,hand,4,0,0.47467041015625,0.19229814410209656,-0.0050354921258986
25,hand,5,0,0.4715636372566223,0.20720353722572327,-0.002414396731182933
25,hand,6,0,0.45514389872550964,0.20628944039344788,-0.006093364674597979
25,hand,7,0,0.4571313261985779,0.21503762900829315,-0.008709556423127651
25,hand,8,0,0.46227729320526123,0.2183770388364792,-0.010037260130047798
25,hand,9,0,0.4673295319080353,0.21808312833309174,-0.0040140897035598755
25,hand,10,0,0.4527798891067505,0.21746961772441864,-0.006639624945819378
25,hand,11,0,0.4558093249797821,0.225428968667984,-0.007374854292720556
25,hand,12,0,0.46137866377830505,0.22960716485977173,-0.0077698808163404465
25,hand,13,0,0.4632287919521332,0.23130032420158386,-0.005638856906443834
25,hand,14,0,0.4514191746711731,0.23060286045074463,-0.007740670815110207
25,hand,15,0,0.45464766025543213,0.23792608082294464,-0.006247156765311956
25,hand,16,0,0.4599178433418274,0.24192360043525696,-0.005100868176668882
25,hand,17,0,0.45940810441970825,0.2452496588230133,-0.007320958189666271
25,hand,18,0,0.45151612162590027,0.24428234994411469,-0.008898447267711163
25,hand,19,0,0.45484185218811035,0.2508137822151184,-0.007404922042042017
25,hand,20,0,0.4591188132762909,0.25377845764160156,-0.0057553453370928764
25,hand,0,1,0.4019607603549957,0.6929704546928406,1.506212399249307e-08
25,hand,1,1,0.41671016812324524,0.7013202905654907,-0.003206574358046055
25,hand,2,1,0.4260936677455902,0.7251243591308594,-0.004800006747245789
25,hand,3,1,0.4288393557071686,0.7484506964683533,-0.00598068255931139
25,hand,4,1,0.43017706274986267,0.7639570832252502,-0.006907507311552763
25,hand,5,1,0.4214205741882324,0.7381054162979126,-0.0056278337724506855
25,hand,6,1,0.42675289511680603,0.7655630111694336,-0.00883549451828003
25,hand,7,1,0.42952704429626465,0.7817033529281616,-0.010838954709470272
25,hand,8,1,0.43125003576278687,0.7944866418838501,-0.012068374082446098
25,hand,9,1,0.4126462936401367,0.7427778244018555,-0.005710118915885687
25,hand,10,1,0.41878536343574524,0.7677168846130371,-0.008554056286811829
25,hand,11,1,0.4229317903518677,0.7727310657501221,-0.009541760198771954
25,hand,12,1,0.4250316619873047,0.7749842405319214,-0.01002558134496212
25,hand,13,1,0.40471169352531433,0.7442229390144348,-0.0058739581145346165
25,hand,14,1,0.40985795855522156,0.766326904296875,-0.008308954536914825
25,hand,15,1,0.41270381212234497,0.7637040019035339,-0.007088148035109043
25,hand,16,1,0.41326501965522766,0.7573292255401611,-0.005715309642255306
25,hand,17,1,0.398110568523407,0.7439462542533875,-0.006326265167444944
25,hand,18,1,0.4029299318790436,0.7621480822563171,-0.007340165786445141
25,hand,19,1,0.4054917097091675,0.7602230906486511,-0.005521560553461313
25,hand,20,1,0.40588855743408203,0.7535486221313477,-0.0037747258320450783
25,pose,0,-1,0.4669613838195801,0.16632790863513947,-0.1641589105129242
25,pose,1,-1,0.47427454590797424,0.14178618788719177,-0.13857372105121613
25,pose,2,-1,0.47836849093437195,0.1419835239648819,-0.13871963322162628
25,pose,3,-1,0.4836178421974182,0.1426181048154831,-0.1387609839439392
25,pose,4,-1,0.4586007297039032,0.1404026746749878,-0.14369292557239532
25,pose,5,-1,0.4519140422344208,0.14003075659275055,-0.14372983574867249
25,pose,6,-1,0.44609662890434265,0.140236958861351,-0.1437593549489975
25,pose,7,-1,0.48823317885398865,0.15683433413505554,0.005773356184363365
25,pose,8,-1,0.4362969994544983,0.1559446156024933,-0.020710598677396774
25,pose,9,-1,0.4751944839954376,0.1944812536239624,-0.1098538190126419
25,pose,10,-1,0.45642709732055664,0.19409653544425964,-0.11772289127111435
25,pose,11,-1,0.5272731781005859,0.302836537361145,0.06579174101352692
25,pose,12,-1,0.3960422873497009,0.3221563398838043,0.042562082409858704
25,pose,13,-1,0.5377196073532104,0.4656696319580078,-0.08064259588718414
25,pose,14,-1,0.37873023748397827,0.5272202491760254,0.06478527188301086
25,pose,15,-1,0.4909082055091858,0.3019334673881531,-0.31473401188850403
25,pose,16,-1,0.4007338881492615,0.6878318786621094,-0.00559431966394186
25,pose,17,-1,0.4774843752384186,0.25702965259552,-0.376199871301651
25,pose,18,-1,0.40586140751838684,0.7446112036705017,-0.026510484516620636
25,pose,19,-1,0.47918277978897095,0.24448299407958984,-0.3543219268321991
25,pose,20,-1,0.41824623942375183,0.741947591304779,-0.0550370030105114
25,pose,21,-1,0.4818430244922638,0.25817376375198364,-0.31230252981185913
25,pose,22,-1,0.41917353868484497,0.7268812656402588,-0.01569918543100357
25,pose,23,-1,0.5061598420143127,0.6911543011665344,0.009627251885831356
25,pose,24,-1,0.4307473301887512,0.6930263638496399,-0.009169862605631351
25,pose,25,-1,0.5098901987075806,0.9566012620925903,-0.04957360029220581
25,pose,26,-1,0.43701666593551636,0.9738638401031494,-0.05637339502573013
25,pose,27,-1,0.5183064341545105,1.2156208753585815,0.24076372385025024
25,pose,28,-1,0.4540237486362457,1.194557785987854,0.2001788318157196
25,pose,29,-1,0.520270586013794,1.242464303970337,0.26521486043930054
25,pose,30,-1,0.4539489150047302,1.2153222560882568,0.22544217109680176
25,pose,31,-1,0.5151364207267761,1.3004920482635498,0.15602953732013702
25,pose,32,-1,0.4697953462600708,1.2812162637710571,0.11550701409578323
26,hand,0,0,0.47630774974823,0.28303995728492737,-2.074306237886958e-08
26,hand,1,0,0.47690120339393616,0.2599483132362366,-0.0011142522562295198
26,hand,2,0,0.4735383093357086,0.2335679680109024,-0.0031259392853826284
26,hand,3,0,0.4656100273132324,0.21768759191036224,-0.004922156687825918
26,hand,4,0,0.456872820854187,0.21254891157150269,-0.007149596232920885
26,hand,5,0,0.4720689356327057,0.22251275181770325,-0.006525343284010887
26,hand,6,0,0.4551466703414917,0.21192757785320282,-0.011037497781217098
26,hand,7,0,0.4441636800765991,0.2048531174659729,-0.013662334531545639
26,hand,8,0,0.4367501437664032,0.19890375435352325,-0.015466978773474693
26,hand,9,0,0.46785008907318115,0.2325541228055954,-0.00843358039855957
26,hand,10,0,0.44799259305000305,0.22142566740512848,-0.013644514605402946
26,hand,11,0,0.4464012682437897,0.22829221189022064,-0.014412407763302326
26,hand,12,0,0.4500156044960022,0.2355010211467743,-0.014208836480975151
26,hand,13,0,0.46379563212394714,0.24635781347751617,-0.010150792077183723
26,hand,14,0,0.4468451738357544,0.23993608355522156,-0.014861517585814
26,hand,15,0,0.44777151942253113,0.24627219140529633,-0.012617737986147404
26,hand,16,0,0.4526039659976959,0.2506769299507141,-0.010282780975103378
26,hand,17,0,0.4597693681716919,0.26127535104751587,-0.011891186237335205
26,hand,18,0,0.44820404052734375,0.25657919049263,-0.015393117442727089
26,hand,19,0,0.4500160813331604,0.26208335161209106,-0.0135427201166749
26,hand,20,0,0.454031378030777,0.2656623125076294,-0.011463761329650879
26,pose,0,-1,0.46575912833213806,0.16690924763679504,-0.15528292953968048
26,pose,1,-1,0.47386518120765686,0.14195652306079865,-0.1312367171049118
26,pose,2,-1,0.47762468457221985,0.1423000544309616,-0.13138669729232788
26,pose,3,-1,0.48266667127609253,0.14305292069911957,-0.13139763474464417
26,pose,4,-1,0.457609623670578,0.14049993455410004,-0.13475511968135834
26,pose,5,-1,0.45095574855804443,0.14016640186309814,-0.13481827080249786
26,pose,6,-1,0.44551995396614075,0.14044474065303802,-0.13485737144947052
26,pose,7,-1,0.4878543019294739,0.15719659626483917,0.010211662389338017
26,pose,8,-1,0.43591561913490295,0.1562635600566864,-0.009550344198942184
26,pose,9,-1,0.47418516874313354,0.19577069580554962,-0.10163474828004837
26,pose,10,-1,0.45495739579200745,0.1951119303703308,-0.10757192969322205
26,pose,11,-1,0.5272670388221741,0.30292370915412903,0.07221855968236923
26,pose,12,-1,0.3960510194301605,0.3220757246017456,0.05492006987333298
26,pose,13,-1,0.5401965379714966,0.4658205807209015,-0.06640277057886124
26,pose,14,-1,0.37629202008247375,0.5235011577606201,0.0712692067027092
26,pose,15,-1,0.4889088273048401,0.3089498281478882,-0.28785595297813416
26,pose,16,-1,0.4042341411113739,0.6583221554756165,-0.010776674374938011
26,pose,17,-1,0.4733280837535858,0.2629581689834595,-0.34815168380737305
26,pose,18,-1,0.4114507734775543,0.7117105722427368,-0.032994069159030914
26,pose,19,-1,0.4747597575187683,0.2510622441768646,-0.3268366754055023
26,pose,20,-1,0.4219534695148468,0.7030069231987,-0.06080027297139168
26,pose,21,-1,0.47849828004837036,0.26511192321777344,-0.2848571538925171
26,pose,22,-1,0.42164674401283264,0.6841306090354919,-0.020741377025842667
26,pose,23,-1,0.50604248046875,0.690808892250061,0.009660364128649235
26,pose,24,-1,0.43072250485420227,0.690886378288269,-0.00920983124524355
26,pose,25,-1,0.5096935033798218,0.9566505551338196,-0.04713637754321098
26,pose,26,-1,0.4367061257362366,0.9747394919395447,-0.05574740096926689
26,pose,27,-1,0.5181763768196106,1.2312816381454468,0.2163286656141281
26,pose,28,-1,0.45359528064727783,1.207364797592163,0.20124195516109467
26,pose,29,-1,0.5202270746231079,1.2619155645370483,0.23757371306419373
26,pose,30,-1,0.4538315534591675,1.2294524908065796,0.2263219654560089
26,pose,31,-1,0.5147257447242737,1.3150839805603027,0.1300569623708725
26,pose,32,-1,0.4649028182029724,1.2907333374023438,0.11588684469461441
27,hand,0,0,0.469017893075943,0.2979787290096283,2.0939690870136474e-08
27,hand,1,0,0.4635061025619507,0.28199928998947144,-0.0016673561185598373
27,hand,2,0,0.45412376523017883,0.26462090015411377,-0.004924927372485399
27,hand,3,0,0.44274798035621643,0.25761678814888,-0.008298927918076515
27,hand,4,0,0.43434077501296997,0.2560674548149109,-0.011904976330697536
27,hand,5,0,0.4630945026874542,0.24523767828941345,-0.00740159023553133
27,hand,6,0,0.44930845499038696,0.21969768404960632,-0.012025175616145134
27,hand,7,0,0.4422716498374939,0.2032121866941452,-0.015235901810228825
27,hand,8,0,0.43700769543647766,0.19020113348960876,-0.01747288927435875
27,hand,9,0,0.462103009223938,0.2507570683956146,-0.00946765299886465
27,hand,10,0,0.44617199897766113,0.23128235340118408,-0.016015861183404922
27,hand,11,0,0.4347667396068573,0.22948026657104492,-0.019290972501039505
27,hand,12,0,0.4267025291919708,0.2316017895936966,-0.02057631127536297
27,hand,13,0,0.45967578887939453,0.26099634170532227,-0.011156023479998112
27,hand,14,0,0.4435480535030365,0.2545536160469055,-0.016349971294403076
27,hand,15,0,0.44188326597213745,0.26205554604530334,-0.016428612172603607
27,hand,16,0,0.4443210959434509,0.26857390999794006,-0.015154344029724598
27,hand,17,0,0.45618605613708496,0.2735162377357483,-0.012895651161670685
27,hand,18,0,0.4440118074417114,0.2695106267929077,-0.016168178990483284
27,hand,19,0,0.4434868395328522,0.27466315031051636,-0.015111762098968029
27,hand,20,0,0.4462490379810333,0.2795136272907257,-0.013406986370682716
27,pose,0,-1,0.4653772711753845,0.16682200133800507,-0.14543990790843964
27,pose,1,-1,0.4737137258052826,0.14194363355636597,-0.12150093913078308
27,pose,2,-1,0.4773237407207489,0.14231745898723602,-0.1216154620051384
27,pose,3,-1,0.4824006259441376,0.14317768812179565,-0.12160122394561768
27,pose,4,-1,0.4573235511779785,0.14028097689151764,-0.12389852106571198
27,pose,5,-1,0.45063239336013794,0.13995367288589478,-0.12395397573709488
27,pose,6,-1,0.4453282356262207,0.14025670289993286,-0.12399066984653473
27,pose,7,-1,0.4878266751766205,0.1575491726398468,0.02049459144473076
27,pose,8,-1,0.43584582209587097,0.1562570184469223,0.0055350037291646
27,pose,9,-1,0.47387731075286865,0.19557878375053406,-0.09163296967744827
27,pose,10,-1,0.45429545640945435,0.19472932815551758,-0.096192367374897
27,pose,11,-1,0.5272974371910095,0.3029862642288208,0.08399847149848938
27,pose,12,-1,0.39655953645706177,0.32184264063835144,0.05950666591525078
27,pose,13,-1,0.5425861477851868,0.4676152467727661,-0.04113570600748062
27,pose,14,-1,0.37435176968574524,0.5158737301826477,0.05033009126782417
27,pose,15,-1,0.481458842754364,0.31423914432525635,-0.24022966623306274
27,pose,16,-1,0.4103670120239258,0.6135818362236023,-0.08076517283916473
27,pose,17,-1,0.4640682339668274,0.2690018117427826,-0.30057868361473083
27,pose,18,-1,0.4213623106479645,0.6645439267158508,-0.11485934257507324
27,pose,19,-1,0.4667121469974518,0.25547459721565247,-0.27911102771759033
27,pose,20,-1,0.4309617578983307,0.6516634821891785,-0.1300225853919983
27,pose,21,-1,0.4719460904598236,0.27045032382011414,-0.2368394434452057
27,pose,22,-1,0.4283115565776825,0.6340796947479248,-0.0870705395936966
27,pose,23,-1,0.5059670805931091,0.6905419826507568,0.010520747862756252
27,pose,24,-1,0.43049901723861694,0.6909717321395874,-0.009960963390767574
27,pose,25,-1,0.5096921324729919,0.9570558667182922,-0.03853964805603027
27,pose,26,-1,0.4364446699619293,0.9770124554634094,-0.053611159324645996
27,pose,27,-1,0.5181218385696411,1.2442916631698608,0.21977992355823517
27,pose,28,-1,0.45298707485198975,1.2236753702163696,0.1657675802707672
27,pose,29,-1,0.5200519561767578,1.27614426612854,0.2404719740152359
27,pose,30,-1,0.4531216025352478,1.2497307062149048,0.18265870213508606
27,pose,31,-1,0.514761745929718,1.327770709991455,0.11986695230007172
27,pose,32,-1,0.46433067321777344,1.30949068069458,0.04321359843015671
28,hand,0,0,0.45884326100349426,0.3157857358455658,6.521112538848683e-08
28,hand,1,0,0.44548043608665466,0.303774356842041,-0.0011353318113833666
28,hand,2,0,0.43736985325813293,0.28779834508895874,-0.003295588307082653
28,hand,3,0,0.43082067370414734,0.2797454297542572,-0.006108707282692194
28,hand,4,0,0.4246531128883362,0.27451521158218384,-0.009250851348042488
28,hand,5,0,0.4488257169723511,0.25892388820648193,-0.005812646821141243
28,hand,6,0,0.4417863190174103,0.23182977735996246,-0.00996642466634512
28,hand,7,0,0.4376976788043976,0.21449792385101318,-0.012502758763730526
28,hand,8,0,0.43440380692481995,0.20164991915225983,-0.013972601853311062
28,hand,9,0,0.4525606036186218,0.26134824752807617,-0.008208614774048328
28,hand,10,0,0.4417248070240021,0.2424069494009018,-0.013308626599609852
28,hand,11,0,0.4329540431499481,0.2315099835395813,-0.016478808596730232
28,hand,12,0,0.4254319667816162,0.22360172867774963,-0.018090644851326942
28,hand,13,0,0.4546755850315094,0.26884904503822327,-0.010357992723584175
28,hand,14,0,0.4400671422481537,0.2727639973163605,-0.014926630072295666
28,hand,15,0,0.43492835760116577,0.2794671356678009,-0.016021814197301865
28,hand,16,0,0.43273648619651794,0.2850939929485321,-0.015821974724531174
28,hand,17,0,0.4546727240085602,0.28032270073890686,-0.012646056711673737
28,hand,18,0,0.44310909509658813,0.2886982858181,-0.015166396275162697
28,hand,19,0,0.4408642053604126,0.29600077867507935,-0.01443100068718195
28,hand,20,0,0.4415991008281708,0.3021853566169739,-0.013199416920542717
28,pose,0,-1,0.4647323191165924,0.16667751967906952,-0.16135220229625702
28,pose,1,-1,0.47345641255378723,0.14195212721824646,-0.13760195672512054
28,pose,2,-1,0.4769962728023529,0.14251749217510223,-0.13773703575134277
28,pose,3,-1,0.48198401927948,0.14362147450447083,-0.13773255050182343
28,pose,4,-1,0.456739604473114,0.1401340514421463,-0.14040102064609528
28,pose,5,-1,0.4500919580459595,0.13978812098503113,-0.1404743790626526
28,pose,6,-1,0.44497156143188477,0.14008207619190216,-0.14052174985408783
28,pose,7,-1,0.48774367570877075,0.15829555690288544,0.004319414496421814
28,pose,8,-1,0.43573319911956787,0.15635082125663757,-0.009844495914876461
28,pose,9,-1,0.473416268825531,0.19563767313957214,-0.10763919353485107
28,pose,10,-1,0.45335838198661804,0.194698765873909,-0.11256705969572067
28,pose,11,-1,0.5274382829666138,0.30302560329437256,0.06904148310422897
28,pose,12,-1,0.3965637981891632,0.32206711173057556,0.05506037920713425
28,pose,13,-1,0.5431280732154846,0.4740220010280609,-0.04443368688225746
28,pose,14,-1,0.3730371594429016,0.5163062214851379,0.01542636752128601
28,pose,15,-1,0.4748171865940094,0.32920289039611816,-0.23224520683288574
28,pose,16,-1,0.41880181431770325,0.5754488706588745,-0.1408052146434784
28,pose,17,-1,0.4571654200553894,0.2879938781261444,-0.28871098160743713
28,pose,18,-1,0.43446239829063416,0.5993229150772095,-0.17813833057880402
28,pose,19,-1,0.45958051085472107,0.26960572600364685,-0.26829859614372253
28,pose,20,-1,0.44068172574043274,0.581616997718811,-0.1867964118719101
28,pose,21,-1,0.4647468030452728,0.2867431044578552,-0.2278912365436554
28,pose,22,-1,0.43581774830818176,0.5728514790534973,-0.1448354572057724
28,pose,23,-1,0.506359338760376,0.6903755068778992,0.009142884984612465
28,pose,24,-1,0.4301694929599762,0.6916186213493347,-0.008551827631890774
28,pose,25,-1,0.5099967122077942,0.95667964220047,-0.03914438560605049
28,pose,26,-1,0.43650567531585693,0.9771924018859863,-0.03873109072446823
28,pose,27,-1,0.5217280983924866,1.2408719062805176,0.22117948532104492
28,pose,28,-1,0.4519842863082886,1.2228113412857056,0.17436517775058746
28,pose,29,-1,0.524235725402832,1.2716453075408936,0.24251192808151245
28,pose,30,-1,0.4521254599094391,1.249472975730896,0.1940898299217224
28,pose,31,-1,0.5169974565505981,1.3261059522628784,0.1236218586564064
28,pose,32,-1,0.46315690875053406,1.3076773881912231,0.06130538135766983
29,hand,0,0,0.4547877013683319,0.328193724155426,1.0419788765148041e-07
29,hand,1,0,0.4403958320617676,0.3165934979915619,-0.0011292414274066687
29,hand,2,0,0.43244677782058716,0.300712913274765,-0.0038932079914957285
29,hand,3,0,0.42662036418914795,0.2922181487083435,-0.007396399974822998
29,hand,4,0,0.420363187789917,0.28965651988983154,-0.010673739947378635
29,hand,5,0,0.4403589367866516,0.27219337224960327,-0.0053879315964877605
29,hand,6,0,0.43064936995506287,0.24793967604637146,-0.010328667238354683
29,hand,7,0,0.4249343276023865,0.2343069314956665,-0.01308390311896801
29,hand,8,0,0.4201100170612335,0.22377458214759827,-0.014562523923814297
29,hand,9,0,0.4445294141769409,0.2732509672641754,-0.008279272355139256
29,hand,10,0,0.43523353338241577,0.24425852298736572,-0.013904827646911144
29,hand,11,0,0.4307389557361603,0.22523725032806396,-0.01742275059223175
29,hand,12,0,0.4277266263961792,0.20943665504455566,-0.01917240582406521
29,hand,13,0,0.4469495117664337,0.28117355704307556,-0.010949068702757359
29,hand,14,0,0.43250373005867004,0.28717032074928284,-0.015360678546130657
29,hand,15,0,0.43314459919929504,0.29803863167762756,-0.014955167658627033
29,hand,16,0,0.4371163845062256,0.302702397108078,-0.013430099003016949
29,hand,17,0,0.44739559292793274,0.29327136278152466,-0.01384656596928835
29,hand,18,0,0.43498262763023376,0.3014056384563446,-0.015685219317674637
29,hand,19,0,0.4365484118461609,0.30943763256073,-0.013512718491256237
29,hand,20,0,0.44036152958869934,0.3125675320625305,-0.011225800961256027
29,pose,0,-1,0.46472451090812683,0.16699649393558502,-0.1566794067621231
29,pose,1,-1,0.4734247028827667,0.1428944170475006,-0.1340189129114151
29,pose,2,-1,0.47698190808296204,0.14404501020908356,-0.13415567576885223
29,pose,3,-1,0.4820060431957245,0.14549939334392548,-0.13415101170539856
29,pose,4,-1,0.45675423741340637,0.14017079770565033,-0.13483817875385284
29,pose,5,-1,0.4501746892929077,0.13978731632232666,-0.1349494308233261
29,pose,6,-1,0.44500723481178284,0.1400630921125412,-0.1349945366382599
29,pose,7,-1,0.48778247833251953,0.16023840010166168,0.0026432136073708534
29,pose,8,-1,0.4360046088695526,0.15634672343730927,-0.0047341445460915565
29,pose,9,-1,0.4733348786830902,0.19733521342277527,-0.10483971238136292
29,pose,10,-1,0.4532603323459625,0.19524464011192322,-0.10730678588151932
29,pose,11,-1,0.5273170471191406,0.3031389117240906,0.06533599644899368
29,pose,12,-1,0.3962848484516144,0.3225727677345276,0.06231784075498581
29,pose,13,-1,0.5429821610450745,0.47780099511146545,-0.0325838066637516
29,pose,14,-1,0.37242892384529114,0.5170762538909912,0.00412931852042675
29,pose,15,-1,0.46838435530662537,0.33935409784317017,-0.19867117702960968
29,pose,16,-1,0.42053237557411194,0.5365136861801147,-0.15554043650627136
29,pose,17,-1,0.45162540674209595,0.29981866478919983,-0.24801680445671082
29,pose,18,-1,0.43824276328086853,0.5407285690307617,-0.1920149177312851
29,pose,19,-1,0.4532893896102905,0.28253549337387085,-0.22754034399986267
29,pose,20,-1,0.4433971345424652,0.5249587297439575,-0.19293814897537231
29,pose,21,-1,0.4584343731403351,0.29975631833076477,-0.1931276172399521
29,pose,22,-1,0.4382774531841278,0.5197004675865173,-0.15664176642894745
29,pose,23,-1,0.5066906809806824,0.6899899840354919,0.007828538306057453
29,pose,24,-1,0.4295673072338104,0.6928973197937012,-0.007221474312245846
29,pose,25,-1,0.5101531147956848,0.9567891359329224,-0.0421040877699852
29,pose,26,-1,0.4365035593509674,0.9786253571510315,-0.03368265554308891
29,pose,27,-1,0.5224600434303284,1.2385519742965698,0.2142842411994934
29,pose,28,-1,0.4518373906612396,1.2248159646987915,0.18919135630130768
29,pose,29,-1,0.5250853300094604,1.2691686153411865,0.23529867827892303
29,pose,30,-1,0.45205458998680115,1.251094937324524,0.20913434028625488
29,pose,31,-1,0.5174726247787476,1.3232777118682861,0.11958590149879456
29,pose,32,-1,0.46274349093437195,1.3097991943359375,0.08203098177909851
30,hand,0,0,0.4555934965610504,0.3323086202144623,1.1544173617039633e-07
30,hand,1,0,0.44584566354751587,0.3142141103744507,0.00048508145846426487
30,hand,2,0,0.4342242479324341,0.29773709177970886,-0.002651931019499898
30,hand,3,0,0.42235106229782104,0.2978569567203522,-0.0068650501780211926
30,hand,4,0,0.4133324921131134,0.3014625608921051,-0.011331768706440926
30,hand,5,0,0.43856459856033325,0.27671998739242554,-0.0063395192846655846
30,hand,6,0,0.43144112825393677,0.24646060168743134,-0.012145275250077248
30,hand,7,0,0.4285983145236969,0.22591754794120789,-0.015125748701393604
30,hand,8,0,0.42660775780677795,0.20929427444934845,-0.016786815598607063
30,hand,9,0,0.4381605386734009,0.28386566042900085,-0.010229218751192093
30,hand,10,0,0.42348214983940125,0.2628917694091797,-0.01631898619234562
30,hand,11,0,0.4150941073894501,0.25474220514297485,-0.018480027094483376
30,hand,12,0,0.40821975469589233,0.24854044616222382,-0.019251147285103798
30,hand,13,0,0.43753528594970703,0.296394944190979,-0.0137794753536582
30,hand,14,0,0.42258885502815247,0.30406928062438965,-0.018462179228663445
30,hand,15,0,0.4266641438007355,0.3111504018306732,-0.017065539956092834
30,hand,16,0,0.4321363568305969,0.3119867444038391,-0.015061658807098866
30,hand,17,0,0.4363362193107605,0.3116442561149597,-0.017383286729454994
30,hand,18,0,0.4247817397117615,0.3174137473106384,-0.019051840528845787
30,hand,19,0,0.4285675883293152,0.3229290843009949,-0.01614505797624588
30,hand,20,0,0.43348026275634766,0.3234914243221283,-0.013540833257138729
30,pose,0,-1,0.46533483266830444,0.16820098459720612,-0.15793468058109283
30,pose,1,-1,0.4736485183238983,0.14512330293655396,-0.1368359923362732
30,pose,2,-1,0.47766366600990295,0.1465497463941574,-0.1369602531194687
30,pose,3,-1,0.48294150829315186,0.14788208901882172,-0.13696207106113434
30,pose,4,-1,0.4575815796852112,0.14081865549087524,-0.13699659705162048
30,pose,5,-1,0.451442688703537,0.1399587094783783,-0.137098029255867
30,pose,6,-1,0.4459018111228943,0.14007167518138885,-0.13712885975837708
30,pose,7,-1,0.4883217513561249,0.16161204874515533,-0.0011676378780975938
30,pose,8,-1,0.4370292127132416,0.15582731366157532,-0.00988417211920023
30,pose,9,-1,0.473410964012146,0.19868673384189606,-0.10766317695379257
30,pose,10,-1,0.4535564184188843,0.1956181824207306,-0.10917222499847412
30,pose,11,-1,0.5271903872489929,0.3032010793685913,0.060834381729364395
30,pose,12,-1,0.396094411611557,0.32265761494636536,0.05707306042313576
30,pose,13,-1,0.5412184000015259,0.4805164337158203,-0.03844941034913063
30,pose,14,-1,0.371340274810791,0.5177918076515198,-0.021557621657848358
30,pose,15,-1,0.4635353684425354,0.3419884443283081,-0.18489350378513336
30,pose,16,-1,0.42779648303985596,0.49749264121055603,-0.1791348159313202
30,pose,17,-1,0.44626685976982117,0.30337947607040405,-0.22652386128902435
30,pose,18,-1,0.44760075211524963,0.4948609471321106,-0.2133711278438568
30,pose,19,-1,0.44817468523979187,0.28614094853401184,-0.2046859860420227
30,pose,20,-1,0.450086385011673,0.4706657826900482,-0.2037721425294876
30,pose,21,-1,0.4531392753124237,0.3017256259918213,-0.17762857675552368
30,pose,22,-1,0.44535568356513977,0.46366047859191895,-0.17581918835639954
30,pose,23,-1,0.506723940372467,0.6900837421417236,0.00673437537625432
30,pose,24,-1,0.4288911819458008,0.6954497694969177,-0.006143220700323582
30,pose,25,-1,0.5102503299713135,0.9583523273468018,-0.04137411341071129
30,pose,26,-1,0.43660253286361694,0.9806436896324158,-0.027197236195206642
30,pose,27,-1,0.5223267674446106,1.2374762296676636,0.21542508900165558
30,pose,28,-1,0.4518336355686188,1.2257964611053467,0.20545943081378937
30,pose,29,-1,0.5248262286186218,1.267621397972107,0.23660287261009216
30,pose,30,-1,0.452046275138855,1.2514355182647705,0.22653818130493164
30,pose,31,-1,0.5175714492797852,1.3220669031143188,0.12407936900854111
30,pose,32,-1,0.4627010226249695,1.3110020160675049,0.10509156435728073
31,hand,0,0,0.45455554127693176,0.32875290513038635,9.823209978776504e-08
31,hand,1,0,0.44631752371788025,0.30610010027885437,0.0011388624552637339
31,hand,2,0,0.43203258514404297,0.29182109236717224,-0.0014512098859995604
31,hand,3,0,0.4178806245326996,0.2960290014743805,-0.004841821268200874
31,hand,4,0,0.4077971875667572,0.3037750720977783,-0.00864297617226839
31,hand,5,0,0.4333253800868988,0.27447769045829773,-0.0061026038601994514
31,hand,6,0,0.4237074851989746,0.2492475062608719,-0.011354614980518818
31,hand,7,0,0.42033103108406067,0.23170262575149536,-0.014238097704946995
31,hand,8,0,0.41828757524490356,0.2181340754032135,-0.015789035707712173
31,hand,9,0,0.4309702217578888,0.2861981689929962,-0.009389465674757957
31,hand,10,0,0.4094601273536682,0.2749328911304474,-0.014747612178325653
31,hand,11,0,0.39714208245277405,0.272097647190094,-0.017361463978886604
31,hand,12,0,0.38775914907455444,0.2713925838470459,-0.018908238038420677
31,hand,13,0,0.4297231137752533,0.30202117562294006,-0.011979189701378345
31,hand,14,0,0.41335928440093994,0.30612581968307495,-0.016394060105085373
31,hand,15,0,0.4180634021759033,0.31036120653152466,-0.015320981852710247
31,hand,16,0,0.4235948324203491,0.3118385970592499,-0.013538437895476818
31,hand,17,0,0.4290996491909027,0.3181840777397156,-0.014328653924167156
31,hand,18,0,0.4172123670578003,0.3191429376602173,-0.016410725191235542
31,hand,19,0,0.4214874505996704,0.32154300808906555,-0.013681040145456791
31,hand,20,0,0.42662513256073,0.32146456837654114,-0.010961775667965412
31,pose,0,-1,0.4687477648258209,0.16902126371860504,-0.149754136800766
31,pose,1,-1,0.47655123472213745,0.14689140021800995,-0.1295813024044037
31,pose,2,-1,0.48160213232040405,0.1481352299451828,-0.12969067692756653
31,pose,3,-1,0.4859417974948883,0.1494850218296051,-0.1297222226858139
31,pose,4,-1,0.46169474720954895,0.14179879426956177,-0.13088734447956085
31,pose,5,-1,0.4554980993270874,0.1402880698442459,-0.13097457587718964
31,pose,6,-1,0.4496487081050873,0.1400802731513977,-0.13097058236598969
31,pose,7,-1,0.49038785696029663,0.16237251460552216,-0.0016520590288564563
31,pose,8,-1,0.4390791356563568,0.15459497272968292,-0.01244714017957449
31,pose,9,-1,0.47495272755622864,0.19944418966770172,-0.10122105479240417
31,pose,10,-1,0.4566107392311096,0.1957104504108429,-0.1042419970035553
31,pose,11,-1,0.5261062979698181,0.30285850167274475,0.0584842748939991
31,pose,12,-1,0.3956008851528168,0.31957370042800903,0.05582471936941147
31,pose,13,-1,0.5375567674636841,0.4816755950450897,-0.0379987433552742
31,pose,14,-1,0.3713308870792389,0.5183776021003723,-0.0367332361638546
31,pose,15,-1,0.45941823720932007,0.3417164385318756,-0.1625920683145523
31,pose,16,-1,0.4363120496273041,0.451961487531662,-0.18901482224464417
31,pose,17,-1,0.4399646818637848,0.30301254987716675,-0.19879485666751862
31,pose,18,-1,0.45615532994270325,0.4355964660644531,-0.22088035941123962
31,pose,19,-1,0.4411216676235199,0.28586462140083313,-0.17235036194324493
31,pose,20,-1,0.4551243484020233,0.4203324019908905,-0.20575270056724548
31,pose,21,-1,0.4467310309410095,0.3014521896839142,-0.15291298925876617
31,pose,22,-1,0.4508342444896698,0.41818758845329285,-0.1835176795721054
31,pose,23,-1,0.5067573189735413,0.6896530985832214,0.005120606627315283
31,pose,24,-1,0.4285148084163666,0.6961268186569214,-0.004586922004818916
31,pose,25,-1,0.5104001760482788,0.9583631753921509,-0.037243254482746124
31,pose,26,-1,0.4366699457168579,0.9807025790214539,-0.024927545338869095
31,pose,27,-1,0.5198051929473877,1.233033299446106,0.219333216547966
31,pose,28,-1,0.4514550566673279,1.2250568866729736,0.20896834135055542
31,pose,29,-1,0.5213567018508911,1.2630198001861572,0.2409348338842392
31,pose,30,-1,0.4516989290714264,1.2510701417922974,0.23018507659435272
31,pose,31,-1,0.5165318846702576,1.317765235900879,0.13971807062625885
31,pose,32,-1,0.4609180986881256,1.3103547096252441,0.11171166598796844
32,hand,0,0,0.45427194237709045,0.3252921998500824,1.136913496679881e-07
32,hand,1,0,0.4487530291080475,0.2997455298900604,-0.00054908636957407
32,hand,2,0,0.43505701422691345,0.2860128581523895,-0.0027288254350423813
32,hand,3,0,0.4208368957042694,0.29016295075416565,-0.004903764463961124
32,hand,4,0,0.41116029024124146,0.29806724190711975,-0.006972127128392458
32,hand,5,0,0.431033730506897,0.2758308947086334,-0.006603362038731575
32,hand,6,0,0.4196407198905945,0.25336772203445435,-0.010623004287481308
32,hand,7,0,0.41388222575187683,0.2387446165084839,-0.012549078091979027
32,hand,8,0,0.40958648920059204,0.22691699862480164,-0.013431467115879059
32,hand,9,0,0.4255523979663849,0.29003334045410156,-0.007715930230915546
32,hand,10,0,0.40470993518829346,0.2821376323699951,-0.012031792663037777
32,hand,11,0,0.3927012085914612,0.2775866389274597,-0.013721917755901814
32,hand,12,0,0.3833875060081482,0.27461951971054077,-0.014565195888280869
32,hand,13,0,0.4228162467479706,0.3051949441432953,-0.008206471800804138
32,hand,14,0,0.4107857942581177,0.30047911405563354,-0.011920765042304993
32,hand,15,0,0.4169732928276062,0.29907041788101196,-0.010873745195567608
32,hand,16,0,0.42264461517333984,0.3007577359676361,-0.008935203775763512
32,hand,17,0,0.42211273312568665,0.31866878271102905,-0.008613880723714828
32,hand,18,0,0.4165620803833008,0.31097039580345154,-0.010456662625074387
32,hand,19,0,0.4214973449707031,0.3097684383392334,-0.008594115264713764
32,hand,20,0,0.42566123604774475,0.3111504912376404,-0.006311106029897928
32,pose,0,-1,0.47027432918548584,0.16974732279777527,-0.14249996840953827
32,pose,1,-1,0.4784623086452484,0.14855360984802246,-0.12336672097444534
32,pose,2,-1,0.4837687313556671,0.14982780814170837,-0.12345722317695618
32,pose,3,-1,0.4877997934818268,0.15139876306056976,-0.12348456680774689
32,pose,4,-1,0.46378833055496216,0.14302195608615875,-0.12332632392644882
32,pose,5,-1,0.45742467045783997,0.1410199999809265,-0.12339163571596146
32,pose,6,-1,0.451478511095047,0.14028039574623108,-0.12338047474622726
32,pose,7,-1,0.49307480454444885,0.1638500839471817,0.0005549559718929231
32,pose,8,-1,0.440457284450531,0.15396419167518616,-0.0033939210698008537
32,pose,9,-1,0.47601577639579773,0.19993503391742706,-0.09470541030168533
32,pose,10,-1,0.4578201174736023,0.19599401950836182,-0.095860555768013
32,pose,11,-1,0.5259431600570679,0.3023701608181,0.05835287272930145
32,pose,12,-1,0.395661860704422,0.3134521543979645,0.06486974656581879
32,pose,13,-1,0.5321356058120728,0.4839024245738983,-0.036149147897958755
32,pose,14,-1,0.3715759515762329,0.5187916159629822,-0.03552999347448349
32,pose,15,-1,0.457882285118103,0.34154051542282104,-0.15226240456104279
32,pose,16,-1,0.4437517523765564,0.4235985279083252,-0.1956837922334671
32,pose,17,-1,0.43665921688079834,0.30279093980789185,-0.18571394681930542
32,pose,18,-1,0.4626295864582062,0.40616655349731445,-0.2283390313386917
32,pose,19,-1,0.43699362874031067,0.2858163118362427,-0.16046862304210663
32,pose,20,-1,0.4604610800743103,0.38988831639289856,-0.20974469184875488
32,pose,21,-1,0.44309139251708984,0.3011820316314697,-0.14262475073337555
32,pose,22,-1,0.4558350741863251,0.38847169280052185,-0.18950748443603516
32,pose,23,-1,0.5067592859268188,0.6890308260917664,0.004804796073585749
32,pose,24,-1,0.4283517301082611,0.6962873935699463,-0.004256349988281727
32,pose,25,-1,0.5104288458824158,0.9587756395339966,-0.032525043934583664
32,pose,26,-1,0.4368722140789032,0.9819576740264893,-0.020013945177197456
32,pose,27,-1,0.5174065828323364,1.2319540977478027,0.2169518768787384
32,pose,28,-1,0.4516776502132416,1.2241849899291992,0.20748808979988098
32,pose,29,-1,0.518508791923523,1.2622407674789429,0.23766149580478668
32,pose,30,-1,0.4520089328289032,1.2502267360687256,0.22895163297653198
32,pose,31,-1,0.5151034593582153,1.3163602352142334,0.13241353631019592
32,pose,32,-1,0.46102359890937805,1.3094429969787598,0.10702241212129593
33,hand,0,0,0.45517078042030334,0.3253079056739807,1.320091058687467e-07
33,hand,1,0,0.44774729013442993,0.29874899983406067,-0.001344200107268989
33,hand,2,0,0.43272608518600464,0.2851720452308655,-0.0037168574053794146
33,hand,3,0,0.4182727038860321,0.2901472747325897,-0.006336414720863104
33,hand,4,0,0.4084908366203308,0.29819345474243164,-0.008776827715337276
33,hand,5,0,0.4327623248100281,0.27242109179496765,-0.004434733651578426
33,hand,6,0,0.4220740795135498,0.2487078458070755,-0.009800191037356853
33,hand,7,0,0.4177030920982361,0.23241376876831055,-0.012949978932738304
33,hand,8,0,0.41467350721359253,0.2192583680152893,-0.01451644953340292
33,hand,9,0,0.42805495858192444,0.28451302647590637,-0.006079375743865967
33,hand,10,0,0.4076722264289856,0.27486881613731384,-0.011515673249959946
33,hand,11,0,0.39594823122024536,0.26970455050468445,-0.014387935400009155
33,hand,12,0,0.3867573142051697,0.26620692014694214,-0.015869926661252975
33,hand,13,0,0.4257964491844177,0.29959410429000854,-0.007577772717922926
33,hand,14,0,0.412931352853775,0.29727903008461,-0.013272309675812721
33,hand,15,0,0.4189217984676361,0.29881551861763,-0.01289027463644743
33,hand,16,0,0.42432552576065063,0.3012060225009918,-0.010854830034077168
33,hand,17,0,0.42488935589790344,0.31408366560935974,-0.009048542007803917
33,hand,18,0,0.4178725779056549,0.3091312348842621,-0.012378170154988766
33,hand,19,0,0.42285558581352234,0.3103819191455841,-0.01066101435571909
33,hand,20,0,0.4269779920578003,0.3123273253440857,-0.008248473517596722
33,pose,0,-1,0.47150880098342896,0.1700255572795868,-0.12516385316848755
33,pose,1,-1,0.48039117455482483,0.1494463086128235,-0.10558566451072693
33,pose,2,-1,0.4854820966720581,0.1508236527442932,-0.10567083954811096
33,pose,3,-1,0.4894435703754425,0.15236139297485352,-0.10569381713867188
33,pose,4,-1,0.46561115980148315,0.14374396204948425,-0.10508296638727188
33,pose,5,-1,0.4590104818344116,0.1414402425289154,-0.10514132678508759
33,pose,6,-1,0.4531468152999878,0.14033401012420654,-0.10513263195753098
33,pose,7,-1,0.4954264760017395,0.1645570546388626,0.016732249408960342
33,pose,8,-1,0.4417705833911896,0.15325669944286346,0.016089262440800667
33,pose,9,-1,0.4772549569606781,0.2000644952058792,-0.07785821706056595
33,pose,10,-1,0.45876070857048035,0.19625267386436462,-0.07840282469987869
33,pose,11,-1,0.5259472131729126,0.3024003505706787,0.06026516482234001
33,pose,12,-1,0.39573758840560913,0.3083500564098358,0.07489755004644394
33,pose,13,-1,0.529772937297821,0.48551076650619507,-0.028515702113509178
33,pose,14,-1,0.3721819818019867,0.5171957612037659,-0.03835379332304001
33,pose,15,-1,0.45809364318847656,0.3469547629356384,-0.1251506358385086
33,pose,16,-1,0.45019248127937317,0.39395278692245483,-0.19070293009281158
33,pose,17,-1,0.4373404383659363,0.3133537769317627,-0.15559574961662292
33,pose,18,-1,0.4657788872718811,0.37687116861343384,-0.223806232213974
33,pose,19,-1,0.43764999508857727,0.29160141944885254,-0.12995515763759613
33,pose,20,-1,0.4656093418598175,0.3588098883628845,-0.20132751762866974
33,pose,21,-1,0.4434187114238739,0.30422714352607727,-0.11518365889787674
33,pose,22,-1,0.46088939905166626,0.3608432114124298,-0.18319754302501678
33,pose,23,-1,0.5067408680915833,0.6890307664871216,0.0047500464133918285
33,pose,24,-1,0.4280506372451782,0.6976106762886047,-0.004197637550532818
33,pose,25,-1,0.5104438066482544,0.9628000855445862,-0.03047659993171692
33,pose,26,-1,0.4368794560432434,0.98483806848526,-0.020453711971640587
33,pose,27,-1,0.5172846913337708,1.2325817346572876,0.2122572809457779
33,pose,28,-1,0.45197752118110657,1.2260141372680664,0.20704275369644165
33,pose,29,-1,0.5184816122055054,1.2634745836257935,0.23210695385932922
33,pose,30,-1,0.4525666832923889,1.2512339353561401,0.22796419262886047
33,pose,31,-1,0.515092670917511,1.3164358139038086,0.12505824863910675
33,pose,32,-1,0.4609346091747284,1.310990571975708,0.10875068604946136
34,hand,0,0,0.458204060792923,0.32687562704086304,1.1192346960342547e-07
34,hand,1,0,0.4514188766479492,0.3012004494667053,-0.0004022972425445914
34,hand,2,0,0.43716442584991455,0.28546851873397827,-0.0027212698478251696
34,hand,3,0,0.4227404296398163,0.2880217730998993,-0.005403193645179272
34,hand,4,0,0.41224193572998047,0.29433923959732056,-0.008004628121852875
34,hand,5,0,0.4377185106277466,0.26836398243904114,-0.004757052753120661
34,hand,6,0,0.4291432797908783,0.24283820390701294,-0.010115892626345158
34,hand,7,0,0.4254074692726135,0.22573518753051758,-0.013412575237452984
34,hand,8,0,0.42336687445640564,0.21180857717990875,-0.01517500914633274
34,hand,9,0,0.43366751074790955,0.28028440475463867,-0.006884666159749031
34,hand,10,0,0.413275808095932,0.2689509391784668,-0.012030242010951042
34,hand,11,0,0.4018447697162628,0.26315996050834656,-0.014723427593708038
34,hand,12,0,0.393363893032074,0.2582548260688782,-0.01631932146847248
34,hand,13,0,0.4316311478614807,0.29545167088508606,-0.00866948813199997
34,hand,14,0,0.4164491295814514,0.2933773696422577,-0.013535766862332821
34,hand,15,0,0.42074957489967346,0.29740428924560547,-0.012612510472536087
34,hand,16,0,0.425666868686676,0.30049803853034973,-0.010638389736413956
34,hand,17,0,0.43062224984169006,0.3104197382926941,-0.01038430631160736
34,hand,18,0,0.42127493023872375,0.307209312915802,-0.013064815662801266
34,hand,19,0,0.425331175327301,0.30973902344703674,-0.01082503143697977
34,hand,20,0,0.4297144412994385,0.3111993968486786,-0.008220303803682327
34,pose,0,-1,0.47246497869491577,0.1708713322877884,-0.1200769916176796
34,pose,1,-1,0.4817458391189575,0.15044976770877838,-0.10029451549053192
34,pose,2,-1,0.4865509867668152,0.15182608366012573,-0.10037734359502792
34,pose,3,-1,0.49051815271377563,0.15331831574440002,-0.10039906948804855
34,pose,4,-1,0.4668235182762146,0.1446761190891266,-0.10073412209749222
34,pose,5,-1,0.4601684510707855,0.1419653594493866,-0.10079053044319153
34,pose,6,-1,0.45430800318717957,0.14037445187568665,-0.10078971832990646
34,pose,7,-1,0.49639323353767395,0.1654527485370636,0.024390194565057755
34,pose,8,-1,0.4429692327976227,0.1525525450706482,0.020322436466813087
34,pose,9,-1,0.4780441224575043,0.20056982338428497,-0.07180047780275345
34,pose,10,-1,0.4597667455673218,0.19670741260051727,-0.07333876937627792
34,pose,11,-1,0.5260440707206726,0.3025493621826172,0.07007361948490143
34,pose,12,-1,0.3959270119667053,0.3063427805900574,0.07514706254005432
34,pose,13,-1,0.5289005637168884,0.48712801933288574,-0.0175399798899889
34,pose,14,-1,0.3722378611564636,0.5135043263435364,-0.04127642884850502
34,pose,15,-1,0.45973968505859375,0.3471513092517853,-0.11740957200527191
34,pose,16,-1,0.45307657122612,0.3725029230117798,-0.18468604981899261
34,pose,17,-1,0.43955448269844055,0.31278762221336365,-0.1488223373889923
34,pose,18,-1,0.46621188521385193,0.343086838722229,-0.21720384061336517
34,pose,19,-1,0.4407205581665039,0.2914174497127533,-0.12361586838960648
34,pose,20,-1,0.4645944833755493,0.3216041028499603,-0.19515839219093323
34,pose,21,-1,0.44643208384513855,0.3039163649082184,-0.10832050442695618
34,pose,22,-1,0.46055975556373596,0.3325826823711395,-0.1773693561553955
34,pose,23,-1,0.5067011117935181,0.6897019743919373,0.005897457245737314
34,pose,24,-1,0.4276755750179291,0.6994063258171082,-0.005328006111085415
34,pose,25,-1,0.5104520320892334,0.9654760360717773,-0.030658431351184845
34,pose,26,-1,0.4368923008441925,0.9885541200637817,-0.021622341126203537
34,pose,27,-1,0.5167741775512695,1.2345225811004639,0.2060573548078537
34,pose,28,-1,0.4519541561603546,1.2304590940475464,0.20651082694530487
34,pose,29,-1,0.5177017450332642,1.2656651735305786,0.22505006194114685
34,pose,30,-1,0.45255857706069946,1.2555755376815796,0.22742599248886108
34,pose,31,-1,0.5149322152137756,1.3190919160842896,0.11301840841770172
34,pose,32,-1,0.4602392613887787,1.3153663873672485,0.10662436485290527
35,hand,0,0,0.46210089325904846,0.3229638338088989,1.0313643628023783e-07
35,hand,1,0,0.4577464759349823,0.29645806550979614,-0.0009213456651195884
35,hand,2,0,0.44564133882522583,0.28091320395469666,-0.0036633205600082874
35,hand,3,0,0.4317013919353485,0.2819693386554718,-0.006325751543045044
35,hand,4,0,0.42127302289009094,0.28721094131469727,-0.00890254881232977
35,hand,5,0,0.4443347156047821,0.26793143153190613,-0.008001305162906647
35,hand,6,0,0.43527281284332275,0.242735356092453,-0.012645451352000237
35,hand,7,0,0.4311768114566803,0.22640076279640198,-0.015102044679224491
35,hand,8,0,0.4286845922470093,0.21327292919158936,-0.01624959148466587
35,hand,9,0,0.43907874822616577,0.2814804017543793,-0.009065033867955208
35,hand,10,0,0.41893470287323,0.2685270607471466,-0.013952087610960007
35,hand,11,0,0.40691083669662476,0.26086094975471497,-0.016333745792508125
35,hand,12,0,0.3977639079093933,0.25611016154289246,-0.017670048400759697
35,hand,13,0,0.4359634518623352,0.2962506413459778,-0.009371520020067692
35,hand,14,0,0.42330360412597656,0.289404958486557,-0.01338214986026287
35,hand,15,0,0.4280240535736084,0.2895493805408478,-0.012313388288021088
35,hand,16,0,0.43279600143432617,0.2920535206794739,-0.010366975329816341
35,hand,17,0,0.43474844098091125,0.30906999111175537,-0.009511000476777554
35,hand,18,0,0.4272656738758087,0.3006241023540497,-0.010887688025832176
35,hand,19,0,0.43141812086105347,0.30109289288520813,-0.008026305586099625
35,hand,20,0,0.43569448590278625,0.30328577756881714,-0.005112030543386936
35,pose,0,-1,0.47257667779922485,0.17113177478313446,-0.1272815316915512
35,pose,1,-1,0.4819125831127167,0.15073053538799286,-0.10750006884336472
35,pose,2,-1,0.48674434423446655,0.15222366154193878,-0.10758083313703537
35,pose,3,-1,0.4907092750072479,0.15379951894283295,-0.107594333589077
35,pose,4,-1,0.4670489430427551,0.14486372470855713,-0.10796037316322327
35,pose,5,-1,0.46047085523605347,0.14202721416950226,-0.10802054405212402
35,pose,6,-1,0.45468124747276306,0.14035052061080933,-0.10802773386240005
35,pose,7,-1,0.49707597494125366,0.16640987992286682,0.01860017143189907
35,pose,8,-1,0.4436073899269104,0.15227018296718597,0.014003024436533451
35,pose,9,-1,0.4782114326953888,0.2009974718093872,-0.07865516096353531
35,pose,10,-1,0.45994386076927185,0.19701571762561798,-0.08023158460855484
35,pose,11,-1,0.5268194079399109,0.30305227637290955,0.06891953200101852
35,pose,12,-1,0.39598309993743896,0.3064037561416626,0.07016511261463165
35,pose,13,-1,0.5296186208724976,0.48959431052207947,-0.026458583772182465
35,pose,14,-1,0.3708212673664093,0.5118634700775146,-0.05514991283416748
35,pose,15,-1,0.4599728286266327,0.34672877192497253,-0.15310707688331604
35,pose,16,-1,0.446773499250412,0.37420767545700073,-0.21117860078811646
35,pose,17,-1,0.44222328066825867,0.3119083344936371,-0.18799015879631042
35,pose,18,-1,0.45985662937164307,0.3414803445339203,-0.24429622292518616
35,pose,19,-1,0.443513959646225,0.2904491126537323,-0.16267657279968262
35,pose,20,-1,0.46183469891548157,0.32023265957832336,-0.21864376962184906
35,pose,21,-1,0.45021259784698486,0.3035963475704193,-0.14475195109844208
35,pose,22,-1,0.4570876657962799,0.3307788372039795,-0.20255738496780396
35,pose,23,-1,0.5067021250724792,0.6905807852745056,0.006628111004829407
35,pose,24,-1,0.42754507064819336,0.6998984217643738,-0.006066835485398769
35,pose,25,-1,0.510397732257843,0.9656965732574463,-0.02963448315858841
35,pose,26,-1,0.4369094967842102,0.9899960160255432,-0.02925283834338188
35,pose,27,-1,0.5137771368026733,1.2358301877975464,0.20916694402694702
35,pose,28,-1,0.4519999325275421,1.2348872423171997,0.18907615542411804
35,pose,29,-1,0.5141567587852478,1.2666246891021729,0.2288973480463028
35,pose,30,-1,0.45258277654647827,1.260235071182251,0.20797163248062134
35,pose,31,-1,0.512137770652771,1.321457028388977,0.11721893399953842
35,pose,32,-1,0.46020564436912537,1.3207241296768188,0.08226145058870316
36,hand,0,0,0.47625571489334106,0.35272151231765747,-8.899544989837693e-10
36,hand,1,0,0.47671952843666077,0.32702574133872986,-0.0015293878968805075
36,hand,2,0,0.47066235542297363,0.3023199439048767,-0.004870160017162561
36,hand,3,0,0.46336978673934937,0.2831411361694336,-0.008285079151391983
36,hand,4,0,0.45754626393318176,0.2701708674430847,-0.012820855714380741
36,hand,5,0,0.467442125082016,0.2929740846157074,-0.011147523298859596
36,hand,6,0,0.45564985275268555,0.2684704065322876,-0.018031127750873566
36,hand,7,0,0.44675812125205994,0.25251996517181396,-0.023145055398344994
36,hand,8,0,0.4403696656227112,0.24006369709968567,-0.02637643553316593
36,hand,9,0,0.46476587653160095,0.30319878458976746,-0.013323185965418816
36,hand,10,0,0.44785410165786743,0.2844406068325043,-0.01932961493730545
36,hand,11,0,0.4341983199119568,0.27393049001693726,-0.023038653656840324
36,hand,12,0,0.423987478017807,0.26839500665664673,-0.02592100389301777
36,hand,13,0,0.4621899425983429,0.31571999192237854,-0.015003163367509842
36,hand,14,0,0.445916086435318,0.2992512583732605,-0.021013809368014336
36,hand,15,0,0.4341842234134674,0.2896152436733246,-0.02316693775355816
36,hand,16,0,0.42602816224098206,0.28505298495292664,-0.024385981261730194
36,hand,17,0,0.46063894033432007,0.32872411608695984,-0.01643306389451027
36,hand,18,0,0.44869527220726013,0.31478869915008545,-0.020671920850872993
36,hand,19,0,0.44048216938972473,0.3076927363872528,-0.02068566158413887
36,hand,20,0,0.434283047914505,0.30368295311927795,-0.020352499559521675
36,hand,0,1,0.47083577513694763,0.3119119107723236,1.0783790571622376e-07
36,hand,1,1,0.4668310582637787,0.28718703985214233,-0.0030786991119384766
36,hand,2,1,0.45568180084228516,0.2696148753166199,-0.007590523920953274
36,hand,3,1,0.4433390498161316,0.2674068212509155,-0.011530207470059395
36,hand,4,1,0.43332749605178833,0.27395951747894287,-0.01552112028002739
36,hand,5,1,0.45712149143218994,0.2623438239097595,-0.013321906328201294
36,hand,6,1,0.4509461224079132,0.23732346296310425,-0.019232572987675667
36,hand,7,1,0.44765570759773254,0.22444994747638702,-0.02229544334113598
36,hand,8,1,0.44620466232299805,0.21615487337112427,-0.023716114461421967
36,hand,9,1,0.453770250082016,0.2791658341884613,-0.014127805829048157
36,hand,10,1,0.432502418756485,0.2652851641178131,-0.019782818853855133
36,hand,11,1,0.4198116064071655,0.2568681836128235,-0.021520569920539856
36,hand,12,1,0.41096821427345276,0.25200971961021423,-0.022582871839404106
36,hand,13,1,0.45086967945098877,0.2963995337486267,-0.014378697611391544
36,hand,14,1,0.43220993876457214,0.28345078229904175,-0.0191920455545187
36,hand,15,1,0.4337595999240875,0.2805185317993164,-0.01709451526403427
36,hand,16,1,0.4380251169204712,0.28214922547340393,-0.014534806832671165
36,hand,17,1,0.44882315397262573,0.30953505635261536,-0.014569106511771679
36,hand,18,1,0.43639713525772095,0.29682841897010803,-0.016862334683537483
36,hand,19,1,0.4387044310569763,0.29258042573928833,-0.01359337754547596
36,hand,20,1,0.4432644844055176,0.29271113872528076,-0.010431695729494095
36,pose,0,-1,0.47274866700172424,0.17247110605239868,-0.12116542458534241
36,pose,1,-1,0.48217350244522095,0.15145201981067657,-0.10054274648427963
36,pose,2,-1,0.48696616291999817,0.15305903553962708,-0.10064051300287247
36,pose,3,-1,0.49093520641326904,0.15472805500030518,-0.1006622314453125
36,pose,4,-1,0.4675821363925934,0.14571326971054077,-0.10054580867290497
36,pose,5,-1,0.46145591139793396,0.1428757905960083,-0.10063174366950989
36,pose,6,-1,0.4556110203266144,0.14082729816436768,-0.10062775015830994
36,pose,7,-1,0.497808039188385,0.16729500889778137,0.027291562408208847
36,pose,8,-1,0.44492894411087036,0.15222252905368805,0.023865723982453346
36,pose,9,-1,0.478400319814682,0.20231659710407257,-0.07206104695796967
36,pose,10,-1,0.46035993099212646,0.1979663372039795,-0.07338345795869827
36,pose,11,-1,0.5269380211830139,0.30382391810417175,0.07773586362600327
36,pose,12,-1,0.3960246443748474,0.306767076253891,0.08482980728149414
36,pose,13,-1,0.5312798619270325,0.4942212700843811,-0.023242278024554253
36,pose,14,-1,0.3684324622154236,0.5097559690475464,-0.04242477938532829
36,pose,15,-1,0.470378041267395,0.35064008831977844,-0.1597151756286621
36,pose,16,-1,0.4459116756916046,0.38073939085006714,-0.20450705289840698
36,pose,17,-1,0.45680245757102966,0.3163411021232605,-0.19633205235004425
36,pose,18,-1,0.4572376012802124,0.3473043143749237,-0.2392233908176422
36,pose,19,-1,0.458359032869339,0.2945057153701782,-0.17196528613567352
36,pose,20,-1,0.46091681718826294,0.32519999146461487,-0.21495972573757172
36,pose,21,-1,0.4624881446361542,0.30777862668037415,-0.15164470672607422
36,pose,22,-1,0.4563073515892029,0.3346043825149536,-0.19656898081302643
36,pose,23,-1,0.5066816210746765,0.6906514763832092,0.0062318299897015095
36,pose,24,-1,0.42749807238578796,0.6998371481895447,-0.005710281897336245
36,pose,25,-1,0.5102258920669556,0.9657406210899353,-0.041003625839948654
36,pose,26,-1,0.43698009848594666,0.989713191986084,-0.04921591654419899
36,pose,27,-1,0.5136365294456482,1.235517144203186,0.20939870178699493
36,pose,28,-1,0.4522259533405304,1.2342323064804077,0.18715932965278625
36,pose,29,-1,0.5140639543533325,1.266322135925293,0.2308514267206192
36,pose,30,-1,0.45293474197387695,1.259296178817749,0.20766694843769073
36,pose,31,-1,0.5120700001716614,1.3214143514633179,0.12569007277488708
36,pose,32,-1,0.46024367213249207,1.3201087713241577,0.08459111303091049
37,pose,0,-1,0.47315219044685364,0.17372825741767883,-0.10991682857275009
37,pose,1,-1,0.4828447997570038,0.15208324790000916,-0.08708269894123077
37,pose,2,-1,0.4874744117259979,0.15365886688232422,-0.08717327564954758
37,pose,3,-1,0.49159926176071167,0.15532344579696655,-0.08718053996562958
37,pose,4,-1,0.4680250287055969,0.1468423753976822,-0.08811154961585999
37,pose,5,-1,0.4619288146495819,0.1441139429807663,-0.08820920437574387
37,pose,6,-1,0.45607927441596985,0.14175944030284882,-0.08816700428724289
37,pose,7,-1,0.49815189838409424,0.1683337539434433,0.04739212617278099
37,pose,8,-1,0.44530630111694336,0.15244174003601074,0.03791356459259987
37,pose,9,-1,0.4787493050098419,0.20319876074790955,-0.0589873231947422
37,pose,10,-1,0.46096527576446533,0.19884857535362244,-0.06185531988739967
37,pose,11,-1,0.5276191234588623,0.3066534996032715,0.10034777969121933
37,pose,12,-1,0.39612990617752075,0.3074195981025696,0.10523747652769089
37,pose,13,-1,0.5380261540412903,0.4961548447608948,-0.012324436567723751
37,pose,14,-1,0.36297115683555603,0.5080627202987671,-0.03753701597452164
37,pose,15,-1,0.4837207496166229,0.3500434160232544,-0.16830433905124664
37,pose,16,-1,0.42516663670539856,0.3891640901565552,-0.2127246856689453
37,pose,17,-1,0.47102126479148865,0.3160099983215332,-0.20727144181728363
37,pose,18,-1,0.4428423047065735,0.3617396056652069,-0.2513781487941742
37,pose,19,-1,0.470929354429245,0.29236727952957153,-0.18363244831562042
37,pose,20,-1,0.44596195220947266,0.3370833992958069,-0.23034000396728516
37,pose,21,-1,0.4737822711467743,0.3068271577358246,-0.16076068580150604
37,pose,22,-1,0.44401901960372925,0.3432741165161133,-0.20687875151634216
37,pose,23,-1,0.5064826607704163,0.6904303431510925,0.006767206825315952
37,pose,24,-1,0.4271750748157501,0.6981658935546875,-0.006245461758226156
37,pose,25,-1,0.5101732611656189,0.9656901955604553,-0.04552299901843071
37,pose,26,-1,0.43686679005622864,0.9896013140678406,-0.061864469200372696
37,pose,27,-1,0.5135809183120728,1.2348257303237915,0.21459375321865082
37,pose,28,-1,0.4502800405025482,1.2338446378707886,0.1860247105360031
37,pose,29,-1,0.5139942765235901,1.2651346921920776,0.23762661218643188
37,pose,30,-1,0.45068585872650146,1.2591506242752075,0.20736166834831238
37,pose,31,-1,0.5121541619300842,1.3205593824386597,0.13286705315113068
37,pose,32,-1,0.45819753408432007,1.3199236392974854,0.08408066630363464
38,hand,0,0,0.4948190152645111,0.302365779876709,-1.1015889356258413e-07
38,hand,1,0,0.48533743619918823,0.27926021814346313,0.00020664239127654582
38,hand,2,0,0.47322019934654236,0.2604895830154419,-0.0021299864165484905
38,hand,3,0,0.4608433246612549,0.2532505691051483,-0.005007598549127579
38,hand,4,0,0.4501907229423523,0.2501920163631439,-0.00856704916805029
38,hand,5,0,0.4822405278682709,0.23671939969062805,-0.0037517326418310404
38,hand,6,0,0.4658917188644409,0.23172882199287415,-0.008280767127871513
38,hand,7,0,0.4541998505592346,0.2349977195262909,-0.012450020760297775
38,hand,8,0,0.4462316930294037,0.2378372848033905,-0.015397102572023869
38,hand,9,0,0.48505422472953796,0.25003960728645325,-0.006614971905946732
38,hand,10,0,0.4653977155685425,0.24944499135017395,-0.00976477563381195
38,hand,11,0,0.453448623418808,0.25166574120521545,-0.012809976935386658
38,hand,12,0,0.44478753209114075,0.2529458701610565,-0.015887856483459473
38,hand,13,0,0.48621898889541626,0.2674162685871124,-0.009407027624547482
38,hand,14,0,0.46838149428367615,0.26944997906684875,-0.012767779640853405
38,hand,15,0,0.4577755331993103,0.27038538455963135,-0.014018500223755836
38,hand,16,0,0.4504370391368866,0.2702985405921936,-0.015261147171258926
38,hand,17,0,0.48559409379959106,0.28611308336257935,-0.012013695202767849
38,hand,18,0,0.4714299738407135,0.2844107449054718,-0.0157456211745739
38,hand,19,0,0.4626455008983612,0.2834314703941345,-0.01601453311741352
38,hand,20,0,0.4557088017463684,0.282914936542511,-0.01590915210545063
38,hand,0,1,0.4112103581428528,0.36911964416503906,7.727510364929913e-08
38,hand,1,1,0.42382705211639404,0.34908828139305115,-0.0010907420655712485
38,hand,2,1,0.4341658353805542,0.32931849360466003,-0.0040944963693618774
38,hand,3,1,0.43832865357398987,0.3126750588417053,-0.0072410814464092255
38,hand,4,1,0.4402344822883606,0.30115842819213867,-0.010839369148015976
38,hand,5,1,0.4287022650241852,0.3221684992313385,-0.012466670013964176
38,hand,6,1,0.43737390637397766,0.30449968576431274,-0.019614819437265396
38,hand,7,1,0.4452230930328369,0.301288366317749,-0.023487422615289688
38,hand,8,1,0.45242053270339966,0.302998423576355,-0.025770362466573715
38,hand,9,1,0.4222169816493988,0.3323759436607361,-0.015849070623517036
38,hand,10,1,0.4354741871356964,0.32537609338760376,-0.023137763142585754
38,hand,11,1,0.44593676924705505,0.3268437683582306,-0.025713765993714333
38,hand,12,1,0.45474889874458313,0.33124151825904846,-0.027341041713953018
38,hand,13,1,0.4165795147418976,0.3458486795425415,-0.018987691029906273
38,hand,14,1,0.43060067296028137,0.34791308641433716,-0.026130886748433113
38,hand,15,1,0.44164952635765076,0.35039839148521423,-0.02783210016787052
38,hand,16,1,0.4506763815879822,0.3528352975845337,-0.028576955199241638
38,hand,17,1,0.4124753475189209,0.3607421815395355,-0.02196124568581581
38,hand,18,1,0.42276066541671753,0.3620144724845886,-0.027174314484000206
38,hand,19,1,0.42991289496421814,0.36310064792633057,-0.027793411165475845
38,hand,20,1,0.43553608655929565,0.3638022840023041,-0.02797466143965721
38,pose,0,-1,0.4731287956237793,0.17582495510578156,-0.11303617805242538
38,pose,1,-1,0.48267850279808044,0.15248221158981323,-0.09040845185518265
38,pose,2,-1,0.48727989196777344,0.15387935936450958,-0.09049511700868607
38,pose,3,-1,0.49144408106803894,0.1554700881242752,-0.09051910787820816
38,pose,4,-1,0.46782734990119934,0.14831537008285522,-0.08919266611337662
38,pose,5,-1,0.4616507887840271,0.14631858468055725,-0.089295394718647
38,pose,6,-1,0.4558154046535492,0.14431728422641754,-0.08926093578338623
38,pose,7,-1,0.49838030338287354,0.16863304376602173,0.043326206505298615
38,pose,8,-1,0.44551533460617065,0.1545453816652298,0.04605235531926155
38,pose,9,-1,0.4787469208240509,0.2046853005886078,-0.0625506341457367
38,pose,10,-1,0.46090421080589294,0.2008979469537735,-0.0623205341398716
38,pose,11,-1,0.5299551486968994,0.31038400530815125,0.09763814508914948
38,pose,12,-1,0.3969355821609497,0.3086945414543152,0.1165851503610611
38,pose,13,-1,0.5443275570869446,0.4962199926376343,-0.018703170120716095
38,pose,14,-1,0.3583599030971527,0.5075646042823792,-0.026555823162198067
38,pose,15,-1,0.4923384487628937,0.34083956480026245,-0.17575021088123322
38,pose,16,-1,0.41369879245758057,0.3844570517539978,-0.2163929045200348
38,pose,17,-1,0.4798654615879059,0.29857537150382996,-0.2191203534603119
38,pose,18,-1,0.4297693371772766,0.35737937688827515,-0.25688502192497253
38,pose,19,-1,0.4809647798538208,0.2766275107860565,-0.19155246019363403
38,pose,20,-1,0.4328067898750305,0.33545657992362976,-0.23293933272361755
38,pose,21,-1,0.482203871011734,0.2955000698566437,-0.16655713319778442
38,pose,22,-1,0.4320213496685028,0.3419296145439148,-0.21027809381484985
38,pose,23,-1,0.5063074827194214,0.6902081370353699,0.006633752956986427
38,pose,24,-1,0.4270976781845093,0.6966679692268372,-0.006114545743912458
38,pose,25,-1,0.5101854801177979,0.9655968546867371,-0.0557292141020298
38,pose,26,-1,0.4368725121021271,0.9876900911331177,-0.07024867832660675
38,pose,27,-1,0.5117703676223755,1.2259260416030884,0.23078563809394836
38,pose,28,-1,0.4502998888492584,1.2291487455368042,0.1837843954563141
38,pose,29,-1,0.5121006965637207,1.2533717155456543,0.2570669949054718
38,pose,30,-1,0.450715571641922,1.2539900541305542,0.20599624514579773
38,pose,31,-1,0.5098251700401306,1.3123294115066528,0.152158722281456
38,pose,32,-1,0.4582846760749817,1.315488338470459,0.08127130568027496
39,hand,0,0,0.3952881693840027,0.3664399981498718,7.460945994353096e-08
39,hand,1,0,0.41030147671699524,0.35171961784362793,0.00010420040780445561
39,hand,2,0,0.42226654291152954,0.3396623730659485,-0.002478290582075715
39,hand,3,0,0.4315182566642761,0.3355557322502136,-0.00578325567767024
39,hand,4,0,0.43761032819747925,0.3361218571662903,-0.009368023835122585
39,hand,5,0,0.41278550028800964,0.318940132856369,-0.00474166264757514
39,hand,6,0,0.4169575273990631,0.30610647797584534,-0.009857920929789543
39,hand,7,0,0.42160120606422424,0.3004331886768341,-0.013675415888428688
39,hand,8,0,0.4257771670818329,0.2981741726398468,-0.016491638496518135
39,hand,9,0,0.4075829088687897,0.32603704929351807,-0.008005376905202866
39,hand,10,0,0.420371949672699,0.3253631591796875,-0.013771673664450645
39,hand,11,0,0.4290641248226166,0.3290880620479584,-0.017001179978251457
39,hand,12,0,0.43633490800857544,0.3332132399082184,-0.019296733662486076
39,hand,13,0,0.4036092758178711,0.3363925516605377,-0.011297158896923065
39,hand,14,0,0.4163513481616974,0.33713558316230774,-0.017316997051239014
39,hand,15,0,0.4252031445503235,0.3386516273021698,-0.01947903260588646
39,hand,16,0,0.4327292740345001,0.3400915861129761,-0.020697329193353653
39,hand,17,0,0.4007195234298706,0.348367303609848,-0.014491593465209007
39,hand,18,0,0.41049009561538696,0.35062146186828613,-0.019173532724380493
39,hand,19,0,0.41705194115638733,0.3510817587375641,-0.02054768241941929
39,hand,20,0,0.423147052526474,0.3505100607872009,-0.021384088322520256
39,pose,0,-1,0.47301599383354187,0.17552435398101807,-0.1148424968123436
39,pose,1,-1,0.48252183198928833,0.1524553894996643,-0.08935856074094772
39,pose,2,-1,0.4871502220630646,0.1538601517677307,-0.08944495767354965
39,pose,3,-1,0.49132606387138367,0.15543200075626373,-0.0894441083073616
39,pose,4,-1,0.4676465392112732,0.1482979655265808,-0.08916624635457993
39,pose,5,-1,0.4615715742111206,0.14628851413726807,-0.0892573893070221
39,pose,6,-1,0.45573362708091736,0.1442875862121582,-0.08922231942415237
39,pose,7,-1,0.49850136041641235,0.16880518198013306,0.04641595855355263
39,pose,8,-1,0.4460652470588684,0.15477417409420013,0.04260933771729469
39,pose,9,-1,0.4787359833717346,0.20464615523815155,-0.06549397110939026
39,pose,10,-1,0.46083879470825195,0.20072561502456665,-0.06660943478345871
39,pose,11,-1,0.530117392539978,0.3178747296333313,0.09626849740743637
39,pose,12,-1,0.39760124683380127,0.3098917603492737,0.10438222438097
39,pose,13,-1,0.5500233769416809,0.5023865103721619,-0.023813994601368904
39,pose,14,-1,0.35565465688705444,0.5078664422035217,-0.0416964516043663
39,pose,15,-1,0.513544499874115,0.3328431248664856,-0.19601504504680634
39,pose,16,-1,0.4029688835144043,0.3738362193107605,-0.23917633295059204
39,pose,17,-1,0.5069531798362732,0.28383880853652954,-0.23893097043037415
39,pose,18,-1,0.41370436549186707,0.34789061546325684,-0.27854153513908386
39,pose,19,-1,0.5087649822235107,0.26377442479133606,-0.21004414558410645
39,pose,20,-1,0.4169730842113495,0.3296841084957123,-0.2528308033943176
39,pose,21,-1,0.5064553618431091,0.2855178415775299,-0.18745432794094086
39,pose,22,-1,0.4172568619251251,0.3370547294616699,-0.23278027772903442
39,pose,23,-1,0.5062733292579651,0.6900551915168762,0.00675908662378788
39,pose,24,-1,0.42704641819000244,0.6955168843269348,-0.006241959054023027
39,pose,25,-1,0.5101478099822998,0.965476930141449,-0.05748885124921799
39,pose,26,-1,0.43677350878715515,0.9861562252044678,-0.05605394020676613
39,pose,27,-1,0.5118047595024109,1.230188250541687,0.20677171647548676
39,pose,28,-1,0.4502590596675873,1.2286171913146973,0.20533257722854614
39,pose,29,-1,0.5121837258338928,1.2579138278961182,0.22917038202285767
39,pose,30,-1,0.450616717338562,1.2531858682632446,0.22878499329090118
39,pose,31,-1,0.5098350644111633,1.3161466121673584,0.12292884290218353
39,pose,32,-1,0.4583248198032379,1.3139816522598267,0.11006198823451996
40,pose,0,-1,0.47368067502975464,0.17548879981040955,-0.11105935275554657
40,pose,1,-1,0.4832156002521515,0.15251025557518005,-0.08296854794025421
40,pose,2,-1,0.4877988398075104,0.15388517081737518,-0.08306626975536346
40,pose,3,-1,0.49192097783088684,0.1554359793663025,-0.0830782800912857
40,pose,4,-1,0.46841371059417725,0.14852280914783478,-0.08405094593763351
40,pose,5,-1,0.46248337626457214,0.14660421013832092,-0.08414196223020554
40,pose,6,-1,0.456656277179718,0.1447163224220276,-0.08408255130052567
40,pose,7,-1,0.49913904070854187,0.16933073103427887,0.056610241532325745
40,pose,8,-1,0.4470912516117096,0.15532056987285614,0.0457618311047554
40,pose,9,-1,0.479645699262619,0.20468659698963165,-0.06176825985312462
40,pose,10,-1,0.4617456793785095,0.20079080760478973,-0.06478726118803024
40,pose,11,-1,0.5299123525619507,0.32415372133255005,0.10670797526836395
40,pose,12,-1,0.39945414662361145,0.30998894572257996,0.11008104681968689
40,pose,13,-1,0.5562952160835266,0.5066982507705688,-0.01517142727971077
40,pose,14,-1,0.3541397750377655,0.5079494118690491,-0.029372192919254303
40,pose,15,-1,0.5339881777763367,0.3294503390789032,-0.19540901482105255
40,pose,16,-1,0.38911134004592896,0.36825883388519287,-0.22531244158744812
40,pose,17,-1,0.5330679416656494,0.2817007005214691,-0.23749230802059174
40,pose,18,-1,0.39400550723075867,0.3302692770957947,-0.26597490906715393
40,pose,19,-1,0.5343557596206665,0.26283472776412964,-0.2108018398284912
40,pose,20,-1,0.3968246281147003,0.31915372610092163,-0.2455356866121292
40,pose,21,-1,0.5301330089569092,0.28375086188316345,-0.18650957942008972
40,pose,22,-1,0.3988783657550812,0.33232471346855164,-0.22146065533161163
40,pose,23,-1,0.5062711238861084,0.6891790628433228,0.007722684647887945
40,pose,24,-1,0.42727935314178467,0.6937010884284973,-0.007239797618240118
40,pose,25,-1,0.5100745558738708,0.9654155373573303,-0.0412299707531929
40,pose,26,-1,0.436747282743454,0.9861263632774353,-0.05705741420388222
40,pose,27,-1,0.5118259787559509,1.2301393747329712,0.216847762465477
40,pose,28,-1,0.4521850049495697,1.2286019325256348,0.2035682201385498
40,pose,29,-1,0.5123438239097595,1.2578953504562378,0.23966826498508453
40,pose,30,-1,0.4528859853744507,1.2529839277267456,0.22676032781600952
40,pose,31,-1,0.5099118947982788,1.3156133890151978,0.14678797125816345
40,pose,32,-1,0.46067190170288086,1.3138384819030762,0.1165432557463646
41,hand,0,0,0.5518566966056824,0.33781954646110535,-2.8414842034862886e-08
41,hand,1,0,0.5444750785827637,0.31495898962020874,-0.0020970413461327553
41,hand,2,0,0.5447478890419006,0.2944958508014679,-0.0038659311830997467
41,hand,3,0,0.5480681657791138,0.28294554352760315,-0.0063023995608091354
41,hand,4,0,0.5510339736938477,0.27937763929367065,-0.008786417543888092
41,hand,5,0,0.5607088208198547,0.27955639362335205,-0.002607254544273019
41,hand,6,0,0.5656675100326538,0.2584475874900818,-0.006466246675699949
41,hand,7,0,0.5698915123939514,0.24411866068840027,-0.009131873026490211
41,hand,8,0,0.573853611946106,0.23306898772716522,-0.011170666664838791
41,hand,9,0,0.5642173290252686,0.28512242436408997,-0.004172091372311115
41,hand,10,0,0.5507185459136963,0.27757832407951355,-0.010280716232955456
41,hand,11,0,0.5462543368339539,0.2861616909503937,-0.01160634309053421
41,hand,12,0,0.5475342273712158,0.29413169622421265,-0.011467337608337402
41,hand,13,0,0.5641648173332214,0.292999267578125,-0.00614184932783246
41,hand,14,0,0.549762487411499,0.2875370979309082,-0.011041448451578617
41,hand,15,0,0.5464208126068115,0.29454201459884644,-0.009401260875165462
41,hand,16,0,0.5481030344963074,0.3001069724559784,-0.007336542941629887
41,hand,17,0,0.5621019005775452,0.3021191656589508,-0.00862129032611847
41,hand,18,0,0.5491504669189453,0.29740655422210693,-0.011271133087575436
41,hand,19,0,0.545548677444458,0.30216923356056213,-0.009670933708548546
41,hand,20,0,0.5461947321891785,0.3063410520553589,-0.007616599556058645
41,hand,0,1,0.3772353529930115,0.36496537923812866,8.352792946197951e-08
41,hand,1,1,0.3835892379283905,0.3472842276096344,-0.005672410596162081
41,hand,2,1,0.38690733909606934,0.330239862203598,-0.010348876938223839
41,hand,3,1,0.38843831419944763,0.3189409375190735,-0.014832512475550175
41,hand,4,1,0.3859958052635193,0.31587401032447815,-0.019214607775211334
41,hand,5,1,0.3749164640903473,0.30816546082496643,-0.011361191049218178
41,hand,6,1,0.36931079626083374,0.283246785402298,-0.018623869866132736
41,hand,7,1,0.36700907349586487,0.27005836367607117,-0.023308532312512398
41,hand,8,1,0.36389684677124023,0.26025739312171936,-0.026243846863508224
41,hand,9,1,0.3708510398864746,0.3172067701816559,-0.012979988008737564
41,hand,10,1,0.3692215383052826,0.29709482192993164,-0.02041207253932953
41,hand,11,1,0.3692433536052704,0.28658854961395264,-0.024109147489070892
41,hand,12,1,0.3680793046951294,0.27876031398773193,-0.026080552488565445
41,hand,13,1,0.36836913228034973,0.331245094537735,-0.015019414946436882
41,hand,14,1,0.372670978307724,0.3269663453102112,-0.022798120975494385
41,hand,15,1,0.38089051842689514,0.3270377814769745,-0.024679701775312424
41,hand,16,1,0.3871014416217804,0.3282836079597473,-0.024559559300541878
41,hand,17,1,0.3675176501274109,0.3479209840297699,-0.01746424287557602
41,hand,18,1,0.37306737899780273,0.347495436668396,-0.02337324433028698
41,hand,19,1,0.37993332743644714,0.3474442660808563,-0.024099139496684074
41,hand,20,1,0.3851817846298218,0.348530113697052,-0.023604676127433777
41,pose,0,-1,0.4741615951061249,0.17533521354198456,-0.11947936564683914
41,pose,1,-1,0.4838271737098694,0.1524854153394699,-0.08488954603672028
41,pose,2,-1,0.48843562602996826,0.15385301411151886,-0.08502638339996338
41,pose,3,-1,0.49277588725090027,0.15540307760238647,-0.0850880816578865
41,pose,4,-1,0.4687599539756775,0.148536816239357,-0.08430709689855576
41,pose,5,-1,0.4630289673805237,0.14667677879333496,-0.08437373489141464
41,pose,6,-1,0.45716142654418945,0.14489299058914185,-0.08444821834564209
41,pose,7,-1,0.4999149739742279,0.16936267912387848,0.04826746881008148
41,pose,8,-1,0.4481237530708313,0.1560555249452591,0.04034014791250229
41,pose,9,-1,0.48085716366767883,0.2046569436788559,-0.06855622678995132
41,pose,10,-1,0.4625650942325592,0.20077478885650635,-0.07047376036643982
41,pose,11,-1,0.5313233137130737,0.3260546922683716,0.09949743747711182
41,pose,12,-1,0.3999793827533722,0.31102925539016724,0.11706497520208359
41,pose,13,-1,0.5592626929283142,0.5095933675765991,-0.023550285026431084
41,pose,14,-1,0.35374385118484497,0.5091773271560669,-0.019403230398893356
41,pose,15,-1,0.5520150065422058,0.3298474848270416,-0.2356640249490738
41,pose,16,-1,0.374474436044693,0.3628970682621002,-0.2581920325756073
41,pose,17,-1,0.5542909502983093,0.28396978974342346,-0.28368079662323
41,pose,18,-1,0.3738878071308136,0.31951868534088135,-0.30410924553871155
41,pose,19,-1,0.5564249157905579,0.26495909690856934,-0.2657584547996521
41,pose,20,-1,0.37503162026405334,0.3055878281593323,-0.2886209785938263
41,pose,21,-1,0.5515085458755493,0.2846938371658325,-0.23233813047409058
41,pose,22,-1,0.37889784574508667,0.32251977920532227,-0.2586435377597809
41,pose,23,-1,0.5063871145248413,0.6881154775619507,0.007153552491217852
41,pose,24,-1,0.42727869749069214,0.6917786598205566,-0.006690396927297115
41,pose,25,-1,0.5100563764572144,0.9654248356819153,-0.05648944526910782
41,pose,26,-1,0.4365758001804352,0.9861043095588684,-0.06162277236580849
41,pose,27,-1,0.511913001537323,1.230306625366211,0.2155303806066513
41,pose,28,-1,0.45294326543807983,1.2284717559814453,0.2274712473154068
41,pose,29,-1,0.5124359130859375,1.2579916715621948,0.23900918662548065
41,pose,30,-1,0.4539003074169159,1.2521233558654785,0.2550636827945709
41,pose,31,-1,0.5100082159042358,1.3161745071411133,0.14660866558551788
41,pose,32,-1,0.46175095438957214,1.3137657642364502,0.14580567181110382
42,hand,0,0,0.5640271306037903,0.34260454773902893,1.0524279225876398e-08
42,hand,1,0,0.5581491589546204,0.3165842592716217,-0.0024849921464920044
42,hand,2,0,0.5597470998764038,0.2950059771537781,-0.004892728291451931
42,hand,3,0,0.5650581121444702,0.2868210971355438,-0.007927018217742443
42,hand,4,0,0.5705587863922119,0.2876138389110565,-0.010974005796015263
42,hand,5,0,0.5754914879798889,0.28337395191192627,-0.0036349238362163305
42,hand,6,0,0.5829343199729919,0.2648966908454895,-0.008731373585760593
42,hand,7,0,0.587530255317688,0.25143057107925415,-0.012599230743944645
42,hand,8,0,0.5917342305183411,0.2403307408094406,-0.01550293155014515
42,hand,9,0,0.5765336751937866,0.29096242785453796,-0.005567142739892006
42,hand,10,0,0.5702812671661377,0.2806722819805145,-0.012925757095217705
42,hand,11,0,0.5666999220848083,0.2891246974468231,-0.015154531225562096
42,hand,12,0,0.5683362483978271,0.2973984181880951,-0.01539970189332962
42,hand,13,0,0.5745857357978821,0.30031245946884155,-0.007948780432343483
42,hand,14,0,0.567405641078949,0.2916915714740753,-0.01381472684442997
42,hand,15,0,0.5646318197250366,0.2977712154388428,-0.012647817842662334
42,hand,16,0,0.566654622554779,0.304190993309021,-0.010577536188066006
42,hand,17,0,0.5706894993782043,0.3109988570213318,-0.010835853405296803
42,hand,18,0,0.5651143193244934,0.30253878235816956,-0.014052546583116055
42,hand,19,0,0.5627714395523071,0.30603235960006714,-0.012509066611528397
42,hand,20,0,0.5642843246459961,0.3112255930900574,-0.010444764979183674
42,hand,0,1,0.36523815989494324,0.36209481954574585,1.4874528631025896e-07
42,hand,1,1,0.37382084131240845,0.3417746424674988,-0.0037010321393609047
42,hand,2,1,0.3769371807575226,0.3235882520675659,-0.006927319802343845
42,hand,3,1,0.37357592582702637,0.31573766469955444,-0.010676703415811062
42,hand,4,1,0.36659345030784607,0.31597453355789185,-0.01424658577889204
42,hand,5,1,0.36079534888267517,0.29967373609542847,-0.006923286709934473
42,hand,6,1,0.35538530349731445,0.2725405991077423,-0.013328284956514835
42,hand,7,1,0.35229548811912537,0.25639116764068604,-0.01714094914495945
42,hand,8,1,0.3488858640193939,0.2420419156551361,-0.019391171634197235
42,hand,9,1,0.3552277684211731,0.3099980056285858,-0.009814390912652016
42,hand,10,1,0.3472738564014435,0.28711873292922974,-0.01821640133857727
42,hand,11,1,0.34142836928367615,0.27143388986587524,-0.02295423299074173
42,hand,12,1,0.33620551228523254,0.26066485047340393,-0.02491588704288006
42,hand,13,1,0.3528737425804138,0.32634612917900085,-0.012956256046891212
42,hand,14,1,0.3583584725856781,0.3231448829174042,-0.02283252589404583
42,hand,15,1,0.36841174960136414,0.32695475220680237,-0.025247620418667793
42,hand,16,1,0.3749445974826813,0.3302624523639679,-0.024112507700920105
42,hand,17,1,0.3536628186702728,0.3454580008983612,-0.016253549605607986
42,hand,18,1,0.3614797592163086,0.3463039696216583,-0.022909531369805336
42,hand,19,1,0.36894768476486206,0.34741759300231934,-0.023246603086590767
42,hand,20,1,0.37306326627731323,0.3479461669921875,-0.02185453288257122
42,pose,0,-1,0.4741162955760956,0.17416687309741974,-0.16241003572940826
42,pose,1,-1,0.4837999939918518,0.15222546458244324,-0.13437965512275696
42,pose,2,-1,0.48852479457855225,0.15366744995117188,-0.13450704514980316
42,pose,3,-1,0.492898166179657,0.1551121473312378,-0.13451267778873444
42,pose,4,-1,0.46866539120674133,0.14834637939929962,-0.1317226141691208
42,pose,5,-1,0.46293750405311584,0.1465643346309662,-0.13183847069740295
42,pose,6,-1,0.4570455551147461,0.14484041929244995,-0.13181756436824799
42,pose,7,-1,0.5001474022865295,0.1692216545343399,0.007534903474152088
42,pose,8,-1,0.4485150873661041,0.15612785518169403,0.014346513897180557
42,pose,9,-1,0.48106318712234497,0.20387187600135803,-0.11212635040283203
42,pose,10,-1,0.4624905288219452,0.20027495920658112,-0.110373854637146
42,pose,11,-1,0.5342033505439758,0.3259851932525635,0.06655330210924149
42,pose,12,-1,0.39994022250175476,0.31269505620002747,0.11607382446527481
42,pose,13,-1,0.5631528496742249,0.5116986036300659,-0.07796654105186462
42,pose,14,-1,0.35330531001091003,0.5103598237037659,-0.03505099564790726
42,pose,15,-1,0.5669286251068115,0.33294162154197693,-0.3275340497493744
42,pose,16,-1,0.3610485792160034,0.35746124386787415,-0.3134031593799591
42,pose,17,-1,0.5725395679473877,0.285899817943573,-0.37822338938713074
42,pose,18,-1,0.3587995767593384,0.31704333424568176,-0.36057040095329285
42,pose,19,-1,0.5739732980728149,0.2679099440574646,-0.3627893626689911
42,pose,20,-1,0.35793158411979675,0.29951032996177673,-0.34619760513305664
42,pose,21,-1,0.5687774419784546,0.28688743710517883,-0.32628482580184937
42,pose,22,-1,0.3632675111293793,0.3177967369556427,-0.3148374557495117
42,pose,23,-1,0.5066058039665222,0.6889740228652954,0.004267245996743441
42,pose,24,-1,0.42729946970939636,0.6921537518501282,-0.0038434474263340235
42,pose,25,-1,0.5100291967391968,0.9672556519508362,-0.06983333081007004
42,pose,26,-1,0.4363921284675598,0.9871175289154053,-0.05442704260349274
42,pose,27,-1,0.5119315385818481,1.237809658050537,0.19170913100242615
42,pose,28,-1,0.4534485936164856,1.2340198755264282,0.251544326543808
42,pose,29,-1,0.512537956237793,1.2670344114303589,0.2133224755525589
42,pose,30,-1,0.45450276136398315,1.257062554359436,0.2796270251274109
42,pose,31,-1,0.5100623369216919,1.3248634338378906,0.10455426573753357
42,pose,32,-1,0.4634404480457306,1.3186578750610352,0.16425050795078278
43,hand,0,0,0.571280300617218,0.33993691205978394,1.91608577893021e-07
43,hand,1,0,0.5673350691795349,0.31630682945251465,-0.0029132100753486156
43,hand,2,0,0.57090163230896,0.2934738099575043,-0.005224438849836588
43,hand,3,0,0.5796454548835754,0.2903522551059723,-0.008121891878545284
43,hand,4,0,0.5877341032028198,0.2964528203010559,-0.011228768154978752
43,hand,5,0,0.5857126116752625,0.281249076128006,-0.00543973920866847
43,hand,6,0,0.5951134562492371,0.2583770453929901,-0.010452533140778542
43,hand,7,0,0.6015943288803101,0.24267755448818207,-0.013617157936096191
43,hand,8,0,0.6075177192687988,0.23179897665977478,-0.01552694570273161
43,hand,9,0,0.5899849534034729,0.2922808527946472,-0.007499228697270155
43,hand,10,0,0.6024459600448608,0.27511635422706604,-0.013004463165998459
43,hand,11,0,0.6099001169204712,0.2631383240222931,-0.01638489030301571
43,hand,12,0,0.6170529723167419,0.2545233964920044,-0.01783652789890766
43,hand,13,0,0.5905665159225464,0.30551087856292725,-0.009759247303009033
43,hand,14,0,0.5880962610244751,0.29674795269966125,-0.01599506288766861
43,hand,15,0,0.5795480012893677,0.2990188002586365,-0.017399678006768227
43,hand,16,0,0.5758158564567566,0.3020821511745453,-0.016470570117235184
43,hand,17,0,0.5876415371894836,0.3190431296825409,-0.01225905492901802
43,hand,18,0,0.5828384160995483,0.30989307165145874,-0.01648375578224659
43,hand,19,0,0.576217532157898,0.3106212019920349,-0.015847306698560715
43,hand,20,0,0.573215126991272,0.31333819031715393,-0.01420123502612114
43,hand,0,1,0.3576797544956207,0.3562258780002594,1.54530809481912e-07
43,hand,1,1,0.36452576518058777,0.3365159332752228,-0.006121271755546331
43,hand,2,1,0.3653484880924225,0.31848087906837463,-0.009483401663601398
43,hand,3,1,0.3592066764831543,0.3130040764808655,-0.012987145222723484
43,hand,4,1,0.35145118832588196,0.3121699392795563,-0.01602870039641857
43,hand,5,1,0.3499303162097931,0.29058027267456055,-0.0077301873825490475
43,hand,6,1,0.3430544137954712,0.2624265253543854,-0.01403789222240448
43,hand,7,1,0.3392298221588135,0.2445480227470398,-0.017414772883057594
43,hand,8,1,0.3349628746509552,0.22950071096420288,-0.019081607460975647
43,hand,9,1,0.3429356813430786,0.3022697865962982,-0.009135653264820576
43,hand,10,1,0.3338685631752014,0.28167760372161865,-0.01665806956589222
43,hand,11,1,0.3266095817089081,0.2659929096698761,-0.020407957956194878
43,hand,12,1,0.3204466998577118,0.2551831901073456,-0.021380534395575523
43,hand,13,1,0.33983537554740906,0.31873819231987,-0.01122390665113926
43,hand,14,1,0.3477477729320526,0.3191849887371063,-0.020967183634638786
43,hand,15,1,0.3576240539550781,0.32514461874961853,-0.023172015324234962
43,hand,16,1,0.36335182189941406,0.3296380341053009,-0.021402979269623756
43,hand,17,1,0.33991920948028564,0.33704832196235657,-0.013780142180621624
43,hand,18,1,0.350246787071228,0.3391713500022888,-0.020157763734459877
43,hand,19,1,0.3579736649990082,0.3412802219390869,-0.02044391818344593
43,hand,20,1,0.3620201051235199,0.3421621322631836,-0.01864621788263321
43,pose,0,-1,0.4741602838039398,0.17196504771709442,-0.2067423164844513
43,pose,1,-1,0.48397570848464966,0.15130600333213806,-0.1807066798210144
43,pose,2,-1,0.488838791847229,0.15285779535770416,-0.18085387349128723
43,pose,3,-1,0.4933122396469116,0.15408165752887726,-0.1808205544948578
43,pose,4,-1,0.46863725781440735,0.1471554934978485,-0.1793672889471054
43,pose,5,-1,0.4628618359565735,0.1452292799949646,-0.1794893443584442
43,pose,6,-1,0.4569486677646637,0.1437002718448639,-0.17944775521755219
43,pose,7,-1,0.5005945563316345,0.16799567639827728,-0.03253216668963432
43,pose,8,-1,0.44864407181739807,0.15541194379329681,-0.03147774189710617
43,pose,9,-1,0.48141157627105713,0.20199264585971832,-0.15377864241600037
43,pose,10,-1,0.46243342757225037,0.1984151303768158,-0.15367712080478668
43,pose,11,-1,0.5360127687454224,0.3251006603240967,0.03706883639097214
43,pose,12,-1,0.39980587363243103,0.31303152441978455,0.07777579873800278
43,pose,13,-1,0.5642252564430237,0.5118725895881653,-0.10131420195102692
43,pose,14,-1,0.35326096415519714,0.5108593702316284,-0.055180277675390244
43,pose,15,-1,0.5773204565048218,0.3365023732185364,-0.37735071778297424
43,pose,16,-1,0.35027608275413513,0.3658626675605774,-0.36544570326805115
43,pose,17,-1,0.5869999527931213,0.2928383946418762,-0.4300200045108795
43,pose,18,-1,0.34778720140457153,0.326602965593338,-0.41221609711647034
43,pose,19,-1,0.5883207321166992,0.27451759576797485,-0.42157870531082153
43,pose,20,-1,0.3478752672672272,0.3073909282684326,-0.4066263437271118
43,pose,21,-1,0.5827945470809937,0.29092541337013245,-0.37938690185546875
43,pose,22,-1,0.3522319793701172,0.3226163387298584,-0.3695797622203827
43,pose,23,-1,0.5067532658576965,0.6896553039550781,8.402469393331558e-05
43,pose,24,-1,0.4275151193141937,0.6927566528320312,0.0004290553042665124
43,pose,25,-1,0.5098820328712463,0.9695726037025452,-0.07755609601736069
43,pose,26,-1,0.4359571039676666,0.9874131679534912,-0.018083730712532997
43,pose,27,-1,0.5113665461540222,1.2430615425109863,0.14849106967449188
43,pose,28,-1,0.45279181003570557,1.2342478036880493,0.2987755239009857
43,pose,29,-1,0.512069582939148,1.2753463983535767,0.16547217965126038
43,pose,30,-1,0.45346614718437195,1.2573487758636475,0.32814061641693115
43,pose,31,-1,0.5091841220855713,1.3291183710098267,0.050050463527441025
43,pose,32,-1,0.46338048577308655,1.3185979127883911,0.2136346399784088
44,hand,0,0,0.574963390827179,0.3439643681049347,1.320897808909649e-07
44,hand,1,0,0.5723286271095276,0.32333117723464966,-0.00248112715780735
44,hand,2,0,0.5760806798934937,0.3028276562690735,-0.005071569234132767
44,hand,3,0,0.5843837857246399,0.2980957627296448,-0.008334427140653133
44,hand,4,0,0.5921469926834106,0.29836907982826233,-0.011562498286366463
44,hand,5,0,0.5925784111022949,0.28466957807540894,-0.005289675667881966
44,hand,6,0,0.6025775074958801,0.26093590259552,-0.010085823014378548
44,hand,7,0,0.6093318462371826,0.24585095047950745,-0.01267505157738924
44,hand,8,0,0.6150674223899841,0.2343616932630539,-0.014101095497608185
44,hand,9,0,0.5977121591567993,0.2958383560180664,-0.007511162664741278
44,hand,10,0,0.6093875765800476,0.27859219908714294,-0.01231345534324646
44,hand,11,0,0.616759181022644,0.26747873425483704,-0.014973258599638939
44,hand,12,0,0.622921884059906,0.2583562135696411,-0.016086392104625702
44,hand,13,0,0.5993559956550598,0.3096756637096405,-0.00991483498364687
44,hand,14,0,0.593842625617981,0.30116093158721924,-0.015520949847996235
44,hand,15,0,0.585844099521637,0.30318668484687805,-0.01661250926554203
44,hand,16,0,0.5813668966293335,0.30672869086265564,-0.0158266332000494
44,hand,17,0,0.5973657965660095,0.3229126036167145,-0.012575648725032806
44,hand,18,0,0.5892766118049622,0.3154793083667755,-0.01637171022593975
44,hand,19,0,0.5812395811080933,0.31623005867004395,-0.015811501070857048
44,hand,20,0,0.5763635635375977,0.3181983530521393,-0.014417936094105244
44,hand,0,1,0.3542870581150055,0.36264899373054504,1.4933353043034003e-07
44,hand,1,1,0.3607720732688904,0.34251853823661804,-0.006039661820977926
44,hand,2,1,0.36135947704315186,0.32410818338394165,-0.009856215678155422
44,hand,3,1,0.35610491037368774,0.3174152672290802,-0.013971362262964249
44,hand,4,1,0.3485015332698822,0.3167617619037628,-0.01768314465880394
44,hand,5,1,0.344451367855072,0.29537132382392883,-0.008164945989847183
44,hand,6,1,0.3373781740665436,0.265606164932251,-0.01506789680570364
44,hand,7,1,0.33323749899864197,0.24695222079753876,-0.018890950828790665
44,hand,8,1,0.3290984630584717,0.23172084987163544,-0.020809907466173172
44,hand,9,1,0.3375090956687927,0.30788612365722656,-0.00986252911388874
44,hand,10,1,0.32822704315185547,0.28538426756858826,-0.017082981765270233
44,hand,11,1,0.32228654623031616,0.2691023051738739,-0.020632876083254814
44,hand,12,1,0.31724512577056885,0.257761150598526,-0.02180282399058342
44,hand,13,1,0.3345673084259033,0.32529911398887634,-0.012253066524863243
44,hand,14,1,0.34025588631629944,0.323799729347229,-0.021084846928715706
44,hand,15,1,0.34891262650489807,0.3285471796989441,-0.022817136719822884
44,hand,16,1,0.35393837094306946,0.33331361413002014,-0.021335726603865623
44,hand,17,1,0.33516567945480347,0.34468039870262146,-0.015231268480420113
44,hand,18,1,0.34510353207588196,0.3455248475074768,-0.02094028703868389
44,hand,19,1,0.35219478607177734,0.3471851646900177,-0.02106068655848503
44,hand,20,1,0.3555305004119873,0.3488306701183319,-0.019518502056598663
44,pose,0,-1,0.47438278794288635,0.17012950778007507,-0.21358828246593475
44,pose,1,-1,0.4842882454395294,0.1500360071659088,-0.18691618740558624
44,pose,2,-1,0.48923853039741516,0.15164443850517273,-0.18704912066459656
44,pose,3,-1,0.4938184320926666,0.15276050567626953,-0.18698075413703918
44,pose,4,-1,0.4687468707561493,0.1457698494195938,-0.1867075264453888
44,pose,5,-1,0.4629250168800354,0.14379143714904785,-0.1868511289358139
44,pose,6,-1,0.4569346308708191,0.14243829250335693,-0.18681220710277557
44,pose,7,-1,0.5011594891548157,0.16675369441509247,-0.03790520131587982
44,pose,8,-1,0.4487766921520233,0.15476931631565094,-0.04168599843978882
44,pose,9,-1,0.48187968134880066,0.2005302757024765,-0.16075372695922852
44,pose,10,-1,0.46243149042129517,0.19704413414001465,-0.16201816499233246
44,pose,11,-1,0.5366014838218689,0.3245100975036621,0.03258495777845383
44,pose,12,-1,0.39976590871810913,0.3132447302341461,0.06223748251795769
44,pose,13,-1,0.5659857392311096,0.5152148604393005,-0.10383967310190201
44,pose,14,-1,0.35329166054725647,0.5116098523139954,-0.06090958043932915
44,pose,15,-1,0.5820992588996887,0.34641146659851074,-0.39213359355926514
44,pose,16,-1,0.347439169883728,0.36644837260246277,-0.3645302951335907
44,pose,17,-1,0.5936440825462341,0.3043517768383026,-0.44500720500946045
44,pose,18,-1,0.34312084317207336,0.3263695538043976,-0.4101641774177551
44,pose,19,-1,0.5950562357902527,0.2843540608882904,-0.43861234188079834
44,pose,20,-1,0.3432120382785797,0.3070230782032013,-0.4041544198989868
44,pose,21,-1,0.5889341831207275,0.29877781867980957,-0.39544251561164856
44,pose,22,-1,0.34786301851272583,0.32194340229034424,-0.36828118562698364
44,pose,23,-1,0.5073732733726501,0.6904444694519043,0.00010615689097903669
44,pose,24,-1,0.4281422197818756,0.6935151219367981,0.0004618590755853802
44,pose,25,-1,0.5098837614059448,0.9735527634620667,-0.0728030726313591
44,pose,26,-1,0.43594902753829956,0.9893063902854919,-0.01585834100842476
44,pose,27,-1,0.5117835402488708,1.2456620931625366,0.17183265089988708
44,pose,28,-1,0.45274457335472107,1.2406315803527832,0.2724456191062927
44,pose,29,-1,0.5134830474853516,1.2788461446762085,0.19084924459457397
44,pose,30,-1,0.4531761109828949,1.2655727863311768,0.29852983355522156
44,pose,31,-1,0.5090053081512451,1.3310480117797852,0.07938167452812195
44,pose,32,-1,0.46427255868911743,1.3236902952194214,0.18019278347492218
45,hand,0,0,0.5764725208282471,0.3568740487098694,1.1002165933859942e-07
45,hand,1,0,0.5728994607925415,0.3340764045715332,-0.0027473201043903828
45,hand,2,0,0.5761477947235107,0.31141945719718933,-0.00543789891526103
45,hand,3,0,0.5835448503494263,0.3065677285194397,-0.008894063532352448
45,hand,4,0,0.5910695195198059,0.3095220923423767,-0.012297982349991798
45,hand,5,0,0.5942539572715759,0.2954287827014923,-0.005107569508254528
45,hand,6,0,0.6042079329490662,0.27135127782821655,-0.01025812141597271
45,hand,7,0,0.6114637851715088,0.2560986280441284,-0.013390306383371353
45,hand,8,0,0.617510974407196,0.24462290108203888,-0.01530491840094328
45,hand,9,0,0.599061131477356,0.30685776472091675,-0.007512992713600397
45,hand,10,0,0.6101547479629517,0.2905675768852234,-0.01249819714576006
45,hand,11,0,0.6169264912605286,0.27982622385025024,-0.015210805460810661
45,hand,12,0,0.6230536103248596,0.27132999897003174,-0.01651903986930847
45,hand,13,0,0.6000902056694031,0.32065069675445557,-0.010246848687529564
45,hand,14,0,0.5949265956878662,0.3111162781715393,-0.01582992449402809
45,hand,15,0,0.5868130922317505,0.31302061676979065,-0.01666864939033985
45,hand,16,0,0.5829885005950928,0.31718093156814575,-0.015835998579859734
45,hand,17,0,0.5973401069641113,0.33387812972068787,-0.013347489759325981
45,hand,18,0,0.5897358655929565,0.32460737228393555,-0.017042357474565506
45,hand,19,0,0.5826234817504883,0.32534530758857727,-0.016371697187423706
45,hand,20,0,0.5792391300201416,0.3286406397819519,-0.015010415576398373
45,hand,0,1,0.35001394152641296,0.3776962161064148,1.3990158720389445e-07
45,hand,1,1,0.3573043644428253,0.3583871126174927,-0.007400728762149811
45,hand,2,1,0.35955047607421875,0.3393436670303345,-0.011344353668391705
45,hand,3,1,0.35414719581604004,0.33141061663627625,-0.015241502784192562
45,hand,4,1,0.346375048160553,0.3270627558231354,-0.018755828961730003
45,hand,5,1,0.3434877395629883,0.3062637150287628,-0.007980351336300373
45,hand,6,1,0.33729249238967896,0.27569183707237244,-0.014463049359619617
45,hand,7,1,0.3337326645851135,0.257495254278183,-0.018040072172880173
45,hand,8,1,0.33029377460479736,0.24316810071468353,-0.01972869597375393
45,hand,9,1,0.3359716534614563,0.31807488203048706,-0.00860065221786499
45,hand,10,1,0.32657790184020996,0.29475489258766174,-0.015088625252246857
45,hand,11,1,0.32085296511650085,0.2802186906337738,-0.018703382462263107
45,hand,12,1,0.3161133825778961,0.2698621153831482,-0.02000679261982441
45,hand,13,1,0.33222368359565735,0.33510494232177734,-0.010042150504887104
45,hand,14,1,0.3351461887359619,0.3357941210269928,-0.01888689026236534
45,hand,15,1,0.3431320786476135,0.34063899517059326,-0.021787267178297043
45,hand,16,1,0.34851905703544617,0.3445472717285156,-0.02117028273642063
45,hand,17,1,0.33168497681617737,0.3543572425842285,-0.012069500051438808
45,hand,18,1,0.33953651785850525,0.3589368462562561,-0.01892976649105549
45,hand,19,1,0.34756264090538025,0.3619980812072754,-0.02015852928161621
45,hand,20,1,0.352948933839798,0.36434581875801086,-0.019194064661860466
45,pose,0,-1,0.47436246275901794,0.16865010559558868,-0.22879891097545624
45,pose,1,-1,0.48428457975387573,0.14852045476436615,-0.2021135836839676
45,pose,2,-1,0.4893057942390442,0.1500590592622757,-0.20225805044174194
45,pose,3,-1,0.493903249502182,0.15127435326576233,-0.20218856632709503
45,pose,4,-1,0.46870678663253784,0.14446313679218292,-0.20110218226909637
45,pose,5,-1,0.46288469433784485,0.14256222546100616,-0.20122985541820526
45,pose,6,-1,0.45689964294433594,0.1415369212627411,-0.2011944204568863
45,pose,7,-1,0.5013510584831238,0.16540691256523132,-0.05036935955286026
45,pose,8,-1,0.4487219750881195,0.1543956845998764,-0.05070149153470993
45,pose,9,-1,0.48208239674568176,0.19945582747459412,-0.17486761510372162
45,pose,10,-1,0.46237385272979736,0.19621464610099792,-0.17510411143302917
45,pose,11,-1,0.5374640226364136,0.32449817657470703,0.024570150300860405
45,pose,12,-1,0.3997398316860199,0.3136129677295685,0.054669592529535294
45,pose,13,-1,0.5665513277053833,0.5182775855064392,-0.11423417180776596
45,pose,14,-1,0.3534744083881378,0.5121386647224426,-0.06897659599781036
45,pose,15,-1,0.5837289690971375,0.35478755831718445,-0.41213080286979675
45,pose,16,-1,0.34563133120536804,0.3713437020778656,-0.3890380263328552
45,pose,17,-1,0.5964183211326599,0.312139630317688,-0.4664134681224823
45,pose,18,-1,0.34044554829597473,0.33219611644744873,-0.4360100328922272
45,pose,19,-1,0.5974969267845154,0.29529252648353577,-0.4609420597553253
45,pose,20,-1,0.3412216305732727,0.3136867582798004,-0.43358680605888367
45,pose,21,-1,0.5912556052207947,0.3079177737236023,-0.4158242642879486
45,pose,22,-1,0.34524813294410706,0.32698363065719604,-0.39428234100341797
45,pose,23,-1,0.5077459812164307,0.6911314725875854,-0.00045054065412841737
45,pose,24,-1,0.4288006126880646,0.6943308115005493,0.0010636307997629046
45,pose,25,-1,0.5099034905433655,0.97636878490448,-0.07122815400362015
45,pose,26,-1,0.4359058439731598,0.9904256463050842,-0.008361211977899075
45,pose,27,-1,0.5120455622673035,1.2495037317276,0.14900581538677216
45,pose,28,-1,0.45143893361091614,1.2423955202102661,0.2913757264614105
45,pose,29,-1,0.5139543414115906,1.2844290733337402,0.1646978110074997
45,pose,30,-1,0.4514058232307434,1.267665982246399,0.31853216886520386
45,pose,31,-1,0.509056031703949,1.333893895149231,0.04469072073698044
45,pose,32,-1,0.4639442265033722,1.3252792358398438,0.1980687975883484
46,hand,0,0,0.574883759021759,0.3718063533306122,1.1319118442543186e-07
46,hand,1,0,0.5700458288192749,0.34897321462631226,-0.004420788958668709
46,hand,2,0,0.5729167461395264,0.3276636600494385,-0.008430149406194687
46,hand,3,0,0.5805750489234924,0.32253044843673706,-0.012818681076169014
46,hand,4,0,0.5879603028297424,0.3246282935142517,-0.01695135608315468
46,hand,5,0,0.5898165106773376,0.30952003598213196,-0.007970710285007954
46,hand,6,0,0.600627601146698,0.2834373712539673,-0.01383736077696085
46,hand,7,0,0.6079311966896057,0.26712673902511597,-0.017442923039197922
46,hand,8,0,0.6137945652008057,0.2543873190879822,-0.019642645493149757
46,hand,9,0,0.5949442982673645,0.3217005431652069,-0.009583008475601673
46,hand,10,0,0.6070069670677185,0.3040030598640442,-0.015436597168445587
46,hand,11,0,0.6132606267929077,0.29429948329925537,-0.017990291118621826
46,hand,12,0,0.6183600425720215,0.2868533730506897,-0.01901054009795189
46,hand,13,0,0.5965660810470581,0.3362487256526947,-0.0115045802667737
46,hand,14,0,0.5951287746429443,0.3236558139324188,-0.017269788309931755
46,hand,15,0,0.5875267386436462,0.3270707428455353,-0.016373377293348312
46,hand,16,0,0.5833458304405212,0.33258360624313354,-0.01412939839065075
46,hand,17,0,0.5950957536697388,0.35074582695961,-0.013968680053949356
46,hand,18,0,0.5950483083724976,0.3381878137588501,-0.01693757437169552
46,hand,19,0,0.5897092223167419,0.3377976417541504,-0.01460792776197195
46,hand,20,0,0.5865086913108826,0.3410567343235016,-0.011956347152590752
46,hand,0,1,0.35038691759109497,0.39495211839675903,9.457149729996672e-08
46,hand,1,1,0.3573482632637024,0.3773735463619232,-0.007263881620019674
46,hand,2,1,0.3598603308200836,0.3624865710735321,-0.011316042393445969
46,hand,3,1,0.35656020045280457,0.36020946502685547,-0.015470199286937714
46,hand,4,1,0.3508346974849701,0.35903894901275635,-0.019252408295869827
46,hand,5,1,0.3460097908973694,0.32576659321784973,-0.008357804268598557
46,hand,6,1,0.3399842381477356,0.2944193184375763,-0.014244366437196732
46,hand,7,1,0.3371620178222656,0.2764805853366852,-0.017402585595846176
46,hand,8,1,0.3335306942462921,0.2619527578353882,-0.018950503319501877
46,hand,9,1,0.33980193734169006,0.337449312210083,-0.009073647670447826
46,hand,10,1,0.33124062418937683,0.31597700715065,-0.01551784761250019
46,hand,11,1,0.32584378123283386,0.30389484763145447,-0.018906375393271446
46,hand,12,1,0.3204691708087921,0.29553377628326416,-0.020030662417411804
46,hand,13,1,0.3371686339378357,0.35401082038879395,-0.01057839673012495
46,hand,14,1,0.34215018153190613,0.3558826744556427,-0.019747108221054077
46,hand,15,1,0.35154154896736145,0.3620973527431488,-0.02292490564286709
46,hand,16,1,0.3568095862865448,0.366932213306427,-0.022221757099032402
46,hand,17,1,0.3375304043292999,0.3716801106929779,-0.012592710554599762
46,hand,18,1,0.34633952379226685,0.37353089451789856,-0.019529497250914574
46,hand,19,1,0.35465604066848755,0.3768816292285919,-0.020681599155068398
46,hand,20,1,0.35945138335227966,0.38032999634742737,-0.019552333280444145
46,pose,0,-1,0.4742446541786194,0.16792528331279755,-0.20302049815654755
46,pose,1,-1,0.4842491149902344,0.14744025468826294,-0.17716975510120392
46,pose,2,-1,0.48927009105682373,0.148917093873024,-0.17729994654655457
46,pose,3,-1,0.4938602149486542,0.15026666224002838,-0.17724576592445374
46,pose,4,-1,0.4684191346168518,0.14335709810256958,-0.17645524442195892
46,pose,5,-1,0.4624065160751343,0.14149348437786102,-0.1765676885843277
46,pose,6,-1,0.4565199017524719,0.14072076976299286,-0.17652924358844757
46,pose,7,-1,0.5013441443443298,0.1647043079137802,-0.03071443922817707
46,pose,8,-1,0.4486781656742096,0.1539003998041153,-0.032461654394865036
46,pose,9,-1,0.4820542335510254,0.19882053136825562,-0.15057653188705444
46,pose,10,-1,0.4619980752468109,0.19583749771118164,-0.15120556950569153
46,pose,11,-1,0.5379119515419006,0.3246009945869446,0.03482286259531975
46,pose,12,-1,0.3998814523220062,0.31417346000671387,0.05878754332661629
46,pose,13,-1,0.5658622980117798,0.5222399234771729,-0.11053754389286041
46,pose,14,-1,0.3537347614765167,0.5145986080169678,-0.053459662944078445
46,pose,15,-1,0.5803901553153992,0.3677710294723511,-0.3607834577560425
46,pose,16,-1,0.3498079180717468,0.3843716084957123,-0.3500683903694153
46,pose,17,-1,0.5935114026069641,0.3234858214855194,-0.4121491312980652
46,pose,18,-1,0.3443218469619751,0.3424924314022064,-0.39487606287002563
46,pose,19,-1,0.595035195350647,0.3087305426597595,-0.4070538878440857
46,pose,20,-1,0.3455204963684082,0.32356739044189453,-0.393087238073349
46,pose,21,-1,0.5888726115226746,0.31987708806991577,-0.3640201687812805
46,pose,22,-1,0.3500911295413971,0.33610987663269043,-0.3546876609325409
46,pose,23,-1,0.5082615613937378,0.6916953325271606,0.0008995336829684675
46,pose,24,-1,0.4293930232524872,0.6946062445640564,-0.0002187731151934713
46,pose,25,-1,0.5099753141403198,0.9775405526161194,-0.060301773250103
46,pose,26,-1,0.43611785769462585,0.9923327565193176,-0.015482202172279358
46,pose,27,-1,0.5122703313827515,1.2484349012374878,0.164702907204628
46,pose,28,-1,0.45128440856933594,1.2425874471664429,0.2557274401187897
46,pose,29,-1,0.5143274068832397,1.2825161218643188,0.18343690037727356
46,pose,30,-1,0.4509676694869995,1.2674810886383057,0.27825263142585754
46,pose,31,-1,0.5088563561439514,1.3329073190689087,0.06921575218439102
46,pose,32,-1,0.46393194794654846,1.325801134109497,0.15381436049938202
47,hand,0,0,0.5726134181022644,0.38842296600341797,8.188413147536266e-08
47,hand,1,0,0.5674570202827454,0.36770540475845337,-0.005461797118186951
47,hand,2,0,0.5685912370681763,0.3494163453578949,-0.009502164088189602
47,hand,3,0,0.5745226740837097,0.3451150357723236,-0.013515864498913288
47,hand,4,0,0.580660879611969,0.34462544322013855,-0.01718360371887684
47,hand,5,0,0.583594024181366,0.32850614190101624,-0.008620747365057468
47,hand,6,0,0.593102216720581,0.30166730284690857,-0.01345695462077856
47,hand,7,0,0.5986925959587097,0.28670769929885864,-0.015953516587615013
47,hand,8,0,0.6034423112869263,0.274892121553421,-0.017219696193933487
47,hand,9,0,0.589656412601471,0.33989018201828003,-0.009055961854755878
47,hand,10,0,0.5994520783424377,0.3219931125640869,-0.013909277506172657
47,hand,11,0,0.6047009825706482,0.3136354684829712,-0.01548598613590002
47,hand,12,0,0.6088933348655701,0.30768826603889465,-0.01574002206325531
47,hand,13,0,0.5922245979309082,0.35332342982292175,-0.00988325197249651
47,hand,14,0,0.5886313915252686,0.3458848297595978,-0.015173393301665783
47,hand,15,0,0.5818701982498169,0.35247400403022766,-0.014735521748661995
47,hand,16,0,0.5785521864891052,0.3587285280227661,-0.012788472697138786
47,hand,17,0,0.592094898223877,0.366172730922699,-0.011209690943360329
47,hand,18,0,0.5883927345275879,0.3585987687110901,-0.013826360926032066
47,hand,19,0,0.5824427008628845,0.3615492284297943,-0.011840653605759144
47,hand,20,0,0.5795673131942749,0.3656618297100067,-0.009459634311497211
47,hand,0,1,0.35414353013038635,0.4064461290836334,6.165541321934143e-08
47,hand,1,1,0.35539835691452026,0.391229510307312,-0.005716339219361544
47,hand,2,1,0.3562202453613281,0.3806224465370178,-0.010117798112332821
47,hand,3,1,0.3581337034702301,0.38279157876968384,-0.01470722071826458
47,hand,4,1,0.35772788524627686,0.38618937134742737,-0.019435591995716095
47,hand,5,1,0.35203659534454346,0.35074302554130554,-0.01072611566632986
47,hand,6,1,0.34674063324928284,0.321856826543808,-0.015844887122511864
47,hand,7,1,0.3438928425312042,0.30764731764793396,-0.018457116559147835
47,hand,8,1,0.3406856954097748,0.2964293956756592,-0.01980549283325672
47,hand,9,1,0.3472670614719391,0.36182188987731934,-0.011441056616604328
47,hand,10,1,0.3393099904060364,0.3458099365234375,-0.016696348786354065
47,hand,11,1,0.33431702852249146,0.3378840982913971,-0.01976761966943741
47,hand,12,1,0.32997992634773254,0.3320539891719818,-0.021291734650731087
47,hand,13,1,0.3456098139286041,0.3768681585788727,-0.012325365096330643
47,hand,14,1,0.3484076261520386,0.3851514756679535,-0.018344806507229805
47,hand,15,1,0.35602715611457825,0.3956013023853302,-0.02065775729715824
47,hand,16,1,0.3607078492641449,0.40280836820602417,-0.020580986514687538
47,hand,17,1,0.3457081615924835,0.3929860293865204,-0.013607253320515156
47,hand,18,1,0.3503316044807434,0.4018169939517975,-0.017620395869016647
47,hand,19,1,0.3556293249130249,0.40987682342529297,-0.017556414008140564
47,hand,20,1,0.3587038516998291,0.4167232811450958,-0.0163215771317482
47,pose,0,-1,0.47424763441085815,0.16730692982673645,-0.20219916105270386
47,pose,1,-1,0.4842396080493927,0.14634327590465546,-0.17695385217666626
47,pose,2,-1,0.48929205536842346,0.14761579036712646,-0.1770985722541809
47,pose,3,-1,0.4939270615577698,0.14882299304008484,-0.17705444991588593
47,pose,4,-1,0.468385249376297,0.14272217452526093,-0.1767032891511917
47,pose,5,-1,0.4623890519142151,0.1410118043422699,-0.17681089043617249
47,pose,6,-1,0.4565047025680542,0.14046074450016022,-0.17677974700927734
47,pose,7,-1,0.5013713836669922,0.16314874589443207,-0.02915927954018116
47,pose,8,-1,0.4486883878707886,0.15367205440998077,-0.03357713297009468
47,pose,9,-1,0.48227742314338684,0.19796466827392578,-0.148651123046875
47,pose,10,-1,0.46197983622550964,0.19548755884170532,-0.1500132530927658
47,pose,11,-1,0.5380321741104126,0.3249843716621399,0.040776535868644714
47,pose,12,-1,0.39986351132392883,0.3142085671424866,0.06408913433551788
47,pose,13,-1,0.565069317817688,0.5253152251243591,-0.09075942635536194
47,pose,14,-1,0.3554564416408539,0.5162495970726013,-0.039784230291843414
47,pose,15,-1,0.5775834918022156,0.38527312874794006,-0.35368022322654724
47,pose,16,-1,0.35419341921806335,0.41827210783958435,-0.3442094624042511
47,pose,17,-1,0.58735591173172,0.34399890899658203,-0.40762096643447876
47,pose,18,-1,0.35069069266319275,0.3822883665561676,-0.3902372419834137
47,pose,19,-1,0.5895853042602539,0.3278215825557709,-0.4039434790611267
47,pose,20,-1,0.35129114985466003,0.3596074879169464,-0.3940163552761078
47,pose,21,-1,0.5841657519340515,0.33764612674713135,-0.35750219225883484
47,pose,22,-1,0.35524430871009827,0.37052997946739197,-0.3507470488548279
47,pose,23,-1,0.5085432529449463,0.6917058825492859,0.0010050098644569516
47,pose,24,-1,0.42971763014793396,0.69463711977005,-0.00033459815313108265
47,pose,25,-1,0.510392427444458,0.9773574471473694,-0.07356049865484238
47,pose,26,-1,0.43627849221229553,0.9922406077384949,-0.020649829879403114
47,pose,27,-1,0.5131127238273621,1.2480944395065308,0.14802421629428864
47,pose,28,-1,0.45089641213417053,1.2382421493530273,0.26756027340888977
47,pose,29,-1,0.5146353244781494,1.281664490699768,0.16454006731510162
47,pose,30,-1,0.4504151940345764,1.2613154649734497,0.294222891330719
47,pose,31,-1,0.5108563303947449,1.3315839767456055,0.045845285058021545
47,pose,32,-1,0.46381619572639465,1.321265459060669,0.17378945648670197
48,pose,0,-1,0.4742167592048645,0.16691450774669647,-0.23853257298469543
48,pose,1,-1,0.48415958881378174,0.14577092230319977,-0.21319082379341125
48,pose,2,-1,0.48922207951545715,0.14692039787769318,-0.21335560083389282
48,pose,3,-1,0.4938757121562958,0.14808782935142517,-0.21337702870368958
48,pose,4,-1,0.4683142602443695,0.1425458788871765,-0.21321777999401093
48,pose,5,-1,0.46227389574050903,0.14097532629966736,-0.21333661675453186
48,pose,6,-1,0.4564642310142517,0.1404629945755005,-0.21331529319286346
48,pose,7,-1,0.5011298656463623,0.16221441328525543,-0.0560133270919323
48,pose,8,-1,0.44865432381629944,0.153695747256279,-0.06133442372083664
48,pose,9,-1,0.48231714963912964,0.19738925993442535,-0.18042822182178497
48,pose,10,-1,0.46195846796035767,0.19526050984859467,-0.18201017379760742
48,pose,11,-1,0.5383018851280212,0.32605841755867004,0.036475665867328644
48,pose,12,-1,0.3997455835342407,0.31464943289756775,0.05617388337850571
48,pose,13,-1,0.5648021697998047,0.5307124853134155,-0.07624035328626633
48,pose,14,-1,0.35757383704185486,0.5179239511489868,-0.03367234021425247
48,pose,15,-1,0.5729610323905945,0.4281558394432068,-0.3517874479293823
48,pose,16,-1,0.3580740988254547,0.4497838020324707,-0.34460705518722534
48,pose,17,-1,0.5792789459228516,0.38977161049842834,-0.4085957705974579
48,pose,18,-1,0.3562260568141937,0.4246591031551361,-0.39400094747543335
48,pose,19,-1,0.5816100835800171,0.37197574973106384,-0.409795343875885
48,pose,20,-1,0.3570120632648468,0.4037328064441681,-0.4038477838039398
48,pose,21,-1,0.5770516991615295,0.38415709137916565,-0.3573685884475708
48,pose,22,-1,0.3604821562767029,0.4108007252216339,-0.3538581132888794
48,pose,23,-1,0.508954644203186,0.6917152404785156,0.001071950071491301
48,pose,24,-1,0.4301316440105438,0.6949662566184998,-0.00040890954551286995
48,pose,25,-1,0.5106982588768005,0.9768961668014526,-0.07410581409931183
48,pose,26,-1,0.4363323450088501,0.9921070337295532,-0.04703879356384277
48,pose,27,-1,0.5136920213699341,1.2411694526672363,0.17976553738117218
48,pose,28,-1,0.4492492377758026,1.226468563079834,0.27798184752464294
48,pose,29,-1,0.5146393179893494,1.2741504907608032,0.20047029852867126
48,pose,30,-1,0.44889697432518005,1.246767520904541,0.3075616657733917
48,pose,31,-1,0.5135778188705444,1.3232662677764893,0.058253560215234756
48,pose,32,-1,0.46242985129356384,1.3097466230392456,0.18013980984687805
49,pose,0,-1,0.4741297662258148,0.16658060252666473,-0.2764023542404175
49,pose,1,-1,0.48393961787223816,0.14542533457279205,-0.25257569551467896
49,pose,2,-1,0.48907530307769775,0.14651814103126526,-0.25275468826293945
49,pose,3,-1,0.4937072694301605,0.147730752825737,-0.2528395652770996
49,pose,4,-1,0.4682081937789917,0.14245781302452087,-0.2506159543991089
49,pose,5,-1,0.4621710181236267,0.14097529649734497,-0.2507322430610657
49,pose,6,-1,0.45644113421440125,0.1404823511838913,-0.2507593631744385
49,pose,7,-1,0.5008875727653503,0.1619432121515274,-0.09237304329872131
49,pose,8,-1,0.44865575432777405,0.15372209250926971,-0.08647260814905167
49,pose,9,-1,0.4823097288608551,0.19656915962696075,-0.21611349284648895
49,pose,10,-1,0.46192315220832825,0.19483831524848938,-0.21443112194538116
49,pose,11,-1,0.5396369099617004,0.3263012766838074,0.011797773651778698
49,pose,12,-1,0.4002787470817566,0.3146671652793884,0.03321674466133118
49,pose,13,-1,0.5644167065620422,0.5329279899597168,-0.08191218227148056
49,pose,14,-1,0.3650074601173401,0.5159862637519836,-0.035551585257053375
49,pose,15,-1,0.5694853067398071,0.47090181708335876,-0.38288864493370056
49,pose,16,-1,0.3607543110847473,0.4743756353855133,-0.3549461364746094
49,pose,17,-1,0.5747044682502747,0.442246675491333,-0.4433280825614929
49,pose,18,-1,0.35729312896728516,0.4759104549884796,-0.40718138217926025
49,pose,19,-1,0.5775887370109558,0.42476218938827515,-0.4523574113845825
49,pose,20,-1,0.35934892296791077,0.45604076981544495,-0.4262142479419708
49,pose,21,-1,0.5728434920310974,0.43182897567749023,-0.3922806680202484
49,pose,22,-1,0.36299434304237366,0.4538484215736389,-0.3690262734889984
49,pose,23,-1,0.5092117190361023,0.6915819048881531,0.0017687388462945819
49,pose,24,-1,0.43109560012817383,0.6949105262756348,-0.0011367611587047577
49,pose,25,-1,0.5109933614730835,0.976574718952179,-0.07960616797208786
49,pose,26,-1,0.4365256428718567,0.991820752620697,-0.05754818394780159
49,pose,27,-1,0.5153857469558716,1.2324033975601196,0.1899576336145401
49,pose,28,-1,0.44872549176216125,1.209473729133606,0.29692697525024414
49,pose,29,-1,0.5148876309394836,1.2654495239257812,0.21113386750221252
49,pose,30,-1,0.44880738854408264,1.22768235206604,0.3285333514213562
49,pose,31,-1,0.5195242166519165,1.3098593950271606,0.06815790385007858
49,pose,32,-1,0.4602431058883667,1.291220784187317,0.19407686591148376
50,hand,0,0,0.5571613907814026,0.47120487689971924,3.078260490951834e-08
50,hand,1,0,0.5477778911590576,0.4773555397987366,-0.01233008224517107
50,hand,2,0,0.5423603653907776,0.48659172654151917,-0.022300951182842255
50,hand,3,0,0.5416505932807922,0.4949769079685211,-0.03021181933581829
50,hand,4,0,0.5429725646972656,0.49834099411964417,-0.037463851273059845
50,hand,5,0,0.5575742125511169,0.4897572100162506,-0.026503825560212135
50,hand,6,0,0.5497520565986633,0.527238667011261,-0.037014421075582504
50,hand,7,0,0.5457203388214111,0.5297809839248657,-0.04129006341099739
50,hand,8,0,0.5456229448318481,0.5231716632843018,-0.043220315128564835
50,hand,9,0,0.566687285900116,0.4968697428703308,-0.024075768887996674
50,hand,10,0,0.557631254196167,0.5380961298942566,-0.032957956194877625
50,hand,11,0,0.5523924827575684,0.5383988618850708,-0.03306378424167633
50,hand,12,0,0.5518316030502319,0.5292658805847168,-0.03279224783182144
50,hand,13,0,0.5721200108528137,0.5044408440589905,-0.02204964868724346
50,hand,14,0,0.564446210861206,0.5435798764228821,-0.028247464448213577
50,hand,15,0,0.5588958263397217,0.5412276387214661,-0.026021800935268402
50,hand,16,0,0.5576533079147339,0.5318043828010559,-0.024233996868133545
50,hand,17,0,0.574654757976532,0.5112289786338806,-0.021044353023171425
50,hand,18,0,0.5692739486694336,0.540137767791748,-0.02459353767335415
50,hand,19,0,0.5642688274383545,0.5412724018096924,-0.023337017744779587
50,hand,20,0,0.5622103214263916,0.5354689359664917,-0.022225648164749146
50,pose,0,-1,0.4741125702857971,0.1664460003376007,-0.2781176269054413
50,pose,1,-1,0.4837731719017029,0.14523151516914368,-0.25237393379211426
50,pose,2,-1,0.4890023171901703,0.14628508687019348,-0.25256362557411194
50,pose,3,-1,0.4935969412326813,0.1474989652633667,-0.25266385078430176
50,pose,4,-1,0.46812236309051514,0.14238986372947693,-0.2534935176372528
50,pose,5,-1,0.46202680468559265,0.14097273349761963,-0.2535709738731384
50,pose,6,-1,0.456386536359787,0.14049215614795685,-0.2536286413669586
50,pose,7,-1,0.5006371736526489,0.16175463795661926,-0.09158415347337723
50,pose,8,-1,0.4485705494880676,0.15374378859996796,-0.09748824685811996
50,pose,9,-1,0.48236480355262756,0.19631342589855194,-0.21810200810432434
50,pose,10,-1,0.4619053304195404,0.19472333788871765,-0.21977737545967102
50,pose,11,-1,0.5395526885986328,0.3262135684490204,0.0029873454477638006
50,pose,12,-1,0.40031543374061584,0.31551066040992737,0.006342874374240637
50,pose,13,-1,0.5643775463104248,0.5292069315910339,-0.07935479283332825
50,pose,14,-1,0.3723609745502472,0.5148642659187317,-0.06981535255908966
50,pose,15,-1,0.5680413842201233,0.5016334652900696,-0.38313934206962585
50,pose,16,-1,0.37732723355293274,0.5027307271957397,-0.39702561497688293
50,pose,17,-1,0.5684142708778381,0.5054463744163513,-0.45119360089302063
50,pose,18,-1,0.37774989008903503,0.5225668549537659,-0.4570237696170807
50,pose,19,-1,0.5630789995193481,0.48558399081230164,-0.4639163911342621
50,pose,20,-1,0.3835239112377167,0.5062949061393738,-0.47802039980888367
50,pose,21,-1,0.5593782663345337,0.4800737798213959,-0.39399245381355286
50,pose,22,-1,0.38655921816825867,0.4984736144542694,-0.4113052487373352
50,pose,23,-1,0.5094884634017944,0.6938994526863098,0.0025649280287325382
50,pose,24,-1,0.4316796362400055,0.6962207555770874,-0.0019836602732539177
50,pose,25,-1,0.5109954476356506,0.9757371544837952,-0.08353057503700256
50,pose,26,-1,0.43650418519973755,0.9912814497947693,-0.05375892296433449
50,pose,27,-1,0.5160217881202698,1.226662039756775,0.1895074099302292
50,pose,28,-1,0.4485739767551422,1.201253056526184,0.28615549206733704
50,pose,29,-1,0.5148643255233765,1.2589420080184937,0.2102440744638443
50,pose,30,-1,0.4488527178764343,1.2206593751907349,0.3152642548084259
50,pose,31,-1,0.5222554206848145,1.3029227256774902,0.06502438336610794
50,pose,32,-1,0.458260178565979,1.2818701267242432,0.18384180963039398
51,hand,0,0,0.3784390687942505,0.5340800285339355,-1.7789442097182473e-07
51,hand,1,0,0.38940104842185974,0.543582022190094,-0.0045629749074578285
51,hand,2,0,0.4001714587211609,0.5649657845497131,-0.014099867083132267
51,hand,3,0,0.40580853819847107,0.5845431685447693,-0.023522455245256424
51,hand,4,0,0.40687549114227295,0.599382221698761,-0.034230392426252365
51,hand,5,0,0.402447909116745,0.5545423030853271,-0.0267327893525362
51,hand,6,0,0.40999409556388855,0.5814223885536194,-0.03904376178979874
51,hand,7,0,0.4133487045764923,0.6041300892829895,-0.04739653319120407
51,hand,8,0,0.41612139344215393,0.6216750144958496,-0.05216367170214653
51,hand,9,0,0.39471912384033203,0.5549101829528809,-0.028618989512324333
51,hand,10,0,0.4017461836338043,0.5844458341598511,-0.03907344117760658
51,hand,11,0,0.4074571430683136,0.6089360117912292,-0.042035143822431564
51,hand,12,0,0.41115885972976685,0.6245602369308472,-0.0446024090051651
51,hand,13,0,0.3851850628852844,0.5568251013755798,-0.029449954628944397
51,hand,14,0,0.3912927210330963,0.5850891470909119,-0.03749018535017967
51,hand,15,0,0.3972527086734772,0.6047301888465881,-0.03663032501935959
51,hand,16,0,0.4007445275783539,0.6174821257591248,-0.03613031283020973
51,hand,17,0,0.3753049671649933,0.5602298378944397,-0.03032604232430458
51,hand,18,0,0.38058924674987793,0.5851135849952698,-0.03538063168525696
51,hand,19,0,0.38636574149131775,0.598039448261261,-0.0333959199488163
51,hand,20,0,0.39055028557777405,0.6067540645599365,-0.03205818310379982
51,pose,0,-1,0.4740752577781677,0.16644537448883057,-0.2499779760837555
51,pose,1,-1,0.4833983778953552,0.14522753655910492,-0.22451277077198029
51,pose,2,-1,0.4886697828769684,0.14627394080162048,-0.2246776670217514
51,pose,3,-1,0.49332481622695923,0.14748615026474,-0.22473697364330292
51,pose,4,-1,0.4678601324558258,0.14239072799682617,-0.22507013380527496
51,pose,5,-1,0.4615986943244934,0.1410217583179474,-0.22515662014484406
51,pose,6,-1,0.45615386962890625,0.14062374830245972,-0.22519443929195404
51,pose,7,-1,0.500095009803772,0.16175314784049988,-0.07057902216911316
51,pose,8,-1,0.4483219087123871,0.15390877425670624,-0.0770118311047554
51,pose,9,-1,0.4823593199253082,0.19630426168441772,-0.19298192858695984
51,pose,10,-1,0.46189382672309875,0.19475245475769043,-0.19445891678333282
51,pose,11,-1,0.5394538044929504,0.3261532783508301,0.01342853531241417
51,pose,12,-1,0.40036144852638245,0.31566911935806274,-0.004181725438684225
51,pose,13,-1,0.5642539858818054,0.515875518321991,-0.016183212399482727
51,pose,14,-1,0.37399566173553467,0.5014878511428833,-0.06520066410303116
51,pose,15,-1,0.5526306629180908,0.5644063353538513,-0.2436342090368271
51,pose,16,-1,0.38605162501335144,0.5601698160171509,-0.29372549057006836
51,pose,17,-1,0.5456638336181641,0.600209653377533,-0.3071810305118561
51,pose,18,-1,0.3930648863315582,0.6024016737937927,-0.35143616795539856
51,pose,19,-1,0.5394853353500366,0.5809833407402039,-0.33740249276161194
51,pose,20,-1,0.4011755883693695,0.5878569483757019,-0.38664817810058594
51,pose,21,-1,0.5389536619186401,0.5681566596031189,-0.260206401348114
51,pose,22,-1,0.40206900238990784,0.5751439929008484,-0.3107091784477234
51,pose,23,-1,0.5101668834686279,0.692709743976593,0.010038032196462154
51,pose,24,-1,0.432496041059494,0.6954886317253113,-0.009631698951125145
51,pose,25,-1,0.5110337734222412,0.97309410572052,-0.08074977993965149
51,pose,26,-1,0.43712714314460754,0.9874619245529175,-0.07361559569835663
51,pose,27,-1,0.5170652270317078,1.20534348487854,0.20032614469528198
51,pose,28,-1,0.44683828949928284,1.1973787546157837,0.1998092532157898
51,pose,29,-1,0.5148648023605347,1.233260989189148,0.22144268453121185
51,pose,30,-1,0.44848811626434326,1.2198070287704468,0.220765620470047
51,pose,31,-1,0.5244131684303284,1.2867990732192993,0.07346004992723465
51,pose,32,-1,0.45187807083129883,1.2779861688613892,0.0678437203168869
52,pose,0,-1,0.47333329916000366,0.16740494966506958,-0.27231496572494507
52,pose,1,-1,0.48196083307266235,0.14592741429805756,-0.24765323102474213
52,pose,2,-1,0.4869179129600525,0.14681503176689148,-0.24780724942684174
52,pose,3,-1,0.4921237528324127,0.14785300195217133,-0.24794474244117737
52,pose,4,-1,0.4663301110267639,0.1434733271598816,-0.24864846467971802
52,pose,5,-1,0.46015891432762146,0.14242437481880188,-0.24868600070476532
52,pose,6,-1,0.45476073026657104,0.14225539565086365,-0.24878031015396118
52,pose,7,-1,0.4985293447971344,0.16197200119495392,-0.10142435133457184
52,pose,8,-1,0.44730204343795776,0.15564469993114471,-0.10766007006168365
52,pose,9,-1,0.481880247592926,0.19726057350635529,-0.2178148329257965
52,pose,10,-1,0.46152979135513306,0.19633279740810394,-0.219408318400383
52,pose,11,-1,0.5393430590629578,0.3261255919933319,-0.016397597268223763
52,pose,12,-1,0.40055757761001587,0.3164834678173065,-0.03785853832960129
52,pose,13,-1,0.5639018416404724,0.5126724243164062,0.004906856454908848
52,pose,14,-1,0.3744563162326813,0.502366840839386,-0.06371483206748962
52,pose,15,-1,0.5495173335075378,0.6059407591819763,-0.17312946915626526
52,pose,16,-1,0.3910442292690277,0.5977745652198792,-0.2804509103298187
52,pose,17,-1,0.5418416261672974,0.6573759317398071,-0.22871926426887512
52,pose,18,-1,0.4002660810947418,0.6555863618850708,-0.3338747024536133
52,pose,19,-1,0.5356290936470032,0.6393200755119324,-0.2624768316745758
52,pose,20,-1,0.4103851318359375,0.6444953680038452,-0.36758798360824585
52,pose,21,-1,0.5356380343437195,0.6243776082992554,-0.189451664686203
52,pose,22,-1,0.4109330177307129,0.6284062266349792,-0.29693514108657837
52,pose,23,-1,0.5102096796035767,0.6909292936325073,0.011399525217711926
52,pose,24,-1,0.4332500100135803,0.6950234174728394,-0.011051629669964314
52,pose,25,-1,0.5110348463058472,0.9681428074836731,-0.07990846782922745
52,pose,26,-1,0.43730172514915466,0.981818437576294,-0.07743081450462341
52,pose,27,-1,0.5159457921981812,1.1871339082717896,0.2092977613210678
52,pose,28,-1,0.44691213965415955,1.1863738298416138,0.19398373365402222
52,pose,29,-1,0.5125485062599182,1.2124849557876587,0.23112989962100983
52,pose,30,-1,0.4486845135688782,1.2079737186431885,0.21559759974479675
52,pose,31,-1,0.5242584943771362,1.272099494934082,0.0922681912779808
52,pose,32,-1,0.4522705078125,1.2696799039840698,0.06595297157764435
53,hand,0,0,0.40014806389808655,0.6577542424201965,3.75732653878913e-08
53,hand,1,0,0.4119400978088379,0.6606833338737488,-0.0026337197050452232
53,hand,2,0,0.42059236764907837,0.6760352849960327,-0.0040994854643940926
53,hand,3,0,0.4256480634212494,0.690401017665863,-0.004985492676496506
53,hand,4,0,0.42841246724128723,0.7035918235778809,-0.005766694899648428
53,hand,5,0,0.4186224639415741,0.693143904209137,-0.0061135366559028625
53,hand,6,0,0.4243684709072113,0.7198043465614319,-0.00887157954275608
53,hand,7,0,0.4274689555168152,0.7354649901390076,-0.009933576919138432
53,hand,8,0,0.42953506112098694,0.7470181584358215,-0.010281519964337349
53,hand,9,0,0.41083309054374695,0.6999127268791199,-0.006043184548616409
53,hand,10,0,0.4151625633239746,0.7285658717155457,-0.008133144117891788
53,hand,11,0,0.41779133677482605,0.7456018328666687,-0.009175953455269337
53,hand,12,0,0.4199436604976654,0.7595016956329346,-0.009777199476957321
53,hand,13,0,0.40336185693740845,0.7028869390487671,-0.0060026990249753
53,hand,14,0,0.4077022671699524,0.7280436158180237,-0.008045815862715244
53,hand,15,0,0.41020694375038147,0.7422152757644653,-0.008755580522119999
53,hand,16,0,0.412334680557251,0.7534906268119812,-0.00894202385097742
53,hand,17,0,0.3970578610897064,0.7033923268318176,-0.005971752572804689
53,hand,18,0,0.4008639454841614,0.722188413143158,-0.007364155258983374
53,hand,19,0,0.4034971296787262,0.7329702377319336,-0.007234182208776474
53,hand,20,0,0.4057098925113678,0.7409576177597046,-0.006785454694181681
53,pose,0,-1,0.4727858304977417,0.1677718162536621,-0.36568042635917664
53,pose,1,-1,0.4810827076435089,0.1461523473262787,-0.34073516726493835
53,pose,2,-1,0.4859932065010071,0.14697355031967163,-0.3408612906932831
53,pose,3,-1,0.49145758152008057,0.14792874455451965,-0.34096425771713257
53,pose,4,-1,0.46498072147369385,0.1440136432647705,-0.3432837128639221
53,pose,5,-1,0.4588054418563843,0.14326979219913483,-0.3433490991592407
53,pose,6,-1,0.4533349275588989,0.14334271848201752,-0.34343233704566956
53,pose,7,-1,0.4975544214248657,0.16198450326919556,-0.1863667368888855
53,pose,8,-1,0.44570672512054443,0.15664540231227875,-0.20106680691242218
53,pose,9,-1,0.48165997862815857,0.19764482975006104,-0.3078565001487732
53,pose,10,-1,0.46106165647506714,0.19718150794506073,-0.31170380115509033
53,pose,11,-1,0.5392006039619446,0.32607394456863403,-0.08111580461263657
53,pose,12,-1,0.4005543291568756,0.31809350848197937,-0.12155821919441223
53,pose,13,-1,0.562778890132904,0.5124196410179138,-0.010497338138520718
53,pose,14,-1,0.37583839893341064,0.5077279210090637,-0.08966778963804245
53,pose,15,-1,0.5456849336624146,0.644573450088501,-0.1640479564666748
53,pose,16,-1,0.4011562764644623,0.6505109071731567,-0.24005518853664398
53,pose,17,-1,0.5397911667823792,0.7034946084022522,-0.21627190709114075
53,pose,18,-1,0.40750938653945923,0.7076684236526489,-0.28789016604423523
53,pose,19,-1,0.531482458114624,0.6927391886711121,-0.2566455602645874
53,pose,20,-1,0.41916048526763916,0.7019680142402649,-0.32150471210479736
53,pose,21,-1,0.5308120250701904,0.6753062605857849,-0.1824076771736145
53,pose,22,-1,0.4202579855918884,0.684524655342102,-0.25491592288017273
53,pose,23,-1,0.5109804272651672,0.6863552331924438,0.015267718583345413
53,pose,24,-1,0.43444785475730896,0.6948691010475159,-0.015000042505562305
53,pose,25,-1,0.5114082098007202,0.9551528096199036,-0.048947397619485855
53,pose,26,-1,0.43783754110336304,0.9715732336044312,-0.08250830322504044
53,pose,27,-1,0.5158224105834961,1.1555451154708862,0.3146946132183075
53,pose,28,-1,0.448489785194397,1.1664152145385742,0.2099887579679489
53,pose,29,-1,0.5119118094444275,1.1757370233535767,0.34546229243278503
53,pose,30,-1,0.4506225883960724,1.182347297668457,0.22700877487659454
53,pose,31,-1,0.5239689946174622,1.2461858987808228,0.22683390974998474
53,pose,32,-1,0.45532548427581787,1.25558602809906,0.09894751757383347
54,hand,0,0,0.5414709448814392,0.6696788668632507,8.687126751283358e-08
54,hand,1,0,0.5280441045761108,0.6739029884338379,-0.005398777313530445
54,hand,2,0,0.5193220973014832,0.6916470527648926,-0.008840248920023441
54,hand,3,0,0.5136630535125732,0.7113980054855347,-0.011024895124137402
54,hand,4,0,0.5095577239990234,0.7271485924720764,-0.013078659772872925
54,hand,5,0,0.5270025134086609,0.7130609154701233,-0.012068096548318863
54,hand,6,0,0.5217084884643555,0.7444635033607483,-0.01694999262690544
54,hand,7,0,0.5181834101676941,0.7619160413742065,-0.01897585578262806
54,hand,8,0,0.5154715776443481,0.7753078937530518,-0.019836988300085068
54,hand,9,0,0.5351468324661255,0.7197670936584473,-0.011121845804154873
54,hand,10,0,0.5289701223373413,0.7540455460548401,-0.01597830466926098
54,hand,11,0,0.5244401693344116,0.7721681594848633,-0.017395030707120895
54,hand,12,0,0.5207935571670532,0.7858827114105225,-0.017844364047050476
54,hand,13,0,0.5418844223022461,0.7227161526679993,-0.010122684761881828
54,hand,14,0,0.536299467086792,0.7544469833374023,-0.013838453218340874
54,hand,15,0,0.5315494537353516,0.7713507413864136,-0.014756392687559128
54,hand,16,0,0.5275821089744568,0.783778965473175,-0.01494054589420557
54,hand,17,0,0.546920657157898,0.7225480079650879,-0.009376509115099907
54,hand,18,0,0.5426455140113831,0.7485180497169495,-0.012032642960548401
54,hand,19,0,0.5383909344673157,0.7618003487586975,-0.012338734231889248
54,hand,20,0,0.5345112085342407,0.7706279754638672,-0.012064983136951923
54,hand,0,1,0.3972926139831543,0.6630046367645264,9.984098170434663e-08
54,hand,1,1,0.4121423363685608,0.6674801111221313,-0.004239103756844997
54,hand,2,1,0.4217165410518646,0.6888328194618225,-0.007181761786341667
54,hand,3,1,0.4266180396080017,0.7115418314933777,-0.008934681303799152
54,hand,4,1,0.43133288621902466,0.728793740272522,-0.01080702617764473
54,hand,5,1,0.4157722294330597,0.696169376373291,-0.013107129372656345
54,hand,6,1,0.4220724105834961,0.7288705110549927,-0.01791071519255638
54,hand,7,1,0.42586052417755127,0.7490963935852051,-0.019909359514713287
54,hand,8,1,0.4290742874145508,0.7648403644561768,-0.0206931009888649
54,hand,9,1,0.40594783425331116,0.7035280466079712,-0.012983306311070919
54,hand,10,1,0.4129626154899597,0.7374521493911743,-0.01710343360900879
54,hand,11,1,0.41821426153182983,0.7594659924507141,-0.01888543926179409
54,hand,12,1,0.4229145348072052,0.776792049407959,-0.020031679421663284
54,hand,13,1,0.39781561493873596,0.7083746194839478,-0.012494081631302834
54,hand,14,1,0.4045024812221527,0.7398804426193237,-0.01601184532046318
54,hand,15,1,0.4097038507461548,0.7599405646324158,-0.017719782888889313
54,hand,16,1,0.4144155979156494,0.775349497795105,-0.01869312673807144
54,hand,17,1,0.3919811546802521,0.7110452055931091,-0.011967737227678299
54,hand,18,1,0.39732274413108826,0.7359730005264282,-0.01506422832608223
54,hand,19,1,0.40188199281692505,0.7518413066864014,-0.016032693907618523
54,hand,20,1,0.406130850315094,0.7643735408782959,-0.016334880143404007
54,pose,0,-1,0.4719354510307312,0.16809041798114777,-0.3419111371040344
54,pose,1,-1,0.4801451563835144,0.14629700779914856,-0.3174087107181549
54,pose,2,-1,0.4848337769508362,0.14706745743751526,-0.31752052903175354
54,pose,3,-1,0.49038583040237427,0.14795804023742676,-0.317594975233078
54,pose,4,-1,0.4636070132255554,0.14442209899425507,-0.3199571669101715
54,pose,5,-1,0.4574431777000427,0.1439526230096817,-0.3200041353702545
54,pose,6,-1,0.45198631286621094,0.14419667422771454,-0.3200722336769104
54,pose,7,-1,0.4965822100639343,0.16199137270450592,-0.1706453263759613
54,pose,8,-1,0.4444168508052826,0.15737339854240417,-0.18533846735954285
54,pose,9,-1,0.48125502467155457,0.19775822758674622,-0.28734463453292847
54,pose,10,-1,0.4602653384208679,0.19775058329105377,-0.29115429520606995
54,pose,11,-1,0.5391597747802734,0.32602429389953613,-0.07312340289354324
54,pose,12,-1,0.40071144700050354,0.3186895251274109,-0.11917468160390854
54,pose,13,-1,0.5607666373252869,0.5125770568847656,-0.006775498855859041
54,pose,14,-1,0.37787166237831116,0.5123370289802551,-0.1016705334186554
54,pose,15,-1,0.5439189076423645,0.6727361679077148,-0.14178211987018585
54,pose,16,-1,0.4022737145423889,0.6677013635635376,-0.24219591915607452
54,pose,17,-1,0.5401138067245483,0.7337437868118286,-0.19158072769641876
54,pose,18,-1,0.406887948513031,0.7244794368743896,-0.2895812690258026
54,pose,19,-1,0.5293633937835693,0.7264798879623413,-0.23059390485286713
54,pose,20,-1,0.41957616806030273,0.7194647789001465,-0.3217989206314087
54,pose,21,-1,0.5264841318130493,0.711603045463562,-0.1593664139509201
54,pose,22,-1,0.4216567575931549,0.7038679122924805,-0.2565258741378784
54,pose,23,-1,0.5109747648239136,0.6840778589248657,0.015322222374379635
54,pose,24,-1,0.434391051530838,0.6905983686447144,-0.015041965059936047
54,pose,25,-1,0.5112969875335693,0.9461910724639893,-0.044417496770620346
54,pose,26,-1,0.4379139840602875,0.9624709486961365,-0.0660371407866478
54,pose,27,-1,0.5143744349479675,1.161649227142334,0.2642322778701782
54,pose,28,-1,0.4484979510307312,1.1604042053222656,0.21653145551681519
54,pose,29,-1,0.5095366835594177,1.1860162019729614,0.2883419394493103
54,pose,30,-1,0.45064008235931396,1.1797219514846802,0.23756177723407745
54,pose,31,-1,0.5232908725738525,1.249842882156372,0.1652873307466507
54,pose,32,-1,0.45481422543525696,1.2490626573562622,0.09493338316679001
55,hand,0,0,0.5420916676521301,0.6856899261474609,1.3232242679350747e-07
55,hand,1,0,0.5270296931266785,0.6952144503593445,-0.004806089214980602
55,hand,2,0,0.5173743963241577,0.717075765132904,-0.00675170449540019
55,hand,3,0,0.5111501812934875,0.7388360500335693,-0.007690968923270702
55,hand,4,0,0.5057086944580078,0.7552908062934875,-0.008249224163591862
55,hand,5,0,0.5258901715278625,0.7406259179115295,-0.004932824056595564
55,hand,6,0,0.5208660960197449,0.7683496475219727,-0.00744860852137208
55,hand,7,0,0.5172292590141296,0.7843931913375854,-0.009085720404982567
55,hand,8,0,0.5141298174858093,0.7968223094940186,-0.009953197091817856
55,hand,9,0,0.533877432346344,0.7458698153495789,-0.0034618955105543137
55,hand,10,0,0.52918541431427,0.7737470269203186,-0.005489942152053118
55,hand,11,0,0.5250062942504883,0.7911028861999512,-0.006830771919339895
55,hand,12,0,0.521136462688446,0.8045548796653748,-0.007598489057272673
55,hand,13,0,0.540097713470459,0.7471741437911987,-0.0023088250309228897
55,hand,14,0,0.5356316566467285,0.7732771039009094,-0.004061566665768623
55,hand,15,0,0.5314236283302307,0.7889735102653503,-0.005176321603357792
55,hand,16,0,0.5275027751922607,0.801112949848175,-0.005762249231338501
55,hand,17,0,0.544546365737915,0.7455057501792908,-0.0014986367896199226
55,hand,18,0,0.5420044660568237,0.7673968076705933,-0.003132560756057501
55,hand,19,0,0.5393468737602234,0.7798444032669067,-0.0034708057064563036
55,hand,20,0,0.5365687012672424,0.7893590927124023,-0.003247451037168503
55,hand,0,1,0.39658740162849426,0.676875114440918,9.875400763803555e-08
55,hand,1,1,0.4114624559879303,0.6856181621551514,-0.0028704286087304354
55,hand,2,1,0.42124614119529724,0.7082739472389221,-0.00481501966714859
55,hand,3,1,0.4266732633113861,0.7315360903739929,-0.005919029004871845
55,hand,4,1,0.43219688534736633,0.7490028738975525,-0.0068229022435843945
55,hand,5,1,0.4161674678325653,0.7169619798660278,-0.008077072910964489
55,hand,6,1,0.4218223989009857,0.7477971315383911,-0.011552040465176105
55,hand,7,1,0.42469847202301025,0.7669464945793152,-0.013038968667387962
55,hand,8,1,0.4271206557750702,0.7813956141471863,-0.01353786326944828
55,hand,9,1,0.4068654775619507,0.7238531708717346,-0.008163339458405972
55,hand,10,1,0.41216492652893066,0.7550846338272095,-0.010410761460661888
55,hand,11,1,0.4153328537940979,0.7753526568412781,-0.011411305516958237
55,hand,12,1,0.4178258776664734,0.7910743951797485,-0.012106556445360184
55,hand,13,1,0.3988663852214813,0.7283695936203003,-0.008059978485107422
55,hand,14,1,0.4038543105125427,0.7564500570297241,-0.009852159768342972
55,hand,15,1,0.407046914100647,0.774836540222168,-0.01026657223701477
55,hand,16,1,0.4097263514995575,0.7894436717033386,-0.010500555858016014
55,hand,17,1,0.3924090266227722,0.7307270765304565,-0.007988793775439262
55,hand,18,1,0.39679816365242004,0.7537726759910583,-0.009492747485637665
55,hand,19,1,0.39993876218795776,0.7682934403419495,-0.009142669849097729
55,hand,20,1,0.40274959802627563,0.7800306677818298,-0.008522202260792255
55,pose,0,-1,0.47111719846725464,0.16872121393680573,-0.3769114315509796
55,pose,1,-1,0.47926604747772217,0.14658419787883759,-0.3522140383720398
55,pose,2,-1,0.48369157314300537,0.14731021225452423,-0.3523161709308624
55,pose,3,-1,0.48929843306541443,0.14808066189289093,-0.35238420963287354
55,pose,4,-1,0.46250346302986145,0.1450340300798416,-0.355284184217453
55,pose,5,-1,0.4562632739543915,0.1448742151260376,-0.3553270101547241
55,pose,6,-1,0.4509032666683197,0.1453096717596054,-0.35541269183158875
55,pose,7,-1,0.495712012052536,0.1620047390460968,-0.1981610506772995
55,pose,8,-1,0.44337230920791626,0.1583596169948578,-0.21454626321792603
55,pose,9,-1,0.4807959794998169,0.19813840091228485,-0.31904956698417664
55,pose,10,-1,0.45950084924697876,0.19874989986419678,-0.3234318494796753
55,pose,11,-1,0.5390718579292297,0.32594844698905945,-0.08423910290002823
55,pose,12,-1,0.400729775428772,0.32052937150001526,-0.14411865174770355
55,pose,13,-1,0.559532880783081,0.5139929056167603,-0.005720891058444977
55,pose,14,-1,0.379002183675766,0.517090916633606,-0.12727726995944977
55,pose,15,-1,0.5423996448516846,0.6917494535446167,-0.14025744795799255
55,pose,16,-1,0.403106689453125,0.6837183833122253,-0.2646101713180542
55,pose,17,-1,0.5395553708076477,0.7553274631500244,-0.1907835602760315
55,pose,18,-1,0.40701696276664734,0.7406262159347534,-0.31334903836250305
55,pose,19,-1,0.5270717144012451,0.7483553290367126,-0.23096130788326263
55,pose,20,-1,0.42021360993385315,0.7366858124732971,-0.33267927169799805
55,pose,21,-1,0.5238027572631836,0.7323779463768005,-0.15822000801563263
55,pose,22,-1,0.42263221740722656,0.7210121750831604,-0.27754849195480347
55,pose,23,-1,0.5112119317054749,0.6845842599868774,0.019607005640864372
55,pose,24,-1,0.4343377649784088,0.6911252737045288,-0.01935083605349064
55,pose,25,-1,0.5118923783302307,0.9487476348876953,-0.02876848541200161
55,pose,26,-1,0.43824127316474915,0.9644050598144531,-0.06486301124095917
55,pose,27,-1,0.5143799781799316,1.1632695198059082,0.32394468784332275
55,pose,28,-1,0.45192858576774597,1.1679614782333374,0.22265222668647766
55,pose,29,-1,0.5097426772117615,1.1854267120361328,0.3529057502746582
55,pose,30,-1,0.4538591504096985,1.1867526769638062,0.24562937021255493
55,pose,31,-1,0.5229010581970215,1.2532825469970703,0.22624355554580688
55,pose,32,-1,0.46225211024284363,1.2569210529327393,0.09750651568174362
56,hand,0,0,0.5415554046630859,0.7023148536682129,1.3198342685427633e-07
56,hand,1,0,0.5262292623519897,0.7112424969673157,-0.004549843724817038
56,hand,2,0,0.5171263217926025,0.7323060631752014,-0.0062494524754583836
56,hand,3,0,0.5122748613357544,0.7550740242004395,-0.006920810788869858
56,hand,4,0,0.5060962438583374,0.7699689865112305,-0.00715164327993989
56,hand,5,0,0.5250777006149292,0.7603306174278259,-0.004129229113459587
56,hand,6,0,0.5193300843238831,0.7889482975006104,-0.005843885708600283
56,hand,7,0,0.5159212946891785,0.8047159910202026,-0.007042428944259882
56,hand,8,0,0.5131642818450928,0.8172041773796082,-0.007732912432402372
56,hand,9,0,0.533319354057312,0.764546811580658,-0.002450678963214159
56,hand,10,0,0.5277109146118164,0.7926749587059021,-0.0039741648361086845
56,hand,11,0,0.5236842036247253,0.8104992508888245,-0.0051221358589828014
56,hand,12,0,0.5201964974403381,0.824863076210022,-0.005770260002464056
56,hand,13,0,0.5394250154495239,0.7643856406211853,-0.0010064007947221398
56,hand,14,0,0.5345393419265747,0.7896696329116821,-0.002269628457725048
56,hand,15,0,0.5303179621696472,0.8057241439819336,-0.0032674174290150404
56,hand,16,0,0.5264593958854675,0.8186335563659668,-0.0038661302533000708
56,hand,17,0,0.5439526438713074,0.7607280611991882,0.00011648996587609872
56,hand,18,0,0.541253387928009,0.7813871502876282,-0.0011125635355710983
56,hand,19,0,0.5385733246803284,0.7932837605476379,-0.0013027734821662307
56,hand,20,0,0.5355807542800903,0.8025897741317749,-0.0010257672984153032
56,hand,0,1,0.39597317576408386,0.6923559308052063,1.0115125093079769e-07
56,hand,1,1,0.41179195046424866,0.7034541964530945,-0.0013944152742624283
56,hand,2,1,0.4207274615764618,0.7262049317359924,-0.002689292188733816
56,hand,3,1,0.425761878490448,0.7487443089485168,-0.003566592466086149
56,hand,4,1,0.4319969415664673,0.7638254165649414,-0.004295796621590853
56,hand,5,1,0.4154229462146759,0.7389999628067017,-0.004832139704376459
56,hand,6,1,0.420818030834198,0.7690047025680542,-0.00752704031765461
56,hand,7,1,0.4236605763435364,0.787651538848877,-0.008996507152915001
56,hand,8,1,0.42589426040649414,0.8020423650741577,-0.009568926878273487
56,hand,9,1,0.40632134675979614,0.7453848123550415,-0.00541016086935997
56,hand,10,1,0.4117414653301239,0.7762196660041809,-0.006890466436743736
56,hand,11,1,0.41507047414779663,0.796381413936615,-0.008002611808478832
56,hand,12,1,0.4175991714000702,0.8120894432067871,-0.008760268799960613
56,hand,13,1,0.39858415722846985,0.7489570379257202,-0.0057943942956626415
56,hand,14,1,0.40365564823150635,0.7766201496124268,-0.006907659117132425
56,hand,15,1,0.4072216749191284,0.7951776385307312,-0.007769837509840727
56,hand,16,1,0.410428524017334,0.8096318244934082,-0.008392787538468838
56,hand,17,1,0.3921601474285126,0.7496652007102966,-0.006150227505713701
56,hand,18,1,0.395245760679245,0.7719126343727112,-0.007028491701930761
56,hand,19,1,0.3983716666698456,0.7855350971221924,-0.006828116253018379
56,hand,20,1,0.40177273750305176,0.7963953614234924,-0.006374170538038015
56,pose,0,-1,0.4698486328125,0.16897474229335785,-0.36366862058639526
56,pose,1,-1,0.4782361686229706,0.14659608900547028,-0.33928734064102173
56,pose,2,-1,0.4824957251548767,0.14731696248054504,-0.339396208524704
56,pose,3,-1,0.48809802532196045,0.1480860561132431,-0.339469313621521
56,pose,4,-1,0.46092846989631653,0.14529427886009216,-0.34220871329307556
56,pose,5,-1,0.4547325372695923,0.14539282023906708,-0.34223559498786926
56,pose,6,-1,0.44961875677108765,0.14597512781620026,-0.342319518327713
56,pose,7,-1,0.4948645532131195,0.1618885099887848,-0.18808388710021973
56,pose,8,-1,0.44221171736717224,0.15918853878974915,-0.20336176455020905
56,pose,9,-1,0.48011353611946106,0.19830581545829773,-0.3069228529930115
56,pose,10,-1,0.4585239291191101,0.1993298977613449,-0.31101712584495544
56,pose,11,-1,0.5389994978904724,0.32590940594673157,-0.07896626740694046
56,pose,12,-1,0.40075668692588806,0.3219519555568695,-0.1392371505498886
56,pose,13,-1,0.5574093461036682,0.5155705213546753,-0.006405278109014034
56,pose,14,-1,0.3806034326553345,0.5208896398544312,-0.1254260241985321
56,pose,15,-1,0.5418848395347595,0.7031822204589844,-0.14528648555278778
56,pose,16,-1,0.4014199674129486,0.695303738117218,-0.2635938823223114
56,pose,17,-1,0.5394991636276245,0.763927161693573,-0.1964821219444275
56,pose,18,-1,0.4046781361103058,0.7573711276054382,-0.3131888210773468
56,pose,19,-1,0.5266467928886414,0.7575556039810181,-0.2374895066022873
56,pose,20,-1,0.4181816875934601,0.7525197863578796,-0.34115445613861084
56,pose,21,-1,0.5233097672462463,0.7410263419151306,-0.1637750267982483
56,pose,22,-1,0.42076635360717773,0.7347585558891296,-0.27795639634132385
56,pose,23,-1,0.5107556581497192,0.6874750256538391,0.023150162771344185
56,pose,24,-1,0.43372032046318054,0.6953112483024597,-0.022891337051987648
56,pose,25,-1,0.5123718976974487,0.9499273300170898,-0.017874134704470634
56,pose,26,-1,0.438302606344223,0.9650471806526184,-0.06128714978694916
56,pose,27,-1,0.5156615972518921,1.160772681236267,0.33547863364219666
56,pose,28,-1,0.4547967314720154,1.1720818281173706,0.22479364275932312
56,pose,29,-1,0.5114813446998596,1.1823431253433228,0.3646136522293091
56,pose,30,-1,0.45668572187423706,1.1909565925598145,0.24816365540027618
56,pose,31,-1,0.5238409638404846,1.2497961521148682,0.23741796612739563
56,pose,32,-1,0.46710193157196045,1.2610466480255127,0.09266132861375809
57,hand,0,0,0.5404799580574036,0.7163628339767456,1.231009179036846e-07
57,hand,1,0,0.5253278613090515,0.723728358745575,-0.005336275789886713
57,hand,2,0,0.5159370303153992,0.7442702054977417,-0.007188950199633837
57,hand,3,0,0.510195255279541,0.7646234035491943,-0.007816806435585022
57,hand,4,0,0.5042316913604736,0.7781217694282532,-0.008028856478631496
57,hand,5,0,0.5251724123954773,0.7726867198944092,-0.005885919090360403
57,hand,6,0,0.5184771418571472,0.8009033799171448,-0.007614335976541042
57,hand,7,0,0.5148468017578125,0.8159711360931396,-0.008589784614741802
57,hand,8,0,0.5122020840644836,0.8277555704116821,-0.009115173481404781
57,hand,9,0,0.5335232615470886,0.7763757705688477,-0.003769239876419306
57,hand,10,0,0.5270426273345947,0.8046953082084656,-0.005279948003590107
57,hand,11,0,0.5227741003036499,0.8206016421318054,-0.005899015348404646
57,hand,12,0,0.5193585753440857,0.8329012989997864,-0.006189286708831787
57,hand,13,0,0.539685845375061,0.7756837010383606,-0.0019060652703046799
57,hand,14,0,0.5345407128334045,0.8007408380508423,-0.003027488710358739
57,hand,15,0,0.530383288860321,0.8148948550224304,-0.0034757109824568033
57,hand,16,0,0.5265798568725586,0.8261659145355225,-0.0037203787360340357
57,hand,17,0,0.544023871421814,0.7720447778701782,-0.00047045081737451255
57,hand,18,0,0.540984570980072,0.7925541400909424,-0.0013301451690495014
57,hand,19,0,0.5381971597671509,0.803424596786499,-0.0011983239091932774
57,hand,20,0,0.5352281928062439,0.8112930655479431,-0.0008085333392955363
57,hand,0,1,0.39629021286964417,0.7063735127449036,8.031047826762006e-08
57,hand,1,1,0.41261282563209534,0.7172032594680786,-0.00129725004080683
57,hand,2,1,0.42154330015182495,0.7402766346931458,-0.0021015636157244444
57,hand,3,1,0.4264407753944397,0.7611951231956482,-0.0024513513781130314
57,hand,4,1,0.432046502828598,0.7741541266441345,-0.0027136660646647215
57,hand,5,1,0.41485321521759033,0.7583577036857605,-0.004511573817580938
57,hand,6,1,0.42037782073020935,0.7877172827720642,-0.006986676715314388
57,hand,7,1,0.42384031414985657,0.8051708340644836,-0.008275202475488186
57,hand,8,1,0.4264122247695923,0.8179445266723633,-0.008743989281356335
57,hand,9,1,0.40571585297584534,0.7637983560562134,-0.0049911984242498875
57,hand,10,1,0.4115237891674042,0.7945050001144409,-0.006510542705655098
57,hand,11,1,0.4157871901988983,0.8132352828979492,-0.007264064159244299
57,hand,12,1,0.4190283417701721,0.8271418809890747,-0.007696899585425854
57,hand,13,1,0.39805230498313904,0.7652854919433594,-0.005384025163948536
57,hand,14,1,0.40328314900398254,0.7940232753753662,-0.006804113741964102
57,hand,15,1,0.4072045683860779,0.8110443353652954,-0.00777837447822094
57,hand,16,1,0.41054725646972656,0.8236461281776428,-0.008413145318627357
57,hand,17,1,0.3919457197189331,0.763513445854187,-0.005732293706387281
57,hand,18,1,0.393940269947052,0.7852774858474731,-0.007094068918377161
57,hand,19,1,0.39654091000556946,0.7984765768051147,-0.007397557608783245
57,hand,20,1,0.39947670698165894,0.8085520267486572,-0.0073029580526053905
57,pose,0,-1,0.4691273868083954,0.16898766160011292,-0.3806983530521393
57,pose,1,-1,0.47759634256362915,0.1462235301733017,-0.3563471734523773
57,pose,2,-1,0.4817723035812378,0.14685474336147308,-0.3564635217189789
57,pose,3,-1,0.48729878664016724,0.14756642282009125,-0.3565451502799988
57,pose,4,-1,0.4597870111465454,0.14525631070137024,-0.3598007261753082
57,pose,5,-1,0.45360514521598816,0.1453915387392044,-0.35983091592788696
57,pose,6,-1,0.4486342966556549,0.14601586759090424,-0.35992109775543213
57,pose,7,-1,0.49406132102012634,0.16116870939731598,-0.20278309285640717
57,pose,8,-1,0.44115227460861206,0.15940766036510468,-0.21975257992744446
57,pose,9,-1,0.4797299802303314,0.19832733273506165,-0.32272768020629883
57,pose,10,-1,0.45800623297691345,0.19964055716991425,-0.3274010121822357
57,pose,11,-1,0.5389618277549744,0.3258647918701172,-0.09152492880821228
57,pose,12,-1,0.4006815552711487,0.3239040970802307,-0.15346325933933258
57,pose,13,-1,0.5554845929145813,0.5189400315284729,-0.012014626525342464
57,pose,14,-1,0.3830426037311554,0.528414785861969,-0.13520002365112305
57,pose,15,-1,0.5418989062309265,0.715946614742279,-0.16095992922782898
57,pose,16,-1,0.4009360074996948,0.7131624221801758,-0.2698332369327545
57,pose,17,-1,0.539774477481842,0.7747994661331177,-0.21321997046470642
57,pose,18,-1,0.40333765745162964,0.7738259434700012,-0.3194686472415924
57,pose,19,-1,0.5269961357116699,0.7692570090293884,-0.2535017728805542
57,pose,20,-1,0.41713428497314453,0.7702963352203369,-0.3454846441745758
57,pose,21,-1,0.5239019393920898,0.7513502240180969,-0.17934545874595642
57,pose,22,-1,0.4201681911945343,0.7510324120521545,-0.2837730944156647
57,pose,23,-1,0.5102065205574036,0.6940016150474548,0.023896871134638786
57,pose,24,-1,0.43324077129364014,0.7023971080780029,-0.023651517927646637
57,pose,25,-1,0.5131002068519592,0.9516361951828003,-0.023185687139630318
57,pose,26,-1,0.438350111246109,0.9668052196502686,-0.06107952445745468
57,pose,27,-1,0.5179771780967712,1.1676592826843262,0.3415260314941406
57,pose,28,-1,0.4560893177986145,1.1741400957107544,0.22800077497959137
57,pose,29,-1,0.5148198008537292,1.1906530857086182,0.37181997299194336
57,pose,30,-1,0.4583210051059723,1.1920530796051025,0.25180575251579285
57,pose,31,-1,0.5249332785606384,1.2551143169403076,0.24176143109798431
57,pose,32,-1,0.46872860193252563,1.265748143196106,0.09831245988607407
58,hand,0,0,0.5412783622741699,0.7226359844207764,1.2864762766184867e-07
58,hand,1,0,0.5273249745368958,0.7283673882484436,-0.008031878620386124
58,hand,2,0,0.5186465382575989,0.7488510012626648,-0.010907446965575218
58,hand,3,0,0.5115746259689331,0.7680522799491882,-0.011900569312274456
58,hand,4,0,0.5045577883720398,0.7815365791320801,-0.012303766794502735
58,hand,5,0,0.5283740162849426,0.7797015309333801,-0.008302454836666584
58,hand,6,0,0.5203248262405396,0.8075959086418152,-0.01016251277178526
58,hand,7,0,0.5155929327011108,0.8224756717681885,-0.011318966746330261
58,hand,8,0,0.5121252536773682,0.8338898420333862,-0.011925718747079372
58,hand,9,0,0.535709023475647,0.7836428880691528,-0.00466937106102705
58,hand,10,0,0.5291169881820679,0.811517059803009,-0.006205953191965818
58,hand,11,0,0.523456871509552,0.8270035982131958,-0.0067497482523322105
58,hand,12,0,0.5188809037208557,0.8379575610160828,-0.0069207060150802135
58,hand,13,0,0.5405377745628357,0.7832275629043579,-0.001461742096580565
58,hand,14,0,0.5355609655380249,0.8077341318130493,-0.002531836973503232
58,hand,15,0,0.5303277373313904,0.8214566707611084,-0.0030988422222435474
58,hand,16,0,0.5255043506622314,0.8324072957038879,-0.0033726682886481285
58,hand,17,0,0.5430544018745422,0.7798596620559692,0.001063917065039277
58,hand,18,0,0.53975909948349,0.8005455732345581,0.00016438380407635123
58,hand,19,0,0.5363575220108032,0.8114219903945923,5.075826629763469e-05
58,hand,20,0,0.5328724384307861,0.8194535970687866,0.00025310972705483437
58,hand,0,1,0.39634910225868225,0.717610239982605,5.644105982582914e-08
58,hand,1,1,0.41222554445266724,0.726828396320343,-0.0014433759497478604
58,hand,2,1,0.42061659693717957,0.7495487928390503,-0.0021511600352823734
58,hand,3,1,0.4254039525985718,0.7711496949195862,-0.0024109703954309225
58,hand,4,1,0.43135812878608704,0.783935010433197,-0.002517499029636383
58,hand,5,1,0.4140979051589966,0.770624577999115,-0.0037566162645816803
58,hand,6,1,0.41920042037963867,0.7997798323631287,-0.005656857509166002
58,hand,7,1,0.4227012097835541,0.81611567735672,-0.006550156511366367
58,hand,8,1,0.42542073130607605,0.8276847004890442,-0.006782216019928455
58,hand,9,1,0.40494853258132935,0.7753949165344238,-0.0039391485042870045
58,hand,10,1,0.41071441769599915,0.8057863712310791,-0.004892385099083185
58,hand,11,1,0.41500067710876465,0.8233026266098022,-0.005330232437700033
58,hand,12,1,0.4185241758823395,0.8356205821037292,-0.005586458835750818
58,hand,13,1,0.39744001626968384,0.7759518623352051,-0.0040768589824438095
58,hand,14,1,0.40242698788642883,0.8037327527999878,-0.0048942286521196365
58,hand,15,1,0.40612179040908813,0.8195858597755432,-0.005444446578621864
58,hand,16,1,0.40956977009773254,0.8309129476547241,-0.005871899425983429
58,hand,17,1,0.3917587101459503,0.7733793258666992,-0.004248186480253935
58,hand,18,1,0.3938591182231903,0.7933148741722107,-0.004855151288211346
58,hand,19,1,0.39623111486434937,0.8050185441970825,-0.004709501750767231
58,hand,20,1,0.3990291655063629,0.8139044642448425,-0.004391172900795937
58,pose,0,-1,0.46789729595184326,0.1694348007440567,-0.3569275438785553
58,pose,1,-1,0.4767514765262604,0.1462269425392151,-0.3327012062072754
58,pose,2,-1,0.48096656799316406,0.14684054255485535,-0.33282363414764404
58,pose,3,-1,0.48632726073265076,0.1475396454334259,-0.3329135477542877
58,pose,4,-1,0.45837777853012085,0.1454443633556366,-0.33602526783943176
58,pose,5,-1,0.452304869890213,0.1457640677690506,-0.33605077862739563
58,pose,6,-1,0.44750481843948364,0.14650371670722961,-0.3361450731754303
58,pose,7,-1,0.4934724271297455,0.16109873354434967,-0.18263496458530426
58,pose,8,-1,0.4402615427970886,0.1601087599992752,-0.19919757544994354
58,pose,9,-1,0.4790653586387634,0.19883662462234497,-0.30039918422698975
58,pose,10,-1,0.45710495114326477,0.2006300389766693,-0.30486783385276794
58,pose,11,-1,0.5389458537101746,0.32586556673049927,-0.0755762979388237
58,pose,12,-1,0.40064042806625366,0.32548773288726807,-0.1424408257007599
58,pose,13,-1,0.5537357926368713,0.5209850072860718,-0.006735436152666807
58,pose,14,-1,0.3869055509567261,0.5336394906044006,-0.1327926367521286
58,pose,15,-1,0.5419138669967651,0.7178576588630676,-0.14753176271915436
58,pose,16,-1,0.40093472599983215,0.7190461158752441,-0.2699093222618103
58,pose,17,-1,0.5401255488395691,0.7747683525085449,-0.198807030916214
58,pose,18,-1,0.4026840925216675,0.7805458903312683,-0.3202193081378937
58,pose,19,-1,0.5275505781173706,0.7686663269996643,-0.24032124876976013
58,pose,20,-1,0.4168405532836914,0.7771281003952026,-0.3481462597846985
58,pose,21,-1,0.5245136618614197,0.7505798935890198,-0.1664075404405594
58,pose,22,-1,0.4200631082057953,0.7567408680915833,-0.2845599055290222
58,pose,23,-1,0.5097070932388306,0.7001035809516907,0.02553946152329445
58,pose,24,-1,0.4330201745033264,0.7073497176170349,-0.02529004216194153
58,pose,25,-1,0.5133359432220459,0.9526858925819397,-0.026571545749902725
58,pose,26,-1,0.43838831782341003,0.9694644212722778,-0.0633409172296524
58,pose,27,-1,0.5182160139083862,1.1713403463363647,0.3280335068702698
58,pose,28,-1,0.4558822214603424,1.1748268604278564,0.22327059507369995
58,pose,29,-1,0.5154353976249695,1.1948397159576416,0.3573702573776245
58,pose,30,-1,0.45808178186416626,1.1928132772445679,0.2472221702337265
58,pose,31,-1,0.5248863697052002,1.2583286762237549,0.23118306696414948
58,pose,32,-1,0.4681095778942108,1.2690097093582153,0.09236785769462585
59,hand,0,0,0.5438324809074402,0.7246158123016357,1.1243130160210058e-07
59,hand,1,0,0.5295770168304443,0.7295075058937073,-0.00674735102802515
59,hand,2,0,0.5206606984138489,0.7513983249664307,-0.008582661859691143
59,hand,3,0,0.5141183137893677,0.7716438174247742,-0.008875970728695393
59,hand,4,0,0.5077860355377197,0.7843912243843079,-0.008576052263379097
59,hand,5,0,0.5300206542015076,0.7808200716972351,-0.005678936839103699
59,hand,6,0,0.5223346948623657,0.8075277209281921,-0.007062352728098631
59,hand,7,0,0.5173404216766357,0.8221173286437988,-0.00796226505190134
59,hand,8,0,0.513687789440155,0.8331031203269958,-0.008453325368463993
59,hand,9,0,0.5366795659065247,0.7850654125213623,-0.002593670040369034
59,hand,10,0,0.5292974710464478,0.8114197254180908,-0.003979524597525597
59,hand,11,0,0.523200511932373,0.8254190683364868,-0.004417177755385637
59,hand,12,0,0.5182069540023804,0.8357835412025452,-0.004427190870046616
59,hand,13,0,0.5408728122711182,0.7850832939147949,3.668179488158785e-05
59,hand,14,0,0.5348916053771973,0.8090485334396362,-0.0010697579709812999
59,hand,15,0,0.5292105078697205,0.8225162625312805,-0.001477094367146492
59,hand,16,0,0.5242076516151428,0.8335203528404236,-0.0015393421053886414
59,hand,17,0,0.5430209636688232,0.7822682857513428,0.002066519809886813
59,hand,18,0,0.5384195446968079,0.8029724359512329,0.0013131584273651242
59,hand,19,0,0.534043550491333,0.8141352534294128,0.0013518242631107569
59,hand,20,0,0.5299219489097595,0.8221864104270935,0.0016852450789883733
59,hand,0,1,0.3947463929653168,0.7265703082084656,4.1896896618709434e-08
59,hand,1,1,0.41166621446609497,0.731523334980011,-0.0032253044191747904
59,hand,2,1,0.42098990082740784,0.7532879710197449,-0.003992683254182339
59,hand,3,1,0.4259051978588104,0.7762848734855652,-0.003661834169179201
59,hand,4,1,0.43195152282714844,0.7899786829948425,-0.002806165488436818
59,hand,5,1,0.41230443120002747,0.7768393754959106,-0.004874802194535732
59,hand,6,1,0.4189661741256714,0.8072414398193359,-0.005605125799775124
59,hand,7,1,0.42250776290893555,0.8219225406646729,-0.005282144527882338
59,hand,8,1,0.4249429702758789,0.832489550113678,-0.004610871896147728
59,hand,9,1,0.40330058336257935,0.7826951742172241,-0.0032142186537384987
59,hand,10,1,0.41140538454055786,0.8126427531242371,-0.0032837647013366222
59,hand,11,1,0.416013240814209,0.8272250890731812,-0.0023915127385407686
59,hand,12,1,0.41890469193458557,0.8374678492546082,-0.0015867626061663032
59,hand,13,1,0.3967077136039734,0.7845085263252258,-0.0015859274426475167
59,hand,14,1,0.4037182033061981,0.8112785220146179,-0.00154830701649189
59,hand,15,1,0.40807822346687317,0.8241639137268066,-0.0008195279515348375
59,hand,16,1,0.4113445281982422,0.8328382968902588,-0.0001775226992322132
59,hand,17,1,0.3922617435455322,0.7835537195205688,-0.00016556470654904842
59,hand,18,1,0.3963928520679474,0.8032352328300476,0.00045765258255414665
59,hand,19,1,0.399880588054657,0.8134641051292419,0.0014878620859235525
59,hand,20,1,0.4032200574874878,0.8204337358474731,0.00248003751039505
59,pose,0,-1,0.4660814702510834,0.17052726447582245,-0.3800702691078186
59,pose,1,-1,0.47542235255241394,0.1464143991470337,-0.3572530746459961
59,pose,2,-1,0.47996219992637634,0.1469445526599884,-0.3573695123195648
59,pose,3,-1,0.4848346710205078,0.14759264886379242,-0.35748282074928284
59,pose,4,-1,0.45691534876823425,0.14603029191493988,-0.35972678661346436
59,pose,5,-1,0.45114782452583313,0.14655457437038422,-0.359762579202652
59,pose,6,-1,0.44649314880371094,0.14735452830791473,-0.3598692715167999
59,pose,7,-1,0.49276646971702576,0.16110248863697052,-0.20684200525283813
59,pose,8,-1,0.439871221780777,0.16082939505577087,-0.21908791363239288
59,pose,9,-1,0.4780469238758087,0.19987887144088745,-0.32259801030158997
59,pose,10,-1,0.4558786451816559,0.20202578604221344,-0.3259502351284027
59,pose,11,-1,0.5389318466186523,0.32570862770080566,-0.09600105881690979
59,pose,12,-1,0.4006430208683014,0.32560428977012634,-0.15387369692325592
59,pose,13,-1,0.5527276992797852,0.5243134498596191,-0.015532857738435268
59,pose,14,-1,0.3902955949306488,0.5347152948379517,-0.1342630535364151
59,pose,15,-1,0.5420865416526794,0.7202780842781067,-0.16263815760612488
59,pose,16,-1,0.40079694986343384,0.7208647131919861,-0.2706214189529419
59,pose,17,-1,0.5404647588729858,0.7753191590309143,-0.21397563815116882
59,pose,18,-1,0.40277794003486633,0.7815926671028137,-0.32082444429397583
59,pose,19,-1,0.5283066034317017,0.769990086555481,-0.25447821617126465
59,pose,20,-1,0.4166455566883087,0.7770447134971619,-0.3488498032093048
59,pose,21,-1,0.5253140330314636,0.7520793080329895,-0.1811675727367401
59,pose,22,-1,0.41950663924217224,0.7570250630378723,-0.28571444749832153
59,pose,23,-1,0.5085342526435852,0.7016988396644592,0.024593820795416832
59,pose,24,-1,0.43216848373413086,0.7083278298377991,-0.024342915043234825
59,pose,25,-1,0.5134231448173523,0.9541162848472595,-0.030659787356853485
59,pose,26,-1,0.4384046494960785,0.9701931476593018,-0.06914041191339493
59,pose,27,-1,0.5184834003448486,1.169985055923462,0.3438572883605957
59,pose,28,-1,0.4557958245277405,1.177101492881775,0.2349020093679428
59,pose,29,-1,0.5160882472991943,1.191335916519165,0.3763445317745209
59,pose,30,-1,0.4581652581691742,1.1953589916229248,0.2623101472854614
59,pose,31,-1,0.5247446894645691,1.2586256265640259,0.25260719656944275
59,pose,32,-1,0.46782758831977844,1.2696949243545532,0.10852863639593124
60,hand,0,0,0.5434740781784058,0.7231594324111938,1.1307531622151146e-07
60,hand,1,0,0.5293252468109131,0.7294632196426392,-0.008006751537322998
60,hand,2,0,0.5206548571586609,0.7516322731971741,-0.010353747755289078
60,hand,3,0,0.5149248838424683,0.7729509472846985,-0.01090275589376688
60,hand,4,0,0.508396327495575,0.7870544195175171,-0.01084553636610508
60,hand,5,0,0.5308656692504883,0.779849648475647,-0.007035324815660715
60,hand,6,0,0.5237141251564026,0.8071983456611633,-0.008785612881183624
60,hand,7,0,0.5187637209892273,0.8218377232551575,-0.00990148726850748
60,hand,8,0,0.5149033069610596,0.8330616354942322,-0.010498188436031342
60,hand,9,0,0.5377246737480164,0.7830631732940674,-0.0032804058864712715
60,hand,10,0,0.5309865474700928,0.8097688555717468,-0.004785612225532532
60,hand,11,0,0.5249419808387756,0.8239118456840515,-0.005351867992430925
60,hand,12,0,0.5197612047195435,0.8341426253318787,-0.00550534762442112
60,hand,13,0,0.5417709946632385,0.7819914817810059,-5.392065941123292e-05
60,hand,14,0,0.5363747477531433,0.8063125610351562,-0.0013715504901483655
60,hand,15,0,0.5307790040969849,0.8197771310806274,-0.00200142664834857
60,hand,16,0,0.5254477858543396,0.8303344249725342,-0.0022236143704503775
60,hand,17,0,0.5434578657150269,0.7784067988395691,0.0024885633029043674
60,hand,18,0,0.5392208099365234,0.7993419170379639,0.0013123424723744392
60,hand,19,0,0.5349227786064148,0.8103026747703552,0.0010035132290795445
60,hand,20,0,0.5305655598640442,0.8181291818618774,0.0011108580511063337
60,hand,0,1,0.39320728182792664,0.7296752333641052,2.568487644794004e-08
60,hand,1,1,0.4095587432384491,0.7323811650276184,-0.004998756572604179
60,hand,2,1,0.41913166642189026,0.7542738914489746,-0.0060342238284647465
60,hand,3,1,0.4247337281703949,0.7766902446746826,-0.005616114009171724
60,hand,4,1,0.43085891008377075,0.7906319499015808,-0.004591002594679594
60,hand,5,1,0.4101109504699707,0.7799612283706665,-0.0053086369298398495
60,hand,6,1,0.418265163898468,0.8089074492454529,-0.006280107423663139
60,hand,7,1,0.42237257957458496,0.8231968879699707,-0.006310655269771814
60,hand,8,1,0.4251883029937744,0.8338961601257324,-0.005892355460673571
60,hand,9,1,0.4022347629070282,0.7866063714027405,-0.002739823656156659
60,hand,10,1,0.4117303192615509,0.8147651553153992,-0.0033726110123097897
60,hand,11,1,0.4168456494808197,0.8287451267242432,-0.0030468059703707695
60,hand,12,1,0.4201580882072449,0.8394521474838257,-0.0025478785391896963
60,hand,13,1,0.3972856402397156,0.7894377112388611,-0.00041942435200326145
60,hand,14,1,0.4058992862701416,0.8144715428352356,-0.0011469345772638917
60,hand,15,1,0.4105696976184845,0.8272297382354736,-0.0011214325204491615
60,hand,16,1,0.41402649879455566,0.8367681503295898,-0.000763854302931577
60,hand,17,1,0.39513805508613586,0.7898481488227844,0.0015655900351703167
60,hand,18,1,0.4014556109905243,0.8100625276565552,0.0011684320634230971
60,hand,19,1,0.40565454959869385,0.8210191130638123,0.0013642089907079935
60,hand,20,1,0.40941545367240906,0.8290756940841675,0.0018940940499305725
60,pose,0,-1,0.46555325388908386,0.17124544084072113,-0.37029772996902466
60,pose,1,-1,0.47501128911972046,0.14658112823963165,-0.3473649024963379
60,pose,2,-1,0.4795765280723572,0.14705568552017212,-0.3474898338317871
60,pose,3,-1,0.4842768609523773,0.14765600860118866,-0.3476070165634155
60,pose,4,-1,0.4564231336116791,0.14647114276885986,-0.34985336661338806
60,pose,5,-1,0.4506928622722626,0.147117018699646,-0.3498874306678772
60,pose,6,-1,0.44609686732292175,0.1479472517967224,-0.349989116191864
60,pose,7,-1,0.4923834502696991,0.16109998524188995,-0.19733379781246185
60,pose,8,-1,0.43960416316986084,0.16138538718223572,-0.2096368819475174
60,pose,9,-1,0.477728009223938,0.2004525512456894,-0.31297236680984497
60,pose,10,-1,0.45543745160102844,0.20286791026592255,-0.3163486123085022
60,pose,11,-1,0.5389471054077148,0.3249315321445465,-0.08979211002588272
60,pose,12,-1,0.4007170498371124,0.32565516233444214,-0.14335325360298157
60,pose,13,-1,0.552302896976471,0.5250241160392761,-0.016784213483333588
60,pose,14,-1,0.3926200866699219,0.5351757407188416,-0.12513425946235657
60,pose,15,-1,0.5421968698501587,0.7207280397415161,-0.16342207789421082
60,pose,16,-1,0.40067750215530396,0.7217811346054077,-0.26100775599479675
60,pose,17,-1,0.5406984090805054,0.7760658264160156,-0.21480348706245422
60,pose,18,-1,0.4027797281742096,0.7818549871444702,-0.31113478541374207
60,pose,19,-1,0.528667151927948,0.7712145447731018,-0.2568572461605072
60,pose,20,-1,0.41643187403678894,0.7773709297180176,-0.3454790711402893
60,pose,21,-1,0.5254769325256348,0.7534422874450684,-0.18245798349380493
60,pose,22,-1,0.41896507143974304,0.7573317885398865,-0.2771787643432617
60,pose,23,-1,0.5079980492591858,0.7026830315589905,0.02385760471224785
60,pose,24,-1,0.4319138824939728,0.7082597017288208,-0.02358875423669815
60,pose,25,-1,0.5132550001144409,0.9553247690200806,-0.031947921961545944
60,pose,26,-1,0.4384048581123352,0.9704427123069763,-0.07265333086252213
60,pose,27,-1,0.5184932351112366,1.1693918704986572,0.3362741768360138
60,pose,28,-1,0.45576152205467224,1.1776940822601318,0.23657850921154022
60,pose,29,-1,0.5164675116539001,1.1902161836624146,0.36830776929855347
60,pose,30,-1,0.45839405059814453,1.1956586837768555,0.2644484341144562
60,pose,31,-1,0.5246509909629822,1.2581837177276611,0.24659201502799988
60,pose,32,-1,0.4674551784992218,1.268281102180481,0.11445067077875137
61,hand,0,0,0.5421928763389587,0.7229234576225281,1.1274796207771942e-07
61,hand,1,0,0.5275311470031738,0.7290918231010437,-0.007044577971100807
61,hand,2,0,0.5191583633422852,0.751225471496582,-0.009021383710205555
61,hand,3,0,0.5140645503997803,0.7726180553436279,-0.009253156371414661
61,hand,4,0,0.508022665977478,0.7869781851768494,-0.008854962885379791
61,hand,5,0,0.5298138856887817,0.778529167175293,-0.0066005471162498
61,hand,6,0,0.5233158469200134,0.8072761297225952,-0.007809150964021683
61,hand,7,0,0.5191463232040405,0.822181224822998,-0.008278464898467064
61,hand,8,0,0.5161169171333313,0.8332411050796509,-0.008375968784093857
61,hand,9,0,0.5373228788375854,0.7814899682998657,-0.00305811851285398
61,hand,10,0,0.5309823155403137,0.8095561265945435,-0.0042168330401182175
61,hand,11,0,0.5256537795066833,0.8241391181945801,-0.004248369950801134
61,hand,12,0,0.5212621688842773,0.8346847891807556,-0.003919750452041626
61,hand,13,0,0.5419276356697083,0.7805764675140381,8.292063284898177e-05
61,hand,14,0,0.5367028713226318,0.8054481148719788,-0.000806834374088794
61,hand,15,0,0.5316007137298584,0.819070041179657,-0.0010814628330990672
61,hand,16,0,0.5269330739974976,0.8299276232719421,-0.0010474167065694928
61,hand,17,0,0.5440400838851929,0.7775224447250366,0.0026478327345103025
61,hand,18,0,0.5397720336914062,0.7983187437057495,0.0019309016643092036
61,hand,19,0,0.5358311533927917,0.8089693784713745,0.0019411459797993302
61,hand,20,0,0.53196120262146,0.8166658282279968,0.0022928020916879177
61,hand,0,1,0.391073077917099,0.7296678423881531,1.6571883421079292e-08
61,hand,1,1,0.40792372822761536,0.7323906421661377,-0.005351008381694555
61,hand,2,1,0.41788250207901,0.7543627619743347,-0.006446009036153555
61,hand,3,1,0.42382290959358215,0.7768836617469788,-0.006190092768520117
61,hand,4,1,0.4294784963130951,0.7920556664466858,-0.005365568213164806
61,hand,5,1,0.4083305299282074,0.7794020771980286,-0.0047220573760569096
61,hand,6,1,0.416748583316803,0.8070029020309448,-0.006080697290599346
61,hand,7,1,0.4213232100009918,0.8211157917976379,-0.006748528685420752
61,hand,8,1,0.42468252778053284,0.8322223424911499,-0.006895948201417923
61,hand,9,1,0.40058937668800354,0.7868403196334839,-0.0023566510062664747
61,hand,10,1,0.4103170931339264,0.8138384222984314,-0.003180948318913579
61,hand,11,1,0.4162311851978302,0.8278957605361938,-0.003597190836444497
61,hand,12,1,0.4203951060771942,0.8389756083488464,-0.0038023642264306545
61,hand,13,1,0.39580902457237244,0.7901701927185059,-0.0003740807587746531
61,hand,14,1,0.40497344732284546,0.8144627809524536,-0.001520480145700276
61,hand,15,1,0.4106447994709015,0.827290415763855,-0.002186622004956007
61,hand,16,1,0.414946973323822,0.836720883846283,-0.0023840630892664194
61,hand,17,1,0.39391428232192993,0.7910159826278687,0.0012234540190547705
61,hand,18,1,0.4010719954967499,0.8104017376899719,0.0002974341041408479
61,hand,19,1,0.40592309832572937,0.8210816383361816,1.883605909824837e-05
61,hand,20,1,0.41012808680534363,0.8290157318115234,0.00015648304542992264
61,pose,0,-1,0.4646173417568207,0.17242670059204102,-0.36501437425613403
61,pose,1,-1,0.47396647930145264,0.14711549878120422,-0.3424352705478668
61,pose,2,-1,0.47892290353775024,0.14753034710884094,-0.34256136417388916
61,pose,3,-1,0.48320621252059937,0.14801640808582306,-0.34268343448638916
61,pose,4,-1,0.4555923640727997,0.14725258946418762,-0.3448099195957184
61,pose,5,-1,0.4500634968280792,0.14796960353851318,-0.34482818841934204
61,pose,6,-1,0.4453863203525543,0.14874021708965302,-0.3449253737926483
61,pose,7,-1,0.4917899966239929,0.16121241450309753,-0.19358031451702118
61,pose,8,-1,0.4392220079898834,0.16209545731544495,-0.2052258849143982
61,pose,9,-1,0.4771079421043396,0.2014312893152237,-0.30795028805732727
61,pose,10,-1,0.4548024535179138,0.20398616790771484,-0.31116533279418945
61,pose,11,-1,0.5389304757118225,0.32386136054992676,-0.0865696594119072
61,pose,12,-1,0.4008044898509979,0.32564577460289,-0.1384831964969635
61,pose,13,-1,0.5520931482315063,0.5248854160308838,-0.01672513410449028
61,pose,14,-1,0.39350372552871704,0.5354118943214417,-0.1206127181649208
61,pose,15,-1,0.5423805117607117,0.7196675539016724,-0.1591508835554123
61,pose,16,-1,0.400458425283432,0.7212904095649719,-0.25378960371017456
61,pose,17,-1,0.5409002900123596,0.7756129503250122,-0.21065686643123627
61,pose,18,-1,0.40263912081718445,0.7804340124130249,-0.3031969666481018
61,pose,19,-1,0.5290436148643494,0.7707072496414185,-0.25317972898483276
61,pose,20,-1,0.4159497320652008,0.7762598395347595,-0.34044989943504333
61,pose,21,-1,0.5259572267532349,0.7528775334358215,-0.17834772169589996
61,pose,22,-1,0.418387234210968,0.756679892539978,-0.2705320119857788
61,pose,23,-1,0.5075584650039673,0.7026343941688538,0.023713428527116776
61,pose,24,-1,0.4316270053386688,0.7078402638435364,-0.02342219464480877
61,pose,25,-1,0.513324499130249,0.9565297365188599,-0.04480680450797081
61,pose,26,-1,0.4384136497974396,0.9704161286354065,-0.07661599665880203
61,pose,27,-1,0.5184622406959534,1.1703472137451172,0.32164227962493896
61,pose,28,-1,0.45571795105934143,1.1770241260528564,0.23227442800998688
61,pose,29,-1,0.5164411664009094,1.1914048194885254,0.35177335143089294
61,pose,30,-1,0.45837369561195374,1.1952078342437744,0.2600431740283966
61,pose,31,-1,0.5242617130279541,1.259203314781189,0.2287127673625946
61,pose,32,-1,0.4671946167945862,1.2655645608901978,0.11277388036251068
62,hand,0,0,0.5417988300323486,0.721428394317627,1.1060279092589553e-07
62,hand,1,0,0.5271821618080139,0.7285500168800354,-0.006842533126473427
62,hand,2,0,0.5189646482467651,0.7500550746917725,-0.009038405492901802
62,hand,3,0,0.5140776634216309,0.7729817628860474,-0.009670406579971313
62,hand,4,0,0.5078009366989136,0.7881031036376953,-0.009747838601469994
62,hand,5,0,0.5289949774742126,0.7788259983062744,-0.00526288291439414
62,hand,6,0,0.5238392353057861,0.8064150810241699,-0.006268618628382683
62,hand,7,0,0.5207356810569763,0.8208948373794556,-0.007022345904260874
62,hand,8,0,0.5185213088989258,0.8321532011032104,-0.007515866309404373
62,hand,9,0,0.5370010137557983,0.7816367745399475,-0.002139599295333028
62,hand,10,0,0.5313966870307922,0.8087469935417175,-0.0027534100227057934
62,hand,11,0,0.5268687009811401,0.8233237266540527,-0.0030416655354201794
62,hand,12,0,0.5230484008789062,0.834186851978302,-0.0032027671113610268
62,hand,13,0,0.5425329804420471,0.7800353765487671,0.00047829674440436065
62,hand,14,0,0.5378487706184387,0.8047114610671997,-0.00025210241437889636
62,hand,15,0,0.5333673357963562,0.8185096979141235,-0.0008626310154795647
62,hand,16,0,0.529204785823822,0.8293052911758423,-0.0012994222342967987
62,hand,17,0,0.5457166433334351,0.776471734046936,0.0025248618330806494
62,hand,18,0,0.5420107841491699,0.797602117061615,0.0015350584872066975
62,hand,19,0,0.5384902954101562,0.8085329532623291,0.0012270748848095536
62,hand,20,0,0.5348495244979858,0.8168350458145142,0.0012384055880829692
62,hand,0,1,0.38996854424476624,0.7293068170547485,1.9109419824303586e-08
62,hand,1,1,0.4068654775619507,0.7318202257156372,-0.006003441289067268
62,hand,2,1,0.41690126061439514,0.7540090680122375,-0.007368667516857386
62,hand,3,1,0.4226721227169037,0.7769201397895813,-0.007175351493060589
62,hand,4,1,0.4284622073173523,0.792341411113739,-0.006352880038321018
62,hand,5,1,0.4070172607898712,0.7789556980133057,-0.0055086021311581135
62,hand,6,1,0.4158104360103607,0.8066010475158691,-0.0068723540753126144
62,hand,7,1,0.4204927086830139,0.8206861019134521,-0.007510450668632984
62,hand,8,1,0.4239345192909241,0.8318071365356445,-0.007658268325030804
62,hand,9,1,0.39931759238243103,0.7864660620689392,-0.0027532547246664762
62,hand,10,1,0.40937840938568115,0.8130850791931152,-0.0035244806203991175
62,hand,11,1,0.415234237909317,0.8267892599105835,-0.0038323677144944668
62,hand,12,1,0.41933882236480713,0.8376677632331848,-0.004003429319709539
62,hand,13,1,0.39470815658569336,0.7899897694587708,-0.00040572124999016523
62,hand,14,1,0.4041641354560852,0.8137617707252502,-0.001489926129579544
62,hand,15,1,0.40960273146629333,0.8262524008750916,-0.0020108637399971485
62,hand,16,1,0.4137538969516754,0.8355364799499512,-0.0021637596655637026
62,hand,17,1,0.39297595620155334,0.7910689115524292,0.0014952667988836765
62,hand,18,1,0.40044596791267395,0.8095781207084656,0.0005562826409004629
62,hand,19,1,0.4051368236541748,0.8195782899856567,0.0002946863532997668
62,hand,20,1,0.40930935740470886,0.827195942401886,0.000422766141127795
62,pose,0,-1,0.4637284576892853,0.1726103127002716,-0.36321941018104553
62,pose,1,-1,0.4729548990726471,0.14711974561214447,-0.340594083070755
62,pose,2,-1,0.4783426523208618,0.14752990007400513,-0.3407161831855774
62,pose,3,-1,0.48233646154403687,0.14800335466861725,-0.340829074382782
62,pose,4,-1,0.45477473735809326,0.1473429650068283,-0.3428710401058197
62,pose,5,-1,0.4494161903858185,0.14812318980693817,-0.342892050743103
62,pose,6,-1,0.44457539916038513,0.14892306923866272,-0.34299278259277344
62,pose,7,-1,0.49116382002830505,0.1611895114183426,-0.19215664267539978
62,pose,8,-1,0.43887796998023987,0.16235283017158508,-0.20337200164794922
62,pose,9,-1,0.4765208959579468,0.2015916258096695,-0.3065086603164673
62,pose,10,-1,0.4542933702468872,0.2042384147644043,-0.3095526695251465
62,pose,11,-1,0.5389214754104614,0.32333967089653015,-0.08373694866895676
62,pose,12,-1,0.4008147418498993,0.32579225301742554,-0.1404293328523636
62,pose,13,-1,0.5519399642944336,0.5247648358345032,-0.014695550315082073
62,pose,14,-1,0.39340391755104065,0.5366187691688538,-0.12179369479417801
62,pose,15,-1,0.5423485636711121,0.718776524066925,-0.1548904925584793
62,pose,16,-1,0.40011775493621826,0.7217467427253723,-0.25691378116607666
62,pose,17,-1,0.5410314798355103,0.7753372192382812,-0.20599070191383362
62,pose,18,-1,0.4023618996143341,0.7811172008514404,-0.3065977096557617
62,pose,19,-1,0.5292465090751648,0.7705889940261841,-0.24890346825122833
62,pose,20,-1,0.4153992831707001,0.7764879465103149,-0.3425234854221344
62,pose,21,-1,0.5260654091835022,0.7526479363441467,-0.17415833473205566
62,pose,22,-1,0.4178341329097748,0.7569296956062317,-0.27313074469566345
62,pose,23,-1,0.5072301030158997,0.7027831673622131,0.024102920666337013
62,pose,24,-1,0.4312806725502014,0.7076167464256287,-0.02383238635957241
62,pose,25,-1,0.5133894085884094,0.9566487669944763,-0.04421906918287277
62,pose,26,-1,0.438437819480896,0.9705948233604431,-0.07505059987306595
62,pose,27,-1,0.518509030342102,1.1695029735565186,0.3265977203845978
62,pose,28,-1,0.4556419253349304,1.1776069402694702,0.2303040325641632
62,pose,29,-1,0.5164775252342224,1.1900739669799805,0.35771793127059937
62,pose,30,-1,0.458269864320755,1.1958553791046143,0.25727081298828125
62,pose,31,-1,0.5242895483970642,1.2586405277252197,0.23334850370883942
62,pose,32,-1,0.46710875630378723,1.2661877870559692,0.10541573911905289
63,hand,0,0,0.5395889282226562,0.7217256426811218,1.0829997876271591e-07
63,hand,1,0,0.5251739025115967,0.730850875377655,-0.004896826110780239
63,hand,2,0,0.5176465511322021,0.7526406049728394,-0.006252042483538389
63,hand,3,0,0.513388454914093,0.7751918435096741,-0.006432035937905312
63,hand,4,0,0.5079169273376465,0.7892217040061951,-0.00612556142732501
63,hand,5,0,0.5281553864479065,0.7799124717712402,-0.0030436357483267784
63,hand,6,0,0.5235117673873901,0.8075329661369324,-0.0031827131751924753
63,hand,7,0,0.5208630561828613,0.8218360543251038,-0.0033296619076281786
63,hand,8,0,0.5192359685897827,0.8326343297958374,-0.003404873190447688
63,hand,9,0,0.5365055799484253,0.7813519239425659,-0.0006957854493521154
63,hand,10,0,0.5312402844429016,0.8095604181289673,-0.0006939148879610002
63,hand,11,0,0.5274134874343872,0.8239935636520386,-0.0006230554427020252
63,hand,12,0,0.5244532227516174,0.8351102471351624,-0.0004578946973197162
63,hand,13,0,0.5423240661621094,0.7786093354225159,0.0013118835631757975
63,hand,14,0,0.5380939841270447,0.8046185970306396,0.0013036567252129316
63,hand,15,0,0.5339615941047668,0.818600058555603,0.0011336472816765308
63,hand,16,0,0.5303228497505188,0.8292310237884521,0.0009834540542215109
63,hand,17,0,0.5458136796951294,0.7739513516426086,0.002907124347984791
63,hand,18,0,0.5431236624717712,0.7959483861923218,0.002853876445442438
63,hand,19,0,0.5399292707443237,0.8068102598190308,0.0032349915709346533
63,hand,20,0,0.5366028547286987,0.8144634962081909,0.0037040626630187035
63,hand,0,1,0.38994163274765015,0.7288577556610107,9.472300277479917e-09
63,hand,1,1,0.4067884087562561,0.7314720153808594,-0.005213991738855839
63,hand,2,1,0.416451632976532,0.7544850707054138,-0.006057744845747948
63,hand,3,1,0.4218604266643524,0.7772191762924194,-0.005433505401015282
63,hand,4,1,0.42752817273139954,0.791934072971344,-0.004248917568475008
63,hand,5,1,0.4065708518028259,0.7780037522315979,-0.005163256544619799
63,hand,6,1,0.4153536260128021,0.805066704750061,-0.006269294302910566
63,hand,7,1,0.4201059937477112,0.8188761472702026,-0.006608979310840368
63,hand,8,1,0.4236255884170532,0.8299275040626526,-0.006553772836923599
63,hand,9,1,0.3988840579986572,0.7856104373931885,-0.002622723812237382
63,hand,10,1,0.4090886116027832,0.811797559261322,-0.0033957292325794697
63,hand,11,1,0.4150142967700958,0.8254233598709106,-0.003562364261597395
63,hand,12,1,0.41919776797294617,0.8365775942802429,-0.0035734435077756643
63,hand,13,1,0.3942180573940277,0.7892691493034363,-0.00037245091516524553
63,hand,14,1,0.40367457270622253,0.8121852278709412,-0.0013831440592184663
63,hand,15,1,0.4091712236404419,0.8246073722839355,-0.001850760541856289
63,hand,16,1,0.4134553372859955,0.8340157270431519,-0.0019285539165139198
63,hand,17,1,0.3924291729927063,0.7904013395309448,0.0015171178383752704
63,hand,18,1,0.3997081220149994,0.8086032867431641,0.000744468648917973
63,hand,19,1,0.4045666754245758,0.8182094097137451,0.000569549563806504
63,hand,20,1,0.4089234173297882,0.8251286745071411,0.0007630721083842218
63,pose,0,-1,0.4630480706691742,0.17288990318775177,-0.36325603723526
63,pose,1,-1,0.47231438755989075,0.1471327245235443,-0.34101057052612305
63,pose,2,-1,0.4779649078845978,0.14753477275371552,-0.34113168716430664
63,pose,3,-1,0.48182374238967896,0.14800770580768585,-0.34123846888542175
63,pose,4,-1,0.45411428809165955,0.14740411937236786,-0.34356680512428284
63,pose,5,-1,0.4488326907157898,0.14819437265396118,-0.34358853101730347
63,pose,6,-1,0.4438493847846985,0.1489860713481903,-0.34369614720344543
63,pose,7,-1,0.4908098578453064,0.16117078065872192,-0.19310109317302704
63,pose,8,-1,0.43854478001594543,0.1624157875776291,-0.20537084341049194
63,pose,9,-1,0.47599658370018005,0.2019444853067398,-0.3065333962440491
63,pose,10,-1,0.453817218542099,0.20460084080696106,-0.3098478615283966
63,pose,11,-1,0.5389153957366943,0.3228408396244049,-0.0822591781616211
63,pose,12,-1,0.40080925822257996,0.32590994238853455,-0.1434238851070404
63,pose,13,-1,0.5519585013389587,0.5246385335922241,-0.013271940872073174
63,pose,14,-1,0.3931673467159271,0.538116991519928,-0.12454302608966827
63,pose,15,-1,0.5422980189323425,0.7180976271629333,-0.15522970259189606
63,pose,16,-1,0.4000098407268524,0.7219359874725342,-0.2596451938152313
63,pose,17,-1,0.5411309599876404,0.7758989930152893,-0.20644503831863403
63,pose,18,-1,0.40228307247161865,0.7816457748413086,-0.30937397480010986
63,pose,19,-1,0.5293691754341125,0.770932674407959,-0.24910709261894226
63,pose,20,-1,0.41503316164016724,0.7771106362342834,-0.34326907992362976
63,pose,21,-1,0.5260961055755615,0.7526196241378784,-0.17442192137241364
63,pose,22,-1,0.4174749553203583,0.7573117613792419,-0.27542850375175476
63,pose,23,-1,0.5070610642433167,0.703100860118866,0.024959515780210495
63,pose,24,-1,0.4309038817882538,0.7078882455825806,-0.024696599692106247
63,pose,25,-1,0.5133469700813293,0.9577944278717041,-0.04242810234427452
63,pose,26,-1,0.43859606981277466,0.9722599983215332,-0.07416316121816635
63,pose,27,-1,0.5185048580169678,1.1710330247879028,0.3242945075035095
63,pose,28,-1,0.45560508966445923,1.1826553344726562,0.2228723019361496
63,pose,29,-1,0.5164858102798462,1.1908375024795532,0.35469329357147217
63,pose,30,-1,0.45816630125045776,1.2021043300628662,0.24743196368217468
63,pose,31,-1,0.5242159962654114,1.2616132497787476,0.22808797657489777
63,pose,32,-1,0.4669778645038605,1.2732847929000854,0.0886986032128334
64,hand,0,0,0.5387435555458069,0.7210644483566284,1.0730524024893384e-07
64,hand,1,0,0.5241410136222839,0.7309914827346802,-0.005006616469472647
64,hand,2,0,0.5167498588562012,0.753379762172699,-0.006535563617944717
64,hand,3,0,0.5129985213279724,0.776053249835968,-0.006826627533882856
64,hand,4,0,0.5075929760932922,0.7906814813613892,-0.006664330139756203
64,hand,5,0,0.5273669958114624,0.7796698808670044,-0.0035650713834911585
64,hand,6,0,0.5231090784072876,0.808093249797821,-0.003796043572947383
64,hand,7,0,0.5209647417068481,0.8227348327636719,-0.003971436992287636
64,hand,8,0,0.5198432803153992,0.833824634552002,-0.004058260470628738
64,hand,9,0,0.5357352495193481,0.7807298302650452,-0.0012028359342366457
64,hand,10,0,0.5303972959518433,0.8096622228622437,-0.00126515026204288
64,hand,11,0,0.5268527865409851,0.8244518637657166,-0.001302999327890575
64,hand,12,0,0.5241854786872864,0.8354389667510986,-0.001231186673976481
64,hand,13,0,0.5416207909584045,0.7780098915100098,0.000857202394399792
64,hand,14,0,0.5371893048286438,0.8048243522644043,0.0008816835470497608
64,hand,15,0,0.5332720875740051,0.8193186521530151,0.0005880504613742232
64,hand,16,0,0.529891312122345,0.830467164516449,0.0002909970353357494
64,hand,17,0,0.5453985333442688,0.7736556529998779,0.00251958891749382
64,hand,18,0,0.5430238842964172,0.796295166015625,0.0024125101044774055
64,hand,19,0,0.540046751499176,0.8076738119125366,0.0026771409902721643
64,hand,20,0,0.5368971824645996,0.8159573674201965,0.00303962011821568
64,hand,0,1,0.3901445269584656,0.7282997965812683,1.3587137637216529e-08
64,hand,1,1,0.4067242741584778,0.7311825156211853,-0.00517830066382885
64,hand,2,1,0.4163287580013275,0.7542426586151123,-0.006026622373610735
64,hand,3,1,0.42164379358291626,0.7768552303314209,-0.005395353306084871
64,hand,4,1,0.4276113212108612,0.7907388806343079,-0.004217445384711027
64,hand,5,1,0.40654075145721436,0.7771262526512146,-0.0051917764358222485
64,hand,6,1,0.4152615964412689,0.8044076561927795,-0.00632388424128294
64,hand,7,1,0.4200693368911743,0.8183777928352356,-0.006598362233489752
64,hand,8,1,0.4235599935054779,0.8293711543083191,-0.006452416535466909
64,hand,9,1,0.39900872111320496,0.7843621969223022,-0.002663826337084174
64,hand,10,1,0.40909379720687866,0.8107991218566895,-0.0035816605668514967
64,hand,11,1,0.41490602493286133,0.8248611688613892,-0.0036428060848265886
64,hand,12,1,0.41894590854644775,0.8361204266548157,-0.003470802679657936
64,hand,13,1,0.3944260776042938,0.7878269553184509,-0.00044592435006052256
64,hand,14,1,0.4038937985897064,0.8111417889595032,-0.0015879403799772263
64,hand,15,1,0.40912988781929016,0.8241615295410156,-0.0020910275634378195
64,hand,16,1,0.4132162630558014,0.8341355919837952,-0.0021027037873864174
64,hand,17,1,0.3925098478794098,0.7889624834060669,0.001429234747774899
64,hand,18,1,0.39950573444366455,0.8076585531234741,0.0006176593014970422
64,hand,19,1,0.4041433036327362,0.8178407549858093,0.0004216931411065161
64,hand,20,1,0.40830063819885254,0.825218141078949,0.0006270647281780839
64,pose,0,-1,0.46263304352760315,0.17281147837638855,-0.3632112443447113
64,pose,1,-1,0.4718589186668396,0.14665310084819794,-0.3408583104610443
64,pose,2,-1,0.4776919484138489,0.14700378477573395,-0.340978741645813
64,pose,3,-1,0.48148539662361145,0.14743278920650482,-0.34108832478523254
64,pose,4,-1,0.45368078351020813,0.1470794677734375,-0.34309065341949463
64,pose,5,-1,0.44842803478240967,0.14792802929878235,-0.34310561418533325
64,pose,6,-1,0.4433547258377075,0.1488044112920761,-0.3432072401046753
64,pose,7,-1,0.4904119074344635,0.160638228058815,-0.1932746022939682
64,pose,8,-1,0.43829017877578735,0.16225746273994446,-0.2040509581565857
64,pose,9,-1,0.4756321907043457,0.20191554725170135,-0.30676156282424927
64,pose,10,-1,0.45358434319496155,0.20456726849079132,-0.30966299772262573
64,pose,11,-1,0.5389103293418884,0.32236820459365845,-0.0831867977976799
64,pose,12,-1,0.400807648897171,0.32601577043533325,-0.14269764721393585
64,pose,13,-1,0.5517441034317017,0.5247135162353516,-0.013921585865318775
64,pose,14,-1,0.3929837644100189,0.5381819009780884,-0.12387735396623611
64,pose,15,-1,0.5418773293495178,0.7205754518508911,-0.15862052142620087
64,pose,16,-1,0.3997509777545929,0.7213574647903442,-0.2588994801044464
64,pose,17,-1,0.5410107374191284,0.7785231471061707,-0.21020182967185974
64,pose,18,-1,0.4018680453300476,0.7807551622390747,-0.3084389865398407
64,pose,19,-1,0.5289273262023926,0.7739230394363403,-0.2519738972187042
64,pose,20,-1,0.41490885615348816,0.7758731245994568,-0.34395378828048706
64,pose,21,-1,0.5254719853401184,0.7555733323097229,-0.17759230732917786
64,pose,22,-1,0.41738778352737427,0.7565001845359802,-0.27516821026802063
64,pose,23,-1,0.5069088339805603,0.7031840682029724,0.025390775874257088
64,pose,24,-1,0.4307768940925598,0.7080676555633545,-0.02513410709798336
64,pose,25,-1,0.5137163996696472,0.9607133865356445,-0.04280891269445419
64,pose,26,-1,0.43863561749458313,0.9726325273513794,-0.07494422793388367
64,pose,27,-1,0.5188868045806885,1.172484040260315,0.32039403915405273
64,pose,28,-1,0.4557046592235565,1.183380126953125,0.21875053644180298
64,pose,29,-1,0.516730546951294,1.192182183265686,0.3502894937992096
64,pose,30,-1,0.4583315849304199,1.2026879787445068,0.2432459145784378
64,pose,31,-1,0.5249189138412476,1.2636271715164185,0.2255614548921585
64,pose,32,-1,0.4671247601509094,1.2744313478469849,0.08600492030382156
65,hand,0,0,0.5380463004112244,0.7207244634628296,1.070107842338075e-07
65,hand,1,0,0.5236222147941589,0.7305278182029724,-0.005667042452841997
65,hand,2,0,0.5159958600997925,0.7527740001678467,-0.007783984765410423
65,hand,3,0,0.5119343996047974,0.7755236625671387,-0.00869639404118061
65,hand,4,0,0.5059452056884766,0.7906284928321838,-0.009183378890156746
65,hand,5,0,0.5258039832115173,0.7791216969490051,-0.004483122378587723
65,hand,6,0,0.521264374256134,0.8073964715003967,-0.005716589279472828
65,hand,7,0,0.51877361536026,0.8224859237670898,-0.006635745521634817
65,hand,8,0,0.5172984004020691,0.8341893553733826,-0.007253591436892748
65,hand,9,0,0.5338027477264404,0.78072190284729,-0.002319885650649667
65,hand,10,0,0.5283603668212891,0.8095709085464478,-0.003250192617997527
65,hand,11,0,0.5248100161552429,0.8250189423561096,-0.003918512258678675
65,hand,12,0,0.522042989730835,0.8367224335670471,-0.004334481433033943
65,hand,13,0,0.5395301580429077,0.7782914638519287,-0.000555442413315177
65,hand,14,0,0.5349024534225464,0.8053132891654968,-0.0013452263083308935
65,hand,15,0,0.5312305092811584,0.8205479979515076,-0.002004392212256789
65,hand,16,0,0.5279414057731628,0.8325709104537964,-0.0025285370647907257
65,hand,17,0,0.5434038639068604,0.7738772630691528,0.0007474388112314045
65,hand,18,0,0.5411412119865417,0.7963088750839233,-0.00014496964286081493
65,hand,19,0,0.5384848713874817,0.8084686398506165,-0.0002947039029095322
65,hand,20,0,0.5356148481369019,0.8177202939987183,-0.00019929146219510585
65,hand,0,1,0.39039191603660583,0.7283638715744019,1.3620252481416628e-08
65,hand,1,1,0.4068363904953003,0.7308409214019775,-0.0049270144663751125
65,hand,2,1,0.41612887382507324,0.753078281879425,-0.0058413175866007805
65,hand,3,1,0.42140892148017883,0.7754160761833191,-0.005414462182670832
65,hand,4,1,0.42732733488082886,0.7903372049331665,-0.00443833414465189
65,hand,5,1,0.4068972170352936,0.7784181833267212,-0.004313332960009575
65,hand,6,1,0.41536834836006165,0.8047953844070435,-0.005247196648269892
65,hand,7,1,0.42007333040237427,0.8182128667831421,-0.005614175461232662
65,hand,8,1,0.42347148060798645,0.8290035128593445,-0.005599031690508127
65,hand,9,1,0.3992152214050293,0.7854620814323425,-0.002024562330916524
65,hand,10,1,0.4094817042350769,0.811018705368042,-0.00272365496493876
65,hand,11,1,0.4153098165988922,0.8247712850570679,-0.002993989735841751
65,hand,12,1,0.4192763864994049,0.8359275460243225,-0.0030647222883999348
65,hand,13,1,0.3945181667804718,0.7883303761482239,-5.8906978665618226e-05
65,hand,14,1,0.4039713144302368,0.8116690516471863,-0.0011993285734206438
65,hand,15,1,0.409331738948822,0.8244822025299072,-0.0018349866149947047
65,hand,16,1,0.4135028123855591,0.8342159390449524,-0.0019576477352529764
65,hand,17,1,0.3926432430744171,0.7889964580535889,0.0015895655378699303
65,hand,18,1,0.3998839855194092,0.808371365070343,0.000597277597989887
65,hand,19,1,0.4046704173088074,0.8189720511436462,0.0002978830016218126
65,hand,20,1,0.40894433856010437,0.8267255425453186,0.0004570042947307229
65,pose,0,-1,0.4623597264289856,0.1724693477153778,-0.3627372980117798
65,pose,1,-1,0.4715341329574585,0.1459643542766571,-0.3399290144443512
65,pose,2,-1,0.47746142745018005,0.1462881714105606,-0.34005218744277954
65,pose,3,-1,0.4812210202217102,0.1467333734035492,-0.34016668796539307
65,pose,4,-1,0.45350581407546997,0.14651666581630707,-0.3421853482723236
65,pose,5,-1,0.44827601313591003,0.14739947021007538,-0.342204749584198
65,pose,6,-1,0.4431533217430115,0.14839766919612885,-0.3423103392124176
65,pose,7,-1,0.48997294902801514,0.16010573506355286,-0.19108571112155914
65,pose,8,-1,0.43816593289375305,0.16189290583133698,-0.20211681723594666
65,pose,9,-1,0.47528403997421265,0.20157845318317413,-0.3059229254722595
65,pose,10,-1,0.4534458816051483,0.20414121448993683,-0.30889686942100525
65,pose,11,-1,0.5387298464775085,0.32141414284706116,-0.0826343297958374
65,pose,12,-1,0.400802880525589,0.3260246813297272,-0.13993141055107117
65,pose,13,-1,0.5508620142936707,0.5246759653091431,-0.014291463419795036
65,pose,14,-1,0.39310187101364136,0.5381081104278564,-0.12250017374753952
65,pose,15,-1,0.5409719944000244,0.7198815941810608,-0.1596413403749466
65,pose,16,-1,0.3996189832687378,0.7201497554779053,-0.25617024302482605
65,pose,17,-1,0.540678083896637,0.7771739959716797,-0.21141336858272552
65,pose,18,-1,0.4017867147922516,0.7792623043060303,-0.3058866262435913
65,pose,19,-1,0.5283371210098267,0.7737254500389099,-0.25355660915374756
65,pose,20,-1,0.41469335556030273,0.7745015025138855,-0.34244173765182495
65,pose,21,-1,0.5245732069015503,0.7554596662521362,-0.17881758511066437
65,pose,22,-1,0.41718757152557373,0.7554389238357544,-0.2726951837539673
65,pose,23,-1,0.5068716406822205,0.7030689120292664,0.025320222601294518
65,pose,24,-1,0.4306555390357971,0.7079838514328003,-0.02507171593606472
65,pose,25,-1,0.513714611530304,0.9607589244842529,-0.045007091015577316
65,pose,26,-1,0.4385937750339508,0.972668468952179,-0.07999070733785629
65,pose,27,-1,0.5186668634414673,1.170037865638733,0.3328336775302887
65,pose,28,-1,0.4555054306983948,1.1819193363189697,0.22733496129512787
65,pose,29,-1,0.5164943337440491,1.1894912719726562,0.36538487672805786
65,pose,30,-1,0.4582005441188812,1.2001144886016846,0.2548007667064667
65,pose,31,-1,0.5247412323951721,1.2613333463668823,0.23990745842456818
65,pose,32,-1,0.4670666754245758,1.2730247974395752,0.09919387847185135
66,hand,0,0,0.5383470058441162,0.7197041511535645,9.547895984951538e-08
66,hand,1,0,0.5234560370445251,0.7284994125366211,-0.005628306418657303
66,hand,2,0,0.5150512456893921,0.75091552734375,-0.007186463568359613
66,hand,3,0,0.510985791683197,0.7734883427619934,-0.007551227230578661
66,hand,4,0,0.5051909685134888,0.7885791659355164,-0.007452134042978287
66,hand,5,0,0.5249744057655334,0.7789732217788696,-0.003284790087491274
66,hand,6,0,0.5199857950210571,0.8061166405677795,-0.0041666217148303986
66,hand,7,0,0.5175392031669617,0.8206992745399475,-0.005131352227181196
66,hand,8,0,0.5161261558532715,0.8324137926101685,-0.005865821614861488
66,hand,9,0,0.5327184200286865,0.7808151841163635,-0.0009362499113194644
66,hand,10,0,0.5270508527755737,0.8078402280807495,-0.001501942635513842
66,hand,11,0,0.523347020149231,0.8223410248756409,-0.0021661678329110146
66,hand,12,0,0.5205300450325012,0.8335270285606384,-0.0026403034571558237
66,hand,13,0,0.5383670926094055,0.7784451246261597,0.0009377474780194461
66,hand,14,0,0.5335187315940857,0.8034799695014954,0.0003591726126614958
66,hand,15,0,0.529623806476593,0.817455530166626,-0.00015627205721102655
66,hand,16,0,0.5263288021087646,0.8289889693260193,-0.0005899304524064064
66,hand,17,0,0.5421932339668274,0.7741451859474182,0.00230989302508533
66,hand,18,0,0.5390369892120361,0.7953465580940247,0.0016008653910830617
66,hand,19,0,0.5360438823699951,0.8065649271011353,0.0016143831890076399
66,hand,20,0,0.5331154465675354,0.8153411746025085,0.001812217989936471
66,hand,0,1,0.39082658290863037,0.7275446057319641,1.2646256486448237e-08
66,hand,1,1,0.4071795344352722,0.7296442985534668,-0.005438166204839945
66,hand,2,1,0.41654151678085327,0.7511235475540161,-0.0065864017233252525
66,hand,3,1,0.42188912630081177,0.7739452123641968,-0.00634436309337616
66,hand,4,1,0.4276374876499176,0.7890679836273193,-0.005512885749340057
66,hand,5,1,0.40704041719436646,0.777190625667572,-0.004419775679707527
66,hand,6,1,0.4155017137527466,0.8031500577926636,-0.005449217744171619
66,hand,7,1,0.4201631247997284,0.8164458870887756,-0.005959027912467718
66,hand,8,1,0.42341533303260803,0.827366292476654,-0.0060911099426448345
66,hand,9,1,0.3994240164756775,0.7840651869773865,-0.001954959239810705
66,hand,10,1,0.40928685665130615,0.8094322681427002,-0.0026350452098995447
66,hand,11,1,0.41502586007118225,0.8231077194213867,-0.0029251317027956247
66,hand,12,1,0.4189645051956177,0.8342499136924744,-0.003063400974497199
66,hand,13,1,0.3947347104549408,0.7867385745048523,9.801886335480958e-05
66,hand,14,1,0.40385547280311584,0.80961012840271,-0.0010974103352054954
66,hand,15,1,0.4091326594352722,0.8224640488624573,-0.0017726672813296318
66,hand,16,1,0.41327419877052307,0.83240807056427,-0.0019576072227209806
66,hand,17,1,0.39269569516181946,0.7871339321136475,0.0017680540913715959
66,hand,18,1,0.39941152930259705,0.8058291673660278,0.0006813720683567226
66,hand,19,1,0.40406468510627747,0.8158944249153137,0.00031518618925474584
66,hand,20,1,0.4082931876182556,0.823258638381958,0.0004008102114312351
66,pose,0,-1,0.46164703369140625,0.17221464216709137,-0.3650791049003601
66,pose,1,-1,0.47086822986602783,0.14533954858779907,-0.342376708984375
66,pose,2,-1,0.47701317071914673,0.14562879502773285,-0.34250035881996155
66,pose,3,-1,0.4808112382888794,0.14616163074970245,-0.34261783957481384
66,pose,4,-1,0.4529038667678833,0.14618681371212006,-0.3441259264945984
66,pose,5,-1,0.44772425293922424,0.14719803631305695,-0.3441482186317444
66,pose,6,-1,0.44246938824653625,0.14827845990657806,-0.3442547917366028
66,pose,7,-1,0.48954281210899353,0.15986259281635284,-0.19359561800956726
66,pose,8,-1,0.437933087348938,0.1618202179670334,-0.2024998962879181
66,pose,9,-1,0.4747748374938965,0.20107638835906982,-0.308349072933197
66,pose,10,-1,0.4529374837875366,0.20380161702632904,-0.3106665313243866
66,pose,11,-1,0.5385245084762573,0.319947212934494,-0.08593127876520157
66,pose,12,-1,0.4008571207523346,0.32599198818206787,-0.13919787108898163
66,pose,13,-1,0.5501472353935242,0.5240026116371155,-0.017454952001571655
66,pose,14,-1,0.3932589888572693,0.537838339805603,-0.12238346040248871
66,pose,15,-1,0.5398700833320618,0.7188900709152222,-0.16003288328647614
66,pose,16,-1,0.3994450569152832,0.7185221910476685,-0.25291311740875244
66,pose,17,-1,0.5399247407913208,0.7752881646156311,-0.21199694275856018
66,pose,18,-1,0.40162426233291626,0.7768511176109314,-0.3023184537887573
66,pose,19,-1,0.5269441604614258,0.7716186046600342,-0.25686779618263245
66,pose,20,-1,0.41449132561683655,0.7716461420059204,-0.33939939737319946
66,pose,21,-1,0.5228772759437561,0.7538840174674988,-0.1797657608985901
66,pose,22,-1,0.4169943928718567,0.7530066967010498,-0.26955118775367737
66,pose,23,-1,0.5068768858909607,0.702441930770874,0.025129158049821854
66,pose,24,-1,0.43067821860313416,0.7077139019966125,-0.024878965690732002
66,pose,25,-1,0.5138226747512817,0.9602420330047607,-0.046557001769542694
66,pose,26,-1,0.4385785460472107,0.9719761610031128,-0.08122045546770096
66,pose,27,-1,0.5186541676521301,1.1671005487442017,0.32859012484550476
66,pose,28,-1,0.4555436968803406,1.1793544292449951,0.22739194333553314
66,pose,29,-1,0.5163566470146179,1.1866962909698486,0.3602561354637146
66,pose,30,-1,0.458230197429657,1.196943998336792,0.2547687590122223
66,pose,31,-1,0.5246988534927368,1.2583162784576416,0.2342483252286911
66,pose,32,-1,0.4672396779060364,1.2704968452453613,0.09964210540056229
67,hand,0,0,0.5376036763191223,0.7192011475563049,9.543808943135446e-08
67,hand,1,0,0.5229569673538208,0.7278642058372498,-0.005904936231672764
67,hand,2,0,0.5147427320480347,0.7498502135276794,-0.007508482318371534
67,hand,3,0,0.5100679397583008,0.7721211314201355,-0.00782772433012724
67,hand,4,0,0.5042976140975952,0.7870919704437256,-0.007637939881533384
67,hand,5,0,0.5242366194725037,0.7777490019798279,-0.0033548707142472267
67,hand,6,0,0.518190860748291,0.8037316799163818,-0.004082324914634228
67,hand,7,0,0.5153595805168152,0.817516028881073,-0.004969248082488775
67,hand,8,0,0.5137823820114136,0.8289952874183655,-0.005720304790884256
67,hand,9,0,0.5317816734313965,0.7802504897117615,-0.0007708602934144437
67,hand,10,0,0.525457501411438,0.8060183525085449,-0.0012032185913994908
67,hand,11,0,0.5215874314308167,0.8194378614425659,-0.001776803401298821
67,hand,12,0,0.5188028812408447,0.8301662802696228,-0.002255543600767851
67,hand,13,0,0.5373766422271729,0.7780487537384033,0.0013177747605368495
67,hand,14,0,0.5322219133377075,0.8019365072250366,0.000846494163852185
67,hand,15,0,0.5279786586761475,0.8149123787879944,0.0004181379918009043
67,hand,16,0,0.5243728160858154,0.8255517482757568,-9.239498467650265e-06
67,hand,17,0,0.5410423874855042,0.7737454175949097,0.0028769008349627256
67,hand,18,0,0.5376989245414734,0.7940114736557007,0.002260487526655197
67,hand,19,0,0.5344691276550293,0.8045929074287415,0.002302322071045637
67,hand,20,0,0.531305730342865,0.812627375125885,0.0024795900098979473
67,hand,0,1,0.39121928811073303,0.7260034680366516,1.062245846839005e-08
67,hand,1,1,0.4076279401779175,0.7284857630729675,-0.004641205538064241
67,hand,2,1,0.4168889820575714,0.7508238554000854,-0.005227972753345966
67,hand,3,1,0.4219047427177429,0.7733558416366577,-0.004461989738047123
67,hand,4,1,0.4274892807006836,0.7876361012458801,-0.0031102774664759636
67,hand,5,1,0.40739530324935913,0.7763940691947937,-0.003886159509420395
67,hand,6,1,0.415988951921463,0.802611231803894,-0.00436741579324007
67,hand,7,1,0.42049655318260193,0.8158426880836487,-0.004361873026937246
67,hand,8,1,0.4235822558403015,0.8263450860977173,-0.004097446799278259
67,hand,9,1,0.3996288776397705,0.7829031348228455,-0.001470400718972087
67,hand,10,1,0.40944311022758484,0.8084560632705688,-0.0018402343848720193
67,hand,11,1,0.4149511456489563,0.8218137621879578,-0.0018027754267677665
67,hand,12,1,0.4186517596244812,0.8326492309570312,-0.001600955962203443
67,hand,13,1,0.3946993350982666,0.7854416966438293,0.0006544810021296144
67,hand,14,1,0.40362030267715454,0.8078774213790894,-0.00010654093057382852
67,hand,15,1,0.4087291955947876,0.8205715417861938,-0.0005888795130886137
67,hand,16,1,0.4126964211463928,0.8302189111709595,-0.0006255768821574748
67,hand,17,1,0.392273873090744,0.7857851982116699,0.002477549482136965
67,hand,18,1,0.3987673819065094,0.8037963509559631,0.0019837822765111923
67,hand,19,1,0.40338149666786194,0.8134124875068665,0.001901754760183394
67,hand,20,1,0.407555490732193,0.8202057480812073,0.0021765518467873335
67,pose,0,-1,0.4611702859401703,0.1716507077217102,-0.3720993101596832
67,pose,1,-1,0.47057875990867615,0.1441032439470291,-0.350033700466156
67,pose,2,-1,0.4768223762512207,0.1444210559129715,-0.3501421809196472
67,pose,3,-1,0.4806065857410431,0.1450977325439453,-0.3502252697944641
67,pose,4,-1,0.45254817605018616,0.14487409591674805,-0.35140636563301086
67,pose,5,-1,0.4473751187324524,0.14588125050067902,-0.35143914818763733
67,pose,6,-1,0.44196945428848267,0.14709752798080444,-0.35154688358306885
67,pose,7,-1,0.4893462061882019,0.15929865837097168,-0.20418386161327362
67,pose,8,-1,0.437675803899765,0.1607968956232071,-0.21200799942016602
67,pose,9,-1,0.47421419620513916,0.20047619938850403,-0.3166212737560272
67,pose,10,-1,0.452260822057724,0.2031448632478714,-0.31859081983566284
67,pose,11,-1,0.5380610823631287,0.31873247027397156,-0.09906467795372009
67,pose,12,-1,0.4007933735847473,0.325796514749527,-0.1471877545118332
67,pose,13,-1,0.5495132207870483,0.5230845808982849,-0.028576171025633812
67,pose,14,-1,0.39297670125961304,0.5376565456390381,-0.12685975432395935
67,pose,15,-1,0.5390263199806213,0.718216598033905,-0.16228747367858887
67,pose,16,-1,0.39937716722488403,0.7178037762641907,-0.25461000204086304
67,pose,17,-1,0.5393619537353516,0.7744867205619812,-0.21321429312229156
67,pose,18,-1,0.40150293707847595,0.7767031192779541,-0.3036750853061676
67,pose,19,-1,0.5261383652687073,0.7707255482673645,-0.25782206654548645
67,pose,20,-1,0.4143270254135132,0.771509051322937,-0.34031006693840027
67,pose,21,-1,0.5217899084091187,0.7530640363693237,-0.1815144419670105
67,pose,22,-1,0.41681069135665894,0.7525433897972107,-0.2709728479385376
67,pose,23,-1,0.5068594813346863,0.7016234397888184,0.02468910440802574
67,pose,24,-1,0.4305483102798462,0.7070650458335876,-0.024448517709970474
67,pose,25,-1,0.5138213038444519,0.9591271281242371,-0.034413255751132965
67,pose,26,-1,0.4384595453739166,0.9695140719413757,-0.058929361402988434
67,pose,27,-1,0.517913818359375,1.161910057067871,0.3299653232097626
67,pose,28,-1,0.45442086458206177,1.1731376647949219,0.22982627153396606
67,pose,29,-1,0.5150836706161499,1.1820929050445557,0.3604225516319275
67,pose,30,-1,0.45644915103912354,1.1915596723556519,0.2555691599845886
67,pose,31,-1,0.524412214756012,1.2524245977401733,0.2341388761997223
67,pose,32,-1,0.466286301612854,1.2648214101791382,0.09995569288730621
68,hand,0,0,0.5386455655097961,0.7190547585487366,9.965913250198355e-08
68,hand,1,0,0.5236976742744446,0.7266712784767151,-0.005978437606245279
68,hand,2,0,0.5153999328613281,0.7491413354873657,-0.007248311303555965
68,hand,3,0,0.5108096599578857,0.771943211555481,-0.007108475547283888
68,hand,4,0,0.5048920512199402,0.787401556968689,-0.006433643866330385
68,hand,5,0,0.5248401761054993,0.7779527902603149,-0.002851833589375019
68,hand,6,0,0.5187250971794128,0.8027816414833069,-0.003103747731074691
68,hand,7,0,0.5157986879348755,0.8166855573654175,-0.003724202513694763
68,hand,8,0,0.5140916109085083,0.828014075756073,-0.004304241389036179
68,hand,9,0,0.5325810313224792,0.7805895209312439,6.408915214706212e-05
68,hand,10,0,0.5260283350944519,0.8052683472633362,-1.5387291568913497e-05
68,hand,11,0,0.5217270851135254,0.8186542391777039,-0.000296173122478649
68,hand,12,0,0.5184262990951538,0.8297716975212097,-0.000524683331605047
68,hand,13,0,0.5380260944366455,0.7784587740898132,0.002458056202158332
68,hand,14,0,0.5323890447616577,0.8017411828041077,0.0021281882654875517
68,hand,15,0,0.5278587341308594,0.8147350549697876,0.0018065088661387563
68,hand,16,0,0.5240651369094849,0.8258097171783447,0.0015516827115789056
68,hand,17,0,0.5413387417793274,0.7742307186126709,0.004312586970627308
68,hand,18,0,0.5371314287185669,0.7948470115661621,0.0037898768205195665
68,hand,19,0,0.5335035920143127,0.8053939342498779,0.003872224595397711
68,hand,20,0,0.5300158858299255,0.8136274218559265,0.004133631940931082
68,hand,0,1,0.3912091553211212,0.7253516912460327,1.2980139629803489e-08
68,hand,1,1,0.40780210494995117,0.7285103797912598,-0.004773682449012995
68,hand,2,1,0.41694575548171997,0.7510018944740295,-0.005525052547454834
68,hand,3,1,0.42184117436408997,0.7739517092704773,-0.0049162027426064014
68,hand,4,1,0.427517831325531,0.788385808467865,-0.003745472524315119
68,hand,5,1,0.4074060916900635,0.7755802273750305,-0.004184687975794077
68,hand,6,1,0.41565337777137756,0.8020167350769043,-0.004968411289155483
68,hand,7,1,0.4201759099960327,0.8153359293937683,-0.005253034643828869
68,hand,8,1,0.423536479473114,0.8261232972145081,-0.0051955608651041985
68,hand,9,1,0.3996065557003021,0.7821100950241089,-0.0018029715865850449
68,hand,10,1,0.4092361629009247,0.8080043196678162,-0.0023270375095307827
68,hand,11,1,0.4148702621459961,0.8216378688812256,-0.002412055619060993
68,hand,12,1,0.4187374413013458,0.8327613472938538,-0.002349575748667121
68,hand,13,1,0.39465856552124023,0.7846074104309082,0.00028143724193796515
68,hand,14,1,0.4033964276313782,0.8078346252441406,-0.0005665867938660085
68,hand,15,1,0.40845856070518494,0.820680558681488,-0.0010303041199222207
68,hand,16,1,0.4123690128326416,0.8303501009941101,-0.0010784526821225882
68,hand,17,1,0.3922494351863861,0.7847748398780823,0.002043492393568158
68,hand,18,1,0.39861950278282166,0.803378701210022,0.0015144817298278213
68,hand,19,1,0.4031219482421875,0.8132436871528625,0.0015029388014227152
68,hand,20,1,0.40713977813720703,0.8203034400939941,0.0018061510054394603
68,pose,0,-1,0.4608801603317261,0.1713865101337433,-0.39116090536117554
68,pose,1,-1,0.47040054202079773,0.14350253343582153,-0.37011057138442993
68,pose,2,-1,0.4766996502876282,0.1438257098197937,-0.3702070415019989
68,pose,3,-1,0.4804948568344116,0.14456896483898163,-0.37027421593666077
68,pose,4,-1,0.45235636830329895,0.14428336918354034,-0.3710474371910095
68,pose,5,-1,0.44719550013542175,0.14530663192272186,-0.37109050154685974
68,pose,6,-1,0.44174161553382874,0.1465895026922226,-0.37119483947753906
68,pose,7,-1,0.4892784357070923,0.15894244611263275,-0.22629086673259735
68,pose,8,-1,0.4375744163990021,0.16019544005393982,-0.2327759712934494
68,pose,9,-1,0.4739425778388977,0.2001933455467224,-0.33633148670196533
68,pose,10,-1,0.4519292116165161,0.20282447338104248,-0.3378675580024719
68,pose,11,-1,0.5379346609115601,0.31776371598243713,-0.12118364870548248
68,pose,12,-1,0.4007851779460907,0.3253057599067688,-0.16293595731258392
68,pose,13,-1,0.5491167306900024,0.5221091508865356,-0.048528172075748444
68,pose,14,-1,0.3928014039993286,0.5368171334266663,-0.1393306404352188
68,pose,15,-1,0.538791835308075,0.717218816280365,-0.17778661847114563
68,pose,16,-1,0.3992557227611542,0.7170575857162476,-0.2638377547264099
68,pose,17,-1,0.5391921997070312,0.7729983329772949,-0.22822007536888123
68,pose,18,-1,0.4014194905757904,0.7759644389152527,-0.31077730655670166
68,pose,19,-1,0.5258656144142151,0.7696745991706848,-0.2700633108615875
68,pose,20,-1,0.41421088576316833,0.7709320783615112,-0.3486613631248474
68,pose,21,-1,0.5214494466781616,0.7523360848426819,-0.1959393173456192
68,pose,22,-1,0.41666993498802185,0.7520188093185425,-0.2805219292640686
68,pose,23,-1,0.5068618059158325,0.6998052000999451,0.022887583822011948
68,pose,24,-1,0.43054401874542236,0.7052934169769287,-0.022655244916677475
68,pose,25,-1,0.5138203501701355,0.9569225311279297,-0.02282404713332653
68,pose,26,-1,0.43842798471450806,0.9656824469566345,-0.04145287349820137
68,pose,27,-1,0.5172783136367798,1.1552995443344116,0.3360377252101898
68,pose,28,-1,0.4540589153766632,1.1677851676940918,0.2388543337583542
68,pose,29,-1,0.5141151547431946,1.1758280992507935,0.36582279205322266
68,pose,30,-1,0.4558117091655731,1.186609148979187,0.26278120279312134
68,pose,31,-1,0.5241329669952393,1.2452877759933472,0.24068637192249298
68,pose,32,-1,0.4659425616264343,1.2605514526367188,0.10623397678136826
