frame,part,index,hand_index,x,y,z
1,hand,0,0,0.3710731863975525,0.7734081745147705,-2.7652557577084735e-08
1,hand,1,0,0.38847455382347107,0.7808318138122559,-0.005095267202705145
1,hand,2,0,0.39823439717292786,0.8068196177482605,-0.006125165149569511
1,hand,3,0,0.4033268094062805,0.8319675326347351,-0.005774476565420628
1,hand,4,0,0.4085782766342163,0.8493728041648865,-0.004742730874568224
1,hand,5,0,0.38664647936820984,0.8303577303886414,-0.004953720141202211
1,hand,6,0,0.3968003988265991,0.8569351434707642,-0.005377722438424826
1,hand,7,0,0.4029894769191742,0.8697493672370911,-0.005362620111554861
1,hand,8,0,0.4076021909713745,0.8796162009239197,-0.005237985868006945
1,hand,9,0,0.37747713923454285,0.8354760408401489,-0.002506924793124199
1,hand,10,0,0.38944199681282043,0.8631492853164673,-0.002642223844304681
1,hand,11,0,0.3979880213737488,0.8743705153465271,-0.0022301762364804745
1,hand,12,0,0.40419188141822815,0.8812721371650696,-0.001963386544957757
1,hand,13,0,0.37167391180992126,0.835850715637207,-0.0002857098006643355
1,hand,14,0,0.382701575756073,0.861709475517273,-0.0011241431348025799
1,hand,15,0,0.3910388946533203,0.8717703819274902,-0.0009302014368586242
1,hand,16,0,0.39712005853652954,0.8761741518974304,-0.0005065496661700308
1,hand,17,0,0.36892446875572205,0.8341348171234131,0.0016121809603646398
1,hand,18,0,0.37725570797920227,0.8554096817970276,0.0010646333685144782
1,hand,19,0,0.3847753703594208,0.864020586013794,0.0015337596414610744
1,hand,20,0,0.39079076051712036,0.8670331239700317,0.002197131747379899
1,hand,0,1,0.5367372035980225,0.7618114948272705,1.0363413593950099e-07
1,hand,1,1,0.5215088129043579,0.7725406885147095,-0.005919774994254112
1,hand,2,1,0.5121947526931763,0.7962654829025269,-0.0070080808363854885
1,hand,3,1,0.5069644451141357,0.8202314376831055,-0.006618021987378597
1,hand,4,1,0.50191730260849,0.8385671377182007,-0.0055161528289318085
1,hand,5,1,0.5229727029800415,0.8276297450065613,-0.001776963472366333
1,hand,6,1,0.5177767276763916,0.8563714623451233,-0.0012632351135835052
1,hand,7,1,0.5149762630462646,0.8717920184135437,-0.0015347712906077504
1,hand,8,1,0.513075590133667,0.8838093876838684,-0.0018201409839093685
1,hand,9,1,0.531779944896698,0.8286454677581787,0.0016464653890579939
1,hand,10,1,0.5263185501098633,0.8559609055519104,0.0027671053539961576
1,hand,11,1,0.5221332311630249,0.8694846630096436,0.0029999823309481144
1,hand,12,1,0.5188155770301819,0.8795983195304871,0.0030189596582204103
1,hand,13,1,0.5379126071929932,0.8249490857124329,0.004582753870636225
1,hand,14,1,0.532678484916687,0.849343478679657,0.00603715144097805
1,hand,15,1,0.5280790328979492,0.8622500896453857,0.006952389143407345
1,hand,16,1,0.5239740014076233,0.8720192313194275,0.007277816534042358
1,hand,17,1,0.541105329990387,0.8189666867256165,0.006860464811325073
1,hand,18,1,0.53636234998703,0.8397719860076904,0.008621012791991234
1,hand,19,1,0.532255232334137,0.850018322467804,0.01031248178333044
1,hand,20,1,0.5285714864730835,0.8564308285713196,0.01151127927005291
1,pose,0,-1,0.44470590353012085,0.1529693603515625,-0.40759527683258057
1,pose,1,-1,0.4547479748725891,0.12687253952026367,-0.38418447971343994
1,pose,2,-1,0.4604840576648712,0.12660843133926392,-0.3842615783214569
1,pose,3,-1,0.46513068675994873,0.12693321704864502,-0.3843922019004822
1,pose,4,-1,0.4348544478416443,0.12803584337234497,-0.3874511122703552
1,pose,5,-1,0.42857715487480164,0.1288129687309265,-0.38749951124191284
1,pose,6,-1,0.4237406551837921,0.12978553771972656,-0.3876282870769501
1,pose,7,-1,0.4736909568309784,0.13972598314285278,-0.2369149774312973
1,pose,8,-1,0.41942736506462097,0.14501100778579712,-0.25206419825553894
1,pose,9,-1,0.45798397064208984,0.18351268768310547,-0.3512474298477173
1,pose,10,-1,0.43349429965019226,0.18634659051895142,-0.35564202070236206
1,pose,11,-1,0.5223913192749023,0.31817105412483215,-0.12932497262954712
1,pose,12,-1,0.3778979480266571,0.3298627436161041,-0.18682318925857544
1,pose,13,-1,0.5400760173797607,0.542120635509491,-0.058529529720544815
1,pose,14,-1,0.3668801188468933,0.5610171556472778,-0.1586974710226059
1,pose,15,-1,0.5354793071746826,0.7507864832878113,-0.18354348838329315
1,pose,16,-1,0.3753579556941986,0.7657673954963684,-0.26748207211494446
1,pose,17,-1,0.5386303067207336,0.8130536079406738,-0.22807785868644714
1,pose,18,-1,0.37897050380706787,0.8255259990692139,-0.3048815429210663
1,pose,19,-1,0.5262231826782227,0.8098819255828857,-0.2588789165019989
1,pose,20,-1,0.39176449179649353,0.820461094379425,-0.34592241048812866
1,pose,21,-1,0.5223809480667114,0.7888231873512268,-0.197819784283638
1,pose,22,-1,0.392972469329834,0.7996208667755127,-0.2841652035713196
1,pose,23,-1,0.4958251714706421,0.7063058018684387,0.021979164332151413
1,pose,24,-1,0.41587790846824646,0.7170024514198303,-0.021755754947662354
1,pose,25,-1,0.5011106729507446,0.999537467956543,-0.049247682094573975
1,pose,26,-1,0.4340919554233551,1.0121781826019287,-0.038857150822877884
1,pose,27,-1,0.5151951313018799,1.2487465143203735,0.32926103472709656
1,pose,28,-1,0.447702020406723,1.242499828338623,0.2857948839664459
1,pose,29,-1,0.5140060782432556,1.28135347366333,0.35887759923934937
1,pose,30,-1,0.4504290819168091,1.2696797847747803,0.31252142786979675
1,pose,31,-1,0.523342490196228,1.3430047035217285,0.2167636752128601
1,pose,32,-1,0.45629310607910156,1.3357453346252441,0.15037570893764496
2,hand,0,0,0.3708716630935669,0.7730123996734619,-1.4516927215879605e-08
2,hand,1,0,0.3885999023914337,0.781332790851593,-0.004233620595186949
2,hand,2,0,0.398412823677063,0.8066220283508301,-0.005083806347101927
2,hand,3,0,0.4038861393928528,0.8316501975059509,-0.004859391134232283
2,hand,4,0,0.4095805585384369,0.8497496843338013,-0.004051311872899532
2,hand,5,0,0.388370156288147,0.8299248218536377,-0.003578048199415207
2,hand,6,0,0.39783185720443726,0.8576594591140747,-0.004131430760025978
2,hand,7,0,0.4032194912433624,0.8700610995292664,-0.004428169224411249
2,hand,8,0,0.4076024889945984,0.8802371621131897,-0.004559723194688559
2,hand,9,0,0.37915295362472534,0.8348557949066162,-0.0015663345111534
2,hand,10,0,0.39043769240379333,0.8623488545417786,-0.001494607888162136
2,hand,11,0,0.398295521736145,0.8739049434661865,-0.0012992513366043568
2,hand,12,0,0.40415525436401367,0.8813856244087219,-0.0013819122686982155
2,hand,13,0,0.37292224168777466,0.8351559042930603,0.00019113086455035955
2,hand,14,0,0.38337814807891846,0.8610712289810181,-0.0003822231665253639
2,hand,15,0,0.39141473174095154,0.871028482913971,-0.00024975629639811814
2,hand,16,0,0.3974696099758148,0.8758634328842163,-7.70553742768243e-05
2,hand,17,0,0.3692992329597473,0.8336968421936035,0.0016599949449300766
2,hand,18,0,0.37675005197525024,0.8551949858665466,0.0011054788483306766
2,hand,19,0,0.38361015915870667,0.8637984395027161,0.0014154547825455666
2,hand,20,0,0.3891296088695526,0.8679546117782593,0.0018866747850552201
2,hand,0,1,0.5379253029823303,0.7639578580856323,1.1153032630772941e-07
2,hand,1,1,0.5220982432365417,0.774342954158783,-0.006036131177097559
2,hand,2,1,0.5127191543579102,0.7979506850242615,-0.007128964643925428
2,hand,3,1,0.5077060461044312,0.8220542669296265,-0.006725768093019724
2,hand,4,1,0.5029268860816956,0.8402686715126038,-0.0056244381703436375
2,hand,5,1,0.5236362814903259,0.828526496887207,-0.001585008343681693
2,hand,6,1,0.5187660455703735,0.8568600416183472,-0.00083286123117432
2,hand,7,1,0.516184389591217,0.8719324469566345,-0.0009914478287100792
2,hand,8,1,0.5143540501594543,0.8834549188613892,-0.0012836555251851678
2,hand,9,1,0.5323625206947327,0.8296657204627991,0.0018703157547861338
2,hand,10,1,0.5275327563285828,0.8565914630889893,0.0031945931259542704
2,hand,11,1,0.5234302878379822,0.8697484731674194,0.003470055991783738
2,hand,12,1,0.5199254751205444,0.8792625665664673,0.00345437484793365
2,hand,13,1,0.538384735584259,0.8265171647071838,0.0048113539814949036
2,hand,14,1,0.5339100360870361,0.8505349159240723,0.006170044187456369
2,hand,15,1,0.5295091867446899,0.8626749515533447,0.006986577995121479
2,hand,16,1,0.5254311561584473,0.872067928314209,0.007243881933391094
2,hand,17,1,0.5415500402450562,0.8211065530776978,0.007091799285262823
2,hand,18,1,0.5373259782791138,0.8417071104049683,0.008364030160009861
2,hand,19,1,0.5334314107894897,0.8516494631767273,0.009671727195382118
2,hand,20,1,0.5298097133636475,0.8583381772041321,0.010642781853675842
2,pose,0,-1,0.445233553647995,0.1530093550682068,-0.4084056317806244
2,pose,1,-1,0.45523396134376526,0.12675848603248596,-0.3847447633743286
2,pose,2,-1,0.4608524739742279,0.12656176090240479,-0.3848293423652649
2,pose,3,-1,0.46591466665267944,0.12693022191524506,-0.384950190782547
2,pose,4,-1,0.4356054663658142,0.12802648544311523,-0.3880957365036011
2,pose,5,-1,0.4293682873249054,0.12881551682949066,-0.38814789056777954
2,pose,6,-1,0.42427685856819153,0.12990613281726837,-0.38827818632125854
2,pose,7,-1,0.4740726351737976,0.13974684476852417,-0.23539453744888306
2,pose,8,-1,0.41925594210624695,0.14509445428848267,-0.2507863938808441
2,pose,9,-1,0.4581332504749298,0.18356171250343323,-0.35128310322761536
2,pose,10,-1,0.4344373047351837,0.18641532957553864,-0.35567507147789
2,pose,11,-1,0.5239566564559937,0.3181956112384796,-0.12689687311649323
2,pose,12,-1,0.37799692153930664,0.3297073543071747,-0.1850612759590149
2,pose,13,-1,0.5402410626411438,0.5423651933670044,-0.05695762857794762
2,pose,14,-1,0.3670392632484436,0.5609894394874573,-0.15872038900852203
2,pose,15,-1,0.5365292429924011,0.7509168982505798,-0.19179564714431763
2,pose,16,-1,0.37532445788383484,0.7659628391265869,-0.27976641058921814
2,pose,17,-1,0.5392294526100159,0.8132498264312744,-0.24220269918441772
2,pose,18,-1,0.37876787781715393,0.8256592154502869,-0.3249444365501404
2,pose,19,-1,0.5270158052444458,0.8099243640899658,-0.2795950472354889
2,pose,20,-1,0.391757071018219,0.8205283880233765,-0.36496689915657043
2,pose,21,-1,0.5230933427810669,0.7888351082801819,-0.20885209739208221
2,pose,22,-1,0.3931010961532593,0.7997958064079285,-0.29677823185920715
2,pose,23,-1,0.4958023726940155,0.7183113098144531,0.022123290225863457
2,pose,24,-1,0.414955198764801,0.7269477248191833,-0.02189340628683567
2,pose,25,-1,0.5011118650436401,1.0002007484436035,-0.017048759385943413
2,pose,26,-1,0.4338022768497467,1.0121650695800781,-0.01698269695043564
2,pose,27,-1,0.5150686502456665,1.2484607696533203,0.3908229172229767
2,pose,28,-1,0.44657638669013977,1.248248815536499,0.3037189841270447
2,pose,29,-1,0.5140606164932251,1.278666377067566,0.4250863790512085
2,pose,30,-1,0.4496132433414459,1.2748943567276,0.3308582007884979
2,pose,31,-1,0.5198464393615723,1.342875361442566,0.2849597930908203
2,pose,32,-1,0.45588791370391846,1.3411678075790405,0.1593984216451645
3,hand,0,0,0.37205713987350464,0.7727165818214417,-4.960616806215512e-09
3,hand,1,0,0.38965919613838196,0.7816973924636841,-0.00426526227965951
3,hand,2,0,0.39920514822006226,0.8068917393684387,-0.005156489089131355
3,hand,3,0,0.4045861065387726,0.8314703106880188,-0.004877539351582527
3,hand,4,0,0.4099617600440979,0.8491261601448059,-0.003970806486904621
3,hand,5,0,0.38874340057373047,0.8301997184753418,-0.004112633876502514
3,hand,6,0,0.39832603931427,0.8580744862556458,-0.004792798310518265
3,hand,7,0,0.40412086248397827,0.8705567717552185,-0.004964347463101149
3,hand,8,0,0.4088341295719147,0.8801167011260986,-0.004890414420515299
3,hand,9,0,0.3794563114643097,0.834945559501648,-0.0020463811233639717
3,hand,10,0,0.3907948434352875,0.8630126714706421,-0.002304151887074113
3,hand,11,0,0.39864611625671387,0.8750437498092651,-0.0020212086383253336
3,hand,12,0,0.4045391082763672,0.882523238658905,-0.0018566736252978444
3,hand,13,0,0.3732888102531433,0.8351616263389587,-0.0001967403368325904
3,hand,14,0,0.38379165530204773,0.8614257574081421,-0.0009796039666980505
3,hand,15,0,0.39173683524131775,0.872433066368103,-0.000882239080965519
3,hand,16,0,0.3977566361427307,0.878086268901825,-0.0005770555580966175
3,hand,17,0,0.36992594599723816,0.833435595035553,0.0013938253978267312
3,hand,18,0,0.37769195437431335,0.8551461696624756,0.0007966674165800214
3,hand,19,0,0.3845798671245575,0.8648653626441956,0.0010984110413119197
3,hand,20,0,0.39013978838920593,0.8698747754096985,0.0016687308670952916
3,hand,0,1,0.5386237502098083,0.7652234435081482,1.1429762025727541e-07
3,hand,1,1,0.5227928161621094,0.7747859358787537,-0.005531200673431158
3,hand,2,1,0.5132045149803162,0.7978759407997131,-0.006542006507515907
3,hand,3,1,0.5087176561355591,0.8221902251243591,-0.006206137128174305
3,hand,4,1,0.5035809874534607,0.8401888012886047,-0.0052163428626954556
3,hand,5,1,0.5239145159721375,0.8298370242118835,-0.0003463807515799999
3,hand,6,1,0.5188701748847961,0.8568618893623352,0.000795097672380507
3,hand,7,1,0.5163406729698181,0.8718863129615784,0.0007162807742133737
3,hand,8,1,0.5147881507873535,0.8833250999450684,0.0003916275454685092
3,hand,9,1,0.5323808789253235,0.8310113549232483,0.002847490133717656
3,hand,10,1,0.526585578918457,0.8572248220443726,0.00427956972271204
3,hand,11,1,0.5223177075386047,0.8704632520675659,0.004453849047422409
3,hand,12,1,0.5188156962394714,0.8804341554641724,0.004395820200443268
3,hand,13,1,0.5382018089294434,0.8280031681060791,0.005569966044276953
3,hand,14,1,0.5328942537307739,0.8518196940422058,0.007005210500210524
3,hand,15,1,0.5281960964202881,0.8643553256988525,0.00800376757979393
3,hand,16,1,0.5239686369895935,0.8740124702453613,0.008434961549937725
3,hand,17,1,0.5413437485694885,0.8224331140518188,0.007663768250495195
3,hand,18,1,0.5363718271255493,0.8432815670967102,0.009184579364955425
3,hand,19,1,0.5320324897766113,0.8531458377838135,0.010814662091434002
3,hand,20,1,0.5281471014022827,0.8594686985015869,0.012021423317492008
3,pose,0,-1,0.4457600712776184,0.15308474004268646,-0.4264208972454071
3,pose,1,-1,0.45570650696754456,0.12675310671329498,-0.40258994698524475
3,pose,2,-1,0.46121910214424133,0.12656448781490326,-0.40267086029052734
3,pose,3,-1,0.4666743874549866,0.12696309387683868,-0.4027668237686157
3,pose,4,-1,0.4362378418445587,0.12807098031044006,-0.4061468541622162
3,pose,5,-1,0.4300242066383362,0.12895706295967102,-0.40618735551834106
3,pose,6,-1,0.4247865378856659,0.13022243976593018,-0.4063106179237366
3,pose,7,-1,0.4746623933315277,0.1398550271987915,-0.24582429230213165
3,pose,8,-1,0.4192153215408325,0.14521268010139465,-0.2613773047924042
3,pose,9,-1,0.45840027928352356,0.18366549909114838,-0.3662662208080292
3,pose,10,-1,0.4352778494358063,0.18654848635196686,-0.3706132173538208
3,pose,11,-1,0.5255958437919617,0.318477064371109,-0.13009481132030487
3,pose,12,-1,0.3780202865600586,0.3297019898891449,-0.19010327756404877
3,pose,13,-1,0.5409253239631653,0.5429731607437134,-0.05809636414051056
3,pose,14,-1,0.3670254349708557,0.5615264773368835,-0.16417746245861053
3,pose,15,-1,0.5376532673835754,0.7512624263763428,-0.20242515206336975
3,pose,16,-1,0.3753604590892792,0.766688883304596,-0.29628387093544006
3,pose,17,-1,0.539958119392395,0.8136799335479736,-0.25462114810943604
3,pose,18,-1,0.3787602484226227,0.8262044787406921,-0.34365513920783997
3,pose,19,-1,0.5280154943466187,0.8099812865257263,-0.29426372051239014
3,pose,20,-1,0.3917936682701111,0.821036696434021,-0.3843633234500885
3,pose,21,-1,0.5242040157318115,0.7888365387916565,-0.22076259553432465
3,pose,22,-1,0.3933655619621277,0.8003585934638977,-0.313663125038147
3,pose,23,-1,0.4960668981075287,0.724319338798523,0.022480426356196404
3,pose,24,-1,0.41457417607307434,0.7331134080886841,-0.022221092134714127
3,pose,25,-1,0.5023717284202576,1.000690221786499,-0.001874371082521975
3,pose,26,-1,0.4338003695011139,1.0123882293701172,-0.01194444578140974
3,pose,27,-1,0.515269935131073,1.248730182647705,0.40867099165916443
3,pose,28,-1,0.44578295946121216,1.257078766822815,0.3139607310295105
3,pose,29,-1,0.5147372484207153,1.2786390781402588,0.4426930844783783
3,pose,30,-1,0.44912078976631165,1.2840957641601562,0.3414849638938904
3,pose,31,-1,0.5188875198364258,1.3436425924301147,0.2975458800792694
3,pose,32,-1,0.4549425542354584,1.3496997356414795,0.1652616560459137
4,hand,0,0,0.3715536594390869,0.7728907465934753,-1.4789719671171042e-08
4,hand,1,0,0.3892117440700531,0.7802091240882874,-0.004639239516109228
4,hand,2,0,0.3990073800086975,0.8054322600364685,-0.0055105919018387794
4,hand,3,0,0.40463724732398987,0.830955982208252,-0.0051099094562232494
4,hand,4,0,0.4102449417114258,0.8493903279304504,-0.004080105107277632
4,hand,5,0,0.38880300521850586,0.8291898369789124,-0.004443101119250059
4,hand,6,0,0.3988357186317444,0.8571754693984985,-0.00508995121344924
4,hand,7,0,0.4046432673931122,0.8696544170379639,-0.005210389383137226
4,hand,8,0,0.4092141389846802,0.8796650767326355,-0.005164979491382837
4,hand,9,0,0.379770964384079,0.8345702886581421,-0.0022333033848553896
4,hand,10,0,0.3913857936859131,0.8630584478378296,-0.0023331986740231514
4,hand,11,0,0.39928939938545227,0.8751121163368225,-0.002050805604085326
4,hand,12,0,0.4052145779132843,0.8827185034751892,-0.0019959555938839912
4,hand,13,0,0.37376970052719116,0.8353871703147888,-0.0002666446380317211
4,hand,14,0,0.3846125602722168,0.8613420128822327,-0.0010483793448656797
4,hand,15,0,0.3927377462387085,0.8719732761383057,-0.0011052784975618124
4,hand,16,0,0.39888718724250793,0.8774235248565674,-0.0010046332608908415
4,hand,17,0,0.37041807174682617,0.8341363668441772,0.0014101278502494097
4,hand,18,0,0.3785569667816162,0.8551619648933411,0.000631801609415561
4,hand,19,0,0.38560864329338074,0.8640487194061279,0.0007163737900555134
4,hand,20,0,0.3913035988807678,0.8683359622955322,0.001068819547072053
4,hand,0,1,0.5383976697921753,0.7643319368362427,1.2232102619691432e-07
4,hand,1,1,0.5225710272789001,0.7738034725189209,-0.00654118787497282
4,hand,2,1,0.5136058330535889,0.7974124550819397,-0.00784549955278635
4,hand,3,1,0.508753776550293,0.821568489074707,-0.007522965781390667
4,hand,4,1,0.5034654140472412,0.840234100818634,-0.0065015023574233055
4,hand,5,1,0.5243449807167053,0.8295497894287109,-0.001275481074117124
4,hand,6,1,0.5192054510116577,0.8567026853561401,0.0002704999060370028
4,hand,7,1,0.5164453983306885,0.8718757033348083,0.000568774645216763
4,hand,8,1,0.5146968364715576,0.8831118941307068,0.0005286927334964275
4,hand,9,1,0.5329806208610535,0.8306865692138672,0.0026695907581597567
4,hand,10,1,0.5272559523582458,0.8566887378692627,0.004892608616501093
4,hand,11,1,0.5231258869171143,0.869954526424408,0.005519760772585869
4,hand,12,1,0.5196550488471985,0.8799094557762146,0.005677914712578058
4,hand,13,1,0.5387882590293884,0.8275914788246155,0.006088173016905785
4,hand,14,1,0.5331562161445618,0.8510959148406982,0.008291102945804596
4,hand,15,1,0.5285884737968445,0.8632515072822571,0.009377200156450272
4,hand,16,1,0.5245837569236755,0.8728659152984619,0.009699804708361626
4,hand,17,1,0.5416921973228455,0.8220013380050659,0.008787197060883045
4,hand,18,1,0.5365318655967712,0.8422096967697144,0.010745663195848465
4,hand,19,1,0.5323023200035095,0.8517426252365112,0.012316676788032055
4,hand,20,1,0.5285677909851074,0.8579851388931274,0.013390923850238323
4,pose,0,-1,0.44596943259239197,0.1534915566444397,-0.4349760115146637
4,pose,1,-1,0.4559036195278168,0.12712426483631134,-0.41122713685035706
4,pose,2,-1,0.46137353777885437,0.12694579362869263,-0.4112928509712219
4,pose,3,-1,0.46699288487434387,0.1273653358221054,-0.41137516498565674
4,pose,4,-1,0.43646326661109924,0.12865671515464783,-0.4155982434749603
4,pose,5,-1,0.4302310049533844,0.12965679168701172,-0.41564592719078064
4,pose,6,-1,0.42499488592147827,0.13081975281238556,-0.41577404737472534
4,pose,7,-1,0.4750041961669922,0.14008602499961853,-0.2530876100063324
4,pose,8,-1,0.4191409945487976,0.14548984169960022,-0.2724452614784241
4,pose,9,-1,0.4585573077201843,0.1839369237422943,-0.3742983639240265
4,pose,10,-1,0.4357185959815979,0.1870286762714386,-0.3797186017036438
4,pose,11,-1,0.5268153548240662,0.3186798691749573,-0.1326356828212738
4,pose,12,-1,0.378093421459198,0.3296889066696167,-0.20273879170417786
4,pose,13,-1,0.5415889620780945,0.5432683825492859,-0.05799682065844536
4,pose,14,-1,0.3669959008693695,0.5618627071380615,-0.18093936145305634
4,pose,15,-1,0.5387541651725769,0.7517422437667847,-0.1996626853942871
4,pose,16,-1,0.3753615617752075,0.7668790817260742,-0.31254491209983826
4,pose,17,-1,0.5408324599266052,0.8138779401779175,-0.24985800683498383
4,pose,18,-1,0.37871816754341125,0.8266929388046265,-0.36000412702560425
4,pose,19,-1,0.529249370098114,0.8100393414497375,-0.2885817289352417
4,pose,20,-1,0.39188316464424133,0.8215972185134888,-0.4000394642353058
4,pose,21,-1,0.5256129503250122,0.7889227271080017,-0.21737203001976013
4,pose,22,-1,0.39378422498703003,0.8009107708930969,-0.3295579254627228
4,pose,23,-1,0.49656060338020325,0.7263810634613037,0.024769870564341545
4,pose,24,-1,0.41451114416122437,0.7354602217674255,-0.02447528764605522
4,pose,25,-1,0.5030642747879028,1.0008918046951294,0.005044311750680208
4,pose,26,-1,0.43379029631614685,1.0135418176651,-0.013880616053938866
4,pose,27,-1,0.5161698460578918,1.247874140739441,0.416172057390213
4,pose,28,-1,0.44579648971557617,1.260381817817688,0.31163251399993896
4,pose,29,-1,0.5163640379905701,1.276152491569519,0.45007139444351196
4,pose,30,-1,0.4491254687309265,1.2871097326278687,0.34072667360305786
4,pose,31,-1,0.518837571144104,1.3429991006851196,0.3038325011730194
4,pose,32,-1,0.45502540469169617,1.3540220260620117,0.14914570748806
5,hand,0,0,0.371968537569046,0.7721578478813171,-1.4352391275451737e-08
5,hand,1,0,0.38998737931251526,0.7803164124488831,-0.003992859274148941
5,hand,2,0,0.39973753690719604,0.8058956265449524,-0.004412319045513868
5,hand,3,0,0.40505269169807434,0.830737292766571,-0.003739556996151805
5,hand,4,0,0.4103267192840576,0.8484925031661987,-0.00250261090695858
5,hand,5,0,0.3891272246837616,0.8298720121383667,-0.002819187706336379
5,hand,6,0,0.3995171785354614,0.8565546274185181,-0.0030488783959299326
5,hand,7,0,0.40541425347328186,0.8691381216049194,-0.00315738539211452
5,hand,8,0,0.4098663330078125,0.879433274269104,-0.003203702624887228
5,hand,9,0,0.37998783588409424,0.8348875045776367,-0.0008651678799651563
5,hand,10,0,0.39177876710891724,0.8619186282157898,-0.0006063898908905685
5,hand,11,0,0.39948996901512146,0.8741187453269958,-0.0004720071447081864
5,hand,12,0,0.40523743629455566,0.8822872638702393,-0.0005778561462648213
5,hand,13,0,0.37392646074295044,0.835328221321106,0.0008133223163895309
5,hand,14,0,0.38497787714004517,0.860211193561554,0.0002817525528371334
5,hand,15,0,0.3928956687450409,0.8715617060661316,2.6623980375006795e-05
5,hand,16,0,0.39891982078552246,0.8779640793800354,-6.946499343030155e-05
5,hand,17,0,0.37058931589126587,0.8338744640350342,0.002243639435619116
5,hand,18,0,0.3792062997817993,0.8538472652435303,0.0016602592077106237
5,hand,19,0,0.3860882520675659,0.8632405996322632,0.0017005264526233077
5,hand,20,0,0.39168548583984375,0.8685688972473145,0.0019642410334199667
5,hand,0,1,0.539042592048645,0.7629278302192688,1.1964836232891685e-07
5,hand,1,1,0.5232406258583069,0.7719165682792664,-0.007161707151681185
5,hand,2,1,0.5137729048728943,0.7953528761863708,-0.008596565574407578
5,hand,3,1,0.5090957880020142,0.8200405836105347,-0.008261988870799541
5,hand,4,1,0.5031857490539551,0.8385652303695679,-0.007261194754391909
5,hand,5,1,0.5244958400726318,0.8274136781692505,-0.002594070741906762
5,hand,6,1,0.5190388560295105,0.8547571897506714,-0.0019383032340556383
5,hand,7,1,0.5161105394363403,0.8691429495811462,-0.002334024291485548
5,hand,8,1,0.5140801668167114,0.8807054162025452,-0.0028276911471039057
5,hand,9,1,0.5332263708114624,0.8285562992095947,0.0014654436381533742
5,hand,10,1,0.527255654335022,0.8550872802734375,0.0026939334347844124
5,hand,11,1,0.5224971175193787,0.8686602711677551,0.00276052369736135
5,hand,12,1,0.5186260938644409,0.8783335089683533,0.0025844972115010023
5,hand,13,1,0.5391932725906372,0.8249000310897827,0.004969526082277298
5,hand,14,1,0.5333518385887146,0.8479518294334412,0.00620224280282855
5,hand,15,1,0.5280926823616028,0.8605539798736572,0.006723952945321798
5,hand,16,1,0.5233398079872131,0.8700768351554871,0.006792612839490175
5,hand,17,1,0.5420711040496826,0.8185131549835205,0.007737679407000542
5,hand,18,1,0.5365554690361023,0.8374261856079102,0.00903376005589962
5,hand,19,1,0.5319886207580566,0.846182644367218,0.010291460901498795
5,hand,20,1,0.5278081297874451,0.8514810800552368,0.011192740872502327
5,pose,0,-1,0.44610217213630676,0.15372183918952942,-0.4340492784976959
5,pose,1,-1,0.45599475502967834,0.12750659883022308,-0.410308301448822
5,pose,2,-1,0.46144288778305054,0.12735936045646667,-0.41037026047706604
5,pose,3,-1,0.4671400785446167,0.12775634229183197,-0.41045650839805603
5,pose,4,-1,0.43658745288848877,0.12904636561870575,-0.4146568179130554
5,pose,5,-1,0.43034204840660095,0.1300729364156723,-0.414697527885437
5,pose,6,-1,0.4250780940055847,0.13110920786857605,-0.41482120752334595
5,pose,7,-1,0.4751865267753601,0.14017309248447418,-0.253262460231781
5,pose,8,-1,0.4190167784690857,0.14557874202728271,-0.27241554856300354
5,pose,9,-1,0.4586378037929535,0.1841803938150406,-0.373807430267334
5,pose,10,-1,0.4359532296657562,0.18753106892108917,-0.37915822863578796
5,pose,11,-1,0.5273001194000244,0.3187364935874939,-0.13276897370815277
5,pose,12,-1,0.3780951499938965,0.3296593129634857,-0.2058698832988739
5,pose,13,-1,0.5420191884040833,0.5432718396186829,-0.05785917118191719
5,pose,14,-1,0.3669492304325104,0.5621432662010193,-0.1846221536397934
5,pose,15,-1,0.5396634936332703,0.7516511082649231,-0.19836869835853577
5,pose,16,-1,0.3753993809223175,0.767224907875061,-0.31581470370292664
5,pose,17,-1,0.5410562753677368,0.8137306571006775,-0.24826794862747192
5,pose,18,-1,0.3787362277507782,0.8270599246025085,-0.3639371991157532
5,pose,19,-1,0.5297036170959473,0.808931291103363,-0.2875145971775055
5,pose,20,-1,0.39208492636680603,0.8222395181655884,-0.4040941298007965
5,pose,21,-1,0.5262519717216492,0.7877370119094849,-0.21614830195903778
5,pose,22,-1,0.39422836899757385,0.8016428351402283,-0.33290380239486694
5,pose,23,-1,0.49666327238082886,0.7268946766853333,0.026174001395702362
5,pose,24,-1,0.41427677869796753,0.7364783883094788,-0.02584051713347435
5,pose,25,-1,0.5031939744949341,1.001773715019226,0.00686788372695446
5,pose,26,-1,0.433789998292923,1.0144686698913574,-0.015781531110405922
5,pose,27,-1,0.5162858366966248,1.2478735446929932,0.414706826210022
5,pose,28,-1,0.4452298581600189,1.261659026145935,0.3131698966026306
5,pose,29,-1,0.5167853832244873,1.2760987281799316,0.44850796461105347
5,pose,30,-1,0.44873562455177307,1.2881157398223877,0.3414432108402252
5,pose,31,-1,0.5181223750114441,1.3430204391479492,0.30490556359291077
5,pose,32,-1,0.454138845205307,1.354889988899231,0.1630379557609558
6,hand,0,0,0.37266218662261963,0.7713149189949036,-1.0329679334120101e-08
6,hand,1,0,0.39078840613365173,0.7804333567619324,-0.0030623849015682936
6,hand,2,0,0.40063223242759705,0.8064179420471191,-0.003248002612963319
6,hand,3,0,0.4059164226055145,0.830504834651947,-0.0024898205883800983
6,hand,4,0,0.41084128618240356,0.848517656326294,-0.0012066038325428963
6,hand,5,0,0.3913573920726776,0.8282296657562256,-0.00270135048776865
6,hand,6,0,0.4007742404937744,0.8557090163230896,-0.002797291846945882
6,hand,7,0,0.40619468688964844,0.8685408234596252,-0.00268721510656178
6,hand,8,0,0.4104102849960327,0.8788034319877625,-0.0025254215579479933
6,hand,9,0,0.3818264603614807,0.8333250880241394,-0.0011239679297432303
6,hand,10,0,0.3927772045135498,0.8610152006149292,-0.0006060171872377396
6,hand,11,0,0.40008544921875,0.8738986849784851,-0.00014732657291460782
6,hand,12,0,0.40561360120773315,0.8821362853050232,-5.488469014380826e-06
6,hand,13,0,0.375091016292572,0.8338212966918945,0.0003144693619105965
6,hand,14,0,0.3856285810470581,0.859444797039032,0.00028144087991677225
6,hand,15,0,0.3929470479488373,0.8710154891014099,0.000516981293912977
6,hand,16,0,0.39850783348083496,0.8775333166122437,0.0007092549349181354
6,hand,17,0,0.37115541100502014,0.8324543833732605,0.001567512983456254
6,hand,18,0,0.3795787990093231,0.8525949716567993,0.001522204140201211
6,hand,19,0,0.3862646222114563,0.8625255823135376,0.0019769344944506884
6,hand,20,0,0.3916335105895996,0.868401825428009,0.0025019950699061155
6,hand,0,1,0.539193332195282,0.7572863101959229,1.2398911053423944e-07
6,hand,1,1,0.5235920548439026,0.767835795879364,-0.0052622295916080475
6,hand,2,1,0.5143033266067505,0.7906712293624878,-0.006963070016354322
6,hand,3,1,0.508841335773468,0.8149988055229187,-0.007500818930566311
6,hand,4,1,0.5031408071517944,0.8336783051490784,-0.0074854157865047455
6,hand,5,1,0.5244400501251221,0.8216457962989807,-0.0009233362507075071
6,hand,6,1,0.517906904220581,0.8472190499305725,-0.00019560479267966002
6,hand,7,1,0.5138357281684875,0.8590604662895203,-0.0005199620500206947
6,hand,8,1,0.5111010074615479,0.8677668571472168,-0.0009235173347406089
6,hand,9,1,0.5332694053649902,0.8230619430541992,0.0017851225566118956
6,hand,10,1,0.5259985327720642,0.8486953377723694,0.0032471707090735435
6,hand,11,1,0.5205876231193542,0.859355092048645,0.003475496079772711
6,hand,12,1,0.5160422325134277,0.8664220571517944,0.0033568935468792915
6,hand,13,1,0.5397179126739502,0.8200611472129822,0.004079502075910568
6,hand,14,1,0.532507061958313,0.8430952429771423,0.005718622822314501
6,hand,15,1,0.5263489484786987,0.8535503149032593,0.007038794457912445
6,hand,16,1,0.5210995674133301,0.8601585626602173,0.007444809190928936
6,hand,17,1,0.5433098077774048,0.8141364455223083,0.0057595050893723965
6,hand,18,1,0.5363579392433167,0.8329843878746033,0.007299586199223995
6,hand,19,1,0.5304787158966064,0.841338038444519,0.009180586785078049
6,hand,20,1,0.5255958437919617,0.8459686636924744,0.010478273034095764
6,pose,0,-1,0.4461030066013336,0.15433625876903534,-0.4295678734779358
6,pose,1,-1,0.45599472522735596,0.12826646864414215,-0.40497317910194397
6,pose,2,-1,0.46144169569015503,0.1281033456325531,-0.4050651788711548
6,pose,3,-1,0.46713635325431824,0.1283448040485382,-0.4051271080970764
6,pose,4,-1,0.43661555647850037,0.12975646555423737,-0.4095708131790161
6,pose,5,-1,0.43038108944892883,0.13071493804454803,-0.40961095690727234
6,pose,6,-1,0.42512068152427673,0.1315058320760727,-0.4097403585910797
6,pose,7,-1,0.4752084016799927,0.14024975895881653,-0.24362102150917053
6,pose,8,-1,0.4189774692058563,0.14568690955638885,-0.262413889169693
6,pose,9,-1,0.45864179730415344,0.1847236305475235,-0.3675009608268738
6,pose,10,-1,0.4360380470752716,0.1884264349937439,-0.37279507517814636
6,pose,11,-1,0.5274569392204285,0.31878963112831116,-0.12549880146980286
6,pose,12,-1,0.3781237304210663,0.32937487959861755,-0.19902481138706207
6,pose,13,-1,0.5425502061843872,0.5432698726654053,-0.054486025124788284
6,pose,14,-1,0.3669222593307495,0.5619328618049622,-0.1808902770280838
6,pose,15,-1,0.5400214791297913,0.7512921094894409,-0.1975783258676529
6,pose,16,-1,0.3758482336997986,0.7672047019004822,-0.31240513920783997
6,pose,17,-1,0.541126012802124,0.8127655386924744,-0.2485860288143158
6,pose,18,-1,0.3789907693862915,0.8270833492279053,-0.3618288040161133
6,pose,19,-1,0.5298961400985718,0.8070438504219055,-0.2889679968357086
6,pose,20,-1,0.3925698399543762,0.8224506378173828,-0.40199342370033264
6,pose,21,-1,0.5265976786613464,0.7863430976867676,-0.21558667719364166
6,pose,22,-1,0.39498236775398254,0.8017961382865906,-0.32970115542411804
6,pose,23,-1,0.4967629015445709,0.7277653813362122,0.026102997362613678
6,pose,24,-1,0.4141450822353363,0.7378801703453064,-0.025775589048862457
6,pose,25,-1,0.5031468272209167,1.0007190704345703,0.004465986508876085
6,pose,26,-1,0.43379244208335876,1.0144059658050537,-0.012611511163413525
6,pose,27,-1,0.5161870121955872,1.246845006942749,0.41219598054885864
6,pose,28,-1,0.4451839327812195,1.2607977390289307,0.3322877883911133
6,pose,29,-1,0.5167729258537292,1.2736852169036865,0.44637301564216614
6,pose,30,-1,0.4487234354019165,1.287243127822876,0.36243051290512085
6,pose,31,-1,0.5171812772750854,1.3425471782684326,0.30478227138519287
6,pose,32,-1,0.4540335536003113,1.3539243936538696,0.19365401566028595
7,hand,0,0,0.37294796109199524,0.7668134570121765,-1.0801178618180529e-08
7,hand,1,0,0.3908482789993286,0.7761582136154175,-0.00257769413292408
7,hand,2,0,0.4009290039539337,0.8004810810089111,-0.003278277814388275
7,hand,3,0,0.40621209144592285,0.8249030113220215,-0.003242457052692771
7,hand,4,0,0.41105201840400696,0.8441121578216553,-0.0026873780880123377
7,hand,5,0,0.3939777910709381,0.8213440775871277,-0.0034778935369104147
7,hand,6,0,0.40180349349975586,0.8503270149230957,-0.0044168950989842415
7,hand,7,0,0.4063156843185425,0.8640759587287903,-0.004511312581598759
7,hand,8,0,0.4098980128765106,0.8739915490150452,-0.004331309348344803
7,hand,9,0,0.38344135880470276,0.8268176913261414,-0.0027549939695745707
7,hand,10,0,0.393269419670105,0.8551144003868103,-0.0025054928846657276
7,hand,11,0,0.39919546246528625,0.8675997257232666,-0.0019183848053216934
7,hand,12,0,0.4037474989891052,0.8754032850265503,-0.0016758943675085902
7,hand,13,0,0.3753700256347656,0.8282814621925354,-0.002109813503921032
7,hand,14,0,0.3853692412376404,0.8531708121299744,-0.002212218940258026
7,hand,15,0,0.39194655418395996,0.864271879196167,-0.0013043137732893229
7,hand,16,0,0.39688676595687866,0.8709646463394165,-0.0007289840141311288
7,hand,17,0,0.3698867857456207,0.8277515769004822,-0.0016579299699515104
7,hand,18,0,0.3786776661872864,0.8469599485397339,-0.0017968745669350028
7,hand,19,0,0.3850162625312805,0.8551691174507141,-0.0007269229390658438
7,hand,20,0,0.3899061977863312,0.8594779968261719,0.0003156576713081449
7,hand,0,1,0.5410460829734802,0.7438967823982239,4.069028491926474e-08
7,hand,1,1,0.5247007012367249,0.7546617388725281,-0.0040474445559084415
7,hand,2,1,0.5146772861480713,0.7778249979019165,-0.0055409693159163
7,hand,3,1,0.507607638835907,0.8021425604820251,-0.0063450573943555355
7,hand,4,1,0.5030721426010132,0.8214485049247742,-0.006585645489394665
7,hand,5,1,0.5263321399688721,0.8081089854240417,-0.003736963262781501
7,hand,6,1,0.5169432759284973,0.8325423002243042,-0.005528541747480631
7,hand,7,1,0.5111252665519714,0.8328505754470825,-0.00694139814004302
7,hand,8,1,0.5079872012138367,0.8295361995697021,-0.007815781980752945
7,hand,9,1,0.5354192852973938,0.8108417987823486,-0.0022649934981018305
7,hand,10,1,0.5252618193626404,0.831550121307373,-0.0027734290342777967
7,hand,11,1,0.5195786952972412,0.8284907341003418,-0.0031154584139585495
7,hand,12,1,0.5174238085746765,0.8229212760925293,-0.0037996917963027954
7,hand,13,1,0.542566180229187,0.8084118366241455,-0.0009911991655826569
7,hand,14,1,0.5329893827438354,0.828387975692749,-0.0015271195443347096
7,hand,15,1,0.5280311703681946,0.8235881924629211,-9.445039904676378e-05
7,hand,16,1,0.5266640782356262,0.8163586854934692,0.0005215107230469584
7,hand,17,1,0.5472015738487244,0.8041520714759827,-7.126249693101272e-05
7,hand,18,1,0.5389941930770874,0.821302592754364,-0.0005621831514872611
7,hand,19,1,0.5342731475830078,0.8187291026115417,0.0011754099978134036
7,hand,20,1,0.5327906012535095,0.8127588033676147,0.0026065472047775984
7,pose,0,-1,0.4461502134799957,0.15527638792991638,-0.4290062487125397
7,pose,1,-1,0.4560321271419525,0.12929551303386688,-0.4045034945011139
7,pose,2,-1,0.4614602327346802,0.12918037176132202,-0.40460455417633057
7,pose,3,-1,0.4671688675880432,0.1292794644832611,-0.40464603900909424
7,pose,4,-1,0.43671664595603943,0.1306064873933792,-0.40915361046791077
7,pose,5,-1,0.4305069148540497,0.13147015869617462,-0.4092203378677368
7,pose,6,-1,0.4252786338329315,0.13199882209300995,-0.4093629717826843
7,pose,7,-1,0.4752747118473053,0.14062924683094025,-0.24033549427986145
7,pose,8,-1,0.4189731478691101,0.14581535756587982,-0.2596893906593323
7,pose,9,-1,0.45867249369621277,0.18546554446220398,-0.3659454584121704
7,pose,10,-1,0.4361330568790436,0.18931694328784943,-0.3715381324291229
7,pose,11,-1,0.5274618268013,0.3187706172466278,-0.12091787904500961
7,pose,12,-1,0.37819454073905945,0.3291836380958557,-0.19641713798046112
7,pose,13,-1,0.544606626033783,0.5424671173095703,-0.052247654646635056
7,pose,14,-1,0.36659878492355347,0.561710774898529,-0.178757905960083
7,pose,15,-1,0.5407683253288269,0.7472329139709473,-0.19888180494308472
7,pose,16,-1,0.37739306688308716,0.7665494084358215,-0.3197284936904907
7,pose,17,-1,0.5412015914916992,0.8069526553153992,-0.25263887643814087
7,pose,18,-1,0.3799719214439392,0.826563835144043,-0.3713432848453522
7,pose,19,-1,0.5299152135848999,0.8009529113769531,-0.2939525842666626
7,pose,20,-1,0.39352983236312866,0.8222230076789856,-0.4122600257396698
7,pose,21,-1,0.5268269777297974,0.7815613150596619,-0.2176843285560608
7,pose,22,-1,0.3963812589645386,0.8017001152038574,-0.3373716175556183
7,pose,23,-1,0.49735671281814575,0.7275160551071167,0.026056857779622078
7,pose,24,-1,0.41427987813949585,0.7378982305526733,-0.025703351944684982
7,pose,25,-1,0.5030573010444641,1.0007413625717163,0.002637570956721902
7,pose,26,-1,0.43379247188568115,1.0142240524291992,-0.01712275855243206
7,pose,27,-1,0.5165202021598816,1.2472500801086426,0.4099745750427246
7,pose,28,-1,0.44519367814064026,1.2604221105575562,0.32698526978492737
7,pose,29,-1,0.5171669125556946,1.2738789319992065,0.44254955649375916
7,pose,30,-1,0.44872331619262695,1.2866148948669434,0.3570910692214966
7,pose,31,-1,0.5172669291496277,1.3429688215255737,0.30288830399513245
7,pose,32,-1,0.45404472947120667,1.3532428741455078,0.19170139729976654
8,hand,0,0,0.373318612575531,0.7547280788421631,-1.4384366586739361e-08
8,hand,1,0,0.39011043310165405,0.7631396651268005,-0.0030581497121602297
8,hand,2,0,0.4007630944252014,0.7863867878913879,-0.004883719142526388
8,hand,3,0,0.4067239463329315,0.8104349374771118,-0.006016300059854984
8,hand,4,0,0.4115104675292969,0.8288318514823914,-0.0067127603106200695
8,hand,5,0,0.39537516236305237,0.800041913986206,-0.007340910844504833
8,hand,6,0,0.4040660858154297,0.832928478717804,-0.01085872482508421
8,hand,7,0,0.4087145924568176,0.8468353152275085,-0.012265334837138653
8,hand,8,0,0.41141554713249207,0.8548431396484375,-0.01258815173059702
8,hand,9,0,0.38472121953964233,0.8078252673149109,-0.007101595867425203
8,hand,10,0,0.3946053385734558,0.8401751518249512,-0.009025860577821732
8,hand,11,0,0.4004051685333252,0.8502817153930664,-0.00885778572410345
8,hand,12,0,0.4043196141719818,0.8544144034385681,-0.008545351214706898
8,hand,13,0,0.3758488595485687,0.8118292689323425,-0.006855052895843983
8,hand,14,0,0.38637247681617737,0.8402611613273621,-0.008249972015619278
8,hand,15,0,0.3931622803211212,0.846770703792572,-0.006409660913050175
8,hand,16,0,0.39710164070129395,0.8483052849769592,-0.004952176008373499
8,hand,17,0,0.3694215714931488,0.8129056692123413,-0.0068574449978768826
8,hand,18,0,0.37922999262809753,0.8333653211593628,-0.007663649972528219
8,hand,19,0,0.38542652130126953,0.8366428017616272,-0.0057430388405919075
8,hand,20,0,0.3887489140033722,0.8354339599609375,-0.003927201963961124
8,pose,0,-1,0.4470314085483551,0.1559818983078003,-0.3974228501319885
8,pose,1,-1,0.4566574692726135,0.13007645308971405,-0.3717474341392517
8,pose,2,-1,0.46211519837379456,0.12994156777858734,-0.37190306186676025
8,pose,3,-1,0.4680573046207428,0.13001367449760437,-0.37198635935783386
8,pose,4,-1,0.4373966157436371,0.13120079040527344,-0.37597569823265076
8,pose,5,-1,0.43114039301872253,0.13203288614749908,-0.37602290511131287
8,pose,6,-1,0.42590096592903137,0.13250474631786346,-0.3761438727378845
8,pose,7,-1,0.47603341937065125,0.14120621979236603,-0.21027997136116028
8,pose,8,-1,0.41901272535324097,0.1460878998041153,-0.22734256088733673
8,pose,9,-1,0.45927804708480835,0.18637534976005554,-0.33576732873916626
8,pose,10,-1,0.43690118193626404,0.19007167220115662,-0.3406278192996979
8,pose,11,-1,0.5275344252586365,0.31886711716651917,-0.09126169234514236
8,pose,12,-1,0.3783367872238159,0.3291572332382202,-0.16552194952964783
8,pose,13,-1,0.5482640862464905,0.5344870090484619,-0.015094336122274399
8,pose,14,-1,0.36627116799354553,0.5607466697692871,-0.15243475139141083
8,pose,15,-1,0.5424143671989441,0.7237758040428162,-0.16184315085411072
8,pose,16,-1,0.3785116970539093,0.7621871829032898,-0.3142327070236206
8,pose,17,-1,0.5428537130355835,0.7792989611625671,-0.21606048941612244
8,pose,18,-1,0.38120168447494507,0.8209813833236694,-0.3621310889720917
8,pose,19,-1,0.5318052172660828,0.7744377255439758,-0.25822779536247253
8,pose,20,-1,0.39473381638526917,0.8152905106544495,-0.4028778672218323
8,pose,21,-1,0.5286758542060852,0.7600515484809875,-0.18102198839187622
8,pose,22,-1,0.3974056839942932,0.7954380512237549,-0.33131182193756104
8,pose,23,-1,0.49815449118614197,0.7276530265808105,0.025279540568590164
8,pose,24,-1,0.41432490944862366,0.7388001680374146,-0.024929936975240707
8,pose,25,-1,0.5030884742736816,0.9985466599464417,-0.012283564545214176
8,pose,26,-1,0.43367502093315125,1.0132505893707275,-0.036103855818510056
8,pose,27,-1,0.5175392627716064,1.2462315559387207,0.4040413498878479
8,pose,28,-1,0.44820281863212585,1.2597218751907349,0.3316737711429596
8,pose,29,-1,0.5182618498802185,1.271911859512329,0.43351930379867554
8,pose,30,-1,0.4522363841533661,1.2828689813613892,0.3651767075061798
8,pose,31,-1,0.5189865231513977,1.3422011137008667,0.29145070910453796
8,pose,32,-1,0.4589661955833435,1.350353479385376,0.21414794027805328
9,hand,0,0,0.3727777302265167,0.7410702705383301,-1.0237791059353185e-07
9,hand,1,0,0.39045482873916626,0.7486168146133423,-0.001762372674420476
9,hand,2,0,0.40343722701072693,0.7697190046310425,-0.003950824495404959
9,hand,3,0,0.4107969403266907,0.7918012142181396,-0.005754111800342798
9,hand,4,0,0.4166915714740753,0.8079113960266113,-0.006747268605977297
9,hand,5,0,0.39793625473976135,0.7783375978469849,-0.008824699558317661
9,hand,6,0,0.4088745415210724,0.8133167624473572,-0.013730647973716259
9,hand,7,0,0.4090409576892853,0.8047192692756653,-0.015165172517299652
9,hand,8,0,0.4058348536491394,0.792523980140686,-0.014914021827280521
9,hand,9,0,0.38686901330947876,0.7866014242172241,-0.009587002918124199
9,hand,10,0,0.39912092685699463,0.8212926983833313,-0.013007518835365772
9,hand,11,0,0.40027081966400146,0.8146079182624817,-0.012788144871592522
9,hand,12,0,0.39730769395828247,0.803048849105835,-0.012036167085170746
9,hand,13,0,0.377261757850647,0.7918695211410522,-0.010134478099644184
9,hand,14,0,0.3889651298522949,0.8184388875961304,-0.01223520003259182
9,hand,15,0,0.39054030179977417,0.8118102550506592,-0.009983060881495476
9,hand,16,0,0.38819554448127747,0.8018662929534912,-0.008174804039299488
9,hand,17,0,0.3696536719799042,0.7954201102256775,-0.010671017691493034
9,hand,18,0,0.3808118402957916,0.8148564100265503,-0.011541259475052357
9,hand,19,0,0.3823891282081604,0.8084507584571838,-0.009021160192787647
9,hand,20,0,0.3799894154071808,0.7998279929161072,-0.006890592165291309
9,pose,0,-1,0.4479828178882599,0.1569356620311737,-0.36891695857048035
9,pose,1,-1,0.4573747515678406,0.13113656640052795,-0.3440050780773163
9,pose,2,-1,0.4628346860408783,0.1310170739889145,-0.34415629506111145
9,pose,3,-1,0.4689001441001892,0.1311747431755066,-0.3442631661891937
9,pose,4,-1,0.43842288851737976,0.13195878267288208,-0.34736573696136475
9,pose,5,-1,0.4320301115512848,0.13260586559772491,-0.34739646315574646
9,pose,6,-1,0.4267652630805969,0.13298919796943665,-0.3475039601325989
9,pose,7,-1,0.4766322076320648,0.14261965453624725,-0.1879817545413971
9,pose,8,-1,0.4192647933959961,0.1462043672800064,-0.20271340012550354
9,pose,9,-1,0.4597957730293274,0.18760667741298676,-0.30958741903305054
9,pose,10,-1,0.43774858117103577,0.19069795310497284,-0.3136327862739563
9,pose,11,-1,0.5274978280067444,0.3188713490962982,-0.07639770954847336
9,pose,12,-1,0.3783831000328064,0.32829803228378296,-0.1362253874540329
9,pose,13,-1,0.5536745190620422,0.5230929255485535,-0.011037171818315983
9,pose,14,-1,0.3623357117176056,0.5507578253746033,-0.11667804419994354
9,pose,15,-1,0.5448976755142212,0.6743758916854858,-0.16887329518795013
9,pose,16,-1,0.37839174270629883,0.7364655137062073,-0.2760099470615387
9,pose,17,-1,0.5435293912887573,0.7261009812355042,-0.2220020592212677
9,pose,18,-1,0.3811911344528198,0.7981487512588501,-0.32858818769454956
9,pose,19,-1,0.5328637361526489,0.7142934799194336,-0.2624392807483673
9,pose,20,-1,0.39471912384033203,0.7916074395179749,-0.3681624233722687
9,pose,21,-1,0.5302632451057434,0.6980608701705933,-0.18724921345710754
9,pose,22,-1,0.3973160982131958,0.7740379571914673,-0.2934468388557434
9,pose,23,-1,0.49969005584716797,0.7251917123794556,0.024584077298641205
9,pose,24,-1,0.41535571217536926,0.7367668747901917,-0.024219492450356483
9,pose,25,-1,0.5033929944038391,0.9945517182350159,-0.04541844502091408
9,pose,26,-1,0.4331744313240051,1.006572961807251,-0.04963449016213417
9,pose,27,-1,0.5175111293792725,1.2414873838424683,0.3260445296764374
9,pose,28,-1,0.44660547375679016,1.2430177927017212,0.32124823331832886
9,pose,29,-1,0.5177159309387207,1.2668797969818115,0.35667937994003296
9,pose,30,-1,0.45080801844596863,1.2623120546340942,0.35849931836128235
9,pose,31,-1,0.5194254517555237,1.3373860120773315,0.22597636282444
9,pose,32,-1,0.4577665328979492,1.3328070640563965,0.20207664370536804
10,hand,0,0,0.3720749020576477,0.7208034992218018,-7.685498815135361e-08
10,hand,1,0,0.38710951805114746,0.7263135313987732,-0.00167358061298728
10,hand,2,0,0.4004192054271698,0.7483311891555786,-0.004136782139539719
10,hand,3,0,0.40860220789909363,0.7692229747772217,-0.006248906720429659
10,hand,4,0,0.41572999954223633,0.7820050716400146,-0.007938725873827934
10,hand,5,0,0.3964109420776367,0.7550417184829712,-0.00957249104976654
10,hand,6,0,0.4067281186580658,0.788475751876831,-0.014931191690266132
10,hand,7,0,0.4111592471599579,0.7918177247047424,-0.016246436163783073
10,hand,8,0,0.41254812479019165,0.787799596786499,-0.01582898013293743
10,hand,9,0,0.38636454939842224,0.7612082958221436,-0.010728731751441956
10,hand,10,0,0.3964926600456238,0.7943910956382751,-0.015286345966160297
10,hand,11,0,0.39807015657424927,0.7871748208999634,-0.014439530670642853
10,hand,12,0,0.3958889842033386,0.7772141098976135,-0.012827271595597267
10,hand,13,0,0.3763905167579651,0.7653521299362183,-0.01166774332523346
10,hand,14,0,0.3859710395336151,0.7929165959358215,-0.015277275815606117
10,hand,15,0,0.3870137333869934,0.7835846543312073,-0.011990099214017391
10,hand,16,0,0.3844089210033417,0.7739297151565552,-0.008838857524096966
10,hand,17,0,0.367433100938797,0.76796954870224,-0.01252700574696064
10,hand,18,0,0.37614765763282776,0.7907571792602539,-0.013807179406285286
10,hand,19,0,0.3770976960659027,0.783244252204895,-0.010238456539809704
10,hand,20,0,0.37434089183807373,0.7743207216262817,-0.00706027215346694
10,pose,0,-1,0.4489535987377167,0.15736640989780426,-0.36054903268814087
10,pose,1,-1,0.4582184851169586,0.13161738216876984,-0.3360552489757538
10,pose,2,-1,0.46370336413383484,0.13155870139598846,-0.33622127771377563
10,pose,3,-1,0.4698418080806732,0.13177607953548431,-0.33632975816726685
10,pose,4,-1,0.4397323727607727,0.13234522938728333,-0.3397161364555359
10,pose,5,-1,0.4331206679344177,0.13292567431926727,-0.33976009488105774
10,pose,6,-1,0.4277403652667999,0.13331343233585358,-0.3398965299129486
10,pose,7,-1,0.47756969928741455,0.14327314496040344,-0.17463228106498718
10,pose,8,-1,0.4200758635997772,0.14633598923683167,-0.19121719896793365
10,pose,9,-1,0.4603962302207947,0.18816980719566345,-0.2986653745174408
10,pose,10,-1,0.4387887418270111,0.19094394147396088,-0.30326321721076965
10,pose,11,-1,0.5274770855903625,0.3183671832084656,-0.0516359843313694
10,pose,12,-1,0.37844976782798767,0.3267650604248047,-0.10592841356992722
10,pose,13,-1,0.5597708225250244,0.5094252228736877,-0.017875486984848976
10,pose,14,-1,0.3557003438472748,0.5396165251731873,-0.06727948784828186
10,pose,15,-1,0.551216721534729,0.6007451415061951,-0.28570622205734253
10,pose,16,-1,0.3762369751930237,0.7077073454856873,-0.2193772941827774
10,pose,17,-1,0.5462765097618103,0.6399564146995544,-0.3488454520702362
10,pose,18,-1,0.37946388125419617,0.7662824988365173,-0.2641216814517975
10,pose,19,-1,0.53929203748703,0.6240749955177307,-0.3752041161060333
10,pose,20,-1,0.3927030563354492,0.758404552936554,-0.3028152287006378
10,pose,21,-1,0.5372608304023743,0.6121310591697693,-0.3012051582336426
10,pose,22,-1,0.3950255513191223,0.7420727610588074,-0.23502270877361298
10,pose,23,-1,0.5016167163848877,0.7185090780258179,0.02128550410270691
10,pose,24,-1,0.41783615946769714,0.7294843792915344,-0.020949210971593857
10,pose,25,-1,0.5034502148628235,0.9935545921325684,-0.04663649573922157
10,pose,26,-1,0.43317386507987976,1.0064882040023804,-0.06464986503124237
10,pose,27,-1,0.5174203515052795,1.2416266202926636,0.31285616755485535
10,pose,28,-1,0.44664832949638367,1.243770718574524,0.29998478293418884
10,pose,29,-1,0.5173816084861755,1.2673403024673462,0.34268972277641296
10,pose,30,-1,0.45077434182167053,1.263898491859436,0.3345719575881958
10,pose,31,-1,0.5194780230522156,1.3367983102798462,0.21178032457828522
10,pose,32,-1,0.4578254818916321,1.3338940143585205,0.19900493323802948
11,pose,0,-1,0.4506327509880066,0.15737280249595642,-0.262323796749115
11,pose,1,-1,0.45967769622802734,0.13160966336727142,-0.23984329402446747
11,pose,2,-1,0.4653554856777191,0.13155066967010498,-0.23998983204364777
11,pose,3,-1,0.47120001912117004,0.13177098333835602,-0.23997853696346283
11,pose,4,-1,0.44158706068992615,0.13231438398361206,-0.24393458664417267
11,pose,5,-1,0.43477848172187805,0.13280938565731049,-0.24397136270999908
11,pose,6,-1,0.42912378907203674,0.13318350911140442,-0.24413587152957916
11,pose,7,-1,0.4785759150981903,0.14327280223369598,-0.09453566372394562
11,pose,8,-1,0.4208727777004242,0.14584025740623474,-0.11174000799655914
11,pose,9,-1,0.46149855852127075,0.18817070126533508,-0.20768193900585175
11,pose,10,-1,0.4401623606681824,0.19082048535346985,-0.2125519961118698
11,pose,11,-1,0.5274531245231628,0.31751012802124023,0.002429838525131345
11,pose,12,-1,0.3783454895019531,0.3256407380104065,-0.05169328674674034
11,pose,13,-1,0.5636117458343506,0.5057825446128845,-0.035157155245542526
11,pose,14,-1,0.3495889902114868,0.5311872363090515,-0.05126542970538139
11,pose,15,-1,0.5645626783370972,0.509216845035553,-0.3523997664451599
11,pose,16,-1,0.3672439754009247,0.6777365207672119,-0.22660215198993683
11,pose,17,-1,0.5661798119544983,0.5260332822799683,-0.41980084776878357
11,pose,18,-1,0.37173110246658325,0.7343506813049316,-0.269476979970932
11,pose,19,-1,0.5576303601264954,0.5086227059364319,-0.43814224004745483
11,pose,20,-1,0.3834647238254547,0.7246630191802979,-0.3055449426174164
11,pose,21,-1,0.5523818731307983,0.49893227219581604,-0.36721527576446533
11,pose,22,-1,0.3854900896549225,0.7075738310813904,-0.24176287651062012
11,pose,23,-1,0.5026056170463562,0.7192743420600891,0.021137665957212448
11,pose,24,-1,0.4185119569301605,0.7293892502784729,-0.02071971818804741
11,pose,25,-1,0.5037668943405151,0.994814395904541,-0.05773724615573883
11,pose,26,-1,0.4331754446029663,1.0113916397094727,-0.056643448770046234
11,pose,27,-1,0.5184580087661743,1.2631759643554688,0.20039930939674377
11,pose,28,-1,0.4477863907814026,1.255626916885376,0.23324868083000183
11,pose,29,-1,0.518700897693634,1.2936296463012695,0.21888978779315948
11,pose,30,-1,0.4507623612880707,1.27646803855896,0.25638315081596375
11,pose,31,-1,0.519535481929779,1.3533871173858643,0.08275365829467773
11,pose,32,-1,0.46508970856666565,1.3466538190841675,0.11404965072870255
12,hand,0,0,0.36633726954460144,0.6810990571975708,-1.851656605822427e-07
12,hand,1,0,0.37570858001708984,0.6754183173179626,-0.00865674763917923
12,hand,2,0,0.3861589729785919,0.6769733428955078,-0.015717731788754463
12,hand,3,0,0.3953167498111725,0.6819872856140137,-0.021611640229821205
12,hand,4,0,0.4035519063472748,0.6895934343338013,-0.02735602669417858
12,hand,5,0,0.38418397307395935,0.6951969861984253,-0.021222062408924103
12,hand,6,0,0.38107478618621826,0.682019054889679,-0.03325187414884567
12,hand,7,0,0.376578688621521,0.6651929020881653,-0.03995690122246742
12,hand,8,0,0.37326908111572266,0.648948609828949,-0.04279610514640808
12,hand,9,0,0.37388989329338074,0.7034536600112915,-0.021005554124712944
12,hand,10,0,0.36827653646469116,0.6763404011726379,-0.03300601616501808
12,hand,11,0,0.36356672644615173,0.6521873474121094,-0.036384228616952896
12,hand,12,0,0.35919126868247986,0.6340299844741821,-0.03722566366195679
12,hand,13,0,0.36378213763237,0.7076786756515503,-0.0209331251680851
12,hand,14,0,0.357765257358551,0.679088294506073,-0.033572033047676086
12,hand,15,0,0.3538820743560791,0.6557301878929138,-0.033182863146066666
12,hand,16,0,0.3510173559188843,0.6377233862876892,-0.0304570272564888
12,hand,17,0,0.3551498353481293,0.7089999318122864,-0.021252037957310677
12,hand,18,0,0.34947383403778076,0.6879132390022278,-0.031623803079128265
12,hand,19,0,0.34591662883758545,0.6668980121612549,-0.030930500477552414
12,hand,20,0,0.3435846269130707,0.6517119407653809,-0.028124680742621422
12,pose,0,-1,0.45190733671188354,0.15742725133895874,-0.22301264107227325
12,pose,1,-1,0.46066585183143616,0.1316317468881607,-0.20040364563465118
12,pose,2,-1,0.46658244729042053,0.13158006966114044,-0.2005322277545929
12,pose,3,-1,0.47232598066329956,0.13180504739284515,-0.20056381821632385
12,pose,4,-1,0.4427826702594757,0.13230614364147186,-0.2023654282093048
12,pose,5,-1,0.4359862506389618,0.13276800513267517,-0.20243008434772491
12,pose,6,-1,0.43025287985801697,0.13311119377613068,-0.20251411199569702
12,pose,7,-1,0.47980716824531555,0.14350144565105438,-0.05343502759933472
12,pose,8,-1,0.42217376828193665,0.145554780960083,-0.062285926192998886
12,pose,9,-1,0.4627746641635895,0.18820515275001526,-0.16752107441425323
12,pose,10,-1,0.4414748549461365,0.19067710638046265,-0.17045333981513977
12,pose,11,-1,0.5276740789413452,0.31707438826560974,0.04543261229991913
12,pose,12,-1,0.3787904977798462,0.32385319471359253,0.011882013641297817
12,pose,13,-1,0.5758399963378906,0.507892906665802,-0.035455089062452316
12,pose,14,-1,0.343295693397522,0.5136567950248718,0.03881003335118294
12,pose,15,-1,0.5710831880569458,0.45955950021743774,-0.3259870409965515
12,pose,16,-1,0.35251152515411377,0.620779275894165,-0.10046730935573578
12,pose,17,-1,0.5668411254882812,0.43855857849121094,-0.3865976333618164
12,pose,18,-1,0.3577236235141754,0.674835741519928,-0.1297677904367447
12,pose,19,-1,0.5590572953224182,0.41575178503990173,-0.3904503583908081
12,pose,20,-1,0.36798274517059326,0.6660139560699463,-0.1615929901599884
12,pose,21,-1,0.5559463500976562,0.4217599928379059,-0.3339139521121979
12,pose,22,-1,0.3694666028022766,0.650261402130127,-0.1139356791973114
12,pose,23,-1,0.5026330351829529,0.7208184599876404,0.02000749669969082
12,pose,24,-1,0.4186280369758606,0.729449987411499,-0.01949605904519558
12,pose,25,-1,0.5042092800140381,0.9978337287902832,-0.05068943649530411
12,pose,26,-1,0.4331618845462799,1.020101547241211,-0.06255406141281128
12,pose,27,-1,0.5221420526504517,1.2710827589035034,0.24086220562458038
12,pose,28,-1,0.4498714208602905,1.2706849575042725,0.2263084203004837
12,pose,29,-1,0.5246139764785767,1.3023710250854492,0.26394492387771606
12,pose,30,-1,0.4518473744392395,1.2930949926376343,0.2509928047657013
12,pose,31,-1,0.5195448994636536,1.3597183227539062,0.1325574517250061
12,pose,32,-1,0.4684062898159027,1.3590006828308105,0.10941559821367264
13,pose,0,-1,0.45245134830474854,0.1571921408176422,-0.21876971423625946
13,pose,1,-1,0.46165257692337036,0.13152912259101868,-0.1933412253856659
13,pose,2,-1,0.4678741991519928,0.13147646188735962,-0.19348391890525818
13,pose,3,-1,0.4735410809516907,0.1317085176706314,-0.19351421296596527
13,pose,4,-1,0.44343310594558716,0.13208046555519104,-0.1952928900718689
13,pose,5,-1,0.43660321831703186,0.1324443370103836,-0.19538868963718414
13,pose,6,-1,0.4308473765850067,0.13273797929286957,-0.1954207420349121
13,pose,7,-1,0.48209840059280396,0.14372093975543976,-0.039778660982847214
13,pose,8,-1,0.42355838418006897,0.14535969495773315,-0.052936017513275146
13,pose,9,-1,0.4638238549232483,0.18814511597156525,-0.16198799014091492
13,pose,10,-1,0.4421268701553345,0.19027353823184967,-0.1661117821931839
13,pose,11,-1,0.5287664532661438,0.3171654939651489,0.05549526959657669
13,pose,12,-1,0.3799547553062439,0.32288992404937744,0.026787012815475464
13,pose,13,-1,0.5856985449790955,0.5103379487991333,-0.07302035391330719
13,pose,14,-1,0.3396124243736267,0.5029229521751404,0.006784216966480017
13,pose,15,-1,0.5713624358177185,0.3774522542953491,-0.3740256130695343
13,pose,16,-1,0.3406287133693695,0.5632826685905457,-0.1764269471168518
13,pose,17,-1,0.5665760636329651,0.3459131419658661,-0.43874800205230713
13,pose,18,-1,0.34416210651397705,0.6075419187545776,-0.2113121598958969
13,pose,19,-1,0.5601933598518372,0.3332979679107666,-0.42530906200408936
13,pose,20,-1,0.3547217547893524,0.6007317304611206,-0.2408633679151535
13,pose,21,-1,0.5582287311553955,0.34163227677345276,-0.3751676678657532
13,pose,22,-1,0.3568468391895294,0.5877627730369568,-0.19032540917396545
13,pose,23,-1,0.5025455355644226,0.7213370203971863,0.019076960161328316
13,pose,24,-1,0.41874927282333374,0.7294614911079407,-0.01858006976544857
13,pose,25,-1,0.5048134922981262,0.9983840584754944,-0.046673569828271866
13,pose,26,-1,0.43310368061065674,1.023754596710205,-0.07113169878721237
13,pose,27,-1,0.5219292044639587,1.280879020690918,0.25947800278663635
13,pose,28,-1,0.4498099386692047,1.2830073833465576,0.20674695074558258
13,pose,29,-1,0.5240343809127808,1.3112621307373047,0.2838976979255676
13,pose,30,-1,0.45167404413223267,1.307356834411621,0.23071308434009552
13,pose,31,-1,0.5172525644302368,1.3705554008483887,0.1629071831703186
13,pose,32,-1,0.46774742007255554,1.370481014251709,0.09625469893217087
14,hand,0,0,0.5658937096595764,0.32524022459983826,-8.25687607175496e-08
14,hand,1,0,0.5511243939399719,0.3197193145751953,-0.006665282417088747
14,hand,2,0,0.5368236303329468,0.31073683500289917,-0.012297510169446468
14,hand,3,0,0.5261403322219849,0.3060387074947357,-0.017131365835666656
14,hand,4,0,0.5166015028953552,0.30419719219207764,-0.02113286964595318
14,hand,5,0,0.5429543256759644,0.2731890380382538,-0.009099336341023445
14,hand,6,0,0.5451387166976929,0.2701568007469177,-0.015287794172763824
14,hand,7,0,0.5476396083831787,0.28443485498428345,-0.018785351887345314
14,hand,8,0,0.5480066537857056,0.29088670015335083,-0.0206561591476202
14,hand,9,0,0.5528013706207275,0.2691149413585663,-0.00882217101752758
14,hand,10,0,0.5534918904304504,0.2665558457374573,-0.013821805827319622
14,hand,11,0,0.5550152063369751,0.2824896275997162,-0.014746492728590965
14,hand,12,0,0.5550706386566162,0.2881835401058197,-0.01497433241456747
14,hand,13,0,0.5617654323577881,0.26963043212890625,-0.009214705787599087
14,hand,14,0,0.5617924332618713,0.2688189744949341,-0.013483976013958454
14,hand,15,0,0.5628393888473511,0.28424930572509766,-0.01147259771823883
14,hand,16,0,0.5625109672546387,0.289889395236969,-0.009773294441401958
14,hand,17,0,0.5693812370300293,0.2729850113391876,-0.010204946622252464
14,hand,18,0,0.5688154697418213,0.27304720878601074,-0.01202839519828558
14,hand,19,0,0.5684949159622192,0.28612709045410156,-0.009409633465111256
14,hand,20,0,0.5677947998046875,0.2913503348827362,-0.007145127281546593
14,pose,0,-1,0.45353826880455017,0.15718364715576172,-0.20293447375297546
14,pose,1,-1,0.4626392424106598,0.13152402639389038,-0.17576569318771362
14,pose,2,-1,0.4688703715801239,0.13147661089897156,-0.1759130209684372
14,pose,3,-1,0.4743691086769104,0.1317138969898224,-0.17594598233699799
14,pose,4,-1,0.4444141089916229,0.13199679553508759,-0.1782584935426712
14,pose,5,-1,0.4376034438610077,0.13233330845832825,-0.1783744841814041
14,pose,6,-1,0.43175849318504333,0.13261398673057556,-0.17839089035987854
14,pose,7,-1,0.4827776551246643,0.14455480873584747,-0.018074922263622284
14,pose,8,-1,0.42458775639533997,0.14539992809295654,-0.03404074162244797
14,pose,9,-1,0.4646097421646118,0.18820776045322418,-0.14463132619857788
14,pose,10,-1,0.44268476963043213,0.1902693659067154,-0.1497177630662918
14,pose,11,-1,0.5307888984680176,0.3176369369029999,0.06689044833183289
14,pose,12,-1,0.38008812069892883,0.322642982006073,0.05243649706244469
14,pose,13,-1,0.5956371426582336,0.5035693049430847,-0.06896655261516571
14,pose,14,-1,0.33634719252586365,0.5044138431549072,-0.01211206242442131
14,pose,15,-1,0.5711778402328491,0.3302653133869171,-0.32704034447669983
14,pose,16,-1,0.3356129825115204,0.5270060300827026,-0.24330264329910278
14,pose,17,-1,0.5652158260345459,0.29683980345726013,-0.38595491647720337
14,pose,18,-1,0.33459368348121643,0.5462948679924011,-0.2827357351779938
14,pose,19,-1,0.559235155582428,0.28018829226493835,-0.38823115825653076
14,pose,20,-1,0.3411748707294464,0.5325025916099548,-0.2923629879951477
14,pose,21,-1,0.5575560331344604,0.292185515165329,-0.32799580693244934
14,pose,22,-1,0.3445906639099121,0.5260329246520996,-0.25440534949302673
14,pose,23,-1,0.502384603023529,0.7221494913101196,0.017112068831920624
14,pose,24,-1,0.4184589385986328,0.7298327684402466,-0.01655491441488266
14,pose,25,-1,0.5054572224617004,1.0023679733276367,-0.04478277638554573
14,pose,26,-1,0.43312400579452515,1.027673363685608,-0.06702110171318054
14,pose,27,-1,0.5235306024551392,1.296960711479187,0.26034924387931824
14,pose,28,-1,0.45219674706459045,1.2985869646072388,0.21929998695850372
14,pose,29,-1,0.5274382829666138,1.3284481763839722,0.2854541838169098
14,pose,30,-1,0.4535006582736969,1.3252182006835938,0.2444176822900772
14,pose,31,-1,0.5170390009880066,1.3883469104766846,0.17168068885803223
14,pose,32,-1,0.4694097638130188,1.3841629028320312,0.11548826098442078
15,hand,0,0,0.5591462850570679,0.31998324394226074,3.523463121268833e-08
15,hand,1,0,0.5447618365287781,0.3058948218822479,-0.0051594628021121025
15,hand,2,0,0.5292084217071533,0.29285934567451477,-0.009168228134512901
15,hand,3,0,0.5155184268951416,0.2890436053276062,-0.012819129973649979
15,hand,4,0,0.5047245025634766,0.2925560474395752,-0.016261350363492966
15,hand,5,0,0.5422667264938354,0.2807268798351288,-0.005646371748298407
15,hand,6,0,0.5376186370849609,0.2646128535270691,-0.01162755861878395
15,hand,7,0,0.5332325100898743,0.257894366979599,-0.016731582581996918
15,hand,8,0,0.5290265083312988,0.25483807921409607,-0.019988926127552986
15,hand,9,0,0.5498344898223877,0.27624017000198364,-0.005508334841579199
15,hand,10,0,0.5466089248657227,0.2581180930137634,-0.010466411709785461
15,hand,11,0,0.5407408475875854,0.25383928418159485,-0.013261966407299042
15,hand,12,0,0.5355937480926514,0.2526160776615143,-0.015299845486879349
15,hand,13,0,0.556315541267395,0.27438637614250183,-0.006084783934056759
15,hand,14,0,0.5551611185073853,0.25635749101638794,-0.010253907181322575
15,hand,15,0,0.5492915511131287,0.2517634928226471,-0.010159247554838657
15,hand,16,0,0.5439949631690979,0.2508719563484192,-0.009780120104551315
15,hand,17,0,0.5617907643318176,0.27632349729537964,-0.007191787473857403
15,hand,18,0,0.5619526505470276,0.25843545794487,-0.009603998623788357
15,hand,19,0,0.5575869083404541,0.2521243691444397,-0.008964559063315392
15,hand,20,0,0.5526019334793091,0.2503827214241028,-0.008466712199151516
15,pose,0,-1,0.45349738001823425,0.15725424885749817,-0.22229446470737457
15,pose,1,-1,0.46259480714797974,0.1316222995519638,-0.19439318776130676
15,pose,2,-1,0.4687362313270569,0.13162946701049805,-0.1945192664861679
15,pose,3,-1,0.47427740693092346,0.1319820135831833,-0.19452844560146332
15,pose,4,-1,0.44440752267837524,0.13199208676815033,-0.19560617208480835
15,pose,5,-1,0.43759748339653015,0.13230912387371063,-0.19572395086288452
15,pose,6,-1,0.4317680299282074,0.13258150219917297,-0.19573722779750824
15,pose,7,-1,0.48262330889701843,0.14617082476615906,-0.03549261391162872
15,pose,8,-1,0.4246470332145691,0.14568574726581573,-0.0435606949031353
15,pose,9,-1,0.4645470678806305,0.1884695291519165,-0.1643211394548416
15,pose,10,-1,0.4425894021987915,0.19044733047485352,-0.16714705526828766
15,pose,11,-1,0.5306786894798279,0.317823201417923,0.04867112636566162
15,pose,12,-1,0.3802608251571655,0.3225676119327545,0.04786687344312668
15,pose,13,-1,0.602591335773468,0.49097132682800293,-0.10291491448879242
15,pose,14,-1,0.3281550407409668,0.5071707963943481,-0.01746358349919319
15,pose,15,-1,0.5687151551246643,0.31168457865715027,-0.37416473031044006
15,pose,16,-1,0.3285461366176605,0.4798845052719116,-0.36115846037864685
15,pose,17,-1,0.5636360049247742,0.27265799045562744,-0.43069300055503845
15,pose,18,-1,0.32661619782447815,0.47048279643058777,-0.4098205268383026
15,pose,19,-1,0.5585533380508423,0.26300325989723206,-0.4078274369239807
15,pose,20,-1,0.3340153098106384,0.4476737380027771,-0.4124125838279724
15,pose,21,-1,0.5556600689888,0.27600017189979553,-0.36890894174575806
15,pose,22,-1,0.3372829854488373,0.4492889940738678,-0.3685275912284851
15,pose,23,-1,0.5019302368164062,0.7246001362800598,0.015287422575056553
15,pose,24,-1,0.4180675148963928,0.7318826913833618,-0.014656776562333107
15,pose,25,-1,0.5055325031280518,1.0061837434768677,-0.0447082482278347
15,pose,26,-1,0.4330768585205078,1.028401255607605,-0.06481470167636871
15,pose,27,-1,0.5240582823753357,1.307600975036621,0.25606629252433777
15,pose,28,-1,0.45224931836128235,1.31063973903656,0.21254315972328186
15,pose,29,-1,0.5286265015602112,1.3403816223144531,0.28052613139152527
15,pose,30,-1,0.4534232020378113,1.3400115966796875,0.2360611855983734
15,pose,31,-1,0.5167215466499329,1.3988600969314575,0.1596997082233429
15,pose,32,-1,0.4693707227706909,1.3960846662521362,0.10048767179250717
16,hand,0,0,0.3315521478652954,0.35487470030784607,-1.045801170107552e-07
16,hand,1,0,0.3214883506298065,0.36040398478507996,-0.003659856738522649
16,hand,2,0,0.3160049021244049,0.36753761768341064,-0.00925693940371275
16,hand,3,0,0.3147694170475006,0.3746546506881714,-0.015474814921617508
16,hand,4,0,0.3141533136367798,0.38105663657188416,-0.022210419178009033
16,hand,5,0,0.3160187005996704,0.35012805461883545,-0.009897017851471901
16,hand,6,0,0.3193312883377075,0.36269867420196533,-0.01608928292989731
16,hand,7,0,0.32176804542541504,0.3771218955516815,-0.02040380984544754
16,hand,8,0,0.32325279712677,0.38770076632499695,-0.023202646523714066
16,hand,9,0,0.3258582055568695,0.34481456875801086,-0.011223123408854008
16,hand,10,0,0.3284778296947479,0.35489460825920105,-0.01709524355828762
16,hand,11,0,0.33045825362205505,0.3742104172706604,-0.019364643841981888
16,hand,12,0,0.3314715623855591,0.38747259974479675,-0.021014800295233727
16,hand,13,0,0.3363587260246277,0.3399246633052826,-0.012550749816000462
16,hand,14,0,0.33930808305740356,0.3466775119304657,-0.01889777183532715
16,hand,15,0,0.3406400680541992,0.3655242919921875,-0.019000375643372536
16,hand,16,0,0.3406214118003845,0.3804358243942261,-0.018298937007784843
16,hand,17,0,0.3467060625553131,0.33731868863105774,-0.01406493317335844
16,hand,18,0,0.35008713603019714,0.34088101983070374,-0.01840556040406227
16,hand,19,0,0.3511066734790802,0.35692593455314636,-0.017155127599835396
16,hand,20,0,0.35111546516418457,0.370707243680954,-0.015712391585111618
16,hand,0,1,0.5542088747024536,0.3189716041088104,-3.791010527720573e-08
16,hand,1,1,0.5335796475410461,0.30191314220428467,-0.0038037667982280254
16,hand,2,1,0.5169854760169983,0.2879787087440491,-0.007668927777558565
16,hand,3,1,0.5041661262512207,0.28688812255859375,-0.011765502393245697
16,hand,4,1,0.4952456057071686,0.29405370354652405,-0.015195503830909729
16,hand,5,1,0.5342271327972412,0.24375303089618683,-0.0012424495071172714
16,hand,6,1,0.5158396363258362,0.25117921829223633,-0.006892953999340534
16,hand,7,1,0.5202907919883728,0.2648811340332031,-0.011673043482005596
16,hand,8,1,0.5261483788490295,0.26395589113235474,-0.01467489916831255
16,hand,9,1,0.5402320027351379,0.24252578616142273,-0.0020072157494723797
16,hand,10,1,0.5210886001586914,0.2523503601551056,-0.007046944927424192
16,hand,11,1,0.5240792632102966,0.2655285894870758,-0.009143468923866749
16,hand,12,1,0.5291977524757385,0.2638515532016754,-0.010378134436905384
16,hand,13,1,0.5451826453208923,0.2475079596042633,-0.003620229894295335
16,hand,14,1,0.5271739959716797,0.25643190741539,-0.00686188880354166
16,hand,15,1,0.5292872786521912,0.26819562911987305,-0.004965931177139282
16,hand,16,1,0.5340445637702942,0.2674275040626526,-0.003568874439224601
16,hand,17,1,0.5483880043029785,0.25694358348846436,-0.005906743463128805
16,hand,18,1,0.5347076654434204,0.26205044984817505,-0.006733598653227091
16,hand,19,1,0.5355835556983948,0.2715483605861664,-0.004234867636114359
16,hand,20,1,0.540422797203064,0.27270495891571045,-0.002090867143124342
16,pose,0,-1,0.4534960389137268,0.15741930902004242,-0.23400576412677765
16,pose,1,-1,0.4626069664955139,0.13178804516792297,-0.20305722951889038
16,pose,2,-1,0.46864718198776245,0.13178850710391998,-0.2031136304140091
16,pose,3,-1,0.4742670953273773,0.13220493495464325,-0.2030337005853653
16,pose,4,-1,0.4444996416568756,0.13199935853481293,-0.20410571992397308
16,pose,5,-1,0.4376782476902008,0.13230660557746887,-0.2042529284954071
16,pose,6,-1,0.4318394362926483,0.13257893919944763,-0.20423763990402222
16,pose,7,-1,0.4825060963630676,0.14750845730304718,-0.04072897508740425
16,pose,8,-1,0.42460691928863525,0.14618812501430511,-0.047183047980070114
16,pose,9,-1,0.4644915461540222,0.1895567774772644,-0.17702791094779968
16,pose,10,-1,0.44252192974090576,0.19105564057826996,-0.17942818999290466
16,pose,11,-1,0.5294922590255737,0.31799057126045227,0.033626340329647064
16,pose,12,-1,0.38025516271591187,0.32282525300979614,0.04216494783759117
16,pose,13,-1,0.60999596118927,0.4798023998737335,-0.12225789576768875
16,pose,14,-1,0.32175204157829285,0.5105669498443604,-0.07241377234458923
16,pose,15,-1,0.5673429369926453,0.3067038357257843,-0.39582905173301697
16,pose,16,-1,0.32308027148246765,0.3937323987483978,-0.3923014998435974
16,pose,17,-1,0.5514053106307983,0.27186939120292664,-0.4523029625415802
16,pose,18,-1,0.32755881547927856,0.36745554208755493,-0.44710996747016907
16,pose,19,-1,0.5465735197067261,0.2606041729450226,-0.42620933055877686
16,pose,20,-1,0.33262208104133606,0.3529839813709259,-0.43411919474601746
16,pose,21,-1,0.5469083786010742,0.270925372838974,-0.3899015486240387
16,pose,22,-1,0.33382222056388855,0.35986626148223877,-0.39483869075775146
16,pose,23,-1,0.501882791519165,0.7267051339149475,0.014557759277522564
16,pose,24,-1,0.41780897974967957,0.7338378429412842,-0.013814560137689114
16,pose,25,-1,0.5056218504905701,1.0091660022735596,-0.04363574832677841
16,pose,26,-1,0.4330105483531952,1.0300161838531494,-0.05682593956589699
16,pose,27,-1,0.5251203179359436,1.314036250114441,0.24751056730747223
16,pose,28,-1,0.45212075114250183,1.3145649433135986,0.1892818957567215
16,pose,29,-1,0.5308598279953003,1.3496074676513672,0.2697852849960327
16,pose,30,-1,0.45304015278816223,1.3466686010360718,0.20804235339164734
16,pose,31,-1,0.5167083144187927,1.4021068811416626,0.1403828114271164
16,pose,32,-1,0.46949508786201477,1.4003742933273315,0.0590398907661438
17,hand,0,0,0.5445979833602905,0.3158016800880432,-4.7187224794242866e-08
17,hand,1,0,0.5246638655662537,0.30922508239746094,-0.0029629203490912914
17,hand,2,0,0.5077981352806091,0.3026139736175537,-0.006903642788529396
17,hand,3,0,0.4959602952003479,0.30523231625556946,-0.011298509314656258
17,hand,4,0,0.48785400390625,0.3136953115463257,-0.015158678404986858
17,hand,5,0,0.516404926776886,0.25375044345855713,-0.0012242706725373864
17,hand,6,0,0.5012803077697754,0.2645573616027832,-0.00699304835870862
17,hand,7,0,0.5059221982955933,0.27619707584381104,-0.011860332451760769
17,hand,8,0,0.5111947059631348,0.27576306462287903,-0.014847446233034134
17,hand,9,0,0.5223647356033325,0.25095662474632263,-0.002828417345881462
17,hand,10,0,0.5076926350593567,0.26822227239608765,-0.0076278033666312695
17,hand,11,0,0.5124684572219849,0.278871089220047,-0.009527473710477352
17,hand,12,0,0.5176113843917847,0.2770724594593048,-0.010448788292706013
17,hand,13,0,0.5279912948608398,0.25431400537490845,-0.00525214709341526
17,hand,14,0,0.514930248260498,0.27193066477775574,-0.00805290974676609
17,hand,15,0,0.5190027952194214,0.2820666432380676,-0.00643648998811841
17,hand,16,0,0.5235495567321777,0.27987509965896606,-0.005224212538450956
17,hand,17,0,0.5329558849334717,0.2612939178943634,-0.00843312218785286
17,hand,18,0,0.5228936076164246,0.2754007875919342,-0.008952259086072445
17,hand,19,0,0.5256853103637695,0.28309696912765503,-0.0067609152756631374
17,hand,20,0,0.5299654603004456,0.2814573347568512,-0.004799066111445427
17,pose,0,-1,0.45349839329719543,0.15781007707118988,-0.23274150490760803
17,pose,1,-1,0.46258649230003357,0.1319545954465866,-0.19882529973983765
17,pose,2,-1,0.46860548853874207,0.13196200132369995,-0.1987743377685547
17,pose,3,-1,0.47420215606689453,0.1324462592601776,-0.1986176073551178
17,pose,4,-1,0.4446418583393097,0.1320069581270218,-0.20009759068489075
17,pose,5,-1,0.43778127431869507,0.13230407238006592,-0.20030485093593597
17,pose,6,-1,0.4319107234477997,0.1325765997171402,-0.2002667337656021
17,pose,7,-1,0.482446551322937,0.1481478363275528,-0.03358478099107742
17,pose,8,-1,0.424557626247406,0.1464012861251831,-0.04060946777462959
17,pose,9,-1,0.4644744098186493,0.1905670464038849,-0.17613376677036285
17,pose,10,-1,0.4424736797809601,0.19151978194713593,-0.17868486046791077
17,pose,11,-1,0.5281718969345093,0.31887730956077576,0.03253709897398949
17,pose,12,-1,0.38011884689331055,0.32273396849632263,0.0348425954580307
17,pose,13,-1,0.6159185767173767,0.470199316740036,-0.12779133021831512
17,pose,14,-1,0.31368309259414673,0.503777265548706,-0.10407861322164536
17,pose,15,-1,0.5555246472358704,0.30531755089759827,-0.3811320662498474
17,pose,16,-1,0.3228462040424347,0.33648914098739624,-0.36965689063072205
17,pose,17,-1,0.5365025997161865,0.27449026703834534,-0.4374048113822937
17,pose,18,-1,0.32759544253349304,0.29882147908210754,-0.4249575734138489
17,pose,19,-1,0.5295432806015015,0.2671804130077362,-0.40744274854660034
17,pose,20,-1,0.33308759331703186,0.28310760855674744,-0.40262630581855774
17,pose,21,-1,0.5305085778236389,0.27752605080604553,-0.3739021420478821
17,pose,22,-1,0.33472537994384766,0.2937375605106354,-0.3680697977542877
17,pose,23,-1,0.5020512342453003,0.7271597385406494,0.014777565374970436
17,pose,24,-1,0.4177865982055664,0.7341334223747253,-0.014045207761228085
17,pose,25,-1,0.5055493116378784,1.0098780393600464,-0.04244734346866608
17,pose,26,-1,0.4328257143497467,1.0300912857055664,-0.04395752400159836
17,pose,27,-1,0.5249466896057129,1.3141642808914185,0.24460911750793457
17,pose,28,-1,0.4493318498134613,1.3139550685882568,0.18696008622646332
17,pose,29,-1,0.5306348204612732,1.3511155843734741,0.2663344740867615
17,pose,30,-1,0.4484468102455139,1.3478381633758545,0.2049304097890854
17,pose,31,-1,0.5150993466377258,1.4016026258468628,0.1347775161266327
17,pose,32,-1,0.4678118824958801,1.3992599248886108,0.054505519568920135
18,hand,0,0,0.32705196738243103,0.28662389516830444,-1.1216433648542079e-07
18,hand,1,0,0.34237125515937805,0.2821202278137207,-0.004888484720140696
18,hand,2,0,0.3569848835468292,0.26724061369895935,-0.008349556475877762
18,hand,3,0,0.36928364634513855,0.25926312804222107,-0.012102712877094746
18,hand,4,0,0.3796032667160034,0.25424522161483765,-0.014923776499927044
18,hand,5,0,0.3557065725326538,0.21856006979942322,-0.0015714913606643677
18,hand,6,0,0.35886263847351074,0.2254525125026703,-0.008454114198684692
18,hand,7,0,0.3541675806045532,0.24479371309280396,-0.013381783850491047
18,hand,8,0,0.35233408212661743,0.25406357645988464,-0.01622079126536846
18,hand,9,0,0.34650346636772156,0.21155160665512085,-0.002429451560601592
18,hand,10,0,0.3492378890514374,0.22151950001716614,-0.008906531147658825
18,hand,11,0,0.34445443749427795,0.24386253952980042,-0.01061964500695467
18,hand,12,0,0.34314292669296265,0.2535912096500397,-0.010592360980808735
18,hand,13,0,0.33608973026275635,0.2097053974866867,-0.0044282060116529465
18,hand,14,0,0.33912092447280884,0.22144542634487152,-0.010532484389841557
18,hand,15,0,0.3363880217075348,0.24238455295562744,-0.008275151252746582
18,hand,16,0,0.3354730010032654,0.2510519027709961,-0.005348171107470989
18,hand,17,0,0.32543274760246277,0.21113775670528412,-0.007132423110306263
18,hand,18,0,0.32898882031440735,0.2212710827589035,-0.010261168703436852
18,hand,19,0,0.327919602394104,0.2377646565437317,-0.00747984042391181
18,hand,20,0,0.3271721601486206,0.24342110753059387,-0.0042881122790277
18,hand,0,1,0.5371778607368469,0.3254144787788391,-6.500351190652509e-08
18,hand,1,1,0.5157628655433655,0.32660776376724243,-0.0025152608286589384
18,hand,2,1,0.49958130717277527,0.32435715198516846,-0.006142363417893648
18,hand,3,1,0.48944830894470215,0.32872653007507324,-0.010339044034481049
18,hand,4,1,0.48226457834243774,0.33719927072525024,-0.013741068542003632
18,hand,5,1,0.5008564591407776,0.27141791582107544,-0.00038512382889166474
18,hand,6,1,0.48680609464645386,0.2924620509147644,-0.006421140395104885
18,hand,7,1,0.49407514929771423,0.3024848401546478,-0.011546427384018898
18,hand,8,1,0.4999367594718933,0.29833266139030457,-0.014916854910552502
18,hand,9,1,0.5059760212898254,0.2668241858482361,-0.002606223104521632
18,hand,10,1,0.49265626072883606,0.29682716727256775,-0.007272165268659592
18,hand,11,1,0.49953708052635193,0.3045766353607178,-0.009125446900725365
18,hand,12,1,0.5041710734367371,0.29818055033683777,-0.010292470455169678
18,hand,13,1,0.512496829032898,0.2702160179615021,-0.005740959197282791
18,hand,14,1,0.49981439113616943,0.2980232536792755,-0.00839148834347725
18,hand,15,1,0.5053881406784058,0.306058406829834,-0.006582845933735371
18,hand,16,1,0.5091511607170105,0.3001304864883423,-0.00555111700668931
18,hand,17,1,0.5191847085952759,0.27829769253730774,-0.009720799513161182
18,hand,18,1,0.50941401720047,0.30083099007606506,-0.010484700091183186
18,hand,19,1,0.5126022100448608,0.307933509349823,-0.0086678396910429
18,hand,20,1,0.5160660743713379,0.303846538066864,-0.00711143109947443
18,pose,0,-1,0.45349979400634766,0.15809015929698944,-0.23614493012428284
18,pose,1,-1,0.4626103341579437,0.13196496665477753,-0.20231324434280396
18,pose,2,-1,0.4685506522655487,0.131981760263443,-0.20225384831428528
18,pose,3,-1,0.47418469190597534,0.1324891597032547,-0.20209693908691406
18,pose,4,-1,0.44462478160858154,0.13196085393428802,-0.20262488722801208
18,pose,5,-1,0.4377373456954956,0.13222245872020721,-0.20285817980766296
18,pose,6,-1,0.43189287185668945,0.13247910141944885,-0.20284529030323029
18,pose,7,-1,0.4823678135871887,0.14820845425128937,-0.03714268282055855
18,pose,8,-1,0.4242497384548187,0.1464243233203888,-0.03741183504462242
18,pose,9,-1,0.46438783407211304,0.19140341877937317,-0.17946453392505646
18,pose,10,-1,0.44227054715156555,0.19222776591777802,-0.18026940524578094
18,pose,11,-1,0.5278159976005554,0.31706923246383667,0.02919413335621357
18,pose,12,-1,0.38000044226646423,0.3213825523853302,0.03531181439757347
18,pose,13,-1,0.6207311749458313,0.46077266335487366,-0.14134810864925385
18,pose,14,-1,0.3079652488231659,0.4866887927055359,-0.11814825981855392
18,pose,15,-1,0.5468078255653381,0.3164367973804474,-0.38342633843421936
18,pose,16,-1,0.32457342743873596,0.2982044517993927,-0.36251571774482727
18,pose,17,-1,0.5267883539199829,0.29534995555877686,-0.4393194913864136
18,pose,18,-1,0.3314102292060852,0.2535644769668579,-0.4184417128562927
18,pose,19,-1,0.5158137679100037,0.2876088321208954,-0.40273478627204895
18,pose,20,-1,0.3380974233150482,0.24473512172698975,-0.3897242546081543
18,pose,21,-1,0.5163009166717529,0.29652705788612366,-0.37336698174476624
18,pose,22,-1,0.3395735025405884,0.25782158970832825,-0.3582400381565094
18,pose,23,-1,0.502336859703064,0.727128803730011,0.013975841924548149
18,pose,24,-1,0.41777342557907104,0.7342990040779114,-0.013140153139829636
18,pose,25,-1,0.505395233631134,1.0100387334823608,-0.033634018152952194
18,pose,26,-1,0.4324542284011841,1.0298658609390259,-0.03672630339860916
18,pose,27,-1,0.5261218547821045,1.315487265586853,0.24903467297554016
18,pose,28,-1,0.44911232590675354,1.3160780668258667,0.192796528339386
18,pose,29,-1,0.5325562953948975,1.3540527820587158,0.2705785930156708
18,pose,30,-1,0.44805726408958435,1.3508795499801636,0.21097798645496368
18,pose,31,-1,0.5152822732925415,1.401754379272461,0.13491635024547577
18,pose,32,-1,0.4675995111465454,1.4013543128967285,0.05879795551300049
19,hand,0,0,0.32926151156425476,0.26367461681365967,1.590420239949708e-08
19,hand,1,0,0.34518831968307495,0.251071035861969,-0.00451111514121294
19,hand,2,0,0.361051470041275,0.23513120412826538,-0.007336311042308807
19,hand,3,0,0.3738997280597687,0.22516070306301117,-0.010643932037055492
19,hand,4,0,0.38420698046684265,0.22440634667873383,-0.013814129866659641
19,hand,5,0,0.35716021060943604,0.21201278269290924,-0.0028313181828707457
19,hand,6,0,0.3626507520675659,0.2024579495191574,-0.009688776917755604
19,hand,7,0,0.36017805337905884,0.21265220642089844,-0.015074595808982849
19,hand,8,0,0.3577163815498352,0.22123205661773682,-0.017978865653276443
19,hand,9,0,0.3479888141155243,0.20632284879684448,-0.0032792503479868174
19,hand,10,0,0.3534550070762634,0.1962772011756897,-0.010331882163882256
19,hand,11,0,0.35191506147384644,0.20751218497753143,-0.013994387350976467
19,hand,12,0,0.35034430027008057,0.21866795420646667,-0.015182249248027802
19,hand,13,0,0.33863565325737,0.20304632186889648,-0.004759044386446476
19,hand,14,0,0.34325024485588074,0.1951906979084015,-0.010316289030015469
19,hand,15,0,0.34249675273895264,0.2053435742855072,-0.010579647496342659
19,hand,16,0,0.34150785207748413,0.21486228704452515,-0.009357481263577938
19,hand,17,0,0.32888859510421753,0.2032412439584732,-0.006835426203906536
19,hand,18,0,0.33325695991516113,0.19505544006824493,-0.010066784918308258
19,hand,19,0,0.3337310254573822,0.20219412446022034,-0.0095754349604249
19,hand,20,0,0.33350661396980286,0.20864832401275635,-0.008173004724085331
19,hand,0,1,0.5313412547111511,0.33881619572639465,-6.395600848918548e-08
19,hand,1,1,0.5103662610054016,0.3466017246246338,-0.0036135250702500343
19,hand,2,1,0.4936869740486145,0.34877800941467285,-0.007678772788494825
19,hand,3,1,0.48334240913391113,0.3545144498348236,-0.01201187539845705
19,hand,4,1,0.4765326976776123,0.36366701126098633,-0.015326070599257946
19,hand,5,1,0.4908062219619751,0.2966049313545227,-0.0009313633781857789
19,hand,6,1,0.4802071452140808,0.32367414236068726,-0.007935561239719391
19,hand,7,1,0.4887318015098572,0.3291444182395935,-0.01390613429248333
19,hand,8,1,0.4933468997478485,0.32088685035705566,-0.017793530598282814
19,hand,9,1,0.49475163221359253,0.2898276746273041,-0.0027049502823501825
19,hand,10,1,0.48525652289390564,0.3245454430580139,-0.00856945663690567
19,hand,11,1,0.49282747507095337,0.32756879925727844,-0.010895328596234322
19,hand,12,1,0.4961118698120117,0.31791943311691284,-0.01226375624537468
19,hand,13,1,0.5014005303382874,0.2906222641468048,-0.005597301758825779
19,hand,14,1,0.49208614230155945,0.3221483528614044,-0.0094214528799057
19,hand,15,1,0.4983785152435303,0.3277377486228943,-0.007601861841976643
19,hand,16,1,0.5013383030891418,0.31971246004104614,-0.006326472852379084
19,hand,17,1,0.5089947581291199,0.29598110914230347,-0.009420395828783512
19,hand,18,1,0.5018746852874756,0.32232964038848877,-0.011181491427123547
19,hand,19,1,0.505566418170929,0.3279305696487427,-0.009748313575983047
19,hand,20,1,0.5084894895553589,0.3218088448047638,-0.008328805677592754
19,pose,0,-1,0.4531255066394806,0.15814246237277985,-0.22699609398841858
19,pose,1,-1,0.4623723328113556,0.13201016187667847,-0.19420067965984344
19,pose,2,-1,0.4680866301059723,0.1321408450603485,-0.19420213997364044
19,pose,3,-1,0.47361835837364197,0.1327807903289795,-0.19411352276802063
19,pose,4,-1,0.4443332254886627,0.13190779089927673,-0.19249668717384338
19,pose,5,-1,0.4374168813228607,0.1320783942937851,-0.19267527759075165
19,pose,6,-1,0.43158257007598877,0.1322794109582901,-0.1927216798067093
19,pose,7,-1,0.481652170419693,0.1483951359987259,-0.033502399921417236
19,pose,8,-1,0.42359909415245056,0.1464526653289795,-0.023051898926496506
19,pose,9,-1,0.46364933252334595,0.19164147973060608,-0.17197270691394806
19,pose,10,-1,0.44139260053634644,0.19224628806114197,-0.1695963740348816
19,pose,11,-1,0.5270417332649231,0.31607019901275635,0.032024480402469635
19,pose,12,-1,0.38014164566993713,0.3187898099422455,0.048421282321214676
19,pose,13,-1,0.6216358542442322,0.4545866549015045,-0.1357930451631546
19,pose,14,-1,0.30613550543785095,0.4638763964176178,-0.1106443777680397
19,pose,15,-1,0.5374565720558167,0.3350341320037842,-0.3644927442073822
19,pose,16,-1,0.3275313973426819,0.2702106833457947,-0.34158098697662354
19,pose,17,-1,0.5164439082145691,0.32132548093795776,-0.4197578728199005
19,pose,18,-1,0.3341900706291199,0.2204626053571701,-0.3960329592227936
19,pose,19,-1,0.5057350993156433,0.31324946880340576,-0.38638532161712646
19,pose,20,-1,0.3416193425655365,0.21154095232486725,-0.3770405352115631
19,pose,21,-1,0.5072044134140015,0.318006694316864,-0.35829201340675354
19,pose,22,-1,0.3432542085647583,0.22768881916999817,-0.3406480550765991
19,pose,23,-1,0.5021913051605225,0.724944531917572,0.011440479196608067
19,pose,24,-1,0.4176250994205475,0.7326906323432922,-0.010662668384611607
19,pose,25,-1,0.5050188899040222,1.0084083080291748,-0.03368760272860527
19,pose,26,-1,0.43226751685142517,1.0273407697677612,-0.044926438480615616
19,pose,27,-1,0.525943398475647,1.3113192319869995,0.2480076104402542
19,pose,28,-1,0.44905951619148254,1.3118221759796143,0.18675924837589264
19,pose,29,-1,0.5320314764976501,1.348360300064087,0.2699231207370758
19,pose,30,-1,0.44812634587287903,1.3446766138076782,0.20582327246665955
19,pose,31,-1,0.5154053568840027,1.3980556726455688,0.13245968520641327
19,pose,32,-1,0.46738746762275696,1.3975648880004883,0.05585801973938942
20,hand,0,0,0.33685535192489624,0.2345147579908371,4.843633760742705e-08
20,hand,1,0,0.3535708487033844,0.22796879708766937,-0.0029965650755912066
20,hand,2,0,0.36953213810920715,0.21336328983306885,-0.0046512670814991
20,hand,3,0,0.381677508354187,0.20604921877384186,-0.006472631357610226
20,hand,4,0,0.39169979095458984,0.20822389423847198,-0.008169126696884632
20,hand,5,0,0.36408886313438416,0.19701114296913147,-0.0014262014301493764
20,hand,6,0,0.36756399273872375,0.18714389204978943,-0.004505231976509094
20,hand,7,0,0.36715149879455566,0.186897873878479,-0.007041109725832939
20,hand,8,0,0.36834508180618286,0.1835710108280182,-0.008863207884132862
20,hand,9,0,0.3550392687320709,0.18919086456298828,-0.001626172219403088
20,hand,10,0,0.35753607749938965,0.18446221947669983,-0.0041634803637862206
20,hand,11,0,0.3582906723022461,0.18188908696174622,-0.00548265827819705
20,hand,12,0,0.35992980003356934,0.1745562106370926,-0.006386656314134598
20,hand,13,0,0.34614914655685425,0.18386654555797577,-0.0025508201215416193
20,hand,14,0,0.3492301106452942,0.1806861013174057,-0.004668181296437979
20,hand,15,0,0.3501172959804535,0.18042787909507751,-0.003422809299081564
20,hand,16,0,0.35210347175598145,0.17530052363872528,-0.0024464991874992847
20,hand,17,0,0.3378084897994995,0.1810525804758072,-0.004023377783596516
20,hand,18,0,0.3415461480617523,0.1743088960647583,-0.005094471387565136
20,hand,19,0,0.34253379702568054,0.17516642808914185,-0.003580360906198621
20,hand,20,0,0.3435247540473938,0.17298541963100433,-0.002162408549338579
20,hand,0,1,0.5236493945121765,0.3536995053291321,-9.123683497591628e-08
20,hand,1,1,0.5057466626167297,0.36331337690353394,-0.0032426011748611927
20,hand,2,1,0.4904545545578003,0.36685439944267273,-0.007164415903389454
20,hand,3,1,0.4805612564086914,0.3762287199497223,-0.011448833160102367
20,hand,4,1,0.4743294417858124,0.3888416588306427,-0.014958217740058899
20,hand,5,1,0.48421257734298706,0.31456243991851807,-0.0012770514003932476
20,hand,6,1,0.4754123091697693,0.3416547179222107,-0.007633456960320473
20,hand,7,1,0.4840179681777954,0.34990379214286804,-0.012726036831736565
20,hand,8,1,0.489039808511734,0.3446884751319885,-0.01601136289536953
20,hand,9,1,0.48915812373161316,0.3066025674343109,-0.0031005628407001495
20,hand,10,1,0.48145216703414917,0.34137675166130066,-0.008577375672757626
20,hand,11,1,0.4899177849292755,0.34937798976898193,-0.010445171035826206
20,hand,12,1,0.49423500895500183,0.3428531587123871,-0.011379202827811241
20,hand,13,1,0.4968990683555603,0.3056526482105255,-0.0058331978507339954
20,hand,14,1,0.4887687563896179,0.33840614557266235,-0.010241447016596794
20,hand,15,1,0.49583888053894043,0.3467106223106384,-0.008522117510437965
20,hand,16,1,0.49986714124679565,0.34117722511291504,-0.006934724748134613
20,hand,17,1,0.5052399039268494,0.3095749020576477,-0.009240629151463509
20,hand,18,1,0.4982510507106781,0.334444135427475,-0.011584986932575703
20,hand,19,1,0.5022354125976562,0.34140777587890625,-0.009910352528095245
20,hand,20,1,0.506200909614563,0.3373281955718994,-0.008071145974099636
20,pose,0,-1,0.4523426294326782,0.15818963944911957,-0.21586312353610992
20,pose,1,-1,0.4620170295238495,0.13206325471401215,-0.18393470346927643
20,pose,2,-1,0.46755310893058777,0.13230745494365692,-0.18395638465881348
20,pose,3,-1,0.47297534346580505,0.1330908238887787,-0.18386997282505035
20,pose,4,-1,0.4439035654067993,0.13187134265899658,-0.18094830214977264
20,pose,5,-1,0.43703097105026245,0.13196279108524323,-0.18113058805465698
20,pose,6,-1,0.43121689558029175,0.13207828998565674,-0.18117859959602356
20,pose,7,-1,0.4811514616012573,0.14848452806472778,-0.026215767487883568
20,pose,8,-1,0.4230777323246002,0.14645904302597046,-0.010427000001072884
20,pose,9,-1,0.4627200961112976,0.19207248091697693,-0.16172462701797485
20,pose,10,-1,0.440637469291687,0.19227442145347595,-0.15771131217479706
20,pose,11,-1,0.5265204906463623,0.31373655796051025,0.0356002114713192
20,pose,12,-1,0.38018089532852173,0.31577789783477783,0.06363984942436218
20,pose,13,-1,0.622205376625061,0.44986528158187866,-0.1299200803041458
20,pose,14,-1,0.3044053912162781,0.4470660388469696,-0.10535461455583572
20,pose,15,-1,0.5347534418106079,0.3445241153240204,-0.35606977343559265
20,pose,16,-1,0.3289336562156677,0.24761344492435455,-0.33187827467918396
20,pose,17,-1,0.514392077922821,0.3360860049724579,-0.4116714298725128
20,pose,18,-1,0.3384121060371399,0.20055916905403137,-0.38425132632255554
20,pose,19,-1,0.5032005906105042,0.32559341192245483,-0.37382638454437256
20,pose,20,-1,0.3456626534461975,0.19291919469833374,-0.3534945547580719
20,pose,21,-1,0.5051595568656921,0.3283974826335907,-0.35613077878952026
20,pose,22,-1,0.3466065526008606,0.2101171314716339,-0.3342081606388092
20,pose,23,-1,0.5018225312232971,0.7198375463485718,0.005832471419125795
20,pose,24,-1,0.41696348786354065,0.7269584536552429,-0.005136360879987478
20,pose,25,-1,0.5038917064666748,1.0031901597976685,-0.033106591552495956
20,pose,26,-1,0.4316098093986511,1.0213574171066284,-0.04258604347705841
20,pose,27,-1,0.5248591899871826,1.3098669052124023,0.23490403592586517
20,pose,28,-1,0.44840288162231445,1.3093461990356445,0.1942295879125595
20,pose,29,-1,0.5316207408905029,1.3470083475112915,0.25540781021118164
20,pose,30,-1,0.44794711470603943,1.3411109447479248,0.21389618515968323
20,pose,31,-1,0.5149590373039246,1.395932674407959,0.12054315209388733
20,pose,32,-1,0.46435466408729553,1.3965438604354858,0.06836827844381332
21,hand,0,0,0.3463505804538727,0.2285621166229248,8.539726792378133e-08
21,hand,1,0,0.3630073666572571,0.22041082382202148,-0.004064603708684444
21,hand,2,0,0.37938934564590454,0.20742803812026978,-0.005984020885080099
21,hand,3,0,0.39275625348091125,0.2041327953338623,-0.008113955147564411
21,hand,4,0,0.402723491191864,0.2082083821296692,-0.010073335841298103
21,hand,5,0,0.372530072927475,0.18937870860099792,-0.00039038818795233965
21,hand,6,0,0.3763945400714874,0.17878806591033936,-0.0042649367824196815
21,hand,7,0,0.37781402468681335,0.17634688317775726,-0.007560754660516977
21,hand,8,0,0.38138413429260254,0.17148062586784363,-0.009924112819135189
21,hand,9,0,0.3653801381587982,0.18157833814620972,-0.0006617698818445206
21,hand,10,0,0.3683808445930481,0.17345167696475983,-0.004493974149227142
21,hand,11,0,0.36937668919563293,0.17105108499526978,-0.0066568912006914616
21,hand,12,0,0.3734211325645447,0.16385790705680847,-0.007918753661215305
21,hand,13,0,0.35774585604667664,0.1754656285047531,-0.0020520996768027544
21,hand,14,0,0.36111944913864136,0.16604728996753693,-0.005766851827502251
21,hand,15,0,0.3622363805770874,0.1647588163614273,-0.005628153216093779
21,hand,16,0,0.3654766082763672,0.16125309467315674,-0.004968531429767609
21,hand,17,0,0.34974735975265503,0.17023706436157227,-0.004096436779946089
21,hand,18,0,0.35359254479408264,0.15906833112239838,-0.006145700812339783
21,hand,19,0,0.3558245301246643,0.15751756727695465,-0.005422397516667843
21,hand,20,0,0.35920628905296326,0.15556737780570984,-0.0045012799091637135
21,hand,0,1,0.5256168842315674,0.350196897983551,-7.4267781258186e-08
21,hand,1,1,0.50697922706604,0.3606937825679779,-0.003514618147164583
21,hand,2,1,0.4909175932407379,0.3656519055366516,-0.007917419075965881
21,hand,3,1,0.4807261824607849,0.3781740367412567,-0.012469244189560413
21,hand,4,1,0.47526979446411133,0.39372384548187256,-0.016323212534189224
21,hand,5,1,0.48678380250930786,0.31517520546913147,-0.0029745232313871384
21,hand,6,1,0.4777064919471741,0.34022244811058044,-0.009251450188457966
21,hand,7,1,0.48630988597869873,0.346678227186203,-0.01445329375565052
21,hand,8,1,0.49071553349494934,0.3407445549964905,-0.018068747594952583
21,hand,9,1,0.4921359717845917,0.306677907705307,-0.004375182557851076
21,hand,10,1,0.4838864207267761,0.3386307954788208,-0.009656615555286407
21,hand,11,1,0.4916378855705261,0.345357209444046,-0.011510057374835014
21,hand,12,1,0.49523982405662537,0.33787205815315247,-0.012776954099535942
21,hand,13,1,0.49989715218544006,0.3057515025138855,-0.00653825281187892
21,hand,14,1,0.4918447434902191,0.33633968234062195,-0.010257842019200325
21,hand,15,1,0.4977515637874603,0.34323790669441223,-0.008512848988175392
21,hand,16,1,0.5009332299232483,0.3357282876968384,-0.00736823258921504
21,hand,17,1,0.5075432062149048,0.3099400997161865,-0.009343803860247135
21,hand,18,1,0.5008381605148315,0.33411967754364014,-0.01091091614216566
21,hand,19,1,0.5044475197792053,0.33993062376976013,-0.009114738553762436
21,hand,20,1,0.5079417824745178,0.33412492275238037,-0.0076730623841285706
21,pose,0,-1,0.45189759135246277,0.16002540290355682,-0.22905611991882324
21,pose,1,-1,0.4615785479545593,0.13364006578922272,-0.19816695153713226
21,pose,2,-1,0.46678826212882996,0.13408474624156952,-0.19819584488868713
21,pose,3,-1,0.47205105423927307,0.13477082550525665,-0.19812509417533875
21,pose,4,-1,0.44356289505958557,0.13247807323932648,-0.19666150212287903
21,pose,5,-1,0.4368119537830353,0.13231228291988373,-0.19682732224464417
21,pose,6,-1,0.4310094714164734,0.13238130509853363,-0.1968827098608017
21,pose,7,-1,0.4803214371204376,0.14908145368099213,-0.03976697847247124
21,pose,8,-1,0.4227041006088257,0.147934228181839,-0.029321569949388504
21,pose,9,-1,0.4622952342033386,0.19471384584903717,-0.1736520677804947
21,pose,10,-1,0.44050273299217224,0.19405193626880646,-0.17206984758377075
21,pose,11,-1,0.5264368653297424,0.3137500286102295,0.03179959952831268
21,pose,12,-1,0.3801964223384857,0.31492918729782104,0.04186960309743881
21,pose,13,-1,0.6240031123161316,0.44786345958709717,-0.14579591155052185
21,pose,14,-1,0.3016096353530884,0.4377232789993286,-0.13004779815673828
21,pose,15,-1,0.5360580682754517,0.34324148297309875,-0.3686262369155884
21,pose,16,-1,0.3351300358772278,0.24062415957450867,-0.3458525240421295
21,pose,17,-1,0.516892671585083,0.33501115441322327,-0.4212975800037384
21,pose,18,-1,0.34836065769195557,0.19335529208183289,-0.39817747473716736
21,pose,19,-1,0.504693329334259,0.3254511058330536,-0.37966033816337585
21,pose,20,-1,0.3568916320800781,0.18953168392181396,-0.35769620537757874
21,pose,21,-1,0.5062622427940369,0.3281566798686981,-0.35909536480903625
21,pose,22,-1,0.35709625482559204,0.2067471593618393,-0.33914095163345337
21,pose,23,-1,0.5017503499984741,0.7192052602767944,0.006819619331508875
21,pose,24,-1,0.4165678918361664,0.7260059118270874,-0.006131318863481283
21,pose,25,-1,0.5038048624992371,1.0006886720657349,-0.031561776995658875
21,pose,26,-1,0.4309673607349396,1.0187207460403442,-0.04715399444103241
21,pose,27,-1,0.5237463712692261,1.3080374002456665,0.24117764830589294
21,pose,28,-1,0.44612449407577515,1.3080707788467407,0.1667257398366928
21,pose,29,-1,0.5305283069610596,1.344519019126892,0.26231858134269714
21,pose,30,-1,0.4454243779182434,1.3405187129974365,0.1832103133201599
21,pose,31,-1,0.5139527916908264,1.3946162462234497,0.12405100464820862
21,pose,32,-1,0.4619196951389313,1.394665241241455,0.026832669973373413
22,hand,0,0,0.3538873791694641,0.22753329575061798,-5.534311497967792e-08
22,hand,1,0,0.3710842430591583,0.2267819344997406,-0.0028391778469085693
22,hand,2,0,0.38743898272514343,0.21694786846637726,-0.004284966737031937
22,hand,3,0,0.4007641077041626,0.21586304903030396,-0.006609987001866102
22,hand,4,0,0.41022446751594543,0.2198532372713089,-0.00799294002354145
22,hand,5,0,0.3866860568523407,0.1831587553024292,0.004082371946424246
22,hand,6,0,0.3920728862285614,0.1816963255405426,-0.0012280343798920512
22,hand,7,0,0.3846856355667114,0.19708049297332764,-0.0049432627856731415
22,hand,8,0,0.3812257945537567,0.20102325081825256,-0.0068651242181658745
22,hand,9,0,0.38086119294166565,0.17475441098213196,0.0030165486969053745
22,hand,10,0,0.38531988859176636,0.1745823621749878,-0.0017048376612365246
22,hand,11,0,0.37826475501060486,0.19098253548145294,-0.0029843624215573072
22,hand,12,0,0.3757757246494293,0.19430209696292877,-0.002663510153070092
22,hand,13,0,0.37377262115478516,0.16894498467445374,0.0006006130133755505
22,hand,14,0,0.37784141302108765,0.16817191243171692,-0.003269702661782503
22,hand,15,0,0.3726797103881836,0.1834242194890976,-0.0008565803291276097
22,hand,16,0,0.3703104853630066,0.18751905858516693,0.0019022133201360703
22,hand,17,0,0.36573150753974915,0.16454756259918213,-0.0024360402021557093
22,hand,18,0,0.3701438903808594,0.16377447545528412,-0.0030624852515757084
22,hand,19,0,0.36709821224212646,0.17494764924049377,0.00021630985429510474
22,hand,20,0,0.3650280237197876,0.17872215807437897,0.003388468874618411
22,hand,0,1,0.5292384624481201,0.334985613822937,-7.073279562064272e-08
22,hand,1,1,0.5089008212089539,0.3439592719078064,-0.0028998672496527433
22,hand,2,1,0.4927947223186493,0.3495801091194153,-0.0070228432305157185
22,hand,3,1,0.4828996956348419,0.3620736300945282,-0.011532370932400227
22,hand,4,1,0.47758880257606506,0.376615047454834,-0.015282298438251019
22,hand,5,1,0.4910726845264435,0.2971435785293579,-0.001902340678498149
22,hand,6,1,0.4815368354320526,0.32072699069976807,-0.007802324369549751
22,hand,7,1,0.490023672580719,0.326381653547287,-0.013020911253988743
22,hand,8,1,0.494246244430542,0.3197392225265503,-0.01678924448788166
22,hand,9,1,0.4966314733028412,0.2894291281700134,-0.0036804063711315393
22,hand,10,1,0.48890092968940735,0.32028812170028687,-0.00858298223465681
22,hand,11,1,0.49608123302459717,0.32424241304397583,-0.010657998733222485
22,hand,12,1,0.4994279742240906,0.31491586565971375,-0.012281225994229317
22,hand,13,1,0.50456303358078,0.2890591323375702,-0.00624013552442193
22,hand,14,1,0.49648842215538025,0.31836751103401184,-0.009550271555781364
22,hand,15,1,0.5018641352653503,0.3237875998020172,-0.007959106005728245
22,hand,16,1,0.5049080848693848,0.31537336111068726,-0.007152274716645479
22,hand,17,1,0.512145459651947,0.29437801241874695,-0.00945556815713644
22,hand,18,1,0.5059097409248352,0.31872838735580444,-0.011191869154572487
22,hand,19,1,0.5097479820251465,0.3239170014858246,-0.009671652689576149
22,hand,20,1,0.5135429501533508,0.31704339385032654,-0.00846914853900671
22,pose,0,-1,0.45159924030303955,0.16134610772132874,-0.23302268981933594
22,pose,1,-1,0.4612533748149872,0.1354825645685196,-0.20407229661941528
22,pose,2,-1,0.4661923348903656,0.13623203337192535,-0.20410753786563873
22,pose,3,-1,0.4712516963481903,0.13683128356933594,-0.20404401421546936
22,pose,4,-1,0.4432954490184784,0.13328348100185394,-0.20330066978931427
22,pose,5,-1,0.4366109073162079,0.13282625377178192,-0.2034578174352646
22,pose,6,-1,0.4308125674724579,0.13284315168857574,-0.2035076767206192
22,pose,7,-1,0.4796380400657654,0.15061794221401215,-0.04513254389166832
22,pose,8,-1,0.42241770029067993,0.14997972548007965,-0.03779895231127739
22,pose,9,-1,0.46207937598228455,0.19653035700321198,-0.17705535888671875
22,pose,10,-1,0.4402852952480316,0.19526642560958862,-0.17726244032382965
22,pose,11,-1,0.5254544615745544,0.31518012285232544,0.028220554813742638
22,pose,12,-1,0.3803553879261017,0.31501835584640503,0.034184373915195465
22,pose,13,-1,0.625160813331604,0.4454909861087799,-0.1434827446937561
22,pose,14,-1,0.2991803288459778,0.43645501136779785,-0.1350695639848709
22,pose,15,-1,0.5378797054290771,0.3311155438423157,-0.3618546724319458
22,pose,16,-1,0.3411087691783905,0.250101774930954,-0.34167391061782837
22,pose,17,-1,0.5199984908103943,0.31867387890815735,-0.41925105452537537
22,pose,18,-1,0.3577808141708374,0.20595058798789978,-0.39333051443099976
22,pose,19,-1,0.5076720714569092,0.31411388516426086,-0.3680316209793091
22,pose,20,-1,0.367337703704834,0.2025497853755951,-0.3540728688240051
22,pose,21,-1,0.5087171196937561,0.31882357597351074,-0.35616782307624817
22,pose,22,-1,0.366311639547348,0.21880973875522614,-0.3345704972743988
22,pose,23,-1,0.5016103386878967,0.7189755439758301,0.00746289873495698
22,pose,24,-1,0.4164341986179352,0.7260680198669434,-0.006759642157703638
22,pose,25,-1,0.503662645816803,0.9987090229988098,-0.03176825866103172
22,pose,26,-1,0.43063464760780334,1.0170905590057373,-0.049932610243558884
22,pose,27,-1,0.5229042768478394,1.3068821430206299,0.24557895958423615
22,pose,28,-1,0.44605663418769836,1.3082327842712402,0.16226612031459808
22,pose,29,-1,0.5292695164680481,1.3432457447052002,0.26759466528892517
22,pose,30,-1,0.4455427825450897,1.340908408164978,0.17841452360153198
22,pose,31,-1,0.5137999057769775,1.393886685371399,0.13057494163513184
22,pose,32,-1,0.4614647924900055,1.3943225145339966,0.016667993739247322
23,hand,0,0,0.3612763583660126,0.23871895670890808,-7.434248772142382e-08
23,hand,1,0,0.37639981508255005,0.24121324717998505,-0.0028171062003821135
23,hand,2,0,0.3913719356060028,0.23743808269500732,-0.004389796406030655
23,hand,3,0,0.40088942646980286,0.23450514674186707,-0.006796174682676792
23,hand,4,0,0.40714728832244873,0.23459839820861816,-0.008253870531916618
23,hand,5,0,0.3945251703262329,0.20572060346603394,0.003519923659041524
23,hand,6,0,0.3998960554599762,0.20259729027748108,-0.0020202184095978737
23,hand,7,0,0.393135666847229,0.21498660743236542,-0.005656769964843988
23,hand,8,0,0.3902297914028168,0.21842975914478302,-0.007426518946886063
23,hand,9,0,0.3896905481815338,0.1966431587934494,0.002289224648848176
23,hand,10,0,0.39510002732276917,0.1940021514892578,-0.0032082931138575077
23,hand,11,0,0.387975811958313,0.2083168625831604,-0.005025765392929316
23,hand,12,0,0.3851296305656433,0.21179918944835663,-0.004855010192841291
23,hand,13,0,0.3837866485118866,0.18936483561992645,-0.0001863969227997586
23,hand,14,0,0.38831406831741333,0.18666301667690277,-0.0048254081048071384
23,hand,15,0,0.3828018009662628,0.20044945180416107,-0.0029917596839368343
23,hand,16,0,0.3800404965877533,0.20423120260238647,-0.00044044567039236426
23,hand,17,0,0.3765750825405121,0.18315303325653076,-0.0031753203365951777
23,hand,18,0,0.3810547888278961,0.18141481280326843,-0.004508521407842636
23,hand,19,0,0.3778861165046692,0.19191761314868927,-0.001596112735569477
23,hand,20,0,0.3758069574832916,0.1955840140581131,0.0013871433911845088
23,hand,0,1,0.5311654806137085,0.31346988677978516,-4.732105551852328e-08
23,hand,1,1,0.511676549911499,0.3199503719806671,-0.003414980135858059
23,hand,2,1,0.49573710560798645,0.32492437958717346,-0.007346717175096273
23,hand,3,1,0.48619723320007324,0.3362230956554413,-0.011996889486908913
23,hand,4,1,0.48020997643470764,0.34999507665634155,-0.016309011727571487
23,hand,5,1,0.4975920021533966,0.27677807211875916,-0.0034020585007965565
23,hand,6,1,0.48801565170288086,0.289870023727417,-0.010683441534638405
23,hand,7,1,0.49334651231765747,0.29447197914123535,-0.01605984754860401
23,hand,8,1,0.4976532757282257,0.290362685918808,-0.019470801576972008
23,hand,9,1,0.5042209625244141,0.27027684450149536,-0.005527878180146217
23,hand,10,1,0.49652108550071716,0.2895469069480896,-0.01279424037784338
23,hand,11,1,0.5013035535812378,0.2949790954589844,-0.015754984691739082
23,hand,12,1,0.5051026940345764,0.2886669635772705,-0.017214534804224968
23,hand,13,1,0.5124451518058777,0.27067866921424866,-0.008606299757957458
23,hand,14,1,0.5058379173278809,0.29050537943840027,-0.014855281449854374
23,hand,15,1,0.5102527141571045,0.2952144742012024,-0.014302195981144905
23,hand,16,1,0.5140174627304077,0.2873327434062958,-0.01331084594130516
23,hand,17,1,0.5204816460609436,0.27655795216560364,-0.012188955210149288
23,hand,18,1,0.5167287588119507,0.29330405592918396,-0.016315210610628128
23,hand,19,1,0.5202857851982117,0.29622209072113037,-0.015603747218847275
23,hand,20,1,0.5241265296936035,0.2886258363723755,-0.014505801722407341
23,pose,0,-1,0.4512195587158203,0.16158820688724518,-0.22495025396347046
23,pose,1,-1,0.46098193526268005,0.1356857568025589,-0.19039957225322723
23,pose,2,-1,0.4657385051250458,0.13661469519138336,-0.19038935005664825
23,pose,3,-1,0.4707881808280945,0.13739754259586334,-0.19030281901359558
23,pose,4,-1,0.44309043884277344,0.13327716290950775,-0.19046443700790405
23,pose,5,-1,0.4364999532699585,0.13280117511749268,-0.19067637622356415
23,pose,6,-1,0.4307651221752167,0.13281874358654022,-0.1907409131526947
23,pose,7,-1,0.47947946190834045,0.15120187401771545,-0.028669707477092743
23,pose,8,-1,0.42238473892211914,0.15010319650173187,-0.027468781918287277
23,pose,9,-1,0.4619959890842438,0.1972348988056183,-0.1698797196149826
23,pose,10,-1,0.4402240514755249,0.19533704221248627,-0.1705595701932907
23,pose,11,-1,0.5242531299591064,0.3170135021209717,0.036941904574632645
23,pose,12,-1,0.3807603120803833,0.3146260976791382,0.03085392713546753
23,pose,13,-1,0.6261188387870789,0.4409902095794678,-0.13831810653209686
23,pose,14,-1,0.2991794943809509,0.43808674812316895,-0.14593924582004547
23,pose,15,-1,0.5389811992645264,0.3083277940750122,-0.3438955247402191
23,pose,16,-1,0.3506198823451996,0.2578507661819458,-0.3384494185447693
23,pose,17,-1,0.5216484665870667,0.28470534086227417,-0.393233984708786
23,pose,18,-1,0.36715200543403625,0.21813246607780457,-0.3896762728691101
23,pose,19,-1,0.5100653171539307,0.2828137278556824,-0.3460243046283722
23,pose,20,-1,0.37697023153305054,0.21552784740924835,-0.3490552008152008
23,pose,21,-1,0.5109536647796631,0.2937941551208496,-0.3316040337085724
23,pose,22,-1,0.37538936734199524,0.22962413728237152,-0.33233287930488586
23,pose,23,-1,0.5012754201889038,0.7189878225326538,0.009319900535047054
23,pose,24,-1,0.4159891903400421,0.7261516451835632,-0.008661928586661816
23,pose,25,-1,0.5033895969390869,0.9987372756004333,-0.021419372409582138
23,pose,26,-1,0.43006250262260437,1.0171676874160767,-0.048153020441532135
23,pose,27,-1,0.5228912830352783,1.3065707683563232,0.24722371995449066
23,pose,28,-1,0.44608941674232483,1.3074488639831543,0.1642700582742691
23,pose,29,-1,0.5291287899017334,1.3426910638809204,0.2686021029949188
23,pose,30,-1,0.445652574300766,1.3399757146835327,0.18059924244880676
23,pose,31,-1,0.5136025547981262,1.3928824663162231,0.13329826295375824
23,pose,32,-1,0.4612261652946472,1.3942011594772339,0.027521828189492226
24,hand,0,0,0.3684845566749573,0.25964587926864624,-5.44283906833698e-08
24,hand,1,0,0.3832782506942749,0.26102080941200256,-0.002037515863776207
24,hand,2,0,0.3964991271495819,0.25341442227363586,-0.00280027836561203
24,hand,3,0,0.4046403169631958,0.2444062978029251,-0.004375669173896313
24,hand,4,0,0.4106330871582031,0.2366538792848587,-0.0051891617476940155
24,hand,5,0,0.4023319482803345,0.22708407044410706,0.004313328303396702
24,hand,6,0,0.4080834686756134,0.2281211018562317,-0.0010900857159867883
24,hand,7,0,0.4042316973209381,0.24067173898220062,-0.005471301265060902
24,hand,8,0,0.4020536541938782,0.24722258746623993,-0.0076850359328091145
24,hand,9,0,0.3984038233757019,0.21903829276561737,0.003114166436716914
24,hand,10,0,0.40362730622291565,0.22211505472660065,-0.0017927777953445911
24,hand,11,0,0.3986411392688751,0.23598834872245789,-0.0041345409117639065
24,hand,12,0,0.395846426486969,0.242435485124588,-0.0044930800795555115
24,hand,13,0,0.3928949236869812,0.21187902987003326,0.0007086279219947755
24,hand,14,0,0.3979179859161377,0.214946910738945,-0.003811007598415017
24,hand,15,0,0.3937191069126129,0.22781307995319366,-0.0027729892171919346
24,hand,16,0,0.3905937671661377,0.23409508168697357,-0.0007050287676975131
24,hand,17,0,0.3857518434524536,0.20606191456317902,-0.002151838270947337
24,hand,18,0,0.3910263478755951,0.20907893776893616,-0.004368391819298267
24,hand,19,0,0.3886953592300415,0.22010520100593567,-0.0024137282744050026
24,hand,20,0,0.3864063024520874,0.22526726126670837,8.812925807433203e-05
24,pose,0,-1,0.45118990540504456,0.1619548350572586,-0.23016370832920074
24,pose,1,-1,0.46093618869781494,0.13602644205093384,-0.19552503526210785
24,pose,2,-1,0.4655609428882599,0.13716882467269897,-0.1954989731311798
24,pose,3,-1,0.47069141268730164,0.1381320208311081,-0.195400670170784
24,pose,4,-1,0.4430541694164276,0.13330604135990143,-0.19611112773418427
24,pose,5,-1,0.4364854097366333,0.13281172513961792,-0.19632010161876678
24,pose,6,-1,0.4307473301887512,0.13285093009471893,-0.19637542963027954
24,pose,7,-1,0.4794742166996002,0.1521773785352707,-0.030913541093468666
24,pose,8,-1,0.4223402440547943,0.1504710465669632,-0.03371799737215042
24,pose,9,-1,0.4620112478733063,0.19795729219913483,-0.17464950680732727
24,pose,10,-1,0.4402514696121216,0.19587330520153046,-0.1751713901758194
24,pose,11,-1,0.5230969190597534,0.316916286945343,0.036610979586839676
24,pose,12,-1,0.3811905086040497,0.3143763840198517,0.018122786656022072
24,pose,13,-1,0.6244462728500366,0.43529754877090454,-0.14174965023994446
24,pose,14,-1,0.29751506447792053,0.4410053789615631,-0.17031031847000122
24,pose,15,-1,0.5419711470603943,0.2877332270145416,-0.34426847100257874
24,pose,16,-1,0.3573063611984253,0.2687666118144989,-0.3508667051792145
24,pose,17,-1,0.5227077007293701,0.2590210735797882,-0.3936002552509308
24,pose,18,-1,0.3745446503162384,0.2328205704689026,-0.400054395198822
24,pose,19,-1,0.511568546295166,0.258976548910141,-0.3506171405315399
24,pose,20,-1,0.3850848972797394,0.23196552693843842,-0.351730078458786
24,pose,21,-1,0.5132856965065002,0.2706467807292938,-0.3322821855545044
24,pose,22,-1,0.38280877470970154,0.24519218504428864,-0.3395766019821167
24,pose,23,-1,0.5012856125831604,0.7190386652946472,0.01500768307596445
24,pose,24,-1,0.41595566272735596,0.7262342572212219,-0.014267334714531898
24,pose,25,-1,0.5035685896873474,0.9987945556640625,-0.020382320508360863
24,pose,26,-1,0.42995622754096985,1.017356038093567,-0.04633244499564171
24,pose,27,-1,0.5228946805000305,1.3062679767608643,0.24327196180820465
24,pose,28,-1,0.44590187072753906,1.3069612979888916,0.1458396464586258
24,pose,29,-1,0.5290246605873108,1.3418622016906738,0.2629212737083435
24,pose,30,-1,0.4450919032096863,1.3395013809204102,0.15920233726501465
24,pose,31,-1,0.5136507749557495,1.3919696807861328,0.12281901389360428
24,pose,32,-1,0.4612125754356384,1.3937931060791016,-0.0043473499827086926
25,hand,0,0,0.5440863370895386,0.2625044584274292,-1.3357627892673918e-07
25,hand,1,0,0.5257005095481873,0.2644396722316742,-0.002409330802038312
25,hand,2,0,0.508552610874176,0.2639753222465515,-0.005826927721500397
25,hand,3,0,0.4964534640312195,0.2700764536857605,-0.010201781988143921
25,hand,4,0,0.4889501631259918,0.28025203943252563,-0.014087313786149025
25,hand,5,0,0.5105319023132324,0.22406795620918274,-0.0007690128404647112
25,hand,6,0,0.5007098913192749,0.22092615067958832,-0.0067635406740009785
25,hand,7,0,0.5052692294120789,0.23297491669654846,-0.01072396244853735
25,hand,8,0,0.5092020630836487,0.23641160130500793,-0.013174238614737988
25,hand,9,0,0.5168558955192566,0.2151482105255127,-0.002900459570810199
25,hand,10,0,0.5085484981536865,0.2209339439868927,-0.008855637162923813
25,hand,11,0,0.5143887400627136,0.2347802221775055,-0.01004291046410799
25,hand,12,0,0.5184163451194763,0.23280078172683716,-0.010376883670687675
25,hand,13,0,0.524679958820343,0.2095821648836136,-0.005996011197566986
25,hand,14,0,0.5166431665420532,0.21614915132522583,-0.0106055224314332
25,hand,15,0,0.5216721892356873,0.23139016330242157,-0.007763344794511795
25,hand,16,0,0.525251030921936,0.2303149551153183,-0.005565044470131397
25,hand,17,0,0.533172070980072,0.20667234063148499,-0.009647633880376816
25,hand,18,0,0.5264934301376343,0.21380013227462769,-0.01080622524023056
25,hand,19,0,0.5288886427879333,0.2280762642621994,-0.007573464419692755
25,hand,20,0,0.5317697525024414,0.22848309576511383,-0.00521072605624795
25,hand,0,1,0.3753371238708496,0.2857320010662079,-8.827373676467687e-08
25,hand,1,1,0.39368191361427307,0.29483339190483093,-0.003145696362480521
25,hand,2,1,0.4115065634250641,0.2976149022579193,-0.006650195457041264
25,hand,3,1,0.42382436990737915,0.3092016577720642,-0.011331213638186455
25,hand,4,1,0.43068957328796387,0.32615235447883606,-0.015632258728146553
25,hand,5,1,0.41353827714920044,0.25622624158859253,-0.0002484587312210351
25,hand,6,1,0.4221915900707245,0.25684136152267456,-0.006381123326718807
25,hand,7,1,0.4191109240055084,0.2694903612136841,-0.01157496776431799
25,hand,8,1,0.4158279597759247,0.27678224444389343,-0.014857009053230286
25,hand,9,1,0.4082401394844055,0.24740241467952728,-0.002220580819994211
25,hand,10,1,0.41693398356437683,0.25453805923461914,-0.00705356290563941
25,hand,11,1,0.4122966229915619,0.26848822832107544,-0.00966409407556057
25,hand,12,1,0.40801119804382324,0.2732469439506531,-0.01122205425053835
25,hand,13,1,0.4015824794769287,0.24159236252307892,-0.005159357096999884
25,hand,14,1,0.40977805852890015,0.2520415186882019,-0.009029209613800049
25,hand,15,1,0.4056433439254761,0.2649640738964081,-0.008447572588920593
25,hand,16,1,0.40119320154190063,0.26893672347068787,-0.007582358084619045
25,hand,17,1,0.39440950751304626,0.2377551645040512,-0.00882942695170641
25,hand,18,1,0.40186911821365356,0.2477245181798935,-0.009678693488240242
25,hand,19,1,0.39987143874168396,0.25834381580352783,-0.007471663411706686
25,hand,20,1,0.3969016373157501,0.2618381083011627,-0.005762975197285414
25,hand,0,2,0.37159478664398193,0.28168123960494995,-2.487327899203251e-09
25,hand,1,2,0.3837848901748657,0.285023033618927,-0.0002464484714437276
25,hand,2,2,0.3948167860507965,0.2820989787578583,-0.0009936295682564378
25,hand,3,2,0.4022751450538635,0.27818021178245544,-0.0030593310948461294
25,hand,4,2,0.40879738330841064,0.27435433864593506,-0.004618907812982798
25,hand,5,2,0.40073922276496887,0.24800339341163635,0.005228744354099035
25,hand,6,2,0.4090598523616791,0.25056636333465576,0.0004604680580087006
25,hand,7,2,0.411487340927124,0.26483243703842163,-0.004063963424414396
25,hand,8,2,0.4123167395591736,0.2753699719905853,-0.006635964848101139
25,hand,9,2,0.39913976192474365,0.24213793873786926,0.003000564407557249
25,hand,10,2,0.40802592039108276,0.2472066879272461,-0.0009933160617947578
25,hand,11,2,0.41042444109916687,0.26218557357788086,-0.00400870805606246
25,hand,12,2,0.4112789034843445,0.27304789423942566,-0.005549515597522259
25,hand,13,2,0.39641737937927246,0.23790886998176575,-0.00021487493359018117
25,hand,14,2,0.4056471288204193,0.24500291049480438,-0.004514507949352264
25,hand,15,2,0.4077558219432831,0.26026520133018494,-0.005382457282394171
25,hand,16,2,0.40812426805496216,0.27146193385124207,-0.004986061714589596
25,hand,17,2,0.39260333776474,0.23651723563671112,-0.0037284272257238626
25,hand,18,2,0.4021192193031311,0.24374477565288544,-0.00669171242043376
25,hand,19,2,0.40500032901763916,0.25686243176460266,-0.006463330704718828
25,hand,20,2,0.4060452878475189,0.26706528663635254,-0.005465497262775898
25,pose,0,-1,0.4511854350566864,0.16196894645690918,-0.23138359189033508
25,pose,1,-1,0.46092966198921204,0.13604219257831573,-0.1989157497882843
25,pose,2,-1,0.4654446244239807,0.13719309866428375,-0.19889789819717407
25,pose,3,-1,0.4706650674343109,0.13817763328552246,-0.1988052874803543
25,pose,4,-1,0.4430367052555084,0.13330692052841187,-0.19930090010166168
25,pose,5,-1,0.43648064136505127,0.1328241378068924,-0.1994955688714981
25,pose,6,-1,0.4307483434677124,0.13289013504981995,-0.19955237209796906
25,pose,7,-1,0.47943541407585144,0.15249040722846985,-0.03282085806131363
25,pose,8,-1,0.4223290681838989,0.15054552257061005,-0.03724168613553047
25,pose,9,-1,0.462057888507843,0.19802820682525635,-0.1765119433403015
25,pose,10,-1,0.4403238296508789,0.19606275856494904,-0.1766604632139206
25,pose,11,-1,0.5227216482162476,0.31656935811042786,0.0354008749127388
25,pose,12,-1,0.381648451089859,0.31443485617637634,0.004957611672580242
25,pose,13,-1,0.623930037021637,0.42700135707855225,-0.14332780241966248
25,pose,14,-1,0.29585468769073486,0.444987952709198,-0.18530313670635223
25,pose,15,-1,0.549791693687439,0.2739916741847992,-0.3435762822628021
25,pose,16,-1,0.3669505715370178,0.2857344150543213,-0.35370656847953796
25,pose,17,-1,0.5314285755157471,0.2383688986301422,-0.39127790927886963
25,pose,18,-1,0.3824082612991333,0.2540161907672882,-0.4003910720348358
25,pose,19,-1,0.5208243131637573,0.2382058948278427,-0.34839490056037903
25,pose,20,-1,0.3930445611476898,0.2542027235031128,-0.3519517779350281
25,pose,21,-1,0.5211623907089233,0.2511560916900635,-0.3313830494880676
25,pose,22,-1,0.39131462574005127,0.2670179009437561,-0.3406037986278534
25,pose,23,-1,0.5012528896331787,0.7193088531494141,0.01708827167749405
25,pose,24,-1,0.4157441556453705,0.7263022661209106,-0.01626090705394745
25,pose,25,-1,0.5035690069198608,0.9988893866539001,-0.021759238094091415
25,pose,26,-1,0.42992815375328064,1.0174282789230347,-0.03177956864237785
25,pose,27,-1,0.5231772065162659,1.3055721521377563,0.23382912576198578
25,pose,28,-1,0.4462292790412903,1.3054213523864746,0.14939947426319122
25,pose,29,-1,0.5291873812675476,1.3411650657653809,0.25241944193840027
25,pose,30,-1,0.4452652335166931,1.3390703201293945,0.16905918717384338
25,pose,31,-1,0.5139052867889404,1.3917903900146484,0.10924594849348068
25,pose,32,-1,0.4621957838535309,1.389838457107544,0.01717224530875683
26,hand,0,0,0.5445696115493774,0.24680742621421814,-1.0121924987060993e-07
26,hand,1,0,0.5280943512916565,0.24748185276985168,-0.003778228536248207
26,hand,2,0,0.5109284520149231,0.24495384097099304,-0.006787724327296019
26,hand,3,0,0.4980925917625427,0.24904413521289825,-0.010388333350419998
26,hand,4,0,0.49022307991981506,0.2589791715145111,-0.01298611517995596
26,hand,5,0,0.5123860836029053,0.20634658634662628,0.0008461856632493436
26,hand,6,0,0.5045048594474792,0.20740237832069397,-0.0050703915767371655
26,hand,7,0,0.5108000040054321,0.21877209842205048,-0.00847285520285368
26,hand,8,0,0.5135490894317627,0.21732741594314575,-0.0104666193947196
26,hand,9,0,0.5188345909118652,0.19847366213798523,-0.0005748176481574774
26,hand,10,0,0.5123150944709778,0.20295345783233643,-0.006836983375251293
26,hand,11,0,0.5188705921173096,0.2170889675617218,-0.007856861688196659
26,hand,12,0,0.5209112167358398,0.21322759985923767,-0.007469459902495146
26,hand,13,0,0.5268955230712891,0.19345906376838684,-0.0033080189023166895
26,hand,14,0,0.5201459527015686,0.19693142175674438,-0.00866626761853695
26,hand,15,0,0.5251967906951904,0.2113679051399231,-0.005824130028486252
26,hand,16,0,0.5272828936576843,0.2080538123846054,-0.0029921827372163534
26,hand,17,0,0.5356140732765198,0.19059178233146667,-0.006664663087576628
26,hand,18,0,0.5302224159240723,0.19426044821739197,-0.008255301043391228
26,hand,19,0,0.5324962735176086,0.20600204169750214,-0.005265613552182913
26,hand,20,0,0.534673273563385,0.2042994201183319,-0.002718321280553937
26,hand,0,1,0.3719160556793213,0.30078864097595215,5.13345739250326e-08
26,hand,1,1,0.379964679479599,0.30795568227767944,-0.004133930895477533
26,hand,2,1,0.38937628269195557,0.30950310826301575,-0.008120960555970669
26,hand,3,1,0.39700794219970703,0.313299298286438,-0.012438847683370113
26,hand,4,1,0.4048748314380646,0.3191540539264679,-0.016498642042279243
26,hand,5,1,0.4023893177509308,0.27488571405410767,-0.003303995355963707
26,hand,6,1,0.412718802690506,0.2815503776073456,-0.010259903036057949
26,hand,7,1,0.4182263910770416,0.2951047420501709,-0.01625591516494751
26,hand,8,1,0.42132487893104553,0.3062676191329956,-0.01998548023402691
26,hand,9,1,0.4018428921699524,0.2686474025249481,-0.004373800475150347
26,hand,10,1,0.41371703147888184,0.27755874395370483,-0.010338570922613144
26,hand,11,1,0.41871750354766846,0.29307278990745544,-0.014277849346399307
26,hand,12,1,0.42099910974502563,0.30527380108833313,-0.01659168116748333
26,hand,13,1,0.3998052775859833,0.2666184604167938,-0.006272260099649429
26,hand,14,1,0.41086187958717346,0.2743942141532898,-0.01166103407740593
26,hand,15,1,0.41468435525894165,0.29010674357414246,-0.01305372267961502
26,hand,16,1,0.415912002325058,0.3029150068759918,-0.013208701275289059
26,hand,17,1,0.3961690068244934,0.26874154806137085,-0.008709920570254326
26,hand,18,1,0.40575093030929565,0.27643877267837524,-0.012709823437035084
26,hand,19,1,0.4099682867527008,0.28861021995544434,-0.01318288967013359
26,hand,20,1,0.41185271739959717,0.29930341243743896,-0.01279495656490326
26,pose,0,-1,0.4512649178504944,0.16244828701019287,-0.25128111243247986
26,pose,1,-1,0.4609324634075165,0.1366393268108368,-0.21545575559139252
26,pose,2,-1,0.46544039249420166,0.13778430223464966,-0.21541553735733032
26,pose,3,-1,0.47069692611694336,0.13873767852783203,-0.21533595025539398
26,pose,4,-1,0.4430207312107086,0.13381372392177582,-0.21719925105571747
26,pose,5,-1,0.436488538980484,0.13336347043514252,-0.21736496686935425
26,pose,6,-1,0.43075302243232727,0.1334550380706787,-0.21743075549602509
26,pose,7,-1,0.4793984293937683,0.153014674782753,-0.04133566841483116
26,pose,8,-1,0.4223931133747101,0.1511193960905075,-0.05148043856024742
26,pose,9,-1,0.4621219038963318,0.19843077659606934,-0.19268639385700226
26,pose,10,-1,0.44053035974502563,0.19687630236148834,-0.195468470454216
26,pose,11,-1,0.5226337909698486,0.3149064779281616,0.03403456509113312
26,pose,12,-1,0.38164740800857544,0.3168242871761322,0.0010590358870103955
26,pose,13,-1,0.6235949397087097,0.4211574196815491,-0.14477218687534332
26,pose,14,-1,0.29396572709083557,0.4478476643562317,-0.1784704476594925
26,pose,15,-1,0.5545940399169922,0.26086774468421936,-0.3470969796180725
26,pose,16,-1,0.37026605010032654,0.29827675223350525,-0.355928897857666
26,pose,17,-1,0.5359162092208862,0.22540462017059326,-0.3928835093975067
26,pose,18,-1,0.38930875062942505,0.26743176579475403,-0.40027984976768494
26,pose,19,-1,0.5267413258552551,0.22182905673980713,-0.35192519426345825
26,pose,20,-1,0.3998504877090454,0.25989577174186707,-0.35206907987594604
26,pose,21,-1,0.5268276333808899,0.2344696819782257,-0.33416223526000977
26,pose,22,-1,0.3972770869731903,0.2704656422138214,-0.3417966961860657
26,pose,23,-1,0.5011552572250366,0.7194870114326477,0.017040027305483818
26,pose,24,-1,0.4156937599182129,0.7266018390655518,-0.016239570453763008
26,pose,25,-1,0.5035615563392639,0.9992900490760803,-0.030260182917118073
26,pose,26,-1,0.42984655499458313,1.017488956451416,-0.033636730164289474
26,pose,27,-1,0.5231945514678955,1.3055013418197632,0.23162761330604553
26,pose,28,-1,0.44641393423080444,1.3052154779434204,0.1609898954629898
26,pose,29,-1,0.5291241407394409,1.3410909175872803,0.2509976625442505
26,pose,30,-1,0.44558170437812805,1.3390995264053345,0.17848441004753113
26,pose,31,-1,0.5139173865318298,1.3918652534484863,0.10559327900409698
26,pose,32,-1,0.46247854828834534,1.3895572423934937,0.016838904470205307
27,hand,0,0,0.5449201464653015,0.23574653267860413,-1.1088522455793282e-07
27,hand,1,0,0.5294638872146606,0.237143412232399,-0.0033766443375498056
27,hand,2,0,0.512051522731781,0.23358798027038574,-0.005993775092065334
27,hand,3,0,0.4994489550590515,0.235274076461792,-0.00908712949603796
27,hand,4,0,0.4918014407157898,0.24474722146987915,-0.011305117979645729
27,hand,5,0,0.5132061839103699,0.19732627272605896,-0.00040181231452152133
27,hand,6,0,0.50444495677948,0.19491326808929443,-0.006244496442377567
27,hand,7,0,0.5114859938621521,0.20901627838611603,-0.00910828448832035
27,hand,8,0,0.5157731175422668,0.21125081181526184,-0.01046967413276434
27,hand,9,0,0.5203731656074524,0.18908187747001648,-0.0016387481009587646
27,hand,10,0,0.5125517249107361,0.18905295431613922,-0.0078264269977808
27,hand,11,0,0.5196244120597839,0.20653283596038818,-0.00837708916515112
27,hand,12,0,0.5227177739143372,0.20667123794555664,-0.007463839836418629
27,hand,13,0,0.5285862684249878,0.1834351122379303,-0.003971796482801437
27,hand,14,0,0.5216966271400452,0.1832529604434967,-0.009675996378064156
27,hand,15,0,0.5270476341247559,0.1998918652534485,-0.006969580892473459
27,hand,16,0,0.5296804904937744,0.1994810700416565,-0.003911964595317841
27,hand,17,0,0.5372788310050964,0.17935405671596527,-0.006686636246740818
27,hand,18,0,0.5313230156898499,0.17733190953731537,-0.008442881517112255
27,hand,19,0,0.5336309671401978,0.19104573130607605,-0.005196678452193737
27,hand,20,0,0.5358186364173889,0.19251962006092072,-0.002304026624187827
27,hand,0,1,0.37724369764328003,0.3262284994125366,1.496473700512979e-08
27,hand,1,1,0.3881690204143524,0.3372504711151123,-0.0031383743043988943
27,hand,2,1,0.3993534743785858,0.34031257033348083,-0.0063058799132704735
27,hand,3,1,0.4069090187549591,0.3399985134601593,-0.009860427118837833
27,hand,4,1,0.41419726610183716,0.3422190546989441,-0.012972138822078705
27,hand,5,1,0.4174428880214691,0.3024837374687195,-0.0010321646695956588
27,hand,6,1,0.4216432273387909,0.3146106004714966,-0.00764805730432272
27,hand,7,1,0.4227890372276306,0.3295545279979706,-0.013705462217330933
27,hand,8,1,0.4236539602279663,0.34093859791755676,-0.01749281771481037
27,hand,9,1,0.4145433008670807,0.2936868965625763,-0.0025006141513586044
27,hand,10,1,0.4187673032283783,0.30960696935653687,-0.00782738532871008
27,hand,11,1,0.4197070002555847,0.3263177275657654,-0.011341081000864506
27,hand,12,1,0.4203222393989563,0.3381798267364502,-0.013389705680310726
27,hand,13,1,0.4087974727153778,0.28927597403526306,-0.00481678731739521
27,hand,14,1,0.41295525431632996,0.30532974004745483,-0.009708861820399761
27,hand,15,1,0.41368529200553894,0.3220841884613037,-0.010349517688155174
27,hand,16,1,0.41395533084869385,0.33383435010910034,-0.01010783202946186
27,hand,17,1,0.40102845430374146,0.2900576889514923,-0.007696500513702631
27,hand,18,1,0.4054826498031616,0.3049893081188202,-0.010913440957665443
27,hand,19,1,0.40608707070350647,0.3182394504547119,-0.010582289658486843
27,hand,20,1,0.4060579538345337,0.3274553418159485,-0.009615453891456127
27,pose,0,-1,0.45249906182289124,0.1633462905883789,-0.26615574955940247
27,pose,1,-1,0.4613393545150757,0.13729238510131836,-0.2294957935810089
27,pose,2,-1,0.46585872769355774,0.1383737027645111,-0.22945243120193481
27,pose,3,-1,0.4714404046535492,0.1392529457807541,-0.22938765585422516
27,pose,4,-1,0.44375187158584595,0.1345369815826416,-0.23455102741718292
27,pose,5,-1,0.4369860887527466,0.1340649425983429,-0.23466597497463226
27,pose,6,-1,0.4311233162879944,0.13413557410240173,-0.23475970327854156
27,pose,7,-1,0.47941458225250244,0.15324702858924866,-0.046271391212940216
27,pose,8,-1,0.42242303490638733,0.15167993307113647,-0.07177563011646271
27,pose,9,-1,0.46261394023895264,0.19883784651756287,-0.2028379887342453
27,pose,10,-1,0.44149863719940186,0.1975323110818863,-0.21022368967533112
27,pose,11,-1,0.5221852660179138,0.31231963634490967,0.034540917724370956
27,pose,12,-1,0.380450576543808,0.31781336665153503,-0.011977208778262138
27,pose,13,-1,0.6232775449752808,0.4126574695110321,-0.14243556559085846
27,pose,14,-1,0.2902810275554657,0.4495425820350647,-0.19250771403312683
27,pose,15,-1,0.5580162405967712,0.249550461769104,-0.3600958585739136
27,pose,16,-1,0.37150490283966064,0.31027236580848694,-0.37647417187690735
27,pose,17,-1,0.5399370193481445,0.2160174697637558,-0.4090394079685211
27,pose,18,-1,0.39401474595069885,0.2994355261325836,-0.4188587963581085
27,pose,19,-1,0.5311587452888489,0.21058577299118042,-0.36769819259643555
27,pose,20,-1,0.40614697337150574,0.2972932457923889,-0.3716944456100464
27,pose,21,-1,0.5311810374259949,0.22182531654834747,-0.3486679494380951
27,pose,22,-1,0.4035387933254242,0.30183079838752747,-0.3615625500679016
27,pose,23,-1,0.5010055899620056,0.7196002006530762,0.017669418826699257
27,pose,24,-1,0.41566312313079834,0.7269735336303711,-0.01681177131831646
27,pose,25,-1,0.5036729574203491,1.0001040697097778,-0.030271407216787338
27,pose,26,-1,0.4298791289329529,1.018339991569519,-0.039017755538225174
27,pose,27,-1,0.523044228553772,1.3052613735198975,0.23291419446468353
27,pose,28,-1,0.4463077485561371,1.3051263093948364,0.1564568728208542
27,pose,29,-1,0.5287360548973083,1.3408513069152832,0.2512570321559906
27,pose,30,-1,0.4454595148563385,1.3392847776412964,0.1718914657831192
27,pose,31,-1,0.513853907585144,1.3916406631469727,0.1127094179391861
27,pose,32,-1,0.4624538719654083,1.3893330097198486,0.0007407423690892756
28,hand,0,0,0.5432659983634949,0.23112960159778595,-1.1614280737148874e-07
28,hand,1,0,0.528312623500824,0.23279979825019836,-0.0032102123368531466
28,hand,2,0,0.5110698342323303,0.22799856960773468,-0.005806309636682272
28,hand,3,0,0.4984750747680664,0.23000265657901764,-0.009014209732413292
28,hand,4,0,0.4912946820259094,0.24083103239536285,-0.011383854784071445
28,hand,5,0,0.5124906897544861,0.19245406985282898,-0.00021787555306218565
28,hand,6,0,0.5036146640777588,0.18798382580280304,-0.006517588160932064
28,hand,7,0,0.5105600953102112,0.20335209369659424,-0.009888802655041218
28,hand,8,0,0.5160754323005676,0.2091636210680008,-0.011361028999090195
28,hand,9,0,0.519346296787262,0.1842292994260788,-0.0015487995697185397
28,hand,10,0,0.51180499792099,0.18287226557731628,-0.008156000636518002
28,hand,11,0,0.5189342498779297,0.20141954720020294,-0.009081759490072727
28,hand,12,0,0.5227305889129639,0.2035408765077591,-0.008205177262425423
28,hand,13,0,0.5271540880203247,0.17788821458816528,-0.004014615900814533
28,hand,14,0,0.5202089548110962,0.1776876151561737,-0.009513172321021557
28,hand,15,0,0.5257537364959717,0.19394980370998383,-0.00707029877230525
28,hand,16,0,0.5289732813835144,0.19417457282543182,-0.004116524010896683
28,hand,17,0,0.5356192588806152,0.17294514179229736,-0.006919469218701124
28,hand,18,0,0.5291903018951416,0.17081448435783386,-0.008308709599077702
28,hand,19,0,0.531451404094696,0.18355637788772583,-0.005149492993950844
28,hand,20,0,0.5339996218681335,0.18501417338848114,-0.0023230980150401592
28,hand,0,1,0.3794502913951874,0.3465210795402527,-8.654576788558188e-08
28,hand,1,1,0.3923322260379791,0.3626472055912018,-0.002970182104036212
28,hand,2,1,0.40393245220184326,0.36997777223587036,-0.005932528525590897
28,hand,3,1,0.41219478845596313,0.37255215644836426,-0.009418638423085213
28,hand,4,1,0.4194223880767822,0.3750021457672119,-0.01189032755792141
28,hand,5,1,0.42411646246910095,0.33074620366096497,-0.0005294909351505339
28,hand,6,1,0.4276488423347473,0.3597550690174103,-0.007295440416783094
28,hand,7,1,0.4182206988334656,0.3651029169559479,-0.012038868851959705
28,hand,8,1,0.41316160559654236,0.36187586188316345,-0.014743869192898273
28,hand,9,1,0.42028921842575073,0.32014521956443787,-0.002323927590623498
28,hand,10,1,0.42296040058135986,0.3546726703643799,-0.007757341489195824
28,hand,11,1,0.41351258754730225,0.360086053609848,-0.009079479612410069
28,hand,12,1,0.4091729521751404,0.3582632839679718,-0.0092784957960248
28,hand,13,1,0.4135991036891937,0.31355005502700806,-0.005162141285836697
28,hand,14,1,0.4153722822666168,0.34832435846328735,-0.00997583381831646
28,hand,15,1,0.4075029492378235,0.35420462489128113,-0.008723870851099491
28,hand,16,1,0.4034690856933594,0.35276177525520325,-0.007036395836621523
28,hand,17,1,0.40488484501838684,0.3112647533416748,-0.008607519790530205
28,hand,18,1,0.40809303522109985,0.33857500553131104,-0.011033299379050732
28,hand,19,1,0.40227434039115906,0.34493377804756165,-0.009371035732328892
28,hand,20,1,0.39829277992248535,0.3439190089702606,-0.007418815512210131
28,pose,0,-1,0.4534437954425812,0.16371335089206696,-0.267214834690094
28,pose,1,-1,0.46168339252471924,0.13778318464756012,-0.22983700037002563
28,pose,2,-1,0.46625038981437683,0.1388794332742691,-0.22979339957237244
28,pose,3,-1,0.47198936343193054,0.13975957036018372,-0.22972546517848969
28,pose,4,-1,0.4443976581096649,0.13499054312705994,-0.23582133650779724
28,pose,5,-1,0.43742555379867554,0.1344882994890213,-0.23595063388347626
28,pose,6,-1,0.4314865469932556,0.13455770909786224,-0.23604366183280945
28,pose,7,-1,0.4794102609157562,0.1535513699054718,-0.046036962419748306
28,pose,8,-1,0.4224439859390259,0.15183395147323608,-0.07433538138866425
28,pose,9,-1,0.4629215598106384,0.19899685680866241,-0.20286805927753448
28,pose,10,-1,0.4419538080692291,0.19779512286186218,-0.2115349918603897
28,pose,11,-1,0.5207858681678772,0.31090375781059265,0.04143200442194939
28,pose,12,-1,0.37939023971557617,0.31800663471221924,-0.014657778665423393
28,pose,13,-1,0.6231587529182434,0.40549468994140625,-0.12796719372272491
28,pose,14,-1,0.2900010347366333,0.45044511556625366,-0.1942703276872635
28,pose,15,-1,0.5587416291236877,0.24241282045841217,-0.3560432493686676
28,pose,16,-1,0.373147577047348,0.32655951380729675,-0.38495221734046936
28,pose,17,-1,0.5401998162269592,0.2101932317018509,-0.40521958470344543
28,pose,18,-1,0.39553871750831604,0.3237703740596771,-0.4291059672832489
28,pose,19,-1,0.5317533612251282,0.20540288090705872,-0.36310750246047974
28,pose,20,-1,0.4078718423843384,0.3201819360256195,-0.38561880588531494
28,pose,21,-1,0.5319876670837402,0.2167890965938568,-0.34432849287986755
28,pose,22,-1,0.40568840503692627,0.322861909866333,-0.3711780607700348
28,pose,23,-1,0.5008394122123718,0.7197247743606567,0.01880369335412979
28,pose,24,-1,0.415683388710022,0.7279127836227417,-0.017934659495949745
28,pose,25,-1,0.5039305090904236,1.001095175743103,-0.030657000839710236
28,pose,26,-1,0.4298878610134125,1.0195024013519287,-0.0486706905066967
28,pose,27,-1,0.5230405330657959,1.305138349533081,0.24303585290908813
28,pose,28,-1,0.4464532732963562,1.3059759140014648,0.15427862107753754
28,pose,29,-1,0.5287238359451294,1.3406245708465576,0.2628979980945587
28,pose,30,-1,0.4455924928188324,1.3403822183609009,0.16972438991069794
28,pose,31,-1,0.5138733983039856,1.3916712999343872,0.11621133238077164
28,pose,32,-1,0.4625082015991211,1.3895103931427002,-0.002032889984548092
29,hand,0,0,0.5415012240409851,0.2288641482591629,-1.1797133936397586e-07
29,hand,1,0,0.5262775421142578,0.23111586272716522,-0.00294608436524868
29,hand,2,0,0.5096284747123718,0.2270045429468155,-0.0059935180470347404
29,hand,3,0,0.49693575501441956,0.22856131196022034,-0.009756364859640598
29,hand,4,0,0.48914602398872375,0.23863792419433594,-0.012742782942950726
29,hand,5,0,0.5099919438362122,0.1904306560754776,-0.0005450528697110713
29,hand,6,0,0.5003262758255005,0.18694356083869934,-0.007364766672253609
29,hand,7,0,0.507584810256958,0.20222659409046173,-0.011110729537904263
29,hand,8,0,0.5136567950248718,0.2085087150335312,-0.012747693806886673
29,hand,9,0,0.5167003273963928,0.18201082944869995,-0.0021550969686359167
29,hand,10,0,0.5082405209541321,0.18169331550598145,-0.009361584670841694
29,hand,11,0,0.5162250995635986,0.2007099688053131,-0.010401054285466671
29,hand,12,0,0.5208982229232788,0.2028091847896576,-0.009450271725654602
29,hand,13,0,0.5245280265808105,0.1756156086921692,-0.004874523729085922
29,hand,14,0,0.5169954895973206,0.1767805814743042,-0.010668575763702393
29,hand,15,0,0.523216187953949,0.19355939328670502,-0.007971656508743763
29,hand,16,0,0.5271267294883728,0.19314652681350708,-0.004764123819768429
29,hand,17,0,0.5331870913505554,0.17060545086860657,-0.008021920919418335
29,hand,18,0,0.5260541439056396,0.17043468356132507,-0.009559418074786663
29,hand,19,0,0.528670608997345,0.1836318075656891,-0.006210708059370518
29,hand,20,0,0.5318261981010437,0.18451271951198578,-0.0031612266320735216
29,hand,0,1,0.3819237947463989,0.3581181466579437,-8.35076860994377e-08
29,hand,1,1,0.39575305581092834,0.3767312169075012,-0.0023682136088609695
29,hand,2,1,0.4105742275714874,0.3869001865386963,-0.005498853046447039
29,hand,3,1,0.42083296179771423,0.3971279561519623,-0.00940483994781971
29,hand,4,1,0.4279461205005646,0.410007119178772,-0.01262328028678894
29,hand,5,1,0.42657461762428284,0.3457733988761902,-0.0011472910409793258
29,hand,6,1,0.42775779962539673,0.375677227973938,-0.008150936104357243
29,hand,7,1,0.4166078269481659,0.3802943527698517,-0.013076593168079853
29,hand,8,1,0.4104565680027008,0.37776127457618713,-0.01600557006895542
29,hand,9,1,0.4220823049545288,0.3335350453853607,-0.003426583716645837
29,hand,10,1,0.4235479235649109,0.3690907955169678,-0.010064960457384586
29,hand,11,1,0.41195419430732727,0.37405282258987427,-0.011721485294401646
29,hand,12,1,0.4056169390678406,0.3712618947029114,-0.011786396615207195
29,hand,13,1,0.4152721166610718,0.32535380125045776,-0.00660839444026351
29,hand,14,1,0.4154587388038635,0.36078664660453796,-0.01231644582003355
29,hand,15,1,0.40550655126571655,0.3665904402732849,-0.011252625845372677
29,hand,16,1,0.40040123462677,0.3636305630207062,-0.009373443201184273
29,hand,17,1,0.4067226052284241,0.3216429650783539,-0.010294923558831215
29,hand,18,1,0.4086490869522095,0.3488202393054962,-0.01316137332469225
29,hand,19,1,0.4020603597164154,0.355020135641098,-0.011602737940847874
29,hand,20,1,0.3980986773967743,0.352680504322052,-0.009663552977144718
29,pose,0,-1,0.4541685879230499,0.16426749527454376,-0.26843029260635376
29,pose,1,-1,0.4619780480861664,0.1383582055568695,-0.2312399297952652
29,pose,2,-1,0.46667352318763733,0.13945719599723816,-0.2312062531709671
29,pose,3,-1,0.47245898842811584,0.14033886790275574,-0.23115229606628418
29,pose,4,-1,0.44498589634895325,0.13563773036003113,-0.23815856873989105
29,pose,5,-1,0.4378127157688141,0.13507616519927979,-0.23828664422035217
29,pose,6,-1,0.4318402409553528,0.13513624668121338,-0.23838946223258972
29,pose,7,-1,0.4794065058231354,0.15397614240646362,-0.04611990973353386
29,pose,8,-1,0.4224662482738495,0.15196336805820465,-0.07842914015054703
29,pose,9,-1,0.46314945816993713,0.1992410272359848,-0.2030770480632782
29,pose,10,-1,0.44227325916290283,0.19805274903774261,-0.21278353035449982
29,pose,11,-1,0.5201038122177124,0.3090718686580658,0.04825519025325775
29,pose,12,-1,0.3786700665950775,0.31802770495414734,-0.018386458978056908
29,pose,13,-1,0.6230628490447998,0.4023107886314392,-0.11537274718284607
29,pose,14,-1,0.290189653635025,0.4511531591415405,-0.1956130713224411
29,pose,15,-1,0.5589640736579895,0.2413899153470993,-0.35055068135261536
29,pose,16,-1,0.37341323494911194,0.3387302756309509,-0.3847225606441498
29,pose,17,-1,0.5399129986763,0.2093886286020279,-0.39998963475227356
29,pose,18,-1,0.39508140087127686,0.3359393775463104,-0.4285181760787964
29,pose,19,-1,0.5313881039619446,0.20473451912403107,-0.35824450850486755
29,pose,20,-1,0.407584547996521,0.33193930983543396,-0.386945515871048
29,pose,21,-1,0.5317736268043518,0.21596920490264893,-0.33895254135131836
29,pose,22,-1,0.40594613552093506,0.334240198135376,-0.37108713388442993
29,pose,23,-1,0.5007622241973877,0.7197518944740295,0.02122691459953785
29,pose,24,-1,0.41574761271476746,0.7282735705375671,-0.02039295621216297
29,pose,25,-1,0.5044978857040405,1.0008951425552368,-0.030680319294333458
29,pose,26,-1,0.43001359701156616,1.0195177793502808,-0.054741550236940384
29,pose,27,-1,0.5227600932121277,1.304999589920044,0.2513800859451294
29,pose,28,-1,0.4464823007583618,1.3063714504241943,0.1525154560804367
29,pose,29,-1,0.5278420448303223,1.340306043624878,0.2723385989665985
29,pose,30,-1,0.44560813903808594,1.3408123254776,0.16779035329818726
29,pose,31,-1,0.5138921141624451,1.3914964199066162,0.12224957346916199
29,pose,32,-1,0.46252432465553284,1.3897292613983154,-0.007127968594431877
30,hand,0,0,0.539922833442688,0.22919005155563354,-1.2013128980470356e-07
30,hand,1,0,0.525232195854187,0.23272988200187683,-0.0031571390572935343
30,hand,2,0,0.5081661343574524,0.22905565798282623,-0.005901895929127932
30,hand,3,0,0.49559932947158813,0.230245903134346,-0.00926876813173294
30,hand,4,0,0.488153338432312,0.23943811655044556,-0.011938811279833317
30,hand,5,0,0.5079073309898376,0.19163364171981812,-0.00033847615122795105
30,hand,6,0,0.4994989037513733,0.18830887973308563,-0.006752191111445427
30,hand,7,0,0.5062313675880432,0.20267058908939362,-0.010467274114489555
30,hand,8,0,0.5121986269950867,0.20916953682899475,-0.01220179907977581
30,hand,9,0,0.5146163105964661,0.18238848447799683,-0.0017755392473191023
30,hand,10,0,0.5075679421424866,0.1821393370628357,-0.008418838493525982
30,hand,11,0,0.514782726764679,0.2006821632385254,-0.009543362073600292
30,hand,12,0,0.5190806984901428,0.20380492508411407,-0.00884177628904581
30,hand,13,0,0.5224349498748779,0.17572928965091705,-0.004344483837485313
30,hand,14,0,0.5161526203155518,0.17682841420173645,-0.010046963579952717
30,hand,15,0,0.5216075778007507,0.19397905468940735,-0.007733581122010946
30,hand,16,0,0.5250721573829651,0.1953139305114746,-0.004838813561946154
30,hand,17,0,0.5311488509178162,0.17055098712444305,-0.007344154175370932
30,hand,18,0,0.5247769951820374,0.17035579681396484,-0.009012469090521336
30,hand,19,0,0.5268753170967102,0.18432550132274628,-0.00594567833468318
30,hand,20,0,0.5294690132141113,0.18690907955169678,-0.003127788193523884
30,hand,0,1,0.38324645161628723,0.3621082603931427,-6.421058174055361e-08
30,hand,1,1,0.3971891701221466,0.37881577014923096,-0.0028052532579749823
30,hand,2,1,0.4123982787132263,0.388580322265625,-0.006586617324501276
30,hand,3,1,0.4234176278114319,0.40170741081237793,-0.011009941808879375
30,hand,4,1,0.43051767349243164,0.4184352159500122,-0.01478330697864294
30,hand,5,1,0.42660003900527954,0.3460426330566406,-0.002937138080596924
30,hand,6,1,0.4275522530078888,0.3763842284679413,-0.010497594252228737
30,hand,7,1,0.41637754440307617,0.38117969036102295,-0.015736103057861328
30,hand,8,1,0.41051313281059265,0.3780544698238373,-0.01887332648038864
30,hand,9,1,0.4215647280216217,0.33380478620529175,-0.005136032588779926
30,hand,10,1,0.4222860634326935,0.3701731860637665,-0.01253211684525013
30,hand,11,1,0.41075238585472107,0.3760913014411926,-0.014474879950284958
30,hand,12,1,0.4046154022216797,0.3739634156227112,-0.01478852704167366
30,hand,13,1,0.4143078029155731,0.3262297511100769,-0.008169173263013363
30,hand,14,1,0.41462811827659607,0.36153995990753174,-0.014555152505636215
30,hand,15,1,0.40473783016204834,0.3687064051628113,-0.013513687066733837
30,hand,16,1,0.3995438814163208,0.36712443828582764,-0.011553110554814339
30,hand,17,1,0.4056087136268616,0.3235659599304199,-0.011694109067320824
30,hand,18,1,0.4081515371799469,0.349891722202301,-0.015021944418549538
30,hand,19,1,0.4019532799720764,0.35718896985054016,-0.013592254370450974
30,hand,20,1,0.3980122208595276,0.3563658595085144,-0.011678210459649563
30,pose,0,-1,0.454238623380661,0.1643112599849701,-0.27599695324897766
30,pose,1,-1,0.46206560730934143,0.13841786980628967,-0.23905208706855774
30,pose,2,-1,0.4668051600456238,0.13952431082725525,-0.23899608850479126
30,pose,3,-1,0.47264325618743896,0.14042595028877258,-0.23891952633857727
30,pose,4,-1,0.4450306296348572,0.13573454320430756,-0.24575255811214447
30,pose,5,-1,0.4378300905227661,0.13520583510398865,-0.24586059153079987
30,pose,6,-1,0.43184277415275574,0.1353040188550949,-0.24595627188682556
30,pose,7,-1,0.47941043972969055,0.15412528812885284,-0.051988545805215836
30,pose,8,-1,0.42246776819229126,0.15202060341835022,-0.08438246697187424
30,pose,9,-1,0.4632377326488495,0.19923150539398193,-0.2102648913860321
30,pose,10,-1,0.44227519631385803,0.19805775582790375,-0.21991141140460968
30,pose,11,-1,0.5197804570198059,0.30821892619132996,0.045092590153217316
30,pose,12,-1,0.37854844331741333,0.31808340549468994,-0.024121975526213646
30,pose,13,-1,0.6230679750442505,0.4001207649707794,-0.11666462570428848
30,pose,14,-1,0.2903611361980438,0.45129185914993286,-0.20202332735061646
30,pose,15,-1,0.558586835861206,0.24044638872146606,-0.35763052105903625
30,pose,16,-1,0.3730946183204651,0.34378546476364136,-0.39037466049194336
30,pose,17,-1,0.5396265387535095,0.20965424180030823,-0.4082842767238617
30,pose,18,-1,0.3942767381668091,0.3393869698047638,-0.4341031610965729
30,pose,19,-1,0.5309122800827026,0.20546354353427887,-0.3680649995803833
30,pose,20,-1,0.4070832431316376,0.33514267206192017,-0.3922557234764099
30,pose,21,-1,0.5313609838485718,0.2159239798784256,-0.34704428911209106
30,pose,22,-1,0.4055492579936981,0.3380521833896637,-0.37674009799957275
30,pose,23,-1,0.5007522106170654,0.7202361226081848,0.022060109302401543
30,pose,24,-1,0.41587910056114197,0.7290419340133667,-0.021159540861845016
30,pose,25,-1,0.5048707127571106,1.0014311075210571,-0.03050415776669979
30,pose,26,-1,0.4301663935184479,1.0196369886398315,-0.053866587579250336
30,pose,27,-1,0.522842288017273,1.3054291009902954,0.2476561814546585
30,pose,28,-1,0.44653841853141785,1.3064041137695312,0.144565612077713
30,pose,29,-1,0.5278308391571045,1.3409332036972046,0.26714828610420227
30,pose,30,-1,0.4456482529640198,1.3410755395889282,0.1579413264989853
30,pose,31,-1,0.5141881704330444,1.39161217212677,0.11205891519784927
30,pose,32,-1,0.46291425824165344,1.3897712230682373,-0.023733168840408325
31,hand,0,0,0.538938581943512,0.2303140014410019,-1.2429458706719743e-07
31,hand,1,0,0.5240768790245056,0.23415905237197876,-0.0030126762576401234
31,hand,2,0,0.5070288181304932,0.2306896299123764,-0.005793427582830191
31,hand,3,0,0.49430352449417114,0.23186132311820984,-0.009254802018404007
31,hand,4,0,0.4868256449699402,0.24085085093975067,-0.011957640759646893
31,hand,5,0,0.5071399211883545,0.1935950070619583,-0.00032831402495503426
31,hand,6,0,0.4983220100402832,0.1896425485610962,-0.006929876282811165
31,hand,7,0,0.5049071311950684,0.20479945838451385,-0.010433548130095005
31,hand,8,0,0.5108798742294312,0.2112855762243271,-0.011955811642110348
31,hand,9,0,0.5138142704963684,0.18487609922885895,-0.0019080104539170861
31,hand,10,0,0.5059787034988403,0.18408186733722687,-0.008818375878036022
31,hand,11,0,0.5134566426277161,0.20292390882968903,-0.009650097228586674
31,hand,12,0,0.5180038213729858,0.20522572100162506,-0.008651862852275372
31,hand,13,0,0.5214559435844421,0.17811986804008484,-0.004658895544707775
31,hand,14,0,0.5143134593963623,0.17899391055107117,-0.010683299042284489
31,hand,15,0,0.5203747153282166,0.19627544283866882,-0.008039038628339767
31,hand,16,0,0.5241945385932922,0.1967582106590271,-0.0048477668315172195
31,hand,17,0,0.5300337672233582,0.17263396084308624,-0.007821472361683846
31,hand,18,0,0.523036539554596,0.17273256182670593,-0.009788316674530506
31,hand,19,0,0.525737464427948,0.1864618957042694,-0.006663593463599682
31,hand,20,0,0.5288276076316833,0.18807533383369446,-0.003761681728065014
31,hand,0,1,0.3810845911502838,0.36129674315452576,-6.583378819868813e-08
31,hand,1,1,0.39601436257362366,0.37650349736213684,-0.0024936285335570574
31,hand,2,1,0.4122426509857178,0.38542744517326355,-0.005839839577674866
31,hand,3,1,0.4239370822906494,0.3977413475513458,-0.009981577284634113
31,hand,4,1,0.4313216209411621,0.4143219292163849,-0.013632330112159252
31,hand,5,1,0.4247806966304779,0.33962851762771606,-0.00168065435718745
31,hand,6,1,0.42729365825653076,0.3687072694301605,-0.008725317195057869
31,hand,7,1,0.4164354205131531,0.37549924850463867,-0.01383739709854126
31,hand,8,1,0.41033437848091125,0.37362775206565857,-0.01688200794160366
31,hand,9,1,0.419609397649765,0.32819849252700806,-0.0038747512735426426
31,hand,10,1,0.4222523272037506,0.36422792077064514,-0.01086324080824852
31,hand,11,1,0.41108566522598267,0.371450275182724,-0.013019824400544167
31,hand,12,1,0.4045041501522064,0.3698725998401642,-0.013365665450692177
31,hand,13,1,0.41276612877845764,0.32127389311790466,-0.006884029600769281
31,hand,14,1,0.4142495393753052,0.3566874861717224,-0.013036041520535946
31,hand,15,1,0.4042905569076538,0.36457446217536926,-0.012465427629649639
31,hand,16,1,0.39869096875190735,0.36325836181640625,-0.010665926150977612
31,hand,17,1,0.40462636947631836,0.31886619329452515,-0.01036288682371378
31,hand,18,1,0.40753617882728577,0.3450380265712738,-0.013538498431444168
31,hand,19,1,0.40095940232276917,0.3531217873096466,-0.012283168733119965
31,hand,20,1,0.39655694365501404,0.3530534505844116,-0.010381262749433517
31,pose,0,-1,0.45422714948654175,0.1642727553844452,-0.27587613463401794
31,pose,1,-1,0.4620572030544281,0.13836927711963654,-0.23874102532863617
31,pose,2,-1,0.4667661488056183,0.13947749137878418,-0.23869243264198303
31,pose,3,-1,0.47263240814208984,0.14040102064609528,-0.23862066864967346
31,pose,4,-1,0.4449508786201477,0.13573509454727173,-0.24524636566638947
31,pose,5,-1,0.43775084614753723,0.13523578643798828,-0.2453611195087433
31,pose,6,-1,0.4317438304424286,0.13539651036262512,-0.24546267092227936
31,pose,7,-1,0.47930291295051575,0.15412399172782898,-0.05254717171192169
31,pose,8,-1,0.42238205671310425,0.15215268731117249,-0.08403416723012924
31,pose,9,-1,0.46323707699775696,0.19899241626262665,-0.2105712890625
31,pose,10,-1,0.44218116998672485,0.1980181485414505,-0.22000238299369812
31,pose,11,-1,0.5191814303398132,0.3078564405441284,0.04351275414228439
31,pose,12,-1,0.3782593905925751,0.3184058368206024,-0.023601645603775978
31,pose,13,-1,0.6229362487792969,0.4000402092933655,-0.1183004304766655
31,pose,14,-1,0.2907784581184387,0.4515701234340668,-0.1984708458185196
31,pose,15,-1,0.5583155751228333,0.2380831092596054,-0.3564332127571106
31,pose,16,-1,0.37392565608024597,0.3451360762119293,-0.38248494267463684
31,pose,17,-1,0.538719892501831,0.20693041384220123,-0.4060302972793579
31,pose,18,-1,0.3947397470474243,0.33973264694213867,-0.42678704857826233
31,pose,19,-1,0.5307522416114807,0.20367002487182617,-0.3651967942714691
31,pose,20,-1,0.40753114223480225,0.33577749133110046,-0.38759759068489075
31,pose,21,-1,0.5312209725379944,0.2145082950592041,-0.34554994106292725
31,pose,22,-1,0.4060410261154175,0.3392018675804138,-0.36975833773612976
31,pose,23,-1,0.5008168816566467,0.7202934622764587,0.022445382550358772
31,pose,24,-1,0.41625678539276123,0.7294937968254089,-0.021558094769716263
31,pose,25,-1,0.505087673664093,1.0014183521270752,-0.030581222847104073
31,pose,26,-1,0.4307156503200531,1.019883394241333,-0.05313112586736679
31,pose,27,-1,0.5226346850395203,1.3042351007461548,0.2514323592185974
31,pose,28,-1,0.446551114320755,1.3067569732666016,0.14152821898460388
31,pose,29,-1,0.5273318886756897,1.3387173414230347,0.27155396342277527
31,pose,30,-1,0.44568249583244324,1.3416727781295776,0.1542772352695465
31,pose,31,-1,0.5139850974082947,1.390681505203247,0.11307977885007858
31,pose,32,-1,0.4629059135913849,1.3901435136795044,-0.03081262670457363
32,hand,0,0,0.5385932922363281,0.23372112214565277,-1.253838775028271e-07
32,hand,1,0,0.5238967537879944,0.23597994446754456,-0.0032793127465993166
32,hand,2,0,0.5064840316772461,0.23204416036605835,-0.0059926919639110565
32,hand,3,0,0.49386778473854065,0.23358269035816193,-0.009274507872760296
32,hand,4,0,0.4863361418247223,0.24272368848323822,-0.011818860657513142
32,hand,5,0,0.5068304538726807,0.19507060945034027,-0.00034519220935180783
32,hand,6,0,0.49814337491989136,0.19272831082344055,-0.006805706303566694
32,hand,7,0,0.5047678351402283,0.2073323130607605,-0.010507055558264256
32,hand,8,0,0.5107523798942566,0.21368367969989777,-0.012199644930660725
32,hand,9,0,0.5137580037117004,0.1861722767353058,-0.0016985713737085462
32,hand,10,0,0.5060445070266724,0.18656018376350403,-0.008307584561407566
32,hand,11,0,0.513207197189331,0.20481042563915253,-0.009331737644970417
32,hand,12,0,0.5177391767501831,0.20765802264213562,-0.008588466793298721
32,hand,13,0,0.5217387080192566,0.17997479438781738,-0.004218041896820068
32,hand,14,0,0.5147882699966431,0.18141619861125946,-0.010084440000355244
32,hand,15,0,0.5202006101608276,0.19810664653778076,-0.0078020221553742886
32,hand,16,0,0.5239378809928894,0.1991470605134964,-0.004866459406912327
32,hand,17,0,0.5304751396179199,0.175335094332695,-0.007145666051656008
32,hand,18,0,0.5237568616867065,0.17494897544384003,-0.009110729210078716
32,hand,19,0,0.5258882641792297,0.18831995129585266,-0.006200642324984074
32,hand,20,0,0.5286602973937988,0.1904643326997757,-0.0034432420507073402
32,hand,0,1,0.37978947162628174,0.35468316078186035,-7.027017545624403e-08
32,hand,1,1,0.39519447088241577,0.3707813322544098,-0.002493612701073289
32,hand,2,1,0.4119466245174408,0.3795088231563568,-0.005731610581278801
32,hand,3,1,0.424041748046875,0.3911707401275635,-0.00974798109382391
32,hand,4,1,0.43175995349884033,0.4065840542316437,-0.01332415733486414
32,hand,5,1,0.42444655299186707,0.3350082337856293,-0.0015625781379640102
32,hand,6,1,0.42658287286758423,0.36209428310394287,-0.008223243989050388
32,hand,7,1,0.4157631993293762,0.36931949853897095,-0.013326305896043777
32,hand,8,1,0.40954357385635376,0.36839559674263,-0.016467338427901268
32,hand,9,1,0.41902247071266174,0.32316476106643677,-0.0036733218003064394
32,hand,10,1,0.4210829734802246,0.3566305935382843,-0.010079632513225079
32,hand,11,1,0.4103035032749176,0.3645032048225403,-0.012484208680689335
32,hand,12,1,0.40405380725860596,0.3637838661670685,-0.013232258148491383
32,hand,13,1,0.4118059575557709,0.3157488703727722,-0.006524340249598026
32,hand,14,1,0.4131600260734558,0.3487393856048584,-0.01215578243136406
32,hand,15,1,0.4039818048477173,0.3576166331768036,-0.011793009005486965
32,hand,16,1,0.39855384826660156,0.35720905661582947,-0.010378466919064522
32,hand,17,1,0.40336379408836365,0.3129153251647949,-0.00985455047339201
32,hand,18,1,0.40618544816970825,0.3375415802001953,-0.01287798210978508
32,hand,19,1,0.4003676176071167,0.3466363251209259,-0.011713782325387001
32,hand,20,1,0.3961620628833771,0.34766921401023865,-0.009947700425982475
32,pose,0,-1,0.45413950085639954,0.16420906782150269,-0.2746526300907135
32,pose,1,-1,0.4620024561882019,0.1382373720407486,-0.23550677299499512
32,pose,2,-1,0.4666289687156677,0.13936014473438263,-0.23539511859416962
32,pose,3,-1,0.4725465178489685,0.14032793045043945,-0.23526495695114136
32,pose,4,-1,0.4447833001613617,0.13568918406963348,-0.24422217905521393
32,pose,5,-1,0.43760767579078674,0.13522915542125702,-0.2443491816520691
32,pose,6,-1,0.43158623576164246,0.13540172576904297,-0.24442033469676971
32,pose,7,-1,0.47916799783706665,0.1541200876235962,-0.047657959163188934
32,pose,8,-1,0.42226725816726685,0.1521805077791214,-0.08168087899684906
32,pose,9,-1,0.4632147252559662,0.19883030652999878,-0.20777864754199982
32,pose,10,-1,0.4420923888683319,0.19795991480350494,-0.21951992809772491
32,pose,11,-1,0.5188061594963074,0.3077351748943329,0.04659697040915489
32,pose,12,-1,0.377806156873703,0.31897324323654175,-0.020786425098776817
32,pose,13,-1,0.6228263974189758,0.40216493606567383,-0.1127861961722374
32,pose,14,-1,0.2910158336162567,0.4542320966720581,-0.19403119385242462
32,pose,15,-1,0.5580227971076965,0.23916178941726685,-0.3404916524887085
32,pose,16,-1,0.3733760714530945,0.3452988266944885,-0.3792556822299957
32,pose,17,-1,0.5382328629493713,0.20896200835704803,-0.3891811668872833
32,pose,18,-1,0.3941273093223572,0.33763977885246277,-0.42563313245773315
32,pose,19,-1,0.5306498408317566,0.2059938758611679,-0.3502132296562195
32,pose,20,-1,0.40675175189971924,0.3339415192604065,-0.38344261050224304
32,pose,21,-1,0.5310646295547485,0.21620000898838043,-0.33034548163414
32,pose,22,-1,0.4051688015460968,0.33815258741378784,-0.3684854805469513
32,pose,23,-1,0.5008310079574585,0.7206325531005859,0.024250619113445282
32,pose,24,-1,0.4162910580635071,0.7299078702926636,-0.02331581339240074
32,pose,25,-1,0.5054346323013306,1.0016053915023804,-0.021931160241365433
32,pose,26,-1,0.4308185875415802,1.0201218128204346,-0.051332104951143265
32,pose,27,-1,0.5229422450065613,1.304480791091919,0.25122788548469543
32,pose,28,-1,0.44685694575309753,1.3073320388793945,0.1329767107963562
32,pose,29,-1,0.5276427865028381,1.3393787145614624,0.2706136405467987
32,pose,30,-1,0.44582444429397583,1.342689871788025,0.14448833465576172
32,pose,31,-1,0.5142329931259155,1.3906469345092773,0.11476259678602219
32,pose,32,-1,0.4633236527442932,1.3908253908157349,-0.03716457635164261
33,hand,0,0,0.5388320088386536,0.23962000012397766,-1.2172948515853932e-07
33,hand,1,0,0.5235567092895508,0.24070772528648376,-0.002856367966160178
33,hand,2,0,0.5060189962387085,0.23619255423545837,-0.005426638759672642
33,hand,3,0,0.49333781003952026,0.23664118349552155,-0.008667238987982273
33,hand,4,0,0.48498737812042236,0.2438323050737381,-0.011301086284220219
33,hand,5,0,0.5072409510612488,0.20164261758327484,2.1083465981064364e-05
33,hand,6,0,0.49892473220825195,0.19750277698040009,-0.006505622994154692
33,hand,7,0,0.5047550201416016,0.2104644477367401,-0.010640724562108517
33,hand,8,0,0.5107495784759521,0.2179248332977295,-0.012630165554583073
33,hand,9,0,0.5144213438034058,0.19316786527633667,-0.001595682348124683
33,hand,10,0,0.5061998963356018,0.19056667387485504,-0.008081572130322456
33,hand,11,0,0.5128549337387085,0.20774750411510468,-0.009596006013453007
33,hand,12,0,0.5179029107093811,0.2122744470834732,-0.009268699213862419
33,hand,13,0,0.5225310325622559,0.18695366382598877,-0.004320434294641018
33,hand,14,0,0.5154348611831665,0.18595939874649048,-0.00995156355202198
33,hand,15,0,0.5204523205757141,0.20194073021411896,-0.007895220071077347
33,hand,16,0,0.524377167224884,0.20454815030097961,-0.005189099349081516
33,hand,17,0,0.5314644575119019,0.18216201663017273,-0.007426534779369831
33,hand,18,0,0.5241809487342834,0.1797468513250351,-0.009255395270884037
33,hand,19,0,0.5260327458381653,0.19259457290172577,-0.0062592849135398865
33,hand,20,0,0.5286459922790527,0.19588065147399902,-0.0035136116202920675
33,hand,0,1,0.3789966106414795,0.35442498326301575,-6.82260150597358e-08
33,hand,1,1,0.39484110474586487,0.3678317368030548,-0.00257239886559546
33,hand,2,1,0.4121718108654022,0.3742803931236267,-0.005682428367435932
33,hand,3,1,0.4251902997493744,0.38334542512893677,-0.009527109563350677
33,hand,4,1,0.4338984489440918,0.3979499638080597,-0.01277557946741581
33,hand,5,1,0.4226115942001343,0.3279880881309509,-0.0014177924022078514
33,hand,6,1,0.42621031403541565,0.3560608923435211,-0.008490772917866707
33,hand,7,1,0.41534677147865295,0.3644988238811493,-0.013534529134631157
33,hand,8,1,0.40842369198799133,0.36493808031082153,-0.01628735661506653
33,hand,9,1,0.41727662086486816,0.31630340218544006,-0.0032894981559365988
33,hand,10,1,0.4208999574184418,0.3513004779815674,-0.010159444995224476
33,hand,11,1,0.4094388484954834,0.36005711555480957,-0.011997906491160393
33,hand,12,1,0.4021293520927429,0.36096087098121643,-0.011978218331933022
33,hand,13,1,0.4104968011379242,0.3095793128013611,-0.00603900570422411
33,hand,14,1,0.412941038608551,0.34391286969184875,-0.01201452687382698
33,hand,15,1,0.4029112160205841,0.35226401686668396,-0.011091058142483234
33,hand,16,1,0.39675307273864746,0.3528294861316681,-0.008938804268836975
33,hand,17,1,0.40248093008995056,0.3073720633983612,-0.009261704981327057
33,hand,18,1,0.40635383129119873,0.3318091332912445,-0.012194882147014141
33,hand,19,1,0.40051281452178955,0.3394748568534851,-0.010719840414822102
33,hand,20,1,0.39617669582366943,0.339758038520813,-0.0085886986926198
33,pose,0,-1,0.45413321256637573,0.16422276198863983,-0.2610763907432556
33,pose,1,-1,0.46199896931648254,0.13823288679122925,-0.22300750017166138
33,pose,2,-1,0.46661320328712463,0.13935422897338867,-0.2228802591562271
33,pose,3,-1,0.4725354313850403,0.14032180607318878,-0.22271840274333954
33,pose,4,-1,0.4447728097438812,0.1358276903629303,-0.23168312013149261
33,pose,5,-1,0.4376012086868286,0.1354495882987976,-0.23182463645935059
33,pose,6,-1,0.4315800964832306,0.13570615649223328,-0.23186610639095306
33,pose,7,-1,0.4790424406528473,0.15419931709766388,-0.03789669647812843
33,pose,8,-1,0.42225074768066406,0.15257051587104797,-0.07458846271038055
33,pose,9,-1,0.4632403552532196,0.19882865250110626,-0.19542311131954193
33,pose,10,-1,0.44212356209754944,0.19805745780467987,-0.20733745396137238
33,pose,11,-1,0.5186194181442261,0.3073185682296753,0.05354493111371994
33,pose,12,-1,0.3777078688144684,0.31954526901245117,-0.018800994381308556
33,pose,13,-1,0.6226827502250671,0.4028032124042511,-0.11199062317609787
33,pose,14,-1,0.29134923219680786,0.4586524963378906,-0.19621965289115906
33,pose,15,-1,0.5580324530601501,0.2454255223274231,-0.3463498055934906
33,pose,16,-1,0.37258976697921753,0.34473657608032227,-0.3812605142593384
33,pose,17,-1,0.538195013999939,0.21438656747341156,-0.3978267014026642
33,pose,18,-1,0.3932613134384155,0.3357808589935303,-0.4266790449619293
33,pose,19,-1,0.5304791331291199,0.21055641770362854,-0.35855409502983093
33,pose,20,-1,0.40555503964424133,0.33199575543403625,-0.3855183720588684
33,pose,21,-1,0.5309291481971741,0.2208934724330902,-0.3367480933666229
33,pose,22,-1,0.4039272665977478,0.33683353662490845,-0.3695840835571289
33,pose,23,-1,0.5009241700172424,0.7217720150947571,0.02510150708258152
33,pose,24,-1,0.4162837862968445,0.7310445308685303,-0.02410418540239334
33,pose,25,-1,0.5055820345878601,1.0021377801895142,-0.014391714707016945
33,pose,26,-1,0.43086856603622437,1.0215189456939697,-0.03581848368048668
33,pose,27,-1,0.5240369439125061,1.3059239387512207,0.24452048540115356
33,pose,28,-1,0.4476901590824127,1.3080731630325317,0.13426102697849274
33,pose,29,-1,0.5290493369102478,1.3422664403915405,0.2617102861404419
33,pose,30,-1,0.4465140700340271,1.3438153266906738,0.1478440910577774
33,pose,31,-1,0.5149820446968079,1.3910133838653564,0.10815036296844482
33,pose,32,-1,0.46430718898773193,1.3914293050765991,-0.027955055236816406
34,hand,0,0,0.5391491055488586,0.25205618143081665,-1.2171017260698136e-07
34,hand,1,0,0.5228609442710876,0.2507677674293518,-0.003702450543642044
34,hand,2,0,0.5049717426300049,0.243711918592453,-0.006275814957916737
34,hand,3,0,0.49187180399894714,0.2420942634344101,-0.00927045289427042
34,hand,4,0,0.4823436439037323,0.24671700596809387,-0.011341269128024578
34,hand,5,0,0.5084723830223083,0.20882102847099304,-0.00025306156021542847
34,hand,6,0,0.49984434247016907,0.20685970783233643,-0.005851436406373978
34,hand,7,0,0.50586998462677,0.22103780508041382,-0.009074554778635502
34,hand,8,0,0.5094925165176392,0.22201761603355408,-0.011010278947651386
34,hand,9,0,0.5156435370445251,0.20171985030174255,-0.0015135115245357156
34,hand,10,0,0.507824718952179,0.20071420073509216,-0.00764017179608345
34,hand,11,0,0.513658881187439,0.21795807778835297,-0.008514676243066788
34,hand,12,0,0.5168618559837341,0.21816693246364594,-0.008095852099359035
34,hand,13,0,0.5238774418830872,0.19764985144138336,-0.0039109354838728905
34,hand,14,0,0.5167562365531921,0.19634145498275757,-0.009278245270252228
34,hand,15,0,0.5209263563156128,0.2126130759716034,-0.006302439142018557
34,hand,16,0,0.5238737463951111,0.21312342584133148,-0.0033189032692462206
34,hand,17,0,0.5324029922485352,0.19541023671627045,-0.006838957779109478
34,hand,18,0,0.5261536836624146,0.19324786961078644,-0.008716237731277943
34,hand,19,0,0.5274905562400818,0.20653033256530762,-0.005543872714042664
34,hand,20,0,0.5296260714530945,0.20901569724082947,-0.0028055300936102867
34,hand,0,1,0.3793334364891052,0.35772186517715454,-8.255591410488705e-08
34,hand,1,1,0.3957821726799011,0.3692741394042969,-0.002279898850247264
34,hand,2,1,0.4135580360889435,0.37339356541633606,-0.005296077113598585
34,hand,3,1,0.426835298538208,0.3797677755355835,-0.009120525792241096
34,hand,4,1,0.4368453025817871,0.39181509613990784,-0.012293599545955658
34,hand,5,1,0.4215655028820038,0.32775452733039856,-0.0010258747497573495
34,hand,6,1,0.42731359601020813,0.35505253076553345,-0.008333239704370499
34,hand,7,1,0.41645559668540955,0.36543047428131104,-0.013326718471944332
34,hand,8,1,0.4088936746120453,0.36782488226890564,-0.015933582559227943
34,hand,9,1,0.4162735939025879,0.31641238927841187,-0.0030471726786345243
34,hand,10,1,0.4226112365722656,0.3497110605239868,-0.00984534714370966
34,hand,11,1,0.41063278913497925,0.3600237965583801,-0.011276411823928356
34,hand,12,1,0.4029143154621124,0.3615749776363373,-0.010953517630696297
34,hand,13,1,0.40945005416870117,0.3101459741592407,-0.006002360954880714
34,hand,14,1,0.41473090648651123,0.3429166376590729,-0.011950944550335407
34,hand,15,1,0.4043748080730438,0.35191166400909424,-0.010532104410231113
34,hand,16,1,0.3980056345462799,0.35194116830825806,-0.00807130616158247
34,hand,17,1,0.40140607953071594,0.3085148334503174,-0.009387479163706303
34,hand,18,1,0.40761518478393555,0.33150988817214966,-0.012289104983210564
34,hand,19,1,0.40176159143447876,0.3396333158016205,-0.010420913808047771
34,hand,20,1,0.3971318304538727,0.33936092257499695,-0.00803376454859972
34,pose,0,-1,0.4541887640953064,0.16425000131130219,-0.24798589944839478
34,pose,1,-1,0.4619958698749542,0.13822868466377258,-0.21152670681476593
34,pose,2,-1,0.4666104316711426,0.13934780657291412,-0.2114115208387375
34,pose,3,-1,0.4725351929664612,0.1403162181377411,-0.2112250030040741
34,pose,4,-1,0.444791316986084,0.1358359009027481,-0.2185305804014206
34,pose,5,-1,0.4376032054424286,0.1354600191116333,-0.21869730949401855
34,pose,6,-1,0.431576669216156,0.1357194185256958,-0.21870777010917664
34,pose,7,-1,0.47898706793785095,0.15422509610652924,-0.033466871827840805
34,pose,8,-1,0.42220696806907654,0.15257370471954346,-0.06607048213481903
34,pose,9,-1,0.46329352259635925,0.19883988797664642,-0.18559201061725616
34,pose,10,-1,0.4421499967575073,0.19808544218540192,-0.1956467628479004
34,pose,11,-1,0.5183828473091125,0.3073486387729645,0.051743034273386
34,pose,12,-1,0.3776998519897461,0.3198155462741852,-0.01777476817369461
34,pose,13,-1,0.6218037009239197,0.4138503670692444,-0.11660589277744293
34,pose,14,-1,0.291554719209671,0.46925729513168335,-0.19367475807666779
34,pose,15,-1,0.5577598810195923,0.24882733821868896,-0.3713303208351135
34,pose,16,-1,0.37228327989578247,0.34688758850097656,-0.37987253069877625
34,pose,17,-1,0.5379592776298523,0.2182113528251648,-0.4256022274494171
34,pose,18,-1,0.39283621311187744,0.3351249396800995,-0.4249202609062195
34,pose,19,-1,0.5301881432533264,0.21452021598815918,-0.38809099793434143
34,pose,20,-1,0.4046638607978821,0.3307954967021942,-0.38436946272850037
34,pose,21,-1,0.5304843783378601,0.22496727108955383,-0.3625841736793518
34,pose,22,-1,0.4030652642250061,0.33590662479400635,-0.36808958649635315
34,pose,23,-1,0.5013222098350525,0.7227928638458252,0.02538256160914898
34,pose,24,-1,0.4163626432418823,0.7319117784500122,-0.02436133660376072
34,pose,25,-1,0.5062915682792664,1.0025569200515747,-0.014554042369127274
34,pose,26,-1,0.43100932240486145,1.021700382232666,-0.026305625215172768
34,pose,27,-1,0.5255328416824341,1.307347059249878,0.23415878415107727
34,pose,28,-1,0.44867414236068726,1.3080989122390747,0.15074920654296875
34,pose,29,-1,0.5309428572654724,1.344702124595642,0.25066182017326355
34,pose,30,-1,0.44717204570770264,1.343815565109253,0.16420884430408478
34,pose,31,-1,0.5163180828094482,1.3916964530944824,0.10269803553819656
34,pose,32,-1,0.465580552816391,1.3914519548416138,-0.0008628138457424939
35,hand,0,0,0.5372549295425415,0.27176445722579956,-1.347214322322543e-07
35,hand,1,0,0.5209205150604248,0.27000486850738525,-0.0029485796112567186
35,hand,2,0,0.5032649636268616,0.2602043151855469,-0.004981991834938526
35,hand,3,0,0.4911825656890869,0.256374716758728,-0.007511371746659279
35,hand,4,0,0.48169809579849243,0.25833508372306824,-0.0092743169516325
35,hand,5,0,0.5072804689407349,0.2243582010269165,0.0005186088965274394
35,hand,6,0,0.49816086888313293,0.22162340581417084,-0.0049778129905462265
35,hand,7,0,0.502784013748169,0.23691628873348236,-0.008378743194043636
35,hand,8,0,0.5064691305160522,0.23972545564174652,-0.010427823290228844
35,hand,9,0,0.514599084854126,0.2193978726863861,-0.001177145168185234
35,hand,10,0,0.5063278675079346,0.21983130276203156,-0.006799154914915562
35,hand,11,0,0.5105092525482178,0.23725952208042145,-0.007964164018630981
35,hand,12,0,0.5134782791137695,0.23919019103050232,-0.007953263819217682
35,hand,13,0,0.522852897644043,0.21721769869327545,-0.003998030908405781
35,hand,14,0,0.5149478316307068,0.21800512075424194,-0.00927015021443367
35,hand,15,0,0.5180203318595886,0.23572668433189392,-0.006732701323926449
35,hand,16,0,0.5207924246788025,0.2382715344429016,-0.004196396097540855
35,hand,17,0,0.5315291285514832,0.21756702661514282,-0.00726920273154974
35,hand,18,0,0.5240125060081482,0.21717384457588196,-0.009722558781504631
35,hand,19,0,0.5252582430839539,0.2328665405511856,-0.006821712478995323
35,hand,20,0,0.527869462966919,0.2375248819589615,-0.004207179881632328
35,hand,0,1,0.3814682960510254,0.3673645257949829,-6.931021090395006e-08
35,hand,1,1,0.39825811982154846,0.37649866938591003,-0.001791441347450018
35,hand,2,1,0.4159061908721924,0.37786272168159485,-0.004626716487109661
35,hand,3,1,0.4292733371257782,0.38322311639785767,-0.00828530453145504
35,hand,4,1,0.4391784965991974,0.3927704691886902,-0.01122586615383625
35,hand,5,1,0.4210815727710724,0.3327271640300751,-0.0003002507728524506
35,hand,6,1,0.4288584589958191,0.35618799924850464,-0.007039555348455906
35,hand,7,1,0.4192717373371124,0.3679792284965515,-0.011714889667928219
35,hand,8,1,0.4133910834789276,0.36882543563842773,-0.01436879113316536
35,hand,9,1,0.41532209515571594,0.322907954454422,-0.002659640973433852
35,hand,10,1,0.4229121804237366,0.35232025384902954,-0.008946054615080357
35,hand,11,1,0.4132077097892761,0.3645412027835846,-0.01079717930406332
35,hand,12,1,0.40779295563697815,0.3641730844974518,-0.011084625497460365
35,hand,13,1,0.4083065986633301,0.3182104527950287,-0.005864777136594057
35,hand,14,1,0.4146859049797058,0.3481180667877197,-0.011322056874632835
35,hand,15,1,0.40703195333480835,0.3603900074958801,-0.010213171131908894
35,hand,16,1,0.40264320373535156,0.3600512742996216,-0.008380195125937462
35,hand,17,1,0.40034550428390503,0.3177284598350525,-0.009445766918361187
35,hand,18,1,0.4064389169216156,0.3404904901981354,-0.011952158994972706
35,hand,19,1,0.4018215537071228,0.3516935110092163,-0.010121929459273815
35,hand,20,1,0.3983912169933319,0.3527798354625702,-0.008020239882171154
35,pose,0,-1,0.4541776478290558,0.1643381416797638,-0.2304302304983139
35,pose,1,-1,0.46198418736457825,0.1383087933063507,-0.1939060240983963
35,pose,2,-1,0.466590017080307,0.13941602408885956,-0.19381669163703918
35,pose,3,-1,0.4725141227245331,0.1403735876083374,-0.19365061819553375
35,pose,4,-1,0.44478434324264526,0.1359296441078186,-0.19994282722473145
35,pose,5,-1,0.4375981092453003,0.13553234934806824,-0.2001180201768875
35,pose,6,-1,0.4315727949142456,0.13577452301979065,-0.2001229226589203
35,pose,7,-1,0.4789082407951355,0.15457434952259064,-0.019223341718316078
35,pose,8,-1,0.42220112681388855,0.15257558226585388,-0.04776449501514435
35,pose,9,-1,0.4632936120033264,0.19890834391117096,-0.1696396917104721
35,pose,10,-1,0.442146360874176,0.1981370747089386,-0.1784258931875229
35,pose,11,-1,0.5183993577957153,0.3095495402812958,0.057206280529499054
35,pose,12,-1,0.37767404317855835,0.3200218081474304,-0.005590745247900486
35,pose,13,-1,0.6202535629272461,0.43310075998306274,-0.11683493107557297
35,pose,14,-1,0.2936111092567444,0.48304232954978943,-0.18850746750831604
35,pose,15,-1,0.5574467778205872,0.26304107904434204,-0.3739457428455353
35,pose,16,-1,0.3725719749927521,0.3526915907859802,-0.37579062581062317
35,pose,17,-1,0.5378685593605042,0.22077253460884094,-0.42958828806877136
35,pose,18,-1,0.3933245539665222,0.3397290110588074,-0.4222138822078705
35,pose,19,-1,0.5301450490951538,0.2209259569644928,-0.3912280797958374
35,pose,20,-1,0.4050085246562958,0.3338451683521271,-0.3801421821117401
35,pose,21,-1,0.5302001237869263,0.23534958064556122,-0.3649945557117462
35,pose,22,-1,0.4033651053905487,0.3385160267353058,-0.3635500967502594
35,pose,23,-1,0.5014653205871582,0.7243623733520508,0.025184474885463715
35,pose,24,-1,0.4163609743118286,0.7325178980827332,-0.024181094020605087
35,pose,25,-1,0.5062422156333923,1.0031003952026367,-0.016383280977606773
35,pose,26,-1,0.4310120642185211,1.0227495431900024,-0.020458238199353218
35,pose,27,-1,0.5254868268966675,1.309140682220459,0.23518088459968567
35,pose,28,-1,0.448478639125824,1.3093382120132446,0.179742231965065
35,pose,29,-1,0.5309026837348938,1.346373200416565,0.25276777148246765
35,pose,30,-1,0.4469897150993347,1.345168113708496,0.1954074203968048
35,pose,31,-1,0.5161113142967224,1.3938186168670654,0.1074063777923584
35,pose,32,-1,0.4654518663883209,1.3926218748092651,0.030262235552072525
36,hand,0,0,0.5331909656524658,0.2982942461967468,-1.4081361143780668e-07
36,hand,1,0,0.5196420550346375,0.2977116107940674,-0.0017347955144941807
36,hand,2,0,0.5073575377464294,0.2898579239845276,-0.004143060185015202
36,hand,3,0,0.500646710395813,0.28197431564331055,-0.007147911936044693
36,hand,4,0,0.4982737600803375,0.27709338068962097,-0.0100499102845788
36,hand,5,0,0.5095447897911072,0.25130200386047363,-0.0019351165974512696
36,hand,6,0,0.4991719126701355,0.24776950478553772,-0.007529641967266798
36,hand,7,0,0.4977092742919922,0.2632788419723511,-0.011812405660748482
36,hand,8,0,0.499701589345932,0.27338260412216187,-0.014284049160778522
36,hand,9,0,0.5160939693450928,0.24896860122680664,-0.004163219593465328
36,hand,10,0,0.5052222013473511,0.247637078166008,-0.00920718815177679
36,hand,11,0,0.5032715201377869,0.2648901343345642,-0.011331786401569843
36,hand,12,0,0.5048180222511292,0.2752256691455841,-0.012196284718811512
36,hand,13,0,0.5232651829719543,0.25066226720809937,-0.0069772363640367985
36,hand,14,0,0.5139045119285583,0.2513734996318817,-0.012231044471263885
36,hand,15,0,0.5133788585662842,0.26950177550315857,-0.011438233777880669
36,hand,16,0,0.5157421231269836,0.28011655807495117,-0.010065448470413685
36,hand,17,0,0.5308374762535095,0.2557125687599182,-0.009984530508518219
36,hand,18,0,0.5221495628356934,0.2582325339317322,-0.013701220974326134
36,hand,19,0,0.5210233330726624,0.27352094650268555,-0.01215831097215414
36,hand,20,0,0.5224781632423401,0.2828042209148407,-0.01029195636510849
36,hand,0,1,0.3827451169490814,0.38530081510543823,-7.728257855887932e-08
36,hand,1,1,0.39989885687828064,0.39175403118133545,-0.0007143229595385492
36,hand,2,1,0.41743555665016174,0.3905736207962036,-0.002886190079152584
36,hand,3,1,0.43058037757873535,0.3954220414161682,-0.00601262878626585
36,hand,4,1,0.4405088722705841,0.4039579927921295,-0.008731224574148655
36,hand,5,1,0.4206337630748749,0.349460244178772,-0.00011029249435523525
36,hand,6,1,0.4293566346168518,0.36946484446525574,-0.005536333192139864
36,hand,7,1,0.42239677906036377,0.3821975290775299,-0.009831169620156288
36,hand,8,1,0.4163001775741577,0.3850477635860443,-0.012374117970466614
36,hand,9,1,0.4147949516773224,0.34190109372138977,-0.002456803573295474
36,hand,10,1,0.4217774271965027,0.36735233664512634,-0.006484895944595337
36,hand,11,1,0.4150151014328003,0.379896342754364,-0.008101915940642357
36,hand,12,1,0.40960419178009033,0.3820006251335144,-0.008966553024947643
36,hand,13,1,0.407966673374176,0.33931729197502136,-0.005397786386311054
36,hand,14,1,0.4140525460243225,0.36444535851478577,-0.00831772293895483
36,hand,15,1,0.4085906744003296,0.3760274350643158,-0.0069131553173065186
36,hand,16,1,0.4038149118423462,0.377895325422287,-0.005698335822671652
36,hand,17,1,0.4005911946296692,0.34038111567497253,-0.008744189515709877
36,hand,18,1,0.4062768816947937,0.35902342200279236,-0.009614788927137852
36,hand,19,1,0.4027446508407593,0.3694304823875427,-0.0073438831605017185
36,hand,20,1,0.39900147914886475,0.37211906909942627,-0.00535387871786952
36,pose,0,-1,0.453279048204422,0.16451215744018555,-0.2246447652578354
36,pose,1,-1,0.46171075105667114,0.1383228600025177,-0.1903882771730423
36,pose,2,-1,0.46607547998428345,0.1394205093383789,-0.19035719335079193
36,pose,3,-1,0.47194042801856995,0.14037635922431946,-0.1902441680431366
36,pose,4,-1,0.44422444701194763,0.13597245514392853,-0.1953657567501068
36,pose,5,-1,0.43695196509361267,0.1355932354927063,-0.19550040364265442
36,pose,6,-1,0.4309888780117035,0.13583850860595703,-0.19553281366825104
36,pose,7,-1,0.4785900115966797,0.15457256138324738,-0.01840016059577465
36,pose,8,-1,0.42200085520744324,0.152452751994133,-0.04234526306390762
36,pose,9,-1,0.4628564417362213,0.19892193377017975,-0.16415689885616302
36,pose,10,-1,0.4410807490348816,0.1981736421585083,-0.1714874655008316
36,pose,11,-1,0.5185490846633911,0.31217101216316223,0.06574927270412445
36,pose,12,-1,0.37758782505989075,0.32025277614593506,0.00877081323415041
36,pose,13,-1,0.6147639155387878,0.45755109190940857,-0.09092922508716583
36,pose,14,-1,0.30111926794052124,0.49499964714050293,-0.17070432007312775
36,pose,15,-1,0.5516397953033447,0.28985288739204407,-0.33890393376350403
36,pose,16,-1,0.3750500977039337,0.3747071623802185,-0.37710294127464294
36,pose,17,-1,0.5358021855354309,0.2492414116859436,-0.3916926980018616
36,pose,18,-1,0.3957453966140747,0.35877054929733276,-0.4237572252750397
36,pose,19,-1,0.5281933546066284,0.24822834134101868,-0.3551389276981354
36,pose,20,-1,0.40650975704193115,0.349555104970932,-0.38503989577293396
36,pose,21,-1,0.5278252959251404,0.2638770639896393,-0.3293853998184204
36,pose,22,-1,0.4048447608947754,0.354287326335907,-0.3654111921787262
36,pose,23,-1,0.5016548037528992,0.7244816422462463,0.024866562336683273
36,pose,24,-1,0.416702538728714,0.7327030301094055,-0.02389541268348694
36,pose,25,-1,0.506249725818634,1.0042961835861206,-0.02596043236553669
36,pose,26,-1,0.4310738444328308,1.0240815877914429,-0.02262907475233078
36,pose,27,-1,0.5253170728683472,1.3087102174758911,0.2593933343887329
36,pose,28,-1,0.4484391510486603,1.3102275133132935,0.1742255836725235
36,pose,29,-1,0.5306954979896545,1.3442047834396362,0.28209537267684937
36,pose,30,-1,0.44696760177612305,1.3458020687103271,0.18889150023460388
36,pose,31,-1,0.5156403183937073,1.393746256828308,0.13942185044288635
36,pose,32,-1,0.46530354022979736,1.3956624269485474,0.01393918227404356
37,hand,0,0,0.3842451274394989,0.4082832634449005,1.40216060984244e-08
37,hand,1,0,0.4012356400489807,0.4131629168987274,0.0005036466172896326
37,hand,2,0,0.416200190782547,0.40964263677597046,-0.0003528923261910677
37,hand,3,0,0.426310271024704,0.40701162815093994,-0.0021765464916825294
37,hand,4,0,0.43449512124061584,0.4109709858894348,-0.004052787087857723
37,hand,5,0,0.41988712549209595,0.3727498948574066,0.0006617720355279744
37,hand,6,0,0.42774635553359985,0.3922480046749115,-0.003116409294307232
37,hand,7,0,0.4313541352748871,0.406362384557724,-0.006831655278801918
37,hand,8,0,0.4336085617542267,0.4177280068397522,-0.009331752546131611
37,hand,9,0,0.41427841782569885,0.3699288070201874,-0.001771916402503848
37,hand,10,0,0.42187073826789856,0.39209458231925964,-0.0046013714745640755
37,hand,11,0,0.42441117763519287,0.4068329334259033,-0.006705308333039284
37,hand,12,0,0.42560696601867676,0.4172969460487366,-0.008287018164992332
37,hand,13,0,0.40747806429862976,0.37242230772972107,-0.004432516638189554
37,hand,14,0,0.4149985909461975,0.3931668698787689,-0.006928104907274246
37,hand,15,0,0.41695359349250793,0.40586239099502563,-0.00695962505415082
37,hand,16,0,0.4172222912311554,0.4146000146865845,-0.00680301059037447
37,hand,17,0,0.40062597393989563,0.3783523738384247,-0.007316833361983299
37,hand,18,0,0.4075152277946472,0.3937848210334778,-0.00840416643768549
37,hand,19,0,0.40981900691986084,0.40360477566719055,-0.007319499272853136
37,hand,20,0,0.4105212390422821,0.4102705717086792,-0.006249353289604187
37,pose,0,-1,0.45247161388397217,0.16476890444755554,-0.2195352464914322
37,pose,1,-1,0.46143558621406555,0.13845843076705933,-0.1886041760444641
37,pose,2,-1,0.4657590687274933,0.1394716203212738,-0.18865875899791718
37,pose,3,-1,0.47166574001312256,0.1403762847185135,-0.18861471116542816
37,pose,4,-1,0.4435979723930359,0.13629089295864105,-0.19224287569522858
37,pose,5,-1,0.4362565577030182,0.1359516680240631,-0.19234539568424225
37,pose,6,-1,0.43033984303474426,0.13617520034313202,-0.19238492846488953
37,pose,7,-1,0.4784402549266815,0.1541549116373062,-0.020965522155165672
37,pose,8,-1,0.42183926701545715,0.15245167911052704,-0.038197506219148636
37,pose,9,-1,0.4624174237251282,0.19882750511169434,-0.159314826130867
37,pose,10,-1,0.4400824010372162,0.19819170236587524,-0.16425447165966034
37,pose,11,-1,0.5209336280822754,0.31237417459487915,0.0682179182767868
37,pose,12,-1,0.37748482823371887,0.3210756480693817,0.025334514677524567
37,pose,13,-1,0.6080945134162903,0.48101183772087097,-0.08401929587125778
37,pose,14,-1,0.3112892508506775,0.509689450263977,-0.13008476793766022
37,pose,15,-1,0.5487611293792725,0.3573766350746155,-0.34241265058517456
37,pose,16,-1,0.37511536478996277,0.41413575410842896,-0.38032302260398865
37,pose,17,-1,0.5310081839561462,0.3288629651069641,-0.4002634584903717
37,pose,18,-1,0.3957783877849579,0.3963264226913452,-0.43011751770973206
37,pose,19,-1,0.5239341855049133,0.3173125386238098,-0.36994266510009766
37,pose,20,-1,0.4063595235347748,0.3799925744533539,-0.4048959016799927
37,pose,21,-1,0.5250095129013062,0.32527977228164673,-0.33518922328948975
37,pose,22,-1,0.40382859110832214,0.38438889384269714,-0.3723505735397339
37,pose,23,-1,0.5016264915466309,0.7239788174629211,0.0194073598831892
37,pose,24,-1,0.41654160618782043,0.7319862842559814,-0.01859472319483757
37,pose,25,-1,0.5062486529350281,1.0043320655822754,-0.0422101691365242
37,pose,26,-1,0.4311653673648834,1.0240803956985474,-0.03661910817027092
37,pose,27,-1,0.5252879858016968,1.3019587993621826,0.2627313435077667
37,pose,28,-1,0.44934409856796265,1.3094234466552734,0.19442471861839294
37,pose,29,-1,0.5306451916694641,1.3335553407669067,0.2871551215648651
37,pose,30,-1,0.4485052525997162,1.3429820537567139,0.21420593559741974
37,pose,31,-1,0.5156254172325134,1.3903977870941162,0.14869117736816406
37,pose,32,-1,0.4658348262310028,1.3953269720077515,0.052497122436761856
38,pose,0,-1,0.4521638751029968,0.16511283814907074,-0.21742497384548187
38,pose,1,-1,0.4612498879432678,0.1390073597431183,-0.18790026009082794
38,pose,2,-1,0.46552425622940063,0.13978932797908783,-0.18798966705799103
38,pose,3,-1,0.4714284837245941,0.14050140976905823,-0.18796320259571075
38,pose,4,-1,0.44332394003868103,0.13725757598876953,-0.19171203672885895
38,pose,5,-1,0.43604299426078796,0.13691425323486328,-0.19178828597068787
38,pose,6,-1,0.4301000237464905,0.1371147185564041,-0.19179421663284302
38,pose,7,-1,0.4782613217830658,0.15407896041870117,-0.022787155583500862
38,pose,8,-1,0.4217991530895233,0.15277549624443054,-0.0408821776509285
38,pose,9,-1,0.46218812465667725,0.19875694811344147,-0.15761032700538635
38,pose,10,-1,0.43976402282714844,0.19825021922588348,-0.16288457810878754
38,pose,11,-1,0.5214503407478333,0.31307774782180786,0.06689486652612686
38,pose,12,-1,0.3769013583660126,0.32545238733291626,0.03302127867937088
38,pose,13,-1,0.6006289720535278,0.4967944025993347,-0.04956592246890068
38,pose,14,-1,0.32007473707199097,0.5260442495346069,-0.09902644902467728
38,pose,15,-1,0.5436901450157166,0.4014533758163452,-0.3168093264102936
38,pose,16,-1,0.3782580494880676,0.45547816157341003,-0.3690825402736664
38,pose,17,-1,0.5288406014442444,0.3790872097015381,-0.374483585357666
38,pose,18,-1,0.3978293240070343,0.4361271858215332,-0.4210619032382965
38,pose,19,-1,0.5208536386489868,0.36644935607910156,-0.35386282205581665
38,pose,20,-1,0.4061658978462219,0.4171276092529297,-0.39934441447257996
38,pose,21,-1,0.521790087223053,0.3728645145893097,-0.312470942735672
38,pose,22,-1,0.4036989212036133,0.42190757393836975,-0.3652142584323883
38,pose,23,-1,0.5016407370567322,0.7221783399581909,0.013993065804243088
38,pose,24,-1,0.41661277413368225,0.7311614155769348,-0.013262138701975346
38,pose,25,-1,0.5062782168388367,1.0041159391403198,-0.044206440448760986
38,pose,26,-1,0.43137291073799133,1.0231525897979736,-0.036942340433597565
38,pose,27,-1,0.5245376825332642,1.3007019758224487,0.24769888818264008
38,pose,28,-1,0.4499009847640991,1.3087751865386963,0.18626020848751068
38,pose,29,-1,0.5290902256965637,1.33179771900177,0.27046459913253784
38,pose,30,-1,0.44983741641044617,1.3402180671691895,0.20393744111061096
38,pose,31,-1,0.5158329010009766,1.3890094757080078,0.13846628367900848
38,pose,32,-1,0.46598872542381287,1.3954691886901855,0.04029468074440956
39,pose,0,-1,0.45196178555488586,0.16513998806476593,-0.3138737976551056
39,pose,1,-1,0.4610369801521301,0.13901621103286743,-0.2895266115665436
39,pose,2,-1,0.4652576148509979,0.1397886872291565,-0.28964054584503174
39,pose,3,-1,0.47122427821159363,0.14049027860164642,-0.289615660905838
39,pose,4,-1,0.4430514872074127,0.13736896216869354,-0.2929757535457611
39,pose,5,-1,0.43580523133277893,0.13706699013710022,-0.29307302832603455
39,pose,6,-1,0.42989715933799744,0.13729164004325867,-0.2931685447692871
39,pose,7,-1,0.47821033000946045,0.15399867296218872,-0.1243629902601242
39,pose,8,-1,0.42179203033447266,0.15291355550289154,-0.1378369927406311
39,pose,9,-1,0.4621003568172455,0.19856563210487366,-0.2510973811149597
39,pose,10,-1,0.43965303897857666,0.19826403260231018,-0.2550167143344879
39,pose,11,-1,0.5232032537460327,0.3134666085243225,-0.004803272895514965
39,pose,12,-1,0.3763642907142639,0.3282541334629059,-0.031685687601566315
39,pose,13,-1,0.5905746221542358,0.5157278180122375,-0.06736372411251068
39,pose,14,-1,0.32832130789756775,0.5358880162239075,-0.12548978626728058
39,pose,15,-1,0.5442307591438293,0.4688151776790619,-0.3892216980457306
39,pose,16,-1,0.38205379247665405,0.4950226843357086,-0.42743995785713196
39,pose,17,-1,0.5290926098823547,0.4642615020275116,-0.45348960161209106
39,pose,18,-1,0.40122318267822266,0.49207860231399536,-0.4810037612915039
39,pose,19,-1,0.5210685729980469,0.44244489073753357,-0.44753411412239075
39,pose,20,-1,0.40676459670066833,0.4683595895767212,-0.47801998257637024
39,pose,21,-1,0.521864116191864,0.44217002391815186,-0.3911709785461426
39,pose,22,-1,0.4040389358997345,0.4670715928077698,-0.42790621519088745
39,pose,23,-1,0.5020104646682739,0.7222698926925659,0.012495581991970539
39,pose,24,-1,0.41661781072616577,0.7321804165840149,-0.011748638935387135
39,pose,25,-1,0.5064287781715393,1.0020979642868042,-0.045081932097673416
39,pose,26,-1,0.43138745427131653,1.0208908319473267,-0.03610854595899582
39,pose,27,-1,0.5244742631912231,1.2940813302993774,0.25101006031036377
39,pose,28,-1,0.44896963238716125,1.306074857711792,0.18248330056667328
39,pose,29,-1,0.5284518003463745,1.3254023790359497,0.2732973098754883
39,pose,30,-1,0.4491320252418518,1.3381307125091553,0.19649966061115265
39,pose,31,-1,0.516153872013092,1.3824944496154785,0.13326644897460938
39,pose,32,-1,0.4657122492790222,1.3950707912445068,0.008456455543637276
40,pose,0,-1,0.45172491669654846,0.16517595946788788,-0.3423742651939392
40,pose,1,-1,0.46081632375717163,0.13909001648426056,-0.3175477683544159
40,pose,2,-1,0.4650270640850067,0.13982237875461578,-0.31767019629478455
40,pose,3,-1,0.4709971845149994,0.14049047231674194,-0.3176305592060089
40,pose,4,-1,0.4425811171531677,0.13758480548858643,-0.32194456458091736
40,pose,5,-1,0.43540158867836,0.13735878467559814,-0.32205092906951904
40,pose,6,-1,0.4295497536659241,0.1376297026872635,-0.3222014605998993
40,pose,7,-1,0.47808757424354553,0.15398366749286652,-0.14891839027404785
40,pose,8,-1,0.4216800928115845,0.15322348475456238,-0.16642002761363983
40,pose,9,-1,0.4620354473590851,0.19841566681861877,-0.27852922677993774
40,pose,10,-1,0.43941354751586914,0.19833506643772125,-0.2836199402809143
40,pose,11,-1,0.5247077345848083,0.31515631079673767,-0.027042167261242867
40,pose,12,-1,0.3761173188686371,0.3298632800579071,-0.06371691077947617
40,pose,13,-1,0.5765323042869568,0.5234305262565613,-0.07081422954797745
40,pose,14,-1,0.33833280205726624,0.5386775135993958,-0.1344175934791565
40,pose,15,-1,0.5402331948280334,0.5198226571083069,-0.4144650399684906
40,pose,16,-1,0.38534489274024963,0.5403544306755066,-0.4358345866203308
40,pose,17,-1,0.5251736044883728,0.5327051877975464,-0.48443156480789185
40,pose,18,-1,0.4047512114048004,0.554362416267395,-0.4921266734600067
40,pose,19,-1,0.520004153251648,0.5099636912345886,-0.4869031608104706
40,pose,20,-1,0.4098232090473175,0.5330080389976501,-0.49946245551109314
40,pose,21,-1,0.521495521068573,0.5029035210609436,-0.42010244727134705
40,pose,22,-1,0.40666893124580383,0.5252317786216736,-0.44047439098358154
40,pose,23,-1,0.5022099614143372,0.7224401831626892,0.014210939407348633
40,pose,24,-1,0.4160923361778259,0.7327646613121033,-0.0134516516700387
40,pose,25,-1,0.5066249370574951,1.0018060207366943,-0.043245669454336166
40,pose,26,-1,0.4311569631099701,1.0209064483642578,-0.03024168685078621
40,pose,27,-1,0.5262656807899475,1.2912073135375977,0.23865772783756256
40,pose,28,-1,0.4491473138332367,1.3032746315002441,0.20918236672878265
40,pose,29,-1,0.5295922756195068,1.3243334293365479,0.25699153542518616
40,pose,30,-1,0.4492187798023224,1.3350588083267212,0.2257198989391327
40,pose,31,-1,0.5206524133682251,1.3764539957046509,0.0950566902756691
40,pose,32,-1,0.4675236940383911,1.3913359642028809,0.04063904657959938
41,pose,0,-1,0.45145633816719055,0.16504772007465363,-0.3534587323665619
41,pose,1,-1,0.4605758786201477,0.1389477699995041,-0.3278369903564453
41,pose,2,-1,0.4648038148880005,0.13964201509952545,-0.327953964471817
41,pose,3,-1,0.4707562029361725,0.14022581279277802,-0.3279576897621155
41,pose,4,-1,0.44219061732292175,0.13756674528121948,-0.33023497462272644
41,pose,5,-1,0.43527811765670776,0.1373622715473175,-0.33028438687324524
41,pose,6,-1,0.4294489026069641,0.1376461237668991,-0.33041897416114807
41,pose,7,-1,0.47801098227500916,0.15369541943073273,-0.160939022898674
41,pose,8,-1,0.42167526483535767,0.15321041643619537,-0.1707107275724411
41,pose,9,-1,0.46198052167892456,0.19781503081321716,-0.2906658351421356
41,pose,10,-1,0.43929949402809143,0.19829414784908295,-0.29350608587265015
41,pose,11,-1,0.5257079005241394,0.317416250705719,-0.042820677161216736
41,pose,12,-1,0.3762754797935486,0.3296772837638855,-0.08016462624073029
41,pose,13,-1,0.5693973898887634,0.5176271796226501,-0.050372879952192307
41,pose,14,-1,0.34477245807647705,0.5327757000923157,-0.13851110637187958
41,pose,15,-1,0.5394113659858704,0.5900614857673645,-0.29717350006103516
41,pose,16,-1,0.3849848210811615,0.5890935063362122,-0.4212803840637207
41,pose,17,-1,0.5239391326904297,0.6302623748779297,-0.3641062080860138
41,pose,18,-1,0.40355244278907776,0.6229413747787476,-0.47965988516807556
41,pose,19,-1,0.5170189738273621,0.6125743985176086,-0.39326080679893494
41,pose,20,-1,0.4094296097755432,0.6012826561927795,-0.49669381976127625
41,pose,21,-1,0.5190513730049133,0.5998129844665527,-0.3090392053127289
41,pose,22,-1,0.406497597694397,0.5884161591529846,-0.42883312702178955
41,pose,23,-1,0.5022836327552795,0.7239863276481628,0.015225734561681747
41,pose,24,-1,0.41592979431152344,0.7331007122993469,-0.014543185941874981
41,pose,25,-1,0.5066193342208862,1.0035303831100464,-0.042261261492967606
41,pose,26,-1,0.4307822287082672,1.0210527181625366,-0.04394835978746414
41,pose,27,-1,0.5255153179168701,1.2945683002471924,0.24016253650188446
41,pose,28,-1,0.4491209089756012,1.3028600215911865,0.24277201294898987
41,pose,29,-1,0.5268238186836243,1.3281617164611816,0.2591530382633209
41,pose,30,-1,0.44920650124549866,1.3330134153366089,0.26659610867500305
41,pose,31,-1,0.5215211510658264,1.380977988243103,0.10195394605398178
41,pose,32,-1,0.4670986533164978,1.3904757499694824,0.1003027930855751
42,pose,0,-1,0.45115604996681213,0.16351468861103058,-0.3673225939273834
42,pose,1,-1,0.4603697955608368,0.13718529045581818,-0.34229156374931335
42,pose,2,-1,0.4646531343460083,0.13792212307453156,-0.34244096279144287
42,pose,3,-1,0.4706231355667114,0.1386147290468216,-0.3424977660179138
42,pose,4,-1,0.4416436553001404,0.13637997210025787,-0.343258798122406
42,pose,5,-1,0.4350180923938751,0.1365181803703308,-0.34332987666130066
42,pose,6,-1,0.4292418658733368,0.13714540004730225,-0.3434427082538605
42,pose,7,-1,0.47800081968307495,0.15269100666046143,-0.18372799456119537
42,pose,8,-1,0.42158859968185425,0.15277740359306335,-0.1885865181684494
42,pose,9,-1,0.46196284890174866,0.1958695650100708,-0.30768072605133057
42,pose,10,-1,0.4392015039920807,0.19722725450992584,-0.30902737379074097
42,pose,11,-1,0.5260128378868103,0.31844431161880493,-0.07371541112661362
42,pose,12,-1,0.3767426311969757,0.32953327894210815,-0.09975092858076096
42,pose,13,-1,0.5646016001701355,0.519269585609436,-0.029788177460432053
42,pose,14,-1,0.3514713644981384,0.530539333820343,-0.11798644810914993
42,pose,15,-1,0.5380764603614807,0.6466306447982788,-0.20501449704170227
42,pose,16,-1,0.3856816589832306,0.6499650478363037,-0.3453487455844879
42,pose,17,-1,0.5242319703102112,0.70392245054245,-0.26383069157600403
42,pose,18,-1,0.40357473492622375,0.7023233771324158,-0.4015268087387085
42,pose,19,-1,0.517412543296814,0.6868933439254761,-0.2970123291015625
42,pose,20,-1,0.41061076521873474,0.6808130741119385,-0.45507529377937317
42,pose,21,-1,0.5187843441963196,0.6693614721298218,-0.21946480870246887
42,pose,22,-1,0.4075581133365631,0.665175199508667,-0.36356061697006226
42,pose,23,-1,0.5023145079612732,0.7239886522293091,0.015234624966979027
42,pose,24,-1,0.4163450300693512,0.733142614364624,-0.014620710164308548
42,pose,25,-1,0.5063322186470032,0.9993095993995667,-0.041919175535440445
42,pose,26,-1,0.4301750957965851,1.0093046426773071,-0.061904847621917725
42,pose,27,-1,0.518285870552063,1.2753275632858276,0.281149685382843
42,pose,28,-1,0.4484965205192566,1.2845065593719482,0.23898115754127502
42,pose,29,-1,0.5178150534629822,1.3035666942596436,0.3073282241821289
42,pose,30,-1,0.44919392466545105,1.3094295263290405,0.26451772451400757
42,pose,31,-1,0.5180090665817261,1.366118311882019,0.16958265006542206
42,pose,32,-1,0.46371179819107056,1.3697749376296997,0.10935013741254807
43,hand,0,0,0.5317379236221313,0.6950703263282776,6.436616217797564e-08
43,hand,1,0,0.5185526609420776,0.6977484822273254,-0.007124429102987051
43,hand,2,0,0.508887529373169,0.714831531047821,-0.010191230103373528
43,hand,3,0,0.5018450617790222,0.7331354022026062,-0.011949686333537102
43,hand,4,0,0.4972522556781769,0.7487244009971619,-0.013301505707204342
43,hand,5,0,0.51968914270401,0.7450904250144958,-0.009087811224162579
43,hand,6,0,0.5143591165542603,0.7736071348190308,-0.013024554587900639
43,hand,7,0,0.5086380243301392,0.7853944301605225,-0.015188985504209995
43,hand,8,0,0.5035075545310974,0.7914057970046997,-0.01612081378698349
43,hand,9,0,0.5265033841133118,0.7498801946640015,-0.00666070356965065
43,hand,10,0,0.5214174389839172,0.7781020402908325,-0.009731431491672993
43,hand,11,0,0.5158482193946838,0.790096640586853,-0.011072346940636635
43,hand,12,0,0.5106580257415771,0.7965975999832153,-0.011803757399320602
43,hand,13,0,0.5315291285514832,0.7510514855384827,-0.004647806752473116
43,hand,14,0,0.5273513197898865,0.7769984602928162,-0.007186288014054298
43,hand,15,0,0.5229620337486267,0.7879990339279175,-0.007842791266739368
43,hand,16,0,0.5186790227890015,0.7948042154312134,-0.008040559478104115
43,hand,17,0,0.5351171493530273,0.7496054172515869,-0.0031981535721570253
43,hand,18,0,0.5328947901725769,0.7720540165901184,-0.005181537475436926
43,hand,19,0,0.5295308828353882,0.7841010689735413,-0.005472348537296057
43,hand,20,0,0.5261055827140808,0.7916097640991211,-0.005312481429427862
43,hand,0,1,0.384273886680603,0.7036004662513733,-9.607235540443071e-08
43,hand,1,1,0.397737979888916,0.6947848796844482,-0.006995258387178183
43,hand,2,1,0.4118651747703552,0.702836275100708,-0.010802341625094414
43,hand,3,1,0.4220867455005646,0.7145325541496277,-0.013366756960749626
43,hand,4,1,0.42982903122901917,0.722636342048645,-0.015322319231927395
43,hand,5,1,0.40578484535217285,0.7447148561477661,-0.009300069883465767
43,hand,6,1,0.41900262236595154,0.761344850063324,-0.014031010679900646
43,hand,7,1,0.4268379509449005,0.7614679336547852,-0.017283815890550613
43,hand,8,1,0.4307880997657776,0.7565356492996216,-0.01878221519291401
43,hand,9,1,0.39949166774749756,0.756594717502594,-0.007230944000184536
43,hand,10,1,0.41434356570243835,0.7701343297958374,-0.010393422096967697
43,hand,11,1,0.4223312735557556,0.7688062787055969,-0.011765152215957642
43,hand,12,1,0.4264955520629883,0.7634459137916565,-0.012486174702644348
43,hand,13,1,0.3946487605571747,0.7624788284301758,-0.00571870943531394
43,hand,14,1,0.4088132977485657,0.7753926515579224,-0.008707075379788876
43,hand,15,1,0.41744115948677063,0.7740709781646729,-0.008964935317635536
43,hand,16,1,0.422944575548172,0.7695842981338501,-0.008634309284389019
43,hand,17,1,0.39127030968666077,0.7636129260063171,-0.004670889116823673
43,hand,18,1,0.4037281274795532,0.7747944593429565,-0.007433569990098476
43,hand,19,1,0.41169849038124084,0.776663601398468,-0.007631394546478987
43,hand,20,1,0.41759204864501953,0.7750145792961121,-0.006970604881644249
43,pose,0,-1,0.45089444518089294,0.1617596447467804,-0.43979454040527344
43,pose,1,-1,0.4602189064025879,0.13469462096691132,-0.4164139926433563
43,pose,2,-1,0.46454742550849915,0.13545772433280945,-0.41651856899261475
43,pose,3,-1,0.4705098271369934,0.13630834221839905,-0.4165906310081482
43,pose,4,-1,0.4412493407726288,0.13444772362709045,-0.41779640316963196
43,pose,5,-1,0.4347118139266968,0.1348693072795868,-0.4178844094276428
43,pose,6,-1,0.4289967119693756,0.1359475702047348,-0.4179988205432892
43,pose,7,-1,0.4779931604862213,0.15125024318695068,-0.2586134970188141
43,pose,8,-1,0.42130428552627563,0.15169215202331543,-0.26645785570144653
43,pose,9,-1,0.4619525969028473,0.19352813065052032,-0.37980490922927856
43,pose,10,-1,0.43911415338516235,0.19557040929794312,-0.3817831575870514
43,pose,11,-1,0.5262330770492554,0.3185976445674896,-0.13683262467384338
43,pose,12,-1,0.3772028982639313,0.3294675052165985,-0.17832276225090027
43,pose,13,-1,0.5584070086479187,0.5255718231201172,-0.04833884537220001
43,pose,14,-1,0.3579355776309967,0.5388396382331848,-0.13656261563301086
43,pose,15,-1,0.5349375605583191,0.6937705874443054,-0.19241397082805634
43,pose,16,-1,0.3860849440097809,0.6950065493583679,-0.3103557825088501
43,pose,17,-1,0.5244141221046448,0.7521876692771912,-0.24483759701251984
43,pose,18,-1,0.4020918607711792,0.7465456128120422,-0.36145681142807007
43,pose,19,-1,0.5176982283592224,0.7436069846153259,-0.2822706997394562
43,pose,20,-1,0.41028720140457153,0.7343819737434387,-0.40323930978775024
43,pose,21,-1,0.5180650353431702,0.7269254922866821,-0.20862732827663422
43,pose,22,-1,0.4077318012714386,0.7173233032226562,-0.32649117708206177
43,pose,23,-1,0.5018156170845032,0.7207213044166565,0.015312358736991882
43,pose,24,-1,0.4163035452365875,0.7269132733345032,-0.01485678181052208
43,pose,25,-1,0.5050627589225769,0.9907050132751465,-0.024989141151309013
43,pose,26,-1,0.4298541247844696,0.9961448311805725,-0.05720018222928047
43,pose,27,-1,0.5129730105400085,1.2235894203186035,0.37182796001434326
43,pose,28,-1,0.4467954635620117,1.2383577823638916,0.27191397547721863
43,pose,29,-1,0.5110360383987427,1.245043158531189,0.40557894110679626
43,pose,30,-1,0.44882282614707947,1.2575489282608032,0.3003025949001312
43,pose,31,-1,0.5155915021896362,1.3223882913589478,0.27592733502388
43,pose,32,-1,0.4595215618610382,1.3303279876708984,0.1419939249753952
44,hand,0,0,0.5384686589241028,0.7130879163742065,1.4733532793798076e-07
44,hand,1,0,0.5242523550987244,0.7209221124649048,-0.007084980607032776
44,hand,2,0,0.513512909412384,0.7431578636169434,-0.009498408995568752
44,hand,3,0,0.5060731172561646,0.765431821346283,-0.010481934063136578
44,hand,4,0,0.5013399124145508,0.7838640809059143,-0.010998932644724846
44,hand,5,0,0.5250062942504883,0.7691866159439087,-0.00630222400650382
44,hand,6,0,0.5202878713607788,0.7964296936988831,-0.009465368464589119
44,hand,7,0,0.5162245035171509,0.8133746385574341,-0.01184764876961708
44,hand,8,0,0.5128152966499329,0.8268970251083374,-0.01310514286160469
44,hand,9,0,0.5316522717475891,0.7732622027397156,-0.0036147034261375666
44,hand,10,0,0.5272196531295776,0.799400269985199,-0.006217947695404291
44,hand,11,0,0.5230168700218201,0.816862940788269,-0.008128385990858078
44,hand,12,0,0.5190760493278503,0.8310189843177795,-0.009126720018684864
44,hand,13,0,0.5362446308135986,0.774602472782135,-0.001375321764498949
44,hand,14,0,0.5319872498512268,0.7986526489257812,-0.0036158140283077955
44,hand,15,0,0.5283383727073669,0.8147934675216675,-0.00450164033100009
44,hand,16,0,0.525083065032959,0.827579915523529,-0.004595788661390543
44,hand,17,0,0.5390557646751404,0.7739251852035522,0.00025738374097272754
44,hand,18,0,0.5354953408241272,0.7958389520645142,-0.0015556568978354335
44,hand,19,0,0.5327132344245911,0.8095468282699585,-0.001583498320542276
44,hand,20,0,0.5299390554428101,0.8201501965522766,-0.0008734920993447304
44,hand,0,1,0.37870410084724426,0.717836320400238,1.8222205966367255e-08
44,hand,1,1,0.3924520015716553,0.715836226940155,-0.006193325389176607
44,hand,2,1,0.4063800275325775,0.7282902002334595,-0.009411197155714035
44,hand,3,1,0.4170077443122864,0.7409724593162537,-0.011544236913323402
44,hand,4,1,0.4253580868244171,0.7493607401847839,-0.01320561021566391
44,hand,5,1,0.3970922827720642,0.7582703232765198,-0.009686293080449104
44,hand,6,1,0.4061645269393921,0.7860428094863892,-0.015365125611424446
44,hand,7,1,0.4156188666820526,0.7989028692245483,-0.018937846645712852
44,hand,8,1,0.4241960644721985,0.8046284914016724,-0.0205436572432518
44,hand,9,1,0.3905907869338989,0.7669612765312195,-0.00864934641867876
44,hand,10,1,0.4014773666858673,0.793752908706665,-0.013738922774791718
44,hand,11,1,0.4129892587661743,0.8063656091690063,-0.01625758223235607
44,hand,12,1,0.42286011576652527,0.8130261301994324,-0.017381152138113976
44,hand,13,1,0.3864789307117462,0.7729482650756836,-0.007964489981532097
44,hand,14,1,0.39745962619781494,0.7990639805793762,-0.012711574323475361
44,hand,15,1,0.4085082411766052,0.8099196553230286,-0.01431700773537159
44,hand,16,1,0.4178983271121979,0.8153184056282043,-0.014375206083059311
44,hand,17,1,0.3846094608306885,0.7762223482131958,-0.007601570338010788
44,hand,18,1,0.393832266330719,0.7987444996833801,-0.011421688832342625
44,hand,19,1,0.40256401896476746,0.8095703721046448,-0.012242672964930534
44,hand,20,1,0.4107787311077118,0.8159748911857605,-0.011789693497121334
44,pose,0,-1,0.4507625997066498,0.15999481081962585,-0.48148617148399353
44,pose,1,-1,0.46011969447135925,0.13252288103103638,-0.4570866525173187
44,pose,2,-1,0.46446847915649414,0.13333536684513092,-0.4571760296821594
44,pose,3,-1,0.470400333404541,0.1342945098876953,-0.457235723733902
44,pose,4,-1,0.44103488326072693,0.1326424479484558,-0.46062585711479187
44,pose,5,-1,0.4344518780708313,0.13334251940250397,-0.4607422947883606
44,pose,6,-1,0.4288439154624939,0.13473831117153168,-0.4608592092990875
44,pose,7,-1,0.47798630595207214,0.14989471435546875,-0.2951616048812866
44,pose,8,-1,0.421142041683197,0.15094497799873352,-0.3128780722618103
44,pose,9,-1,0.46194836497306824,0.19151420891284943,-0.42001473903656006
44,pose,10,-1,0.4390881657600403,0.19423766434192657,-0.42491522431373596
44,pose,11,-1,0.5266960263252258,0.31944096088409424,-0.16641220450401306
44,pose,12,-1,0.3777683675289154,0.32939228415489197,-0.22888146340847015
44,pose,13,-1,0.552365243434906,0.5322818160057068,-0.071553073823452
44,pose,14,-1,0.36083629727363586,0.5487363934516907,-0.1958058476448059
44,pose,15,-1,0.5339453816413879,0.7323352098464966,-0.21793308854103088
44,pose,16,-1,0.38627591729164124,0.7328744530677795,-0.33575692772865295
44,pose,17,-1,0.5264643430709839,0.7923811078071594,-0.2703588604927063
44,pose,18,-1,0.4008810222148895,0.7877395153045654,-0.38636356592178345
44,pose,19,-1,0.5178757309913635,0.7887035012245178,-0.30771753191947937
44,pose,20,-1,0.4104676842689514,0.7828014492988586,-0.41322219371795654
44,pose,21,-1,0.5165099501609802,0.7706440687179565,-0.2348199039697647
44,pose,22,-1,0.40908917784690857,0.7658541798591614,-0.34706223011016846
44,pose,23,-1,0.5004661083221436,0.720531165599823,0.018454918637871742
44,pose,24,-1,0.41603490710258484,0.7256070375442505,-0.01825505681335926
44,pose,25,-1,0.5036292672157288,0.9876107573509216,-0.012579000554978848
44,pose,26,-1,0.4299345910549164,0.9922610521316528,-0.055370915681123734
44,pose,27,-1,0.5127570629119873,1.228664755821228,0.3722649812698364
44,pose,28,-1,0.44632208347320557,1.244086503982544,0.25766968727111816
44,pose,29,-1,0.511458694934845,1.2528908252716064,0.40328848361968994
44,pose,30,-1,0.44881513714790344,1.2656687498092651,0.28247034549713135
44,pose,31,-1,0.5155796408653259,1.3241666555404663,0.2622515857219696
44,pose,32,-1,0.4588280916213989,1.3367350101470947,0.11190271377563477
45,hand,0,0,0.5391752123832703,0.7318853139877319,1.4846129658963036e-07
45,hand,1,0,0.5247957110404968,0.7445860505104065,-0.007623978424817324
45,hand,2,0,0.5146697759628296,0.7697787880897522,-0.010049530304968357
45,hand,3,0,0.5076556205749512,0.7938946485519409,-0.011051086708903313
45,hand,4,0,0.502034604549408,0.8130940198898315,-0.011612093076109886
45,hand,5,0,0.5275411009788513,0.7925268411636353,-0.006162744946777821
45,hand,6,0,0.523155689239502,0.819672703742981,-0.009280788712203503
45,hand,7,0,0.5200707316398621,0.8376962542533875,-0.011944865807890892
45,hand,8,0,0.5177072286605835,0.8532743453979492,-0.013567354530096054
45,hand,9,0,0.5344038009643555,0.7959387898445129,-0.0033802478574216366
45,hand,10,0,0.5305765271186829,0.8223158121109009,-0.006240917835384607
45,hand,11,0,0.5270255208015442,0.840982973575592,-0.008745498023927212
45,hand,12,0,0.5237740278244019,0.8568163514137268,-0.01015661470592022
45,hand,13,0,0.5388785600662231,0.796506404876709,-0.0010524870594963431
45,hand,14,0,0.5354055166244507,0.8217145204544067,-0.003853352041915059
45,hand,15,0,0.5321526527404785,0.8389161825180054,-0.005205061752349138
45,hand,16,0,0.5292436480522156,0.8533838987350464,-0.005495229735970497
45,hand,17,0,0.5413450002670288,0.795330286026001,0.0006526429788209498
45,hand,18,0,0.5380935072898865,0.8183257579803467,-0.001690100529231131
45,hand,19,0,0.5352113246917725,0.8329036235809326,-0.0019627746660262346
45,hand,20,0,0.5320392847061157,0.8445026278495789,-0.0013323965249583125
45,hand,0,1,0.373958557844162,0.7353963851928711,2.0222302055117325e-08
45,hand,1,1,0.3892052471637726,0.7357498407363892,-0.005705862306058407
45,hand,2,1,0.4028876721858978,0.751032292842865,-0.008142112754285336
45,hand,3,1,0.41278743743896484,0.7669685482978821,-0.009591088630259037
45,hand,4,1,0.4205998182296753,0.7782415747642517,-0.010491558350622654
45,hand,5,1,0.3935035169124603,0.7814642786979675,-0.0070968447253108025
45,hand,6,1,0.4044802486896515,0.8080481290817261,-0.011457988992333412
45,hand,7,1,0.4133000075817108,0.8221860527992249,-0.014197171665728092
45,hand,8,1,0.42071059346199036,0.8301153182983398,-0.015386207960546017
45,hand,9,1,0.3859705924987793,0.7912091612815857,-0.006154677830636501
45,hand,10,1,0.3974081575870514,0.8183004260063171,-0.010077131912112236
45,hand,11,1,0.40817075967788696,0.8321067690849304,-0.012120467610657215
45,hand,12,1,0.41696831583976746,0.8398452997207642,-0.012966512702405453
45,hand,13,1,0.3810999393463135,0.7971020340919495,-0.005672112572938204
45,hand,14,1,0.3915483355522156,0.8231971859931946,-0.009606878273189068
45,hand,15,1,0.4020592272281647,0.8352440595626831,-0.011335904709994793
45,hand,16,1,0.4106859862804413,0.8416576385498047,-0.011643488891422749
45,hand,17,1,0.37867653369903564,0.7997443079948425,-0.00551980035379529
45,hand,18,1,0.3873184025287628,0.8223663568496704,-0.008877099491655827
45,hand,19,1,0.39583900570869446,0.833979070186615,-0.009736585430800915
45,hand,20,1,0.40352994203567505,0.8408631682395935,-0.00940972100943327
45,pose,0,-1,0.4505530595779419,0.15823796391487122,-0.4730295240879059
45,pose,1,-1,0.45994722843170166,0.130419060587883,-0.44799551367759705
45,pose,2,-1,0.46436548233032227,0.13116659224033356,-0.44809532165527344
45,pose,3,-1,0.47022658586502075,0.13217763602733612,-0.44815313816070557
45,pose,4,-1,0.44070160388946533,0.13097292184829712,-0.4522445797920227
45,pose,5,-1,0.43414726853370667,0.13182911276817322,-0.4523405432701111
45,pose,6,-1,0.4286191165447235,0.13348230719566345,-0.4524592161178589
45,pose,7,-1,0.47798100113868713,0.14833728969097137,-0.2850074768066406
45,pose,8,-1,0.42097651958465576,0.15010783076286316,-0.30513566732406616
45,pose,9,-1,0.46193891763687134,0.18934032320976257,-0.41123977303504944
45,pose,10,-1,0.43906107544898987,0.19245322048664093,-0.416913777589798
45,pose,11,-1,0.5271495580673218,0.3198929727077484,-0.15686222910881042
45,pose,12,-1,0.37828949093818665,0.32940471172332764,-0.22728708386421204
45,pose,13,-1,0.5491787195205688,0.5374951958656311,-0.0719151645898819
45,pose,14,-1,0.3623181879520416,0.5513817667961121,-0.2023048847913742
45,pose,15,-1,0.5347617864608765,0.7454553246498108,-0.21387360990047455
45,pose,16,-1,0.38588762283325195,0.7435858249664307,-0.34298741817474365
45,pose,17,-1,0.5307549834251404,0.8070855736732483,-0.2668227553367615
45,pose,18,-1,0.39695656299591064,0.8059648871421814,-0.39407482743263245
45,pose,19,-1,0.5195519924163818,0.8065308928489685,-0.30892816185951233
45,pose,20,-1,0.41032350063323975,0.8016346096992493,-0.42592430114746094
45,pose,21,-1,0.5166664719581604,0.7851983308792114,-0.23298783600330353
45,pose,22,-1,0.4089423418045044,0.781549334526062,-0.35496047139167786
45,pose,23,-1,0.49974411725997925,0.7218379378318787,0.021263664588332176
45,pose,24,-1,0.4156724512577057,0.7259983420372009,-0.021129276603460312
45,pose,25,-1,0.5035924315452576,0.9885064959526062,-0.010034426115453243
45,pose,26,-1,0.43060535192489624,0.9924736022949219,-0.05265238136053085
45,pose,27,-1,0.5133902430534363,1.2346785068511963,0.38092392683029175
45,pose,28,-1,0.44655007123947144,1.247231364250183,0.2785208821296692
45,pose,29,-1,0.5129352807998657,1.2601155042648315,0.41261526942253113
45,pose,30,-1,0.4495728611946106,1.2692298889160156,0.3055674135684967
45,pose,31,-1,0.5170997381210327,1.3283661603927612,0.2681882679462433
45,pose,32,-1,0.45888617634773254,1.3395805358886719,0.13396577537059784
46,hand,0,0,0.5409538745880127,0.7499153017997742,1.471599944125046e-07
46,hand,1,0,0.5259330868721008,0.7606722116470337,-0.00715815182775259
46,hand,2,0,0.5167372226715088,0.7857439517974854,-0.009380047209560871
46,hand,3,0,0.5107035040855408,0.8101433515548706,-0.0103379487991333
46,hand,4,0,0.5045120716094971,0.8280981183052063,-0.010780303739011288
46,hand,5,0,0.5288562178611755,0.8133328557014465,-0.004878158215433359
46,hand,6,0,0.525033175945282,0.8420125246047974,-0.007738498970866203
46,hand,7,0,0.522304356098175,0.8610371351242065,-0.010296110063791275
46,hand,8,0,0.5205615162849426,0.8769147396087646,-0.011788568459451199
46,hand,9,0,0.5356765389442444,0.8166516423225403,-0.002239681314677
46,hand,10,0,0.5316300392150879,0.8445478081703186,-0.004882878623902798
46,hand,11,0,0.5273661613464355,0.8634926080703735,-0.007225801236927509
46,hand,12,0,0.5235731601715088,0.879302978515625,-0.008425102569162846
46,hand,13,0,0.5400634407997131,0.8169227242469788,-2.3724582206341438e-05
46,hand,14,0,0.536052942276001,0.843124270439148,-0.002510444726794958
46,hand,15,0,0.5318378806114197,0.8607343435287476,-0.003567167790606618
46,hand,16,0,0.5280900001525879,0.8751499056816101,-0.0036450433544814587
46,hand,17,0,0.5424891114234924,0.8152631521224976,0.001565472804941237
46,hand,18,0,0.5386238098144531,0.8392120003700256,-0.00036460947012528777
46,hand,19,0,0.5349265336990356,0.8543252944946289,-0.0002903945278376341
46,hand,20,0,0.5310306549072266,0.8660050630569458,0.0005985554889775813
46,hand,0,1,0.3724936544895172,0.7492561340332031,2.345915106616303e-08
46,hand,1,1,0.389158695936203,0.7500953674316406,-0.005835993681102991
46,hand,2,1,0.4022074341773987,0.7699230909347534,-0.008201399818062782
46,hand,3,1,0.41200146079063416,0.7900844216346741,-0.009221564047038555
46,hand,4,1,0.4210149049758911,0.7997597455978394,-0.009693560190498829
46,hand,5,1,0.39219486713409424,0.7964090704917908,-0.00837779976427555
46,hand,6,1,0.4017890393733978,0.8266831636428833,-0.011937284842133522
46,hand,7,1,0.40933966636657715,0.8423599004745483,-0.013800762593746185
46,hand,8,1,0.4156322181224823,0.8523440361022949,-0.014565709978342056
46,hand,9,1,0.3836245834827423,0.8059349656105042,-0.006659716367721558
46,hand,10,1,0.3936837315559387,0.8356247544288635,-0.009520512074232101
46,hand,11,1,0.403536319732666,0.8490005135536194,-0.010348084382712841
46,hand,12,1,0.41132745146751404,0.8559480309486389,-0.01058349758386612
46,hand,13,1,0.3782273828983307,0.8111962676048279,-0.005245264619588852
46,hand,14,1,0.3871369957923889,0.8391143083572388,-0.007772562559694052
46,hand,15,1,0.39678654074668884,0.850784182548523,-0.008460188284516335
46,hand,16,1,0.4046482443809509,0.85638427734375,-0.008488496765494347
46,hand,17,1,0.3756999373435974,0.8133719563484192,-0.0042151580564677715
46,hand,18,1,0.3826586902141571,0.8355371952056885,-0.006491655949503183
46,hand,19,1,0.38999584317207336,0.8461551666259766,-0.007045140489935875
46,hand,20,1,0.39671438932418823,0.8518529534339905,-0.006838776636868715
46,pose,0,-1,0.4504672586917877,0.15708871185779572,-0.41851136088371277
46,pose,1,-1,0.45987945795059204,0.12903857231140137,-0.3925294578075409
46,pose,2,-1,0.4643365144729614,0.12969490885734558,-0.3926272988319397
46,pose,3,-1,0.47013697028160095,0.1307447850704193,-0.3926742374897003
46,pose,4,-1,0.44053488969802856,0.12990477681159973,-0.3963675796985626
46,pose,5,-1,0.43400683999061584,0.13084009289741516,-0.39644715189933777
46,pose,6,-1,0.42851537466049194,0.1327071338891983,-0.39655959606170654
46,pose,7,-1,0.477973610162735,0.14716669917106628,-0.23081561923027039
46,pose,8,-1,0.4208974540233612,0.1496220827102661,-0.24905243515968323
46,pose,9,-1,0.46193650364875793,0.1878969371318817,-0.35758745670318604
46,pose,10,-1,0.4390484690666199,0.19131067395210266,-0.36268898844718933
46,pose,11,-1,0.5273963809013367,0.3200364410877228,-0.11325269192457199
46,pose,12,-1,0.37883609533309937,0.329355388879776,-0.1830771416425705
46,pose,13,-1,0.546069324016571,0.5396673083305359,-0.037674468010663986
46,pose,14,-1,0.362942636013031,0.5493946671485901,-0.1921914964914322
46,pose,15,-1,0.5353249311447144,0.7528157234191895,-0.17451032996177673
46,pose,16,-1,0.3836003839969635,0.7431164383888245,-0.3156726658344269
46,pose,17,-1,0.5338031053543091,0.8132506012916565,-0.22811181843280792
46,pose,18,-1,0.3892810046672821,0.8081812262535095,-0.3677331805229187
46,pose,19,-1,0.5213460326194763,0.8120644092559814,-0.27211931347846985
46,pose,20,-1,0.4050120413303375,0.8020477294921875,-0.40780118107795715
46,pose,21,-1,0.5172933340072632,0.7908920645713806,-0.19455832242965698
46,pose,22,-1,0.4060741364955902,0.7819278836250305,-0.3326277732849121
46,pose,23,-1,0.498665452003479,0.7236698865890503,0.023756299167871475
46,pose,24,-1,0.4151931703090668,0.7271812558174133,-0.02362293377518654
46,pose,25,-1,0.5031667947769165,0.9884482026100159,-0.012890934012830257
46,pose,26,-1,0.4315846562385559,0.9936172962188721,-0.052073486149311066
46,pose,27,-1,0.5133633017539978,1.2320548295974731,0.3696565628051758
46,pose,28,-1,0.446389377117157,1.243420958518982,0.26714667677879333
46,pose,29,-1,0.5129848718643188,1.2557389736175537,0.401731938123703
46,pose,30,-1,0.4495284855365753,1.2649565935134888,0.2935006320476532
46,pose,31,-1,0.516883909702301,1.325984239578247,0.26039645075798035
46,pose,32,-1,0.45868271589279175,1.3346747159957886,0.12328197062015533
47,hand,0,0,0.5412728786468506,0.7657712697982788,1.4431385864099866e-07
47,hand,1,0,0.5272862315177917,0.7744379639625549,-0.008329070173203945
47,hand,2,0,0.5179706811904907,0.7976832389831543,-0.011442726477980614
47,hand,3,0,0.5115765333175659,0.8213790655136108,-0.01286826841533184
47,hand,4,0,0.5037690997123718,0.8363828659057617,-0.01362713985145092
47,hand,5,0,0.528785228729248,0.8291318416595459,-0.0068016042932868
47,hand,6,0,0.5241190791130066,0.8599157333374023,-0.009536798112094402
47,hand,7,0,0.5215479731559753,0.8781343698501587,-0.011505360715091228
47,hand,8,0,0.5198374390602112,0.8928598761558533,-0.01271468959748745
47,hand,9,0,0.5365808606147766,0.8319039344787598,-0.0035873225424438715
47,hand,10,0,0.5320259928703308,0.8615845441818237,-0.006738800089806318
47,hand,11,0,0.5285653471946716,0.8807699680328369,-0.008757289499044418
47,hand,12,0,0.5256142616271973,0.8965285420417786,-0.009756420738995075
47,hand,13,0,0.5418154001235962,0.8314565420150757,-0.0009537197765894234
47,hand,14,0,0.5372604727745056,0.8591572642326355,-0.003864511614665389
47,hand,15,0,0.5334837436676025,0.877260684967041,-0.0053942506201565266
47,hand,16,0,0.5300334095954895,0.8923052549362183,-0.005896957591176033
47,hand,17,0,0.5449860095977783,0.8290430307388306,0.001023337827064097
47,hand,18,0,0.5406792759895325,0.8527072072029114,-0.001172811957076192
47,hand,19,0,0.5375189781188965,0.8673691749572754,-0.0018477615667507052
47,hand,20,0,0.5343875288963318,0.8792778253555298,-0.0017365645617246628
47,hand,0,1,0.3719452917575836,0.7580621838569641,1.83424990751746e-08
47,hand,1,1,0.3882627487182617,0.758560299873352,-0.00627442542463541
47,hand,2,1,0.4007231593132019,0.7791078686714172,-0.008717171847820282
47,hand,3,1,0.4099622368812561,0.8011249303817749,-0.009736424311995506
47,hand,4,1,0.419658362865448,0.8118711113929749,-0.010201586410403252
47,hand,5,1,0.3904656171798706,0.807476818561554,-0.007872652262449265
47,hand,6,1,0.4001922905445099,0.8364697694778442,-0.010730492882430553
47,hand,7,1,0.40763232111930847,0.8515586853027344,-0.012209326028823853
47,hand,8,1,0.4139978289604187,0.8617796301841736,-0.01283187884837389
47,hand,9,1,0.38229963183403015,0.8175401091575623,-0.005637030582875013
47,hand,10,1,0.39365890622138977,0.8466747999191284,-0.007786862552165985
47,hand,11,1,0.40305647253990173,0.8607949614524841,-0.008455800823867321
47,hand,12,1,0.4106549024581909,0.8694581985473633,-0.008734097704291344
47,hand,13,1,0.37722352147102356,0.8229068517684937,-0.0037201298400759697
47,hand,14,1,0.38759103417396545,0.8499122262001038,-0.005989265628159046
47,hand,15,1,0.3968021869659424,0.8616797924041748,-0.006830910220742226
47,hand,16,1,0.4043532609939575,0.8675683736801147,-0.00701015442609787
47,hand,17,1,0.37491536140441895,0.8252539038658142,-0.0021991804242134094
47,hand,18,1,0.3833155930042267,0.8462177515029907,-0.004261171445250511
47,hand,19,1,0.39074474573135376,0.8552066683769226,-0.0048346808180212975
47,hand,20,1,0.3972403407096863,0.8596315383911133,-0.004706926178187132
47,pose,0,-1,0.45037832856178284,0.15695759654045105,-0.4019039571285248
47,pose,1,-1,0.45985984802246094,0.12854212522506714,-0.3753446042537689
47,pose,2,-1,0.46432963013648987,0.129095658659935,-0.37543389201164246
47,pose,3,-1,0.4701152443885803,0.13003422319889069,-0.3754613697528839
47,pose,4,-1,0.4404381513595581,0.12967434525489807,-0.37892499566078186
47,pose,5,-1,0.4339345693588257,0.13067933917045593,-0.37901031970977783
47,pose,6,-1,0.42846769094467163,0.13260963559150696,-0.3791177570819855
47,pose,7,-1,0.4779850244522095,0.14645662903785706,-0.2123744636774063
47,pose,8,-1,0.42088279128074646,0.14952436089515686,-0.23155024647712708
47,pose,9,-1,0.4619351327419281,0.18785053491592407,-0.340768039226532
47,pose,10,-1,0.43903884291648865,0.19132009148597717,-0.3455785810947418
47,pose,11,-1,0.5278485417366028,0.32048729062080383,-0.09708639234304428
47,pose,12,-1,0.3790530860424042,0.32935595512390137,-0.17014141380786896
47,pose,13,-1,0.5441573262214661,0.5415170788764954,-0.0209959764033556
47,pose,14,-1,0.36316347122192383,0.5511922240257263,-0.18885117769241333
47,pose,15,-1,0.5356573462486267,0.7572110891342163,-0.17339472472667694
47,pose,16,-1,0.38153108954429626,0.7494453191757202,-0.31389889121055603
47,pose,17,-1,0.5375494360923767,0.8202377557754517,-0.227363720536232
47,pose,18,-1,0.3846069872379303,0.8146385550498962,-0.3664790987968445
47,pose,19,-1,0.5246914625167847,0.8174825310707092,-0.2720150947570801
47,pose,20,-1,0.4007580876350403,0.8079544901847839,-0.4057683050632477
47,pose,21,-1,0.520166277885437,0.7961505055427551,-0.19423910975456238
47,pose,22,-1,0.40317779779434204,0.7869279384613037,-0.33073416352272034
47,pose,23,-1,0.49761852622032166,0.7284256815910339,0.025808820500969887
47,pose,24,-1,0.4148755669593811,0.732076108455658,-0.02558404952287674
47,pose,25,-1,0.5029901266098022,0.9921748638153076,-0.015124192461371422
47,pose,26,-1,0.43162789940834045,0.9975207448005676,-0.05135959014296532
47,pose,27,-1,0.5129435658454895,1.233827829360962,0.3611304461956024
47,pose,28,-1,0.44530853629112244,1.2492719888687134,0.26762670278549194
47,pose,29,-1,0.512785017490387,1.2606987953186035,0.39232340455055237
47,pose,30,-1,0.4477810263633728,1.27260160446167,0.29399365186691284
47,pose,31,-1,0.515716016292572,1.3264751434326172,0.24878162145614624
47,pose,32,-1,0.4572318196296692,1.3396215438842773,0.12373865395784378
48,hand,0,0,0.5402730107307434,0.7687230706214905,1.2051103226440318e-07
48,hand,1,0,0.5260420441627502,0.7773147821426392,-0.009263571351766586
48,hand,2,0,0.5176140666007996,0.8004254102706909,-0.01260295882821083
48,hand,3,0,0.5116361975669861,0.8236023783683777,-0.014127727597951889
48,hand,4,0,0.5037642121315002,0.8394044041633606,-0.01503745373338461
48,hand,5,0,0.5290234088897705,0.8325192332267761,-0.0069640143774449825
48,hand,6,0,0.5251749753952026,0.8628587126731873,-0.009121584706008434
48,hand,7,0,0.5228880643844604,0.8798882961273193,-0.010888755321502686
48,hand,8,0,0.5215580463409424,0.8932725191116333,-0.012090125121176243
48,hand,9,0,0.5362409949302673,0.8339005708694458,-0.003169312607496977
48,hand,10,0,0.5324938297271729,0.8641893863677979,-0.0054968115873634815
48,hand,11,0,0.5290006399154663,0.8826255202293396,-0.007146391086280346
48,hand,12,0,0.5261656045913696,0.896708071231842,-0.008097435347735882
48,hand,13,0,0.5409039258956909,0.8317952156066895,-8.543229341739789e-05
48,hand,14,0,0.537345826625824,0.8593185544013977,-0.0021671282593160868
48,hand,15,0,0.5337427854537964,0.8763481378555298,-0.0033345557749271393
48,hand,16,0,0.5303064584732056,0.890656054019928,-0.0038572645280510187
48,hand,17,0,0.5432686805725098,0.8280788064002991,0.0021994418930262327
48,hand,18,0,0.5398072600364685,0.8512929677963257,0.0006535294814966619
48,hand,19,0,0.5369371771812439,0.8645362854003906,0.0002529554767534137
48,hand,20,0,0.5340784192085266,0.875026524066925,0.00027877435786649585
48,hand,0,1,0.3711349368095398,0.7641661167144775,1.1852735459783048e-10
48,hand,1,1,0.38757848739624023,0.7640998959541321,-0.0061518605798482895
48,hand,2,1,0.3994491398334503,0.7850489020347595,-0.007977163419127464
48,hand,3,1,0.4073730409145355,0.8069142699241638,-0.008339031599462032
48,hand,4,1,0.4156361520290375,0.8194170594215393,-0.008144492283463478
48,hand,5,1,0.38910120725631714,0.8173391222953796,-0.0063822767697274685
48,hand,6,1,0.3994874060153961,0.8446982502937317,-0.00880364514887333
48,hand,7,1,0.4062904715538025,0.8589269518852234,-0.010406563989818096
48,hand,8,1,0.41206803917884827,0.8694425821304321,-0.01119951345026493
48,hand,9,1,0.3813777565956116,0.8275415301322937,-0.004056917037814856
48,hand,10,1,0.3936583399772644,0.8536165356636047,-0.006145698484033346
48,hand,11,1,0.40229278802871704,0.867428719997406,-0.007279026322066784
48,hand,12,1,0.4094574451446533,0.8772517442703247,-0.007822913117706776
48,hand,13,1,0.37692686915397644,0.8329833149909973,-0.0021277626510709524
48,hand,14,1,0.3889894485473633,0.8564221262931824,-0.004378217738121748
48,hand,15,1,0.39723658561706543,0.8685529232025146,-0.0054962350986897945
48,hand,16,1,0.40418916940689087,0.8767433166503906,-0.0058058020658791065
48,hand,17,1,0.3755257725715637,0.8351027965545654,-0.0006194617017172277
48,hand,18,1,0.385675311088562,0.8539391160011292,-0.0024565188214182854
48,hand,19,1,0.39252546429634094,0.8629193305969238,-0.002944275503978133
48,hand,20,1,0.39855051040649414,0.8688935041427612,-0.002767687663435936
48,pose,0,-1,0.45036134123802185,0.15648096799850464,-0.3917884826660156
48,pose,1,-1,0.45985135436058044,0.1278756707906723,-0.366237610578537
48,pose,2,-1,0.46433383226394653,0.12832842767238617,-0.3663422167301178
48,pose,3,-1,0.47010815143585205,0.12915845215320587,-0.366430401802063
48,pose,4,-1,0.4404168725013733,0.12926366925239563,-0.3731132745742798
48,pose,5,-1,0.43392542004585266,0.13030502200126648,-0.37309393286705017
48,pose,6,-1,0.4284624457359314,0.13230721652507782,-0.37322622537612915
48,pose,7,-1,0.4780106246471405,0.1456792950630188,-0.20897194743156433
48,pose,8,-1,0.4208749234676361,0.14928504824638367,-0.22386197745800018
48,pose,9,-1,0.46194952726364136,0.18728557229042053,-0.33166107535362244
48,pose,10,-1,0.4390488862991333,0.1909891664981842,-0.33992910385131836
48,pose,11,-1,0.5282092690467834,0.3210359215736389,-0.09673771262168884
48,pose,12,-1,0.37957578897476196,0.32936084270477295,-0.16248536109924316
48,pose,13,-1,0.5427799224853516,0.5438048839569092,-0.014827040024101734
48,pose,14,-1,0.3646145462989807,0.5524868369102478,-0.1761588454246521
48,pose,15,-1,0.5357893109321594,0.7633705735206604,-0.17339155077934265
48,pose,16,-1,0.38025370240211487,0.7530263066291809,-0.3073015511035919
48,pose,17,-1,0.5397377014160156,0.8256288766860962,-0.22829921543598175
48,pose,18,-1,0.3826183080673218,0.8182702660560608,-0.3598892092704773
48,pose,19,-1,0.5268250107765198,0.8235825300216675,-0.2729245126247406
48,pose,20,-1,0.39862948656082153,0.8129308819770813,-0.4003389775753021
48,pose,21,-1,0.5220254063606262,0.8021126389503479,-0.1945648044347763
48,pose,22,-1,0.40139517188072205,0.7904608845710754,-0.32467538118362427
48,pose,23,-1,0.4960363507270813,0.7320793271064758,0.027353638783097267
48,pose,24,-1,0.41444095969200134,0.7352257370948792,-0.02707459218800068
48,pose,25,-1,0.5025810599327087,0.9985145926475525,-0.016895640641450882
48,pose,26,-1,0.4316631555557251,1.005237102508545,-0.0510028675198555
48,pose,27,-1,0.5130017399787903,1.2465758323669434,0.3577476739883423
48,pose,28,-1,0.44501128792762756,1.2531424760818481,0.25904491543769836
48,pose,29,-1,0.5129830241203308,1.2720345258712769,0.3881775140762329
48,pose,30,-1,0.44702088832855225,1.2770981788635254,0.28394460678100586
48,pose,31,-1,0.5153116583824158,1.339286208152771,0.24109584093093872
48,pose,32,-1,0.45669257640838623,1.3447359800338745,0.11656249314546585
49,hand,0,0,0.5411898493766785,0.7700377106666565,1.1073859695898136e-07
49,hand,1,0,0.5273422598838806,0.7788295745849609,-0.008732108399271965
49,hand,2,0,0.5180227160453796,0.8018874526023865,-0.011520268395543098
49,hand,3,0,0.511421799659729,0.8240445852279663,-0.012806161306798458
49,hand,4,0,0.5032811760902405,0.8387728333473206,-0.013531860895454884
49,hand,5,0,0.5275540351867676,0.8338016867637634,-0.004326784983277321
49,hand,6,0,0.5225635766983032,0.8612473011016846,-0.006054477766156197
49,hand,7,0,0.5203640460968018,0.8776465654373169,-0.008155052550137043
49,hand,8,0,0.5192579030990601,0.8910688161849976,-0.009797350503504276
49,hand,9,0,0.5344558954238892,0.8359814882278442,-0.0010346559574827552
49,hand,10,0,0.5300118327140808,0.86246657371521,-0.0024434553924947977
49,hand,11,0,0.5270237326622009,0.8792712092399597,-0.004339314065873623
49,hand,12,0,0.5247243046760559,0.8928723931312561,-0.005719398148357868
49,hand,13,0,0.5393751263618469,0.8340950012207031,0.0013793560210615396
49,hand,14,0,0.5353156924247742,0.8588433265686035,-2.5395718239451526e-06
49,hand,15,0,0.5322397351264954,0.873947262763977,-0.0011322915088385344
49,hand,16,0,0.5295802354812622,0.887413501739502,-0.0018923308234661818
49,hand,17,0,0.5424737930297852,0.8299777507781982,0.002913286443799734
49,hand,18,0,0.5389894247055054,0.8506062030792236,0.0017233715625479817
49,hand,19,0,0.5362948775291443,0.8623923063278198,0.0014323736540973186
49,hand,20,0,0.5337231159210205,0.8719764947891235,0.001412050100043416
49,hand,0,1,0.3699929118156433,0.7685039639472961,-8.701409370814872e-09
49,hand,1,1,0.3866022527217865,0.7690470814704895,-0.0073632290586829185
49,hand,2,1,0.39838385581970215,0.7900702953338623,-0.009666853584349155
49,hand,3,1,0.40628430247306824,0.8129091262817383,-0.010210730135440826
49,hand,4,1,0.4139987826347351,0.8276894688606262,-0.010065128095448017
49,hand,5,1,0.3866431713104248,0.8217462301254272,-0.00821482203900814
49,hand,6,1,0.39764484763145447,0.849139392375946,-0.011279044672846794
49,hand,7,1,0.4051603078842163,0.8627267479896545,-0.01315488014370203
49,hand,8,1,0.41150519251823425,0.8725583553314209,-0.014002936892211437
49,hand,9,1,0.3794717788696289,0.8314735293388367,-0.0051863896660506725
49,hand,10,1,0.392483651638031,0.8584510087966919,-0.008002914488315582
49,hand,11,1,0.40170979499816895,0.8720027804374695,-0.009204456582665443
49,hand,12,1,0.4089846909046173,0.8809307813644409,-0.009649505838751793
49,hand,13,1,0.37549588084220886,0.8365022540092468,-0.0026065732818096876
49,hand,14,1,0.3875892162322998,0.8616107106208801,-0.0057197450660169125
49,hand,15,1,0.39612871408462524,0.8744544982910156,-0.0071081798523664474
49,hand,16,1,0.4032486081123352,0.8827824592590332,-0.007319155614823103
49,hand,17,1,0.3742355406284332,0.8383567929267883,-0.0004681679711211473
49,hand,18,1,0.38406699895858765,0.8592439889907837,-0.0030298614874482155
49,hand,19,1,0.3912206292152405,0.8699936866760254,-0.003910289611667395
49,hand,20,1,0.3976057469844818,0.8769297003746033,-0.003837633179500699
49,pose,0,-1,0.45031246542930603,0.1562916785478592,-0.4547497630119324
49,pose,1,-1,0.4598444998264313,0.12758682668209076,-0.4305651783943176
49,pose,2,-1,0.4643472135066986,0.12799343466758728,-0.43062418699264526
49,pose,3,-1,0.47010281682014465,0.12876591086387634,-0.4306841790676117
49,pose,4,-1,0.4403803050518036,0.12908627092838287,-0.4354592561721802
49,pose,5,-1,0.43389832973480225,0.13015206158161163,-0.4355190694332123
49,pose,6,-1,0.4284428656101227,0.13218005001544952,-0.4356478452682495
49,pose,7,-1,0.4780657887458801,0.1453271359205246,-0.26901206374168396
49,pose,8,-1,0.42087048292160034,0.1492147445678711,-0.2893000543117523
49,pose,9,-1,0.46196249127388,0.1871320903301239,-0.39306631684303284
49,pose,10,-1,0.4390462338924408,0.190934956073761,-0.3990667164325714
49,pose,11,-1,0.5287415385246277,0.32147324085235596,-0.14347772300243378
49,pose,12,-1,0.3796684443950653,0.32972413301467896,-0.21913792192935944
49,pose,13,-1,0.5433405041694641,0.5463743805885315,-0.05409114062786102
49,pose,14,-1,0.3665492832660675,0.5569308400154114,-0.20203891396522522
49,pose,15,-1,0.5373366475105286,0.7633958458900452,-0.1982516199350357
49,pose,16,-1,0.37956029176712036,0.7611150145530701,-0.3342345952987671
49,pose,17,-1,0.5412883758544922,0.8246609568595886,-0.2544953525066376
49,pose,18,-1,0.3815917372703552,0.8281083106994629,-0.38671013712882996
49,pose,19,-1,0.5287795066833496,0.8224343061447144,-0.29111334681510925
49,pose,20,-1,0.397365003824234,0.8246647119522095,-0.4368587136268616
49,pose,21,-1,0.5246196389198303,0.8002656698226929,-0.20677423477172852
49,pose,22,-1,0.4002469480037689,0.8012996315956116,-0.3566114604473114
49,pose,23,-1,0.49615103006362915,0.7348363399505615,0.027042625471949577
49,pose,24,-1,0.4144611656665802,0.7373447418212891,-0.02673919126391411
49,pose,25,-1,0.5022904872894287,0.9990089535713196,-0.015121370553970337
49,pose,26,-1,0.4317394495010376,1.0049723386764526,-0.018705951049923897
49,pose,27,-1,0.5132289528846741,1.2497648000717163,0.3705046474933624
49,pose,28,-1,0.4440891444683075,1.2551698684692383,0.31834283471107483
49,pose,29,-1,0.513318657875061,1.2761962413787842,0.4017099142074585
49,pose,30,-1,0.4464731812477112,1.2792192697525024,0.3461790382862091
49,pose,31,-1,0.5152122974395752,1.3425413370132446,0.2497311234474182
49,pose,32,-1,0.45483046770095825,1.3460270166397095,0.17078065872192383
50,hand,0,0,0.5410447120666504,0.7680612206459045,1.0685437956681199e-07
50,hand,1,0,0.5267990231513977,0.7758132219314575,-0.008439428173005581
50,hand,2,0,0.5167105197906494,0.7991805672645569,-0.010725235566496849
50,hand,3,0,0.5097282528877258,0.8214879631996155,-0.011275260709226131
50,hand,4,0,0.5020955204963684,0.8374026417732239,-0.011156091466546059
50,hand,5,0,0.5267424583435059,0.8321524858474731,-0.003975352738052607
50,hand,6,0,0.521506130695343,0.8581774830818176,-0.004573499318212271
50,hand,7,0,0.5187183022499084,0.8734374642372131,-0.005919995717704296
50,hand,8,0,0.5170366764068604,0.8859660625457764,-0.00706205191090703
50,hand,9,0,0.5333122611045837,0.8339846134185791,3.238684075768106e-05
50,hand,10,0,0.5278605222702026,0.8586926460266113,-0.0005541437421925366
50,hand,11,0,0.523791491985321,0.8740121126174927,-0.0018361384281888604
50,hand,12,0,0.5205533504486084,0.8858786821365356,-0.00273883412592113
50,hand,13,0,0.5375603437423706,0.8321837186813354,0.003373952815309167
50,hand,14,0,0.5323055386543274,0.8549132943153381,0.0030810190364718437
50,hand,15,0,0.5279468894004822,0.8682738542556763,0.0028792796656489372
50,hand,16,0,0.5239970088005066,0.8800720572471619,0.002776202978566289
50,hand,17,0,0.5396571159362793,0.828363835811615,0.005857811309397221
50,hand,18,0,0.5345203280448914,0.8477246165275574,0.00605169590562582
50,hand,19,0,0.5307296514511108,0.8588809967041016,0.006654787342995405
50,hand,20,0,0.52718585729599,0.8674103021621704,0.007252389099448919
50,hand,0,1,0.36947423219680786,0.7691816687583923,-9.601536454795223e-09
50,hand,1,1,0.3860890567302704,0.771750807762146,-0.007546833250671625
50,hand,2,1,0.3974413573741913,0.7941655516624451,-0.009811547584831715
50,hand,3,1,0.4050516188144684,0.8176644444465637,-0.010246454738080502
50,hand,4,1,0.41256895661354065,0.8326143622398376,-0.010013295337557793
50,hand,5,1,0.3853916525840759,0.8229894042015076,-0.00859689712524414
50,hand,6,1,0.3961937725543976,0.8520234227180481,-0.011280258186161518
50,hand,7,1,0.40333208441734314,0.8664376139640808,-0.012772155925631523
50,hand,8,1,0.40935516357421875,0.8773837685585022,-0.013455099426209927
50,hand,9,1,0.3779974579811096,0.8321238160133362,-0.005294173490256071
50,hand,10,1,0.39051997661590576,0.8596513271331787,-0.007659625262022018
50,hand,11,1,0.3997199535369873,0.8736177086830139,-0.00866317842155695
50,hand,12,1,0.4069651663303375,0.8831337690353394,-0.009157762862741947
50,hand,13,1,0.37382417917251587,0.8364909291267395,-0.0023975276853889227
50,hand,14,1,0.3854721188545227,0.8616793155670166,-0.005155288614332676
50,hand,15,1,0.39401450753211975,0.8745865821838379,-0.006564876064658165
50,hand,16,1,0.40105849504470825,0.8828403353691101,-0.006984364707022905
50,hand,17,1,0.3724113404750824,0.8382645845413208,4.038880069856532e-05
50,hand,18,1,0.3812757432460785,0.8588353991508484,-0.002500919159501791
50,hand,19,1,0.38841965794563293,0.8693863153457642,-0.0036631340626627207
50,hand,20,1,0.3947877585887909,0.8761760592460632,-0.0039010178297758102
50,pose,0,-1,0.45031100511550903,0.1563110053539276,-0.44266006350517273
50,pose,1,-1,0.45985278487205505,0.1276663988828659,-0.4181562066078186
50,pose,2,-1,0.46437129378318787,0.12807440757751465,-0.4182402789592743
50,pose,3,-1,0.4700990915298462,0.12883098423480988,-0.4183160364627838
50,pose,4,-1,0.44037926197052,0.12911736965179443,-0.4231248199939728
50,pose,5,-1,0.4338969886302948,0.13016773760318756,-0.42318207025527954
50,pose,6,-1,0.42844313383102417,0.1321922391653061,-0.4233083426952362
50,pose,7,-1,0.47806695103645325,0.14531013369560242,-0.2546144127845764
50,pose,8,-1,0.4208638370037079,0.14919865131378174,-0.276846706867218
50,pose,9,-1,0.4619917571544647,0.1871650069952011,-0.38007593154907227
50,pose,10,-1,0.43906816840171814,0.19097548723220825,-0.38633492588996887
50,pose,11,-1,0.5287862420082092,0.3214992880821228,-0.13124920427799225
50,pose,12,-1,0.3797129690647125,0.32982298731803894,-0.20478883385658264
50,pose,13,-1,0.543764054775238,0.5454228520393372,-0.053932271897792816
50,pose,14,-1,0.367185115814209,0.559299647808075,-0.19098497927188873
50,pose,15,-1,0.5377485752105713,0.7616706490516663,-0.2039867341518402
50,pose,16,-1,0.3787192404270172,0.7610428333282471,-0.328514039516449
50,pose,17,-1,0.5411625504493713,0.8216127753257751,-0.258435994386673
50,pose,18,-1,0.38056421279907227,0.827247679233551,-0.38075515627861023
50,pose,19,-1,0.5289570093154907,0.8191027045249939,-0.298028826713562
50,pose,20,-1,0.39592018723487854,0.8242588043212891,-0.4332035183906555
50,pose,21,-1,0.525165319442749,0.7977235913276672,-0.2200213372707367
50,pose,22,-1,0.3987310826778412,0.8006489872932434,-0.34927013516426086
50,pose,23,-1,0.49615126848220825,0.7347979545593262,0.026902617886662483
50,pose,24,-1,0.41446825861930847,0.7379083633422852,-0.026606552302837372
50,pose,25,-1,0.5020406246185303,0.9994634389877319,-0.014105420559644699
50,pose,26,-1,0.43174460530281067,1.004997730255127,-0.024287378415465355
50,pose,27,-1,0.5133572816848755,1.2512569427490234,0.38285502791404724
50,pose,28,-1,0.44412872195243835,1.2564897537231445,0.30252158641815186
50,pose,29,-1,0.5134354829788208,1.2779924869537354,0.41578152775764465
50,pose,30,-1,0.44658753275871277,1.2814221382141113,0.33113184571266174
50,pose,31,-1,0.5152083039283752,1.3431872129440308,0.2709769606590271
50,pose,32,-1,0.45421087741851807,1.347203016281128,0.1615133434534073
