frame,part,index,hand_index,x,y,z
1,hand,0,0,0.5979568362236023,0.857231855392456,4.600958547484879e-08
1,hand,1,0,0.5838521122932434,0.8703671097755432,-0.0029912590980529785
1,hand,2,0,0.5765721797943115,0.896134614944458,-0.002838291460648179
1,hand,3,0,0.5741373896598816,0.9213505983352661,-0.0017036886420100927
1,hand,4,0,0.5730888247489929,0.9399210810661316,0.00039874803042039275
1,hand,5,0,0.5899050831794739,0.9204853773117065,-0.002119466196745634
1,hand,6,0,0.5850299596786499,0.9522078633308411,-0.0017487910808995366
1,hand,7,0,0.5800886154174805,0.9544067978858948,-0.0008497067028656602
1,hand,8,0,0.5773016810417175,0.9506338834762573,0.0002941107959486544
1,hand,9,0,0.5985440611839294,0.9209891557693481,0.0003139814652968198
1,hand,10,0,0.5928332805633545,0.9513471126556396,0.0018468416528776288
1,hand,11,0,0.5871914625167847,0.9525976181030273,0.002849344862625003
1,hand,12,0,0.5841543078422546,0.9490492343902588,0.0034162753727287054
1,hand,13,0,0.604091465473175,0.9171160459518433,0.0027464134618639946
1,hand,14,0,0.5981060862541199,0.942803680896759,0.0045878710225224495
1,hand,15,0,0.5925136208534241,0.9440802335739136,0.005793491378426552
1,hand,16,0,0.5894702076911926,0.9411355257034302,0.006218757946044207
1,hand,17,0,0.6066190004348755,0.9113548398017883,0.004967645741999149
1,hand,18,0,0.6021221280097961,0.9329354763031006,0.0068318843841552734
1,hand,19,0,0.5970185399055481,0.9356179237365723,0.008640874177217484
1,hand,20,0,0.5941097140312195,0.932658851146698,0.009955297224223614
1,pose,0,-1,0.5183612108230591,0.20936065912246704,-0.6131604313850403
1,pose,1,-1,0.5306726098060608,0.18839389085769653,-0.5892054438591003
1,pose,2,-1,0.5360636115074158,0.18977874517440796,-0.5893014669418335
1,pose,3,-1,0.540723979473114,0.19124239683151245,-0.589459240436554
1,pose,4,-1,0.5104843378067017,0.18709492683410645,-0.5871881246566772
1,pose,5,-1,0.50383061170578,0.18737655878067017,-0.5873380899429321
1,pose,6,-1,0.4994960427284241,0.18780076503753662,-0.5874890685081482
1,pose,7,-1,0.5496986508369446,0.20836305618286133,-0.4475950300693512
1,pose,8,-1,0.49233871698379517,0.20571470260620117,-0.4412992298603058
1,pose,9,-1,0.5306695699691772,0.24250569939613342,-0.5608429312705994
1,pose,10,-1,0.5047464966773987,0.2385501116514206,-0.5590555667877197
1,pose,11,-1,0.5884003043174744,0.3768501281738281,-0.3549727499485016
1,pose,12,-1,0.4447374641895294,0.38031628727912903,-0.3405490219593048
1,pose,13,-1,0.5936670899391174,0.5929286479949951,-0.3121364414691925
1,pose,14,-1,0.4551891088485718,0.5804983377456665,-0.3006603419780731
1,pose,15,-1,0.59541255235672,0.8264627456665039,-0.36281317472457886
1,pose,16,-1,0.4582476019859314,0.7937214970588684,-0.3709268569946289
1,pose,17,-1,0.6002779006958008,0.8964129090309143,-0.4002293050289154
1,pose,18,-1,0.4481278955936432,0.8703247308731079,-0.40180596709251404
1,pose,19,-1,0.5853666663169861,0.9010082483291626,-0.4225185811519623
1,pose,20,-1,0.4562298655509949,0.8734533786773682,-0.44034355878829956
1,pose,21,-1,0.5807690024375916,0.8756667375564575,-0.3725344240665436
1,pose,22,-1,0.47011956572532654,0.8324042558670044,-0.38748231530189514
1,pose,23,-1,0.5540198683738708,0.6615524888038635,-0.014022120274603367
1,pose,24,-1,0.47679874300956726,0.6610516309738159,0.014109807088971138
1,pose,25,-1,0.5421064496040344,0.8863384127616882,-0.18517068028450012
1,pose,26,-1,0.4994671940803528,0.9254376888275146,-0.11428069323301315
1,pose,27,-1,0.5400790572166443,1.0522924661636353,0.1846696436405182
1,pose,28,-1,0.48899346590042114,1.0794001817703247,0.23767445981502533
1,pose,29,-1,0.5418978333473206,1.0748467445373535,0.21513964235782623
1,pose,30,-1,0.48863711953163147,1.0996780395507812,0.2682599127292633
1,pose,31,-1,0.5391884446144104,1.125878930091858,0.09395647794008255
1,pose,32,-1,0.4842311143875122,1.1545367240905762,0.12147317081689835
2,hand,0,0,0.5985120534896851,0.8569133281707764,4.723169055864673e-08
2,hand,1,0,0.5835110545158386,0.8684098720550537,-0.003506421810016036
2,hand,2,0,0.5757889151573181,0.8950484395027161,-0.0034639290533959866
2,hand,3,0,0.5737434029579163,0.9219183921813965,-0.0022796441335231066
2,hand,4,0,0.5723157525062561,0.941422164440155,-0.00012787440209649503
2,hand,5,0,0.5895533561706543,0.9222338795661926,-0.0018329531885683537
2,hand,6,0,0.5848638415336609,0.952687680721283,-0.000906014465726912
2,hand,7,0,0.5797635912895203,0.9534187316894531,0.0003338551032356918
2,hand,8,0,0.5776498913764954,0.9491831660270691,0.0016419837484136224
2,hand,9,0,0.5983349680900574,0.9223785996437073,0.000977876246906817
2,hand,10,0,0.5926086902618408,0.9516642689704895,0.0030551303643733263
2,hand,11,0,0.5863205790519714,0.9516383409500122,0.0042788246646523476
2,hand,12,0,0.5834011435508728,0.9475096464157104,0.005008472129702568
2,hand,13,0,0.6039931774139404,0.9178258180618286,0.0037428755313158035
2,hand,14,0,0.5981994271278381,0.9423723816871643,0.005940270144492388
2,hand,15,0,0.5922825932502747,0.9428479671478271,0.007384270895272493
2,hand,16,0,0.5894016623497009,0.9395666718482971,0.007932309992611408
2,hand,17,0,0.6071261167526245,0.9118541479110718,0.006261163856834173
2,hand,18,0,0.6025276184082031,0.9327574968338013,0.008528098464012146
2,hand,19,0,0.5974795818328857,0.9345190525054932,0.01060519739985466
2,hand,20,0,0.5947332978248596,0.9310869574546814,0.012082315050065517
2,pose,0,-1,0.5182222723960876,0.2095055729150772,-0.6187489032745361
2,pose,1,-1,0.5305225849151611,0.18867498636245728,-0.5951510667800903
2,pose,2,-1,0.5360174179077148,0.1900242567062378,-0.595261812210083
2,pose,3,-1,0.5407248139381409,0.19139541685581207,-0.5954037308692932
2,pose,4,-1,0.5102641582489014,0.18729326128959656,-0.5922254323959351
2,pose,5,-1,0.5036660432815552,0.18753841519355774,-0.5923827886581421
2,pose,6,-1,0.49932920932769775,0.18796558678150177,-0.5925359129905701
2,pose,7,-1,0.5497510433197021,0.20830878615379333,-0.4492960274219513
2,pose,8,-1,0.49235475063323975,0.20525583624839783,-0.4411552846431732
2,pose,9,-1,0.5305930972099304,0.24254494905471802,-0.5643802285194397
2,pose,10,-1,0.5047460794448853,0.2388639897108078,-0.5614862442016602
2,pose,11,-1,0.5878381729125977,0.37435728311538696,-0.35485008358955383
2,pose,12,-1,0.4451203942298889,0.37759631872177124,-0.33014556765556335
2,pose,13,-1,0.5932542681694031,0.5929617285728455,-0.31172069907188416
2,pose,14,-1,0.45263341069221497,0.5848968029022217,-0.2737850248813629
2,pose,15,-1,0.5953894257545471,0.8273758888244629,-0.37950530648231506
2,pose,16,-1,0.45120638608932495,0.8013638257980347,-0.3613482415676117
2,pose,17,-1,0.6003425717353821,0.896668553352356,-0.4191502034664154
2,pose,18,-1,0.4427693486213684,0.8715617656707764,-0.3932007849216461
2,pose,19,-1,0.5854490399360657,0.8999491930007935,-0.4456881880760193
2,pose,20,-1,0.45135948061943054,0.8740096688270569,-0.43505239486694336
2,pose,21,-1,0.5805444717407227,0.874822735786438,-0.39042431116104126
2,pose,22,-1,0.4598431885242462,0.8459154367446899,-0.37926432490348816
2,pose,23,-1,0.5539976954460144,0.6746482253074646,-0.01310750376433134
2,pose,24,-1,0.47685256600379944,0.6787759065628052,0.013204885646700859
2,pose,25,-1,0.5428889989852905,0.8937822580337524,-0.14979076385498047
2,pose,26,-1,0.49163615703582764,0.9281823039054871,-0.1441727727651596
2,pose,27,-1,0.5388219952583313,1.0677459239959717,0.22177143394947052
2,pose,28,-1,0.48472651839256287,1.0795921087265015,0.22688016295433044
2,pose,29,-1,0.5391920208930969,1.0910475254058838,0.2520437240600586
2,pose,30,-1,0.48507121205329895,1.099398136138916,0.2596806287765503
2,pose,31,-1,0.5380722880363464,1.1431083679199219,0.12992136180400848
2,pose,32,-1,0.4813985228538513,1.1548552513122559,0.1172923743724823
3,hand,0,0,0.5971953868865967,0.8566431999206543,3.86197811508282e-08
3,hand,1,0,0.5826430320739746,0.8710160851478577,-0.002667580032721162
3,hand,2,0,0.575408935546875,0.8977529406547546,-0.0022185645066201687
3,hand,3,0,0.5732973217964172,0.9241032600402832,-0.0007577749784104526
3,hand,4,0,0.5720590949058533,0.9432612061500549,0.0016846801154315472
3,hand,5,0,0.5890361666679382,0.9230759143829346,-0.0005661137984134257
3,hand,6,0,0.584678590297699,0.9524058699607849,0.0009845858439803123
3,hand,7,0,0.5798391103744507,0.9509920477867126,0.0022399176377803087
3,hand,8,0,0.5779272317886353,0.9448817372322083,0.0035165240988135338
3,hand,9,0,0.5978789925575256,0.9221993684768677,0.0020169687923043966
3,hand,10,0,0.5925825834274292,0.9504631161689758,0.005257794167846441
3,hand,11,0,0.5867528915405273,0.9503143429756165,0.006568394135683775
3,hand,12,0,0.584240198135376,0.9456145763397217,0.007055611815303564
3,hand,13,0,0.603695809841156,0.9165979623794556,0.0046100313775241375
3,hand,14,0,0.5985032320022583,0.9398293495178223,0.007881338708102703
3,hand,15,0,0.5929685831069946,0.9402114152908325,0.009125728160142899
3,hand,16,0,0.5903521776199341,0.9363128542900085,0.009242231026291847
3,hand,17,0,0.6068089008331299,0.9099090099334717,0.007014327682554722
3,hand,18,0,0.6028849482536316,0.930191159248352,0.010039491578936577
3,hand,19,0,0.5981189012527466,0.9319577813148499,0.01216090563684702
3,hand,20,0,0.5955559015274048,0.9282510876655579,0.013503567315638065
3,pose,0,-1,0.5182243585586548,0.2098701298236847,-0.65571129322052
3,pose,1,-1,0.5305182337760925,0.18907666206359863,-0.6332501769065857
3,pose,2,-1,0.5360191464424133,0.19038112461566925,-0.6333423852920532
3,pose,3,-1,0.540793776512146,0.19168822467327118,-0.63346266746521
3,pose,4,-1,0.5102508068084717,0.1874769926071167,-0.6306331753730774
3,pose,5,-1,0.5036513209342957,0.18766698241233826,-0.6308287978172302
3,pose,6,-1,0.4992664158344269,0.18810461461544037,-0.6309875845909119
3,pose,7,-1,0.5498944520950317,0.2083132416009903,-0.48572540283203125
3,pose,8,-1,0.4924197196960449,0.20484982430934906,-0.47650784254074097
3,pose,9,-1,0.5305979251861572,0.24280592799186707,-0.6005427241325378
3,pose,10,-1,0.5048539638519287,0.23937171697616577,-0.5978537797927856
3,pose,11,-1,0.587748646736145,0.3742467761039734,-0.37947720289230347
3,pose,12,-1,0.4451427757740021,0.3774262070655823,-0.36131051182746887
3,pose,13,-1,0.5932321548461914,0.5946937203407288,-0.3317199945449829
3,pose,14,-1,0.4494767487049103,0.589699387550354,-0.30310288071632385
3,pose,15,-1,0.5953559279441833,0.8312596082687378,-0.40017345547676086
3,pose,16,-1,0.4459117650985718,0.8166782259941101,-0.39142295718193054
3,pose,17,-1,0.6001777052879333,0.901001513004303,-0.4387950599193573
3,pose,18,-1,0.436221182346344,0.8819565773010254,-0.42474687099456787
3,pose,19,-1,0.5854952335357666,0.9025260806083679,-0.46752244234085083
3,pose,20,-1,0.4457603693008423,0.8830782771110535,-0.4677201211452484
3,pose,21,-1,0.5804983973503113,0.8783496618270874,-0.41188493371009827
3,pose,22,-1,0.45205581188201904,0.862619936466217,-0.4094555675983429
3,pose,23,-1,0.5540369153022766,0.6930869817733765,-0.011693392880260944
3,pose,24,-1,0.476852685213089,0.6909299492835999,0.011773692443966866
3,pose,25,-1,0.5523399710655212,0.9322078227996826,-0.0902833566069603
3,pose,26,-1,0.49248403310775757,0.9554867148399353,-0.07472502440214157
3,pose,27,-1,0.5386448502540588,1.0991618633270264,0.2805022895336151
3,pose,28,-1,0.48322784900665283,1.1089519262313843,0.27174028754234314
3,pose,29,-1,0.538762629032135,1.1222501993179321,0.31021738052368164
3,pose,30,-1,0.4829535186290741,1.1289238929748535,0.3021073043346405
3,pose,31,-1,0.5378798842430115,1.1793031692504883,0.1867973655462265
3,pose,32,-1,0.48061659932136536,1.1853173971176147,0.15622422099113464
4,hand,0,0,0.5979763269424438,0.8561326861381531,6.306022726221272e-08
4,hand,1,0,0.5829240083694458,0.8685398697853088,-0.003884930396452546
4,hand,2,0,0.575093150138855,0.8960223197937012,-0.004200171213597059
4,hand,3,0,0.5727643966674805,0.9237782955169678,-0.0033711877185851336
4,hand,4,0,0.5720629096031189,0.9445421695709229,-0.0017492390470579267
4,hand,5,0,0.5878311395645142,0.9218233823776245,-0.0017595796380192041
4,hand,6,0,0.582857608795166,0.9516037106513977,-0.0012922872556373477
4,hand,7,0,0.578432023525238,0.9553478956222534,-0.0006593879661522806
4,hand,8,0,0.5764053463935852,0.9536584615707397,0.00028853246476501226
4,hand,9,0,0.5970264077186584,0.9224117994308472,0.001022944925352931
4,hand,10,0,0.5909144878387451,0.9515489339828491,0.003165627596899867
4,hand,11,0,0.5852023959159851,0.9548287987709045,0.004313812591135502
4,hand,12,0,0.5822196006774902,0.9534339308738708,0.005024330224841833
4,hand,13,0,0.6031966805458069,0.9181650280952454,0.0036061573773622513
4,hand,14,0,0.5975273847579956,0.9435381889343262,0.005903024226427078
4,hand,15,0,0.5917767882347107,0.9472615122795105,0.00727781793102622
4,hand,16,0,0.5884281396865845,0.946989893913269,0.007779845967888832
4,hand,17,0,0.6068320870399475,0.9121220707893372,0.005846709944307804
4,hand,18,0,0.6026402711868286,0.9336197972297668,0.008050555363297462
4,hand,19,0,0.597887396812439,0.9380881786346436,0.010032117366790771
4,hand,20,0,0.5949051976203918,0.9375695586204529,0.011477816849946976
4,pose,0,-1,0.5185027718544006,0.2105834186077118,-0.6743918061256409
4,pose,1,-1,0.5306580066680908,0.1897297352552414,-0.6520926356315613
4,pose,2,-1,0.5361250638961792,0.1909548044204712,-0.6521835923194885
4,pose,3,-1,0.541088342666626,0.19225139915943146,-0.6523141264915466
4,pose,4,-1,0.510498583316803,0.18783991038799286,-0.6497600674629211
4,pose,5,-1,0.5038440227508545,0.18791942298412323,-0.6499277949333191
4,pose,6,-1,0.4992755651473999,0.18834565579891205,-0.6500594019889832
4,pose,7,-1,0.5502176880836487,0.20846419036388397,-0.5012428760528564
4,pose,8,-1,0.49276837706565857,0.20468677580356598,-0.4934990704059601
4,pose,9,-1,0.5307185649871826,0.24359862506389618,-0.6176043152809143
4,pose,10,-1,0.5054133534431458,0.24045000970363617,-0.6154270172119141
4,pose,11,-1,0.5877505540847778,0.3743012249469757,-0.3947125971317291
4,pose,12,-1,0.44548141956329346,0.37667012214660645,-0.37078312039375305
4,pose,13,-1,0.5932378768920898,0.5966621041297913,-0.34225189685821533
4,pose,14,-1,0.4482767879962921,0.5907745361328125,-0.309177428483963
4,pose,15,-1,0.5957335829734802,0.835533082485199,-0.40684032440185547
4,pose,16,-1,0.4437905251979828,0.8137961626052856,-0.395449161529541
4,pose,17,-1,0.6002570986747742,0.9080818295478821,-0.44599074125289917
4,pose,18,-1,0.43458330631256104,0.8815953135490417,-0.42856279015541077
4,pose,19,-1,0.5855931043624878,0.9098118543624878,-0.4767166078090668
4,pose,20,-1,0.44406428933143616,0.8824829459190369,-0.4740438461303711
4,pose,21,-1,0.5805467367172241,0.8880608677864075,-0.41905921697616577
4,pose,22,-1,0.4505448341369629,0.8601227402687073,-0.4146445691585541
4,pose,23,-1,0.5540578365325928,0.7024490237236023,-0.011721117421984673
4,pose,24,-1,0.47694137692451477,0.6967070698738098,0.011800231412053108
4,pose,25,-1,0.5544576048851013,0.9421353936195374,-0.07289983332157135
4,pose,26,-1,0.4918813109397888,0.9668698906898499,-0.035143740475177765
4,pose,27,-1,0.5362797975540161,1.1212316751480103,0.2980192005634308
4,pose,28,-1,0.48197343945503235,1.1273466348648071,0.2972072660923004
4,pose,29,-1,0.5359678268432617,1.1439781188964844,0.32729318737983704
4,pose,30,-1,0.48196789622306824,1.1473462581634521,0.3259441554546356
4,pose,31,-1,0.5352824926376343,1.2018742561340332,0.19987806677818298
4,pose,32,-1,0.47933605313301086,1.207572102546692,0.17732428014278412
5,hand,0,0,0.5991464257240295,0.8539458513259888,4.163710443094715e-08
5,hand,1,0,0.5834881663322449,0.8654298186302185,-0.0016852414701133966
5,hand,2,0,0.5756312608718872,0.8912873864173889,-0.001686769537627697
5,hand,3,0,0.5743652582168579,0.9161816239356995,-0.0012337213847786188
5,hand,4,0,0.5747683048248291,0.9319781064987183,-0.0003589977277442813
5,hand,5,0,0.5871123671531677,0.9181927442550659,-0.002562772249802947
5,hand,6,0,0.5819679498672485,0.9490623474121094,-0.0029756149742752314
5,hand,7,0,0.5767732262611389,0.9543383717536926,-0.0028800559230148792
5,hand,8,0,0.5737731456756592,0.9534355998039246,-0.0025223225820809603
5,hand,9,0,0.5968225598335266,0.9201385974884033,-0.0015618584584444761
5,hand,10,0,0.5900542140007019,0.9510334730148315,-0.0006457259296439588
5,hand,11,0,0.5840607285499573,0.9485386610031128,0.00040570556302554905
5,hand,12,0,0.5821187496185303,0.9417771697044373,0.0009971540421247482
5,hand,13,0,0.6037729382514954,0.9168745279312134,-0.0004123990947846323
5,hand,14,0,0.5981290340423584,0.9454426169395447,0.000812076439615339
5,hand,15,0,0.5925542116165161,0.9425956606864929,0.0027777571231126785
5,hand,16,0,0.5909764170646667,0.934971809387207,0.0036744768731296062
5,hand,17,0,0.6084809899330139,0.9110333323478699,0.00062533188611269
5,hand,18,0,0.6049486398696899,0.9361530542373657,0.0018266279948875308
5,hand,19,0,0.6002349257469177,0.9359719753265381,0.0041465372778475285
5,hand,20,0,0.5983949303627014,0.92970871925354,0.005798480473458767
5,pose,0,-1,0.518713116645813,0.21106813848018646,-0.6585102081298828
5,pose,1,-1,0.5307565331459045,0.19008328020572662,-0.6334410905838013
5,pose,2,-1,0.536249041557312,0.19125734269618988,-0.6335327625274658
5,pose,3,-1,0.5413421988487244,0.19252809882164001,-0.6336859464645386
5,pose,4,-1,0.5106716752052307,0.18811897933483124,-0.6307417750358582
5,pose,5,-1,0.5039590001106262,0.1881582885980606,-0.6308975219726562
5,pose,6,-1,0.4992755651473999,0.18861925601959229,-0.631037175655365
5,pose,7,-1,0.5504323840141296,0.20846456289291382,-0.49036720395088196
5,pose,8,-1,0.4928601384162903,0.20460543036460876,-0.478754460811615
5,pose,9,-1,0.5308306217193604,0.24401460587978363,-0.6088321805000305
5,pose,10,-1,0.5058120489120483,0.24125494062900543,-0.6041003465652466
5,pose,11,-1,0.5877431631088257,0.3737484812736511,-0.37087735533714294
5,pose,12,-1,0.44576314091682434,0.3758743107318878,-0.35232245922088623
5,pose,13,-1,0.5934705138206482,0.5974453687667847,-0.29864421486854553
5,pose,14,-1,0.44775423407554626,0.5936499238014221,-0.28130120038986206
5,pose,15,-1,0.596454918384552,0.8353861570358276,-0.3737100064754486
5,pose,16,-1,0.4421980679035187,0.8136374950408936,-0.3752420246601105
5,pose,17,-1,0.600568950176239,0.9059197306632996,-0.4112589955329895
5,pose,18,-1,0.4347533881664276,0.88154137134552,-0.4072486162185669
5,pose,19,-1,0.5860925912857056,0.9079282283782959,-0.44796034693717957
5,pose,20,-1,0.44417211413383484,0.882131814956665,-0.45739835500717163
5,pose,21,-1,0.5808016061782837,0.8876067399978638,-0.38779619336128235
5,pose,22,-1,0.44896915555000305,0.8596529364585876,-0.3958786427974701
5,pose,23,-1,0.5543703436851501,0.7049742341041565,-0.010301101952791214
5,pose,24,-1,0.47744572162628174,0.7026160359382629,0.010397589765489101
5,pose,25,-1,0.5563700795173645,0.9513056874275208,-0.06620883196592331
5,pose,26,-1,0.49118316173553467,0.9660946130752563,-0.03220062330365181
5,pose,27,-1,0.5395613312721252,1.132799744606018,0.29004737734794617
5,pose,28,-1,0.4817437529563904,1.144619345664978,0.2773313820362091
5,pose,29,-1,0.5382709503173828,1.1552690267562866,0.31758734583854675
5,pose,30,-1,0.48180726170539856,1.1673942804336548,0.30714842677116394
5,pose,31,-1,0.5388482809066772,1.2161633968353271,0.18341079354286194
5,pose,32,-1,0.4793604612350464,1.2261621952056885,0.1517283022403717
6,hand,0,0,0.5971953272819519,0.8461920022964478,7.096593535038664e-09
6,hand,1,0,0.5824201107025146,0.8616977334022522,-0.0009834126103669405
6,hand,2,0,0.5752347707748413,0.8870874047279358,-0.002419792814180255
6,hand,3,0,0.5740199089050293,0.9124845862388611,-0.003518191399052739
6,hand,4,0,0.5738044381141663,0.9302881956100464,-0.004227024968713522
6,hand,5,0,0.5852803587913513,0.9052481055259705,-0.007448309566825628
6,hand,6,0,0.5801020860671997,0.9434319138526917,-0.010746696032583714
6,hand,7,0,0.5757874250411987,0.945641815662384,-0.011576018296182156
6,hand,8,0,0.5744740962982178,0.9400441646575928,-0.01120995357632637
6,hand,9,0,0.5953132510185242,0.9085477590560913,-0.007629110012203455
6,hand,10,0,0.588712215423584,0.9464020729064941,-0.009028620086610317
6,hand,11,0,0.583608090877533,0.943787693977356,-0.008165205828845501
6,hand,12,0,0.5828202962875366,0.9352551698684692,-0.007536300923675299
6,hand,13,0,0.6033801436424255,0.9078477621078491,-0.007485731039196253
6,hand,14,0,0.5972119569778442,0.9449575543403625,-0.007878648117184639
6,hand,15,0,0.5920592546463013,0.9429049491882324,-0.005887503270059824
6,hand,16,0,0.5907787680625916,0.9342261552810669,-0.0048524122685194016
6,hand,17,0,0.609443724155426,0.9039289951324463,-0.007296783849596977
6,hand,18,0,0.609548032283783,0.9330517649650574,-0.007602788973599672
6,hand,19,0,0.6058093309402466,0.9419195652008057,-0.006439670454710722
6,hand,20,0,0.6032312512397766,0.9436948299407959,-0.005569717846810818
6,pose,0,-1,0.5186948776245117,0.21107324957847595,-0.6496599912643433
6,pose,1,-1,0.530751645565033,0.19010883569717407,-0.625193178653717
6,pose,2,-1,0.5362529158592224,0.19129052758216858,-0.625287652015686
6,pose,3,-1,0.5413911938667297,0.19256344437599182,-0.6254361867904663
6,pose,4,-1,0.5106384754180908,0.1881181001663208,-0.6229280829429626
6,pose,5,-1,0.5039211511611938,0.18815532326698303,-0.6230799555778503
6,pose,6,-1,0.49913978576660156,0.18862193822860718,-0.6232230067253113
6,pose,7,-1,0.5504997372627258,0.2083410769701004,-0.48194620013237
6,pose,8,-1,0.4928608536720276,0.20431706309318542,-0.4752453565597534
6,pose,9,-1,0.5308300852775574,0.24405138194561005,-0.5994536280632019
6,pose,10,-1,0.5058190822601318,0.24131274223327637,-0.5980063080787659
6,pose,11,-1,0.5878088474273682,0.3737601041793823,-0.37049195170402527
6,pose,12,-1,0.44576460123062134,0.3759929835796356,-0.3369779586791992
6,pose,13,-1,0.5954416394233704,0.6027575731277466,-0.3014901876449585
6,pose,14,-1,0.44502073526382446,0.5996472835540771,-0.2698011100292206
6,pose,15,-1,0.5967874526977539,0.8350139856338501,-0.37378522753715515
6,pose,16,-1,0.43855613470077515,0.8204171657562256,-0.3665337860584259
6,pose,17,-1,0.6019636988639832,0.9055384397506714,-0.4113437533378601
6,pose,18,-1,0.43335089087486267,0.8848974108695984,-0.39708569645881653
6,pose,19,-1,0.587821364402771,0.9069225192070007,-0.44644975662231445
6,pose,20,-1,0.4412592947483063,0.8853549361228943,-0.44744446873664856
6,pose,21,-1,0.5820222496986389,0.8867361545562744,-0.387715607881546
6,pose,22,-1,0.44535455107688904,0.8648499846458435,-0.38701698184013367
6,pose,23,-1,0.5552440285682678,0.7108121514320374,-0.012448758818209171
6,pose,24,-1,0.4773602783679962,0.705287754535675,0.01251776423305273
6,pose,25,-1,0.557915985584259,0.9550860524177551,-0.08322364836931229
6,pose,26,-1,0.49073636531829834,0.969683051109314,-0.045354362577199936
6,pose,27,-1,0.5433624982833862,1.1211695671081543,0.28730809688568115
6,pose,28,-1,0.48026588559150696,1.1341966390609741,0.2813250720500946
6,pose,29,-1,0.5427771210670471,1.1425392627716064,0.3172436058521271
6,pose,30,-1,0.4800068438053131,1.1553086042404175,0.31037333607673645
6,pose,31,-1,0.544938325881958,1.200900673866272,0.19965891540050507
6,pose,32,-1,0.4768945276737213,1.2124472856521606,0.1663835197687149
7,hand,0,0,0.4289568066596985,0.82227623462677,2.77670491044546e-08
7,hand,1,0,0.44251689314842224,0.8346631526947021,-0.006632865872234106
7,hand,2,0,0.4477057158946991,0.8597990870475769,-0.009018579497933388
7,hand,3,0,0.44948825240135193,0.8848481178283691,-0.009761403314769268
7,hand,4,0,0.45203977823257446,0.9051809310913086,-0.009776049293577671
7,hand,5,0,0.4347470700740814,0.8816328644752502,-0.00794966984540224
7,hand,6,0,0.43939343094825745,0.9134149551391602,-0.011174894869327545
7,hand,7,0,0.44524499773979187,0.9280062913894653,-0.012947754934430122
7,hand,8,0,0.4505653977394104,0.935333251953125,-0.013262827880680561
7,hand,9,0,0.42539677023887634,0.8827541470527649,-0.005163875874131918
7,hand,10,0,0.42739808559417725,0.9155207276344299,-0.00665777875110507
7,hand,11,0,0.4336497485637665,0.9306662082672119,-0.006659484934061766
7,hand,12,0,0.43984535336494446,0.9377169013023376,-0.006253738887608051
7,hand,13,0,0.41987818479537964,0.8803457021713257,-0.0028716831002384424
7,hand,14,0,0.42066118121147156,0.9108587503433228,-0.004719430580735207
7,hand,15,0,0.42701256275177,0.9253109097480774,-0.004755904898047447
7,hand,16,0,0.4333864748477936,0.9324739575386047,-0.004142252262681723
7,hand,17,0,0.4175487756729126,0.8771386742591858,-0.0009593924041837454
7,hand,18,0,0.4181746244430542,0.902824342250824,-0.0026023967657238245
7,hand,19,0,0.42279431223869324,0.9166500568389893,-0.0023639961145818233
7,hand,20,0,0.4283742606639862,0.9240841269493103,-0.001444198307581246
7,hand,0,1,0.5954293608665466,0.8313342332839966,4.5135568171872364e-08
7,hand,1,1,0.5813900828361511,0.8479002714157104,-0.001164623536169529
7,hand,2,1,0.5749962329864502,0.8741166591644287,-0.0022610006853938103
7,hand,3,1,0.5735878348350525,0.8985071778297424,-0.003175158519297838
7,hand,4,1,0.5739816427230835,0.9157138466835022,-0.00415770523250103
7,hand,5,1,0.5802783966064453,0.8893038034439087,-0.00525770103558898
7,hand,6,1,0.5767804980278015,0.9221588969230652,-0.008810430765151978
7,hand,7,1,0.5749760270118713,0.9395917057991028,-0.010549136437475681
7,hand,8,1,0.5739856958389282,0.9503611922264099,-0.011386476457118988
7,hand,9,1,0.5893882513046265,0.892922043800354,-0.006500131916254759
7,hand,10,1,0.5857014060020447,0.9271489381790161,-0.0092648696154356
7,hand,11,1,0.5838123559951782,0.9443362355232239,-0.010380873456597328
7,hand,12,1,0.5824483633041382,0.9563208818435669,-0.011095493100583553
7,hand,13,1,0.5985320210456848,0.8929497599601746,-0.007755436468869448
7,hand,14,1,0.5950183868408203,0.9267697930335999,-0.010229136794805527
7,hand,15,1,0.593306303024292,0.9439038038253784,-0.010835527442395687
7,hand,16,1,0.5916915535926819,0.9560679793357849,-0.011377628892660141
7,hand,17,1,0.6071727871894836,0.8902246356010437,-0.00896155834197998
7,hand,18,1,0.6095091104507446,0.9152551293373108,-0.01136054378002882
7,hand,19,1,0.6097114682197571,0.9316571950912476,-0.011763595044612885
7,hand,20,1,0.6088087558746338,0.9446501135826111,-0.011884850449860096
7,pose,0,-1,0.5186251997947693,0.2110336720943451,-0.6456151604652405
7,pose,1,-1,0.5307446122169495,0.1901085376739502,-0.6246308088302612
7,pose,2,-1,0.5362556576728821,0.19129279255867004,-0.6247060298919678
7,pose,3,-1,0.5414173007011414,0.1925659328699112,-0.6248336434364319
7,pose,4,-1,0.510593831539154,0.18807582557201385,-0.6212737560272217
7,pose,5,-1,0.5038846731185913,0.18810774385929108,-0.6214339733123779
7,pose,6,-1,0.4990297555923462,0.18859413266181946,-0.6215892434120178
7,pose,7,-1,0.5505310893058777,0.2081589698791504,-0.48259422183036804
7,pose,8,-1,0.49291297793388367,0.2040698528289795,-0.4704515337944031
7,pose,9,-1,0.5308222770690918,0.2440090924501419,-0.5931330919265747
7,pose,10,-1,0.5058028101921082,0.24129502475261688,-0.5912264585494995
7,pose,11,-1,0.5880717635154724,0.373914510011673,-0.37224024534225464
7,pose,12,-1,0.4459734559059143,0.375002384185791,-0.33772945404052734
7,pose,13,-1,0.5968964695930481,0.6058712601661682,-0.3043372929096222
7,pose,14,-1,0.44227492809295654,0.5985199809074402,-0.27677789330482483
7,pose,15,-1,0.5969622731208801,0.8319119215011597,-0.399675190448761
7,pose,16,-1,0.4346936047077179,0.8193439245223999,-0.37937870621681213
7,pose,17,-1,0.6030061841011047,0.8993750810623169,-0.44330015778541565
7,pose,18,-1,0.4293636679649353,0.882188081741333,-0.41349539160728455
7,pose,19,-1,0.58890700340271,0.8997325301170349,-0.4780753552913666
7,pose,20,-1,0.4386816918849945,0.8820958733558655,-0.4644543528556824
7,pose,21,-1,0.582444429397583,0.8811156749725342,-0.41423285007476807
7,pose,22,-1,0.44284436106681824,0.8631297945976257,-0.400405615568161
7,pose,23,-1,0.5552368760108948,0.7265937328338623,-0.015367561019957066
7,pose,24,-1,0.477215975522995,0.7130544781684875,0.015444638207554817
7,pose,25,-1,0.5570160746574402,0.9672319293022156,-0.09885217994451523
7,pose,26,-1,0.4849686324596405,0.9808562994003296,-0.0078053949400782585
7,pose,27,-1,0.544664204120636,1.193439245223999,0.25251778960227966
7,pose,28,-1,0.47971925139427185,1.1893895864486694,0.27421581745147705
7,pose,29,-1,0.5448077321052551,1.2209903001785278,0.27248284220695496
7,pose,30,-1,0.4802916944026947,1.2187230587005615,0.3072494864463806
7,pose,31,-1,0.5470781922340393,1.2751318216323853,0.1195666640996933
7,pose,32,-1,0.47433730959892273,1.273512840270996,0.12911690771579742
8,hand,0,0,0.4302046000957489,0.8043409585952759,-7.707060234452001e-08
8,hand,1,0,0.44377344846725464,0.8146737813949585,-0.005837735254317522
8,hand,2,0,0.45081979036331177,0.8427637219429016,-0.008423009887337685
8,hand,3,0,0.45450839400291443,0.8704352378845215,-0.009991123341023922
8,hand,4,0,0.4567761719226837,0.892443835735321,-0.01085983868688345
8,hand,5,0,0.43647390604019165,0.8583770990371704,-0.007561767008155584
8,hand,6,0,0.440703809261322,0.8941454291343689,-0.012059935368597507
8,hand,7,0,0.44726163148880005,0.906139612197876,-0.014561755582690239
8,hand,8,0,0.45175889134407043,0.9083449244499207,-0.01536861713975668
8,hand,9,0,0.4280582666397095,0.8620571494102478,-0.005931645631790161
8,hand,10,0,0.43294766545295715,0.8958092927932739,-0.008879131637513638
8,hand,11,0,0.43990984559059143,0.9068785309791565,-0.010015860199928284
8,hand,12,0,0.44479936361312866,0.9089134931564331,-0.01060935016721487
8,hand,13,0,0.42253750562667847,0.8629662394523621,-0.004837539978325367
8,hand,14,0,0.4269225597381592,0.8950239419937134,-0.007945583201944828
8,hand,15,0,0.43419626355171204,0.9056183099746704,-0.008184369653463364
8,hand,16,0,0.4396166205406189,0.9085953235626221,-0.007808718364685774
8,hand,17,0,0.4197938144207001,0.8628930449485779,-0.004051683004945517
8,hand,18,0,0.4237710237503052,0.8906137943267822,-0.006699926685541868
8,hand,19,0,0.42960548400878906,0.9030718207359314,-0.006876007653772831
8,hand,20,0,0.434558242559433,0.9077888131141663,-0.006373663432896137
8,pose,0,-1,0.5185893774032593,0.2110440731048584,-0.5998457074165344
8,pose,1,-1,0.5307444334030151,0.19011957943439484,-0.5836464762687683
8,pose,2,-1,0.5362573266029358,0.19130337238311768,-0.5837141871452332
8,pose,3,-1,0.541442334651947,0.19257739186286926,-0.5838341116905212
8,pose,4,-1,0.5105924010276794,0.18809449672698975,-0.5799033045768738
8,pose,5,-1,0.5038848519325256,0.18814495205879211,-0.5800503492355347
8,pose,6,-1,0.49896711111068726,0.18864555656909943,-0.5802072286605835
8,pose,7,-1,0.5505667924880981,0.20807510614395142,-0.4437457323074341
8,pose,8,-1,0.4929674565792084,0.20399107038974762,-0.4275624454021454
8,pose,9,-1,0.5308006405830383,0.2440321445465088,-0.544585645198822
8,pose,10,-1,0.5057687759399414,0.24145174026489258,-0.5403509736061096
8,pose,11,-1,0.5882769227027893,0.37388718128204346,-0.33025407791137695
8,pose,12,-1,0.44597238302230835,0.37439727783203125,-0.29758015275001526
8,pose,13,-1,0.6006385684013367,0.6058017015457153,-0.25995364785194397
8,pose,14,-1,0.440154105424881,0.5958542823791504,-0.23341025412082672
8,pose,15,-1,0.5963794589042664,0.8186503052711487,-0.37288492918014526
8,pose,16,-1,0.4350728988647461,0.8002685904502869,-0.3536504805088043
8,pose,17,-1,0.6029773950576782,0.8795635104179382,-0.4217919707298279
8,pose,18,-1,0.4305886924266815,0.8567420840263367,-0.3876380920410156
8,pose,19,-1,0.5884406566619873,0.8788418173789978,-0.458048552274704
8,pose,20,-1,0.4396044611930847,0.8575177788734436,-0.4390208125114441
8,pose,21,-1,0.582198977470398,0.8576804399490356,-0.3874661326408386
8,pose,22,-1,0.4438302218914032,0.8415560126304626,-0.37435445189476013
8,pose,23,-1,0.5552434921264648,0.7339985966682434,-0.017784522846341133
8,pose,24,-1,0.47717350721359253,0.7212983965873718,0.017876556143164635
8,pose,25,-1,0.5573907494544983,0.967801570892334,-0.0917050689458847
8,pose,26,-1,0.48217514157295227,0.9890948534011841,0.00497010163962841
8,pose,27,-1,0.5487266778945923,1.2089688777923584,0.25297752022743225
8,pose,28,-1,0.4798249900341034,1.2118452787399292,0.27476441860198975
8,pose,29,-1,0.5495059490203857,1.237133264541626,0.2758137583732605
8,pose,30,-1,0.4805220365524292,1.244792103767395,0.30166444182395935
8,pose,31,-1,0.5486170649528503,1.2926692962646484,0.12490592896938324
8,pose,32,-1,0.47485390305519104,1.2935856580734253,0.12546931207180023
9,pose,0,-1,0.5186745524406433,0.2111382931470871,-0.5631284117698669
9,pose,1,-1,0.5308106541633606,0.19014792144298553,-0.5459331274032593
9,pose,2,-1,0.5363065004348755,0.19131524860858917,-0.5459880232810974
9,pose,3,-1,0.5415440201759338,0.1925847828388214,-0.5460616946220398
9,pose,4,-1,0.5108405947685242,0.1882047951221466,-0.5443337559700012
9,pose,5,-1,0.504207193851471,0.18827059864997864,-0.5444698333740234
9,pose,6,-1,0.49906474351882935,0.18876907229423523,-0.544622004032135
9,pose,7,-1,0.5505818128585815,0.20793329179286957,-0.40262097120285034
9,pose,8,-1,0.4932537078857422,0.20399349927902222,-0.3963488042354584
9,pose,9,-1,0.5308945178985596,0.24407105147838593,-0.5065268874168396
9,pose,10,-1,0.5062177777290344,0.2419271469116211,-0.5048798322677612
9,pose,11,-1,0.5885000228881836,0.37390363216400146,-0.28651124238967896
9,pose,12,-1,0.44617563486099243,0.37386786937713623,-0.2657199800014496
9,pose,13,-1,0.607044517993927,0.6043493151664734,-0.20809826254844666
9,pose,14,-1,0.4384728968143463,0.590798556804657,-0.20021511614322662
9,pose,15,-1,0.5931527018547058,0.781705915927887,-0.3256797790527344
9,pose,16,-1,0.43673643469810486,0.7743144035339355,-0.3270021677017212
9,pose,17,-1,0.5968478918075562,0.8438953757286072,-0.37295177578926086
9,pose,18,-1,0.432822048664093,0.8352400660514832,-0.36266443133354187
9,pose,19,-1,0.5840851068496704,0.8386073112487793,-0.40627574920654297
9,pose,20,-1,0.4446449875831604,0.8342289924621582,-0.40872737765312195
9,pose,21,-1,0.5795099139213562,0.8166658878326416,-0.3390708863735199
9,pose,22,-1,0.44720253348350525,0.8179858922958374,-0.3454015552997589
9,pose,23,-1,0.5572189092636108,0.7314352989196777,-0.017558731138706207
9,pose,24,-1,0.47779911756515503,0.7235027551651001,0.01769152283668518
9,pose,25,-1,0.5605212450027466,0.9694565534591675,-0.06203019246459007
9,pose,26,-1,0.4825492799282074,0.989486575126648,0.011599114164710045
9,pose,27,-1,0.5526646375656128,1.2026761770248413,0.27994805574417114
9,pose,28,-1,0.4799467623233795,1.2128698825836182,0.2700590491294861
9,pose,29,-1,0.5525577068328857,1.2286341190338135,0.3048510253429413
9,pose,30,-1,0.4806371033191681,1.2452558279037476,0.28740063309669495
9,pose,31,-1,0.5490477085113525,1.29119074344635,0.15774349868297577
9,pose,32,-1,0.47606074810028076,1.2943018674850464,0.11003120988607407
10,pose,0,-1,0.5187241435050964,0.21208947896957397,-0.5799160003662109
10,pose,1,-1,0.5308184027671814,0.19029925763607025,-0.5613100528717041
10,pose,2,-1,0.5363079309463501,0.19140911102294922,-0.5613901019096375
10,pose,3,-1,0.5415518879890442,0.19268640875816345,-0.5614754557609558
10,pose,4,-1,0.510911226272583,0.18854302167892456,-0.5604872107505798
10,pose,5,-1,0.5043696761131287,0.18860380351543427,-0.5606496930122375
10,pose,6,-1,0.49909508228302,0.18917855620384216,-0.5608142614364624
10,pose,7,-1,0.550578773021698,0.20801441371440887,-0.4141504466533661
10,pose,8,-1,0.49335259199142456,0.20458495616912842,-0.41175615787506104
10,pose,9,-1,0.5309164524078369,0.2449551373720169,-0.5220908522605896
10,pose,10,-1,0.5065836906433105,0.2434646040201187,-0.5216019153594971
10,pose,11,-1,0.5886276364326477,0.37391558289527893,-0.29172831773757935
10,pose,12,-1,0.4463321268558502,0.37342575192451477,-0.2789854407310486
10,pose,13,-1,0.6124749779701233,0.6003057360649109,-0.21916471421718597
10,pose,14,-1,0.4331986606121063,0.5856286883354187,-0.21777601540088654
10,pose,15,-1,0.5892042517662048,0.7526820302009583,-0.334031879901886
10,pose,16,-1,0.4456133246421814,0.744501531124115,-0.33840233087539673
10,pose,17,-1,0.5856931805610657,0.811661422252655,-0.37818628549575806
10,pose,18,-1,0.4482018053531647,0.8074337840080261,-0.3732525408267975
10,pose,19,-1,0.5759615302085876,0.8062525987625122,-0.40773841738700867
10,pose,20,-1,0.46162623167037964,0.8065888285636902,-0.4142443835735321
10,pose,21,-1,0.5743458867073059,0.7828754186630249,-0.34563779830932617
10,pose,22,-1,0.46266812086105347,0.7841221690177917,-0.3546565771102905
10,pose,23,-1,0.5575201511383057,0.7287720441818237,-0.014860296621918678
10,pose,24,-1,0.47817927598953247,0.7207483649253845,0.015059882774949074
10,pose,25,-1,0.5610358119010925,0.9650639295578003,-0.06830127537250519
10,pose,26,-1,0.48342928290367126,0.9907573461532593,-0.012609126977622509
10,pose,27,-1,0.5564126968383789,1.1976238489151,0.2632521986961365
10,pose,28,-1,0.4800948202610016,1.2203376293182373,0.20343635976314545
10,pose,29,-1,0.5563061237335205,1.224469542503357,0.2806716859340668
10,pose,30,-1,0.4807615578174591,1.2540768384933472,0.21702168881893158
10,pose,31,-1,0.551289975643158,1.2862789630889893,0.1212930753827095
10,pose,32,-1,0.4778771996498108,1.3012810945510864,0.03111335262656212
11,pose,0,-1,0.5187625288963318,0.21231354773044586,-0.4876770079135895
11,pose,1,-1,0.5308120250701904,0.19031557440757751,-0.46563416719436646
11,pose,2,-1,0.5362602472305298,0.1914120763540268,-0.4657836854457855
11,pose,3,-1,0.5414631962776184,0.19268964231014252,-0.4658880829811096
11,pose,4,-1,0.51099693775177,0.18861378729343414,-0.4652063548564911
11,pose,5,-1,0.5045985579490662,0.18867412209510803,-0.465310275554657
11,pose,6,-1,0.4991861879825592,0.18927201628684998,-0.46546515822410583
11,pose,7,-1,0.5503438711166382,0.20802100002765656,-0.31027325987815857
11,pose,8,-1,0.4935583770275116,0.20474408566951752,-0.3100632131099701
11,pose,9,-1,0.53090900182724,0.24517440795898438,-0.4276388883590698
11,pose,10,-1,0.5068832039833069,0.24371029436588287,-0.4275439977645874
11,pose,11,-1,0.5884427428245544,0.3724743723869324,-0.2047334611415863
11,pose,12,-1,0.4468884766101837,0.3712904751300812,-0.1827874481678009
11,pose,13,-1,0.613585889339447,0.5758982300758362,-0.17692841589450836
11,pose,14,-1,0.42790111899375916,0.5708069801330566,-0.13515624403953552
11,pose,15,-1,0.5882076025009155,0.6600193977355957,-0.3434053063392639
11,pose,16,-1,0.4473351836204529,0.6727592945098877,-0.2841774523258209
11,pose,17,-1,0.5781872868537903,0.7030535936355591,-0.3889924883842468
11,pose,18,-1,0.4549427330493927,0.7277501821517944,-0.3246796727180481
11,pose,19,-1,0.5725634694099426,0.6807292699813843,-0.415371835231781
11,pose,20,-1,0.46834784746170044,0.7149626612663269,-0.35783651471138
11,pose,21,-1,0.5733790993690491,0.6658390164375305,-0.3546856641769409
11,pose,22,-1,0.46815332770347595,0.698298454284668,-0.2986713945865631
11,pose,23,-1,0.5574905872344971,0.7269601225852966,-0.013289636932313442
11,pose,24,-1,0.47854962944984436,0.7175272107124329,0.013656907714903355
11,pose,25,-1,0.5617392063140869,0.9611695408821106,-0.08305118978023529
11,pose,26,-1,0.485037237405777,0.9828206300735474,-0.014288277365267277
11,pose,27,-1,0.5573990345001221,1.1841238737106323,0.18168050050735474
11,pose,28,-1,0.48364511132240295,1.1994717121124268,0.2010946273803711
11,pose,29,-1,0.5564475655555725,1.209189534187317,0.2006274312734604
11,pose,30,-1,0.4852033853530884,1.2292226552963257,0.21743951737880707
11,pose,31,-1,0.5595789551734924,1.2762259244918823,0.045554593205451965
11,pose,32,-1,0.48275551199913025,1.2809829711914062,0.03381907567381859
12,pose,0,-1,0.5187949538230896,0.21229322254657745,-0.5281148552894592
12,pose,1,-1,0.530800461769104,0.19026467204093933,-0.5047681331634521
12,pose,2,-1,0.5362229943275452,0.1913391351699829,-0.5049194097518921
12,pose,3,-1,0.5413944125175476,0.1926143914461136,-0.5050451159477234
12,pose,4,-1,0.5110980272293091,0.18860821425914764,-0.5038672685623169
12,pose,5,-1,0.5047847032546997,0.188670814037323,-0.5040153861045837
12,pose,6,-1,0.4992557466030121,0.18927615880966187,-0.5041543245315552
12,pose,7,-1,0.5502150654792786,0.2079821228981018,-0.3386114239692688
12,pose,8,-1,0.49359604716300964,0.20475517213344574,-0.337167352437973
12,pose,9,-1,0.5309076309204102,0.24513399600982666,-0.4645867645740509
12,pose,10,-1,0.5071218013763428,0.24370193481445312,-0.4642620086669922
12,pose,11,-1,0.5884743928909302,0.3723386824131012,-0.2287006825208664
12,pose,12,-1,0.44690921902656555,0.37014898657798767,-0.18770763278007507
12,pose,13,-1,0.6218262910842896,0.5778754353523254,-0.23381635546684265
12,pose,14,-1,0.42068901658058167,0.5725981593132019,-0.18876920640468597
12,pose,15,-1,0.5817734003067017,0.6127392649650574,-0.494562029838562
12,pose,16,-1,0.4559989869594574,0.6251913905143738,-0.4234940707683563
12,pose,17,-1,0.5627017617225647,0.6276612877845764,-0.5545009970664978
12,pose,18,-1,0.47087523341178894,0.6580449342727661,-0.47043704986572266
12,pose,19,-1,0.5605701208114624,0.6050406098365784,-0.5619246959686279
12,pose,20,-1,0.47795921564102173,0.6406718492507935,-0.4872346520423889
12,pose,21,-1,0.5648177266120911,0.5978233218193054,-0.5000580549240112
12,pose,22,-1,0.4754157066345215,0.6257397532463074,-0.43263542652130127
12,pose,23,-1,0.5575927495956421,0.7238436341285706,-0.014918466098606586
12,pose,24,-1,0.4790913462638855,0.7176910638809204,0.015393370762467384
12,pose,25,-1,0.56159508228302,0.9610950350761414,-0.07158185541629791
12,pose,26,-1,0.485356867313385,0.9823362231254578,-0.0025742491707205772
12,pose,27,-1,0.5573063492774963,1.1870630979537964,0.24156025052070618
12,pose,28,-1,0.4819280207157135,1.2062737941741943,0.2477215975522995
12,pose,29,-1,0.5569069385528564,1.2135177850723267,0.2647481858730316
12,pose,30,-1,0.4829781949520111,1.237512469291687,0.265545517206192
12,pose,31,-1,0.5574417114257812,1.2743254899978638,0.08016271889209747
12,pose,32,-1,0.48112478852272034,1.289372444152832,0.04906100407242775
13,pose,0,-1,0.5187960267066956,0.2123444676399231,-0.4934750199317932
13,pose,1,-1,0.530793309211731,0.19024620950222015,-0.47323283553123474
13,pose,2,-1,0.5362098813056946,0.19130927324295044,-0.4733223021030426
13,pose,3,-1,0.5413917899131775,0.19258828461170197,-0.4733832776546478
13,pose,4,-1,0.511131227016449,0.18861447274684906,-0.46935614943504333
13,pose,5,-1,0.5048831105232239,0.1886814385652542,-0.46948832273483276
13,pose,6,-1,0.49929243326187134,0.1893230825662613,-0.469561904668808
13,pose,7,-1,0.5502278208732605,0.20803655683994293,-0.3160068392753601
13,pose,8,-1,0.4936363995075226,0.20481593906879425,-0.29835277795791626
13,pose,9,-1,0.5309031009674072,0.24518238008022308,-0.4329398274421692
13,pose,10,-1,0.5071218609809875,0.24379859864711761,-0.4281054735183716
13,pose,11,-1,0.5885923504829407,0.37179863452911377,-0.2125568836927414
13,pose,12,-1,0.44782036542892456,0.3676406741142273,-0.1346541941165924
13,pose,13,-1,0.6305977702140808,0.5824853181838989,-0.25721505284309387
13,pose,14,-1,0.413626492023468,0.5756378173828125,-0.1946089267730713
13,pose,15,-1,0.5726461410522461,0.5489533543586731,-0.5073188543319702
13,pose,16,-1,0.45985695719718933,0.5497854351997375,-0.49801167845726013
13,pose,17,-1,0.5572865605354309,0.5508275628089905,-0.5590369701385498
13,pose,18,-1,0.4761466085910797,0.5489347577095032,-0.5469825863838196
13,pose,19,-1,0.5568333268165588,0.5302384495735168,-0.5584023594856262
13,pose,20,-1,0.479280561208725,0.525644063949585,-0.5450248718261719
13,pose,21,-1,0.5605257153511047,0.5265628695487976,-0.5079977512359619
13,pose,22,-1,0.4774969816207886,0.5267192721366882,-0.5010077953338623
13,pose,23,-1,0.5574725866317749,0.726463794708252,-0.019228346645832062
13,pose,24,-1,0.47888389229774475,0.7225731015205383,0.01998632773756981
13,pose,25,-1,0.5611501336097717,0.9660842418670654,-0.037837784737348557
13,pose,26,-1,0.47910550236701965,0.9897060990333557,0.05840383842587471
13,pose,27,-1,0.556458592414856,1.2140988111495972,0.28645721077919006
13,pose,28,-1,0.47788116335868835,1.2175158262252808,0.31061145663261414
13,pose,29,-1,0.5571473240852356,1.2439864873886108,0.31079399585723877
13,pose,30,-1,0.4782566428184509,1.251436710357666,0.3302653729915619
13,pose,31,-1,0.5515087246894836,1.2999588251113892,0.14856122434139252
13,pose,32,-1,0.4790187180042267,1.301965355873108,0.15160268545150757
14,pose,0,-1,0.5188685059547424,0.21301820874214172,-0.4239695370197296
14,pose,1,-1,0.5308058857917786,0.19027064740657806,-0.40345972776412964
14,pose,2,-1,0.5362096428871155,0.19131538271903992,-0.4034682810306549
14,pose,3,-1,0.541393518447876,0.1925884336233139,-0.4034498333930969
14,pose,4,-1,0.5111600160598755,0.18871162831783295,-0.3979988098144531
14,pose,5,-1,0.5049475431442261,0.18879196047782898,-0.3980797827243805
14,pose,6,-1,0.4993142783641815,0.18950632214546204,-0.3981122374534607
14,pose,7,-1,0.5502265095710754,0.20804283022880554,-0.250958651304245
14,pose,8,-1,0.4936465620994568,0.20497527718544006,-0.2245158553123474
14,pose,9,-1,0.530900776386261,0.24571552872657776,-0.36602887511253357
14,pose,10,-1,0.5071728229522705,0.24462175369262695,-0.3588724136352539
14,pose,11,-1,0.5891057252883911,0.3707810342311859,-0.16804908215999603
14,pose,12,-1,0.4489077031612396,0.36748892068862915,-0.07980276644229889
14,pose,13,-1,0.6382627487182617,0.5853134989738464,-0.2734857201576233
14,pose,14,-1,0.40850257873535156,0.5797743797302246,-0.20565837621688843
14,pose,15,-1,0.5640549063682556,0.5042979717254639,-0.5252934098243713
14,pose,16,-1,0.45993003249168396,0.4814019203186035,-0.550946831703186
14,pose,17,-1,0.5473548173904419,0.4759606122970581,-0.575782060623169
14,pose,18,-1,0.46988630294799805,0.43620866537094116,-0.6001514792442322
14,pose,19,-1,0.5465238094329834,0.45274561643600464,-0.5544341802597046
14,pose,20,-1,0.4751357138156891,0.41689056158065796,-0.5832105278968811
14,pose,21,-1,0.5506528615951538,0.4619687795639038,-0.5177076458930969
14,pose,22,-1,0.4747518301010132,0.4344276189804077,-0.548935055732727
14,pose,23,-1,0.5575713515281677,0.7343031764030457,-0.027564944699406624
14,pose,24,-1,0.4787481129169464,0.7307167649269104,0.028558479622006416
14,pose,25,-1,0.560961902141571,0.9739446640014648,-0.03144308179616928
14,pose,26,-1,0.47588443756103516,0.995898425579071,0.11469464749097824
14,pose,27,-1,0.5558868050575256,1.223207950592041,0.2972722053527832
14,pose,28,-1,0.4768058657646179,1.2253164052963257,0.39068612456321716
14,pose,29,-1,0.5567102432250977,1.2554948329925537,0.3217591345310211
14,pose,30,-1,0.4765041470527649,1.2612234354019165,0.4131896197795868
14,pose,31,-1,0.5452927350997925,1.3094291687011719,0.15895035862922668
14,pose,32,-1,0.47823235392570496,1.3091055154800415,0.23352842032909393
15,pose,0,-1,0.5188897252082825,0.21479929983615875,-0.41762715578079224
15,pose,1,-1,0.5308091044425964,0.19060425460338593,-0.3962627053260803
15,pose,2,-1,0.5362085103988647,0.19161918759346008,-0.39630624651908875
15,pose,3,-1,0.5413933992385864,0.19284696877002716,-0.3962790071964264
15,pose,4,-1,0.5111621022224426,0.18908633291721344,-0.39124634861946106
15,pose,5,-1,0.5049605965614319,0.18918058276176453,-0.39132800698280334
15,pose,6,-1,0.49931633472442627,0.18998819589614868,-0.39137595891952515
15,pose,7,-1,0.5502269864082336,0.20822405815124512,-0.24155154824256897
15,pose,8,-1,0.493648499250412,0.20531384646892548,-0.21752604842185974
15,pose,9,-1,0.5308765769004822,0.24753627181053162,-0.35869067907333374
15,pose,10,-1,0.5071753263473511,0.24629171192646027,-0.35235244035720825
15,pose,11,-1,0.589026153087616,0.36648207902908325,-0.15469714999198914
15,pose,12,-1,0.4494667649269104,0.3670251667499542,-0.07671553641557693
15,pose,13,-1,0.6433231234550476,0.5863178968429565,-0.2833845019340515
15,pose,14,-1,0.40416818857192993,0.58127760887146,-0.2148236632347107
15,pose,15,-1,0.5652027130126953,0.47860661149024963,-0.5548704266548157
15,pose,16,-1,0.4588448405265808,0.46684375405311584,-0.5791723728179932
15,pose,17,-1,0.5479158759117126,0.4450806677341461,-0.609900712966919
15,pose,18,-1,0.4663446843624115,0.4261607825756073,-0.6313075423240662
15,pose,19,-1,0.5468085408210754,0.4198820888996124,-0.5849079489707947
15,pose,20,-1,0.4739191234111786,0.4064059853553772,-0.6159260272979736
15,pose,21,-1,0.5492657423019409,0.4318104684352875,-0.546612560749054
15,pose,22,-1,0.4739114046096802,0.4198536276817322,-0.5777856707572937
15,pose,23,-1,0.5575557351112366,0.7314947843551636,-0.03056171163916588
15,pose,24,-1,0.478699654340744,0.7284930348396301,0.03151773661375046
15,pose,25,-1,0.5608052015304565,0.9746777415275574,-0.03194371610879898
15,pose,26,-1,0.4751311242580414,0.9937701225280762,0.0809488594532013
15,pose,27,-1,0.5549827218055725,1.2257254123687744,0.2431170791387558
15,pose,28,-1,0.4769330322742462,1.2252311706542969,0.33218154311180115
15,pose,29,-1,0.5563911199569702,1.2569934129714966,0.26414191722869873
15,pose,30,-1,0.47666725516319275,1.2607684135437012,0.35251885652542114
15,pose,31,-1,0.5399824976921082,1.3115171194076538,0.1029079481959343
15,pose,32,-1,0.47800594568252563,1.3067975044250488,0.1782110184431076
16,hand,0,0,0.5746369957923889,0.46730315685272217,-1.5780015871769137e-07
16,hand,1,0,0.554946780204773,0.46191897988319397,0.0020461061503738165
16,hand,2,0,0.5415568351745605,0.45276299118995667,0.0006740716635249555
16,hand,3,0,0.5331553220748901,0.4462694525718689,-0.002332612406462431
16,hand,4,0,0.5265189409255981,0.439639687538147,-0.005890185944736004
16,hand,5,0,0.5421768426895142,0.41656872630119324,0.0015061855083331466
16,hand,6,0,0.5274447798728943,0.4117957353591919,-0.00263532274402678
16,hand,7,0,0.5209813117980957,0.41872113943099976,-0.005876497365534306
16,hand,8,0,0.5189378261566162,0.4296712279319763,-0.007722071371972561
16,hand,9,0,0.5447031855583191,0.4131876528263092,-0.0026282742619514465
16,hand,10,0,0.5263916254043579,0.42430999875068665,-0.00842319056391716
16,hand,11,0,0.5241634249687195,0.4425925612449646,-0.012344996444880962
16,hand,12,0,0.5275474786758423,0.4580116271972656,-0.014720214530825615
16,hand,13,0,0.5470494031906128,0.4131980836391449,-0.007223878987133503
16,hand,14,0,0.5293298959732056,0.40936076641082764,-0.012642502784729004
16,hand,15,0,0.5212308168411255,0.41160109639167786,-0.016801685094833374
16,hand,16,0,0.5197075009346008,0.4171692430973053,-0.01942300610244274
16,hand,17,0,0.5495251417160034,0.4152599275112152,-0.01154523529112339
16,hand,18,0,0.536141574382782,0.4008902609348297,-0.016248472034931183
16,hand,19,0,0.5255773067474365,0.39226439595222473,-0.019233938306570053
16,hand,20,0,0.5180478692054749,0.38615262508392334,-0.02126883529126644
16,pose,0,-1,0.5189207196235657,0.21675029397010803,-0.34062883257865906
16,pose,1,-1,0.5308235883712769,0.19116339087486267,-0.3181268870830536
16,pose,2,-1,0.5362030267715454,0.19217202067375183,-0.31814736127853394
16,pose,3,-1,0.5413682460784912,0.19332286715507507,-0.3181401491165161
16,pose,4,-1,0.5111754536628723,0.18962600827217102,-0.3131546676158905
16,pose,5,-1,0.5049825310707092,0.1896899938583374,-0.3132011592388153
16,pose,6,-1,0.4993177652359009,0.19054096937179565,-0.3132208585739136
16,pose,7,-1,0.5501958131790161,0.20845556259155273,-0.16822609305381775
16,pose,8,-1,0.49363499879837036,0.205802783370018,-0.14358706772327423
16,pose,9,-1,0.5308390259742737,0.24947939813137054,-0.28448745608329773
16,pose,10,-1,0.5071729421615601,0.24804958701133728,-0.277944952249527
16,pose,11,-1,0.588969349861145,0.3639645278453827,-0.10152563452720642
16,pose,12,-1,0.44980916380882263,0.36661988496780396,-0.02489289455115795
16,pose,13,-1,0.6464923620223999,0.5850098133087158,-0.2562488615512848
16,pose,14,-1,0.4040343463420868,0.5802730321884155,-0.19021843373775482
16,pose,15,-1,0.5596967935562134,0.45819777250289917,-0.4956403970718384
16,pose,16,-1,0.4596022963523865,0.4376766085624695,-0.5040210485458374
16,pose,17,-1,0.5415201783180237,0.421212375164032,-0.5473913550376892
16,pose,18,-1,0.46740198135375977,0.39916515350341797,-0.5525640249252319
16,pose,19,-1,0.5408869385719299,0.3988546133041382,-0.5740249156951904
16,pose,20,-1,0.4733946919441223,0.3827025592327118,-0.5484530925750732
16,pose,21,-1,0.5428749322891235,0.40899261832237244,-0.4932330548763275
16,pose,22,-1,0.4745200574398041,0.3928229510784149,-0.5045583844184875
16,pose,23,-1,0.5576239824295044,0.7304937243461609,-0.028719838708639145
16,pose,24,-1,0.47849029302597046,0.7277423739433289,0.029597124084830284
16,pose,25,-1,0.560702919960022,0.9929469227790833,-0.050492074340581894
16,pose,26,-1,0.47532621026039124,0.9937502145767212,0.061090338975191116
16,pose,27,-1,0.5547129511833191,1.228114128112793,0.24380022287368774
16,pose,28,-1,0.477120041847229,1.2301020622253418,0.3141707479953766
16,pose,29,-1,0.5565979480743408,1.2600630521774292,0.26578661799430847
16,pose,30,-1,0.47682851552963257,1.2672572135925293,0.33698123693466187
16,pose,31,-1,0.5400083065032959,1.314939260482788,0.10697989910840988
16,pose,32,-1,0.47854408621788025,1.3117555379867554,0.1614338755607605
17,hand,0,0,0.4609498977661133,0.41483333706855774,-5.151227711053252e-08
17,hand,1,0,0.4606689512729645,0.3846595883369446,-0.005079814698547125
17,hand,2,0,0.46428942680358887,0.3526458740234375,-0.009026327170431614
17,hand,3,0,0.46769917011260986,0.327483206987381,-0.012482201680541039
17,hand,4,0,0.4684809744358063,0.30749747157096863,-0.0153065649792552
17,hand,5,0,0.48171722888946533,0.3597724139690399,-0.009203429333865643
17,hand,6,0,0.5024744272232056,0.352690726518631,-0.015729175880551338
17,hand,7,0,0.5029581189155579,0.35507139563560486,-0.01948828250169754
17,hand,8,0,0.49963876605033875,0.35779890418052673,-0.021181399002671242
17,hand,9,0,0.48563748598098755,0.3774998188018799,-0.009428267367184162
17,hand,10,0,0.5063081383705139,0.36738321185112,-0.014401552267372608
17,hand,11,0,0.5031788945198059,0.37066200375556946,-0.015313919633626938
17,hand,12,0,0.49692684412002563,0.37508440017700195,-0.015618681907653809
17,hand,13,0,0.48839181661605835,0.3934912085533142,-0.010027221404016018
17,hand,14,0,0.506497323513031,0.3823389708995819,-0.01333983801305294
17,hand,15,0,0.5027036070823669,0.38414832949638367,-0.01096818596124649
17,hand,16,0,0.4961651861667633,0.3883883059024811,-0.008959779515862465
17,hand,17,0,0.48989495635032654,0.407409131526947,-0.01106999721378088
17,hand,18,0,0.5034480094909668,0.39755910634994507,-0.011961936950683594
17,hand,19,0,0.500862717628479,0.39862388372421265,-0.009123407304286957
17,hand,20,0,0.495964914560318,0.40181395411491394,-0.006831984501332045
17,hand,0,1,0.5648003220558167,0.4591656029224396,-1.3719717628646322e-07
17,hand,1,1,0.5441744327545166,0.4596930742263794,0.001851954497396946
17,hand,2,1,0.5278698205947876,0.45582810044288635,0.001609731581993401
17,hand,3,1,0.5157293081283569,0.45206788182258606,-0.000628611771389842
17,hand,4,1,0.5062986612319946,0.44953835010528564,-0.0026896055787801743
17,hand,5,1,0.5238127112388611,0.4287121295928955,0.004681747406721115
17,hand,6,1,0.5126473307609558,0.43429914116859436,-0.001504422165453434
17,hand,7,1,0.5154087543487549,0.45228320360183716,-0.00575596746057272
17,hand,8,1,0.520136833190918,0.46811947226524353,-0.0067621502093970776
17,hand,9,1,0.5277782082557678,0.4235192835330963,0.0012582209892570972
17,hand,10,1,0.515748918056488,0.4316912889480591,-0.006274830549955368
17,hand,11,1,0.5193310379981995,0.45167407393455505,-0.010744782164692879
17,hand,12,1,0.5247370600700378,0.46712660789489746,-0.0119707603007555
17,hand,13,1,0.5336613059043884,0.4179089069366455,-0.0028116980101913214
17,hand,14,1,0.5213665962219238,0.42353489995002747,-0.010149287059903145
17,hand,15,1,0.5225057005882263,0.44507846236228943,-0.012449029833078384
17,hand,16,1,0.526609480381012,0.46086734533309937,-0.011460596695542336
17,hand,17,1,0.5399337410926819,0.41270166635513306,-0.006680377759039402
17,hand,18,1,0.5294826626777649,0.3920118808746338,-0.010899427346885204
17,hand,19,1,0.5209200978279114,0.38047680258750916,-0.012379099614918232
17,hand,20,1,0.5131701231002808,0.371876060962677,-0.012278621084988117
17,pose,0,-1,0.5189089179039001,0.21916528046131134,-0.34586474299430847
17,pose,1,-1,0.5307987928390503,0.1929367035627365,-0.32579976320266724
17,pose,2,-1,0.5361223816871643,0.19389736652374268,-0.32582393288612366
17,pose,3,-1,0.5411426424980164,0.19488288462162018,-0.325813353061676
17,pose,4,-1,0.5111609697341919,0.19106455147266388,-0.3194212317466736
17,pose,5,-1,0.504977285861969,0.19108209013938904,-0.3194721043109894
17,pose,6,-1,0.49927079677581787,0.1918201595544815,-0.3194979131221771
17,pose,7,-1,0.5501130819320679,0.20908518135547638,-0.17914053797721863
17,pose,8,-1,0.4935879707336426,0.20670650899410248,-0.14807233214378357
17,pose,9,-1,0.5306220650672913,0.25203078985214233,-0.2901718318462372
17,pose,10,-1,0.5070573687553406,0.2504443824291229,-0.2818259596824646
17,pose,11,-1,0.5886020064353943,0.3605279326438904,-0.11291773617267609
17,pose,12,-1,0.4504074454307556,0.36565396189689636,-0.027996907010674477
17,pose,13,-1,0.6485175490379333,0.5809126496315002,-0.2616793215274811
17,pose,14,-1,0.40530985593795776,0.5756301283836365,-0.1928500384092331
17,pose,15,-1,0.5597632527351379,0.45466503500938416,-0.5105164051055908
17,pose,16,-1,0.4609454274177551,0.4263734519481659,-0.5048323273658752
17,pose,17,-1,0.540651261806488,0.42306047677993774,-0.5630382895469666
17,pose,18,-1,0.4707256555557251,0.39488306641578674,-0.5532557964324951
17,pose,19,-1,0.5410202741622925,0.3986736238002777,-0.5426213145256042
17,pose,20,-1,0.47477224469184875,0.37272748351097107,-0.5354865193367004
17,pose,21,-1,0.5427929759025574,0.4076111614704132,-0.5005350708961487
17,pose,22,-1,0.47562873363494873,0.38128331303596497,-0.5021418929100037
17,pose,23,-1,0.5578821897506714,0.7312690615653992,-0.02811143361032009
17,pose,24,-1,0.4783659875392914,0.7285674810409546,0.02903624437749386
17,pose,25,-1,0.5598222017288208,0.9861791729927063,-0.05486196652054787
17,pose,26,-1,0.47475260496139526,0.9936105012893677,0.0706951692700386
17,pose,27,-1,0.5544946193695068,1.2335957288742065,0.23794883489608765
17,pose,28,-1,0.47718510031700134,1.2310230731964111,0.32082822918891907
17,pose,29,-1,0.5564108490943909,1.26571524143219,0.26094621419906616
17,pose,30,-1,0.47664594650268555,1.267759084701538,0.34172293543815613
17,pose,31,-1,0.5403299927711487,1.3220701217651367,0.10705912858247757
17,pose,32,-1,0.4789332151412964,1.31416654586792,0.17219026386737823
18,hand,0,0,0.4645911753177643,0.3992770314216614,-4.337853631852795e-09
18,hand,1,0,0.46383243799209595,0.36941325664520264,-0.003591936081647873
18,hand,2,0,0.46819740533828735,0.3397342264652252,-0.008006708696484566
18,hand,3,0,0.47191929817199707,0.313845694065094,-0.012207351624965668
18,hand,4,0,0.47145336866378784,0.2933124303817749,-0.015200275927782059
18,hand,5,0,0.4850018322467804,0.34548524022102356,-0.008538279682397842
18,hand,6,0,0.5057487487792969,0.33553722500801086,-0.014202979393303394
18,hand,7,0,0.5014557838439941,0.3419361114501953,-0.016438085585832596
18,hand,8,0,0.49472489953041077,0.3465132713317871,-0.01708153262734413
18,hand,9,0,0.4891694486141205,0.36338910460472107,-0.009512386284768581
18,hand,10,0,0.5093713998794556,0.35333266854286194,-0.014559891074895859
18,hand,11,0,0.5060174465179443,0.35743939876556396,-0.015143836848437786
18,hand,12,0,0.5000569224357605,0.36254358291625977,-0.01473826915025711
18,hand,13,0,0.491617888212204,0.38071656227111816,-0.010815528221428394
18,hand,14,0,0.5098549723625183,0.373460054397583,-0.014429999515414238
18,hand,15,0,0.5115050077438354,0.3775648772716522,-0.01355754304677248
18,hand,16,0,0.5099836587905884,0.3828887939453125,-0.01251336932182312
18,hand,17,0,0.4928184449672699,0.3966054320335388,-0.012265491299331188
18,hand,18,0,0.5060598850250244,0.3969762325286865,-0.014816303737461567
18,hand,19,0,0.5116727352142334,0.4000052213668823,-0.014674121513962746
18,hand,20,0,0.5155868530273438,0.40257903933525085,-0.01411408744752407
18,hand,0,1,0.5569583177566528,0.45487210154533386,-1.1532011257031627e-07
18,hand,1,1,0.5391031503677368,0.45859336853027344,0.00043899405864067376
18,hand,2,1,0.5225824117660522,0.4564920961856842,-0.0002524648152757436
18,hand,3,1,0.510934054851532,0.4530114531517029,-0.002461568918079138
18,hand,4,1,0.5016453266143799,0.44818806648254395,-0.0045824903063476086
18,hand,5,1,0.518570601940155,0.4314068555831909,0.0032880299258977175
18,hand,6,1,0.5101404190063477,0.4344656765460968,-0.0029677418060600758
18,hand,7,1,0.5130618810653687,0.45039403438568115,-0.00773298554122448
18,hand,8,1,0.5173558592796326,0.46559569239616394,-0.009563556872308254
18,hand,9,1,0.5225006341934204,0.4233579933643341,0.0009007111075334251
18,hand,10,1,0.5122423768043518,0.4315022826194763,-0.0070981658063828945
18,hand,11,1,0.5161425471305847,0.45181235671043396,-0.012038945220410824
18,hand,12,1,0.5213313698768616,0.4675927758216858,-0.013674517162144184
18,hand,13,1,0.5284023284912109,0.41471412777900696,-0.002173794200643897
18,hand,14,1,0.5171130299568176,0.417736291885376,-0.010024220682680607
18,hand,15,1,0.5182787179946899,0.4394938349723816,-0.012715049088001251
18,hand,16,1,0.5214936137199402,0.4563947916030884,-0.012109839357435703
18,hand,17,1,0.5347195863723755,0.4068759083747864,-0.005012659355998039
18,hand,18,1,0.5249943137168884,0.38666391372680664,-0.009875473566353321
18,hand,19,1,0.5176196694374084,0.37554407119750977,-0.012097720988094807
18,hand,20,1,0.5103969573974609,0.3676547408103943,-0.012499962002038956
18,pose,0,-1,0.5189565420150757,0.2233942449092865,-0.36000582575798035
18,pose,1,-1,0.530839741230011,0.19738419353961945,-0.3424200713634491
18,pose,2,-1,0.536090612411499,0.19821800291538239,-0.34243306517601013
18,pose,3,-1,0.5410164594650269,0.19905026257038116,-0.3424225449562073
18,pose,4,-1,0.5112960934638977,0.19463960826396942,-0.3365764915943146
18,pose,5,-1,0.5050744414329529,0.19431909918785095,-0.33664023876190186
18,pose,6,-1,0.49928537011146545,0.19452039897441864,-0.33667653799057007
18,pose,7,-1,0.5500255227088928,0.21099576354026794,-0.19807761907577515
18,pose,8,-1,0.49358269572257996,0.20786991715431213,-0.16917425394058228
18,pose,9,-1,0.5305203199386597,0.2559375464916229,-0.30407482385635376
18,pose,10,-1,0.5070497989654541,0.2543802857398987,-0.29633665084838867
18,pose,11,-1,0.5881223082542419,0.3592870831489563,-0.12753896415233612
18,pose,12,-1,0.4507898986339569,0.36419418454170227,-0.04876084253191948
18,pose,13,-1,0.6503825783729553,0.5759338736534119,-0.27198532223701477
18,pose,14,-1,0.40708234906196594,0.570898711681366,-0.19456729292869568
18,pose,15,-1,0.5591403841972351,0.45392364263534546,-0.5152418613433838
18,pose,16,-1,0.46231937408447266,0.40991246700286865,-0.5098549127578735
18,pose,17,-1,0.5386648774147034,0.4239886403083801,-0.5657339096069336
18,pose,18,-1,0.47579118609428406,0.3766097128391266,-0.5554968118667603
18,pose,19,-1,0.5395997762680054,0.39812225103378296,-0.5368964076042175
18,pose,20,-1,0.4778619706630707,0.35026708245277405,-0.533787190914154
18,pose,21,-1,0.5414409637451172,0.406941682100296,-0.5042628049850464
18,pose,22,-1,0.4772458076477051,0.3612072765827179,-0.5055720210075378
18,pose,23,-1,0.5582680106163025,0.7316745519638062,-0.028516968712210655
18,pose,24,-1,0.47823044657707214,0.7293266654014587,0.029489504173398018
18,pose,25,-1,0.5595443844795227,0.9836046099662781,-0.06358238309621811
18,pose,26,-1,0.47450968623161316,0.9933847188949585,0.09734228253364563
18,pose,27,-1,0.5545396208763123,1.2425622940063477,0.20080280303955078
18,pose,28,-1,0.4775688946247101,1.2301515340805054,0.3466862440109253
18,pose,29,-1,0.556439995765686,1.2760612964630127,0.2212509661912918
18,pose,30,-1,0.4768722355365753,1.266194224357605,0.3677930235862732
18,pose,31,-1,0.5408884286880493,1.331800103187561,0.06801746785640717
18,pose,32,-1,0.4801090657711029,1.315046787261963,0.20506851375102997
19,hand,0,0,0.4666719138622284,0.392085462808609,-3.3481239114507844e-08
19,hand,1,0,0.4664398729801178,0.3612033426761627,-0.0028155657928436995
19,hand,2,0,0.4712792634963989,0.32938352227211,-0.006415890995413065
19,hand,3,0,0.47526463866233826,0.30383995175361633,-0.009880142286419868
19,hand,4,0,0.47484055161476135,0.2835811376571655,-0.012028733268380165
19,hand,5,0,0.488054484128952,0.3365861475467682,-0.008217395283281803
19,hand,6,0,0.509584903717041,0.3286522924900055,-0.012759127654135227
19,hand,7,0,0.5042251348495483,0.33457326889038086,-0.013618052937090397
19,hand,8,0,0.4967600405216217,0.338685542345047,-0.013482457026839256
19,hand,9,0,0.49259716272354126,0.3551025092601776,-0.009257023222744465
19,hand,10,0,0.5123045444488525,0.3471084237098694,-0.013238661922514439
19,hand,11,0,0.5075796842575073,0.3511727750301361,-0.012622780166566372
19,hand,12,0,0.5014249682426453,0.3560110032558441,-0.011857328936457634
19,hand,13,0,0.4956369698047638,0.3724556565284729,-0.010514367371797562
19,hand,14,0,0.5134817361831665,0.3667985200881958,-0.013627025298774242
19,hand,15,0,0.5120126008987427,0.37313312292099,-0.011775688268244267
19,hand,16,0,0.5083965063095093,0.379772424697876,-0.010363053530454636
19,hand,17,0,0.4974531829357147,0.3880767822265625,-0.011933338828384876
19,hand,18,0,0.5118585824966431,0.3894149661064148,-0.014725911431014538
19,hand,19,0,0.5197122097015381,0.3925507664680481,-0.01489077229052782
19,hand,20,0,0.5266468524932861,0.39484354853630066,-0.014725739136338234
19,hand,0,1,0.5514591336250305,0.45871251821517944,-1.1077885631038953e-07
19,hand,1,1,0.5356553196907043,0.4639876186847687,0.00023616595717612654
19,hand,2,1,0.5190585255622864,0.46124568581581116,5.543534643948078e-05
19,hand,3,1,0.5075915455818176,0.45822644233703613,-0.0014746543020009995
19,hand,4,1,0.49842721223831177,0.45422568917274475,-0.002852036850526929
19,hand,5,1,0.5146593451499939,0.43741360306739807,0.0028996469918638468
19,hand,6,1,0.5060643553733826,0.440775990486145,-0.0026601217687129974
19,hand,7,1,0.5081745386123657,0.45654886960983276,-0.006785160396248102
19,hand,8,1,0.5124351978302002,0.47109827399253845,-0.00851815938949585
19,hand,9,1,0.5185167193412781,0.4282659888267517,0.0006186558748595417
19,hand,10,1,0.5085403919219971,0.4347894489765167,-0.006632624194025993
19,hand,11,1,0.5118482112884521,0.4548611044883728,-0.011282328516244888
19,hand,12,1,0.5167374014854431,0.4710003137588501,-0.013025511056184769
19,hand,13,1,0.5244184136390686,0.41860705614089966,-0.0023151019122451544
19,hand,14,1,0.5131990313529968,0.4198736250400543,-0.009428313933312893
19,hand,15,1,0.5146638751029968,0.4410609304904938,-0.01202038861811161
19,hand,16,1,0.5180426239967346,0.4578518867492676,-0.011834603734314442
19,hand,17,1,0.531074583530426,0.40999850630760193,-0.005101625341922045
19,hand,18,1,0.5227206349372864,0.3898600935935974,-0.00995529443025589
19,hand,19,1,0.516167402267456,0.37889209389686584,-0.012664510868489742
19,hand,20,1,0.5095809102058411,0.37106001377105713,-0.013712957501411438
19,pose,0,-1,0.5190070867538452,0.22403790056705475,-0.3553248941898346
19,pose,1,-1,0.530912458896637,0.19784289598464966,-0.33669212460517883
19,pose,2,-1,0.5360878705978394,0.1986045390367508,-0.33671414852142334
19,pose,3,-1,0.5409939885139465,0.1994999498128891,-0.33670008182525635
19,pose,4,-1,0.5113198161125183,0.19513501226902008,-0.3315279185771942
19,pose,5,-1,0.5051040053367615,0.194963738322258,-0.3315974175930023
19,pose,6,-1,0.49928656220436096,0.1952638179063797,-0.33165091276168823
19,pose,7,-1,0.5500177145004272,0.21114690601825714,-0.19263526797294617
19,pose,8,-1,0.49356815218925476,0.20828941464424133,-0.166672945022583
19,pose,9,-1,0.5304980278015137,0.2567727565765381,-0.3001432418823242
19,pose,10,-1,0.5070474743843079,0.25569066405296326,-0.2932341694831848
19,pose,11,-1,0.5877331495285034,0.359237402677536,-0.12400899827480316
19,pose,12,-1,0.45137283205986023,0.36370933055877686,-0.05319412425160408
19,pose,13,-1,0.6492726802825928,0.5715897679328918,-0.2735415995121002
19,pose,14,-1,0.40868717432022095,0.5678918361663818,-0.20847918093204498
19,pose,15,-1,0.5554424524307251,0.4546392858028412,-0.5086451172828674
19,pose,16,-1,0.46333375573158264,0.40435710549354553,-0.516272246837616
19,pose,17,-1,0.5346913933753967,0.4231952428817749,-0.5576720833778381
19,pose,18,-1,0.47693929076194763,0.36909013986587524,-0.562443733215332
19,pose,19,-1,0.5358448624610901,0.3977867364883423,-0.5293323993682861
19,pose,20,-1,0.47849491238594055,0.34286513924598694,-0.5387508869171143
19,pose,21,-1,0.5376889109611511,0.4078701138496399,-0.4976364076137543
19,pose,22,-1,0.4778491258621216,0.35533443093299866,-0.5118156671524048
19,pose,23,-1,0.5585424304008484,0.7334215044975281,-0.028083445504307747
19,pose,24,-1,0.4782230257987976,0.7311868071556091,0.029178688302636147
19,pose,25,-1,0.5584959387779236,0.9821666479110718,-0.06085462495684624
19,pose,26,-1,0.47456058859825134,0.993949294090271,0.08341028541326523
19,pose,27,-1,0.5544291734695435,1.242154836654663,0.20451407134532928
19,pose,28,-1,0.47765305638313293,1.2329366207122803,0.3413161635398865
19,pose,29,-1,0.5563128590583801,1.27558434009552,0.22429561614990234
19,pose,30,-1,0.47694361209869385,1.2699313163757324,0.35257306694984436
19,pose,31,-1,0.5411224961280823,1.3308238983154297,0.0731685534119606
19,pose,32,-1,0.4802929759025574,1.316812515258789,0.19634149968624115
20,hand,0,0,0.47004127502441406,0.3892141878604889,-3.9574999277647294e-08
20,hand,1,0,0.4706169664859772,0.3578619062900543,-0.002144180005416274
20,hand,2,0,0.47541213035583496,0.3250957131385803,-0.005819098092615604
20,hand,3,0,0.4791334569454193,0.29944953322410583,-0.009490886703133583
20,hand,4,0,0.4775429666042328,0.27954035997390747,-0.011956112459301949
20,hand,5,0,0.49091801047325134,0.3318931460380554,-0.009192194789648056
20,hand,6,0,0.5124351382255554,0.3231006860733032,-0.014417203143239021
20,hand,7,0,0.507378876209259,0.3299092650413513,-0.01551027037203312
20,hand,8,0,0.5000940561294556,0.3343954384326935,-0.015428740531206131
20,hand,9,0,0.4950807988643646,0.35023894906044006,-0.010579782538115978
20,hand,10,0,0.5160874128341675,0.3432001769542694,-0.015069965273141861
20,hand,11,0,0.5108827352523804,0.3485400676727295,-0.014081502333283424
20,hand,12,0,0.5040239095687866,0.353222519159317,-0.012946616858243942
20,hand,13,0,0.49776434898376465,0.36759522557258606,-0.012052095495164394
20,hand,14,0,0.5178245902061462,0.36285021901130676,-0.015416515059769154
20,hand,15,0,0.5140328407287598,0.3683393597602844,-0.012726625427603722
20,hand,16,0,0.5078743100166321,0.3733412027359009,-0.010562174953520298
20,hand,17,0,0.49897587299346924,0.3837808072566986,-0.01364878285676241
20,hand,18,0,0.513809323310852,0.38747143745422363,-0.016511334106326103
20,hand,19,0,0.520416259765625,0.390753835439682,-0.016405368223786354
20,hand,20,0,0.525764524936676,0.39241570234298706,-0.015907272696495056
20,hand,0,1,0.5458479523658752,0.46895328164100647,-1.0977267095313437e-07
20,hand,1,1,0.5321881771087646,0.4752209782600403,-0.0006339212995953858
20,hand,2,1,0.5159536004066467,0.4718518555164337,-0.0015316158533096313
20,hand,3,1,0.5046655535697937,0.4679463803768158,-0.0034670447930693626
20,hand,4,1,0.49523410201072693,0.46485209465026855,-0.005162212532013655
20,hand,5,1,0.5110771059989929,0.4494343400001526,2.16180706047453e-05
20,hand,6,1,0.5016593933105469,0.45171231031417847,-0.006385475397109985
20,hand,7,1,0.5036019086837769,0.4671524465084076,-0.010847571305930614
20,hand,8,1,0.5077231526374817,0.4821509122848511,-0.012834965251386166
20,hand,9,1,0.5148081183433533,0.43909648060798645,-0.0019718115217983723
20,hand,10,1,0.5040791034698486,0.44340193271636963,-0.009660243056714535
20,hand,11,1,0.5075289607048035,0.4633711874485016,-0.01387359295040369
20,hand,12,1,0.5127292275428772,0.47869977355003357,-0.015457944944500923
20,hand,13,1,0.5210490226745605,0.4280644357204437,-0.004622054751962423
20,hand,14,1,0.509894073009491,0.4271593987941742,-0.011994879692792892
20,hand,15,1,0.5118606090545654,0.4478192925453186,-0.014126257039606571
20,hand,16,1,0.5156833529472351,0.46427276730537415,-0.013777059502899647
20,hand,17,1,0.5287255048751831,0.41734498739242554,-0.007213545497506857
20,hand,18,1,0.5216913819313049,0.39787542819976807,-0.01236870139837265
20,hand,19,1,0.5164446234703064,0.3886620104312897,-0.01502813957631588
20,hand,20,1,0.5114439129829407,0.38314998149871826,-0.0161008071154356
20,pose,0,-1,0.5189909338951111,0.2240372896194458,-0.3840053975582123
20,pose,1,-1,0.5309136509895325,0.19782568514347076,-0.3659772574901581
20,pose,2,-1,0.5360664129257202,0.19852158427238464,-0.3660035729408264
20,pose,3,-1,0.5409153699874878,0.19941599667072296,-0.36600005626678467
20,pose,4,-1,0.5112501978874207,0.19546982645988464,-0.3610025942325592
20,pose,5,-1,0.5050543546676636,0.1955522745847702,-0.3610650599002838
20,pose,6,-1,0.4991808831691742,0.19596756994724274,-0.361121267080307
20,pose,7,-1,0.5500078201293945,0.21113863587379456,-0.21957848966121674
20,pose,8,-1,0.49345266819000244,0.20878610014915466,-0.19415020942687988
20,pose,9,-1,0.5304173827171326,0.2565988302230835,-0.327515184879303
20,pose,10,-1,0.5069116353988647,0.255944162607193,-0.32080167531967163
20,pose,11,-1,0.5877211093902588,0.35945215821266174,-0.14662101864814758
20,pose,12,-1,0.45134237408638,0.36346200108528137,-0.0715164989233017
20,pose,13,-1,0.6494771242141724,0.572725236415863,-0.3041544556617737
20,pose,14,-1,0.4093054533004761,0.5684571862220764,-0.23017393052577972
20,pose,15,-1,0.5557196140289307,0.4700118601322174,-0.5574633479118347
20,pose,16,-1,0.46455734968185425,0.4191029965877533,-0.5423843264579773
20,pose,17,-1,0.535165011882782,0.44051429629325867,-0.6088253259658813
20,pose,18,-1,0.4801183044910431,0.3845408260822296,-0.5882784724235535
20,pose,19,-1,0.536316990852356,0.4125698506832123,-0.5777606964111328
20,pose,20,-1,0.48136192560195923,0.3543807864189148,-0.5654715299606323
20,pose,21,-1,0.5384951233863831,0.4221101403236389,-0.5464325547218323
20,pose,22,-1,0.4800369441509247,0.3643083870410919,-0.5384101271629333
20,pose,23,-1,0.5586852431297302,0.7378553748130798,-0.028024083003401756
20,pose,24,-1,0.4781573414802551,0.7344351410865784,0.029088404029607773
20,pose,25,-1,0.5577126145362854,0.9800046682357788,-0.046930763870477676
20,pose,26,-1,0.47416308522224426,0.9956855773925781,0.12036670744419098
20,pose,27,-1,0.5545622706413269,1.2419250011444092,0.2151159793138504
20,pose,28,-1,0.4776022136211395,1.2358191013336182,0.3697400987148285
20,pose,29,-1,0.5564857125282288,1.2760154008865356,0.2358410805463791
20,pose,30,-1,0.4768529534339905,1.2730636596679688,0.38897833228111267
20,pose,31,-1,0.5413858890533447,1.330127239227295,0.07839851081371307
20,pose,32,-1,0.48033276200294495,1.3204138278961182,0.2172083854675293
21,hand,0,0,0.47660452127456665,0.39271771907806396,-3.6639995926179836e-08
21,hand,1,0,0.4783419072628021,0.36242297291755676,-0.0015741413226351142
21,hand,2,0,0.48308536410331726,0.3308003842830658,-0.005418926943093538
21,hand,3,0,0.48636168241500854,0.3050876557826996,-0.009615297429263592
21,hand,4,0,0.48478639125823975,0.28522711992263794,-0.01288409810513258
21,hand,5,0,0.4970078468322754,0.33561471104621887,-0.007815866731107235
21,hand,6,0,0.5177138447761536,0.3275262713432312,-0.01398699264973402
21,hand,7,0,0.5149136185646057,0.3364654779434204,-0.01649625413119793
21,hand,8,0,0.5084437727928162,0.3420056700706482,-0.017110560089349747
21,hand,9,0,0.5000879764556885,0.35308223962783813,-0.009859701618552208
21,hand,10,0,0.5212128758430481,0.3486635386943817,-0.01418015081435442
21,hand,11,0,0.5181564092636108,0.35578736662864685,-0.013879510574042797
21,hand,12,0,0.5117461681365967,0.3599424362182617,-0.013347380794584751
21,hand,13,0,0.5018652677536011,0.3709932267665863,-0.012096257880330086
21,hand,14,0,0.5217306613922119,0.3688598871231079,-0.015303700231015682
21,hand,15,0,0.5194793939590454,0.3740489184856415,-0.01278144121170044
21,hand,16,0,0.513855516910553,0.3771350681781769,-0.010820756666362286
21,hand,17,0,0.5022990107536316,0.3884103298187256,-0.014409360475838184
21,hand,18,0,0.517561674118042,0.3923904299736023,-0.016023879870772362
21,hand,19,0,0.521124541759491,0.39608997106552124,-0.014347048476338387
21,hand,20,0,0.5224848389625549,0.39669111371040344,-0.012895604595541954
21,hand,0,1,0.541908323764801,0.4850735366344452,-9.965309288872959e-08
21,hand,1,1,0.5284574627876282,0.49107691645622253,-0.0006899611908011138
21,hand,2,1,0.5120376944541931,0.48864319920539856,-0.001415914623066783
21,hand,3,1,0.5009518265724182,0.4861246943473816,-0.0029613454826176167
21,hand,4,1,0.4924219846725464,0.4854050278663635,-0.004204936325550079
21,hand,5,1,0.5097663402557373,0.46175912022590637,-0.0009137503220699728
21,hand,6,1,0.49918001890182495,0.46402931213378906,-0.006016140803694725
21,hand,7,1,0.5016145706176758,0.4803270101547241,-0.009394739754498005
21,hand,8,1,0.5064446330070496,0.49482157826423645,-0.011186179704964161
21,hand,9,1,0.5134862065315247,0.4514540433883667,-0.003041556803509593
21,hand,10,1,0.502092182636261,0.45452332496643066,-0.009727437049150467
21,hand,11,1,0.5048021078109741,0.4745926856994629,-0.01377943530678749
21,hand,12,1,0.5102158188819885,0.4890802204608917,-0.01567864418029785
21,hand,13,1,0.5202978253364563,0.44166359305381775,-0.005652167834341526
21,hand,14,1,0.5084307789802551,0.4358099400997162,-0.012632336467504501
21,hand,15,1,0.5089668035507202,0.45460858941078186,-0.015935048460960388
21,hand,16,1,0.5125618577003479,0.46978873014450073,-0.016995079815387726
21,hand,17,1,0.5288528800010681,0.43408653140068054,-0.008093828335404396
21,hand,18,1,0.5258440375328064,0.41390445828437805,-0.01494152843952179
21,hand,19,1,0.524983286857605,0.4020748436450958,-0.01944316178560257
21,hand,20,1,0.5251051783561707,0.39226213097572327,-0.021828705444931984
21,pose,0,-1,0.5191916823387146,0.22539998590946198,-0.3886626362800598
21,pose,1,-1,0.5310088992118835,0.19912464916706085,-0.3703495264053345
21,pose,2,-1,0.5360671281814575,0.19966109097003937,-0.3703799843788147
21,pose,3,-1,0.5409048199653625,0.20033764839172363,-0.37036946415901184
21,pose,4,-1,0.5114696025848389,0.19746528565883636,-0.3663906753063202
21,pose,5,-1,0.5052103400230408,0.19756463170051575,-0.3664741814136505
21,pose,6,-1,0.4992987811565399,0.19798167049884796,-0.3665216565132141
21,pose,7,-1,0.5499030947685242,0.21183578670024872,-0.22106222808361053
21,pose,8,-1,0.4934295415878296,0.21006734669208527,-0.2003629356622696
21,pose,9,-1,0.5304274559020996,0.25683093070983887,-0.3309064507484436
21,pose,10,-1,0.507103681564331,0.25662705302238464,-0.3253656327724457
21,pose,11,-1,0.587723970413208,0.35967370867729187,-0.1437435895204544
21,pose,12,-1,0.45133939385414124,0.36352038383483887,-0.07954145967960358
21,pose,13,-1,0.6480761170387268,0.573614776134491,-0.29530057311058044
21,pose,14,-1,0.41546279191970825,0.5689933896064758,-0.23650547862052917
21,pose,15,-1,0.5523640513420105,0.48418131470680237,-0.5460010170936584
21,pose,16,-1,0.47140273451805115,0.42176830768585205,-0.541522741317749
21,pose,17,-1,0.5323961973190308,0.45695924758911133,-0.5971062779426575
21,pose,18,-1,0.48846617341041565,0.38603803515434265,-0.5881794095039368
21,pose,19,-1,0.5335094332695007,0.42907777428627014,-0.5693244338035583
21,pose,20,-1,0.48727235198020935,0.35726189613342285,-0.5670872330665588
21,pose,21,-1,0.5357726216316223,0.43693506717681885,-0.5362508296966553
21,pose,22,-1,0.4851474463939667,0.3678601384162903,-0.5374476909637451
21,pose,23,-1,0.5586632490158081,0.7396629452705383,-0.02757974900305271
21,pose,24,-1,0.478147029876709,0.7358996868133545,0.02866618148982525
21,pose,25,-1,0.5572311878204346,0.9793269634246826,-0.0385645292699337
21,pose,26,-1,0.4736960530281067,0.9975094199180603,0.115371473133564
21,pose,27,-1,0.5534887313842773,1.2454729080200195,0.22657209634780884
21,pose,28,-1,0.4773244261741638,1.2373420000076294,0.37377867102622986
21,pose,29,-1,0.5547811985015869,1.279287338256836,0.2450563907623291
21,pose,30,-1,0.4765560030937195,1.2737849950790405,0.39483845233917236
21,pose,31,-1,0.5414866805076599,1.3332774639129639,0.08318910747766495
21,pose,32,-1,0.4801994562149048,1.3222161531448364,0.22164592146873474
22,hand,0,0,0.4844324588775635,0.4002189040184021,-6.154943577030281e-08
22,hand,1,0,0.48613905906677246,0.3726884126663208,-0.0030956834089010954
22,hand,2,0,0.491550475358963,0.34326425194740295,-0.00767936697229743
22,hand,3,0,0.4966714680194855,0.3201383352279663,-0.012555958703160286
22,hand,4,0,0.49699854850769043,0.3011603355407715,-0.01653572916984558
22,hand,5,0,0.5066025853157043,0.3466776907444,-0.008360459469258785
22,hand,6,0,0.5268508195877075,0.34456297755241394,-0.01632988452911377
22,hand,7,0,0.5231868624687195,0.3521961271762848,-0.020791199058294296
22,hand,8,0,0.5159710645675659,0.3557620644569397,-0.022883769124746323
22,hand,9,0,0.5082004070281982,0.36333638429641724,-0.010707901790738106
22,hand,10,0,0.5277490019798279,0.3640134036540985,-0.016247551888227463
22,hand,11,0,0.5238160490989685,0.36894652247428894,-0.017286675050854683
22,hand,12,0,0.5168818831443787,0.36953890323638916,-0.01788729801774025
22,hand,13,0,0.5083910822868347,0.3813439607620239,-0.013592788949608803
22,hand,14,0,0.5258877277374268,0.38333335518836975,-0.017843130975961685
22,hand,15,0,0.5222495198249817,0.3867887854576111,-0.01566763035953045
22,hand,16,0,0.5159364938735962,0.3863614797592163,-0.014115387573838234
22,hand,17,0,0.5076305866241455,0.39970770478248596,-0.01680055633187294
22,hand,18,0,0.5218827724456787,0.4044888913631439,-0.019260525703430176
22,hand,19,0,0.5196361541748047,0.4076826572418213,-0.01716170273721218
22,hand,20,0,0.5150623917579651,0.4069843888282776,-0.015457641333341599
22,hand,0,1,0.5379806160926819,0.5083251595497131,-1.0283136475663923e-07
22,hand,1,1,0.5228621959686279,0.5105093717575073,-0.0008214542176574469
22,hand,2,1,0.5060864090919495,0.5052094459533691,-0.0023479757364839315
22,hand,3,1,0.49412065744400024,0.5014143586158752,-0.004701779689639807
22,hand,4,1,0.48430630564689636,0.4999031722545624,-0.006686924025416374
22,hand,5,1,0.5079493522644043,0.47459304332733154,-0.0007705556927248836
22,hand,6,1,0.49616387486457825,0.47351038455963135,-0.0066694836132228374
22,hand,7,1,0.4960872232913971,0.4892403185367584,-0.01062278263270855
22,hand,8,1,0.4987427890300751,0.5042933225631714,-0.0126729104667902
22,hand,9,1,0.5121945142745972,0.46439552307128906,-0.0029677054844796658
22,hand,10,1,0.49966731667518616,0.4645605683326721,-0.01020778063684702
22,hand,11,1,0.5007888674736023,0.4850270450115204,-0.014218875207006931
22,hand,12,1,0.5049417614936829,0.5013332962989807,-0.0160678718239069
22,hand,13,1,0.5189260244369507,0.4552832841873169,-0.005769519601017237
22,hand,14,1,0.5064163208007812,0.44689804315567017,-0.012829643674194813
22,hand,15,1,0.5053644776344299,0.46638792753219604,-0.014973007142543793
22,hand,16,1,0.5070643424987793,0.483111172914505,-0.015175975859165192
22,hand,17,1,0.5273177623748779,0.44891270995140076,-0.008501430042088032
22,hand,18,1,0.5247905254364014,0.4232517182826996,-0.014479980804026127
22,hand,19,1,0.5216407179832458,0.4086984694004059,-0.018166661262512207
22,hand,20,1,0.5180372595787048,0.39722707867622375,-0.02020956575870514
22,pose,0,-1,0.5192009210586548,0.22533920407295227,-0.37763702869415283
22,pose,1,-1,0.5310105681419373,0.19959807395935059,-0.35965216159820557
22,pose,2,-1,0.5360544919967651,0.20014101266860962,-0.35971730947494507
22,pose,3,-1,0.5408353805541992,0.20078584551811218,-0.3597009778022766
22,pose,4,-1,0.5114715099334717,0.19803619384765625,-0.35515227913856506
22,pose,5,-1,0.5052120089530945,0.1981448233127594,-0.3552437424659729
22,pose,6,-1,0.4992866516113281,0.19854511320590973,-0.35528773069381714
22,pose,7,-1,0.5497700572013855,0.21274733543395996,-0.21412260830402374
22,pose,8,-1,0.4933833181858063,0.2105916440486908,-0.191192165017128
22,pose,9,-1,0.5304023027420044,0.2567122280597687,-0.3216789960861206
22,pose,10,-1,0.5071045160293579,0.25645601749420166,-0.3153925836086273
22,pose,11,-1,0.5878293514251709,0.3603350818157196,-0.1376420557498932
22,pose,12,-1,0.451364129781723,0.3638463318347931,-0.06872774660587311
22,pose,13,-1,0.6468359231948853,0.5740311145782471,-0.269719660282135
22,pose,14,-1,0.42222726345062256,0.5704188942909241,-0.22050492465496063
22,pose,15,-1,0.5497803092002869,0.4972235858440399,-0.5217800736427307
22,pose,16,-1,0.4777469038963318,0.43619880080223083,-0.5229655504226685
22,pose,17,-1,0.5296221375465393,0.47351202368736267,-0.5698482990264893
22,pose,18,-1,0.49382904171943665,0.4019952714443207,-0.5689088702201843
22,pose,19,-1,0.5308041572570801,0.4458620846271515,-0.5373879075050354
22,pose,20,-1,0.4904018044471741,0.37235063314437866,-0.5548641681671143
22,pose,21,-1,0.5338487029075623,0.4517602026462555,-0.508029043674469
22,pose,22,-1,0.488847941160202,0.383577436208725,-0.5213936567306519
22,pose,23,-1,0.5582532286643982,0.743414044380188,-0.027424383908510208
22,pose,24,-1,0.47814443707466125,0.738581120967865,0.02848263643682003
22,pose,25,-1,0.5559403300285339,0.9786269664764404,-0.02873166836798191
22,pose,26,-1,0.47391894459724426,0.999618649482727,0.11890769004821777
22,pose,27,-1,0.5522353649139404,1.2457759380340576,0.24481913447380066
22,pose,28,-1,0.4773508906364441,1.2381541728973389,0.3816218674182892
22,pose,29,-1,0.5536347031593323,1.278876781463623,0.2644087076187134
22,pose,30,-1,0.47653451561927795,1.2744711637496948,0.4035423696041107
22,pose,31,-1,0.5404099225997925,1.3321592807769775,0.10902147740125656
22,pose,32,-1,0.480037659406662,1.3212497234344482,0.2367657870054245
23,hand,0,0,0.5332357287406921,0.5294366478919983,-1.274749337198955e-07
23,hand,1,0,0.5171830654144287,0.5305372476577759,0.00019323622109368443
23,hand,2,0,0.5009974241256714,0.5250216126441956,-0.0012188362888991833
23,hand,3,0,0.48925647139549255,0.5211237072944641,-0.003747752169147134
23,hand,4,0,0.47984579205513,0.5181934237480164,-0.0062541477382183075
23,hand,5,0,0.5031607747077942,0.4940694272518158,8.399227954214439e-05
23,hand,6,0,0.4913920760154724,0.49398696422576904,-0.005216164514422417
23,hand,7,0,0.49082085490226746,0.5111202597618103,-0.009489281103014946
23,hand,8,0,0.49217599630355835,0.5266764760017395,-0.011951244436204433
23,hand,9,0,0.5071475505828857,0.4836518168449402,-0.0024314625188708305
23,hand,10,0,0.49497750401496887,0.48457133769989014,-0.008519724942743778
23,hand,11,0,0.49523597955703735,0.5049479007720947,-0.012615617364645004
23,hand,12,0,0.49835896492004395,0.520828366279602,-0.014944109134376049
23,hand,13,0,0.5142467021942139,0.4741252660751343,-0.005368531681597233
23,hand,14,0,0.5020712018013,0.46105021238327026,-0.011784122325479984
23,hand,15,0,0.49980899691581726,0.4764445126056671,-0.01485364604741335
23,hand,16,0,0.5008866190910339,0.4910828769207001,-0.016163578256964684
23,hand,17,0,0.5226680636405945,0.4683321714401245,-0.008089159615337849
23,hand,18,0,0.5236608982086182,0.4439665377140045,-0.014759472571313381
23,hand,19,0,0.5257810354232788,0.4289335608482361,-0.019084343686699867
23,hand,20,0,0.5278634428977966,0.4158904552459717,-0.02145463600754738
23,pose,0,-1,0.5191472172737122,0.22570890188217163,-0.3769150674343109
23,pose,1,-1,0.5309166312217712,0.20025214552879333,-0.3593352437019348
23,pose,2,-1,0.535973310470581,0.2007364183664322,-0.35937708616256714
23,pose,3,-1,0.5406154990196228,0.20137907564640045,-0.35935744643211365
23,pose,4,-1,0.5113885998725891,0.1991966813802719,-0.354055255651474
23,pose,5,-1,0.5051558017730713,0.19941890239715576,-0.3541005253791809
23,pose,6,-1,0.4992265999317169,0.19996216893196106,-0.3541499674320221
23,pose,7,-1,0.5495508909225464,0.21373575925827026,-0.2153320461511612
23,pose,8,-1,0.49338191747665405,0.21214471757411957,-0.18768778443336487
23,pose,9,-1,0.5303360819816589,0.2567143142223358,-0.3218532204627991
23,pose,10,-1,0.5071112513542175,0.25637853145599365,-0.3143366873264313
23,pose,11,-1,0.5881952047348022,0.3631856143474579,-0.14286606013774872
23,pose,12,-1,0.45167863368988037,0.36398130655288696,-0.0648949071764946
23,pose,13,-1,0.6462203860282898,0.5784699320793152,-0.2654043436050415
23,pose,14,-1,0.4277162253856659,0.5772451162338257,-0.2133057415485382
23,pose,15,-1,0.5449708104133606,0.5045086145401001,-0.49010345339775085
23,pose,16,-1,0.4864937961101532,0.45067039132118225,-0.5162253975868225
23,pose,17,-1,0.524524450302124,0.478889137506485,-0.5360816121101379
23,pose,18,-1,0.5023130774497986,0.41740769147872925,-0.5617683529853821
23,pose,19,-1,0.5273085236549377,0.45647403597831726,-0.5081747770309448
23,pose,20,-1,0.49953827261924744,0.39198431372642517,-0.5500918030738831
23,pose,21,-1,0.530802309513092,0.4618412256240845,-0.4784781038761139
23,pose,22,-1,0.49720633029937744,0.40202680230140686,-0.5169617533683777
23,pose,23,-1,0.5582431554794312,0.7502902746200562,-0.027680937200784683
23,pose,24,-1,0.4781385064125061,0.7450330853462219,0.028751425445079803
23,pose,25,-1,0.5560706853866577,0.9787308573722839,-0.013355230912566185
23,pose,26,-1,0.4740925133228302,1.004691243171692,0.14330776035785675
23,pose,27,-1,0.5548065304756165,1.2468018531799316,0.25186803936958313
23,pose,28,-1,0.47877511382102966,1.2445958852767944,0.4001692533493042
23,pose,29,-1,0.5570634007453918,1.2809557914733887,0.27024227380752563
23,pose,30,-1,0.47810155153274536,1.28233003616333,0.42070484161376953
23,pose,31,-1,0.542485773563385,1.3320515155792236,0.10897466540336609
23,pose,32,-1,0.48085829615592957,1.3269922733306885,0.24290888011455536
24,hand,0,0,0.5302085876464844,0.5450425744056702,-1.3698175393983547e-07
24,hand,1,0,0.5131770372390747,0.5433970093727112,-0.0003386849130038172
24,hand,2,0,0.49650636315345764,0.5369077324867249,-0.0024018047843128443
24,hand,3,0,0.484876424074173,0.5312948822975159,-0.005603726953268051
24,hand,4,0,0.4746418297290802,0.526141881942749,-0.008550773374736309
24,hand,5,0,0.4972791075706482,0.5053343772888184,-0.0001928877754835412
24,hand,6,0,0.4857924282550812,0.5067088007926941,-0.00746289873495698
24,hand,7,0,0.4857667088508606,0.5249336361885071,-0.013270673342049122
24,hand,8,0,0.4880026876926422,0.5423091650009155,-0.016342969611287117
24,hand,9,0,0.5024301409721375,0.4959048628807068,-0.0028868194203823805
24,hand,10,0,0.48983386158943176,0.4955960810184479,-0.010702244937419891
24,hand,11,0,0.4895939230918884,0.5184601545333862,-0.015612456016242504
24,hand,12,0,0.4925881028175354,0.5356760025024414,-0.018121792003512383
24,hand,13,0,0.5108488202095032,0.48809802532196045,-0.0062047080136835575
24,hand,14,0,0.499321848154068,0.4740356206893921,-0.013449156656861305
24,hand,15,0,0.49723106622695923,0.4919738471508026,-0.01599118858575821
24,hand,16,0,0.49856188893318176,0.5079987049102783,-0.01661086268723011
24,hand,17,0,0.5207301378250122,0.48429638147354126,-0.009434551931917667
24,hand,18,0,0.5201631784439087,0.4612550437450409,-0.015564514324069023
24,hand,19,0,0.5208340287208557,0.44831550121307373,-0.01885976828634739
24,hand,20,0,0.5214593410491943,0.43683862686157227,-0.020433342084288597
24,pose,0,-1,0.5188735723495483,0.22628498077392578,-0.39540478587150574
24,pose,1,-1,0.5306476950645447,0.2010805457830429,-0.380797803401947
24,pose,2,-1,0.5358068346977234,0.2015829235315323,-0.38082224130630493
24,pose,3,-1,0.5402214527130127,0.20234282314777374,-0.3807848393917084
24,pose,4,-1,0.5111976861953735,0.2003219872713089,-0.3745773434638977
24,pose,5,-1,0.5050179958343506,0.20059509575366974,-0.37464210391044617
24,pose,6,-1,0.4990975260734558,0.20121508836746216,-0.3746911287307739
24,pose,7,-1,0.5491915941238403,0.21523721516132355,-0.23742660880088806
24,pose,8,-1,0.493381142616272,0.21326762437820435,-0.20569778978824615
24,pose,9,-1,0.5299341678619385,0.2570562958717346,-0.33967098593711853
24,pose,10,-1,0.506895899772644,0.2565575838088989,-0.3305148780345917
24,pose,11,-1,0.5882924795150757,0.36511456966400146,-0.1568513959646225
24,pose,12,-1,0.4517020583152771,0.3642420768737793,-0.07421685010194778
24,pose,13,-1,0.6453726291656494,0.5874110460281372,-0.269171804189682
24,pose,14,-1,0.42959439754486084,0.5871794819831848,-0.21147674322128296
24,pose,15,-1,0.5418609380722046,0.5214947462081909,-0.4905491769313812
24,pose,16,-1,0.48831579089164734,0.45382553339004517,-0.5105389356613159
24,pose,17,-1,0.5198577642440796,0.491543173789978,-0.5358394980430603
24,pose,18,-1,0.5049534440040588,0.42857471108436584,-0.5516940951347351
24,pose,19,-1,0.5248442888259888,0.461609423160553,-0.5102640986442566
24,pose,20,-1,0.5022041201591492,0.4043951630592346,-0.5318546891212463
24,pose,21,-1,0.5285767316818237,0.4662926197052002,-0.4798380136489868
24,pose,22,-1,0.49874040484428406,0.4123736619949341,-0.5059739351272583
24,pose,23,-1,0.5582760572433472,0.7517403960227966,-0.030308661982417107
24,pose,24,-1,0.47797510027885437,0.7486989498138428,0.031344056129455566
24,pose,25,-1,0.5560739636421204,0.9803667068481445,-0.015380972065031528
24,pose,26,-1,0.47387611865997314,1.0076457262039185,0.15508921444416046
24,pose,27,-1,0.5529149174690247,1.2527294158935547,0.2506091892719269
24,pose,28,-1,0.4775388538837433,1.2475215196609497,0.41369256377220154
24,pose,29,-1,0.5548424124717712,1.2884926795959473,0.2673424184322357
24,pose,30,-1,0.4770212471485138,1.285377860069275,0.4343615472316742
24,pose,31,-1,0.5409556031227112,1.336438536643982,0.09793616831302643
24,pose,32,-1,0.4770207703113556,1.3299576044082642,0.25947830080986023
25,hand,0,0,0.5414376258850098,0.5539622902870178,-4.4962561673855816e-08
25,hand,1,0,0.5227590799331665,0.5515708327293396,0.0005903810961171985
25,hand,2,0,0.5084307193756104,0.543594479560852,0.0004176283546257764
25,hand,3,0,0.4993531107902527,0.5358933210372925,-0.0007358001894317567
25,hand,4,0,0.49205148220062256,0.5290979743003845,-0.001657602027989924
25,hand,5,0,0.5089658498764038,0.5160009264945984,0.0033403022680431604
25,hand,6,0,0.49816858768463135,0.5118678212165833,-0.00018521500169299543
25,hand,7,0,0.49482375383377075,0.5255951881408691,-0.0033966165501624346
25,hand,8,0,0.4953429698944092,0.5392480492591858,-0.0050525120459496975
25,hand,9,0,0.5124720335006714,0.5096312165260315,0.0013083419762551785
25,hand,10,0,0.5013524889945984,0.5073670744895935,-0.0028039291501045227
25,hand,11,0,0.49844464659690857,0.5212210416793823,-0.005620908923447132
25,hand,12,0,0.49932727217674255,0.5343929529190063,-0.006821633316576481
25,hand,13,0,0.5175224542617798,0.5042420625686646,-0.001396692474372685
25,hand,14,0,0.5071859955787659,0.4960750341415405,-0.004952278453856707
25,hand,15,0,0.5020104646682739,0.5051387548446655,-0.006713686045259237
25,hand,16,0,0.5004730224609375,0.515024721622467,-0.007323451805859804
25,hand,17,0,0.5236719846725464,0.5006951093673706,-0.004169805906713009
25,hand,18,0,0.5223780274391174,0.4826676547527313,-0.007779453881084919
25,hand,19,0,0.5218101739883423,0.47217777371406555,-0.010105360299348831
25,hand,20,0,0.5220974683761597,0.4639577269554138,-0.011211850680410862
25,hand,0,1,0.5331490635871887,0.5491495132446289,-1.2641922353395785e-07
25,hand,1,1,0.5153989195823669,0.5497332215309143,-0.00021011864009778947
25,hand,2,1,0.497723788022995,0.5433949828147888,-0.00227704388089478
25,hand,3,1,0.4853249490261078,0.5385444164276123,-0.00561660248786211
25,hand,4,1,0.4750511646270752,0.5352560877799988,-0.008692009374499321
25,hand,5,1,0.4963454008102417,0.5183203816413879,-0.0006309038144536316
25,hand,6,1,0.4847850203514099,0.5187419652938843,-0.008153634145855904
25,hand,7,1,0.4852989912033081,0.5372663736343384,-0.013577351346611977
25,hand,8,1,0.4884299039840698,0.5544069409370422,-0.016406254842877388
25,hand,9,1,0.5012463927268982,0.5095057487487793,-0.0034460918977856636
25,hand,10,1,0.4883401095867157,0.5091966986656189,-0.012208865024149418
25,hand,11,1,0.48952704668045044,0.5325850248336792,-0.016983933746814728
25,hand,12,1,0.49422159790992737,0.5496265888214111,-0.019185980781912804
25,hand,13,1,0.5096125602722168,0.501948356628418,-0.006930820178240538
25,hand,14,1,0.49708235263824463,0.4898722469806671,-0.015138590708374977
25,hand,15,1,0.49555206298828125,0.5100749731063843,-0.01782211661338806
25,hand,16,1,0.49746477603912354,0.5270377397537231,-0.01830213889479637
25,hand,17,1,0.5193377137184143,0.4977678060531616,-0.010258101858198643
25,hand,18,1,0.5182664394378662,0.4729255437850952,-0.01710360497236252
25,hand,19,1,0.5192808508872986,0.4576973021030426,-0.021030357107520103
25,hand,20,1,0.5201181173324585,0.4440585970878601,-0.023075424134731293
25,pose,0,-1,0.5186821222305298,0.2264048010110855,-0.4420869052410126
25,pose,1,-1,0.5304957032203674,0.20156584680080414,-0.42610815167427063
25,pose,2,-1,0.5357141494750977,0.2021465003490448,-0.4261553883552551
25,pose,3,-1,0.54001384973526,0.20302942395210266,-0.426133930683136
25,pose,4,-1,0.5110828280448914,0.20086292922496796,-0.4209912121295929
25,pose,5,-1,0.5049217343330383,0.20113863050937653,-0.4211195111274719
25,pose,6,-1,0.4990014135837555,0.20175926387310028,-0.4211948812007904
25,pose,7,-1,0.5490680932998657,0.21659287810325623,-0.27694863080978394
25,pose,8,-1,0.4933966100215912,0.21399575471878052,-0.25189271569252014
25,pose,9,-1,0.5296976566314697,0.25714999437332153,-0.38365113735198975
25,pose,10,-1,0.5067402720451355,0.2565580904483795,-0.37646764516830444
25,pose,11,-1,0.5883281230926514,0.3673519492149353,-0.18492470681667328
25,pose,12,-1,0.45167383551597595,0.364510715007782,-0.10001096874475479
25,pose,13,-1,0.6447082757949829,0.5942666530609131,-0.29119378328323364
25,pose,14,-1,0.4291987121105194,0.590325653553009,-0.2176133245229721
25,pose,15,-1,0.5417086482048035,0.5365699529647827,-0.5388811230659485
25,pose,16,-1,0.4847641587257385,0.4859945774078369,-0.530322790145874
25,pose,17,-1,0.5200081467628479,0.5137550830841064,-0.5908567309379578
25,pose,18,-1,0.5019789338111877,0.4596419930458069,-0.5769081115722656
25,pose,19,-1,0.5253591537475586,0.47793832421302795,-0.5726968050003052
25,pose,20,-1,0.501122772693634,0.43266212940216064,-0.562461793422699
25,pose,21,-1,0.5292550921440125,0.4812282919883728,-0.5318427681922913
25,pose,22,-1,0.4973878860473633,0.43923425674438477,-0.5276588201522827
25,pose,23,-1,0.5581737160682678,0.7504177689552307,-0.030500153079628944
25,pose,24,-1,0.4779732823371887,0.7477512359619141,0.031484853476285934
25,pose,25,-1,0.5558057427406311,0.9805755615234375,-0.012555533088743687
25,pose,26,-1,0.474038690328598,1.0074973106384277,0.14588072896003723
25,pose,27,-1,0.5522159934043884,1.2543338537216187,0.24893972277641296
25,pose,28,-1,0.47730594873428345,1.2474790811538696,0.40438786149024963
25,pose,29,-1,0.5540992021560669,1.2895803451538086,0.26612940430641174
25,pose,30,-1,0.4768431484699249,1.284939169883728,0.4252351224422455
25,pose,31,-1,0.5404832363128662,1.3370420932769775,0.09695029258728027
25,pose,32,-1,0.47604480385780334,1.328946590423584,0.2534022033214569
26,hand,0,0,0.5351645350456238,0.548060417175293,-1.1627613361042677e-07
26,hand,1,0,0.5200972557067871,0.5534584522247314,-0.0013129613362252712
26,hand,2,0,0.5022669434547424,0.5502490401268005,-0.003506895387545228
26,hand,3,0,0.48960715532302856,0.5485744476318359,-0.006436286959797144
26,hand,4,0,0.47945743799209595,0.5476018190383911,-0.008962487801909447
26,hand,5,0,0.49835294485092163,0.5235244035720825,-0.004119944293051958
26,hand,6,0,0.4858642816543579,0.5258573889732361,-0.011703228577971458
26,hand,7,0,0.4884168207645416,0.5436971783638,-0.016326552256941795
26,hand,8,0,0.49382123351097107,0.5590075254440308,-0.01866510882973671
26,hand,9,0,0.5031634569168091,0.5133056044578552,-0.006637727376073599
26,hand,10,0,0.48966509103775024,0.5156530737876892,-0.015974413603544235
26,hand,11,0,0.4928998649120331,0.538467526435852,-0.020000087097287178
26,hand,12,0,0.49939456582069397,0.5548593997955322,-0.021413518115878105
26,hand,13,0,0.5111434459686279,0.5047554969787598,-0.009806688874959946
26,hand,14,0,0.49765196442604065,0.49697935581207275,-0.01816273108124733
26,hand,15,0,0.49667027592658997,0.5180076360702515,-0.020432906225323677
26,hand,16,0,0.4985004961490631,0.5347283482551575,-0.020651374012231827
26,hand,17,0,0.5204610824584961,0.4992561936378479,-0.012888031080365181
26,hand,18,0,0.5172531008720398,0.47462892532348633,-0.020350538194179535
26,hand,19,0,0.5141115784645081,0.4603928327560425,-0.02473108097910881
26,hand,20,0,0.510389506816864,0.44782108068466187,-0.027110161259770393
26,pose,0,-1,0.5186684131622314,0.22649116814136505,-0.43279680609703064
26,pose,1,-1,0.5304951071739197,0.20172588527202606,-0.41550323367118835
26,pose,2,-1,0.5357082486152649,0.20232978463172913,-0.41554948687553406
26,pose,3,-1,0.5399969816207886,0.2032460868358612,-0.4155382513999939
26,pose,4,-1,0.5110821723937988,0.20103809237480164,-0.41056692600250244
26,pose,5,-1,0.5049207210540771,0.20133359730243683,-0.4106737971305847
26,pose,6,-1,0.49899864196777344,0.201943501830101,-0.4107421040534973
26,pose,7,-1,0.5490676164627075,0.2168622612953186,-0.2672956585884094
26,pose,8,-1,0.4934062063694,0.21415919065475464,-0.24293728172779083
26,pose,9,-1,0.5296536684036255,0.2572338283061981,-0.37524163722991943
26,pose,10,-1,0.5067161321640015,0.25656959414482117,-0.36842453479766846
26,pose,11,-1,0.5884100198745728,0.3678824007511139,-0.18300166726112366
26,pose,12,-1,0.45166900753974915,0.36456099152565,-0.099227674305439
26,pose,13,-1,0.6437755823135376,0.5993494391441345,-0.2779335081577301
26,pose,14,-1,0.42922142148017883,0.5935871601104736,-0.22238540649414062
26,pose,15,-1,0.542488157749176,0.5405610203742981,-0.5096039175987244
26,pose,16,-1,0.4894986152648926,0.481158047914505,-0.5294917821884155
26,pose,17,-1,0.5213345885276794,0.5190061330795288,-0.5553383231163025
26,pose,18,-1,0.5060870051383972,0.4487752318382263,-0.575287938117981
26,pose,19,-1,0.5264872908592224,0.48346173763275146,-0.5327093005180359
26,pose,20,-1,0.5046190619468689,0.42046305537223816,-0.5583573579788208
26,pose,21,-1,0.5300363898277283,0.48694807291030884,-0.5000673532485962
26,pose,22,-1,0.5007185339927673,0.4287296235561371,-0.5259140729904175
26,pose,23,-1,0.558171808719635,0.7505996823310852,-0.030216125771403313
26,pose,24,-1,0.47761625051498413,0.7490485906600952,0.031184734776616096
26,pose,25,-1,0.5558888912200928,0.981910765171051,-0.002514057559892535
26,pose,26,-1,0.4740998446941376,1.0088461637496948,0.16630081832408905
26,pose,27,-1,0.5523045659065247,1.2553304433822632,0.2520304024219513
26,pose,28,-1,0.47734370827674866,1.2484756708145142,0.43669986724853516
26,pose,29,-1,0.554118812084198,1.291211485862732,0.2689870595932007
26,pose,30,-1,0.47690603137016296,1.2859959602355957,0.4588400423526764
26,pose,31,-1,0.5409305691719055,1.3388251066207886,0.0973963737487793
26,pose,32,-1,0.47615206241607666,1.330714464187622,0.28318658471107483
27,hand,0,0,0.5474194884300232,0.540707528591156,-1.2387795322865713e-07
27,hand,1,0,0.5320491194725037,0.5467446446418762,0.0013105571269989014
27,hand,2,0,0.5170004963874817,0.5477204322814941,0.0001429244875907898
27,hand,3,0,0.5061781406402588,0.5497428178787231,-0.002455340465530753
27,hand,4,0,0.4975338280200958,0.5511378645896912,-0.005041872151196003
27,hand,5,0,0.5132506489753723,0.5217182636260986,0.00144610193092376
27,hand,6,0,0.501368522644043,0.5216765999794006,-0.004785681143403053
27,hand,7,0,0.5011096596717834,0.5351222157478333,-0.009528043679893017
27,hand,8,0,0.504906952381134,0.5481864809989929,-0.011652601882815361
27,hand,9,0,0.5158730745315552,0.5148719549179077,-0.002009600168094039
27,hand,10,0,0.5032784938812256,0.5156905651092529,-0.008886377327144146
27,hand,11,0,0.5036531090736389,0.530025839805603,-0.013066040351986885
27,hand,12,0,0.5077983140945435,0.5424448847770691,-0.014696404337882996
27,hand,13,0,0.5206966400146484,0.5077665448188782,-0.005998630076646805
27,hand,14,0,0.5073081851005554,0.5031452178955078,-0.012042226269841194
27,hand,15,0,0.5053722858428955,0.5167092680931091,-0.014041692018508911
27,hand,16,0,0.507113516330719,0.5279020667076111,-0.014069749042391777
27,hand,17,0,0.5266419649124146,0.5014531016349792,-0.009848088026046753
27,hand,18,0,0.51845383644104,0.48061609268188477,-0.013962644152343273
27,hand,19,0,0.5115451812744141,0.4693440794944763,-0.015772942453622818
27,hand,20,0,0.5053861141204834,0.4600568115711212,-0.01648436300456524
27,pose,0,-1,0.5186604261398315,0.2264644354581833,-0.43968281149864197
27,pose,1,-1,0.5304939150810242,0.20176051557064056,-0.4228229224681854
27,pose,2,-1,0.5357035398483276,0.20237012207508087,-0.4228505492210388
27,pose,3,-1,0.5399829149246216,0.20328791439533234,-0.4228343069553375
27,pose,4,-1,0.5110733509063721,0.20107968151569366,-0.41791635751724243
27,pose,5,-1,0.5049123167991638,0.20140334963798523,-0.4180222451686859
27,pose,6,-1,0.49898773431777954,0.2020297348499298,-0.4180814027786255
27,pose,7,-1,0.5490583181381226,0.21705076098442078,-0.27173444628715515
27,pose,8,-1,0.49340659379959106,0.214335635304451,-0.24748453497886658
27,pose,9,-1,0.5296315550804138,0.2572222054004669,-0.38085296750068665
27,pose,10,-1,0.5066856145858765,0.2565450072288513,-0.3740304112434387
27,pose,11,-1,0.5884683132171631,0.368658185005188,-0.18488019704818726
27,pose,12,-1,0.45153024792671204,0.36485394835472107,-0.10017674416303635
27,pose,13,-1,0.6430622339248657,0.6004660129547119,-0.2931613326072693
27,pose,14,-1,0.4289996325969696,0.5968536138534546,-0.22564251720905304
27,pose,15,-1,0.5437270998954773,0.5420296788215637,-0.5457786321640015
27,pose,16,-1,0.4879913926124573,0.48336905241012573,-0.5545980334281921
27,pose,17,-1,0.5219695568084717,0.5243090987205505,-0.5973518490791321
27,pose,18,-1,0.5034807324409485,0.4530135989189148,-0.6034508943557739
27,pose,19,-1,0.5271464586257935,0.48919281363487244,-0.579172670841217
27,pose,20,-1,0.5035225749015808,0.42127665877342224,-0.5875061750411987
27,pose,21,-1,0.5313909649848938,0.4913865923881531,-0.5388509035110474
27,pose,22,-1,0.49998024106025696,0.42927929759025574,-0.5522676706314087
27,pose,23,-1,0.5582734942436218,0.7523449659347534,-0.030055485665798187
27,pose,24,-1,0.4776821434497833,0.7513843178749084,0.03101249597966671
27,pose,25,-1,0.5559662580490112,0.9842240214347839,-0.00691831111907959
27,pose,26,-1,0.47702211141586304,1.0013011693954468,0.16755016148090363
27,pose,27,-1,0.5557981133460999,1.2552955150604248,0.2683689296245575
27,pose,28,-1,0.47972115874290466,1.2528916597366333,0.4593568742275238
27,pose,29,-1,0.5574265122413635,1.2900409698486328,0.28774648904800415
27,pose,30,-1,0.4795498847961426,1.2899214029312134,0.4836745858192444
27,pose,31,-1,0.5451557040214539,1.3416188955307007,0.11439089477062225
27,pose,32,-1,0.48033076524734497,1.3357536792755127,0.3046835958957672
28,pose,0,-1,0.5187434554100037,0.22643738985061646,-0.43611374497413635
28,pose,1,-1,0.5305779576301575,0.20174288749694824,-0.418146014213562
28,pose,2,-1,0.5357146859169006,0.20234325528144836,-0.41816791892051697
28,pose,3,-1,0.5399959683418274,0.20325271785259247,-0.4181425869464874
28,pose,4,-1,0.5110898017883301,0.20104287564754486,-0.41430604457855225
28,pose,5,-1,0.5049169659614563,0.20138180255889893,-0.41439276933670044
28,pose,6,-1,0.498986154794693,0.20204411447048187,-0.4144543707370758
28,pose,7,-1,0.5490557551383972,0.21703606843948364,-0.270560622215271
28,pose,8,-1,0.49340441823005676,0.21441158652305603,-0.2440362572669983
28,pose,9,-1,0.5296934247016907,0.25721123814582825,-0.3763914704322815
28,pose,10,-1,0.5067052245140076,0.2565292716026306,-0.37076854705810547
28,pose,11,-1,0.5885219573974609,0.36864492297172546,-0.17432871460914612
28,pose,12,-1,0.4514606297016144,0.36519843339920044,-0.10065484791994095
28,pose,13,-1,0.6424636840820312,0.5995432138442993,-0.29053792357444763
28,pose,14,-1,0.42820945382118225,0.5975192189216614,-0.23965157568454742
28,pose,15,-1,0.5488376617431641,0.5352898240089417,-0.5648348927497864
28,pose,16,-1,0.48251649737358093,0.48333802819252014,-0.5822258591651917
28,pose,17,-1,0.5264866948127747,0.5210769772529602,-0.6197061538696289
28,pose,18,-1,0.49890604615211487,0.4532798230648041,-0.6336222290992737
28,pose,19,-1,0.527384340763092,0.4870699346065521,-0.6016342639923096
28,pose,20,-1,0.49713435769081116,0.4220869839191437,-0.6158878207206726
28,pose,21,-1,0.532602071762085,0.4895479083061218,-0.5588589310646057
28,pose,22,-1,0.49426284432411194,0.43005621433258057,-0.5793149471282959
28,pose,23,-1,0.5585848093032837,0.7521387934684753,-0.025608127936720848
28,pose,24,-1,0.47776979207992554,0.7516696453094482,0.026566633954644203
28,pose,25,-1,0.556036651134491,0.9861544966697693,-0.009570994414389133
28,pose,26,-1,0.4772147834300995,1.0161579847335815,0.1523590385913849
28,pose,27,-1,0.5598233342170715,1.2603659629821777,0.28286802768707275
28,pose,28,-1,0.4815172851085663,1.2628815174102783,0.43082255125045776
28,pose,29,-1,0.5615738034248352,1.294015884399414,0.3038898706436157
28,pose,30,-1,0.48096930980682373,1.2996373176574707,0.452820360660553
28,pose,31,-1,0.5501711964607239,1.3499001264572144,0.12797749042510986
28,pose,32,-1,0.48632317781448364,1.3486895561218262,0.2715306580066681
29,pose,0,-1,0.5187974572181702,0.22625432908535004,-0.4332324266433716
29,pose,1,-1,0.530630350112915,0.2015351802110672,-0.41658830642700195
29,pose,2,-1,0.5357166528701782,0.20210881531238556,-0.41664260625839233
29,pose,3,-1,0.5399944186210632,0.20304518938064575,-0.41667306423187256
29,pose,4,-1,0.5111010074615479,0.20083196461200714,-0.41157934069633484
29,pose,5,-1,0.5049201846122742,0.20128023624420166,-0.41168102622032166
29,pose,6,-1,0.4989844858646393,0.20199599862098694,-0.411748468875885
29,pose,7,-1,0.5490075349807739,0.21691273152828217,-0.25832778215408325
29,pose,8,-1,0.4934026300907135,0.21438388526439667,-0.2428485006093979
29,pose,9,-1,0.5297294855117798,0.25708529353141785,-0.3757201135158539
29,pose,10,-1,0.5067587494850159,0.2563752830028534,-0.36848878860473633
29,pose,11,-1,0.5884963274002075,0.3685345947742462,-0.16348065435886383
29,pose,12,-1,0.4514525830745697,0.3652547001838684,-0.09808524698019028
29,pose,13,-1,0.6429609060287476,0.5989988446235657,-0.28257858753204346
29,pose,14,-1,0.4260933995246887,0.5987535119056702,-0.23726412653923035
29,pose,15,-1,0.5644897222518921,0.5256751179695129,-0.5558836460113525
29,pose,16,-1,0.47483399510383606,0.48330920934677124,-0.5784733891487122
29,pose,17,-1,0.5430064797401428,0.5208461880683899,-0.6105197072029114
29,pose,18,-1,0.49095073342323303,0.4561956524848938,-0.6294090151786804
29,pose,19,-1,0.5391245484352112,0.4877537488937378,-0.5921953916549683
29,pose,20,-1,0.48779013752937317,0.42297104001045227,-0.6117193102836609
29,pose,21,-1,0.5432752370834351,0.48943328857421875,-0.5495825409889221
29,pose,22,-1,0.48533397912979126,0.43061572313308716,-0.5755046010017395
29,pose,23,-1,0.5589098334312439,0.752534031867981,-0.024580921977758408
29,pose,24,-1,0.478146493434906,0.7528772354125977,0.025582021102309227
29,pose,25,-1,0.556727945804596,0.9866326451301575,-0.005173400975763798
29,pose,26,-1,0.47845762968063354,1.0208734273910522,0.14755181968212128
29,pose,27,-1,0.5640888214111328,1.261288046836853,0.2878935933113098
29,pose,28,-1,0.4848407804965973,1.264252781867981,0.43018099665641785
29,pose,29,-1,0.5660350918769836,1.294970989227295,0.3086530566215515
29,pose,30,-1,0.484002947807312,1.3011447191238403,0.45326945185661316
29,pose,31,-1,0.5550458431243896,1.351082444190979,0.13374218344688416
29,pose,32,-1,0.49113428592681885,1.3493040800094604,0.26763853430747986
30,pose,0,-1,0.5188003778457642,0.22608742117881775,-0.4352063536643982
30,pose,1,-1,0.5306611657142639,0.20119628310203552,-0.41639137268066406
30,pose,2,-1,0.5357238054275513,0.20172792673110962,-0.41640570759773254
30,pose,3,-1,0.5400086045265198,0.20260415971279144,-0.4163893461227417
30,pose,4,-1,0.5110772252082825,0.2005583792924881,-0.4138009250164032
30,pose,5,-1,0.504896342754364,0.2011241763830185,-0.4138298034667969
30,pose,6,-1,0.4989348351955414,0.2018817812204361,-0.41390255093574524
30,pose,7,-1,0.5489803552627563,0.21643637120723724,-0.25777146220207214
30,pose,8,-1,0.4933270812034607,0.21437540650367737,-0.24434012174606323
30,pose,9,-1,0.529777467250824,0.25705230236053467,-0.37462443113327026
30,pose,10,-1,0.5067725777626038,0.2562970221042633,-0.37051790952682495
30,pose,11,-1,0.5884321331977844,0.3674931228160858,-0.15644124150276184
30,pose,12,-1,0.45100995898246765,0.36585620045661926,-0.11246703565120697
30,pose,13,-1,0.6450289487838745,0.5985918641090393,-0.2859974503517151
30,pose,14,-1,0.4231095612049103,0.6012724041938782,-0.27631470561027527
30,pose,15,-1,0.5709239840507507,0.495664119720459,-0.5836284756660461
30,pose,16,-1,0.46844565868377686,0.48329949378967285,-0.6242572069168091
30,pose,17,-1,0.5509923696517944,0.4846920967102051,-0.6414870023727417
30,pose,18,-1,0.4830164313316345,0.4563674330711365,-0.6778329014778137
30,pose,19,-1,0.5473644137382507,0.4561295509338379,-0.6178429126739502
30,pose,20,-1,0.4799337387084961,0.423383891582489,-0.66177898645401
30,pose,21,-1,0.5512372255325317,0.46197956800460815,-0.5766950845718384
30,pose,22,-1,0.478814959526062,0.4309452772140503,-0.6226017475128174
30,pose,23,-1,0.5599122643470764,0.7522504329681396,-0.021245066076517105
30,pose,24,-1,0.4788194000720978,0.7526912689208984,0.02227753773331642
30,pose,25,-1,0.5591296553611755,0.9865127205848694,0.01197813730686903
30,pose,26,-1,0.48045814037323,1.0208227634429932,0.14590831100940704
30,pose,27,-1,0.5698859095573425,1.2598087787628174,0.3055207431316376
30,pose,28,-1,0.48955246806144714,1.2633483409881592,0.4278397262096405
30,pose,29,-1,0.5721911787986755,1.2934585809707642,0.32601413130760193
30,pose,30,-1,0.48914095759391785,1.3005934953689575,0.45081087946891785
30,pose,31,-1,0.5611212849617004,1.3496575355529785,0.14356520771980286
30,pose,32,-1,0.4966059625148773,1.348996639251709,0.2605053782463074
31,pose,0,-1,0.5188708305358887,0.22605949640274048,-0.4377588629722595
31,pose,1,-1,0.5306894779205322,0.20115618407726288,-0.4193117916584015
31,pose,2,-1,0.5357294082641602,0.20164068043231964,-0.41930681467056274
31,pose,3,-1,0.5400325655937195,0.20240725576877594,-0.4192879796028137
31,pose,4,-1,0.5110800266265869,0.2005036324262619,-0.4165513217449188
31,pose,5,-1,0.504895806312561,0.20106135308742523,-0.41659748554229736
31,pose,6,-1,0.49892786145210266,0.20180320739746094,-0.4166800081729889
31,pose,7,-1,0.5489760041236877,0.21566547453403473,-0.2622683644294739
31,pose,8,-1,0.4932851791381836,0.2142956256866455,-0.24799209833145142
31,pose,9,-1,0.5298741459846497,0.25704604387283325,-0.3771284818649292
31,pose,10,-1,0.5070151090621948,0.2562759518623352,-0.3730732202529907
31,pose,11,-1,0.5883388519287109,0.3670356869697571,-0.15904614329338074
31,pose,12,-1,0.45027956366539,0.3667941689491272,-0.11967168748378754
31,pose,13,-1,0.6484996676445007,0.598248302936554,-0.326583594083786
31,pose,14,-1,0.41966694593429565,0.6018415689468384,-0.2804742157459259
31,pose,15,-1,0.5795839428901672,0.4561135768890381,-0.6368338465690613
31,pose,16,-1,0.4676336646080017,0.4867374002933502,-0.6096900105476379
31,pose,17,-1,0.5651223659515381,0.4316556453704834,-0.6947845220565796
31,pose,18,-1,0.4812697172164917,0.4573230743408203,-0.658723771572113
31,pose,19,-1,0.5616138577461243,0.4100930094718933,-0.6648921966552734
31,pose,20,-1,0.4782325327396393,0.4253937602043152,-0.6394646763801575
31,pose,21,-1,0.5632432103157043,0.42056137323379517,-0.6282747387886047
31,pose,22,-1,0.47800904512405396,0.43561655282974243,-0.6062262654304504
31,pose,23,-1,0.5598618388175964,0.7509592771530151,-0.0215489212423563
31,pose,24,-1,0.47882258892059326,0.7513134479522705,0.022594597190618515
31,pose,25,-1,0.55922532081604,0.985422670841217,0.011058256030082703
31,pose,26,-1,0.4813796579837799,1.0194147825241089,0.1765061914920807
31,pose,27,-1,0.568644642829895,1.2551041841506958,0.29336017370224
31,pose,28,-1,0.4898051619529724,1.2588872909545898,0.4941233694553375
31,pose,29,-1,0.5708015561103821,1.2896559238433838,0.31362807750701904
31,pose,30,-1,0.48908278346061707,1.2966588735580444,0.5220314860343933
31,pose,31,-1,0.5592808127403259,1.3480757474899292,0.1363925188779831
31,pose,32,-1,0.495993971824646,1.3469294309616089,0.33524444699287415
32,pose,0,-1,0.5188921093940735,0.2258276641368866,-0.456865519285202
32,pose,1,-1,0.5306918621063232,0.2005155384540558,-0.43828490376472473
32,pose,2,-1,0.5357287526130676,0.2009337693452835,-0.4382743239402771
32,pose,3,-1,0.5400368571281433,0.20165230333805084,-0.4382704198360443
32,pose,4,-1,0.5110394358634949,0.19990874826908112,-0.4355137050151825
32,pose,5,-1,0.5048514008522034,0.20053794980049133,-0.4356013834476471
32,pose,6,-1,0.4988529086112976,0.2013687938451767,-0.4357105493545532
32,pose,7,-1,0.5489728450775146,0.21520133316516876,-0.2778741121292114
32,pose,8,-1,0.49322977662086487,0.2142014354467392,-0.26299890875816345
32,pose,9,-1,0.529943585395813,0.2570054531097412,-0.39412721991539
32,pose,10,-1,0.5071598291397095,0.25620317459106445,-0.3902107775211334
32,pose,11,-1,0.5884372591972351,0.3668639659881592,-0.16682259738445282
32,pose,12,-1,0.4501231908798218,0.3674851953983307,-0.13095884025096893
32,pose,13,-1,0.6550358533859253,0.5882118344306946,-0.33916038274765015
32,pose,14,-1,0.41567370295524597,0.6012277603149414,-0.29472780227661133
32,pose,15,-1,0.5892429947853088,0.4479439854621887,-0.6503400206565857
32,pose,16,-1,0.46643367409706116,0.4955902695655823,-0.6313890218734741
32,pose,17,-1,0.5715294480323792,0.428240031003952,-0.7082401514053345
32,pose,18,-1,0.4803205728530884,0.46516549587249756,-0.6821506023406982
32,pose,19,-1,0.5702884793281555,0.4039902091026306,-0.6776695251464844
32,pose,20,-1,0.47755664587020874,0.43764907121658325,-0.6621670126914978
32,pose,21,-1,0.5721725225448608,0.41135653853416443,-0.641304075717926
32,pose,22,-1,0.4770256280899048,0.4482749402523041,-0.6274448037147522
32,pose,23,-1,0.5598534941673279,0.7485868334770203,-0.024127833545207977
32,pose,24,-1,0.47899526357650757,0.749016284942627,0.025142967700958252
32,pose,25,-1,0.5596697926521301,0.9838038682937622,-0.0251985602080822
32,pose,26,-1,0.48214390873908997,1.0186233520507812,0.16367559134960175
32,pose,27,-1,0.5679308176040649,1.253178596496582,0.27946075797080994
32,pose,28,-1,0.4893142879009247,1.2583715915679932,0.47168323397636414
32,pose,29,-1,0.5701427459716797,1.2875237464904785,0.30102112889289856
32,pose,30,-1,0.4886574447154999,1.2956838607788086,0.4980994760990143
32,pose,31,-1,0.5581272840499878,1.3469492197036743,0.11814935505390167
32,pose,32,-1,0.49474701285362244,1.3452098369598389,0.31081774830818176
33,pose,0,-1,0.5189017057418823,0.22404544055461884,-0.4579506516456604
33,pose,1,-1,0.5307050347328186,0.19808734953403473,-0.43715447187423706
33,pose,2,-1,0.5357340574264526,0.19867514073848724,-0.4371989667415619
33,pose,3,-1,0.5400472283363342,0.19966478645801544,-0.43718305230140686
33,pose,4,-1,0.5110212564468384,0.19760717451572418,-0.43588194251060486
33,pose,5,-1,0.5048428773880005,0.19829809665679932,-0.43601348996162415
33,pose,6,-1,0.4988352358341217,0.19927513599395752,-0.4361252784729004
33,pose,7,-1,0.5489692091941833,0.21400536596775055,-0.27374640107154846
33,pose,8,-1,0.49321454763412476,0.212882399559021,-0.26502400636672974
33,pose,9,-1,0.5300085544586182,0.2560575008392334,-0.39399364590644836
33,pose,10,-1,0.5072205066680908,0.25504231452941895,-0.39228785037994385
33,pose,11,-1,0.5883939862251282,0.366360068321228,-0.16090312600135803
33,pose,12,-1,0.4498394727706909,0.36750125885009766,-0.1337430775165558
33,pose,13,-1,0.6648120284080505,0.5632055997848511,-0.3287266194820404
33,pose,14,-1,0.4119309186935425,0.5996373891830444,-0.29346466064453125
33,pose,15,-1,0.5903408527374268,0.4352559745311737,-0.6472445130348206
33,pose,16,-1,0.4653095006942749,0.5140367746353149,-0.636795699596405
33,pose,17,-1,0.5725724697113037,0.4150286018848419,-0.7095784544944763
33,pose,18,-1,0.47963252663612366,0.490776389837265,-0.6926069855690002
33,pose,19,-1,0.5706497430801392,0.39373916387557983,-0.6783149838447571
33,pose,20,-1,0.4773477017879486,0.4615017771720886,-0.6758880615234375
33,pose,21,-1,0.5727023482322693,0.4018747806549072,-0.6384698152542114
33,pose,22,-1,0.47641974687576294,0.47114458680152893,-0.6336656212806702
33,pose,23,-1,0.5594198107719421,0.7437514662742615,-0.023961620405316353
33,pose,24,-1,0.47903043031692505,0.7437379956245422,0.02492329105734825
33,pose,25,-1,0.5596379637718201,0.9826940298080444,-0.07964382320642471
33,pose,26,-1,0.48228055238723755,1.017999529838562,0.11094008386135101
33,pose,27,-1,0.5674257278442383,1.2530748844146729,0.2159980684518814
33,pose,28,-1,0.48893624544143677,1.2578195333480835,0.4160364270210266
33,pose,29,-1,0.5702216625213623,1.2874395847320557,0.23703981935977936
33,pose,30,-1,0.48826172947883606,1.2952179908752441,0.44233009219169617
33,pose,31,-1,0.5574098825454712,1.3455102443695068,0.07274886220693588
33,pose,32,-1,0.49429449439048767,1.3441756963729858,0.2679246664047241
34,hand,0,0,0.5826037526130676,0.4329012632369995,1.3993081893204362e-07
34,hand,1,0,0.585448145866394,0.40608978271484375,-0.009506057016551495
34,hand,2,0,0.5813707709312439,0.3799142837524414,-0.014660978689789772
34,hand,3,0,0.5778723359107971,0.35500022768974304,-0.01817678101360798
34,hand,4,0,0.5761411190032959,0.33258652687072754,-0.021512407809495926
34,hand,5,0,0.5557990074157715,0.3782879114151001,-0.009849678725004196
34,hand,6,0,0.5497441291809082,0.35079723596572876,-0.011697350069880486
34,hand,7,0,0.5486430525779724,0.3341534733772278,-0.01342182420194149
34,hand,8,0,0.5487666130065918,0.32388246059417725,-0.014681670814752579
34,hand,9,0,0.5492749214172363,0.39354559779167175,-0.005708810407668352
34,hand,10,0,0.5473390817642212,0.37153521180152893,-0.006114084739238024
34,hand,11,0,0.551937997341156,0.3668089509010315,-0.006188196130096912
34,hand,12,0,0.5552961826324463,0.36839160323143005,-0.0069623240269720554
34,hand,13,0,0.5471190810203552,0.4087638854980469,-0.0020632296800613403
34,hand,14,0,0.5464810132980347,0.38796693086624146,-0.002174755558371544
34,hand,15,0,0.5509831309318542,0.3871023654937744,-0.0011582504957914352
34,hand,16,0,0.5549984574317932,0.3912762999534607,-0.0012220465578138828
34,hand,17,0,0.5466796159744263,0.42060667276382446,0.000776203814893961
34,hand,18,0,0.5453771948814392,0.4027460813522339,0.000511947029735893
34,hand,19,0,0.5495745539665222,0.40086695551872253,0.0013651852495968342
34,hand,20,0,0.5535456538200378,0.40500137209892273,0.001822759280912578
34,pose,0,-1,0.5189026594161987,0.2231711596250534,-0.45555511116981506
34,pose,1,-1,0.5307024717330933,0.19720706343650818,-0.4320257604122162
34,pose,2,-1,0.5357218384742737,0.19777575135231018,-0.432142436504364
34,pose,3,-1,0.5400324463844299,0.1987973004579544,-0.4321174919605255
34,pose,4,-1,0.5110201835632324,0.19681710004806519,-0.4331192374229431
34,pose,5,-1,0.5048460364341736,0.19758448004722595,-0.4332885146141052
34,pose,6,-1,0.4988492727279663,0.1986091583967209,-0.43341943621635437
34,pose,7,-1,0.5489600300788879,0.2130706012248993,-0.2599444091320038
34,pose,8,-1,0.49323418736457825,0.21212032437324524,-0.25682181119918823
34,pose,9,-1,0.5300101637840271,0.25490817427635193,-0.39091986417770386
34,pose,10,-1,0.5072500705718994,0.25388821959495544,-0.39114680886268616
34,pose,11,-1,0.5882384181022644,0.3640792667865753,-0.1522093266248703
34,pose,12,-1,0.44983845949172974,0.36681267619132996,-0.12387864291667938
34,pose,13,-1,0.6726942658424377,0.5414150953292847,-0.32778623700141907
34,pose,14,-1,0.41145336627960205,0.5889298319816589,-0.25565946102142334
34,pose,15,-1,0.5852250456809998,0.42701396346092224,-0.6440632939338684
34,pose,16,-1,0.46569591760635376,0.5370391011238098,-0.5837489366531372
34,pose,17,-1,0.5674741864204407,0.40932828187942505,-0.7098508477210999
34,pose,18,-1,0.48209747672080994,0.532242476940155,-0.6420720219612122
34,pose,19,-1,0.566606879234314,0.39110225439071655,-0.6776518225669861
34,pose,20,-1,0.4820428788661957,0.5006928443908691,-0.6376454830169678
34,pose,21,-1,0.5681585669517517,0.3986883759498596,-0.6349962949752808
34,pose,22,-1,0.47916972637176514,0.5032423138618469,-0.5839880108833313
34,pose,23,-1,0.558834969997406,0.7369464635848999,-0.023975839838385582
34,pose,24,-1,0.47902771830558777,0.7376706004142761,0.02494049072265625
34,pose,25,-1,0.5594226121902466,0.9810565114021301,-0.0597890168428421
34,pose,26,-1,0.4822019338607788,0.9829447269439697,0.08957328647375107
34,pose,27,-1,0.5656295418739319,1.25288724899292,0.22826193273067474
34,pose,28,-1,0.4868137240409851,1.2562267780303955,0.34765422344207764
34,pose,29,-1,0.5695622563362122,1.2865720987319946,0.24879437685012817
34,pose,30,-1,0.4862132966518402,1.2934868335723877,0.36878663301467896
34,pose,31,-1,0.5533981323242188,1.3432071208953857,0.08620955049991608
34,pose,32,-1,0.49016907811164856,1.340610384941101,0.19612453877925873
35,pose,0,-1,0.518932044506073,0.22204142808914185,-0.4254353940486908
35,pose,1,-1,0.5307163596153259,0.19636255502700806,-0.39991018176078796
35,pose,2,-1,0.5357216000556946,0.19690676033496857,-0.39995458722114563
35,pose,3,-1,0.5400394797325134,0.19796714186668396,-0.399893194437027
35,pose,4,-1,0.5110382437705994,0.1958579570055008,-0.39952871203422546
35,pose,5,-1,0.5048678517341614,0.19660146534442902,-0.39962148666381836
35,pose,6,-1,0.49888482689857483,0.19767795503139496,-0.399724543094635
35,pose,7,-1,0.5489564538002014,0.21221685409545898,-0.23003949224948883
35,pose,8,-1,0.4932384788990021,0.21131211519241333,-0.2251705378293991
35,pose,9,-1,0.5300567746162415,0.2537294626235962,-0.36112210154533386
35,pose,10,-1,0.507282555103302,0.2524280548095703,-0.3605910539627075
35,pose,11,-1,0.5880827307701111,0.3640790581703186,-0.12982989847660065
35,pose,12,-1,0.4497752785682678,0.36653950810432434,-0.09362493455410004
35,pose,13,-1,0.6804161667823792,0.5318153500556946,-0.320112019777298
35,pose,14,-1,0.4096301198005676,0.5813251733779907,-0.18779750168323517
35,pose,15,-1,0.5872895121574402,0.4148360788822174,-0.6257532238960266
35,pose,16,-1,0.4642614722251892,0.5755505561828613,-0.4792163074016571
35,pose,17,-1,0.5663774609565735,0.3899708688259125,-0.6920641660690308
35,pose,18,-1,0.48156464099884033,0.5916537046432495,-0.5294712781906128
35,pose,19,-1,0.5642963647842407,0.37475284934043884,-0.6592520475387573
35,pose,20,-1,0.48325055837631226,0.5723066329956055,-0.5284842848777771
35,pose,21,-1,0.5670806169509888,0.3853512406349182,-0.616981565952301
35,pose,22,-1,0.4793488383293152,0.5633286237716675,-0.48102444410324097
35,pose,23,-1,0.5585059523582458,0.7373725175857544,-0.024312380701303482
35,pose,24,-1,0.47925201058387756,0.7374110817909241,0.025281166657805443
35,pose,25,-1,0.5596670508384705,0.9810888171195984,-0.031091921031475067
35,pose,26,-1,0.4815686047077179,0.9871019124984741,0.09109404683113098
35,pose,27,-1,0.5606586933135986,1.252118468284607,0.2338344305753708
35,pose,28,-1,0.48202306032180786,1.2555887699127197,0.3177325129508972
35,pose,29,-1,0.5652856230735779,1.2850351333618164,0.2556515336036682
35,pose,30,-1,0.48155003786087036,1.293411135673523,0.33546116948127747
35,pose,31,-1,0.5437900424003601,1.3409475088119507,0.1030675619840622
35,pose,32,-1,0.48147037625312805,1.337159276008606,0.16439270973205566
36,pose,0,-1,0.5189241170883179,0.22041432559490204,-0.42732420563697815
36,pose,1,-1,0.5307044982910156,0.1955452561378479,-0.40325024724006653
36,pose,2,-1,0.5356948971748352,0.19624918699264526,-0.40328434109687805
36,pose,3,-1,0.5400104522705078,0.19746676087379456,-0.40323406457901
36,pose,4,-1,0.5110352635383606,0.19459600746631622,-0.4016576111316681
36,pose,5,-1,0.5048643946647644,0.19524914026260376,-0.4017333686351776
36,pose,6,-1,0.498878538608551,0.19632501900196075,-0.4018157124519348
36,pose,7,-1,0.5488029718399048,0.2121966928243637,-0.23131896555423737
36,pose,8,-1,0.4932290017604828,0.2107606828212738,-0.2290806621313095
36,pose,9,-1,0.5300554037094116,0.2527312636375427,-0.3635270297527313
36,pose,10,-1,0.5072634816169739,0.25047215819358826,-0.3613516688346863
36,pose,11,-1,0.5856629014015198,0.3646398186683655,-0.11443392187356949
36,pose,12,-1,0.44933876395225525,0.3674159646034241,-0.09550077468156815
36,pose,13,-1,0.6795142292976379,0.5265539288520813,-0.29842710494995117
36,pose,14,-1,0.4101703464984894,0.5789876580238342,-0.1163104772567749
36,pose,15,-1,0.6024868488311768,0.3934144973754883,-0.6214011907577515
36,pose,16,-1,0.4610900282859802,0.6219800710678101,-0.3238680958747864
36,pose,17,-1,0.5810584425926208,0.35936468839645386,-0.6899284720420837
36,pose,18,-1,0.47698861360549927,0.655441164970398,-0.3594197928905487
36,pose,19,-1,0.5765945911407471,0.3466081917285919,-0.6567938923835754
36,pose,20,-1,0.4824000597000122,0.635992169380188,-0.37258756160736084
36,pose,21,-1,0.578389585018158,0.35941794514656067,-0.6146882176399231
36,pose,22,-1,0.4782489538192749,0.6218449473381042,-0.32839739322662354
36,pose,23,-1,0.5584375858306885,0.7423548102378845,-0.024603398516774178
36,pose,24,-1,0.4802106022834778,0.7394506931304932,0.025514353066682816
36,pose,25,-1,0.5605068206787109,0.9860278964042664,-0.03902594372630119
36,pose,26,-1,0.4826344847679138,0.9896587133407593,0.044332943856716156
36,pose,27,-1,0.5563598871231079,1.2658404111862183,0.22941675782203674
36,pose,28,-1,0.48182758688926697,1.2731157541275024,0.25877246260643005
36,pose,29,-1,0.5612825155258179,1.2977745532989502,0.24956847727298737
36,pose,30,-1,0.48131120204925537,1.3126803636550903,0.27547162771224976
36,pose,31,-1,0.5376684069633484,1.3531640768051147,0.09993948042392731
36,pose,32,-1,0.48029789328575134,1.3514076471328735,0.09783060848712921
37,pose,0,-1,0.5188895463943481,0.21853752434253693,-0.3939177393913269
37,pose,1,-1,0.5307039618492126,0.1945435106754303,-0.3678583800792694
37,pose,2,-1,0.5356937646865845,0.19544094800949097,-0.36793139576911926
37,pose,3,-1,0.5400424599647522,0.19679266214370728,-0.36787545680999756
37,pose,4,-1,0.5110499262809753,0.1932329535484314,-0.3660072684288025
37,pose,5,-1,0.5048710107803345,0.19372223317623138,-0.3660505712032318
37,pose,6,-1,0.4988909065723419,0.19469408690929413,-0.3661526143550873
37,pose,7,-1,0.5487938523292542,0.21193048357963562,-0.20154131948947906
37,pose,8,-1,0.4932323694229126,0.2103215456008911,-0.1950732320547104
37,pose,9,-1,0.5300570130348206,0.2515529692173004,-0.33255431056022644
37,pose,10,-1,0.5072469115257263,0.24860994517803192,-0.33081161975860596
37,pose,11,-1,0.5856805443763733,0.3646461069583893,-0.09346147626638412
37,pose,12,-1,0.4491889178752899,0.36817702651023865,-0.07362016290426254
37,pose,13,-1,0.6791431903839111,0.5318310856819153,-0.2513585686683655
37,pose,14,-1,0.41042205691337585,0.5776647329330444,-0.07670220732688904
37,pose,15,-1,0.6133127808570862,0.35992658138275146,-0.5389593839645386
37,pose,16,-1,0.4594978988170624,0.6509582996368408,-0.26542508602142334
37,pose,17,-1,0.6046796441078186,0.31511837244033813,-0.601251482963562
37,pose,18,-1,0.47371354699134827,0.6951249837875366,-0.2955087125301361
37,pose,19,-1,0.6015371680259705,0.3046760857105255,-0.5747050046920776
37,pose,20,-1,0.4821840822696686,0.6799056529998779,-0.3066551983356476
37,pose,21,-1,0.598498523235321,0.3217078149318695,-0.5343738794326782
37,pose,22,-1,0.4783560633659363,0.6620655059814453,-0.2698729932308197
37,pose,23,-1,0.5587022304534912,0.7472581267356873,-0.013883721083402634
37,pose,24,-1,0.48072078824043274,0.7422870993614197,0.014947020448744297
37,pose,25,-1,0.5626310706138611,0.9891785979270935,-0.03413179889321327
37,pose,26,-1,0.4828973114490509,1.0058975219726562,0.018961112946271896
37,pose,27,-1,0.558057963848114,1.2689536809921265,0.2347223460674286
37,pose,28,-1,0.48355311155319214,1.2722264528274536,0.21582366526126862
37,pose,29,-1,0.5623453259468079,1.301186442375183,0.2549129128456116
37,pose,30,-1,0.4817884862422943,1.3112807273864746,0.23078037798404694
37,pose,31,-1,0.5386714935302734,1.3588296175003052,0.10307184606790543
37,pose,32,-1,0.49232620000839233,1.3523844480514526,0.05103297904133797
38,hand,0,0,0.6261150240898132,0.33202317357063293,-3.203128073892003e-08
38,hand,1,0,0.6326860785484314,0.3052431643009186,-0.001559377764351666
38,hand,2,0,0.6360276937484741,0.27658894658088684,-0.004343274515122175
38,hand,3,0,0.6408671140670776,0.2548322081565857,-0.007324127946048975
38,hand,4,0,0.6482047438621521,0.23917382955551147,-0.010371647775173187
38,hand,5,0,0.6128888726234436,0.26284047961235046,-0.004127486143261194
38,hand,6,0,0.6061528921127319,0.26602110266685486,-0.006978399120271206
38,hand,7,0,0.6101298928260803,0.27457645535469055,-0.01000184752047062
38,hand,8,0,0.6147781014442444,0.27872276306152344,-0.012279068119823933
38,hand,9,0,0.6055187582969666,0.2757098376750946,-0.0056468769907951355
38,hand,10,0,0.6017792820930481,0.28242671489715576,-0.006191018968820572
38,hand,11,0,0.6066568493843079,0.2891567349433899,-0.0071579087525606155
38,hand,12,0,0.6113487482070923,0.2922668755054474,-0.00898584071546793
38,hand,13,0,0.600983202457428,0.29236122965812683,-0.007098606321960688
38,hand,14,0,0.5987892150878906,0.29723092913627625,-0.008419972844421864
38,hand,15,0,0.6036658883094788,0.3029775321483612,-0.00793440267443657
38,hand,16,0,0.6086112260818481,0.30561378598213196,-0.008295758627355099
38,hand,17,0,0.5980851054191589,0.30816537141799927,-0.008726371452212334
38,hand,18,0,0.5966921448707581,0.31107789278030396,-0.009755466133356094
38,hand,19,0,0.6019772887229919,0.31600943207740784,-0.008275901898741722
38,hand,20,0,0.6068168878555298,0.3183925747871399,-0.007183361798524857
38,pose,0,-1,0.5188734531402588,0.21761758625507355,-0.3981280028820038
38,pose,1,-1,0.5307105183601379,0.19394931197166443,-0.37319862842559814
38,pose,2,-1,0.535702645778656,0.1948734074831009,-0.37327590584754944
38,pose,3,-1,0.5401305556297302,0.1962278038263321,-0.3732294738292694
38,pose,4,-1,0.5110520124435425,0.1927695870399475,-0.37200620770454407
38,pose,5,-1,0.504869282245636,0.19328993558883667,-0.37204843759536743
38,pose,6,-1,0.4988900125026703,0.19425137341022491,-0.372143417596817
38,pose,7,-1,0.5487908124923706,0.21170994639396667,-0.2111968845129013
38,pose,8,-1,0.4932316839694977,0.2099730223417282,-0.20650675892829895
38,pose,9,-1,0.5300585627555847,0.2507481575012207,-0.3376346230506897
38,pose,10,-1,0.5072237253189087,0.24781055748462677,-0.3367215096950531
38,pose,11,-1,0.5857410430908203,0.36520376801490784,-0.09745857119560242
38,pose,12,-1,0.4491197466850281,0.3681524693965912,-0.08153770864009857
38,pose,13,-1,0.6775262951850891,0.5345287322998047,-0.2308969348669052
38,pose,14,-1,0.4105629622936249,0.5756020545959473,-0.009169652126729488
38,pose,15,-1,0.6256204843521118,0.33144068717956543,-0.48037394881248474
38,pose,16,-1,0.4565657377243042,0.6866274476051331,-0.0778542309999466
38,pose,17,-1,0.621333122253418,0.283597469329834,-0.536439061164856
38,pose,18,-1,0.462498277425766,0.7449753284454346,-0.08822894096374512
38,pose,19,-1,0.6166304349899292,0.28001922369003296,-0.5103479027748108
38,pose,20,-1,0.4764082133769989,0.7333617806434631,-0.11158975213766098
38,pose,21,-1,0.6112611293792725,0.29771098494529724,-0.47528260946273804
38,pose,22,-1,0.4762968122959137,0.7137095928192139,-0.08380550891160965
38,pose,23,-1,0.5583320260047913,0.7480676174163818,-0.008788161911070347
38,pose,24,-1,0.4806292653083801,0.7419936060905457,0.00969031173735857
38,pose,25,-1,0.5625587701797485,0.9882960319519043,-0.02314065769314766
38,pose,26,-1,0.4827623665332794,1.009655237197876,0.03552227467298508
38,pose,27,-1,0.5566720366477966,1.267548680305481,0.25646457076072693
38,pose,28,-1,0.4834677577018738,1.2715541124343872,0.27288952469825745
38,pose,29,-1,0.5594972968101501,1.3009082078933716,0.27873966097831726
38,pose,30,-1,0.48147904872894287,1.3108361959457397,0.2925943434238434
38,pose,31,-1,0.5392501950263977,1.3566339015960693,0.13531282544136047
38,pose,32,-1,0.4930175542831421,1.3517662286758423,0.11841980367898941
39,hand,0,0,0.6192373037338257,0.33786439895629883,1.298653184989007e-08
39,hand,1,0,0.6255713701248169,0.3070264756679535,-0.0019713130313903093
39,hand,2,0,0.6287626028060913,0.2800746560096741,-0.004873025696724653
39,hand,3,0,0.6336883306503296,0.2569715976715088,-0.007893401198089123
39,hand,4,0,0.6413865089416504,0.24176140129566193,-0.010821161791682243
39,hand,5,0,0.6019072532653809,0.2779947817325592,-0.0011536204256117344
39,hand,6,0,0.6011698842048645,0.27149534225463867,-0.0018288587452843785
39,hand,7,0,0.6067955493927002,0.2787763178348541,-0.004640332888811827
39,hand,8,0,0.609661877155304,0.2858213484287262,-0.006925926543772221
39,hand,9,0,0.5952803492546082,0.2924893796443939,-0.0014938971726223826
39,hand,10,0,0.5974403023719788,0.2852229177951813,0.0005714099388569593
39,hand,11,0,0.6026037931442261,0.28994226455688477,-0.0007302708690986037
39,hand,12,0,0.6052125692367554,0.29699867963790894,-0.0030503130983561277
39,hand,13,0,0.5925523042678833,0.3068091869354248,-0.0017287725349888206
39,hand,14,0,0.5949932932853699,0.2993358075618744,0.0007300301222130656
39,hand,15,0,0.5993276238441467,0.3031574785709381,0.0012397157261148095
39,hand,16,0,0.6021903157234192,0.3097100257873535,0.0003236503107473254
39,hand,17,0,0.5916299819946289,0.31890785694122314,-0.0023561669513583183
39,hand,18,0,0.5933238863945007,0.31262147426605225,0.0001493217860115692
39,hand,19,0,0.5974541902542114,0.3163072466850281,0.002693417714908719
39,hand,20,0,0.6003301739692688,0.32179543375968933,0.004088323097676039
39,pose,0,-1,0.5189738273620605,0.21761029958724976,-0.4034687876701355
39,pose,1,-1,0.5308138728141785,0.19390955567359924,-0.3792457580566406
39,pose,2,-1,0.5357968211174011,0.19479452073574066,-0.37931451201438904
39,pose,3,-1,0.5403984189033508,0.1960788518190384,-0.3792676329612732
39,pose,4,-1,0.5111312866210938,0.19278745353221893,-0.378170907497406
39,pose,5,-1,0.5049111843109131,0.19331295788288116,-0.3782181143760681
39,pose,6,-1,0.49894842505455017,0.19427351653575897,-0.3783150613307953
39,pose,7,-1,0.5487991571426392,0.21146005392074585,-0.21714350581169128
39,pose,8,-1,0.49327242374420166,0.2099657952785492,-0.2124965935945511
39,pose,9,-1,0.5303035378456116,0.2506563067436218,-0.3425789177417755
39,pose,10,-1,0.5074255466461182,0.24780750274658203,-0.34172144532203674
39,pose,11,-1,0.5858182311058044,0.3652089238166809,-0.10498979687690735
39,pose,12,-1,0.449079692363739,0.36815157532691956,-0.08483707904815674
39,pose,13,-1,0.6773094534873962,0.5348938703536987,-0.25033697485923767
39,pose,14,-1,0.4119657278060913,0.5763880014419556,-0.0013599005760625005
39,pose,15,-1,0.6209408640861511,0.3416016399860382,-0.5220072865486145
39,pose,16,-1,0.4533051550388336,0.7172383666038513,-0.06929269433021545
39,pose,17,-1,0.6180679202079773,0.29172536730766296,-0.5812312364578247
39,pose,18,-1,0.4556240737438202,0.7755740284919739,-0.07885560393333435
39,pose,19,-1,0.6122416853904724,0.2874870002269745,-0.5543429255485535
39,pose,20,-1,0.4705420732498169,0.7700884938240051,-0.10691079497337341
39,pose,21,-1,0.6067600250244141,0.3064641058444977,-0.5166161060333252
39,pose,22,-1,0.47280412912368774,0.7519708275794983,-0.07705827057361603
39,pose,23,-1,0.5583521723747253,0.7491729855537415,-0.009814919903874397
39,pose,24,-1,0.4806208312511444,0.7418969869613647,0.010708742775022984
39,pose,25,-1,0.5624607801437378,0.9882319569587708,-0.013157051056623459
39,pose,26,-1,0.4825230538845062,1.0158582925796509,0.04740023985505104
39,pose,27,-1,0.5567004084587097,1.2673672437667847,0.2631644010543823
39,pose,28,-1,0.4835624098777771,1.270338535308838,0.28281983733177185
39,pose,29,-1,0.5592222809791565,1.300323247909546,0.2846418619155884
39,pose,30,-1,0.4815218150615692,1.3089715242385864,0.3021199107170105
39,pose,31,-1,0.5400928258895874,1.3574937582015991,0.13803371787071228
39,pose,32,-1,0.49430015683174133,1.352600336074829,0.12793421745300293
40,hand,0,0,0.4413239657878876,0.7287852764129639,-1.1269920463519156e-07
40,hand,1,0,0.45608678460121155,0.7343863248825073,-0.00526658957824111
40,hand,2,0,0.466291218996048,0.7485150694847107,-0.010346412658691406
40,hand,3,0,0.47459155321121216,0.7620863914489746,-0.014429583214223385
40,hand,4,0,0.4815119206905365,0.7731485366821289,-0.01765464060008526
40,hand,5,0,0.45231205224990845,0.7853807806968689,-0.012852674350142479
40,hand,6,0,0.46089833974838257,0.815764844417572,-0.016423245891928673
40,hand,7,0,0.46280375123023987,0.8023056387901306,-0.01765768602490425
40,hand,8,0,0.4611717760562897,0.7890847325325012,-0.01797659881412983
40,hand,9,0,0.4417981505393982,0.78960120677948,-0.011694834567606449
40,hand,10,0,0.4504801332950592,0.8187612295150757,-0.014617158100008965
40,hand,11,0,0.4530700147151947,0.8074522018432617,-0.014772631227970123
40,hand,12,0,0.45212292671203613,0.7952861785888672,-0.014901213347911835
40,hand,13,0,0.43363630771636963,0.788747251033783,-0.01016183476895094
40,hand,14,0,0.4401729702949524,0.8174521923065186,-0.01189391128718853
40,hand,15,0,0.44328072667121887,0.8093384504318237,-0.00977502390742302
40,hand,16,0,0.4427843391895294,0.7973934412002563,-0.008512498810887337
40,hand,17,0,0.42854732275009155,0.7855978012084961,-0.008777536451816559
40,hand,18,0,0.4338284730911255,0.8104517459869385,-0.009656498208642006
40,hand,19,0,0.43645137548446655,0.8044431805610657,-0.007083107717335224
40,hand,20,0,0.4358130097389221,0.7941297292709351,-0.005001436918973923
40,hand,0,1,0.6101366877555847,0.3578275442123413,3.3269817123482426e-08
40,hand,1,1,0.6167353391647339,0.32499977946281433,-0.0015531762037426233
40,hand,2,1,0.6174029111862183,0.2939384877681732,-0.0028995093889534473
40,hand,3,1,0.6208083033561707,0.2690870761871338,-0.004541377536952496
40,hand,4,1,0.6269624829292297,0.2529430389404297,-0.006429867818951607
40,hand,5,1,0.5906186103820801,0.2967730164527893,0.00499506713822484
40,hand,6,1,0.5866393446922302,0.2930746376514435,0.006860444787889719
40,hand,7,1,0.5884313583374023,0.2975645363330841,0.004870964679867029
40,hand,8,1,0.5892372131347656,0.30317527055740356,0.0027905558235943317
40,hand,9,1,0.5846878290176392,0.3099982440471649,0.005161887966096401
40,hand,10,1,0.586028516292572,0.30894747376441956,0.008886176161468029
40,hand,11,1,0.5912457704544067,0.3121880292892456,0.00644398108124733
40,hand,12,1,0.5940164923667908,0.3160284459590912,0.003418030682951212
40,hand,13,1,0.5824443697929382,0.3247424066066742,0.005300750024616718
40,hand,14,1,0.5826945304870605,0.32129666209220886,0.00885376613587141
40,hand,15,1,0.586632490158081,0.3233645260334015,0.008531269617378712
40,hand,16,1,0.589488685131073,0.3270358443260193,0.007172996643930674
40,hand,17,1,0.582114577293396,0.33809858560562134,0.0050680991262197495
40,hand,18,1,0.5801706910133362,0.3341234028339386,0.008482550270855427
40,hand,19,1,0.5830399394035339,0.3359776735305786,0.01110231876373291
40,hand,20,1,0.5852000713348389,0.33879584074020386,0.012588035315275192
40,pose,0,-1,0.519060492515564,0.21745379269123077,-0.4037739634513855
40,pose,1,-1,0.5308797955513,0.1938849687576294,-0.37856218218803406
40,pose,2,-1,0.5358177423477173,0.19476768374443054,-0.3786369860172272
40,pose,3,-1,0.540464460849762,0.19604891538619995,-0.3785974085330963
40,pose,4,-1,0.5112282037734985,0.19274857640266418,-0.37898769974708557
40,pose,5,-1,0.5049750804901123,0.1932666003704071,-0.379031777381897
40,pose,6,-1,0.4990321695804596,0.19422972202301025,-0.3791365623474121
40,pose,7,-1,0.548784613609314,0.21127459406852722,-0.21320027112960815
40,pose,8,-1,0.49329230189323425,0.20989438891410828,-0.21519331634044647
40,pose,9,-1,0.5304166674613953,0.25046461820602417,-0.34211164712905884
40,pose,10,-1,0.5074670910835266,0.24750366806983948,-0.3430590033531189
40,pose,11,-1,0.5856984853744507,0.36525216698646545,-0.10377400368452072
40,pose,12,-1,0.4489075541496277,0.3682115375995636,-0.08660206198692322
40,pose,13,-1,0.6779710054397583,0.5370080471038818,-0.2582406997680664
40,pose,14,-1,0.41430750489234924,0.5766939520835876,-0.03357572481036186
40,pose,15,-1,0.6152306199073792,0.3584679365158081,-0.5584389567375183
40,pose,16,-1,0.44999414682388306,0.7353790402412415,-0.139020174741745
40,pose,17,-1,0.6072578430175781,0.3064129948616028,-0.6249424815177917
40,pose,18,-1,0.4501223862171173,0.7909184694290161,-0.15664182603359222
40,pose,19,-1,0.6029765605926514,0.29888761043548584,-0.5967690348625183
40,pose,20,-1,0.46455734968185425,0.7888397574424744,-0.1874477118253708
40,pose,21,-1,0.5994182825088501,0.3175276517868042,-0.5550421476364136
40,pose,22,-1,0.4681967496871948,0.7725716233253479,-0.14936089515686035
40,pose,23,-1,0.5584650635719299,0.7505554556846619,-0.007530746515840292
40,pose,24,-1,0.48079681396484375,0.7418140172958374,0.008389257825911045
40,pose,25,-1,0.5623362064361572,0.9879873991012573,-0.004934645723551512
40,pose,26,-1,0.4825133681297302,1.0163824558258057,0.01222468726336956
40,pose,27,-1,0.5568037629127502,1.267488718032837,0.2730697691440582
40,pose,28,-1,0.4836968183517456,1.2698992490768433,0.22743110358715057
40,pose,29,-1,0.5590294003486633,1.3001641035079956,0.2939496338367462
40,pose,30,-1,0.48153772950172424,1.3085830211639404,0.2439599484205246
40,pose,31,-1,0.5404300093650818,1.358133316040039,0.14471279084682465
40,pose,32,-1,0.49530062079429626,1.3530865907669067,0.06216542422771454
41,hand,0,0,0.4379354417324066,0.742504358291626,-7.695159354170755e-08
41,hand,1,0,0.45399734377861023,0.7527500987052917,-0.002427800092846155
41,hand,2,0,0.4642219543457031,0.7720099091529846,-0.005317290313541889
41,hand,3,0,0.47202247381210327,0.789347231388092,-0.008031262084841728
41,hand,4,0,0.47945255041122437,0.7985574007034302,-0.009961869567632675
41,hand,5,0,0.4498176574707031,0.8052651882171631,-0.005969325080513954
41,hand,6,0,0.4572329819202423,0.8356910347938538,-0.008965657092630863
41,hand,7,0,0.46108317375183105,0.8243489265441895,-0.01053556241095066
41,hand,8,0,0.4600854218006134,0.8115308880805969,-0.010928554460406303
41,hand,9,0,0.4397636651992798,0.8078243136405945,-0.006038188468664885
41,hand,10,0,0.4478794038295746,0.8368984460830688,-0.008220831863582134
41,hand,11,0,0.4519050419330597,0.8282306790351868,-0.008523826487362385
41,hand,12,0,0.45131808519363403,0.8180257678031921,-0.008389856666326523
41,hand,13,0,0.4319314658641815,0.806970477104187,-0.005983529146760702
41,hand,14,0,0.4376881718635559,0.8365586400032043,-0.00730432802811265
41,hand,15,0,0.4420216381549835,0.8308922052383423,-0.005767077207565308
41,hand,16,0,0.44236046075820923,0.8210002779960632,-0.0044319890439510345
41,hand,17,0,0.4266379773616791,0.8041885495185852,-0.005975073669105768
41,hand,18,0,0.43042007088661194,0.8312551379203796,-0.005988847464323044
41,hand,19,0,0.4340997338294983,0.8278660178184509,-0.0034277744125574827
41,hand,20,0,0.4346678555011749,0.8182063698768616,-0.0011519131949171424
41,hand,0,1,0.6075014472007751,0.3795435130596161,1.6663564750274418e-08
41,hand,1,1,0.6097941398620605,0.3436891734600067,-0.00016878182941582054
41,hand,2,1,0.6096951961517334,0.31327709555625916,-0.002304637338966131
41,hand,3,1,0.6124527454376221,0.2884652316570282,-0.005138379521667957
41,hand,4,1,0.6171881556510925,0.2718978822231293,-0.008073314093053341
41,hand,5,1,0.5851285457611084,0.3146076202392578,0.0016594816697761416
41,hand,6,1,0.5729864835739136,0.3082103431224823,0.00040533323772251606
41,hand,7,1,0.5776795744895935,0.31265583634376526,-0.0022241389378905296
41,hand,8,1,0.5838118195533752,0.31775984168052673,-0.003886544844135642
41,hand,9,1,0.5794781446456909,0.329794704914093,0.000613069802056998
41,hand,10,1,0.5726627707481384,0.32330530881881714,0.0016268865438178182
41,hand,11,1,0.5775646567344666,0.3267122507095337,0.000264729285845533
41,hand,12,1,0.5825945138931274,0.33187273144721985,-0.0013628237647935748
41,hand,13,1,0.5772367119789124,0.3463294506072998,-0.0004335368284955621
41,hand,14,1,0.572826623916626,0.33861610293388367,0.001336298300884664
41,hand,15,1,0.5765523910522461,0.34174153208732605,0.0018938168650493026
41,hand,16,1,0.5813249945640564,0.34650540351867676,0.001506941276602447
41,hand,17,1,0.5767072439193726,0.3616994619369507,-0.0017074673669412732
41,hand,18,1,0.5731884241104126,0.35500606894493103,0.0003443265741225332
41,hand,19,1,0.5774447917938232,0.35820189118385315,0.002812829799950123
41,hand,20,1,0.5819910168647766,0.36247438192367554,0.00457673380151391
41,pose,0,-1,0.5195472240447998,0.21728244423866272,-0.40597307682037354
41,pose,1,-1,0.5311023592948914,0.1938599795103073,-0.38208866119384766
41,pose,2,-1,0.5359334945678711,0.19472724199295044,-0.38215720653533936
41,pose,3,-1,0.5406730771064758,0.1959739476442337,-0.3821188509464264
41,pose,4,-1,0.5115444660186768,0.1927509605884552,-0.3797895312309265
41,pose,5,-1,0.5051459074020386,0.1932721734046936,-0.37986257672309875
41,pose,6,-1,0.49923068284988403,0.1942422091960907,-0.37995198369026184
41,pose,7,-1,0.5487576723098755,0.21119475364685059,-0.21630945801734924
41,pose,8,-1,0.493316113948822,0.20989419519901276,-0.22675111889839172
41,pose,9,-1,0.5308631658554077,0.2503017783164978,-0.3447609841823578
41,pose,10,-1,0.5078796148300171,0.2473561018705368,-0.3464715778827667
41,pose,11,-1,0.5854555368423462,0.3659968078136444,-0.10699876397848129
41,pose,12,-1,0.44845151901245117,0.36886513233184814,-0.10234664380550385
41,pose,13,-1,0.6774070262908936,0.5385295748710632,-0.2636129558086395
41,pose,14,-1,0.4165003001689911,0.5784748196601868,-0.03863547742366791
41,pose,15,-1,0.6126384735107422,0.3701202869415283,-0.5752034783363342
41,pose,16,-1,0.4469195604324341,0.7479257583618164,-0.1301308125257492
41,pose,17,-1,0.6021105647087097,0.32262012362480164,-0.643520176410675
41,pose,18,-1,0.4450990855693817,0.8048678636550903,-0.14769843220710754
41,pose,19,-1,0.5990339517593384,0.3110470473766327,-0.615887463092804
41,pose,20,-1,0.458904892206192,0.8030778765678406,-0.18238572776317596
41,pose,21,-1,0.5962833166122437,0.3287125527858734,-0.5715525150299072
41,pose,22,-1,0.4634174406528473,0.7855184078216553,-0.14157290756702423
41,pose,23,-1,0.5585296154022217,0.7508533000946045,-0.0042418078519403934
41,pose,24,-1,0.48094093799591064,0.7418243885040283,0.005040379241108894
41,pose,25,-1,0.5622321367263794,0.9877386093139648,-0.005594258196651936
41,pose,26,-1,0.4826226234436035,1.0167497396469116,-0.002976946998387575
41,pose,27,-1,0.5568625330924988,1.2670447826385498,0.28981906175613403
41,pose,28,-1,0.48401322960853577,1.2693277597427368,0.22303858399391174
41,pose,29,-1,0.559070885181427,1.2994489669799805,0.3125384747982025
41,pose,30,-1,0.481626957654953,1.307998776435852,0.24066945910453796
41,pose,31,-1,0.5410908460617065,1.3585556745529175,0.1650478094816208
41,pose,32,-1,0.4967065751552582,1.3532469272613525,0.05880817398428917
42,hand,0,0,0.4364626407623291,0.7587867379188538,-9.019910862662073e-08
42,hand,1,0,0.45206815004348755,0.7698851823806763,-0.002920802216976881
42,hand,2,0,0.46197012066841125,0.7895637154579163,-0.0062387241050601006
42,hand,3,0,0.4694066345691681,0.807928204536438,-0.009067717008292675
42,hand,4,0,0.47721630334854126,0.8186342120170593,-0.010967467911541462
42,hand,5,0,0.44721463322639465,0.8227736353874207,-0.008241207338869572
42,hand,6,0,0.4546367824077606,0.8542639017105103,-0.010999501682817936
42,hand,7,0,0.45990753173828125,0.8412992358207703,-0.011724262498319149
42,hand,8,0,0.45931753516197205,0.8274802565574646,-0.011597909964621067
42,hand,9,0,0.43720924854278564,0.8257375359535217,-0.007713000755757093
42,hand,10,0,0.44556060433387756,0.8549483418464661,-0.009792104363441467
42,hand,11,0,0.4506499469280243,0.8437726497650146,-0.009032425470650196
42,hand,12,0,0.4495849609375,0.8325753211975098,-0.008284044452011585
42,hand,13,0,0.4293147027492523,0.8244835138320923,-0.0068924399092793465
42,hand,14,0,0.4357941746711731,0.8526064157485962,-0.008071006275713444
42,hand,15,0,0.4406454265117645,0.8442877531051636,-0.005419299006462097
42,hand,16,0,0.44012996554374695,0.8331766128540039,-0.0034873136319220066
42,hand,17,0,0.42376455664634705,0.8211033344268799,-0.006118161603808403
42,hand,18,0,0.42843368649482727,0.8476262092590332,-0.0059922728687524796
42,hand,19,0,0.4327490031719208,0.8423212170600891,-0.0028420197777450085
42,hand,20,0,0.43273547291755676,0.831733763217926,-0.00023280904861167073
42,hand,0,1,0.6106973886489868,0.3831912875175476,-7.891895137390748e-09
42,hand,1,1,0.6134678721427917,0.3515637218952179,-0.0008694299613125622
42,hand,2,1,0.6137136816978455,0.3222784399986267,-0.0034480963367968798
42,hand,3,1,0.6164082884788513,0.2972285747528076,-0.006599036976695061
42,hand,4,1,0.6219733953475952,0.28080105781555176,-0.009778103791177273
42,hand,5,1,0.5873099565505981,0.3181341290473938,-0.0004665607993956655
42,hand,6,1,0.5798212289810181,0.3116037845611572,-0.0017512241611257195
42,hand,7,1,0.5841982960700989,0.31804347038269043,-0.004231749568134546
42,hand,8,1,0.5890644192695618,0.3233514428138733,-0.006097262259572744
42,hand,9,1,0.5808687806129456,0.3333951234817505,-0.0015429097693413496
42,hand,10,1,0.5767863988876343,0.32794806361198425,-0.0005463850102387369
42,hand,11,1,0.5813521146774292,0.33239930868148804,-0.0015161196934059262
42,hand,12,1,0.585594654083252,0.3373475670814514,-0.0030434310901910067
42,hand,13,1,0.5778217911720276,0.35045549273490906,-0.002540452405810356
42,hand,14,1,0.5752097964286804,0.3444053828716278,-0.0011913346825167537
42,hand,15,1,0.579617977142334,0.34812596440315247,-0.00022715642990078777
42,hand,16,1,0.5841155648231506,0.35349297523498535,-0.00031468438101001084
42,hand,17,1,0.5767370462417603,0.3668026030063629,-0.0038090061862021685
42,hand,18,1,0.5748099088668823,0.3615032136440277,-0.002074645133689046
42,hand,19,1,0.578938901424408,0.3644866943359375,0.0005566889303736389
42,hand,20,1,0.5827732086181641,0.36902832984924316,0.002435460686683655
42,pose,0,-1,0.5196864008903503,0.21691074967384338,-0.42303892970085144
42,pose,1,-1,0.531234860420227,0.19367381930351257,-0.3977641761302948
42,pose,2,-1,0.5360043048858643,0.19448953866958618,-0.3978966176509857
42,pose,3,-1,0.540864884853363,0.19569459557533264,-0.3978828191757202
42,pose,4,-1,0.5116344094276428,0.19267728924751282,-0.3995380699634552
42,pose,5,-1,0.5051771998405457,0.19321465492248535,-0.3996344208717346
42,pose,6,-1,0.4992707669734955,0.1942257434129715,-0.39977186918258667
42,pose,7,-1,0.5487681031227112,0.21087922155857086,-0.23144882917404175
42,pose,8,-1,0.49331843852996826,0.20982755720615387,-0.24712172150611877
42,pose,9,-1,0.5310959815979004,0.24982096254825592,-0.36115705966949463
42,pose,10,-1,0.5079585909843445,0.24708715081214905,-0.3655475676059723
42,pose,11,-1,0.5854729413986206,0.3660430312156677,-0.11926020681858063
42,pose,12,-1,0.44829061627388,0.368866503238678,-0.12106199562549591
42,pose,13,-1,0.6771065592765808,0.5416600704193115,-0.291514128446579
42,pose,14,-1,0.41941845417022705,0.579508900642395,-0.05593664199113846
42,pose,15,-1,0.6136392951011658,0.37548133730888367,-0.6166056394577026
42,pose,16,-1,0.4449132978916168,0.7578510046005249,-0.15646830201148987
42,pose,17,-1,0.6013445258140564,0.32963070273399353,-0.6856630444526672
42,pose,18,-1,0.4429648518562317,0.8165268898010254,-0.17492100596427917
42,pose,19,-1,0.6001207828521729,0.31547048687934875,-0.6584970355033875
42,pose,20,-1,0.45655256509780884,0.8161775469779968,-0.21145512163639069
42,pose,21,-1,0.5976716876029968,0.33260443806648254,-0.6124797463417053
42,pose,22,-1,0.4608534276485443,0.7974578738212585,-0.16882266104221344
42,pose,23,-1,0.5585166811943054,0.7504558563232422,-0.004527316428720951
42,pose,24,-1,0.48087161779403687,0.7405861616134644,0.005208452232182026
42,pose,25,-1,0.5597261190414429,0.9858794212341309,-0.006955630611628294
42,pose,26,-1,0.48260465264320374,1.0168925523757935,0.008066841401159763
42,pose,27,-1,0.5542344450950623,1.266156554222107,0.29736703634262085
42,pose,28,-1,0.48367640376091003,1.268769383430481,0.2552185654640198
42,pose,29,-1,0.5555428266525269,1.2977901697158813,0.32113587856292725
42,pose,30,-1,0.48135676980018616,1.3074021339416504,0.2745246887207031
42,pose,31,-1,0.5402241349220276,1.3579797744750977,0.1756029576063156
42,pose,32,-1,0.4965655505657196,1.3527241945266724,0.0944601371884346
43,hand,0,0,0.4336817264556885,0.7745351791381836,-8.930640404969381e-08
43,hand,1,0,0.4497310221195221,0.785697340965271,-0.003739503910765052
43,hand,2,0,0.45899778604507446,0.8065892457962036,-0.00706851202994585
43,hand,3,0,0.4653594493865967,0.8272767663002014,-0.009828932583332062
43,hand,4,0,0.47251370549201965,0.8393554091453552,-0.01167646050453186
43,hand,5,0,0.4429946541786194,0.837806224822998,-0.008737461641430855
43,hand,6,0,0.45167532563209534,0.8706037402153015,-0.011198406107723713
43,hand,7,0,0.4568381905555725,0.8580551743507385,-0.011896050535142422
43,hand,8,0,0.4559168219566345,0.8443616628646851,-0.011920861899852753
43,hand,9,0,0.4334406554698944,0.8399240970611572,-0.007702050730586052
43,hand,10,0,0.44282811880111694,0.8703967332839966,-0.00944514386355877
43,hand,11,0,0.4480801224708557,0.8592022061347961,-0.008852596394717693
43,hand,12,0,0.44689664244651794,0.8477452993392944,-0.008417738601565361
43,hand,13,0,0.4263460636138916,0.8373485803604126,-0.006391635164618492
43,hand,14,0,0.43265336751937866,0.8670315146446228,-0.007717030588537455
43,hand,15,0,0.43800726532936096,0.8595143556594849,-0.0054907300509512424
43,hand,16,0,0.43763935565948486,0.8479913473129272,-0.0038781079929322004
43,hand,17,0,0.42181146144866943,0.8335170745849609,-0.005169869400560856
43,hand,18,0,0.4260832667350769,0.8607506155967712,-0.005651314277201891
43,hand,19,0,0.43081629276275635,0.8573027849197388,-0.0032204673625528812
43,hand,20,0,0.4312232732772827,0.8477253317832947,-0.0011244189226999879
43,hand,0,1,0.6167595386505127,0.3836994171142578,-1.7788870820822922e-08
43,hand,1,1,0.6216673254966736,0.35418471693992615,-0.001227065920829773
43,hand,2,1,0.6229698061943054,0.3267183303833008,-0.004130669869482517
43,hand,3,1,0.6264343857765198,0.30297964811325073,-0.007490761112421751
43,hand,4,1,0.6333246231079102,0.2865634858608246,-0.010792329907417297
43,hand,5,1,0.600849449634552,0.3222227394580841,-0.0027996161952614784
43,hand,6,1,0.5877124071121216,0.3102770447731018,-0.005593535955995321
43,hand,7,1,0.5902524590492249,0.3170185685157776,-0.007978792302310467
43,hand,8,1,0.5960845947265625,0.3234310746192932,-0.009290470741689205
43,hand,9,1,0.5936486124992371,0.3366851210594177,-0.003642202354967594
43,hand,10,1,0.5813978314399719,0.32600530982017517,-0.004325998015701771
43,hand,11,1,0.584722638130188,0.33047762513160706,-0.004709251690655947
43,hand,12,1,0.590407133102417,0.33449044823646545,-0.0053857965394854546
43,hand,13,1,0.5891391634941101,0.351978600025177,-0.004506393801420927
43,hand,14,1,0.5799157619476318,0.340434193611145,-0.004384972155094147
43,hand,15,1,0.5835195779800415,0.3439367115497589,-0.002782039809972048
43,hand,16,1,0.5886751413345337,0.3482058346271515,-0.00207627285271883
43,hand,17,1,0.5866921544075012,0.3660891056060791,-0.005604414734989405
43,hand,18,1,0.580244243144989,0.3563505709171295,-0.00433643814176321
43,hand,19,1,0.5840545296669006,0.35851117968559265,-0.0014532007044181228
43,hand,20,1,0.5885937809944153,0.3621167242527008,0.0005859914235770702
43,pose,0,-1,0.5199679732322693,0.21651457250118256,-0.4640101492404938
43,pose,1,-1,0.5314403772354126,0.1934024840593338,-0.44073739647865295
43,pose,2,-1,0.5361354947090149,0.1941528469324112,-0.4408470690250397
43,pose,3,-1,0.54114830493927,0.19532187283039093,-0.4408618211746216
43,pose,4,-1,0.511860728263855,0.19257310032844543,-0.4441814124584198
43,pose,5,-1,0.5053211450576782,0.19312717020511627,-0.4442838132381439
43,pose,6,-1,0.4994388222694397,0.19417090713977814,-0.4444466531276703
43,pose,7,-1,0.5488382577896118,0.2105618715286255,-0.27669617533683777
43,pose,8,-1,0.49334391951560974,0.20963793992996216,-0.2951614260673523
43,pose,9,-1,0.5314078330993652,0.24921247363090515,-0.4020320773124695
43,pose,10,-1,0.5082269310951233,0.24693118035793304,-0.40743887424468994
43,pose,11,-1,0.5863354206085205,0.3658502399921417,-0.15957094728946686
43,pose,12,-1,0.44818082451820374,0.3688388168811798,-0.17261792719364166
43,pose,13,-1,0.6725290417671204,0.551222026348114,-0.34059226512908936
43,pose,14,-1,0.4233054220676422,0.5800320506095886,-0.10943467170000076
43,pose,15,-1,0.6215388178825378,0.3765956163406372,-0.6800737977027893
43,pose,16,-1,0.4423026442527771,0.76659095287323,-0.21283508837223053
43,pose,17,-1,0.6114876866340637,0.33422550559043884,-0.7523409724235535
43,pose,18,-1,0.4400464594364166,0.8263631463050842,-0.23623459041118622
43,pose,19,-1,0.610450804233551,0.31996452808380127,-0.7273004055023193
43,pose,20,-1,0.45311886072158813,0.8272435665130615,-0.25968846678733826
43,pose,21,-1,0.6074473261833191,0.336753785610199,-0.6776655316352844
43,pose,22,-1,0.4572281241416931,0.8063280582427979,-0.22234374284744263
43,pose,23,-1,0.5583310723304749,0.7468705773353577,-0.003370934398844838
43,pose,24,-1,0.48062795400619507,0.7360169887542725,0.003948337398469448
43,pose,25,-1,0.5559352040290833,0.9807512164115906,0.012223024852573872
43,pose,26,-1,0.48259666562080383,1.0126609802246094,0.01286575011909008
43,pose,27,-1,0.5513162016868591,1.2504186630249023,0.32630613446235657
43,pose,28,-1,0.48227372765541077,1.2550137042999268,0.2561085820198059
43,pose,29,-1,0.5518065690994263,1.2810441255569458,0.35063832998275757
43,pose,30,-1,0.48021164536476135,1.291967749595642,0.282510906457901
43,pose,31,-1,0.5392503142356873,1.3396878242492676,0.20231595635414124
43,pose,32,-1,0.49376437067985535,1.3415004014968872,0.1002500057220459
44,hand,0,0,0.4308525621891022,0.7906900644302368,-8.430825459981861e-08
44,hand,1,0,0.44590914249420166,0.8012204170227051,-0.0042009614408016205
44,hand,2,0,0.4547565281391144,0.8227402567863464,-0.007217147387564182
44,hand,3,0,0.46111077070236206,0.8438785672187805,-0.009590395726263523
44,hand,4,0,0.46679505705833435,0.8599908351898193,-0.010932426899671555
44,hand,5,0,0.44020384550094604,0.8545693159103394,-0.0077239740639925
44,hand,6,0,0.44775620102882385,0.8882375359535217,-0.010730166919529438
44,hand,7,0,0.4549119472503662,0.8811267614364624,-0.011720795184373856
44,hand,8,0,0.45569121837615967,0.8688253164291382,-0.011673951521515846
44,hand,9,0,0.4310553967952728,0.8561303019523621,-0.0063904267735779285
44,hand,10,0,0.4394680857658386,0.8873307108879089,-0.008279755711555481
44,hand,11,0,0.44691890478134155,0.8791148662567139,-0.007723528891801834
44,hand,12,0,0.447581022977829,0.8689309358596802,-0.007110604550689459
44,hand,13,0,0.4243081510066986,0.8534224629402161,-0.005067393183708191
44,hand,14,0,0.43063849210739136,0.8829732537269592,-0.006984972395002842
44,hand,15,0,0.43752428889274597,0.8762020468711853,-0.005000910256057978
44,hand,16,0,0.4381885826587677,0.8653865456581116,-0.0032560706604272127
44,hand,17,0,0.4198169708251953,0.8492130041122437,-0.00386068201623857
44,hand,18,0,0.42453673481941223,0.8768975734710693,-0.004887913353741169
44,hand,19,0,0.4303988218307495,0.8738676309585571,-0.002568313153460622
44,hand,20,0,0.4316619634628296,0.864479660987854,-0.00030832254560664296
44,hand,0,1,0.6238371729850769,0.3953405022621155,-6.710028799261636e-08
44,hand,1,1,0.6282856464385986,0.3688179552555084,-0.0019173604669049382
44,hand,2,1,0.62982177734375,0.3387967050075531,-0.006027004681527615
44,hand,3,1,0.6342095136642456,0.3150576949119568,-0.010349365882575512
44,hand,4,1,0.6408002972602844,0.29862257838249207,-0.01477391179651022
44,hand,5,1,0.6092606782913208,0.328342080116272,-0.007547816261649132
44,hand,6,1,0.5981190800666809,0.3269096314907074,-0.011826357804238796
44,hand,7,1,0.6016584038734436,0.3379244804382324,-0.01499682292342186
44,hand,8,1,0.6075442433357239,0.3427278697490692,-0.017003608867526054
44,hand,9,1,0.6013513803482056,0.34260278940200806,-0.00889459066092968
44,hand,10,1,0.5967234969139099,0.3446888327598572,-0.010925578884780407
44,hand,11,1,0.601475715637207,0.35384052991867065,-0.011630420573055744
44,hand,12,1,0.6070549488067627,0.3574797511100769,-0.012698977254331112
44,hand,13,1,0.5962704420089722,0.3601570725440979,-0.010024840012192726
44,hand,14,1,0.5944691300392151,0.3592945635318756,-0.011163725517690182
44,hand,15,1,0.5990076661109924,0.3665839731693268,-0.009214172139763832
44,hand,16,1,0.6041518449783325,0.3711487948894501,-0.008397726342082024
44,hand,17,1,0.5927688479423523,0.3771934509277344,-0.01145839411765337
44,hand,18,1,0.5931865572929382,0.37525835633277893,-0.011423210613429546
44,hand,19,1,0.5983148217201233,0.38156428933143616,-0.008676829747855663
44,hand,20,1,0.6026248931884766,0.3854740262031555,-0.006549134384840727
44,pose,0,-1,0.5200533270835876,0.215623676776886,-0.47078725695610046
44,pose,1,-1,0.5315281748771667,0.19259747862815857,-0.44809481501579285
44,pose,2,-1,0.5361868739128113,0.1931631714105606,-0.44821178913116455
44,pose,3,-1,0.5412665009498596,0.19422262907028198,-0.44819217920303345
44,pose,4,-1,0.5119296908378601,0.19225960969924927,-0.45059099793434143
44,pose,5,-1,0.5053808093070984,0.19288748502731323,-0.4507296681404114
44,pose,6,-1,0.49952930212020874,0.19398920238018036,-0.45091086626052856
44,pose,7,-1,0.5488889813423157,0.20971103012561798,-0.2835683524608612
44,pose,8,-1,0.4933948516845703,0.20936241745948792,-0.29681259393692017
44,pose,9,-1,0.5315518379211426,0.248062863945961,-0.4085759222507477
44,pose,10,-1,0.5083416700363159,0.24660848081111908,-0.41263625025749207
44,pose,11,-1,0.5893725752830505,0.3677368760108948,-0.16409537196159363
44,pose,12,-1,0.4481777846813202,0.36876192688941956,-0.17558570206165314
44,pose,13,-1,0.6619552969932556,0.5689199566841125,-0.3548530638217926
44,pose,14,-1,0.42793092131614685,0.5820654034614563,-0.11775460094213486
44,pose,15,-1,0.6257277131080627,0.37764793634414673,-0.712011992931366
44,pose,16,-1,0.4391579031944275,0.7759241461753845,-0.22305534780025482
44,pose,17,-1,0.6212796568870544,0.3357006013393402,-0.7834795713424683
44,pose,18,-1,0.43646448850631714,0.8371405601501465,-0.24505257606506348
44,pose,19,-1,0.6214465498924255,0.3223453164100647,-0.7607521414756775
44,pose,20,-1,0.4481746554374695,0.8394496440887451,-0.2768006920814514
44,pose,21,-1,0.6173524260520935,0.3379318416118622,-0.7109171152114868
44,pose,22,-1,0.45250949263572693,0.8192622661590576,-0.23519571125507355
44,pose,23,-1,0.5582218766212463,0.7469131946563721,-0.00353683321736753
44,pose,24,-1,0.47976991534233093,0.7361826300621033,0.0040848166681826115
44,pose,25,-1,0.5531434416770935,0.9808999300003052,0.007708017714321613
44,pose,26,-1,0.48124071955680847,1.0133209228515625,0.010761584155261517
44,pose,27,-1,0.5501534342765808,1.2507967948913574,0.340451717376709
44,pose,28,-1,0.48073408007621765,1.2549211978912354,0.2778383791446686
44,pose,29,-1,0.5505561232566833,1.281450867652893,0.3665790855884552
44,pose,30,-1,0.4788035750389099,1.2915737628936768,0.30512043833732605
44,pose,31,-1,0.5384424328804016,1.340523362159729,0.21712997555732727
44,pose,32,-1,0.4925065040588379,1.3416297435760498,0.11746203154325485
45,hand,0,0,0.42784661054611206,0.804779052734375,-9.582400650742784e-08
45,hand,1,0,0.4429481327533722,0.8160150647163391,-0.003470363561064005
45,hand,2,0,0.4509543776512146,0.8404509425163269,-0.005511361639946699
45,hand,3,0,0.45613405108451843,0.8633890151977539,-0.007052904460579157
45,hand,4,0,0.4614611566066742,0.8804605007171631,-0.007568045984953642
45,hand,5,0,0.43663227558135986,0.870655357837677,-0.0057205744087696075
45,hand,6,0,0.44421982765197754,0.9036263823509216,-0.008452313020825386
45,hand,7,0,0.45200350880622864,0.8983604311943054,-0.009338955394923687
45,hand,8,0,0.45411232113838196,0.8870849609375,-0.00908951461315155
45,hand,9,0,0.4273945689201355,0.8717721700668335,-0.004648494999855757
45,hand,10,0,0.4359992742538452,0.9025342464447021,-0.006176276598125696
45,hand,11,0,0.4443172216415405,0.8958473801612854,-0.005578516982495785
45,hand,12,0,0.4461093246936798,0.8861466646194458,-0.004834003280848265
45,hand,13,0,0.42091843485832214,0.868902325630188,-0.0036928250920027494
45,hand,14,0,0.4278976321220398,0.8994188904762268,-0.005304936785250902
45,hand,15,0,0.43579837679862976,0.8944382071495056,-0.0034863315522670746
45,hand,16,0,0.43780025839805603,0.8848829865455627,-0.0017966366140171885
45,hand,17,0,0.41699647903442383,0.8646805286407471,-0.002861394314095378
45,hand,18,0,0.42128413915634155,0.8931205868721008,-0.0034407211933285
45,hand,19,0,0.42798173427581787,0.8925963044166565,-0.001235688803717494
45,hand,20,0,0.4305734932422638,0.8846877217292786,0.0009204092784784734
45,hand,0,1,0.6217046976089478,0.4101537764072418,-4.624318705737096e-08
45,hand,1,1,0.6312469244003296,0.3875653147697449,-0.006265538744628429
45,hand,2,1,0.6343549489974976,0.3616514503955841,-0.00983937457203865
45,hand,3,1,0.6388120651245117,0.3367452323436737,-0.012524237856268883
45,hand,4,1,0.6452213525772095,0.319438099861145,-0.015206056647002697
45,hand,5,1,0.6100119352340698,0.3518446683883667,-0.005248724482953548
45,hand,6,1,0.6048693060874939,0.35341498255729675,-0.007561495993286371
45,hand,7,1,0.6065577864646912,0.3602173328399658,-0.011105411686003208
45,hand,8,1,0.6092579960823059,0.3652976155281067,-0.013668783940374851
45,hand,9,1,0.6018616557121277,0.3621480464935303,-0.003235576907172799
45,hand,10,1,0.599490225315094,0.366254061460495,-0.003710959106683731
45,hand,11,1,0.6025868654251099,0.3723081350326538,-0.006190007086843252
45,hand,12,1,0.6058312654495239,0.3780926465988159,-0.008596940897405148
45,hand,13,1,0.5968650579452515,0.3743121325969696,-0.0014672353863716125
45,hand,14,1,0.5942513346672058,0.37590184807777405,-0.001816176692955196
45,hand,15,1,0.5970221161842346,0.37998783588409424,-0.00247676158323884
45,hand,16,1,0.6002472043037415,0.3838728368282318,-0.003367528086528182
45,hand,17,1,0.5935050249099731,0.38585010170936584,-0.00026088007143698633
45,hand,18,1,0.5909414887428284,0.3867425322532654,-0.00025264249416068196
45,hand,19,1,0.5934056639671326,0.3910072445869446,0.0011007426073774695
45,hand,20,1,0.5963044166564941,0.39525559544563293,0.002222266048192978
45,pose,0,-1,0.5200710892677307,0.21543610095977783,-0.4794100224971771
45,pose,1,-1,0.5315330028533936,0.19243073463439941,-0.45755717158317566
45,pose,2,-1,0.5361893177032471,0.1929633915424347,-0.45767340064048767
45,pose,3,-1,0.5412694215774536,0.194003164768219,-0.4576469361782074
45,pose,4,-1,0.5119432806968689,0.19221587479114532,-0.46028485894203186
45,pose,5,-1,0.5053972601890564,0.19286863505840302,-0.46040233969688416
45,pose,6,-1,0.4995505213737488,0.19397732615470886,-0.4605913460254669
45,pose,7,-1,0.5489251017570496,0.2096240371465683,-0.29455089569091797
45,pose,8,-1,0.4934174120426178,0.20932844281196594,-0.30886518955230713
45,pose,9,-1,0.5315844416618347,0.2479189783334732,-0.4178485572338104
45,pose,10,-1,0.5083723664283752,0.24659192562103271,-0.4221321642398834
45,pose,11,-1,0.5902336239814758,0.3705933392047882,-0.17685715854167938
45,pose,12,-1,0.4481343924999237,0.3688361942768097,-0.18404005467891693
45,pose,13,-1,0.6483587026596069,0.5862980484962463,-0.36717310547828674
45,pose,14,-1,0.43291571736335754,0.5864344239234924,-0.12026066333055496
45,pose,15,-1,0.6241478323936462,0.4021363854408264,-0.7265148758888245
45,pose,16,-1,0.43574783205986023,0.786670446395874,-0.21494083106517792
45,pose,17,-1,0.6215159296989441,0.355728417634964,-0.7965561747550964
45,pose,18,-1,0.431650310754776,0.8504395484924316,-0.23243063688278198
45,pose,19,-1,0.6242374181747437,0.33538129925727844,-0.7765780091285706
45,pose,20,-1,0.44126540422439575,0.8531239032745361,-0.2747857868671417
45,pose,21,-1,0.6188705563545227,0.35389629006385803,-0.7265463471412659
45,pose,22,-1,0.44516703486442566,0.8332777619361877,-0.23019857704639435
45,pose,23,-1,0.5580788254737854,0.7467373609542847,-0.0038673996459692717
45,pose,24,-1,0.4789156913757324,0.736269474029541,0.004398035816848278
45,pose,25,-1,0.5533549785614014,1.0167803764343262,0.010282914154231548
45,pose,26,-1,0.4792020618915558,1.0155584812164307,0.030053289607167244
45,pose,27,-1,0.5480000972747803,1.2521014213562012,0.33742430806159973
45,pose,28,-1,0.4783680737018585,1.255372405052185,0.3334205746650696
45,pose,29,-1,0.5486814975738525,1.2829086780548096,0.36240217089653015
45,pose,30,-1,0.4766554832458496,1.2919249534606934,0.3580109775066376
45,pose,31,-1,0.5350059270858765,1.3425776958465576,0.20760546624660492
45,pose,32,-1,0.48905667662620544,1.3436578512191772,0.172108456492424
46,hand,0,0,0.4257082939147949,0.8177265524864197,-7.780234767551519e-08
46,hand,1,0,0.44009649753570557,0.8306294083595276,-0.003995161969214678
46,hand,2,0,0.4467179477214813,0.8558530211448669,-0.005924763157963753
46,hand,3,0,0.45025694370269775,0.8804067373275757,-0.007198362611234188
46,hand,4,0,0.45495232939720154,0.8984934091567993,-0.00743727246299386
46,hand,5,0,0.4325481951236725,0.8813601732254028,-0.006124552339315414
46,hand,6,0,0.4389992356300354,0.9157111644744873,-0.008925051428377628
46,hand,7,0,0.446120947599411,0.9161580801010132,-0.009690734557807446
46,hand,8,0,0.4487970173358917,0.9084861278533936,-0.009300291538238525
46,hand,9,0,0.42321208119392395,0.882570207118988,-0.004671553615480661
46,hand,10,0,0.4304654598236084,0.9152011871337891,-0.0065366229973733425
46,hand,11,0,0.43820375204086304,0.9130167365074158,-0.005901691038161516
46,hand,12,0,0.44086506962776184,0.9050832390785217,-0.004980204626917839
46,hand,13,0,0.4169447720050812,0.8800992965698242,-0.003372433129698038
46,hand,14,0,0.4225168526172638,0.9112512469291687,-0.00493897357955575
46,hand,15,0,0.4298892021179199,0.9108000993728638,-0.0030222763307392597
46,hand,16,0,0.4328139126300812,0.9039723873138428,-0.0012117655714973807
46,hand,17,0,0.41320526599884033,0.8762393593788147,-0.0023144467268139124
46,hand,18,0,0.4159623682498932,0.9041128158569336,-0.002915928838774562
46,hand,19,0,0.42241430282592773,0.9081022143363953,-0.001098142471164465
46,hand,20,0,0.4261707067489624,0.904035210609436,0.0007966316770762205
46,pose,0,-1,0.5200725197792053,0.21603256464004517,-0.5209004282951355
46,pose,1,-1,0.5315104722976685,0.19298002123832703,-0.5019043684005737
46,pose,2,-1,0.5361451506614685,0.19348987936973572,-0.5020397305488586
46,pose,3,-1,0.541198194026947,0.19444838166236877,-0.5020321011543274
46,pose,4,-1,0.5119462013244629,0.1926870346069336,-0.5060741305351257
46,pose,5,-1,0.5054001212120056,0.19334888458251953,-0.5062018632888794
46,pose,6,-1,0.49955514073371887,0.19438818097114563,-0.506411612033844
46,pose,7,-1,0.5488975048065186,0.20973919332027435,-0.33620935678482056
46,pose,8,-1,0.49339258670806885,0.2093771994113922,-0.3568194806575775
46,pose,9,-1,0.5315492153167725,0.24809400737285614,-0.4566909670829773
46,pose,10,-1,0.5083476305007935,0.24683301150798798,-0.4628550112247467
46,pose,11,-1,0.5901798605918884,0.37053048610687256,-0.2061471790075302
46,pose,12,-1,0.4476498067378998,0.3689941465854645,-0.22096139192581177
46,pose,13,-1,0.6323124766349792,0.5926963090896606,-0.4017949402332306
46,pose,14,-1,0.4394128918647766,0.5888034701347351,-0.1564478874206543
46,pose,15,-1,0.6239373087882996,0.42761749029159546,-0.7832228541374207
46,pose,16,-1,0.4335939586162567,0.7994416952133179,-0.2357327938079834
46,pose,17,-1,0.627656102180481,0.3834434747695923,-0.8540881276130676
46,pose,18,-1,0.4272359311580658,0.8618090152740479,-0.24042020738124847
46,pose,19,-1,0.6312772035598755,0.36460578441619873,-0.8389521837234497
46,pose,20,-1,0.43557074666023254,0.8635964393615723,-0.3027747869491577
46,pose,21,-1,0.624233603477478,0.37921109795570374,-0.7858057022094727
46,pose,22,-1,0.44012150168418884,0.8455694913864136,-0.25597164034843445
46,pose,23,-1,0.5580706000328064,0.7449488043785095,-0.0037710564211010933
46,pose,24,-1,0.47820746898651123,0.7363595366477966,0.00428896676748991
46,pose,25,-1,0.5522705912590027,1.0024970769882202,0.006741978228092194
46,pose,26,-1,0.4792243540287018,1.0172805786132812,0.022333933040499687
46,pose,27,-1,0.5482731461524963,1.2522698640823364,0.3401472866535187
46,pose,28,-1,0.47849032282829285,1.257249355316162,0.3245956003665924
46,pose,29,-1,0.5494071245193481,1.2832711935043335,0.3653610348701477
46,pose,30,-1,0.4767780900001526,1.2939720153808594,0.347907692193985
46,pose,31,-1,0.5351120233535767,1.3472826480865479,0.20495934784412384
46,pose,32,-1,0.48935794830322266,1.3491108417510986,0.1596401184797287
47,hand,0,0,0.42337170243263245,0.8271142840385437,-3.5895478589509366e-08
47,hand,1,0,0.4376136362552643,0.841956615447998,-0.003721402259543538
47,hand,2,0,0.442958265542984,0.8692272901535034,-0.005379929207265377
47,hand,3,0,0.4449172914028168,0.8951900601387024,-0.006197379902005196
47,hand,4,0,0.44893893599510193,0.9144377112388611,-0.005975262261927128
47,hand,5,0,0.4300783574581146,0.8899934887886047,-0.005945770535618067
47,hand,6,0,0.4328508675098419,0.9245942831039429,-0.008084927685558796
47,hand,7,0,0.43860578536987305,0.9324978590011597,-0.007999708876013756
47,hand,8,0,0.4419786036014557,0.9313462376594543,-0.006976996082812548
47,hand,9,0,0.4202255606651306,0.89077228307724,-0.004603075794875622
47,hand,10,0,0.4232524633407593,0.9268608093261719,-0.0059151905588805676
47,hand,11,0,0.430050790309906,0.9318105578422546,-0.004357103258371353
47,hand,12,0,0.4340064227581024,0.9281159043312073,-0.0025089620612561703
47,hand,13,0,0.4136645793914795,0.8884086012840271,-0.0034266046714037657
47,hand,14,0,0.4160291850566864,0.9211261868476868,-0.0041339341551065445
47,hand,15,0,0.42257916927337646,0.9270809292793274,-0.0015986213693395257
47,hand,16,0,0.42668965458869934,0.9250173568725586,0.0007009330438449979
47,hand,17,0,0.4098309874534607,0.8843587636947632,-0.0025955529417842627
47,hand,18,0,0.4101252853870392,0.911131739616394,-0.002669457346200943
47,hand,19,0,0.4155387878417969,0.9200561046600342,-0.0008331232820637524
47,hand,20,0,0.4201340079307556,0.9207972288131714,0.0011233235709369183
47,pose,0,-1,0.5199587345123291,0.21607540547847748,-0.5249902009963989
47,pose,1,-1,0.5313804745674133,0.19307567179203033,-0.5046955943107605
47,pose,2,-1,0.5360198616981506,0.19357934594154358,-0.5047997236251831
47,pose,3,-1,0.5409931540489197,0.1945151537656784,-0.504771888256073
47,pose,4,-1,0.5118446946144104,0.19279177486896515,-0.5081308484077454
47,pose,5,-1,0.5053127408027649,0.19348008930683136,-0.5082300901412964
47,pose,6,-1,0.49946874380111694,0.1944798231124878,-0.508438766002655
47,pose,7,-1,0.5487592816352844,0.2097080945968628,-0.3375681936740875
47,pose,8,-1,0.49334800243377686,0.20937715470790863,-0.35313063859939575
47,pose,9,-1,0.5314092636108398,0.24809715151786804,-0.4612819254398346
47,pose,10,-1,0.5081754326820374,0.24683859944343567,-0.46599942445755005
47,pose,11,-1,0.5899331569671631,0.3704982101917267,-0.20901234447956085
47,pose,12,-1,0.44759294390678406,0.37000572681427,-0.21912671625614166
47,pose,13,-1,0.6211443543434143,0.5913994312286377,-0.3862304091453552
47,pose,14,-1,0.4431699216365814,0.59264075756073,-0.15760737657546997
47,pose,15,-1,0.6275627613067627,0.4907330572605133,-0.7740811705589294
47,pose,16,-1,0.43188410997390747,0.8113625049591064,-0.24796080589294434
47,pose,17,-1,0.637003481388092,0.4458868205547333,-0.8447321653366089
47,pose,18,-1,0.4244106709957123,0.8714830875396729,-0.2555609941482544
47,pose,19,-1,0.6506142020225525,0.4250965416431427,-0.8406897783279419
47,pose,20,-1,0.43229907751083374,0.8727902770042419,-0.3168978691101074
47,pose,21,-1,0.641329824924469,0.43770578503608704,-0.7816641330718994
47,pose,22,-1,0.4371405839920044,0.855643093585968,-0.26851528882980347
47,pose,23,-1,0.5584756135940552,0.7441869378089905,-0.004086838103830814
47,pose,24,-1,0.4782814383506775,0.7366229891777039,0.004609575029462576
47,pose,25,-1,0.5524886846542358,0.9965957999229431,0.00044841825729236007
47,pose,26,-1,0.4792361259460449,1.0216411352157593,0.029620440676808357
47,pose,27,-1,0.5499159097671509,1.2526060342788696,0.3445439040660858
47,pose,28,-1,0.4786088764667511,1.261788010597229,0.3452674448490143
47,pose,29,-1,0.5499274134635925,1.2833342552185059,0.3699517548084259
47,pose,30,-1,0.47689199447631836,1.2991012334823608,0.3687085211277008
47,pose,31,-1,0.5357621312141418,1.3521326780319214,0.20084290206432343
47,pose,32,-1,0.4893730878829956,1.3548029661178589,0.17283113300800323
48,hand,0,0,0.42262551188468933,0.8321481943130493,-2.090768091989048e-08
48,hand,1,0,0.4362211227416992,0.8502276539802551,-0.0029308416415005922
48,hand,2,0,0.44043877720832825,0.8789169192314148,-0.004168998915702105
48,hand,3,0,0.4416263997554779,0.9057958722114563,-0.004628291819244623
48,hand,4,0,0.4445994794368744,0.9265573024749756,-0.004169810097664595
48,hand,5,0,0.4263595640659332,0.8988180756568909,-0.004372083581984043
48,hand,6,0,0.42622610926628113,0.9325611591339111,-0.006084294058382511
48,hand,7,0,0.4307354986667633,0.9433490633964539,-0.006245035212486982
48,hand,8,0,0.4344942569732666,0.9456924796104431,-0.005467054899781942
48,hand,9,0,0.4170047640800476,0.8967990279197693,-0.0032565677538514137
48,hand,10,0,0.4178670644760132,0.9324236512184143,-0.003842488396912813
48,hand,11,0,0.42366307973861694,0.9424561262130737,-0.0026792273856699467
48,hand,12,0,0.4282104969024658,0.9436493515968323,-0.0013881101040169597
48,hand,13,0,0.41076990962028503,0.8922728896141052,-0.0022841033060103655
48,hand,14,0,0.41117361187934875,0.9245150685310364,-0.0024529811926186085
48,hand,15,0,0.41681742668151855,0.9351197481155396,-0.0006179898045957088
48,hand,16,0,0.42145299911499023,0.9373560547828674,0.0010263510048389435
48,hand,17,0,0.40693026781082153,0.8868002891540527,-0.00155480089597404
48,hand,18,0,0.4059095084667206,0.9133296012878418,-0.0010693240910768509
48,hand,19,0,0.41014447808265686,0.9244577288627625,0.0006374134682118893
48,hand,20,0,0.41460877656936646,0.9278697967529297,0.0023499990347772837
48,pose,0,-1,0.5198036432266235,0.21607710421085358,-0.544437825679779
48,pose,1,-1,0.5311177372932434,0.19312573969364166,-0.5243526101112366
48,pose,2,-1,0.5357692837715149,0.19365336000919342,-0.5245229601860046
48,pose,3,-1,0.5405648350715637,0.19459465146064758,-0.5245376825332642
48,pose,4,-1,0.5117658972740173,0.192814439535141,-0.5246063470840454
48,pose,5,-1,0.505266547203064,0.19350868463516235,-0.524723470211029
48,pose,6,-1,0.4994402825832367,0.1945018172264099,-0.5249494910240173
48,pose,7,-1,0.5484379529953003,0.20973308384418488,-0.35756105184555054
48,pose,8,-1,0.4933326542377472,0.20937806367874146,-0.3587096035480499
48,pose,9,-1,0.5312303900718689,0.2481003701686859,-0.4807259440422058
48,pose,10,-1,0.5080174803733826,0.24683856964111328,-0.4808869957923889
48,pose,11,-1,0.5898120403289795,0.37062427401542664,-0.23606103658676147
48,pose,12,-1,0.4475652277469635,0.3713396191596985,-0.21685051918029785
48,pose,13,-1,0.6113620400428772,0.5892789959907532,-0.37814319133758545
48,pose,14,-1,0.4454715847969055,0.5934039354324341,-0.14968271553516388
48,pose,15,-1,0.6263244152069092,0.5816319584846497,-0.7686653733253479
48,pose,16,-1,0.43173637986183167,0.8115603923797607,-0.25974053144454956
48,pose,17,-1,0.6339136958122253,0.5774099826812744,-0.8438570499420166
48,pose,18,-1,0.42430436611175537,0.8733325600624084,-0.28040948510169983
48,pose,19,-1,0.6407560706138611,0.5662850737571716,-0.8566396236419678
48,pose,20,-1,0.4300621747970581,0.8776434063911438,-0.3383721709251404
48,pose,21,-1,0.6327014565467834,0.5631628036499023,-0.7822893857955933
48,pose,22,-1,0.43489789962768555,0.857731282711029,-0.2817542254924774
48,pose,23,-1,0.5584718585014343,0.7434353828430176,-0.008305106312036514
48,pose,24,-1,0.4783758819103241,0.7367583513259888,0.00879928469657898
48,pose,25,-1,0.5526074767112732,0.9921499490737915,-0.010193854570388794
48,pose,26,-1,0.4797363877296448,1.0214354991912842,0.051073238253593445
48,pose,27,-1,0.5500528216362,1.2453546524047852,0.32331714034080505
48,pose,28,-1,0.478480726480484,1.257772445678711,0.36846256256103516
48,pose,29,-1,0.5497528314590454,1.2746773958206177,0.3457973301410675
48,pose,30,-1,0.4770127832889557,1.2911282777786255,0.3918924629688263
48,pose,31,-1,0.5395008325576782,1.336754322052002,0.17332729697227478
48,pose,32,-1,0.48512953519821167,1.3508427143096924,0.20488323271274567
49,hand,0,0,0.4222921133041382,0.8369035124778748,-1.9462303768591482e-08
49,hand,1,0,0.4354758858680725,0.8558919429779053,-0.0031243206467479467
49,hand,2,0,0.4394375681877136,0.8841824531555176,-0.004797412548214197
49,hand,3,0,0.44009867310523987,0.9106916785240173,-0.005574190057814121
49,hand,4,0,0.4429459273815155,0.930816650390625,-0.005402088165283203
49,hand,5,0,0.42532074451446533,0.9041182398796082,-0.0061420174315571785
49,hand,6,0,0.42409196496009827,0.939205527305603,-0.008306972682476044
49,hand,7,0,0.4288522005081177,0.9504373073577881,-0.008348800241947174
49,hand,8,0,0.43298810720443726,0.9525071978569031,-0.007378672249615192
49,hand,9,0,0.4159408211708069,0.9007237553596497,-0.005062009673565626
49,hand,10,0,0.41624224185943604,0.9376923441886902,-0.006609738804399967
49,hand,11,0,0.4219871461391449,0.9492730498313904,-0.0055490885861217976
49,hand,12,0,0.42689254879951477,0.9512767195701599,-0.004173582419753075
49,hand,13,0,0.409859836101532,0.8950121998786926,-0.004024200607091188
49,hand,14,0,0.4097661077976227,0.9286593198776245,-0.004843859933316708
49,hand,15,0,0.4150178134441376,0.9412064552307129,-0.0031921574845910072
49,hand,16,0,0.4199158847332001,0.944713830947876,-0.0015317765064537525
49,hand,17,0,0.4062763750553131,0.888820230960846,-0.0031729734037071466
49,hand,18,0,0.4050198197364807,0.9162966012954712,-0.0030974026303738356
49,hand,19,0,0.40880537033081055,0.9294453263282776,-0.0015890253707766533
49,hand,20,0,0.4132416248321533,0.9347292184829712,5.0445712986402214e-05
49,pose,0,-1,0.5189153552055359,0.21612796187400818,-0.5438303351402283
49,pose,1,-1,0.530340313911438,0.19330251216888428,-0.5245513319969177
49,pose,2,-1,0.5352502465248108,0.19383907318115234,-0.5247005820274353
49,pose,3,-1,0.5397863984107971,0.19479987025260925,-0.5247504115104675
49,pose,4,-1,0.5110460519790649,0.19300518929958344,-0.5265472531318665
49,pose,5,-1,0.5046765804290771,0.19371762871742249,-0.5266721248626709
49,pose,6,-1,0.49882805347442627,0.19465939700603485,-0.5268744230270386
49,pose,7,-1,0.5480827689170837,0.20991773903369904,-0.3655608594417572
49,pose,8,-1,0.4931597113609314,0.20939141511917114,-0.3756478726863861
49,pose,9,-1,0.5305129289627075,0.24813634157180786,-0.48168879747390747
49,pose,10,-1,0.5071017742156982,0.2468831092119217,-0.4843010902404785
49,pose,11,-1,0.5897552967071533,0.3711242079734802,-0.2380351424217224
49,pose,12,-1,0.44756242632865906,0.3729947805404663,-0.2518189251422882
49,pose,13,-1,0.6013113856315613,0.5763083696365356,-0.24019566178321838
49,pose,14,-1,0.4460172653198242,0.5936689972877502,-0.18637418746948242
49,pose,15,-1,0.6252472996711731,0.6624647974967957,-0.47550442814826965
49,pose,16,-1,0.43294063210487366,0.8041078448295593,-0.30325204133987427
49,pose,17,-1,0.6312874555587769,0.6983960270881653,-0.5300758481025696
49,pose,18,-1,0.42625200748443604,0.865356981754303,-0.337165892124176
49,pose,19,-1,0.6356398463249207,0.6977193355560303,-0.5709635019302368
49,pose,20,-1,0.43145257234573364,0.8701921701431274,-0.3908708989620209
49,pose,21,-1,0.6291620135307312,0.6835157871246338,-0.4972918629646301
49,pose,22,-1,0.4363843500614166,0.8482806086540222,-0.3259809911251068
49,pose,23,-1,0.5581108331680298,0.7382856011390686,-0.004539477173238993
49,pose,24,-1,0.4786543846130371,0.7338536977767944,0.004913432989269495
49,pose,25,-1,0.5527459979057312,0.9831510186195374,-0.030207762494683266
49,pose,26,-1,0.48181506991386414,1.015407919883728,0.013238447718322277
49,pose,27,-1,0.5498544573783875,1.2188611030578613,0.30707603693008423
49,pose,28,-1,0.4796205759048462,1.2403714656829834,0.30882278084754944
49,pose,29,-1,0.548709511756897,1.2442238330841064,0.33131831884384155
49,pose,30,-1,0.47949865460395813,1.2675353288650513,0.3298419713973999
49,pose,31,-1,0.5423986911773682,1.3059194087982178,0.17418226599693298
49,pose,32,-1,0.48537003993988037,1.3320614099502563,0.1549794226884842
50,hand,0,0,0.4221111834049225,0.8351807594299316,-1.3038502721940404e-08
50,hand,1,0,0.4358992874622345,0.853725254535675,-0.004300873726606369
50,hand,2,0,0.4399590790271759,0.882529079914093,-0.006034485530108213
50,hand,3,0,0.440714031457901,0.9097452163696289,-0.00675521744415164
50,hand,4,0,0.4437111020088196,0.9307196140289307,-0.006646706257015467
50,hand,5,0,0.42491066455841064,0.9045841097831726,-0.0047177765518426895
50,hand,6,0,0.4247598648071289,0.9382516145706177,-0.006290652323514223
50,hand,7,0,0.42813464999198914,0.9512922167778015,-0.006750837899744511
50,hand,8,0,0.43159425258636475,0.9562904238700867,-0.006318873725831509
50,hand,9,0,0.4155273735523224,0.901206910610199,-0.0029807293321937323
50,hand,10,0,0.4163320064544678,0.9367086887359619,-0.003854114096611738
50,hand,11,0,0.42114967107772827,0.9506612420082092,-0.0035789438989013433
50,hand,12,0,0.4261907935142517,0.9556138515472412,-0.0029835824389010668
50,hand,13,0,0.40981531143188477,0.8952118158340454,-0.0014778744662180543
50,hand,14,0,0.4103369116783142,0.9280230402946472,-0.0022416142746806145
50,hand,15,0,0.4147476553916931,0.9429119825363159,-0.001727891736663878
50,hand,16,0,0.419762521982193,0.9493395090103149,-0.0009506008354946971
50,hand,17,0,0.4071146845817566,0.8890615701675415,-0.00024324131663888693
50,hand,18,0,0.40657731890678406,0.9160063862800598,-0.0005980271962471306
50,hand,19,0,0.41002631187438965,0.9306759238243103,0.00012063790200045332
50,hand,20,0,0.41464540362358093,0.9383840560913086,0.001147783943451941
50,pose,0,-1,0.5176323056221008,0.21606357395648956,-0.5541443228721619
50,pose,1,-1,0.5293614268302917,0.19330374896526337,-0.5355103015899658
50,pose,2,-1,0.5346700549125671,0.19384171068668365,-0.5356336832046509
50,pose,3,-1,0.5390151739120483,0.19480206072330475,-0.5357129573822021
50,pose,4,-1,0.5100218057632446,0.19302265346050262,-0.5388222932815552
50,pose,5,-1,0.5038148760795593,0.19374176859855652,-0.5389576554298401
50,pose,6,-1,0.49797025322914124,0.19466941058635712,-0.5391616225242615
50,pose,7,-1,0.5477879047393799,0.2099343091249466,-0.3770589232444763
50,pose,8,-1,0.4929408133029938,0.20939067006111145,-0.39331570267677307
50,pose,9,-1,0.529599666595459,0.24809259176254272,-0.4915398955345154
50,pose,10,-1,0.5059301853179932,0.2468743473291397,-0.4959997832775116
50,pose,11,-1,0.5898102521896362,0.3712382912635803,-0.23491255939006805
50,pose,12,-1,0.44742852449417114,0.3751266300678253,-0.2779383659362793
50,pose,13,-1,0.6020992398262024,0.5768975615501404,-0.13720406591892242
50,pose,14,-1,0.4465906322002411,0.594012975692749,-0.2182122766971588
50,pose,15,-1,0.6251819133758545,0.7413615584373474,-0.26048481464385986
50,pose,16,-1,0.43351608514785767,0.8084573149681091,-0.33876293897628784
50,pose,17,-1,0.6303488612174988,0.7963991165161133,-0.29985693097114563
50,pose,18,-1,0.4274516701698303,0.8668714165687561,-0.37759727239608765
50,pose,19,-1,0.6337792277336121,0.7995843887329102,-0.34686723351478577
50,pose,20,-1,0.4325276017189026,0.8725029826164246,-0.4329148530960083
50,pose,21,-1,0.6272799968719482,0.7848219871520996,-0.2816878855228424
50,pose,22,-1,0.43706852197647095,0.8515718579292297,-0.362764835357666
50,pose,23,-1,0.558010458946228,0.7382522821426392,0.0047308881767094135
50,pose,24,-1,0.4787437617778778,0.7340356707572937,-0.004462157376110554
50,pose,25,-1,0.5533283948898315,0.9788780212402344,-0.0001509202120359987
50,pose,26,-1,0.4843035638332367,1.013472557067871,0.009925530292093754
50,pose,27,-1,0.5511184930801392,1.2180304527282715,0.3545283377170563
50,pose,28,-1,0.48130831122398376,1.2392317056655884,0.29138243198394775
50,pose,29,-1,0.5489094853401184,1.2417957782745361,0.3812166452407837
50,pose,30,-1,0.48121100664138794,1.267263650894165,0.3121352195739746
50,pose,31,-1,0.5461450815200806,1.3084001541137695,0.23450779914855957
50,pose,32,-1,0.4862213730812073,1.3273992538452148,0.12727008759975433
51,hand,0,0,0.42253512144088745,0.8355461359024048,-3.6713654338882407e-09
51,hand,1,0,0.43673577904701233,0.8531080484390259,-0.005492247641086578
51,hand,2,0,0.44153282046318054,0.8814284801483154,-0.0070671141147613525
51,hand,3,0,0.4426864683628082,0.9087643623352051,-0.007326924242079258
51,hand,4,0,0.4455376863479614,0.9296155571937561,-0.006722379941493273
51,hand,5,0,0.42577284574508667,0.9047268629074097,-0.00354150403290987
51,hand,6,0,0.42728227376937866,0.938186764717102,-0.004196959547698498
51,hand,7,0,0.43008139729499817,0.9527673721313477,-0.004639303311705589
51,hand,8,0,0.4327630400657654,0.9612691402435303,-0.004451659973710775
51,hand,9,0,0.416641503572464,0.9026102423667908,-0.0007092948071658611
51,hand,10,0,0.4188021123409271,0.9366445541381836,-0.00023600694839842618
51,hand,11,0,0.4229619801044464,0.9514941573143005,1.1471845027699601e-05
51,hand,12,0,0.4271272122859955,0.9590795636177063,0.0002751352731138468
51,hand,13,0,0.4113117754459381,0.898032009601593,0.001703183283098042
51,hand,14,0,0.41326332092285156,0.9285383820533752,0.001868768478743732
51,hand,15,0,0.41750550270080566,0.9435051083564758,0.001956562278792262
51,hand,16,0,0.42199164628982544,0.9515765905380249,0.002208585385233164
51,hand,17,0,0.40891212224960327,0.8936676383018494,0.0037095085717737675
51,hand,18,0,0.41012173891067505,0.9191436767578125,0.0037686217110604048
51,hand,19,0,0.4139220416545868,0.9330257177352905,0.004155751783400774
51,hand,20,0,0.4183865487575531,0.9409695267677307,0.004826109390705824
51,pose,0,-1,0.5171239376068115,0.2161204069852829,-0.5837892293930054
51,pose,1,-1,0.5287806391716003,0.19338497519493103,-0.5658469796180725
51,pose,2,-1,0.534267246723175,0.19389991462230682,-0.5659569501876831
51,pose,3,-1,0.5384683012962341,0.19483643770217896,-0.5660361647605896
51,pose,4,-1,0.5095345377922058,0.19323913753032684,-0.5685672760009766
51,pose,5,-1,0.5034140348434448,0.19399601221084595,-0.5686976313591003
51,pose,6,-1,0.4975728690624237,0.194932222366333,-0.5688878297805786
51,pose,7,-1,0.5474834442138672,0.20992223918437958,-0.40598630905151367
51,pose,8,-1,0.4928385317325592,0.20945042371749878,-0.420727401971817
51,pose,9,-1,0.5291646122932434,0.24809403717517853,-0.52006995677948
51,pose,10,-1,0.5056217312812805,0.2469303011894226,-0.5242826342582703
51,pose,11,-1,0.5899057388305664,0.3712717890739441,-0.2609712481498718
51,pose,12,-1,0.44742530584335327,0.37579670548439026,-0.3000139892101288
51,pose,13,-1,0.6023407578468323,0.5806664824485779,-0.16062283515930176
51,pose,14,-1,0.44834768772125244,0.5941348671913147,-0.2364543378353119
51,pose,15,-1,0.6239400506019592,0.7844418287277222,-0.2742629647254944
51,pose,16,-1,0.4336245357990265,0.8076345920562744,-0.3509981036186218
51,pose,17,-1,0.6287438273429871,0.8495666980743408,-0.3143167197704315
51,pose,18,-1,0.4284607172012329,0.8643314242362976,-0.3895302712917328
51,pose,19,-1,0.6270090341567993,0.8551144003868103,-0.3585209250450134
51,pose,20,-1,0.4343203604221344,0.8697531223297119,-0.4444567561149597
51,pose,21,-1,0.6201294660568237,0.8332720994949341,-0.29368823766708374
51,pose,22,-1,0.43856191635131836,0.8489908576011658,-0.3744458854198456
51,pose,23,-1,0.5581673383712769,0.7366881370544434,0.006764575373381376
51,pose,24,-1,0.47893235087394714,0.7332732081413269,-0.006523038260638714
51,pose,25,-1,0.5547907948493958,0.9748391509056091,0.010628118179738522
51,pose,26,-1,0.48824578523635864,1.010118007659912,0.010410735383629799
51,pose,27,-1,0.5560064315795898,1.217881202697754,0.35725367069244385
51,pose,28,-1,0.48726004362106323,1.2331408262252808,0.28751128911972046
51,pose,29,-1,0.5537408590316772,1.2431977987289429,0.3829834759235382
51,pose,30,-1,0.48736444115638733,1.2600195407867432,0.3082110285758972
51,pose,31,-1,0.5553207397460938,1.3055967092514038,0.2349817007780075
51,pose,32,-1,0.4922293424606323,1.3207945823669434,0.12358327209949493
52,hand,0,0,0.4228942394256592,0.834571897983551,-1.3814791977040386e-08
52,hand,1,0,0.4373362064361572,0.8503363132476807,-0.005340678617358208
52,hand,2,0,0.44303908944129944,0.8781105875968933,-0.007016266230493784
52,hand,3,0,0.4449283480644226,0.9050266742706299,-0.007648074999451637
52,hand,4,0,0.4477275609970093,0.9251673221588135,-0.007464401423931122
52,hand,5,0,0.42838528752326965,0.9032403826713562,-0.003104875097051263
52,hand,6,0,0.43044134974479675,0.9358545541763306,-0.0052021038718521595
52,hand,7,0,0.43413811922073364,0.9514783024787903,-0.006956146098673344
52,hand,8,0,0.43816033005714417,0.9612499475479126,-0.007656368426978588
52,hand,9,0,0.4198918342590332,0.9027671217918396,-0.0011285003274679184
52,hand,10,0,0.42278945446014404,0.935871958732605,-0.0021125597413629293
52,hand,11,0,0.42774900794029236,0.9523472189903259,-0.0030779424123466015
52,hand,12,0,0.43300268054008484,0.9614699482917786,-0.0036011317279189825
52,hand,13,0,0.414711058139801,0.8993203043937683,0.0002757543697953224
52,hand,14,0,0.4175090491771698,0.9297835826873779,-0.0009321669349446893
52,hand,15,0,0.42250382900238037,0.9461081027984619,-0.0017033390467986465
52,hand,16,0,0.4278610944747925,0.9555925130844116,-0.0018812821945175529
52,hand,17,0,0.4121772348880768,0.8955478668212891,0.001241694437339902
52,hand,18,0,0.4143299460411072,0.9217631220817566,7.651399937458336e-05
52,hand,19,0,0.4184562861919403,0.9367032647132874,-0.00021188096434343606
52,hand,20,0,0.42321962118148804,0.9458137154579163,0.00011028278095182031
52,pose,0,-1,0.5169298648834229,0.21622100472450256,-0.6010018587112427
52,pose,1,-1,0.5285111665725708,0.1935352385044098,-0.5848807096481323
52,pose,2,-1,0.5340527296066284,0.19403226673603058,-0.5849818587303162
52,pose,3,-1,0.5381866097450256,0.1949477344751358,-0.5850555300712585
52,pose,4,-1,0.5092310309410095,0.1934376060962677,-0.5847988724708557
52,pose,5,-1,0.5031273365020752,0.19423015415668488,-0.5849435925483704
52,pose,6,-1,0.49725720286369324,0.19519390165805817,-0.5851354002952576
52,pose,7,-1,0.5473021864891052,0.2099301815032959,-0.42928776144981384
52,pose,8,-1,0.49268800020217896,0.20964328944683075,-0.4314764142036438
52,pose,9,-1,0.5289389491081238,0.2481088489294052,-0.5385249257087708
52,pose,10,-1,0.5054147243499756,0.24700422585010529,-0.5391367673873901
52,pose,11,-1,0.5899267196655273,0.37150925397872925,-0.2912256419658661
52,pose,12,-1,0.44736620783805847,0.37628108263015747,-0.30107611417770386
52,pose,13,-1,0.6014066934585571,0.5832093358039856,-0.19684740900993347
52,pose,14,-1,0.44881317019462585,0.5950029492378235,-0.23459139466285706
52,pose,15,-1,0.6177129149436951,0.7854360342025757,-0.3044964075088501
52,pose,16,-1,0.4341410994529724,0.8063581585884094,-0.34904298186302185
52,pose,17,-1,0.623664140701294,0.8484720587730408,-0.34368687868118286
52,pose,18,-1,0.4289255142211914,0.8638728857040405,-0.38482868671417236
52,pose,19,-1,0.6182665228843689,0.8549760580062866,-0.3843347728252411
52,pose,20,-1,0.4348837733268738,0.8681522607803345,-0.43950319290161133
52,pose,21,-1,0.611775279045105,0.8316748738288879,-0.3222229778766632
52,pose,22,-1,0.4391506016254425,0.8481178283691406,-0.3722946345806122
52,pose,23,-1,0.5584628582000732,0.7357814908027649,0.004797656554728746
52,pose,24,-1,0.47896209359169006,0.7327314019203186,-0.004695163108408451
52,pose,25,-1,0.5556787848472595,0.9680572748184204,-0.0021409497130662203
52,pose,26,-1,0.4897538721561432,0.9960554242134094,0.0040045506320893764
52,pose,27,-1,0.5595445036888123,1.2061781883239746,0.31009796261787415
52,pose,28,-1,0.488202303647995,1.2131915092468262,0.2696448862552643
52,pose,29,-1,0.5571997165679932,1.2336292266845703,0.33198750019073486
52,pose,30,-1,0.4882502257823944,1.2401509284973145,0.28958266973495483
52,pose,31,-1,0.5616026520729065,1.289549469947815,0.18437175452709198
52,pose,32,-1,0.4922028183937073,1.2971398830413818,0.1069582849740982
53,hand,0,0,0.6124763488769531,0.8492420315742493,1.1069089822512979e-07
53,hand,1,0,0.6057055592536926,0.8664343953132629,-0.004662571474909782
53,hand,2,0,0.6014357805252075,0.8909057974815369,-0.006659419275820255
53,hand,3,0,0.5987647771835327,0.9094099998474121,-0.008205941878259182
53,hand,4,0,0.5948658585548401,0.923816978931427,-0.009388805367052555
53,hand,5,0,0.61053466796875,0.9112787842750549,-0.004285336937755346
53,hand,6,0,0.6082852482795715,0.9434157013893127,-0.008932518772780895
53,hand,7,0,0.6041849851608276,0.9643205404281616,-0.012262040749192238
53,hand,8,0,0.5997554063796997,0.9794815182685852,-0.014023206196725368
53,hand,9,0,0.6121001243591309,0.9114386439323425,-0.0036845935974270105
53,hand,10,0,0.6099852919578552,0.9431619048118591,-0.00779002346098423
53,hand,11,0,0.6052606701850891,0.9637274742126465,-0.010550413280725479
53,hand,12,0,0.5998339653015137,0.9790048003196716,-0.012005823664367199
53,hand,13,0,0.6110356450080872,0.9093623161315918,-0.0036505472380667925
53,hand,14,0,0.6082424521446228,0.9383606910705566,-0.007178734056651592
53,hand,15,0,0.6036824584007263,0.9577030539512634,-0.008874524384737015
53,hand,16,0,0.5985308885574341,0.9718644022941589,-0.009489595890045166
53,hand,17,0,0.6084767580032349,0.9059975743293762,-0.004111603833734989
53,hand,18,0,0.605930745601654,0.9282629489898682,-0.006769273430109024
53,hand,19,0,0.6021876931190491,0.9437036514282227,-0.007624233141541481
53,hand,20,0,0.5981870293617249,0.9553154110908508,-0.00769839808344841
53,hand,0,1,0.4232054352760315,0.8357334733009338,-9.196629235930232e-09
53,hand,1,1,0.4377821981906891,0.8504943251609802,-0.006148681044578552
53,hand,2,1,0.4438805878162384,0.8774797320365906,-0.008038448169827461
53,hand,3,1,0.4465201199054718,0.9035401940345764,-0.008693614974617958
53,hand,4,1,0.44975030422210693,0.9234030246734619,-0.008501390926539898
53,hand,5,1,0.42920345067977905,0.9024733304977417,-0.003994139842689037
53,hand,6,1,0.43315601348876953,0.9351018667221069,-0.006257093045860529
53,hand,7,1,0.43804696202278137,0.9505631327629089,-0.008016565814614296
53,hand,8,1,0.44284671545028687,0.9605244398117065,-0.008674904704093933
53,hand,9,1,0.4212992787361145,0.9024384021759033,-0.0015855672536417842
53,hand,10,1,0.4259294867515564,0.9352849125862122,-0.0028777713887393475
53,hand,11,1,0.43219491839408875,0.9513342976570129,-0.003893790300935507
53,hand,12,1,0.4381803572177887,0.9605517983436584,-0.004386425018310547
53,hand,13,1,0.4168054461479187,0.8996720910072327,0.00018658868793863803
53,hand,14,1,0.42115405201911926,0.929936408996582,-0.0013879910111427307
53,hand,15,1,0.4272601008415222,0.9456720352172852,-0.002382083795964718
53,hand,16,1,0.4332122206687927,0.9548971652984619,-0.0026165214367210865
53,hand,17,1,0.4150063693523407,0.8971998691558838,0.0014733657008036971
53,hand,18,1,0.41830599308013916,0.9234183430671692,-2.0498922822298482e-05
53,hand,19,1,0.42320704460144043,0.937836229801178,-0.0005450880853459239
53,hand,20,1,0.42830196022987366,0.9466339349746704,-0.00034033492556773126
53,pose,0,-1,0.5166294574737549,0.21603743731975555,-0.5982107520103455
53,pose,1,-1,0.5281786322593689,0.19347190856933594,-0.5804302096366882
53,pose,2,-1,0.5338277220726013,0.19397491216659546,-0.580538809299469
53,pose,3,-1,0.5379320979118347,0.19489030539989471,-0.5806121230125427
53,pose,4,-1,0.5089142322540283,0.19343535602092743,-0.5791161060333252
53,pose,5,-1,0.502846360206604,0.1942361742258072,-0.5792640447616577
53,pose,6,-1,0.4969925880432129,0.19519977271556854,-0.5794538259506226
53,pose,7,-1,0.547077476978302,0.2099025994539261,-0.4247893989086151
53,pose,8,-1,0.49259987473487854,0.20964595675468445,-0.42090222239494324
53,pose,9,-1,0.5287674069404602,0.24797824025154114,-0.5367624163627625
53,pose,10,-1,0.5051800608634949,0.24695391952991486,-0.5357159972190857
53,pose,11,-1,0.5899125933647156,0.3739035725593567,-0.29548031091690063
53,pose,12,-1,0.44725826382637024,0.3766341209411621,-0.28998711705207825
53,pose,13,-1,0.598785936832428,0.5990214943885803,-0.2106863111257553
53,pose,14,-1,0.44849446415901184,0.5986407399177551,-0.22277680039405823
53,pose,15,-1,0.6143187880516052,0.8343251943588257,-0.323056161403656
53,pose,16,-1,0.4342702627182007,0.8144519925117493,-0.3415899872779846
53,pose,17,-1,0.6195358633995056,0.8972514867782593,-0.3633559048175812
53,pose,18,-1,0.4290148615837097,0.8725996613502502,-0.3759481608867645
53,pose,19,-1,0.6090755462646484,0.9013265371322632,-0.405332088470459
53,pose,20,-1,0.43527695536613464,0.8754021525382996,-0.43083059787750244
53,pose,21,-1,0.603572428226471,0.8791679739952087,-0.3404366672039032
53,pose,22,-1,0.43943625688552856,0.8581944108009338,-0.3644157648086548
53,pose,23,-1,0.5586674213409424,0.7458776831626892,0.00023616371618118137
53,pose,24,-1,0.4788939356803894,0.7445031404495239,-0.00024916866095736623
53,pose,25,-1,0.5570681095123291,0.9763216376304626,-0.09923099726438522
53,pose,26,-1,0.48947638273239136,1.0160540342330933,-0.04519672319293022
53,pose,27,-1,0.5592256784439087,1.2383906841278076,0.21069636940956116
53,pose,28,-1,0.4885258674621582,1.2583576440811157,0.18005934357643127
53,pose,29,-1,0.5570603609085083,1.2660375833511353,0.23117250204086304
53,pose,30,-1,0.48889443278312683,1.2892030477523804,0.19440627098083496
53,pose,31,-1,0.5592647194862366,1.3228005170822144,0.06749223172664642
53,pose,32,-1,0.4921264350414276,1.3434429168701172,-8.93014748726273e-06
54,hand,0,0,0.6057208180427551,0.8571294546127319,1.510842935203982e-07
54,hand,1,0,0.595583438873291,0.8691707849502563,-0.010353881865739822
54,hand,2,0,0.5895972847938538,0.8939329385757446,-0.013691774569451809
54,hand,3,0,0.5866542458534241,0.9157868027687073,-0.01540320087224245
54,hand,4,0,0.5833556056022644,0.9335572719573975,-0.016579562798142433
54,hand,5,0,0.6013166904449463,0.9193714261054993,-0.007605310063809156
54,hand,6,0,0.5967909097671509,0.9493051171302795,-0.012728994712233543
54,hand,7,0,0.5916403532028198,0.9708505868911743,-0.016818854957818985
54,hand,8,0,0.587234616279602,0.9873545169830322,-0.018985461443662643
54,hand,9,0,0.6043075323104858,0.9199963808059692,-0.003761465195566416
54,hand,10,0,0.5984506607055664,0.9499071836471558,-0.008311659097671509
54,hand,11,0,0.5922802686691284,0.9708045721054077,-0.01175464503467083
54,hand,12,0,0.5860825181007385,0.9880452156066895,-0.0136270048096776
54,hand,13,0,0.6049314141273499,0.9199042320251465,-0.0008195546106435359
54,hand,14,0,0.5995590686798096,0.947088360786438,-0.004657026380300522
54,hand,15,0,0.5937285423278809,0.9662184715270996,-0.006467723753303289
54,hand,16,0,0.587762713432312,0.9819364547729492,-0.00696073193103075
54,hand,17,0,0.6049532294273376,0.9194992780685425,0.0011165594914928079
54,hand,18,0,0.6011866331100464,0.9444242119789124,-0.0014170203357934952
54,hand,19,0,0.5967297554016113,0.9616916179656982,-0.0020443820394575596
54,hand,20,0,0.5920709371566772,0.975330114364624,-0.0018696729093790054
54,hand,0,1,0.4239189624786377,0.8332913517951965,-2.802046816796633e-09
54,hand,1,1,0.4384390413761139,0.8483355045318604,-0.006603575777262449
54,hand,2,1,0.4447813034057617,0.8753371834754944,-0.008592045865952969
54,hand,3,1,0.4475238025188446,0.9015870690345764,-0.009196040220558643
54,hand,4,1,0.45157328248023987,0.9214916229248047,-0.008970090188086033
54,hand,5,1,0.4300301969051361,0.900420069694519,-0.004429167602211237
54,hand,6,1,0.43452638387680054,0.9322672486305237,-0.006372202653437853
54,hand,7,1,0.43900197744369507,0.9480423331260681,-0.00802790280431509
54,hand,8,1,0.4433639347553253,0.959480881690979,-0.008816506713628769
54,hand,9,1,0.42221298813819885,0.8999333381652832,-0.001752508687786758
54,hand,10,1,0.4273642599582672,0.9316604733467102,-0.003068610094487667
54,hand,11,1,0.4335367977619171,0.9474889039993286,-0.004280443768948317
54,hand,12,1,0.4392434060573578,0.9575316905975342,-0.005014809314161539
54,hand,13,1,0.4178861677646637,0.8966872692108154,0.00034185644472017884
54,hand,14,1,0.4226123094558716,0.9261552691459656,-0.001426410162821412
54,hand,15,1,0.4288882911205292,0.941827654838562,-0.00254819355905056
54,hand,16,1,0.43473097681999207,0.9515347480773926,-0.002856897423043847
54,hand,17,1,0.416118323802948,0.8939793109893799,0.0019599124789237976
54,hand,18,1,0.41959431767463684,0.9202668070793152,0.00034183403477072716
54,hand,19,1,0.4249876141548157,0.9343941807746887,-0.00012777316442225128
54,hand,20,1,0.4302888810634613,0.942941427230835,0.00011462534894235432
54,pose,0,-1,0.5164936184883118,0.21580414474010468,-0.6013980507850647
54,pose,1,-1,0.5280816555023193,0.19328953325748444,-0.5833041071891785
54,pose,2,-1,0.5337626934051514,0.19380027055740356,-0.5834123492240906
54,pose,3,-1,0.5378754138946533,0.19471916556358337,-0.5834833383560181
54,pose,4,-1,0.5087500214576721,0.19335660338401794,-0.5815306901931763
54,pose,5,-1,0.5027049779891968,0.1941990852355957,-0.5816866755485535
54,pose,6,-1,0.49684441089630127,0.1951785683631897,-0.5818882584571838
54,pose,7,-1,0.5470717549324036,0.20984092354774475,-0.42790016531944275
54,pose,8,-1,0.49256670475006104,0.20964345335960388,-0.42197707295417786
54,pose,9,-1,0.5287173390388489,0.24781708419322968,-0.5402671694755554
54,pose,10,-1,0.5050735473632812,0.24687740206718445,-0.5386826992034912
54,pose,11,-1,0.589933454990387,0.3747216761112213,-0.30273205041885376
54,pose,12,-1,0.44722265005111694,0.37701791524887085,-0.2910936176776886
54,pose,13,-1,0.5991629362106323,0.6077878475189209,-0.219946950674057
54,pose,14,-1,0.44866591691970825,0.6018751859664917,-0.2246256023645401
54,pose,15,-1,0.6101863384246826,0.8451595306396484,-0.33265799283981323
54,pose,16,-1,0.43437057733535767,0.822554349899292,-0.3458283245563507
54,pose,17,-1,0.6134807467460632,0.9077736139297485,-0.37457600235939026
54,pose,18,-1,0.42916738986968994,0.8797270655632019,-0.3795994222164154
54,pose,19,-1,0.6013070940971375,0.9124047756195068,-0.41468143463134766
54,pose,20,-1,0.435565322637558,0.8821482062339783,-0.43548583984375
54,pose,21,-1,0.5970271825790405,0.8874589800834656,-0.349311500787735
54,pose,22,-1,0.4396185278892517,0.8662858009338379,-0.36889734864234924
54,pose,23,-1,0.5588997602462769,0.7571535706520081,-0.005650681909173727
54,pose,24,-1,0.4788924753665924,0.7530148029327393,0.0056328196078538895
54,pose,25,-1,0.557296097278595,0.982779860496521,-0.08598025888204575
54,pose,26,-1,0.48921653628349304,1.0321918725967407,-0.02588360384106636
54,pose,27,-1,0.5589191317558289,1.2538490295410156,0.23718690872192383
54,pose,28,-1,0.4884309470653534,1.2762811183929443,0.22029933333396912
54,pose,29,-1,0.557202935218811,1.2818772792816162,0.25923216342926025
54,pose,30,-1,0.4888801574707031,1.307549238204956,0.2372533231973648
54,pose,31,-1,0.5583745837211609,1.3369275331497192,0.09808056056499481
54,pose,32,-1,0.49189022183418274,1.3615550994873047,0.04618266969919205
55,hand,0,0,0.6016790866851807,0.8542307615280151,9.924242050374232e-08
55,hand,1,0,0.5909756422042847,0.8661530017852783,-0.0069216457195580006
55,hand,2,0,0.5841623544692993,0.8898188471794128,-0.008717485703527927
55,hand,3,0,0.5796565413475037,0.909147322177887,-0.0095384381711483
55,hand,4,0,0.5763594508171082,0.92531818151474,-0.009788750670850277
55,hand,5,0,0.5961196422576904,0.9137828350067139,-0.0039831832982599735
55,hand,6,0,0.5907553434371948,0.9411143064498901,-0.007550913840532303
55,hand,7,0,0.5854695439338684,0.9591221213340759,-0.01067595835775137
55,hand,8,0,0.5811850428581238,0.9727188348770142,-0.012460697442293167
55,hand,9,0,0.5994165539741516,0.9154592156410217,-0.0015051098307594657
55,hand,10,0,0.5944408178329468,0.9414735436439514,-0.004652097355574369
55,hand,11,0,0.5890986323356628,0.9578092098236084,-0.007195216603577137
55,hand,12,0,0.5842831134796143,0.9718506336212158,-0.008605189621448517
55,hand,13,0,0.5999845266342163,0.9156171083450317,0.0002596857666503638
55,hand,14,0,0.5957086682319641,0.939678966999054,-0.0022511216811835766
55,hand,15,0,0.5910068154335022,0.9549480676651001,-0.0029581855051219463
55,hand,16,0,0.58659827709198,0.9680435061454773,-0.002914442215114832
55,hand,17,0,0.5991291999816895,0.9152051210403442,0.001236356794834137
55,hand,18,0,0.5960049033164978,0.9371694326400757,-0.00023573300859425217
55,hand,19,0,0.5925418734550476,0.9516146183013916,-0.00010312435915693641
55,hand,20,0,0.5891523957252502,0.9628434777259827,0.0004933581221848726
55,hand,0,1,0.424279123544693,0.833316445350647,-9.220935126563745e-09
55,hand,1,1,0.43893852829933167,0.8470670580863953,-0.006226905155926943
55,hand,2,1,0.4456235468387604,0.874055027961731,-0.007892082445323467
55,hand,3,1,0.4486950635910034,0.9005424380302429,-0.008183847181499004
55,hand,4,1,0.45270511507987976,0.9202360510826111,-0.0075756520964205265
55,hand,5,1,0.4315161108970642,0.8998462557792664,-0.0032970248721539974
55,hand,6,1,0.4361739754676819,0.9310129880905151,-0.004634525161236525
55,hand,7,1,0.44069704413414,0.94569993019104,-0.005876672919839621
55,hand,8,1,0.44501492381095886,0.955461859703064,-0.006322408560663462
55,hand,9,1,0.4236343502998352,0.9002301692962646,-0.00038365426007658243
55,hand,10,1,0.4292770326137543,0.9305174350738525,-0.0006834240048192441
55,hand,11,1,0.4351522922515869,0.9441807270050049,-0.0012848483165726066
55,hand,12,1,0.4404551684856415,0.9524742960929871,-0.0016247809398919344
55,hand,13,1,0.4191783666610718,0.8980093002319336,0.0019363097380846739
55,hand,14,1,0.4244719445705414,0.9259681105613708,0.0011337600881233811
55,hand,15,1,0.4303886890411377,0.9393442273139954,0.000623124826233834
55,hand,16,1,0.43588563799858093,0.9472137689590454,0.0006076962454244494
55,hand,17,1,0.4172836244106293,0.8959216475486755,0.0037806187756359577
55,hand,18,1,0.4214109778404236,0.9207404851913452,0.0029768459498882294
55,hand,19,1,0.4265042543411255,0.9333832859992981,0.0029461586382240057
55,hand,20,1,0.4315806031227112,0.9408178925514221,0.003446342423558235
55,pose,0,-1,0.5165021419525146,0.2149319052696228,-0.5928370356559753
55,pose,1,-1,0.5280887484550476,0.19229841232299805,-0.5752326846122742
55,pose,2,-1,0.5337655544281006,0.1928398758172989,-0.5753393173217773
55,pose,3,-1,0.5378818511962891,0.19382593035697937,-0.5753918886184692
55,pose,4,-1,0.5087599158287048,0.1926082968711853,-0.5749550461769104
55,pose,5,-1,0.5027104616165161,0.19360719621181488,-0.5751320123672485
55,pose,6,-1,0.4968491494655609,0.19472762942314148,-0.5753536820411682
55,pose,7,-1,0.5470760464668274,0.2093980759382248,-0.41986557841300964
55,pose,8,-1,0.4925503134727478,0.20952174067497253,-0.41998186707496643
55,pose,9,-1,0.5287441611289978,0.24699687957763672,-0.5315987467765808
55,pose,10,-1,0.5050891637802124,0.24616023898124695,-0.5317003726959229
55,pose,11,-1,0.5899274945259094,0.37479954957962036,-0.29421430826187134
55,pose,12,-1,0.44716641306877136,0.37699955701828003,-0.2920522391796112
55,pose,13,-1,0.5957175493240356,0.6037561893463135,-0.2177705615758896
55,pose,14,-1,0.44890353083610535,0.6007214188575745,-0.2346210777759552
55,pose,15,-1,0.6026759743690491,0.8115025758743286,-0.33371502161026
55,pose,16,-1,0.43442049622535706,0.8168720006942749,-0.3587336838245392
55,pose,17,-1,0.6049543023109436,0.8663085103034973,-0.3752543032169342
55,pose,18,-1,0.42942145466804504,0.8757300972938538,-0.3942207396030426
55,pose,19,-1,0.596575140953064,0.8729032874107361,-0.4151863753795624
55,pose,20,-1,0.43576547503471375,0.8790509104728699,-0.4489850401878357
55,pose,21,-1,0.5928156971931458,0.8519073724746704,-0.3512779176235199
55,pose,22,-1,0.4396950304508209,0.8615301251411438,-0.3819108009338379
55,pose,23,-1,0.5588347911834717,0.7565452456474304,-0.006999473087489605
55,pose,24,-1,0.4788481295108795,0.751696765422821,0.007019685115665197
55,pose,25,-1,0.5578522086143494,0.9820010662078857,-0.05937258154153824
55,pose,26,-1,0.4895275831222534,1.0299009084701538,-0.011394551023840904
55,pose,27,-1,0.5599752068519592,1.251929759979248,0.2614379823207855
55,pose,28,-1,0.4884415566921234,1.2739003896713257,0.22928547859191895
55,pose,29,-1,0.5586671829223633,1.2800112962722778,0.2841891050338745
55,pose,30,-1,0.4887431263923645,1.306909441947937,0.24431294202804565
55,pose,31,-1,0.5576816201210022,1.3368759155273438,0.12466177344322205
55,pose,32,-1,0.49185389280319214,1.357708215713501,0.05023413151502609
56,hand,0,0,0.5965410470962524,0.8516579866409302,7.795918577357952e-08
56,hand,1,0,0.5854307413101196,0.8617931008338928,-0.008165351115167141
56,hand,2,0,0.5773760676383972,0.8849667906761169,-0.011412665247917175
56,hand,3,0,0.573005735874176,0.9043923020362854,-0.013616000302135944
56,hand,4,0,0.5700962543487549,0.9211338758468628,-0.015419432893395424
56,hand,5,0,0.587487518787384,0.9088504910469055,-0.0077205742709338665
56,hand,6,0,0.5850540995597839,0.9360714554786682,-0.013234616257250309
56,hand,7,0,0.5818861722946167,0.9547860622406006,-0.017757926136255264
56,hand,8,0,0.5787625908851624,0.969645082950592,-0.02051694132387638
56,hand,9,0,0.5915345549583435,0.9107018709182739,-0.005634980741888285
56,hand,10,0,0.5929207801818848,0.9383355379104614,-0.011567109264433384
56,hand,11,0,0.594129204750061,0.9614737629890442,-0.016458041965961456
56,hand,12,0,0.5954968333244324,0.9823416471481323,-0.019271815195679665
56,hand,13,0,0.5927609205245972,0.911230742931366,-0.0040412405505776405
56,hand,14,0,0.5932666063308716,0.9378315806388855,-0.009285091422498226
56,hand,15,0,0.5939894914627075,0.9585016965866089,-0.011782967485487461
56,hand,16,0,0.5946103930473328,0.9773900508880615,-0.012591345235705376
56,hand,17,0,0.5922503471374512,0.9104406833648682,-0.003166313050314784
56,hand,18,0,0.591858983039856,0.9331501126289368,-0.006934560835361481
56,hand,19,0,0.5918235182762146,0.9498933553695679,-0.007934213615953922
56,hand,20,0,0.5915939807891846,0.9643574953079224,-0.007847447879612446
56,hand,0,1,0.42466214299201965,0.8343786597251892,-1.2517785918930713e-08
56,hand,1,1,0.4391267001628876,0.847797691822052,-0.006064317189157009
56,hand,2,1,0.44585293531417847,0.874434232711792,-0.007757422514259815
56,hand,3,1,0.4489613175392151,0.900499165058136,-0.008062466979026794
56,hand,4,1,0.4531177282333374,0.9198277592658997,-0.007511569652706385
56,hand,5,1,0.43139195442199707,0.900377631187439,-0.004088412504643202
56,hand,6,1,0.43687185645103455,0.9318859577178955,-0.0056212772615253925
56,hand,7,1,0.4419704079627991,0.9466191530227661,-0.006923433393239975
56,hand,8,1,0.44660240411758423,0.9562715291976929,-0.007406087592244148
56,hand,9,1,0.4236682951450348,0.900848388671875,-0.0012904549948871136
56,hand,10,1,0.4302467703819275,0.931365966796875,-0.0018620038172230124
56,hand,11,1,0.43669387698173523,0.9453728199005127,-0.0025164021644741297
56,hand,12,1,0.44249311089515686,0.9539214968681335,-0.0029023655224591494
56,hand,13,1,0.4193703234195709,0.8987020254135132,0.0010086928959935904
56,hand,14,1,0.42552682757377625,0.9271005988121033,-9.682492236606777e-05
56,hand,15,1,0.4319479763507843,0.9405002593994141,-0.0006165148806758225
56,hand,16,1,0.43782252073287964,0.9482026100158691,-0.000595040968619287
56,hand,17,1,0.4176427721977234,0.8967603445053101,0.002882465021684766
56,hand,18,1,0.4226840138435364,0.9220624566078186,0.001700806780718267
56,hand,19,1,0.4283239245414734,0.9347658753395081,0.0016005473444238305
56,hand,20,1,0.4336757957935333,0.9421351552009583,0.002115677110850811
56,pose,0,-1,0.5166093707084656,0.2145300805568695,-0.5968635678291321
56,pose,1,-1,0.5281720757484436,0.19157423079013824,-0.5796715021133423
56,pose,2,-1,0.533812403678894,0.19206292927265167,-0.5797765254974365
56,pose,3,-1,0.5379700064659119,0.19305403530597687,-0.5798162817955017
56,pose,4,-1,0.5087760090827942,0.19216245412826538,-0.5804204940795898
56,pose,5,-1,0.502734899520874,0.19329547882080078,-0.5806266665458679
56,pose,6,-1,0.4968692362308502,0.19453534483909607,-0.580868124961853
56,pose,7,-1,0.5471580624580383,0.20887476205825806,-0.42293015122413635
56,pose,8,-1,0.49254268407821655,0.20948339998722076,-0.4275932312011719
56,pose,9,-1,0.5288981795310974,0.24664448201656342,-0.5348747968673706
56,pose,10,-1,0.5052860975265503,0.24592804908752441,-0.5361460447311401
56,pose,11,-1,0.5900266170501709,0.37478017807006836,-0.28908389806747437
56,pose,12,-1,0.44702595472335815,0.3769938051700592,-0.3059143126010895
56,pose,13,-1,0.5934403538703918,0.6024203896522522,-0.21400459110736847
56,pose,14,-1,0.44905024766921997,0.5989974141120911,-0.25377053022384644
56,pose,15,-1,0.596321702003479,0.7907887101173401,-0.3363194167613983
56,pose,16,-1,0.4362908899784088,0.8132807016372681,-0.3773723244667053
56,pose,17,-1,0.5964003801345825,0.8494874835014343,-0.37728217244148254
56,pose,18,-1,0.4307880401611328,0.8735926151275635,-0.41635367274284363
56,pose,19,-1,0.5917721390724182,0.854881763458252,-0.4180133044719696
56,pose,20,-1,0.43633025884628296,0.8776610493659973,-0.46793705224990845
56,pose,21,-1,0.5884329676628113,0.8332532644271851,-0.3545163869857788
56,pose,22,-1,0.44069233536720276,0.8586457371711731,-0.39942607283592224
56,pose,23,-1,0.5586940050125122,0.7528725266456604,-0.0048750112764537334
56,pose,24,-1,0.4785105586051941,0.7486067414283752,0.004930696450173855
56,pose,25,-1,0.5578449368476868,0.9803195595741272,-0.00886584259569645
56,pose,26,-1,0.4894395172595978,1.0258594751358032,-0.010344286449253559
56,pose,27,-1,0.5593318343162537,1.2485876083374023,0.26901885867118835
56,pose,28,-1,0.4876834750175476,1.2711143493652344,0.1961531937122345
56,pose,29,-1,0.5576521158218384,1.277560830116272,0.2886825203895569
56,pose,30,-1,0.4879841208457947,1.3037958145141602,0.20827798545360565
56,pose,31,-1,0.5567923188209534,1.3350790739059448,0.12643012404441833
56,pose,32,-1,0.4908818006515503,1.3574583530426025,0.008864597417414188
57,hand,0,0,0.42522451281547546,0.835371732711792,-1.7306259536553625e-08
57,hand,1,0,0.4397682845592499,0.8496503829956055,-0.005879426375031471
57,hand,2,0,0.4463919997215271,0.8760429620742798,-0.007578746415674686
57,hand,3,0,0.4493233859539032,0.9020069241523743,-0.007871432229876518
57,hand,4,0,0.45345279574394226,0.9210467338562012,-0.0072938380762934685
57,hand,5,0,0.4318769574165344,0.9015291929244995,-0.0036731131840497255
57,hand,6,0,0.4369710385799408,0.9320996999740601,-0.004610599018633366
57,hand,7,0,0.44208163022994995,0.945282518863678,-0.0056122783571481705
57,hand,8,0,0.44676172733306885,0.9536116123199463,-0.005972219631075859
57,hand,9,0,0.42403125762939453,0.9016475081443787,-0.0006461876328103244
57,hand,10,0,0.43048691749572754,0.930870771408081,-0.00043914534035138786
57,hand,11,0,0.43681374192237854,0.9434843063354492,-0.0007006071973592043
57,hand,12,0,0.44251173734664917,0.9504930973052979,-0.000995186041109264
57,hand,13,0,0.4197351634502411,0.8988940715789795,0.001917717163451016
57,hand,14,0,0.4257804751396179,0.9257987141609192,0.0016766565386205912
57,hand,15,0,0.43200138211250305,0.9381824135780334,0.0015237212646752596
57,hand,16,0,0.43772274255752563,0.9447872638702393,0.0015366771258413792
57,hand,17,0,0.4179120659828186,0.8964737057685852,0.004049348644912243
57,hand,18,0,0.4226840138435364,0.9201731085777283,0.003571525914594531
57,hand,19,0,0.4281907081604004,0.93202805519104,0.0036871246993541718
57,hand,20,0,0.4334561228752136,0.9386727809906006,0.004166346043348312
57,pose,0,-1,0.5166944265365601,0.21444964408874512,-0.5875661373138428
57,pose,1,-1,0.5282385349273682,0.19157466292381287,-0.5697311162948608
57,pose,2,-1,0.533847987651825,0.19206607341766357,-0.5698440074920654
57,pose,3,-1,0.5380552411079407,0.19305633008480072,-0.5698886513710022
57,pose,4,-1,0.5088233351707458,0.19209161400794983,-0.5705340504646301
57,pose,5,-1,0.5027897357940674,0.19321087002754211,-0.570726752281189
57,pose,6,-1,0.49692627787590027,0.19446206092834473,-0.5709695219993591
57,pose,7,-1,0.5472328662872314,0.20887354016304016,-0.41300538182258606
57,pose,8,-1,0.4925452768802643,0.20944958925247192,-0.4177241623401642
57,pose,9,-1,0.5289695858955383,0.24658027291297913,-0.5257909893989563
57,pose,10,-1,0.5053853988647461,0.24577291309833527,-0.5270475149154663
57,pose,11,-1,0.590071976184845,0.37393394112586975,-0.2803003489971161
57,pose,12,-1,0.44698366522789,0.3769794702529907,-0.2994749844074249
57,pose,13,-1,0.5921128988265991,0.5889276266098022,-0.20763899385929108
57,pose,14,-1,0.4494951665401459,0.5950184464454651,-0.2534448802471161
57,pose,15,-1,0.5916255712509155,0.7674657702445984,-0.32693055272102356
57,pose,16,-1,0.44435369968414307,0.7993104457855225,-0.37361499667167664
57,pose,17,-1,0.590755820274353,0.818988025188446,-0.3659347593784332
57,pose,18,-1,0.4357224106788635,0.8726315498352051,-0.4118742048740387
57,pose,19,-1,0.5886133313179016,0.8231223225593567,-0.40420952439308167
57,pose,20,-1,0.4410199522972107,0.8754304051399231,-0.4614183008670807
57,pose,21,-1,0.5852200984954834,0.8049885034561157,-0.34470075368881226
57,pose,22,-1,0.4455196261405945,0.8567774295806885,-0.3950206935405731
57,pose,23,-1,0.5581884384155273,0.7404953837394714,-0.004569182638078928
57,pose,24,-1,0.4780174195766449,0.7364856004714966,0.004657410085201263
57,pose,25,-1,0.5543190836906433,0.9850578904151917,-0.013240208849310875
57,pose,26,-1,0.4892849922180176,1.003526210784912,-0.04284214228391647
57,pose,27,-1,0.5553778409957886,1.230467677116394,0.23223386704921722
57,pose,28,-1,0.48721882700920105,1.2508156299591064,0.14416947960853577
57,pose,29,-1,0.5542049407958984,1.2610037326812744,0.2464257776737213
57,pose,30,-1,0.4874223470687866,1.285254955291748,0.15492945909500122
57,pose,31,-1,0.5511500835418701,1.314324140548706,0.08350218087434769
57,pose,32,-1,0.48985278606414795,1.3294904232025146,-0.04638581722974777
58,hand,0,0,0.4269391894340515,0.8334777355194092,-9.920302801447178e-09
58,hand,1,0,0.44093450903892517,0.8492480516433716,-0.006014697719365358
58,hand,2,0,0.446731299161911,0.8764407634735107,-0.007612351793795824
58,hand,3,0,0.4493321180343628,0.902572512626648,-0.007764900103211403
58,hand,4,0,0.4534170627593994,0.9218272566795349,-0.00706237368285656
58,hand,5,0,0.4321797490119934,0.9006670117378235,-0.002810648875311017
58,hand,6,0,0.4370371699333191,0.9303843975067139,-0.0033233887515962124
58,hand,7,0,0.4417906701564789,0.9442290663719177,-0.0041515761986374855
58,hand,8,0,0.4460907280445099,0.9529593586921692,-0.004444937687367201
58,hand,9,0,0.4245803654193878,0.8997630476951599,0.00034039077581837773
58,hand,10,0,0.43038731813430786,0.9286305904388428,0.0009468545322306454
58,hand,11,0,0.4363255798816681,0.9415755867958069,0.0006974079879000783
58,hand,12,0,0.4415207505226135,0.9490078091621399,0.00039717191248200834
58,hand,13,0,0.4203956723213196,0.8964250683784485,0.002976032206788659
58,hand,14,0,0.4256487488746643,0.9231667518615723,0.0031358764972537756
58,hand,15,0,0.4314483404159546,0.9359736442565918,0.003005797043442726
58,hand,16,0,0.4367580711841583,0.9432854652404785,0.002997062401846051
58,hand,17,0,0.41855087876319885,0.8933077454566956,0.005143580958247185
58,hand,18,0,0.42219647765159607,0.9170969724655151,0.005093536805361509
58,hand,19,0,0.4271089732646942,0.9293604493141174,0.005365872289985418
58,hand,20,0,0.43204307556152344,0.9363828897476196,0.005906471982598305
58,pose,0,-1,0.516969621181488,0.2139398604631424,-0.5855041146278381
58,pose,1,-1,0.5285398960113525,0.19124987721443176,-0.5665180087089539
58,pose,2,-1,0.5340128540992737,0.1917792111635208,-0.5666325092315674
58,pose,3,-1,0.5384112596511841,0.1927880495786667,-0.566684901714325
58,pose,4,-1,0.5090414881706238,0.19165031611919403,-0.5668866634368896
58,pose,5,-1,0.5029598474502563,0.19279322028160095,-0.567072331905365
58,pose,6,-1,0.4970948100090027,0.19413906335830688,-0.5673056840896606
58,pose,7,-1,0.5474866628646851,0.20871885120868683,-0.40897926688194275
58,pose,8,-1,0.49254968762397766,0.20924106240272522,-0.41252103447914124
58,pose,9,-1,0.5292070508003235,0.24616201221942902,-0.5237982869148254
58,pose,10,-1,0.5055987238883972,0.2452479600906372,-0.5245761275291443
58,pose,11,-1,0.5903179049491882,0.3732304573059082,-0.2830786406993866
58,pose,12,-1,0.4469490051269531,0.37705880403518677,-0.2933144271373749
58,pose,13,-1,0.5902528762817383,0.5812933444976807,-0.21386465430259705
58,pose,14,-1,0.4494836926460266,0.5918859243392944,-0.24551138281822205
58,pose,15,-1,0.5906657576560974,0.7601483464241028,-0.3237638771533966
58,pose,16,-1,0.4461892247200012,0.7875902056694031,-0.3607596755027771
58,pose,17,-1,0.5912573933601379,0.8136268854141235,-0.36102208495140076
58,pose,18,-1,0.43873900175094604,0.8623265027999878,-0.39669564366340637
58,pose,19,-1,0.5890085101127625,0.8180642127990723,-0.3968859910964966
58,pose,20,-1,0.44200974702835083,0.8730417490005493,-0.4461033046245575
58,pose,21,-1,0.5853796601295471,0.8039019703865051,-0.34027862548828125
58,pose,22,-1,0.4483889043331146,0.8448781371116638,-0.3819272816181183
58,pose,23,-1,0.5568907856941223,0.7345266938209534,-0.005000320263206959
58,pose,24,-1,0.47772762179374695,0.7276245951652527,0.005152479745447636
58,pose,25,-1,0.5467471480369568,0.9641925096511841,-0.02779024839401245
58,pose,26,-1,0.4887975752353668,0.9738399982452393,-0.0454605370759964
58,pose,27,-1,0.5394337773323059,1.1776232719421387,0.2343006730079651
58,pose,28,-1,0.48713237047195435,1.197220802307129,0.17361880838871002
58,pose,29,-1,0.5381550192832947,1.2058029174804688,0.2516149580478668
58,pose,30,-1,0.48740968108177185,1.2248634099960327,0.18797583878040314
58,pose,31,-1,0.5354316234588623,1.2607778310775757,0.10207787901163101
58,pose,32,-1,0.4887278378009796,1.280340552330017,-0.0016292076325044036
59,hand,0,0,0.4277074635028839,0.8361046314239502,-2.052385816853075e-08
59,hand,1,0,0.4417112469673157,0.8513011336326599,-0.00538999168202281
59,hand,2,0,0.4476768970489502,0.8775268793106079,-0.006932457908987999
59,hand,3,0,0.45007574558258057,0.9029485583305359,-0.007316201459616423
59,hand,4,0,0.45356181263923645,0.9221436381340027,-0.006840289570391178
59,hand,5,0,0.433483362197876,0.9020808935165405,-0.002282368252053857
59,hand,6,0,0.4380877614021301,0.9314457774162292,-0.0035970949102193117
59,hand,7,0,0.4430360496044159,0.9449293613433838,-0.005056421272456646
59,hand,8,0,0.4476398527622223,0.9534004926681519,-0.005716294981539249
59,hand,9,0,0.4259905219078064,0.9020840525627136,0.00029239157447591424
59,hand,10,0,0.43222206830978394,0.9301872849464417,0.0001874567533377558
59,hand,11,0,0.43815383315086365,0.9427149295806885,-0.0005095586529932916
59,hand,12,0,0.44351208209991455,0.9494519233703613,-0.0010829195380210876
59,hand,13,0,0.42161503434181213,0.8993600606918335,0.002318448154255748
59,hand,14,0,0.4274476170539856,0.9255552291870117,0.0017690131207928061
59,hand,15,0,0.4333955943584442,0.9377973079681396,0.0014770618872717023
59,hand,16,0,0.43898820877075195,0.9444043636322021,0.001441825064830482
59,hand,17,0,0.41937360167503357,0.8965610861778259,0.003914886154234409
59,hand,18,0,0.4238213896751404,0.9198150038719177,0.003206091932952404
59,hand,19,0,0.42910078167915344,0.931682288646698,0.0032868890557438135
59,hand,20,0,0.43428003787994385,0.9383895397186279,0.0037966854870319366
59,pose,0,-1,0.5171079039573669,0.2136233001947403,-0.595624566078186
59,pose,1,-1,0.5287033319473267,0.19110122323036194,-0.5763054490089417
59,pose,2,-1,0.5341029763221741,0.19162656366825104,-0.5764114856719971
59,pose,3,-1,0.5385863780975342,0.1926119178533554,-0.5765114426612854
59,pose,4,-1,0.5091461539268494,0.1914781928062439,-0.5773659944534302
59,pose,5,-1,0.5030454397201538,0.19263432919979095,-0.5775200724601746
59,pose,6,-1,0.4971899390220642,0.19400838017463684,-0.5777207016944885
59,pose,7,-1,0.5475472807884216,0.20848987996578217,-0.4171558916568756
59,pose,8,-1,0.4925537109375,0.2091236561536789,-0.4249955713748932
59,pose,9,-1,0.5293056964874268,0.24567051231861115,-0.5331071615219116
59,pose,10,-1,0.5057332515716553,0.2448606938123703,-0.535162627696991
59,pose,11,-1,0.5903934836387634,0.37215328216552734,-0.29115551710128784
59,pose,12,-1,0.4469395577907562,0.3766622245311737,-0.30760902166366577
59,pose,13,-1,0.5897853970527649,0.5717547535896301,-0.21593903005123138
59,pose,14,-1,0.4500158727169037,0.5873598456382751,-0.2573552429676056
59,pose,15,-1,0.5899401903152466,0.7538240551948547,-0.31650155782699585
59,pose,16,-1,0.44992583990097046,0.7676069140434265,-0.35974496603012085
59,pose,17,-1,0.590896487236023,0.8026306629180908,-0.3531881272792816
59,pose,18,-1,0.44570493698120117,0.8268609046936035,-0.39587029814720154
59,pose,19,-1,0.5892428755760193,0.8069149851799011,-0.3900921046733856
59,pose,20,-1,0.44797495007514954,0.8380642533302307,-0.4422079026699066
59,pose,21,-1,0.5853555798530579,0.7917071580886841,-0.33343198895454407
59,pose,22,-1,0.45439669489860535,0.8133848905563354,-0.38034576177597046
59,pose,23,-1,0.5556681752204895,0.7218912839889526,-0.002297853585332632
59,pose,24,-1,0.47765251994132996,0.7150189280509949,0.0025438019074499607
59,pose,25,-1,0.5445708632469177,0.9253410696983337,-0.025715116411447525
59,pose,26,-1,0.4891069829463959,0.9327749609947205,-0.03384862095117569
59,pose,27,-1,0.532659649848938,1.1030629873275757,0.3049547076225281
59,pose,28,-1,0.4875362813472748,1.120744228363037,0.25556403398513794
59,pose,29,-1,0.5306764841079712,1.123820185661316,0.33133235573768616
59,pose,30,-1,0.4879642128944397,1.1418110132217407,0.27894410490989685
59,pose,31,-1,0.5292538404464722,1.1885099411010742,0.2006135731935501
59,pose,32,-1,0.488406777381897,1.2068592309951782,0.10842643678188324
60,hand,0,0,0.4286102056503296,0.8372378945350647,-2.485402461616104e-08
60,hand,1,0,0.4425358772277832,0.8512981534004211,-0.004485683981329203
60,hand,2,0,0.4482502043247223,0.8774693608283997,-0.005869199987500906
60,hand,3,0,0.4499511420726776,0.9037207961082458,-0.006267211865633726
60,hand,4,0,0.4533449411392212,0.9228195548057556,-0.0059003583155572414
60,hand,5,0,0.4354395568370819,0.9006562829017639,-0.002886178670451045
60,hand,6,0,0.43900132179260254,0.9308286905288696,-0.004567243624478579
60,hand,7,0,0.443556547164917,0.9445155262947083,-0.005931682884693146
60,hand,8,0,0.4479063153266907,0.9528623819351196,-0.00646474864333868
60,hand,9,0,0.4275311529636383,0.9012733101844788,-0.0009582586935721338
60,hand,10,0,0.43304136395454407,0.9304205179214478,-0.0012803672580048442
60,hand,11,0,0.4387628138065338,0.942754864692688,-0.0016413602279499173
60,hand,12,0,0.4439162015914917,0.9495049118995667,-0.001937163877300918
60,hand,13,0,0.42243003845214844,0.8991096615791321,0.0005397488712333143
60,hand,14,0,0.4278355836868286,0.9256671667098999,5.454478014144115e-05
60,hand,15,0,0.43367302417755127,0.9374469518661499,0.0002670952526386827
60,hand,16,0,0.4390258193016052,0.94357830286026,0.0005212727701291442
60,hand,17,0,0.41948041319847107,0.8963682651519775,0.0016467217355966568
60,hand,18,0,0.4234604835510254,0.9192965030670166,0.0010885627707466483
60,hand,19,0,0.42864465713500977,0.9306424260139465,0.0014408088754862547
60,hand,20,0,0.43366092443466187,0.9367995262145996,0.0021066959016025066
60,pose,0,-1,0.5176378488540649,0.2128739058971405,-0.5929814577102661
60,pose,1,-1,0.5291508436203003,0.19053035974502563,-0.5734896063804626
60,pose,2,-1,0.5343644618988037,0.19112960994243622,-0.5735955834388733
60,pose,3,-1,0.5390737652778625,0.19218477606773376,-0.5737001895904541
60,pose,4,-1,0.5094696879386902,0.1906827688217163,-0.5742313265800476
60,pose,5,-1,0.5033026337623596,0.19179736077785492,-0.5743761658668518
60,pose,6,-1,0.4974752962589264,0.19327101111412048,-0.5745718479156494
60,pose,7,-1,0.5478419065475464,0.2081301361322403,-0.4148632884025574
60,pose,8,-1,0.49259671568870544,0.20863792300224304,-0.42174646258354187
60,pose,9,-1,0.5296670198440552,0.24493439495563507,-0.5307794213294983
60,pose,10,-1,0.5060330629348755,0.24419498443603516,-0.5326139330863953
60,pose,11,-1,0.5903961658477783,0.3719995319843292,-0.2946600615978241
60,pose,12,-1,0.44693878293037415,0.37601059675216675,-0.30182787775993347
60,pose,13,-1,0.5905610918998718,0.5728273391723633,-0.21746830642223358
60,pose,14,-1,0.4500637352466583,0.5844464302062988,-0.2487398087978363
60,pose,15,-1,0.5914966464042664,0.7618705630302429,-0.31553271412849426
60,pose,16,-1,0.45031818747520447,0.7612223029136658,-0.3581552803516388
60,pose,17,-1,0.593143105506897,0.8166015148162842,-0.3534645438194275
60,pose,18,-1,0.446707546710968,0.8168842792510986,-0.3954263925552368
60,pose,19,-1,0.5909534096717834,0.8219484686851501,-0.3900984823703766
60,pose,20,-1,0.44913923740386963,0.8278517723083496,-0.4407604932785034
60,pose,21,-1,0.5869445204734802,0.8033608198165894,-0.33206069469451904
60,pose,22,-1,0.45383527874946594,0.8082828521728516,-0.380156010389328
60,pose,23,-1,0.5551406741142273,0.7212026715278625,-0.0023529967293143272
60,pose,24,-1,0.4777885377407074,0.7143259048461914,0.0026028831489384174
60,pose,25,-1,0.5411176681518555,0.9265645146369934,-0.013683360069990158
60,pose,26,-1,0.4881078600883484,0.9229099154472351,-0.006215525325387716
60,pose,27,-1,0.5277169346809387,1.1054656505584717,0.3365907669067383
60,pose,28,-1,0.48685422539711,1.1154848337173462,0.31344637274742126
60,pose,29,-1,0.5264740586280823,1.1270332336425781,0.3641282320022583
60,pose,30,-1,0.48750200867652893,1.136471152305603,0.33881238102912903
60,pose,31,-1,0.5229229927062988,1.1876273155212402,0.23387601971626282
60,pose,32,-1,0.4843910336494446,1.1998844146728516,0.17178377509117126
61,hand,0,0,0.6007801294326782,0.8441046476364136,1.1119883680521525e-07
61,hand,1,0,0.5898101329803467,0.8557911515235901,-0.007295066025108099
61,hand,2,0,0.5818756222724915,0.8791617155075073,-0.009364068508148193
61,hand,3,0,0.5765204429626465,0.8991129994392395,-0.010223024524748325
61,hand,4,0,0.5728420615196228,0.9154418706893921,-0.010485446080565453
61,hand,5,0,0.5918564796447754,0.9038008451461792,-0.005605374928563833
61,hand,6,0,0.5824840664863586,0.9293312430381775,-0.009305423125624657
61,hand,7,0,0.576125979423523,0.945033073425293,-0.012286490760743618
61,hand,8,0,0.5715073347091675,0.9578572511672974,-0.014018742367625237
61,hand,9,0,0.5948516130447388,0.905663788318634,-0.0029363653156906366
61,hand,10,0,0.5857518315315247,0.9297510385513306,-0.006683902349323034
61,hand,11,0,0.5793241262435913,0.9440271258354187,-0.008984445594251156
61,hand,12,0,0.5739547610282898,0.9564339518547058,-0.010135224089026451
61,hand,13,0,0.5953219532966614,0.9055222868919373,-0.0009297667420469224
61,hand,14,0,0.5873064398765564,0.928810179233551,-0.004158222582191229
61,hand,15,0,0.5814543962478638,0.9434962272644043,-0.004950001370161772
61,hand,16,0,0.5763506293296814,0.9556823372840881,-0.004854188300669193
61,hand,17,0,0.5943210124969482,0.9043864607810974,0.0003228461428079754
61,hand,18,0,0.5879470705986023,0.9257817268371582,-0.0017203348688781261
61,hand,19,0,0.5828647017478943,0.9394358992576599,-0.001918266760185361
61,hand,20,0,0.5783189535140991,0.9499832987785339,-0.0015129566891118884
61,hand,0,1,0.42885181307792664,0.8393940329551697,-1.8519342503964253e-08
61,hand,1,1,0.44330430030822754,0.8526995182037354,-0.0044439127668738365
61,hand,2,1,0.4491403102874756,0.8785879611968994,-0.005672913044691086
61,hand,3,1,0.45053964853286743,0.9041719436645508,-0.005862652324140072
61,hand,4,1,0.45404431223869324,0.9234301447868347,-0.005299674812704325
61,hand,5,1,0.436280757188797,0.9024242758750916,-0.002771704224869609
61,hand,6,1,0.4401329755783081,0.93135005235672,-0.004156833048909903
61,hand,7,1,0.44441676139831543,0.9454056024551392,-0.0053375824354588985
61,hand,8,1,0.4484297037124634,0.9546530246734619,-0.005826857872307301
61,hand,9,1,0.4281812608242035,0.9036313891410828,-0.0008369276183657348
61,hand,10,1,0.4341208040714264,0.9317152500152588,-0.0010763577884063125
61,hand,11,1,0.43967312574386597,0.9444683194160461,-0.0014077804517000914
61,hand,12,1,0.44468268752098083,0.9520379304885864,-0.0016758468700572848
61,hand,13,1,0.4230114817619324,0.9022848606109619,0.0006928294315002859
61,hand,14,1,0.4289766550064087,0.9286862015724182,6.817829853389412e-05
61,hand,15,1,0.43451887369155884,0.940534770488739,0.0002376904449192807
61,hand,16,1,0.43970611691474915,0.9469372034072876,0.0005380281363613904
61,hand,17,1,0.42018675804138184,0.9004833102226257,0.0018535749986767769
61,hand,18,1,0.4248908460140228,0.9235051274299622,0.0011414607288315892
61,hand,19,1,0.42993471026420593,0.9347476959228516,0.0015102986944839358
61,hand,20,1,0.43486037850379944,0.9411137104034424,0.0022468024399131536
61,pose,0,-1,0.5179819464683533,0.21287719905376434,-0.5912559628486633
61,pose,1,-1,0.5295087695121765,0.1905929297208786,-0.5716952085494995
61,pose,2,-1,0.5346102118492126,0.19120846688747406,-0.5718104839324951
61,pose,3,-1,0.5395118594169617,0.1922512799501419,-0.5718963742256165
61,pose,4,-1,0.5097703337669373,0.19068393111228943,-0.572408139705658
61,pose,5,-1,0.5035040974617004,0.19179433584213257,-0.5725739002227783
61,pose,6,-1,0.49767550826072693,0.19326242804527283,-0.5727846026420593
61,pose,7,-1,0.5481619238853455,0.2081640660762787,-0.4129883050918579
61,pose,8,-1,0.49262186884880066,0.20861861109733582,-0.4191792905330658
61,pose,9,-1,0.5299521684646606,0.24494117498397827,-0.5291818380355835
61,pose,10,-1,0.5061970353126526,0.24419744312763214,-0.5308722853660583
61,pose,11,-1,0.5904039740562439,0.3721199631690979,-0.2904808819293976
61,pose,12,-1,0.4469286799430847,0.37606093287467957,-0.29945477843284607
61,pose,13,-1,0.5915154814720154,0.5766938924789429,-0.21546125411987305
61,pose,14,-1,0.45104891061782837,0.5847960710525513,-0.25159886479377747
61,pose,15,-1,0.5926834344863892,0.7812877297401428,-0.31083253026008606
61,pose,16,-1,0.4543357193470001,0.7649051547050476,-0.3609647750854492
61,pose,17,-1,0.5943813323974609,0.8366543054580688,-0.3474348187446594
61,pose,18,-1,0.45213034749031067,0.8217332363128662,-0.3969458043575287
61,pose,19,-1,0.591414749622345,0.8429380059242249,-0.38428249955177307
61,pose,20,-1,0.4545246362686157,0.8318859934806824,-0.4429132342338562
61,pose,21,-1,0.5874201059341431,0.8212588429450989,-0.3270485997200012
61,pose,22,-1,0.45976439118385315,0.8101435303688049,-0.38185933232307434
61,pose,23,-1,0.5548290014266968,0.7223892211914062,-0.0020445059053599834
61,pose,24,-1,0.47779420018196106,0.716619074344635,0.0023266721982508898
61,pose,25,-1,0.5425840616226196,0.9327769875526428,-0.012776940129697323
61,pose,26,-1,0.486886203289032,0.9387760758399963,-0.019473208114504814
61,pose,27,-1,0.5321112275123596,1.1331279277801514,0.3056250810623169
61,pose,28,-1,0.4843977093696594,1.146592378616333,0.22096557915210724
61,pose,29,-1,0.5309410691261292,1.1551306247711182,0.3258472979068756
61,pose,30,-1,0.4842381179332733,1.1716523170471191,0.2367938607931137
61,pose,31,-1,0.5274672508239746,1.221152663230896,0.18341021239757538
61,pose,32,-1,0.4843837320804596,1.2341471910476685,0.04959070682525635
62,hand,0,0,0.6025213003158569,0.8504745960235596,1.2842014029956772e-07
62,hand,1,0,0.592095136642456,0.8578708171844482,-0.008801340125501156
62,hand,2,0,0.5829697251319885,0.8798754811286926,-0.011696812696754932
62,hand,3,0,0.5766476392745972,0.9003239870071411,-0.012998495250940323
62,hand,4,0,0.5722320079803467,0.9169470071792603,-0.013748419471085072
62,hand,5,0,0.5934258103370667,0.907680869102478,-0.008273818530142307
62,hand,6,0,0.5844607353210449,0.9332156181335449,-0.012674244120717049
62,hand,7,0,0.5784164071083069,0.9497473835945129,-0.01607607677578926
62,hand,8,0,0.5740837454795837,0.9635238647460938,-0.018004555255174637
62,hand,9,0,0.5972946882247925,0.9104498028755188,-0.005082711577415466
62,hand,10,0,0.5888949632644653,0.9359833002090454,-0.009563365951180458
62,hand,11,0,0.583513081073761,0.9538971781730652,-0.0123154167085886
62,hand,12,0,0.5791587233543396,0.9695988297462463,-0.01370339747518301
62,hand,13,0,0.5985584855079651,0.9107790589332581,-0.002512480830773711
62,hand,14,0,0.5904703736305237,0.9340566992759705,-0.006227548234164715
62,hand,15,0,0.5847984552383423,0.9498752951622009,-0.00722099281847477
62,hand,16,0,0.5799251198768616,0.9631670713424683,-0.007154133636504412
62,hand,17,0,0.59861820936203,0.9091677069664001,-0.0007676812820136547
62,hand,18,0,0.5917665958404541,0.9301000833511353,-0.0032138503156602383
62,hand,19,0,0.5868041515350342,0.944072961807251,-0.003444899804890156
62,hand,20,0,0.5824598073959351,0.9548673629760742,-0.0029409488197416067
62,hand,0,1,0.42979273200035095,0.839789092540741,-1.2114504066573772e-08
62,hand,1,1,0.4438314735889435,0.8544486165046692,-0.003595832735300064
62,hand,2,1,0.44967347383499146,0.879991888999939,-0.00475852657109499
62,hand,3,1,0.4513360261917114,0.9051356315612793,-0.005056553054600954
62,hand,4,1,0.4545852541923523,0.9238951206207275,-0.004693862982094288
62,hand,5,1,0.43717971444129944,0.9028341174125671,-0.002565209986642003
62,hand,6,1,0.4404577910900116,0.9315460920333862,-0.003578695235773921
62,hand,7,1,0.4441453218460083,0.9451139569282532,-0.004388787318021059
62,hand,8,1,0.44757163524627686,0.954352080821991,-0.00468455022200942
62,hand,9,1,0.4283868372440338,0.902702808380127,-0.001010371488519013
62,hand,10,1,0.43370434641838074,0.9314804077148438,-0.0008751577115617692
62,hand,11,1,0.43892040848731995,0.9442082643508911,-0.0007611869950778782
62,hand,12,1,0.44331538677215576,0.9519167542457581,-0.0008061015396378934
62,hand,13,1,0.42246541380882263,0.8995251655578613,0.00026381362113170326
62,hand,14,1,0.427406370639801,0.9264134168624878,3.7505815271288157e-05
62,hand,15,1,0.43273070454597473,0.9383504390716553,0.0006354377837851644
62,hand,16,1,0.43758589029312134,0.9443420767784119,0.001152919023297727
62,hand,17,1,0.41877803206443787,0.8956746459007263,0.001244420069269836
62,hand,18,1,0.4218607246875763,0.9186801314353943,0.0010303976014256477
62,hand,19,1,0.426623672246933,0.929875910282135,0.001766131492331624
62,hand,20,1,0.43133801221847534,0.9358152151107788,0.002667606109753251
62,pose,0,-1,0.5182413458824158,0.21294529736042023,-0.6225656270980835
62,pose,1,-1,0.5297003388404846,0.19077187776565552,-0.602971076965332
62,pose,2,-1,0.5347124934196472,0.19137297570705414,-0.6030821204185486
62,pose,3,-1,0.5396672487258911,0.1923682689666748,-0.6031588315963745
62,pose,4,-1,0.5100215673446655,0.19079390168190002,-0.6028744578361511
62,pose,5,-1,0.5037108659744263,0.19187495112419128,-0.6030767560005188
62,pose,6,-1,0.49793440103530884,0.1933271437883377,-0.6033039093017578
62,pose,7,-1,0.5482059121131897,0.2082020342350006,-0.4422999918460846
62,pose,8,-1,0.4927000105381012,0.20862385630607605,-0.44421231746673584
62,pose,9,-1,0.5301176309585571,0.24497434496879578,-0.5599242448806763
62,pose,10,-1,0.5064257979393005,0.24420931935310364,-0.560432493686676
62,pose,11,-1,0.5903676748275757,0.37246930599212646,-0.3166615664958954
62,pose,12,-1,0.44692227244377136,0.37621477246284485,-0.3172299563884735
62,pose,13,-1,0.5920926332473755,0.5821696519851685,-0.24772152304649353
62,pose,14,-1,0.452279269695282,0.5848506689071655,-0.27009278535842896
62,pose,15,-1,0.5930211544036865,0.808474600315094,-0.31746113300323486
62,pose,16,-1,0.45836132764816284,0.767662525177002,-0.37884294986724854
62,pose,17,-1,0.5951576232910156,0.8641101717948914,-0.36380311846733093
62,pose,18,-1,0.45751073956489563,0.8255167007446289,-0.41414400935173035
62,pose,19,-1,0.5907027125358582,0.8685970902442932,-0.391969233751297
62,pose,20,-1,0.46015843749046326,0.8344807028770447,-0.46044203639030457
62,pose,21,-1,0.5876038074493408,0.8430572748184204,-0.332038551568985
62,pose,22,-1,0.46375325322151184,0.8113155961036682,-0.3990432024002075
62,pose,23,-1,0.5548527240753174,0.7237890958786011,-0.003517702454701066
62,pose,24,-1,0.4779678285121918,0.7180370688438416,0.0037612118758261204
62,pose,25,-1,0.5434811115264893,0.9468037486076355,-0.03878123685717583
62,pose,26,-1,0.4864449203014374,0.9478864669799805,-0.03152860701084137
62,pose,27,-1,0.5339294075965881,1.1658135652542114,0.23720087110996246
62,pose,28,-1,0.4820502996444702,1.1853944063186646,0.17007213830947876
62,pose,29,-1,0.532791018486023,1.190583348274231,0.2544613778591156
62,pose,30,-1,0.4820609390735626,1.2155190706253052,0.18198637664318085
62,pose,31,-1,0.5287607312202454,1.2526776790618896,0.09459087252616882
62,pose,32,-1,0.4831275939941406,1.2690484523773193,-0.01345235388725996
63,hand,0,0,0.6049163937568665,0.852319598197937,1.3133966092482297e-07
63,hand,1,0,0.5929258465766907,0.8579185009002686,-0.00894341804087162
63,hand,2,0,0.58349609375,0.8798887133598328,-0.011588224209845066
63,hand,3,0,0.5774576663970947,0.9018496870994568,-0.012490217573940754
63,hand,4,0,0.5725207328796387,0.9186672568321228,-0.012742695398628712
63,hand,5,0,0.5961592197418213,0.90985506772995,-0.00715199438855052
63,hand,6,0,0.5877140164375305,0.9360431432723999,-0.010300611145794392
63,hand,7,0,0.5814284086227417,0.951275646686554,-0.012699870392680168
63,hand,8,0,0.5767595767974854,0.9629250168800354,-0.01399516873061657
63,hand,9,0,0.6009534597396851,0.9119033217430115,-0.003324720775708556
63,hand,10,0,0.5917654037475586,0.935936450958252,-0.006339279934763908
63,hand,11,0,0.5845945477485657,0.9495634436607361,-0.008030029945075512
63,hand,12,0,0.5782704949378967,0.9603949785232544,-0.008814970031380653
63,hand,13,0,0.6029189229011536,0.9114754796028137,-0.0001770834787748754
63,hand,14,0,0.5942203402519226,0.933623731136322,-0.0027995409909635782
63,hand,15,0,0.587567925453186,0.9470049142837524,-0.003117385320365429
63,hand,16,0,0.581346869468689,0.9575906991958618,-0.002757478505373001
63,hand,17,0,0.6033360362052917,0.9100020527839661,0.002134433016180992
63,hand,18,0,0.5959802269935608,0.930419385433197,0.0001534062175778672
63,hand,19,0,0.5902593731880188,0.9433196783065796,0.00010856865992536768
63,hand,20,0,0.5848138332366943,0.9529942870140076,0.0007163523696362972
63,hand,0,1,0.42973482608795166,0.8417766094207764,-1.5360836158606617e-08
63,hand,1,1,0.4440302550792694,0.8552144169807434,-0.0041708992794156075
63,hand,2,1,0.4501439929008484,0.880253255367279,-0.005456326529383659
63,hand,3,1,0.4514448642730713,0.9055148959159851,-0.005801658611744642
63,hand,4,1,0.4545116424560547,0.9249833226203918,-0.0054544382728636265
63,hand,5,1,0.43739962577819824,0.9033518433570862,-0.0029703984037041664
63,hand,6,1,0.440563827753067,0.9322222471237183,-0.004513216204941273
63,hand,7,1,0.4443051517009735,0.9464114904403687,-0.005650968290865421
63,hand,8,1,0.4479542076587677,0.9561043977737427,-0.006098950281739235
63,hand,9,1,0.42867517471313477,0.9047945141792297,-0.0012447687331587076
63,hand,10,1,0.43411681056022644,0.9330548048019409,-0.0014680145541206002
63,hand,11,1,0.43916764855384827,0.9461101293563843,-0.0015280829975381494
63,hand,12,1,0.4437657594680786,0.9541619420051575,-0.0015893594827502966
63,hand,13,1,0.4227469861507416,0.9034990668296814,9.702273382572457e-05
63,hand,14,1,0.42836546897888184,0.9291307330131531,-0.0004248179029673338
63,hand,15,1,0.43351396918296814,0.9407957792282104,7.277029362739995e-05
63,hand,16,1,0.4384468197822571,0.9470933079719543,0.0005973578081466258
63,hand,17,1,0.4189889430999756,0.9014917016029358,0.0010685940505936742
63,hand,18,1,0.42357972264289856,0.9230537414550781,0.00043475153506733477
63,hand,19,1,0.42845267057418823,0.9337162375450134,0.0009843306615948677
63,hand,20,1,0.4332803189754486,0.9397651553153992,0.0018781271064653993
63,pose,0,-1,0.5185806751251221,0.21303820610046387,-0.6449034810066223
63,pose,1,-1,0.5299502611160278,0.19088803231716156,-0.623848021030426
63,pose,2,-1,0.5348671078681946,0.19148997962474823,-0.6239675283432007
63,pose,3,-1,0.5399074554443359,0.19246558845043182,-0.6240519285202026
63,pose,4,-1,0.5102846622467041,0.1908504217863083,-0.6241255402565002
63,pose,5,-1,0.5038782954216003,0.19191324710845947,-0.6243096590042114
63,pose,6,-1,0.49809038639068604,0.19334709644317627,-0.6245139837265015
63,pose,7,-1,0.5482972860336304,0.2082350254058838,-0.4564567506313324
63,pose,8,-1,0.49271485209465027,0.20861883461475372,-0.46037495136260986
63,pose,9,-1,0.5303159952163696,0.24508355557918549,-0.5796539187431335
63,pose,10,-1,0.506636917591095,0.24429988861083984,-0.5808294415473938
63,pose,11,-1,0.5902758836746216,0.37317928671836853,-0.3213735818862915
63,pose,12,-1,0.4469166696071625,0.37690669298171997,-0.32821419835090637
63,pose,13,-1,0.5925810933113098,0.5940524339675903,-0.24681152403354645
63,pose,14,-1,0.4531087875366211,0.5871807336807251,-0.2729713022708893
63,pose,15,-1,0.5979583859443665,0.8334100246429443,-0.3304049074649811
63,pose,16,-1,0.45682471990585327,0.7853036522865295,-0.3843978941440582
63,pose,17,-1,0.5955193638801575,0.891298234462738,-0.37369343638420105
63,pose,18,-1,0.4559789001941681,0.8416496515274048,-0.4201998710632324
63,pose,19,-1,0.5911937952041626,0.8954967856407166,-0.403742253780365
63,pose,20,-1,0.4580307900905609,0.8519794344902039,-0.47056111693382263
63,pose,21,-1,0.5880178809165955,0.8680483102798462,-0.34533703327178955
63,pose,22,-1,0.46232539415359497,0.8312368988990784,-0.4060872793197632
63,pose,23,-1,0.555799126625061,0.7313597202301025,-0.0033141407184302807
63,pose,24,-1,0.47878298163414,0.7257714867591858,0.0035704460460692644
63,pose,25,-1,0.5440542101860046,0.9522353410720825,-0.016647610813379288
63,pose,26,-1,0.484716534614563,0.9823752045631409,-0.02572484128177166
63,pose,27,-1,0.5353039503097534,1.1871364116668701,0.28138214349746704
63,pose,28,-1,0.4806840717792511,1.2126394510269165,0.18655093014240265
63,pose,29,-1,0.5341739058494568,1.2132443189620972,0.30037784576416016
63,pose,30,-1,0.48077481985092163,1.242842435836792,0.2042078673839569
63,pose,31,-1,0.5302513241767883,1.2723277807235718,0.1291743367910385
63,pose,32,-1,0.48298436403274536,1.2987897396087646,0.021032720804214478
64,hand,0,0,0.6071480512619019,0.8548230528831482,1.75778282596184e-07
64,hand,1,0,0.5934925675392151,0.8580532073974609,-0.009842751547694206
64,hand,2,0,0.5840867757797241,0.8789405822753906,-0.013464097864925861
64,hand,3,0,0.5785515904426575,0.9013740420341492,-0.014908138662576675
64,hand,4,0,0.5727083086967468,0.9173930883407593,-0.015714140608906746
64,hand,5,0,0.5974792838096619,0.9112327098846436,-0.010841603390872478
64,hand,6,0,0.5880184769630432,0.941258430480957,-0.014410562813282013
64,hand,7,0,0.5811023116111755,0.957984209060669,-0.0164394062012434
64,hand,8,0,0.5757222771644592,0.970191240310669,-0.01723037101328373
64,hand,9,0,0.6036999225616455,0.9141851663589478,-0.006272342521697283
64,hand,10,0,0.5925102829933167,0.9419997334480286,-0.00969252735376358
64,hand,11,0,0.5835742950439453,0.9564961791038513,-0.010850980877876282
64,hand,12,0,0.5756861567497253,0.9665787220001221,-0.011000710539519787
64,hand,13,0,0.6063150763511658,0.9138010144233704,-0.0021196140442043543
64,hand,14,0,0.5957750678062439,0.9382949471473694,-0.004579141736030579
64,hand,15,0,0.5878603458404541,0.9509236216545105,-0.004405350890010595
64,hand,16,0,0.5806419253349304,0.959570586681366,-0.003642159281298518
64,hand,17,0,0.6066826581954956,0.9114478230476379,0.0012103590415790677
64,hand,18,0,0.5980764031410217,0.9326009750366211,-0.0001937639171956107
64,hand,19,0,0.5913926362991333,0.9445984959602356,0.0003270534798502922
64,hand,20,0,0.5850319266319275,0.9522380232810974,0.0013923088554292917
64,hand,0,1,0.4297662079334259,0.8398625254631042,-1.2152105988150197e-08
64,hand,1,1,0.44388848543167114,0.8553773760795593,-0.0030834784265607595
64,hand,2,1,0.4496489465236664,0.8804018497467041,-0.0038665493484586477
64,hand,3,1,0.45097815990448,0.9048095941543579,-0.003863666905090213
64,hand,4,1,0.4538024961948395,0.9236351251602173,-0.0032262434251606464
64,hand,5,1,0.437566876411438,0.9025506973266602,-0.002163897268474102
64,hand,6,1,0.4405084252357483,0.9310904741287231,-0.0026574991643428802
64,hand,7,1,0.44359567761421204,0.9446216225624084,-0.0030556696001440287
64,hand,8,1,0.44654154777526855,0.9540712833404541,-0.003122019348666072
64,hand,9,1,0.42843323945999146,0.9025011658668518,-0.0008049925090745091
64,hand,10,1,0.4330082833766937,0.9311240911483765,-0.00027960073202848434
64,hand,11,1,0.4378454387187958,0.9436672329902649,6.0534701333381236e-05
64,hand,12,1,0.44188499450683594,0.9507188200950623,0.00017034767370205373
64,hand,13,1,0.4221797287464142,0.8992148637771606,0.00033351537422277033
64,hand,14,1,0.42594143748283386,0.9256260395050049,0.00046295628999359906
64,hand,15,1,0.43105754256248474,0.937436580657959,0.0010119946673512459
64,hand,16,1,0.435676246881485,0.9430321455001831,0.0014409610303118825
64,hand,17,1,0.4182572364807129,0.8951415419578552,0.0012211547000333667
64,hand,18,1,0.42022576928138733,0.9170501232147217,0.0013900046469643712
64,hand,19,1,0.42486706376075745,0.9274619817733765,0.0022240723483264446
64,hand,20,1,0.4295464754104614,0.9323325157165527,0.0031226177234202623
64,pose,0,-1,0.518668532371521,0.21304437518119812,-0.6300461292266846
64,pose,1,-1,0.5300106406211853,0.19089633226394653,-0.6083089113235474
64,pose,2,-1,0.534895658493042,0.19149592518806458,-0.6084352135658264
64,pose,3,-1,0.5399419069290161,0.19246891140937805,-0.6085181832313538
64,pose,4,-1,0.5103408098220825,0.1908513456583023,-0.6089250445365906
64,pose,5,-1,0.5039270520210266,0.19190767407417297,-0.6090952754020691
64,pose,6,-1,0.4981466233730316,0.19333264231681824,-0.6092959046363831
64,pose,7,-1,0.548305869102478,0.208213210105896,-0.44160768389701843
64,pose,8,-1,0.4927368462085724,0.20848804712295532,-0.44626760482788086
64,pose,9,-1,0.5303617715835571,0.24508355557918549,-0.5645454525947571
64,pose,10,-1,0.5067256093025208,0.24430134892463684,-0.5661324858665466
64,pose,11,-1,0.5901370644569397,0.3730909824371338,-0.31554022431373596
64,pose,12,-1,0.44692641496658325,0.3770792782306671,-0.3182198405265808
64,pose,13,-1,0.5929113030433655,0.5959189534187317,-0.22724848985671997
64,pose,14,-1,0.4538234770298004,0.587280809879303,-0.26437506079673767
64,pose,15,-1,0.602141797542572,0.8320258259773254,-0.3232085108757019
64,pose,16,-1,0.4556630849838257,0.7882099151611328,-0.3773876130580902
64,pose,17,-1,0.5995925068855286,0.890194833278656,-0.36372825503349304
64,pose,18,-1,0.45552095770835876,0.8461384773254395,-0.4134294092655182
64,pose,19,-1,0.5924769043922424,0.895798921585083,-0.40147262811660767
64,pose,20,-1,0.45669275522232056,0.8550257086753845,-0.4644959270954132
64,pose,21,-1,0.5897764563560486,0.8683804869651794,-0.34020841121673584
64,pose,22,-1,0.4611145257949829,0.8357491493225098,-0.39929696917533875
64,pose,23,-1,0.5570030212402344,0.7314741611480713,-0.002086982363834977
64,pose,24,-1,0.48004305362701416,0.7278002500534058,0.0023785505909472704
64,pose,25,-1,0.550010621547699,0.9545465707778931,-0.02394811622798443
64,pose,26,-1,0.4852176308631897,0.9901586174964905,-0.032386116683483124
64,pose,27,-1,0.53975510597229,1.1968419551849365,0.26906877756118774
64,pose,28,-1,0.48242947459220886,1.218286395072937,0.19239717721939087
64,pose,29,-1,0.5382336974143982,1.2249232530593872,0.2877451777458191
64,pose,30,-1,0.48247775435447693,1.247998595237732,0.20770035684108734
64,pose,31,-1,0.5373216867446899,1.2800599336624146,0.12308067828416824
64,pose,32,-1,0.4875940978527069,1.3044302463531494,0.012278582900762558
65,hand,0,0,0.6067336201667786,0.8511214852333069,1.4289359739905194e-07
65,hand,1,0,0.5928469300270081,0.8585018515586853,-0.00859351921826601
65,hand,2,0,0.5840486288070679,0.8825074434280396,-0.010995591059327126
65,hand,3,0,0.5790037512779236,0.9056321382522583,-0.011546200141310692
65,hand,4,0,0.5733411908149719,0.9214832186698914,-0.011387419886887074
65,hand,5,0,0.5982716083526611,0.9133630394935608,-0.006489319261163473
65,hand,6,0,0.590117335319519,0.9419661164283752,-0.007956164889037609
65,hand,7,0,0.584494948387146,0.9569350481033325,-0.008919849060475826
65,hand,8,0,0.5805870890617371,0.9674538969993591,-0.00927165150642395
65,hand,9,0,0.6050603985786438,0.9144737720489502,-0.002119786571711302
65,hand,10,0,0.5960583686828613,0.9404078125953674,-0.003496764926239848
65,hand,11,0,0.5886945724487305,0.9512082934379578,-0.0039060646668076515
65,hand,12,0,0.5824397206306458,0.9578022360801697,-0.003763558343052864
65,hand,13,0,0.6085532307624817,0.912062406539917,0.001739700441248715
65,hand,14,0,0.5996958613395691,0.9355838894844055,0.0006718073855154216
65,hand,15,0,0.5930307507514954,0.9460623264312744,0.0011584345484152436
65,hand,16,0,0.5870275497436523,0.95319664478302,0.001891908934339881
65,hand,17,0,0.6094183921813965,0.9083506464958191,0.004828670993447304
65,hand,18,0,0.6018933653831482,0.9294324517250061,0.004183938726782799
65,hand,19,0,0.5959137082099915,0.9399456977844238,0.0048869913443923
65,hand,20,0,0.59033203125,0.9466363191604614,0.005932970903813839
65,hand,0,1,0.4298171103000641,0.8406363725662231,-7.476240071468965e-09
65,hand,1,1,0.44384896755218506,0.8559978008270264,-0.002848503878340125
65,hand,2,1,0.44943296909332275,0.8811303377151489,-0.0038787852972745895
65,hand,3,1,0.4505477845668793,0.9059418439865112,-0.004216622095555067
65,hand,4,1,0.45368993282318115,0.9246299266815186,-0.003992021549493074
65,hand,5,1,0.43785351514816284,0.9031206369400024,-0.0025857784785330296
65,hand,6,1,0.4398270547389984,0.9316363334655762,-0.003611954627558589
65,hand,7,1,0.4426153004169464,0.9453855752944946,-0.004256672225892544
65,hand,8,1,0.4454450011253357,0.9544723033905029,-0.0043794214725494385
65,hand,9,1,0.42855948209762573,0.9023465514183044,-0.0015698655042797327
65,hand,10,1,0.4324236214160919,0.9311443567276001,-0.001301384181715548
65,hand,11,1,0.4367939531803131,0.9436507225036621,-0.0008713302668184042
65,hand,12,1,0.44046369194984436,0.9506429433822632,-0.000659614393953234
65,hand,13,1,0.4220166802406311,0.8985159397125244,-0.0007665746379643679
65,hand,14,1,0.4253999590873718,0.9253714680671692,-0.0008285991498269141
65,hand,15,1,0.4300827085971832,0.9368942975997925,9.93026842479594e-05
65,hand,16,1,0.4341828227043152,0.9421106576919556,0.0008525813464075327
65,hand,17,1,0.4177306294441223,0.8941439390182495,-0.0001954080944415182
65,hand,18,1,0.41976290941238403,0.9174087643623352,-0.0001683135487837717
65,hand,19,1,0.4242033362388611,0.9282748103141785,0.0009393938235007226
65,hand,20,1,0.428568571805954,0.9332791566848755,0.0021203174255788326
65,pose,0,-1,0.5187441110610962,0.2131127268075943,-0.6145421862602234
65,pose,1,-1,0.5300711989402771,0.19095058739185333,-0.5925973653793335
65,pose,2,-1,0.5349254012107849,0.1915314495563507,-0.5927421450614929
65,pose,3,-1,0.5399781465530396,0.19249364733695984,-0.5928141474723816
65,pose,4,-1,0.5104087591171265,0.19089984893798828,-0.5961475372314453
65,pose,5,-1,0.5039899349212646,0.1919362097978592,-0.596316397190094
65,pose,6,-1,0.4982256293296814,0.19334553182125092,-0.5965245962142944
65,pose,7,-1,0.5483086109161377,0.208171084523201,-0.42462778091430664
65,pose,8,-1,0.4927709996700287,0.20839327573776245,-0.44053295254707336
65,pose,9,-1,0.5303951501846313,0.24508462846279144,-0.5484476089477539
65,pose,10,-1,0.5068128705024719,0.24432222545146942,-0.5535021424293518
65,pose,11,-1,0.5898754596710205,0.37256544828414917,-0.2844918966293335
65,pose,12,-1,0.44694337248802185,0.3770868480205536,-0.31619513034820557
65,pose,13,-1,0.5931094884872437,0.5958072543144226,-0.19689495861530304
65,pose,14,-1,0.45366066694259644,0.5872942805290222,-0.260836124420166
65,pose,15,-1,0.6054854989051819,0.8290553092956543,-0.30174198746681213
65,pose,16,-1,0.4550343155860901,0.7905164957046509,-0.3734365999698639
65,pose,17,-1,0.6059350371360779,0.8855223655700684,-0.3394927680492401
65,pose,18,-1,0.4535064697265625,0.8488022685050964,-0.4091430604457855
65,pose,19,-1,0.5965068936347961,0.8942630887031555,-0.38092413544654846
65,pose,20,-1,0.4559246897697449,0.8572085499763489,-0.4592909812927246
65,pose,21,-1,0.5929111242294312,0.8670021295547485,-0.3199688494205475
65,pose,22,-1,0.460830420255661,0.836609423160553,-0.3950805366039276
65,pose,23,-1,0.5578433275222778,0.7309180498123169,0.00181060831528157
65,pose,24,-1,0.4804050326347351,0.7280101776123047,-0.001495789154432714
65,pose,25,-1,0.5554520487785339,0.9580059051513672,-0.021498652175068855
65,pose,26,-1,0.4853121042251587,0.995457649230957,-0.03171322122216225
65,pose,27,-1,0.547069787979126,1.2105849981307983,0.27544668316841125
65,pose,28,-1,0.4833846390247345,1.227782130241394,0.19596175849437714
65,pose,29,-1,0.5447947978973389,1.237976312637329,0.29442059993743896
65,pose,30,-1,0.4832002520561218,1.2590947151184082,0.20993785560131073
65,pose,31,-1,0.5442066788673401,1.2994155883789062,0.12676812708377838
65,pose,32,-1,0.4905758500099182,1.3126654624938965,0.014508616179227829
66,hand,0,0,0.6079042553901672,0.8484935760498047,1.6372091238281428e-07
66,hand,1,0,0.594010591506958,0.8580061793327332,-0.008525148965418339
66,hand,2,0,0.5854745507240295,0.8831374645233154,-0.01083495281636715
66,hand,3,0,0.5804881453514099,0.9066259264945984,-0.011344712227582932
66,hand,4,0,0.5745760202407837,0.9233935475349426,-0.01112169399857521
66,hand,5,0,0.6001469492912292,0.9137105345726013,-0.005854453891515732
66,hand,6,0,0.5908958315849304,0.9429833889007568,-0.0077070752158761024
66,hand,7,0,0.5837504267692566,0.9587163925170898,-0.009177046827971935
66,hand,8,0,0.5783210396766663,0.9699465036392212,-0.009781488217413425
66,hand,9,0,0.6065797209739685,0.9149317145347595,-0.001558543648570776
66,hand,10,0,0.59674471616745,0.9415999054908752,-0.003040410578250885
66,hand,11,0,0.5886080861091614,0.9545506834983826,-0.003726992756128311
66,hand,12,0,0.5815465450286865,0.9637445211410522,-0.003812673268839717
66,hand,13,0,0.6097866296768188,0.912395179271698,0.0021713494788855314
66,hand,14,0,0.6004112958908081,0.9366225600242615,0.0010182742262259126
66,hand,15,0,0.5928943157196045,0.9482703804969788,0.001345505123026669
66,hand,16,0,0.5860861539840698,0.9564932584762573,0.0020165483001619577
66,hand,17,0,0.6105802059173584,0.9084472060203552,0.005102948751300573
66,hand,18,0,0.6026585102081299,0.9306247234344482,0.004537809174507856
66,hand,19,0,0.5960949063301086,0.9424403309822083,0.0053712716326117516
66,hand,20,0,0.5900589227676392,0.9501328468322754,0.006549279671162367
66,hand,0,1,0.42959073185920715,0.8425148725509644,-1.200255628219793e-08
66,hand,1,1,0.4436391294002533,0.8576557040214539,-0.0027876857202500105
66,hand,2,1,0.4488958418369293,0.883008599281311,-0.003884522244334221
66,hand,3,1,0.4496956169605255,0.9075107574462891,-0.004259031265974045
66,hand,4,1,0.45276665687561035,0.9258646965026855,-0.004055693745613098
66,hand,5,1,0.43715810775756836,0.9038485288619995,-0.003805015468969941
66,hand,6,1,0.4400635361671448,0.934453010559082,-0.00553486030548811
66,hand,7,1,0.4442131817340851,0.9486984014511108,-0.006281498819589615
66,hand,8,1,0.4481067359447479,0.9574623107910156,-0.00622818898409605
66,hand,9,1,0.42804574966430664,0.9032040238380432,-0.0028377287089824677
66,hand,10,1,0.432557612657547,0.9341009259223938,-0.0034404462203383446
66,hand,11,1,0.4379956126213074,0.9458552002906799,-0.0027925660833716393
66,hand,12,1,0.4423063397407532,0.9516306519508362,-0.002066568937152624
66,hand,13,1,0.4216355085372925,0.899674117565155,-0.002027202630415559
66,hand,14,1,0.4254654049873352,0.9280682802200317,-0.002605260582640767
66,hand,15,1,0.43106675148010254,0.9387059211730957,-0.0010975018376484513
66,hand,16,1,0.4356280565261841,0.9428763389587402,0.0003615879104472697
66,hand,17,1,0.4175395667552948,0.8954384922981262,-0.0014542966382578015
66,hand,18,1,0.4196343719959259,0.9196395874023438,-0.0015173103893175721
66,hand,19,1,0.4244920015335083,0.9302040338516235,-7.941745934658684e-06
66,hand,20,1,0.42899778485298157,0.9344043731689453,0.0016370401717722416
66,pose,0,-1,0.5188863277435303,0.21314527094364166,-0.5981941819190979
66,pose,1,-1,0.530174195766449,0.19099783897399902,-0.5768287181854248
66,pose,2,-1,0.5349859595298767,0.19157205522060394,-0.5769748091697693
66,pose,3,-1,0.5400699973106384,0.19253431260585785,-0.5770530104637146
66,pose,4,-1,0.5104982256889343,0.19091825187206268,-0.578860342502594
66,pose,5,-1,0.5040561556816101,0.19194398820400238,-0.5790091156959534
66,pose,6,-1,0.4982944130897522,0.1933484822511673,-0.5792049765586853
66,pose,7,-1,0.5483415126800537,0.20815885066986084,-0.41138699650764465
66,pose,8,-1,0.4927879869937897,0.20834600925445557,-0.4215034246444702
66,pose,9,-1,0.5304782390594482,0.24509590864181519,-0.5332728624343872
66,pose,10,-1,0.5069254040718079,0.24435074627399445,-0.5365325808525085
66,pose,11,-1,0.5897719264030457,0.37261128425598145,-0.2770957946777344
66,pose,12,-1,0.44694143533706665,0.3771692216396332,-0.29145142436027527
66,pose,13,-1,0.5934328436851501,0.5978484749794006,-0.19160105288028717
66,pose,14,-1,0.45348885655403137,0.5878585577011108,-0.23500369489192963
66,pose,15,-1,0.6070749759674072,0.8347391486167908,-0.29661643505096436
66,pose,16,-1,0.4526427686214447,0.7985610961914062,-0.3545517027378082
66,pose,17,-1,0.6088666915893555,0.8940341472625732,-0.33485281467437744
66,pose,18,-1,0.4508923888206482,0.8553589582443237,-0.3884401321411133
66,pose,19,-1,0.5979530811309814,0.9014442563056946,-0.3763355314731598
66,pose,20,-1,0.4528757333755493,0.8645608425140381,-0.44121259450912476
66,pose,21,-1,0.5936063528060913,0.8736968040466309,-0.3143831789493561
66,pose,22,-1,0.45873501896858215,0.8439316749572754,-0.37683990597724915
66,pose,23,-1,0.5587285757064819,0.7371262907981873,0.0016348198987543583
66,pose,24,-1,0.48110780119895935,0.7343249917030334,-0.0013273863587528467
66,pose,25,-1,0.5575364232063293,0.970024824142456,-0.04025356099009514
66,pose,26,-1,0.4862287938594818,1.0101417303085327,-0.030358511954545975
66,pose,27,-1,0.5515715479850769,1.2222410440444946,0.27434471249580383
66,pose,28,-1,0.4850209355354309,1.2457244396209717,0.20167416334152222
66,pose,29,-1,0.5495979189872742,1.2487194538116455,0.29444974660873413
66,pose,30,-1,0.48488447070121765,1.2774865627288818,0.2163965106010437
66,pose,31,-1,0.5481613874435425,1.3126981258392334,0.13095179200172424
66,pose,32,-1,0.491685688495636,1.330751657485962,0.02293371967971325
67,hand,0,0,0.6106463074684143,0.8515488505363464,1.3419685274129733e-07
67,hand,1,0,0.5959919095039368,0.8601688742637634,-0.0073560792952775955
67,hand,2,0,0.5862578749656677,0.883782684803009,-0.009648512117564678
67,hand,3,0,0.5808388590812683,0.9073198437690735,-0.010511058382689953
67,hand,4,0,0.5746857523918152,0.9243894219398499,-0.010688486509025097
67,hand,5,0,0.5993621349334717,0.9147112965583801,-0.0050736162811517715
67,hand,6,0,0.5913716554641724,0.9431436657905579,-0.007282880134880543
67,hand,7,0,0.5857834815979004,0.9592347741127014,-0.009110507555305958
67,hand,8,0,0.5817460417747498,0.9711655974388123,-0.010128220543265343
67,hand,9,0,0.6060763001441956,0.9167509078979492,-0.001824334729462862
67,hand,10,0,0.5974341630935669,0.9422979354858398,-0.003798088524490595
67,hand,11,0,0.5905044078826904,0.9545537233352661,-0.004741639364510775
67,hand,12,0,0.5846818089485168,0.9640149474143982,-0.0050948504358530045
67,hand,13,0,0.6098676919937134,0.9150761365890503,0.0009170573321171105
67,hand,14,0,0.6013404130935669,0.9378690719604492,-0.0006822452414780855
67,hand,15,0,0.5945716500282288,0.9469362497329712,9.26545835682191e-05
67,hand,16,0,0.5889449119567871,0.9532008171081543,0.0010318305576220155
67,hand,17,0,0.6115293502807617,0.9120245575904846,0.0029093525372445583
67,hand,18,0,0.6039087176322937,0.9322872161865234,0.0020100902765989304
67,hand,19,0,0.5976554155349731,0.9414731860160828,0.003125512972474098
67,hand,20,0,0.5924502611160278,0.9469730257987976,0.004503293428570032
67,hand,0,1,0.4294222891330719,0.8412356376647949,-1.1733599869501177e-08
67,hand,1,1,0.4433571696281433,0.8562979698181152,-0.003066117176786065
67,hand,2,1,0.44884636998176575,0.881807804107666,-0.004117542877793312
67,hand,3,1,0.44964563846588135,0.9069018959999084,-0.004329567309468985
67,hand,4,1,0.4524250030517578,0.9259451031684875,-0.00390839297324419
67,hand,5,1,0.43642157316207886,0.9041069149971008,-0.0033289138227701187
67,hand,6,1,0.43893036246299744,0.9345487952232361,-0.004409851972013712
67,hand,7,1,0.4425113797187805,0.9482157826423645,-0.004966221749782562
67,hand,8,1,0.4458239674568176,0.9570338726043701,-0.004948703106492758
67,hand,9,1,0.42728570103645325,0.9032596945762634,-0.001965403789654374
67,hand,10,1,0.43177253007888794,0.9339680671691895,-0.001955624669790268
67,hand,11,1,0.43695855140686035,0.946134090423584,-0.0013454263098537922
67,hand,12,1,0.44099435210227966,0.9527838826179504,-0.0008764969534240663
67,hand,13,1,0.42105603218078613,0.8993927836418152,-0.0007555361371487379
67,hand,14,1,0.4248446226119995,0.9279685020446777,-0.0009457157575525343
67,hand,15,1,0.43025854229927063,0.9391133189201355,0.00028571963775902987
67,hand,16,1,0.43475356698036194,0.9441172480583191,0.0013658921234309673
67,hand,17,1,0.4172441363334656,0.8948769569396973,0.00021661532809957862
67,hand,18,1,0.4192793369293213,0.9191333055496216,0.000294979166937992
67,hand,19,1,0.42411500215530396,0.9299441576004028,0.0016013237182050943
67,hand,20,1,0.4285758137702942,0.9348455667495728,0.0029676291160285473
67,pose,0,-1,0.5189903378486633,0.21316970884799957,-0.5985397696495056
67,pose,1,-1,0.5302606821060181,0.19103340804576874,-0.5776004791259766
67,pose,2,-1,0.5350446701049805,0.1916033774614334,-0.577745795249939
67,pose,3,-1,0.5401706695556641,0.19256645441055298,-0.5778194069862366
67,pose,4,-1,0.5105600953102112,0.19094087183475494,-0.5793381929397583
67,pose,5,-1,0.5040976405143738,0.19195812940597534,-0.5794827938079834
67,pose,6,-1,0.4983361065387726,0.1933560073375702,-0.5796734094619751
67,pose,7,-1,0.5484018325805664,0.20815643668174744,-0.413526713848114
67,pose,8,-1,0.49279412627220154,0.2083272486925125,-0.42172858119010925
67,pose,9,-1,0.5305997729301453,0.2451067566871643,-0.5339136123657227
67,pose,10,-1,0.5069940686225891,0.24437786638736725,-0.5367759466171265
67,pose,11,-1,0.5897024273872375,0.37285929918289185,-0.28020569682121277
67,pose,12,-1,0.4469349682331085,0.37715408205986023,-0.2913513779640198
67,pose,13,-1,0.5937069654464722,0.5996841788291931,-0.19997529685497284
67,pose,14,-1,0.4529130756855011,0.59056156873703,-0.23420926928520203
67,pose,15,-1,0.6076482534408569,0.8365514874458313,-0.3093610405921936
67,pose,16,-1,0.4486793279647827,0.8086080551147461,-0.35499289631843567
67,pose,17,-1,0.6097971796989441,0.8971121907234192,-0.3483261168003082
67,pose,18,-1,0.4456957280635834,0.8644243478775024,-0.3891177475452423
67,pose,19,-1,0.5985183715820312,0.9044660329818726,-0.3874347507953644
67,pose,20,-1,0.449226438999176,0.8706743717193604,-0.44160714745521545
67,pose,21,-1,0.5938953161239624,0.8765750527381897,-0.32664310932159424
67,pose,22,-1,0.45503705739974976,0.8514909744262695,-0.37719014286994934
67,pose,23,-1,0.5588704347610474,0.7418678998947144,-0.0009451790247112513
67,pose,24,-1,0.4810909032821655,0.7382087111473083,0.0012397741666063666
67,pose,25,-1,0.5581395626068115,0.9737871885299683,-0.0425720177590847
67,pose,26,-1,0.4862581491470337,1.0013705492019653,-0.02672375924885273
67,pose,27,-1,0.5514872074127197,1.2345826625823975,0.2532733678817749
67,pose,28,-1,0.48500552773475647,1.2553813457489014,0.1920270472764969
67,pose,29,-1,0.5495861172676086,1.262128233909607,0.2716595530509949
67,pose,30,-1,0.48488375544548035,1.2895424365997314,0.20443491637706757
67,pose,31,-1,0.5474757552146912,1.325543761253357,0.10516726225614548
67,pose,32,-1,0.4915391206741333,1.3371723890304565,0.009899049997329712
68,hand,0,0,0.6093086004257202,0.8532594442367554,1.4384487201368756e-07
68,hand,1,0,0.5952426195144653,0.8616069555282593,-0.008360546082258224
68,hand,2,0,0.5861128568649292,0.8835514783859253,-0.01140233688056469
68,hand,3,0,0.5800657272338867,0.9071844220161438,-0.01270371861755848
68,hand,4,0,0.5735960006713867,0.9245697855949402,-0.013316868804395199
68,hand,5,0,0.5989353060722351,0.9148502349853516,-0.006981855724006891
68,hand,6,0,0.5897860527038574,0.9447255730628967,-0.009118118323385715
68,hand,7,0,0.5843752026557922,0.9613892436027527,-0.010793806985020638
68,hand,8,0,0.5811276435852051,0.9745469093322754,-0.011727708391845226
68,hand,9,0,0.60602205991745,0.9173955917358398,-0.0031080369371920824
68,hand,10,0,0.5967118740081787,0.9444907903671265,-0.00471396604552865
68,hand,11,0,0.5900880098342896,0.9568432569503784,-0.005440487992018461
68,hand,12,0,0.5853104591369629,0.9664958119392395,-0.005753685254603624
68,hand,13,0,0.6102181673049927,0.9159258008003235,0.0003339668328408152
68,hand,14,0,0.6016051769256592,0.9399120807647705,-0.0007438099128194153
68,hand,15,0,0.5949903130531311,0.9490011930465698,0.00024082951131276786
68,hand,16,0,0.5899004340171814,0.955321192741394,0.001141660613939166
68,hand,17,0,0.6117218136787415,0.9132028222084045,0.0029692656826227903
68,hand,18,0,0.604347288608551,0.9342404007911682,0.0022784913890063763
68,hand,19,0,0.5982621312141418,0.9428596496582031,0.0035031093284487724
68,hand,20,0,0.5934781432151794,0.9477046728134155,0.004890406969934702
68,hand,0,1,0.42894548177719116,0.8400035500526428,-2.307153934566486e-08
68,hand,1,1,0.44356298446655273,0.8555043935775757,-0.0025362952146679163
68,hand,2,1,0.44870272278785706,0.8815664052963257,-0.0030004095751792192
68,hand,3,1,0.44922980666160583,0.9070984721183777,-0.002764389617368579
68,hand,4,1,0.4517430365085602,0.9260087013244629,-0.0018947492353618145
68,hand,5,1,0.4363875687122345,0.9031818509101868,-0.00156912743113935
68,hand,6,1,0.4388095736503601,0.932632565498352,-0.0016127374256029725
68,hand,7,1,0.44184204936027527,0.9452930688858032,-0.001511200563982129
68,hand,8,1,0.4445953965187073,0.9527752995491028,-0.0011537035461515188
68,hand,9,1,0.4269976019859314,0.9029332995414734,-0.00021161447511985898
68,hand,10,1,0.4317782521247864,0.9322090148925781,0.0006701610400341451
68,hand,11,1,0.4366992712020874,0.9429340362548828,0.0014353072037920356
68,hand,12,1,0.4404922127723694,0.9478352069854736,0.0018970846431329846
68,hand,13,1,0.42070940136909485,0.8996804356575012,0.0009849925991147757
68,hand,14,1,0.42476072907447815,0.9270656108856201,0.0014870298327878118
68,hand,15,1,0.4297845661640167,0.9373947978019714,0.002486612880602479
68,hand,16,1,0.434039443731308,0.9414705634117126,0.0032359540928155184
68,hand,17,1,0.41704440116882324,0.8957527875900269,0.0019858030136674643
68,hand,18,1,0.4192582070827484,0.9185979962348938,0.0026508604642003775
68,hand,19,1,0.4237682819366455,0.9289649128913879,0.003809058340266347
68,hand,20,1,0.42818519473075867,0.9333844184875488,0.004904393572360277
68,pose,0,-1,0.5188843607902527,0.21317444741725922,-0.60882568359375
68,pose,1,-1,0.5302431583404541,0.19102682173252106,-0.5900835394859314
68,pose,2,-1,0.5350456237792969,0.1915968954563141,-0.5902107954025269
68,pose,3,-1,0.540166437625885,0.19256319105625153,-0.5902860760688782
68,pose,4,-1,0.510476291179657,0.19093091785907745,-0.5903151631355286
68,pose,5,-1,0.5040342211723328,0.19194398820400238,-0.5904515981674194
68,pose,6,-1,0.49824824929237366,0.19332082569599152,-0.5906287431716919
68,pose,7,-1,0.5484121441841125,0.20814074575901031,-0.43038496375083923
68,pose,8,-1,0.4927810728549957,0.2082420140504837,-0.4314486086368561
68,pose,9,-1,0.5305745005607605,0.2451232373714447,-0.5455446839332581
68,pose,10,-1,0.5069001913070679,0.2443816065788269,-0.5462546944618225
68,pose,11,-1,0.5897004008293152,0.373723566532135,-0.2989359498023987
68,pose,12,-1,0.4468156397342682,0.3771514892578125,-0.2918892204761505
68,pose,13,-1,0.5945967435836792,0.6049913763999939,-0.21268029510974884
68,pose,14,-1,0.4507997930049896,0.5925825238227844,-0.23344726860523224
68,pose,15,-1,0.6076257824897766,0.8423842191696167,-0.31511390209198
68,pose,16,-1,0.445077121257782,0.8148196935653687,-0.3552905023097992
68,pose,17,-1,0.6104289293289185,0.9054506421089172,-0.35583582520484924
68,pose,18,-1,0.4419083297252655,0.8687334656715393,-0.3896248936653137
68,pose,19,-1,0.5985106825828552,0.9114125370979309,-0.39842304587364197
68,pose,20,-1,0.4460144340991974,0.8752240538597107,-0.4429650604724884
68,pose,21,-1,0.5938652753829956,0.884605348110199,-0.3327692449092865
68,pose,22,-1,0.45109739899635315,0.8569530844688416,-0.3774591088294983
68,pose,23,-1,0.5588572025299072,0.7474116683006287,-0.004925996530801058
68,pose,24,-1,0.4804748594760895,0.7408485412597656,0.00520940450951457
68,pose,25,-1,0.559205174446106,0.9789937138557434,-0.05709453299641609
68,pose,26,-1,0.4862588346004486,1.0192512273788452,-0.02522975206375122
68,pose,27,-1,0.5539185404777527,1.2506054639816284,0.2457353174686432
68,pose,28,-1,0.4844817817211151,1.2737480401992798,0.1910458356142044
68,pose,29,-1,0.552111029624939,1.2790284156799316,0.2646978497505188
68,pose,30,-1,0.48415607213974,1.3126496076583862,0.20316378772258759
68,pose,31,-1,0.548335075378418,1.3452025651931763,0.09142731875181198
68,pose,32,-1,0.4895877242088318,1.3532823324203491,0.001653454382903874
69,hand,0,0,0.6092079877853394,0.8516910672187805,1.417407560211359e-07
69,hand,1,0,0.5949639081954956,0.8599439859390259,-0.008135801181197166
69,hand,2,0,0.5850310921669006,0.8829438090324402,-0.010751103051006794
69,hand,3,0,0.5790002942085266,0.9065227508544922,-0.011575854383409023
69,hand,4,0,0.5731546878814697,0.9242546558380127,-0.011710043996572495
69,hand,5,0,0.5986835956573486,0.9156160950660706,-0.0061455839313566685
69,hand,6,0,0.5899285078048706,0.944860577583313,-0.007889715023338795
69,hand,7,0,0.5842756628990173,0.9609219431877136,-0.00942282285541296
69,hand,8,0,0.5805520415306091,0.9732670783996582,-0.010266873054206371
69,hand,9,0,0.6052238941192627,0.9180348515510559,-0.0022470431867986917
69,hand,10,0,0.5957614183425903,0.9447216987609863,-0.003498965175822377
69,hand,11,0,0.5889573693275452,0.9585368633270264,-0.0043775602243840694
69,hand,12,0,0.5836145281791687,0.9692250490188599,-0.004849382676184177
69,hand,13,0,0.6088526844978333,0.9163565635681152,0.0012027961201965809
69,hand,14,0,0.5999352335929871,0.9400960803031921,0.000506778247654438
69,hand,15,0,0.5933146476745605,0.9530611634254456,0.0009588717366568744
69,hand,16,0,0.5876159071922302,0.9631601572036743,0.0013879641192033887
69,hand,17,0,0.6101131439208984,0.9128860831260681,0.003881709882989526
69,hand,18,0,0.6024619340896606,0.9345062971115112,0.00363941234536469
69,hand,19,0,0.5966651439666748,0.9465630054473877,0.004654313437640667
69,hand,20,0,0.5914737582206726,0.9548647403717041,0.005771222990006208
69,hand,0,1,0.4292771816253662,0.8415047526359558,-1.0612501100126792e-08
69,hand,1,1,0.4433824121952057,0.8573925495147705,-0.0027367945294827223
69,hand,2,1,0.4485732913017273,0.8834590911865234,-0.0035430192947387695
69,hand,3,1,0.4493299424648285,0.9087883830070496,-0.0035888412967324257
69,hand,4,1,0.45239028334617615,0.9272379875183105,-0.0030336540658026934
69,hand,5,1,0.43684303760528564,0.904189944267273,-0.002503626747056842
69,hand,6,1,0.43932607769966125,0.9342020750045776,-0.003415989223867655
69,hand,7,1,0.44286075234413147,0.9478234648704529,-0.003940192051231861
69,hand,8,1,0.4463748633861542,0.9565451741218567,-0.003901398042216897
69,hand,9,1,0.4277644157409668,0.9030600786209106,-0.0012700629886239767
69,hand,10,1,0.43215999007225037,0.9330774545669556,-0.0011312830029055476
69,hand,11,1,0.43714985251426697,0.9455376267433167,-0.0006718958611600101
69,hand,12,1,0.4412805736064911,0.9524517059326172,-0.000334565294906497
69,hand,13,1,0.4215352535247803,0.8990102410316467,-0.00020041913376189768
69,hand,14,1,0.42525044083595276,0.927152156829834,-0.00031226250575855374
69,hand,15,1,0.43039074540138245,0.9392120838165283,0.0006335373618640006
69,hand,16,1,0.43488943576812744,0.94508296251297,0.001479103695601225
69,hand,17,1,0.41773536801338196,0.8944888710975647,0.0006818458787165582
69,hand,18,1,0.41961929202079773,0.9188179969787598,0.0008718928438611329
69,hand,19,1,0.42419353127479553,0.9302361607551575,0.00207542278803885
69,hand,20,1,0.42860034108161926,0.9357790350914001,0.003311040112748742
69,pose,0,-1,0.5186892151832581,0.21319566667079926,-0.6102786660194397
69,pose,1,-1,0.5301688313484192,0.19100958108901978,-0.592231810092926
69,pose,2,-1,0.5350120663642883,0.19157782196998596,-0.592352569103241
69,pose,3,-1,0.5400803685188293,0.19254691898822784,-0.5924168825149536
69,pose,4,-1,0.5103829503059387,0.19092705845832825,-0.5926805138587952
69,pose,5,-1,0.5039814710617065,0.1919415295124054,-0.5928383469581604
69,pose,6,-1,0.4981828033924103,0.1933116763830185,-0.5930264592170715
69,pose,7,-1,0.5484138131141663,0.20814046263694763,-0.4336528778076172
69,pose,8,-1,0.4927760362625122,0.2081497311592102,-0.4358786642551422
69,pose,9,-1,0.5305071473121643,0.2451910823583603,-0.5474201440811157
69,pose,10,-1,0.5067471861839294,0.2444162666797638,-0.5483111143112183
69,pose,11,-1,0.5897284746170044,0.3749958872795105,-0.2995906472206116
69,pose,12,-1,0.4466303884983063,0.37697839736938477,-0.29859116673469543
69,pose,13,-1,0.5950790047645569,0.6064275503158569,-0.21300183236598969
69,pose,14,-1,0.4491707980632782,0.5932960510253906,-0.23963351547718048
69,pose,15,-1,0.6078329086303711,0.8400437831878662,-0.3181227147579193
69,pose,16,-1,0.44382160902023315,0.814636766910553,-0.3651612102985382
69,pose,17,-1,0.6104863882064819,0.8996642231941223,-0.35877928137779236
69,pose,18,-1,0.44136470556259155,0.8689060807228088,-0.39963608980178833
69,pose,19,-1,0.5987716913223267,0.9057935476303101,-0.39970192313194275
69,pose,20,-1,0.4450962245464325,0.8760040402412415,-0.45400720834732056
69,pose,21,-1,0.5939313173294067,0.8795152902603149,-0.3352271616458893
69,pose,22,-1,0.4497092366218567,0.8570116758346558,-0.3878747522830963
69,pose,23,-1,0.5588456988334656,0.7470384836196899,-0.004811262246221304
69,pose,24,-1,0.48024433851242065,0.7407429218292236,0.005089562851935625
69,pose,25,-1,0.5607382655143738,0.9790124893188477,-0.05106418952345848
69,pose,26,-1,0.4878302216529846,1.020227313041687,-0.024863505735993385
69,pose,27,-1,0.5613963007926941,1.2521010637283325,0.2478969842195511
69,pose,28,-1,0.4871136248111725,1.2731560468673706,0.1843269020318985
69,pose,29,-1,0.5597037076950073,1.2816970348358154,0.2662174701690674
69,pose,30,-1,0.4864627718925476,1.312045693397522,0.1955985277891159
69,pose,31,-1,0.5564266443252563,1.3460458517074585,0.09154307097196579
69,pose,32,-1,0.49277666211128235,1.3530070781707764,-0.008445817045867443
