frame,part,index,hand_index,x,y,z
1,hand,0,0,0.6004043817520142,0.8334861397743225,9.352972085707734e-08
1,hand,1,0,0.5862528681755066,0.8398839235305786,-0.007581171113997698
1,hand,2,0,0.5769845843315125,0.862195611000061,-0.010188753716647625
1,hand,3,0,0.5713813304901123,0.8865678906440735,-0.010912353172898293
1,hand,4,0,0.5657268166542053,0.9041334390640259,-0.010877146385610104
1,hand,5,0,0.5903202891349792,0.8884901404380798,-0.00941554456949234
1,hand,6,0,0.5810824632644653,0.9192521572113037,-0.01193943526595831
1,hand,7,0,0.5736579895019531,0.9281529188156128,-0.012700580060482025
1,hand,8,0,0.5679593086242676,0.93110191822052,-0.012619996443390846
1,hand,9,0,0.5981240272521973,0.8925383687019348,-0.005519270896911621
1,hand,10,0,0.5894753336906433,0.922334611415863,-0.007074689958244562
1,hand,11,0,0.5822697281837463,0.9289855360984802,-0.006775300949811935
1,hand,12,0,0.5764816999435425,0.9307649731636047,-0.006265553645789623
1,hand,13,0,0.6024689078330994,0.8920474648475647,-0.0018839094555005431
1,hand,14,0,0.5945123434066772,0.9176952838897705,-0.00276659126393497
1,hand,15,0,0.5877709984779358,0.9238463640213013,-0.001974219223484397
1,hand,16,0,0.5819863677024841,0.9264475703239441,-0.0013282233849167824
1,hand,17,0,0.6038585305213928,0.888816237449646,0.0011752964928746223
1,hand,18,0,0.5975171327590942,0.9095876216888428,0.0007787109934724867
1,hand,19,0,0.5914685726165771,0.917320966720581,0.0016056385356932878
1,hand,20,0,0.5863388776779175,0.9210947155952454,0.0025315480306744576
1,hand,0,1,0.4422728419303894,0.8318027853965759,-1.4095663303237416e-08
1,hand,1,1,0.4581485390663147,0.8374671936035156,-0.0038299644365906715
1,hand,2,1,0.4669426679611206,0.8601344227790833,-0.0053729345090687275
1,hand,3,1,0.4714762270450592,0.8846420645713806,-0.005837087519466877
1,hand,4,1,0.47572463750839233,0.9032605290412903,-0.005742543376982212
1,hand,5,1,0.4574511647224426,0.8829895853996277,-0.007111764047294855
1,hand,6,1,0.4634406268596649,0.9159867167472839,-0.009467920288443565
1,hand,7,1,0.46852144598960876,0.9313945174217224,-0.010337073355913162
1,hand,8,1,0.472691148519516,0.9402685761451721,-0.010311617515981197
1,hand,9,1,0.44764137268066406,0.8872518539428711,-0.005904728081077337
1,hand,10,1,0.4547412395477295,0.9204208254814148,-0.007160005159676075
1,hand,11,1,0.46165749430656433,0.9351396560668945,-0.007061643525958061
1,hand,12,1,0.4673107862472534,0.9423012137413025,-0.006763780489563942
1,hand,13,1,0.44030240178108215,0.887627124786377,-0.004703234881162643
1,hand,14,1,0.44672805070877075,0.9180765151977539,-0.005769101437181234
1,hand,15,1,0.4532582461833954,0.931093156337738,-0.005338698625564575
1,hand,16,1,0.4586367905139923,0.9372865557670593,-0.004706099629402161
1,hand,17,1,0.43543604016304016,0.886296272277832,-0.0037073642015457153
1,hand,18,1,0.4391910135746002,0.9116060137748718,-0.0044479090720415115
1,hand,19,1,0.44465094804763794,0.9234737753868103,-0.00378898112103343
1,hand,20,1,0.4500047266483307,0.9295027852058411,-0.0027889173943549395
1,pose,0,-1,0.5172005295753479,0.2190573811531067,-0.5593888163566589
1,pose,1,-1,0.5270707011222839,0.19780248403549194,-0.5374793410301208
1,pose,2,-1,0.5323638319969177,0.1988292932510376,-0.5375569462776184
1,pose,3,-1,0.5368565320968628,0.2002851366996765,-0.5377259850502014
1,pose,4,-1,0.508720338344574,0.1981607973575592,-0.5347236394882202
1,pose,5,-1,0.50336092710495,0.19951102137565613,-0.534845232963562
1,pose,6,-1,0.4990462362766266,0.20108816027641296,-0.5349382758140564
1,pose,7,-1,0.5442260503768921,0.2149774730205536,-0.4010765850543976
1,pose,8,-1,0.4925563931465149,0.21770021319389343,-0.39037200808525085
1,pose,9,-1,0.5293856263160706,0.24861343204975128,-0.5079331398010254
1,pose,10,-1,0.5062075853347778,0.24639476835727692,-0.5048764944076538
1,pose,11,-1,0.5866913199424744,0.37525323033332825,-0.3214733302593231
1,pose,12,-1,0.4472452998161316,0.38634374737739563,-0.29610806703567505
1,pose,13,-1,0.6003980040550232,0.5888372659683228,-0.3000451624393463
1,pose,14,-1,0.4469866156578064,0.6011765003204346,-0.26723167300224304
1,pose,15,-1,0.6005123257637024,0.8088032603263855,-0.3747328817844391
1,pose,16,-1,0.44918525218963623,0.8137940168380737,-0.34705421328544617
1,pose,17,-1,0.6010986566543579,0.8756917715072632,-0.41590049862861633
1,pose,18,-1,0.4463185966014862,0.8788779377937317,-0.37844589352607727
1,pose,19,-1,0.5858426690101624,0.8758736252784729,-0.438550740480423
1,pose,20,-1,0.4606064558029175,0.8755909204483032,-0.41364288330078125
1,pose,21,-1,0.5819315314292908,0.8530524969100952,-0.38444796204566956
1,pose,22,-1,0.4643433392047882,0.8547662496566772,-0.3618570566177368
1,pose,23,-1,0.5575748085975647,0.6655617952346802,-0.013574029318988323
1,pose,24,-1,0.4841196835041046,0.6737040281295776,0.013499208725988865
1,pose,25,-1,0.5539416670799255,0.8380750417709351,-0.28549057245254517
1,pose,26,-1,0.48421767354011536,0.9094861745834351,-0.18606451153755188
1,pose,27,-1,0.5466834902763367,1.023500680923462,0.07760939747095108
1,pose,28,-1,0.4912464916706085,1.0378739833831787,0.2081870287656784
1,pose,29,-1,0.5456584692001343,1.0466821193695068,0.10909140110015869
1,pose,30,-1,0.49419111013412476,1.047906756401062,0.24449634552001953
1,pose,31,-1,0.5496993660926819,1.103450059890747,-0.005981710273772478
1,pose,32,-1,0.49066174030303955,1.1181721687316895,0.12502168118953705
2,hand,0,0,0.5994694828987122,0.836983859539032,1.429501139682543e-07
2,hand,1,0,0.5847756266593933,0.8421064019203186,-0.008226309902966022
2,hand,2,0,0.5749208331108093,0.863192081451416,-0.011944468133151531
2,hand,3,0,0.5692832469940186,0.8871555328369141,-0.01356430072337389
2,hand,4,0,0.5629683136940002,0.9048514366149902,-0.014659267850220203
2,hand,5,0,0.5871654152870178,0.8916281461715698,-0.012581797316670418
2,hand,6,0,0.5766474604606628,0.9240126013755798,-0.016093185171484947
2,hand,7,0,0.5680663585662842,0.936150074005127,-0.01728237047791481
2,hand,8,0,0.5612807869911194,0.9422887563705444,-0.017354382202029228
2,hand,9,0,0.5949194431304932,0.8964428901672363,-0.00863019097596407
2,hand,10,0,0.5844149589538574,0.92864590883255,-0.011415984481573105
2,hand,11,0,0.5754377841949463,0.9365720748901367,-0.011315474286675453
2,hand,12,0,0.5684395432472229,0.9391515254974365,-0.010639706626534462
2,hand,13,0,0.5992229580879211,0.8966678977012634,-0.004735327325761318
2,hand,14,0,0.5899463891983032,0.9236382246017456,-0.006212375592440367
2,hand,15,0,0.5816455483436584,0.9318956136703491,-0.005280456971377134
2,hand,16,0,0.5746201872825623,0.9362218976020813,-0.004426972940564156
2,hand,17,0,0.6009628176689148,0.8938179612159729,-0.0014229598455131054
2,hand,18,0,0.5935884118080139,0.9164919257164001,-0.0020130695775151253
2,hand,19,0,0.586409330368042,0.924921452999115,-0.0008440097444690764
2,hand,20,0,0.5805835723876953,0.9287952184677124,0.00045043000136502087
2,hand,0,1,0.4449494481086731,0.8277274370193481,2.084913042210701e-08
2,hand,1,1,0.46118274331092834,0.8358691930770874,-0.0033114764373749495
2,hand,2,1,0.470719575881958,0.8594355583190918,-0.004748779349029064
2,hand,3,1,0.4745792746543884,0.8849421143531799,-0.005307410378009081
2,hand,4,1,0.4795446991920471,0.9034201502799988,-0.005388470832258463
2,hand,5,1,0.4611612856388092,0.8837253451347351,-0.006141101010143757
2,hand,6,1,0.4671832025051117,0.916300356388092,-0.008381078019738197
2,hand,7,1,0.47205355763435364,0.9331209063529968,-0.009327714331448078
2,hand,8,1,0.4764403998851776,0.9443228244781494,-0.009531788527965546
2,hand,9,1,0.4506374001502991,0.8880879282951355,-0.005421567242592573
2,hand,10,1,0.4580996632575989,0.9213730692863464,-0.006709281820803881
2,hand,11,1,0.4650748670101166,0.9374025464057922,-0.006616951897740364
2,hand,12,1,0.47071573138237,0.9463841319084167,-0.006338360253721476
2,hand,13,1,0.44249412417411804,0.8882492184638977,-0.004730539862066507
2,hand,14,1,0.44913285970687866,0.9185488224029541,-0.005672721192240715
2,hand,15,1,0.4557291865348816,0.9317814707756042,-0.004809604026377201
2,hand,16,1,0.4607941210269928,0.9385795593261719,-0.003912534099072218
2,hand,17,1,0.43666842579841614,0.8863738179206848,-0.0042854598723351955
2,hand,18,1,0.44140148162841797,0.9108384847640991,-0.0049291267059743404
2,hand,19,1,0.4471489489078522,0.922446608543396,-0.003917890600860119
2,hand,20,1,0.4519599676132202,0.9289628267288208,-0.002623158972710371
2,pose,0,-1,0.5172231793403625,0.21927186846733093,-0.6401548981666565
2,pose,1,-1,0.5273697972297668,0.19833411276340485,-0.6193884015083313
2,pose,2,-1,0.5328271389007568,0.19922415912151337,-0.6194709539413452
2,pose,3,-1,0.5375791192054749,0.20057062804698944,-0.6196252107620239
2,pose,4,-1,0.5088475942611694,0.19833341240882874,-0.6158776879310608
2,pose,5,-1,0.5033590197563171,0.1995512992143631,-0.616053581237793
2,pose,6,-1,0.4987697899341583,0.20108672976493835,-0.6161935329437256
2,pose,7,-1,0.5457531809806824,0.21501649916172028,-0.4789744019508362
2,pose,8,-1,0.49252045154571533,0.21713626384735107,-0.4665469825267792
2,pose,9,-1,0.5294015407562256,0.2491563856601715,-0.5869883298873901
2,pose,10,-1,0.5062025189399719,0.24750420451164246,-0.5834721326828003
2,pose,11,-1,0.5865408182144165,0.3749596178531647,-0.3868037164211273
2,pose,12,-1,0.4475342631340027,0.3849290609359741,-0.3461077809333801
2,pose,13,-1,0.5999189019203186,0.5956189632415771,-0.3489269018173218
2,pose,14,-1,0.44741445779800415,0.6013647317886353,-0.2942999303340912
2,pose,15,-1,0.5990192294120789,0.8203902244567871,-0.4178757667541504
2,pose,16,-1,0.450080931186676,0.8136579394340515,-0.371353417634964
2,pose,17,-1,0.5993661880493164,0.8817629814147949,-0.4599469304084778
2,pose,18,-1,0.4468975365161896,0.8785108923912048,-0.40277165174484253
2,pose,19,-1,0.5850148797035217,0.8807874917984009,-0.4874591827392578
2,pose,20,-1,0.46093854308128357,0.874982476234436,-0.44380202889442444
2,pose,21,-1,0.5814052820205688,0.8617287874221802,-0.42896461486816406
2,pose,22,-1,0.4653339385986328,0.8548070192337036,-0.38815438747406006
2,pose,23,-1,0.5575962066650391,0.6703146696090698,-0.015262446366250515
2,pose,24,-1,0.48327428102493286,0.6760293245315552,0.015193340368568897
2,pose,25,-1,0.5458120703697205,0.8902508616447449,-0.1719648241996765
2,pose,26,-1,0.49742186069488525,0.9304788708686829,-0.09837093204259872
2,pose,27,-1,0.5434370040893555,1.043119192123413,0.19908536970615387
2,pose,28,-1,0.4936186969280243,1.077379822731018,0.22658509016036987
2,pose,29,-1,0.543973982334137,1.0615437030792236,0.23063784837722778
2,pose,30,-1,0.49535322189331055,1.0942360162734985,0.255885511636734
2,pose,31,-1,0.5446669459342957,1.1177411079406738,0.13061374425888062
2,pose,32,-1,0.49085700511932373,1.1557585000991821,0.12960201501846313
3,hand,0,0,0.5968065857887268,0.8377537727355957,1.4190199237873458e-07
3,hand,1,0,0.5821810364723206,0.8444618582725525,-0.007789052091538906
3,hand,2,0,0.5727255344390869,0.8651931881904602,-0.011275076307356358
3,hand,3,0,0.56758713722229,0.8887710571289062,-0.012738561257719994
3,hand,4,0,0.5616840720176697,0.9069331884384155,-0.013658396899700165
3,hand,5,0,0.5847253799438477,0.8945528268814087,-0.011823977343738079
3,hand,6,0,0.5746092200279236,0.9270893931388855,-0.014964805915951729
3,hand,7,0,0.5663758516311646,0.9386754035949707,-0.015911400318145752
3,hand,8,0,0.5598447918891907,0.9444341659545898,-0.015706373378634453
3,hand,9,0,0.5930687785148621,0.8985777497291565,-0.007925327867269516
3,hand,10,0,0.5843061208724976,0.9331867098808289,-0.01011586096137762
3,hand,11,0,0.5758054852485657,0.9405714273452759,-0.009475873783230782
3,hand,12,0,0.5692753791809082,0.9411396980285645,-0.008286559954285622
3,hand,13,0,0.5981334447860718,0.89751797914505,-0.004085630178451538
3,hand,14,0,0.5902793407440186,0.9262393712997437,-0.004909947514533997
3,hand,15,0,0.5824649930000305,0.9332362413406372,-0.0033128499053418636
3,hand,16,0,0.5759788751602173,0.9355589747428894,-0.0019376080017536879
3,hand,17,0,0.6004996299743652,0.8935771584510803,-0.0008370614377781749
3,hand,18,0,0.5941041111946106,0.9162540435791016,-0.00082338199717924
3,hand,19,0,0.587475061416626,0.9228380918502808,0.000933823932427913
3,hand,20,0,0.582428514957428,0.9245083332061768,0.002724609337747097
3,hand,0,1,0.44661590456962585,0.8269022703170776,1.5418009979839553e-08
3,hand,1,1,0.46292147040367126,0.8360717296600342,-0.003015762660652399
3,hand,2,1,0.4725714921951294,0.8586562275886536,-0.004479167517274618
3,hand,3,1,0.47704437375068665,0.8834542632102966,-0.005214876029640436
3,hand,4,1,0.482301265001297,0.9011706709861755,-0.005384885240346193
3,hand,5,1,0.4641323983669281,0.885646641254425,-0.004712708294391632
3,hand,6,1,0.4704568386077881,0.9176996946334839,-0.006980887148529291
3,hand,7,1,0.4753407835960388,0.9342333078384399,-0.008007494732737541
3,hand,8,1,0.47942057251930237,0.9447115659713745,-0.008220748044550419
3,hand,9,1,0.45405980944633484,0.889687180519104,-0.0043066320940852165
3,hand,10,1,0.46116313338279724,0.9225894212722778,-0.005758234765380621
3,hand,11,1,0.4677039086818695,0.9384494423866272,-0.005771011579781771
3,hand,12,1,0.4728034734725952,0.947659432888031,-0.00542830303311348
3,hand,13,1,0.4460086524486542,0.889445960521698,-0.0040467409417033195
3,hand,14,1,0.4522509276866913,0.9199506044387817,-0.005284542217850685
3,hand,15,1,0.45855391025543213,0.9342652559280396,-0.004589456599205732
3,hand,16,1,0.4633449912071228,0.9423667192459106,-0.0036987869534641504
3,hand,17,1,0.44008463621139526,0.8867922425270081,-0.0040238844230771065
3,hand,18,1,0.44457125663757324,0.911626398563385,-0.004839072469621897
3,hand,19,1,0.4499094486236572,0.9240902662277222,-0.003906672354787588
3,hand,20,1,0.45451390743255615,0.9314600825309753,-0.0026021013036370277
3,pose,0,-1,0.5172500610351562,0.21947605907917023,-0.649952232837677
3,pose,1,-1,0.5275521874427795,0.19871650636196136,-0.6291273236274719
3,pose,2,-1,0.5330893993377686,0.19948707520961761,-0.6292134523391724
3,pose,3,-1,0.5379936099052429,0.20072034001350403,-0.629385232925415
3,pose,4,-1,0.5089491605758667,0.19855765998363495,-0.6255483627319336
3,pose,5,-1,0.503358781337738,0.19966883957386017,-0.6257200241088867
3,pose,6,-1,0.49857601523399353,0.2011490911245346,-0.6258581876754761
3,pose,7,-1,0.5465819835662842,0.21506310999393463,-0.4885285198688507
3,pose,8,-1,0.49251213669776917,0.21712557971477509,-0.4753367304801941
3,pose,9,-1,0.5294022560119629,0.24942271411418915,-0.5967382788658142
3,pose,10,-1,0.5061933994293213,0.24835583567619324,-0.5930120944976807
3,pose,11,-1,0.5865455865859985,0.37499210238456726,-0.39814522862434387
3,pose,12,-1,0.44859203696250916,0.3841743469238281,-0.36220014095306396
3,pose,13,-1,0.5992488861083984,0.5976956486701965,-0.3704032599925995
3,pose,14,-1,0.44810229539871216,0.6017937660217285,-0.31850865483283997
3,pose,15,-1,0.5973815321922302,0.8251775503158569,-0.43891671299934387
3,pose,16,-1,0.45221883058547974,0.8146690130233765,-0.39750009775161743
3,pose,17,-1,0.5984846353530884,0.8848140835762024,-0.48318758606910706
3,pose,18,-1,0.4487455189228058,0.8785073161125183,-0.4314113259315491
3,pose,19,-1,0.5841886401176453,0.8834735155105591,-0.5111808180809021
3,pose,20,-1,0.4629841148853302,0.8748850226402283,-0.4719635546207428
3,pose,21,-1,0.5804592370986938,0.8664097785949707,-0.45050498843193054
3,pose,22,-1,0.4678865373134613,0.8559730648994446,-0.41403728723526
3,pose,23,-1,0.5575723052024841,0.6815192103385925,-0.01679902896285057
3,pose,24,-1,0.48271092772483826,0.6815485954284668,0.016746802255511284
3,pose,25,-1,0.5400713086128235,0.9211534261703491,-0.14561854302883148
3,pose,26,-1,0.49969565868377686,0.947600781917572,-0.07066895067691803
3,pose,27,-1,0.5430569052696228,1.0578689575195312,0.23914551734924316
3,pose,28,-1,0.49558207392692566,1.0885742902755737,0.2596191465854645
3,pose,29,-1,0.5439931154251099,1.072621464729309,0.2724349796772003
3,pose,30,-1,0.49715346097946167,1.1045960187911987,0.2896019518375397
3,pose,31,-1,0.5448892712593079,1.1316250562667847,0.18541072309017181
3,pose,32,-1,0.4913538992404938,1.165168046951294,0.17414139211177826
4,hand,0,0,0.5956748127937317,0.8381674289703369,1.1005827360577314e-07
4,hand,1,0,0.5816123485565186,0.8468663692474365,-0.0054988982155919075
4,hand,2,0,0.5724160671234131,0.8677247762680054,-0.007660654839128256
4,hand,3,0,0.5676479339599609,0.8906810283660889,-0.008383149281144142
4,hand,4,0,0.5616929531097412,0.9068282246589661,-0.008507180958986282
4,hand,5,0,0.5834015607833862,0.896468997001648,-0.006385340355336666
4,hand,6,0,0.5753748416900635,0.9263516664505005,-0.008302298374474049
4,hand,7,0,0.5692337155342102,0.9374054670333862,-0.009073883295059204
4,hand,8,0,0.5646665692329407,0.9438980221748352,-0.009118526242673397
4,hand,9,0,0.5919948220252991,0.9006120562553406,-0.0036662211641669273
4,hand,10,0,0.5846538543701172,0.9317011833190918,-0.005008298438042402
4,hand,11,0,0.5784620642662048,0.9403597712516785,-0.004678793251514435
4,hand,12,0,0.5738425850868225,0.9444236755371094,-0.0039786044508218765
4,hand,13,0,0.597716212272644,0.899522066116333,-0.001122414949350059
4,hand,14,0,0.5911211967468262,0.9262682199478149,-0.0016163375694304705
4,hand,15,0,0.584926187992096,0.9352099895477295,-8.169595821527764e-05
4,hand,16,0,0.5795466899871826,0.9405502080917358,0.001164530054666102
4,hand,17,0,0.6009774804115295,0.8953883051872253,0.0009782527340576053
4,hand,18,0,0.5954127907752991,0.9171643853187561,0.0013405076460912824
4,hand,19,0,0.5897881984710693,0.9247925877571106,0.003396902931854129
4,hand,20,0,0.5852988958358765,0.928054928779602,0.005311226472258568
4,hand,0,1,0.44692492485046387,0.8248552083969116,-6.655635598207255e-09
4,hand,1,1,0.46326008439064026,0.8344427347183228,-0.0027611376717686653
4,hand,2,1,0.47355368733406067,0.8569263219833374,-0.0037804367020726204
4,hand,3,1,0.47861191630363464,0.8815152645111084,-0.00414759898558259
4,hand,4,1,0.4840767979621887,0.8982648849487305,-0.003865060629323125
4,hand,5,1,0.4644130766391754,0.8856740593910217,-0.0030014135409146547
4,hand,6,1,0.4713076651096344,0.9155093431472778,-0.004462867509573698
4,hand,7,1,0.4767862558364868,0.9293667078018188,-0.005171845201402903
4,hand,8,1,0.4815696179866791,0.9379408955574036,-0.00522918114438653
4,hand,9,1,0.45488741993904114,0.88990718126297,-0.002239410998299718
4,hand,10,1,0.463335782289505,0.9203298091888428,-0.0027203902136534452
4,hand,11,1,0.4701559841632843,0.9334293007850647,-0.0022445162758231163
4,hand,12,1,0.47538962960243225,0.9408432841300964,-0.0017377262702211738
4,hand,13,1,0.44750672578811646,0.8894058465957642,-0.0016700852429494262
4,hand,14,1,0.45490124821662903,0.9171550273895264,-0.0022608479484915733
4,hand,15,1,0.4615718126296997,0.9287493228912354,-0.001177098834887147
4,hand,16,1,0.4666287302970886,0.934611439704895,-0.00011635460396064445
4,hand,17,1,0.44227030873298645,0.8865973949432373,-0.0013466215459629893
4,hand,18,1,0.44760510325431824,0.9097685217857361,-0.0014791012508794665
4,hand,19,1,0.45350342988967896,0.9198444485664368,-0.00015109055675566196
4,hand,20,1,0.4582979679107666,0.9247713088989258,0.0012926994822919369
4,pose,0,-1,0.5173439383506775,0.21985560655593872,-0.6662828922271729
4,pose,1,-1,0.5277736783027649,0.199080228805542,-0.6464029550552368
4,pose,2,-1,0.5333802700042725,0.19974027574062347,-0.6464957594871521
4,pose,3,-1,0.5383685827255249,0.20086008310317993,-0.6466570496559143
4,pose,4,-1,0.5090569853782654,0.19896771013736725,-0.6436741352081299
4,pose,5,-1,0.5033647418022156,0.20001718401908875,-0.6438443064689636
4,pose,6,-1,0.4984804391860962,0.20147815346717834,-0.6439956426620483
4,pose,7,-1,0.5470634698867798,0.21514767408370972,-0.5025399923324585
4,pose,8,-1,0.49251654744148254,0.21740961074829102,-0.4927878975868225
4,pose,9,-1,0.5294472575187683,0.2498563975095749,-0.6111651062965393
4,pose,10,-1,0.5062159895896912,0.24965068697929382,-0.6084461212158203
4,pose,11,-1,0.5864958167076111,0.375271737575531,-0.395114004611969
4,pose,12,-1,0.44906434416770935,0.3841485381126404,-0.3730708658695221
4,pose,13,-1,0.598660409450531,0.6032385230064392,-0.3525071442127228
4,pose,14,-1,0.45080995559692383,0.6056893467903137,-0.31900450587272644
4,pose,15,-1,0.5960444808006287,0.8302125930786133,-0.4199667274951935
4,pose,16,-1,0.4564952552318573,0.8149052858352661,-0.3983939588069916
4,pose,17,-1,0.5971292853355408,0.8930882811546326,-0.461911141872406
4,pose,18,-1,0.4556383192539215,0.87864750623703,-0.43162205815315247
4,pose,19,-1,0.5830490589141846,0.8889670372009277,-0.4895727038383484
4,pose,20,-1,0.46918612718582153,0.8751471042633057,-0.47307154536247253
4,pose,21,-1,0.5790472626686096,0.8704278469085693,-0.43135181069374084
4,pose,22,-1,0.47257134318351746,0.8558063507080078,-0.41528043150901794
4,pose,23,-1,0.5572110414505005,0.6991241574287415,-0.015019852668046951
4,pose,24,-1,0.48166340589523315,0.6954726576805115,0.015050709247589111
4,pose,25,-1,0.5397974848747253,0.9438057541847229,-0.1019831970334053
4,pose,26,-1,0.4975670278072357,0.9667852520942688,-0.05493660643696785
4,pose,27,-1,0.5427181124687195,1.1203951835632324,0.2405872344970703
4,pose,28,-1,0.48796796798706055,1.1399015188217163,0.2494661957025528
4,pose,29,-1,0.5438942313194275,1.1441271305084229,0.26685065031051636
4,pose,30,-1,0.48828423023223877,1.1621001958847046,0.27699846029281616
4,pose,31,-1,0.5440332293510437,1.1947373151779175,0.14044740796089172
4,pose,32,-1,0.48455551266670227,1.2181808948516846,0.1311650276184082
5,hand,0,0,0.5965094566345215,0.836473822593689,1.0111646275845487e-07
5,hand,1,0,0.582427442073822,0.8468307852745056,-0.004555379971861839
5,hand,2,0,0.5738198161125183,0.8697384595870972,-0.005608330015093088
5,hand,3,0,0.5685837268829346,0.892101526260376,-0.0054565174505114555
5,hand,4,0,0.5622134208679199,0.9071657657623291,-0.004697662778198719
5,hand,5,0,0.5844342708587646,0.898327648639679,-0.0025738792028278112
5,hand,6,0,0.5759764909744263,0.9244892597198486,-0.002345781307667494
5,hand,7,0,0.5696600675582886,0.933854341506958,-0.002174793742597103
5,hand,8,0,0.5651775002479553,0.9395496845245361,-0.001834814203903079
5,hand,9,0,0.5922139286994934,0.9009385704994202,0.00026039581280201674
5,hand,10,0,0.5838503241539001,0.9264418482780457,0.0014767285902053118
5,hand,11,0,0.5773620009422302,0.9328600168228149,0.0025698936078697443
5,hand,12,0,0.5727267861366272,0.9362772703170776,0.0033876814413815737
5,hand,13,0,0.5972845554351807,0.8987388610839844,0.0028335009701550007
5,hand,14,0,0.5901231169700623,0.9214698672294617,0.004330075345933437
5,hand,15,0,0.5839406847953796,0.9276812076568604,0.005919687449932098
5,hand,16,0,0.579087495803833,0.9309753179550171,0.00679451460018754
5,hand,17,0,0.6000062823295593,0.8946371078491211,0.004943059291690588
5,hand,18,0,0.5942549705505371,0.9141179919242859,0.006418945733457804
5,hand,19,0,0.5885280966758728,0.9203678965568542,0.008308996446430683
5,hand,20,0,0.5841874480247498,0.9224605560302734,0.0098861800506711
5,hand,0,1,0.4457349181175232,0.8245128989219666,-2.491894690592744e-08
5,hand,1,1,0.4621075987815857,0.8323718309402466,-0.0023360198829323053
5,hand,2,1,0.4724467098712921,0.8534106016159058,-0.002988980384543538
5,hand,3,1,0.4785079061985016,0.8766877055168152,-0.0030945877078920603
5,hand,4,1,0.48455923795700073,0.8922246694564819,-0.0026025143451988697
5,hand,5,1,0.46311989426612854,0.8845906853675842,-0.0014080231776461005
5,hand,6,1,0.47185689210891724,0.9123988151550293,-0.002056477591395378
5,hand,7,1,0.47767287492752075,0.925007700920105,-0.002576393773779273
5,hand,8,1,0.48254501819610596,0.9332921504974365,-0.0026756066363304853
5,hand,9,1,0.45449599623680115,0.8897947669029236,-0.0003584673977456987
5,hand,10,1,0.4649715721607208,0.9174011945724487,-0.000319655635394156
5,hand,11,1,0.472334623336792,0.9294253587722778,-0.00021976674906909466
5,hand,12,1,0.4781807065010071,0.9360272288322449,-0.00012587899982463568
5,hand,13,1,0.44820520281791687,0.889827311038971,0.0005502208368852735
5,hand,14,1,0.4578423500061035,0.9150487780570984,0.0003768384631257504
5,hand,15,1,0.4650901257991791,0.9264363050460815,0.000695765542332083
5,hand,16,1,0.4710693955421448,0.9319568276405334,0.0010711619397625327
5,hand,17,1,0.44437822699546814,0.887994110584259,0.0012799979886040092
5,hand,18,1,0.4515884220600128,0.9092873334884644,0.0011523400899022818
5,hand,19,1,0.4579685628414154,0.9195613861083984,0.0017588527407497168
5,hand,20,1,0.4634934067726135,0.9250268340110779,0.0025746822357177734
5,pose,0,-1,0.5179146528244019,0.22010843455791473,-0.6632316708564758
5,pose,1,-1,0.5285544991493225,0.19945716857910156,-0.6427794098854065
5,pose,2,-1,0.5342661738395691,0.2000352293252945,-0.6428724527359009
5,pose,3,-1,0.5392882823944092,0.2010662853717804,-0.6430426239967346
5,pose,4,-1,0.5095834732055664,0.1993679255247116,-0.6394203901290894
5,pose,5,-1,0.5036929249763489,0.20034439861774445,-0.6395777463912964
5,pose,6,-1,0.49854910373687744,0.2017454206943512,-0.6397041082382202
5,pose,7,-1,0.5480843782424927,0.2152828574180603,-0.49594646692276
5,pose,8,-1,0.4925812780857086,0.2174920290708542,-0.48384377360343933
5,pose,9,-1,0.5301125049591064,0.25019651651382446,-0.6069222688674927
5,pose,10,-1,0.506665825843811,0.2505815923213959,-0.6035330891609192
5,pose,11,-1,0.5866683721542358,0.3763607144355774,-0.39408499002456665
5,pose,12,-1,0.44949135184288025,0.3841577470302582,-0.35902169346809387
5,pose,13,-1,0.5986346006393433,0.6070833206176758,-0.34965333342552185
5,pose,14,-1,0.4518936574459076,0.6078351140022278,-0.3125368058681488
5,pose,15,-1,0.5961350798606873,0.8328907489776611,-0.419832319021225
5,pose,16,-1,0.45850956439971924,0.813380241394043,-0.38996168971061707
5,pose,17,-1,0.5971087217330933,0.8991334438323975,-0.46180474758148193
5,pose,18,-1,0.46062859892845154,0.8748036026954651,-0.42881959676742554
5,pose,19,-1,0.5830408334732056,0.8959215879440308,-0.49124255776405334
5,pose,20,-1,0.47331514954566956,0.8710455894470215,-0.4588640630245209
5,pose,21,-1,0.579090416431427,0.8773804903030396,-0.43155786395072937
5,pose,22,-1,0.4746670424938202,0.8511806726455688,-0.4039970338344574
5,pose,23,-1,0.5572112202644348,0.7027207016944885,-0.015044317580759525
5,pose,24,-1,0.4816862940788269,0.6971725821495056,0.015072128735482693
5,pose,25,-1,0.5389044284820557,0.9215788841247559,-0.14657549560070038
5,pose,26,-1,0.4988635778427124,0.9663066864013672,-0.0829559788107872
5,pose,27,-1,0.5394953489303589,1.0931342840194702,0.21007050573825836
5,pose,28,-1,0.4897995889186859,1.1125736236572266,0.2537101209163666
5,pose,29,-1,0.5410194993019104,1.1153608560562134,0.23972667753696442
5,pose,30,-1,0.48975566029548645,1.1295257806777954,0.2837771773338318
5,pose,31,-1,0.5415177941322327,1.1688103675842285,0.12769228219985962
5,pose,32,-1,0.4854985475540161,1.1901891231536865,0.15029264986515045
6,hand,0,0,0.5987674593925476,0.8385987281799316,1.1419597711892493e-07
6,hand,1,0,0.5844395756721497,0.8475870490074158,-0.00611985195428133
6,hand,2,0,0.5756984949111938,0.8705475926399231,-0.007446927949786186
6,hand,3,0,0.5708181858062744,0.8931835293769836,-0.007276325020939112
6,hand,4,0,0.5650643706321716,0.908798336982727,-0.006432876922190189
6,hand,5,0,0.5870367884635925,0.8986213207244873,-0.004403138533234596
6,hand,6,0,0.5776041150093079,0.9252650141716003,-0.005233846604824066
6,hand,7,0,0.5698863863945007,0.9337127208709717,-0.005738700274378061
6,hand,8,0,0.5641745328903198,0.9383068084716797,-0.005813203286379576
6,hand,9,0,0.5938476324081421,0.900547206401825,-0.0008847214048728347
6,hand,10,0,0.5840914249420166,0.9253929257392883,-0.0007854842115193605
6,hand,11,0,0.576282799243927,0.9312901496887207,-0.00035174889490008354
6,hand,12,0,0.5704687237739563,0.9337696433067322,2.615629455249291e-06
6,hand,13,0,0.5979070663452148,0.8978427052497864,0.0022549680434167385
6,hand,14,0,0.5895455479621887,0.9202721118927002,0.002489515347406268
6,hand,15,0,0.5823958516120911,0.9264863729476929,0.0033682261127978563
6,hand,16,0,0.5764829516410828,0.9293485879898071,0.0039177848957479
6,hand,17,0,0.5995357632637024,0.8934369683265686,0.004840424750000238
6,hand,18,0,0.5928934216499329,0.9132663607597351,0.005005452781915665
6,hand,19,0,0.5865063667297363,0.9201937317848206,0.006033752113580704
6,hand,20,0,0.5812243819236755,0.9231098294258118,0.007097541354596615
6,hand,0,1,0.44178640842437744,0.8249201774597168,-2.5226249533716327e-08
6,hand,1,1,0.45885536074638367,0.8310753107070923,-0.0033133570104837418
6,hand,2,1,0.4704315960407257,0.8518426418304443,-0.0042684623040258884
6,hand,3,1,0.47724705934524536,0.8747279644012451,-0.004461150150746107
6,hand,4,1,0.48391881585121155,0.8896962404251099,-0.003956579137593508
6,hand,5,1,0.46192461252212524,0.8833117485046387,-0.0024105103220790625
6,hand,6,1,0.47057071328163147,0.9112496376037598,-0.003522217273712158
6,hand,7,1,0.47722914814949036,0.922645092010498,-0.00430713826790452
6,hand,8,1,0.4830544888973236,0.9292057752609253,-0.004481594078242779
6,hand,9,1,0.45333367586135864,0.8892104029655457,-0.0009665393154136837
6,hand,10,1,0.46381455659866333,0.9167317748069763,-0.001297365757636726
6,hand,11,1,0.47173959016799927,0.9268653392791748,-0.0013340427540242672
6,hand,12,1,0.4779992699623108,0.9320787787437439,-0.0012589982943609357
6,hand,13,1,0.44741716980934143,0.8897154331207275,0.0002811513259075582
6,hand,14,1,0.45717164874076843,0.9142516255378723,-0.00014744889631401747
6,hand,15,1,0.4650111496448517,0.9244958162307739,0.00024035837850533426
6,hand,16,1,0.47130101919174194,0.9293287396430969,0.0007021203055046499
6,hand,17,1,0.4439517557621002,0.888215184211731,0.001291931956075132
6,hand,18,1,0.45218339562416077,0.9087689518928528,0.0011324438964948058
6,hand,19,1,0.4592685103416443,0.9182575345039368,0.0019961511716246605
6,hand,20,1,0.4649946093559265,0.9233490228652954,0.0030061937868595123
6,pose,0,-1,0.5187581181526184,0.22033144533634186,-0.6469388604164124
6,pose,1,-1,0.5293673872947693,0.19982433319091797,-0.6253712177276611
6,pose,2,-1,0.535119891166687,0.2003471702337265,-0.6254526972770691
6,pose,3,-1,0.5401144027709961,0.2013052999973297,-0.6256102323532104
6,pose,4,-1,0.5103221535682678,0.1997099220752716,-0.6223498582839966
6,pose,5,-1,0.5042579174041748,0.2006237953901291,-0.6225201487541199
6,pose,6,-1,0.4988574683666229,0.20198044180870056,-0.6226626038551331
6,pose,7,-1,0.548807680606842,0.21549038589000702,-0.4765358865261078
6,pose,8,-1,0.4927803575992584,0.21764974296092987,-0.46596378087997437
6,pose,9,-1,0.5308259129524231,0.25059112906455994,-0.589691162109375
6,pose,10,-1,0.507595419883728,0.2512640655040741,-0.5868436694145203
6,pose,11,-1,0.5866682529449463,0.37709125876426697,-0.3865548372268677
6,pose,12,-1,0.44969311356544495,0.38452184200286865,-0.35478755831718445
6,pose,13,-1,0.5973376631736755,0.606698215007782,-0.313930481672287
6,pose,14,-1,0.45232999324798584,0.6095327138900757,-0.27674949169158936
6,pose,15,-1,0.5962262749671936,0.8312386274337769,-0.3846367299556732
6,pose,16,-1,0.458234965801239,0.8129974603652954,-0.35743626952171326
6,pose,17,-1,0.5970408320426941,0.8981932997703552,-0.4225884974002838
6,pose,18,-1,0.459862619638443,0.8741259574890137,-0.3865564465522766
6,pose,19,-1,0.5830689072608948,0.8967993259429932,-0.45375120639801025
6,pose,20,-1,0.47293081879615784,0.8702038526535034,-0.4282412827014923
6,pose,21,-1,0.5790702104568481,0.8762739300727844,-0.3969269096851349
6,pose,22,-1,0.47462984919548035,0.849926769733429,-0.3742442727088928
6,pose,23,-1,0.5572838187217712,0.7026972770690918,-0.014957991428673267
6,pose,24,-1,0.48162123560905457,0.6977168321609497,0.014985847286880016
6,pose,25,-1,0.5356466174125671,0.9095092415809631,-0.16739143431186676
6,pose,26,-1,0.49818724393844604,0.9575945734977722,-0.0896572694182396
6,pose,27,-1,0.536787211894989,1.0820125341415405,0.20304308831691742
6,pose,28,-1,0.489926278591156,1.1057132482528687,0.24064797163009644
6,pose,29,-1,0.5388721823692322,1.0985454320907593,0.23469649255275726
6,pose,30,-1,0.4901884198188782,1.12334406375885,0.27038446068763733
6,pose,31,-1,0.5382145643234253,1.1501588821411133,0.12875916063785553
6,pose,32,-1,0.4859275221824646,1.1895582675933838,0.13356651365756989
7,hand,0,0,0.5995948314666748,0.838121771812439,1.088573498009282e-07
7,hand,1,0,0.5859869718551636,0.8471584320068359,-0.007234370801597834
7,hand,2,0,0.5772352814674377,0.8706403970718384,-0.008779036812484264
7,hand,3,0,0.5724215507507324,0.8928983807563782,-0.008715019561350346
7,hand,4,0,0.5679893493652344,0.9095178246498108,-0.007886403240263462
7,hand,5,0,0.5888237953186035,0.8968138694763184,-0.004997197072952986
7,hand,6,0,0.5804877877235413,0.9235177040100098,-0.006715020630508661
7,hand,7,0,0.5731760263442993,0.9333152770996094,-0.007916104979813099
7,hand,8,0,0.5674108266830444,0.938774824142456,-0.008345463313162327
7,hand,9,0,0.5946581959724426,0.8980963230133057,-0.0010859454050660133
7,hand,10,0,0.5862241387367249,0.9222525358200073,-0.002105891006067395
7,hand,11,0,0.579143226146698,0.9299010038375854,-0.002503487979993224
7,hand,12,0,0.5732662081718445,0.9341000914573669,-0.0025713315699249506
7,hand,13,0,0.5977486968040466,0.8958978652954102,0.002288384595885873
7,hand,14,0,0.5894957780838013,0.9170216917991638,0.0015606804518029094
7,hand,15,0,0.583128035068512,0.9249677062034607,0.0019252067431807518
7,hand,16,0,0.5773332715034485,0.9299970865249634,0.0023598638363182545
7,hand,17,0,0.5985341668128967,0.8922224640846252,0.0049966685473918915
7,hand,18,0,0.5913377404212952,0.9105049967765808,0.00452110031619668
7,hand,19,0,0.5851770639419556,0.9182742834091187,0.005158021580427885
7,hand,20,0,0.5798212885856628,0.9223913550376892,0.0060523152351379395
7,hand,0,1,0.4389873445034027,0.8253806829452515,-1.9954086383222602e-08
7,hand,1,1,0.4562605619430542,0.8313995599746704,-0.0033126152120530605
7,hand,2,1,0.46736371517181396,0.8523370027542114,-0.004043742548674345
7,hand,3,1,0.4740729331970215,0.8746544122695923,-0.0039250822737813
7,hand,4,1,0.4804895222187042,0.8904696702957153,-0.003104097442701459
7,hand,5,1,0.4584500193595886,0.8842065930366516,-0.002252789679914713
7,hand,6,1,0.4677993357181549,0.910692036151886,-0.002792809158563614
7,hand,7,1,0.4742501974105835,0.9213169813156128,-0.0030631183180958033
7,hand,8,1,0.4797773063182831,0.9278078675270081,-0.0028975033201277256
7,hand,9,1,0.44959598779678345,0.8899940848350525,-0.0006397374090738595
7,hand,10,1,0.460718035697937,0.917258620262146,-0.0010791728273034096
7,hand,11,1,0.46875613927841187,0.926577627658844,-0.0010909230913966894
7,hand,12,1,0.47493821382522583,0.931078314781189,-0.0007956978515721858
7,hand,13,1,0.44354116916656494,0.8899940848350525,0.0008245115750469267
7,hand,14,1,0.4538240432739258,0.9154195189476013,0.00018443151202518493
7,hand,15,1,0.4617535173892975,0.924799919128418,0.0004734084359370172
7,hand,16,1,0.4679071605205536,0.9289184212684631,0.0011031379690393806
7,hand,17,1,0.4402322769165039,0.8877872228622437,0.002108742482960224
7,hand,18,1,0.4486003816127777,0.9090701937675476,0.0019535513129085302
7,hand,19,1,0.45555102825164795,0.9181879758834839,0.002831612713634968
7,hand,20,1,0.4611794650554657,0.9226531386375427,0.003942012321203947
7,pose,0,-1,0.5197054147720337,0.2214096039533615,-0.6362206935882568
7,pose,1,-1,0.5301680564880371,0.20051538944244385,-0.615187406539917
7,pose,2,-1,0.5359679460525513,0.20098204910755157,-0.615264892578125
7,pose,3,-1,0.5408905744552612,0.20184189081192017,-0.615412175655365
7,pose,4,-1,0.5112122297286987,0.20051024854183197,-0.6120153665542603
7,pose,5,-1,0.5049290657043457,0.2013748437166214,-0.6121842265129089
7,pose,6,-1,0.4994134306907654,0.20273427665233612,-0.6123238801956177
7,pose,7,-1,0.5494330525398254,0.21604017913341522,-0.46971961855888367
7,pose,8,-1,0.4931316375732422,0.21845990419387817,-0.4586544334888458
7,pose,9,-1,0.5315613150596619,0.2515886723995209,-0.58063805103302
7,pose,10,-1,0.5086097717285156,0.2525908350944519,-0.5775833129882812
7,pose,11,-1,0.5868747234344482,0.37877506017684937,-0.37729325890541077
7,pose,12,-1,0.44972699880599976,0.3852526545524597,-0.3519180417060852
7,pose,13,-1,0.596966028213501,0.6081519722938538,-0.31497183442115784
7,pose,14,-1,0.45222023129463196,0.6109501719474792,-0.2680419087409973
7,pose,15,-1,0.5961310267448425,0.836387574672699,-0.38507428765296936
7,pose,16,-1,0.45664283633232117,0.8143048286437988,-0.34353333711624146
7,pose,17,-1,0.5964384078979492,0.9061404466629028,-0.42583173513412476
7,pose,18,-1,0.4590357840061188,0.8771777749061584,-0.3700465261936188
7,pose,19,-1,0.5823516845703125,0.9067298173904419,-0.454428106546402
7,pose,20,-1,0.47232502698898315,0.8718252182006836,-0.4131614565849304
7,pose,21,-1,0.5785988569259644,0.8871588706970215,-0.39752379059791565
7,pose,22,-1,0.47355884313583374,0.8514046669006348,-0.36047136783599854
7,pose,23,-1,0.557300865650177,0.7054982781410217,-0.015762370079755783
7,pose,24,-1,0.4811950623989105,0.7021538615226746,0.01576310768723488
7,pose,25,-1,0.530471682548523,0.9036514759063721,-0.17546501755714417
7,pose,26,-1,0.4967309236526489,0.9608290791511536,-0.09190530329942703
7,pose,27,-1,0.5314851999282837,1.0722050666809082,0.180072620511055
7,pose,28,-1,0.48999959230422974,1.0983116626739502,0.24106042087078094
7,pose,29,-1,0.5342029929161072,1.0874382257461548,0.20574256777763367
7,pose,30,-1,0.4904099404811859,1.1136834621429443,0.2706913352012634
7,pose,31,-1,0.5308340787887573,1.1427923440933228,0.11534962058067322
7,pose,32,-1,0.48582926392555237,1.178807020187378,0.14184238016605377
8,hand,0,0,0.6006453633308411,0.8375328779220581,1.1354264017882088e-07
8,hand,1,0,0.5872913599014282,0.8476977348327637,-0.006318049039691687
8,hand,2,0,0.5782976746559143,0.8707926273345947,-0.0074871499091386795
8,hand,3,0,0.5731514096260071,0.892588198184967,-0.007361829746514559
8,hand,4,0,0.5687625408172607,0.9091476202011108,-0.0065558189526200294
8,hand,5,0,0.5898283123970032,0.89682537317276,-0.00257006473839283
8,hand,6,0,0.5817651748657227,0.9221773743629456,-0.0031402434688061476
8,hand,7,0,0.5756447911262512,0.9325582385063171,-0.004005324095487595
8,hand,8,0,0.5712293982505798,0.9392138719558716,-0.004447570536285639
8,hand,9,0,0.5955047607421875,0.8979248404502869,0.0007797557627782226
8,hand,10,0,0.5869479775428772,0.9197609424591064,0.0007472409633919597
8,hand,11,0,0.58036208152771,0.9285616278648376,0.00015025984612293541
8,hand,12,0,0.5749455690383911,0.9343417286872864,-0.00024621112970635295
8,hand,13,0,0.5986153483390808,0.8957299590110779,0.0036464869044721127
8,hand,14,0,0.5901160836219788,0.914842963218689,0.003961073234677315
8,hand,15,0,0.5841569304466248,0.9238938093185425,0.004613726865500212
8,hand,16,0,0.5788375735282898,0.9307163953781128,0.005020995158702135
8,hand,17,0,0.5994958281517029,0.8921467661857605,0.005834645126014948
8,hand,18,0,0.5920009613037109,0.9091931581497192,0.006407309323549271
8,hand,19,0,0.5863400101661682,0.9179114699363708,0.007654712535440922
8,hand,20,0,0.5815885663032532,0.9230139255523682,0.008831426501274109
8,hand,0,1,0.4370277225971222,0.8244308829307556,-2.0303287939782422e-08
8,hand,1,1,0.4535771906375885,0.8313770890235901,-0.004251694306731224
8,hand,2,1,0.4641096293926239,0.8532061576843262,-0.005430290475487709
8,hand,3,1,0.4707985818386078,0.8760437369346619,-0.0055083283223211765
8,hand,4,1,0.4773027300834656,0.8915918469429016,-0.004886551760137081
8,hand,5,1,0.45411446690559387,0.8850157260894775,-0.0031787361949682236
8,hand,6,1,0.4636406898498535,0.9112205505371094,-0.0037701316177845
8,hand,7,1,0.46989110112190247,0.9227681756019592,-0.004282722715288401
8,hand,8,1,0.47508612275123596,0.9301974773406982,-0.004340073559433222
8,hand,9,1,0.4454220235347748,0.8893522024154663,-0.0009909397922456264
8,hand,10,1,0.4569286108016968,0.9154672026634216,-0.0008853842155076563
8,hand,11,1,0.46453216671943665,0.9258099794387817,-0.0009168803808279335
8,hand,12,1,0.4703790545463562,0.932111918926239,-0.0009563193889334798
8,hand,13,1,0.43952512741088867,0.8885256052017212,0.0009918487630784512
8,hand,14,1,0.4503779709339142,0.9127004146575928,0.000539966975338757
8,hand,15,1,0.45831164717674255,0.9228082299232483,0.0007449628901667893
8,hand,16,1,0.46429988741874695,0.9281108975410461,0.001162694301456213
8,hand,17,1,0.4362705647945404,0.8862190246582031,0.0027375377248972654
8,hand,18,1,0.44516822695732117,0.9077620506286621,0.0023412606678903103
8,hand,19,1,0.4522750675678253,0.9174002408981323,0.002987820887938142
8,hand,20,1,0.4579617977142334,0.9224689602851868,0.003926077391952276
8,pose,0,-1,0.5205934047698975,0.22275233268737793,-0.6312339305877686
8,pose,1,-1,0.5309011340141296,0.20136946439743042,-0.6105412840843201
8,pose,2,-1,0.5367172360420227,0.20179176330566406,-0.6106182932853699
8,pose,3,-1,0.5415411591529846,0.2025700956583023,-0.6107633113861084
8,pose,4,-1,0.5120755434036255,0.20143409073352814,-0.6073675751686096
8,pose,5,-1,0.5056400895118713,0.20225457847118378,-0.6075336337089539
8,pose,6,-1,0.5001203417778015,0.20359763503074646,-0.6076745390892029
8,pose,7,-1,0.5498505234718323,0.21658292412757874,-0.46755656599998474
8,pose,8,-1,0.49364587664604187,0.21931160986423492,-0.4563317596912384
8,pose,9,-1,0.5321846008300781,0.25282543897628784,-0.5763841271400452
8,pose,10,-1,0.5093813538551331,0.2540968358516693,-0.5732867121696472
8,pose,11,-1,0.5869141221046448,0.3809535503387451,-0.3742901384830475
8,pose,12,-1,0.44972503185272217,0.38512110710144043,-0.3451838791370392
8,pose,13,-1,0.5958569645881653,0.6079804301261902,-0.31858187913894653
8,pose,14,-1,0.45099762082099915,0.6108092665672302,-0.2681833803653717
8,pose,15,-1,0.5961816906929016,0.8346998691558838,-0.388828843832016
8,pose,16,-1,0.4501112699508667,0.813919723033905,-0.3490515351295471
8,pose,17,-1,0.5964988470077515,0.9041399359703064,-0.4277665913105011
8,pose,18,-1,0.4510487914085388,0.8771675825119019,-0.37335073947906494
8,pose,19,-1,0.5825394988059998,0.9047828912734985,-0.4611581861972809
8,pose,20,-1,0.46338650584220886,0.8718670010566711,-0.4243454337120056
8,pose,21,-1,0.5787517428398132,0.8848758935928345,-0.4025566875934601
8,pose,22,-1,0.4648742377758026,0.8500795960426331,-0.3685995042324066
8,pose,23,-1,0.5567521452903748,0.7140457630157471,-0.015896745026111603
8,pose,24,-1,0.4800333082675934,0.7081497311592102,0.01589799113571644
8,pose,25,-1,0.5254126191139221,0.9214156866073608,-0.15372411906719208
8,pose,26,-1,0.4774070680141449,0.9618315696716309,-0.05407487973570824
8,pose,27,-1,0.5292819142341614,1.0809316635131836,0.2097632884979248
8,pose,28,-1,0.4878111481666565,1.1275755167007446,0.24567751586437225
8,pose,29,-1,0.5316706299781799,1.0958850383758545,0.23973976075649261
8,pose,30,-1,0.4899613559246063,1.145695447921753,0.27179476618766785
8,pose,31,-1,0.5309528112411499,1.164890170097351,0.14308756589889526
8,pose,32,-1,0.4799293279647827,1.2091586589813232,0.14106495678424835
9,hand,0,0,0.6013527512550354,0.8379437327384949,1.1023573875945658e-07
9,hand,1,0,0.5882140398025513,0.84637451171875,-0.006394864525645971
9,hand,2,0,0.579341471195221,0.8683186173439026,-0.007754321675747633
9,hand,3,0,0.5742036700248718,0.8906186819076538,-0.0077546825632452965
9,hand,4,0,0.5697526335716248,0.9080151319503784,-0.007040343247354031
9,hand,5,0,0.5901390314102173,0.8956212401390076,-0.002601430518552661
9,hand,6,0,0.5832093358039856,0.9222213625907898,-0.0031397154089063406
9,hand,7,0,0.5775723457336426,0.9324675798416138,-0.003956647124141455
9,hand,8,0,0.5734840035438538,0.9385034441947937,-0.004351647570729256
9,hand,9,0,0.5961240530014038,0.8974156379699707,0.0008826879784464836
9,hand,10,0,0.5885729789733887,0.9205422401428223,0.0009413280058652163
9,hand,11,0,0.5823889970779419,0.9292545914649963,0.00036895833909511566
9,hand,12,0,0.5772982835769653,0.934614896774292,-3.328676029923372e-05
9,hand,13,0,0.5996254086494446,0.8958209156990051,0.0038831313140690327
9,hand,14,0,0.5920218825340271,0.9158400893211365,0.0043335603550076485
9,hand,15,0,0.5864574909210205,0.9246304035186768,0.0050905323587358
9,hand,16,0,0.581360399723053,0.931428849697113,0.005525131244212389
9,hand,17,0,0.6008026003837585,0.8925549387931824,0.006220545154064894
9,hand,18,0,0.5938602089881897,0.910568356513977,0.006944997236132622
9,hand,19,0,0.5885869860649109,0.9192428588867188,0.008321002125740051
9,hand,20,0,0.5841096639633179,0.9245391488075256,0.009540989995002747
9,hand,0,1,0.43469569087028503,0.8233760595321655,-3.920607838381329e-08
9,hand,1,1,0.44994381070137024,0.8320220112800598,-0.004423494450747967
9,hand,2,1,0.45989203453063965,0.8543278574943542,-0.0057259202003479
9,hand,3,1,0.4662366509437561,0.8768332004547119,-0.006146278232336044
9,hand,4,1,0.4716501533985138,0.893065333366394,-0.005826258100569248
9,hand,5,1,0.4491555690765381,0.8842133283615112,-0.0030513352248817682
9,hand,6,1,0.4583909809589386,0.9119182825088501,-0.005376921966671944
9,hand,7,1,0.4660815894603729,0.9235645532608032,-0.007467337884008884
9,hand,8,1,0.47278356552124023,0.9300773739814758,-0.008587032556533813
9,hand,9,1,0.441793292760849,0.8884047269821167,-0.0015313791809603572
9,hand,10,1,0.4533647894859314,0.9137886762619019,-0.003079419955611229
9,hand,11,1,0.46220672130584717,0.9245147705078125,-0.004428203217685223
9,hand,12,1,0.46987757086753845,0.9300912618637085,-0.005350084509700537
9,hand,13,1,0.4373326301574707,0.8882091641426086,-0.00041758286533877254
9,hand,14,1,0.44853025674819946,0.9115667939186096,-0.002331876428797841
9,hand,15,1,0.4573776125907898,0.9220399260520935,-0.0027577695436775684
9,hand,16,1,0.4649203419685364,0.9274680614471436,-0.0026800043415278196
9,hand,17,1,0.43508806824684143,0.8864781260490417,0.00037466015783138573
9,hand,18,1,0.44425299763679504,0.9072800278663635,-0.0014904238050803542
9,hand,19,1,0.452029287815094,0.9169193506240845,-0.0014608815545216203
9,hand,20,1,0.4587933123111725,0.9221059679985046,-0.000827438139822334
9,pose,0,-1,0.5216555595397949,0.22416925430297852,-0.5981299877166748
9,pose,1,-1,0.5317778587341309,0.202293261885643,-0.5787549614906311
9,pose,2,-1,0.5375574231147766,0.20270702242851257,-0.5788262486457825
9,pose,3,-1,0.5422341823577881,0.20339511334896088,-0.5789507031440735
9,pose,4,-1,0.5131301879882812,0.2022802084684372,-0.576343834400177
9,pose,5,-1,0.5065382122993469,0.20303042232990265,-0.5765312314033508
9,pose,6,-1,0.500961184501648,0.20430253446102142,-0.5766944885253906
9,pose,7,-1,0.5501100420951843,0.2168634980916977,-0.43488845229148865
9,pose,8,-1,0.49403950572013855,0.2196534126996994,-0.4275359511375427
9,pose,9,-1,0.5327063202857971,0.25365039706230164,-0.5424792766571045
9,pose,10,-1,0.5101730823516846,0.25508198142051697,-0.5404351949691772
9,pose,11,-1,0.5868839621543884,0.3809773325920105,-0.33779361844062805
9,pose,12,-1,0.4497056007385254,0.38483259081840515,-0.31275177001953125
9,pose,13,-1,0.5947409272193909,0.6063294410705566,-0.28080710768699646
9,pose,14,-1,0.4486553966999054,0.6090022921562195,-0.2485618144273758
9,pose,15,-1,0.5966111421585083,0.8320971131324768,-0.3519260585308075
9,pose,16,-1,0.44457486271858215,0.8138828277587891,-0.32778656482696533
9,pose,17,-1,0.5965145826339722,0.9026663899421692,-0.3862503170967102
9,pose,18,-1,0.44335290789604187,0.8774885535240173,-0.35310259461402893
9,pose,19,-1,0.5837544202804565,0.9046059250831604,-0.4177394211292267
9,pose,20,-1,0.4531601071357727,0.8737764358520508,-0.4001745283603668
9,pose,21,-1,0.5812514424324036,0.8772610425949097,-0.36479172110557556
9,pose,22,-1,0.4549565017223358,0.8499827980995178,-0.3467017710208893
9,pose,23,-1,0.5567089915275574,0.7127687335014343,-0.015624402090907097
9,pose,24,-1,0.4794638454914093,0.7074000835418701,0.015630541369318962
9,pose,25,-1,0.5273245573043823,0.9139901995658875,-0.1681099832057953
9,pose,26,-1,0.481205016374588,0.9586606621742249,-0.07772913575172424
9,pose,27,-1,0.5275675058364868,1.0545779466629028,0.20005373656749725
9,pose,28,-1,0.4879709482192993,1.0535415410995483,0.24811042845249176
9,pose,29,-1,0.5291057825088501,1.065443515777588,0.2291174978017807
9,pose,30,-1,0.48996952176094055,1.0616825819015503,0.2789391577243805
9,pose,31,-1,0.5292285084724426,1.134736180305481,0.12007281184196472
9,pose,32,-1,0.4809499979019165,1.1163842678070068,0.17470645904541016
10,hand,0,0,0.6023524403572083,0.8354922533035278,1.1554141821079611e-07
10,hand,1,0,0.588942289352417,0.8448575139045715,-0.006548128556460142
10,hand,2,0,0.5803571343421936,0.867264986038208,-0.008036646991968155
10,hand,3,0,0.5754970908164978,0.8895310163497925,-0.008158453740179539
10,hand,4,0,0.5708000063896179,0.9064570665359497,-0.007569157984107733
10,hand,5,0,0.5924502611160278,0.8943507671356201,-0.0027949316427111626
10,hand,6,0,0.5864437222480774,0.921413242816925,-0.003502683015540242
10,hand,7,0,0.581601083278656,0.93446946144104,-0.0043920231983065605
10,hand,8,0,0.5781575441360474,0.9434278607368469,-0.004851952660828829
10,hand,9,0,0.5987821221351624,0.8949510455131531,0.000648033688776195
10,hand,10,0,0.5918463468551636,0.9192013144493103,0.0003515781427267939
10,hand,11,0,0.5860815048217773,0.9303267002105713,-0.00027636028244160116
10,hand,12,0,0.5813533067703247,0.9382683038711548,-0.0006393211660906672
10,hand,13,0,0.6022976636886597,0.8927597403526306,0.00360607891343534
10,hand,14,0,0.5952518582344055,0.9137943387031555,0.003749765455722809
10,hand,15,0,0.5898706316947937,0.9245061874389648,0.0044687530025839806
10,hand,16,0,0.5850613713264465,0.9328052997589111,0.005039005074650049
10,hand,17,0,0.6034694314002991,0.8892937302589417,0.005875697825103998
10,hand,18,0,0.5972628593444824,0.9085720777511597,0.006462833844125271
10,hand,19,0,0.5924591422080994,0.9188641905784607,0.0077956742607057095
10,hand,20,0,0.5882092118263245,0.9255674481391907,0.009042086079716682
10,hand,0,1,0.4327579140663147,0.8199172616004944,-1.839794627755964e-08
10,hand,1,1,0.44675520062446594,0.8306105136871338,-0.00495759304612875
10,hand,2,1,0.45533889532089233,0.8545128703117371,-0.005997692700475454
10,hand,3,1,0.4600905179977417,0.8776071667671204,-0.006012613419443369
10,hand,4,1,0.46538159251213074,0.8938695788383484,-0.005249793641269207
10,hand,5,1,0.4443040192127228,0.8814067244529724,-0.0022213703487068415
10,hand,6,1,0.4507984220981598,0.9095534086227417,-0.003916346468031406
10,hand,7,1,0.4567246437072754,0.9233096241950989,-0.0057653458788990974
10,hand,8,1,0.46203258633613586,0.9315198659896851,-0.006778449285775423
10,hand,9,1,0.4375920593738556,0.8838387727737427,-0.0003671288432087749
10,hand,10,1,0.4452056288719177,0.9103432893753052,-0.0010748127242550254
10,hand,11,1,0.45157724618911743,0.9231013655662537,-0.0022000991739332676
10,hand,12,1,0.45734453201293945,0.9308178424835205,-0.003072620602324605
10,hand,13,1,0.43351951241493225,0.8827349543571472,0.0009516516583971679
10,hand,14,1,0.4406897723674774,0.907288134098053,-0.00031061991467140615
10,hand,15,1,0.4466792941093445,0.9194890856742859,-0.000568163872230798
10,hand,16,1,0.4521530270576477,0.9269356727600098,-0.0004712638910859823
10,hand,17,1,0.43139487504959106,0.8804810047149658,0.0018681333167478442
10,hand,18,1,0.43751874566078186,0.9028967022895813,0.0005156719125807285
10,hand,19,1,0.44317013025283813,0.9143897294998169,0.0008317190804518759
10,hand,20,1,0.4485677480697632,0.9215176105499268,0.0015561189502477646
10,pose,0,-1,0.5222606062889099,0.2246100753545761,-0.5969354510307312
10,pose,1,-1,0.5322774648666382,0.20266278088092804,-0.5773794054985046
10,pose,2,-1,0.5380092859268188,0.20306867361068726,-0.5774611234664917
10,pose,3,-1,0.5426139831542969,0.20371858775615692,-0.5775976777076721
10,pose,4,-1,0.5137569308280945,0.20260298252105713,-0.5745570063591003
10,pose,5,-1,0.5070815682411194,0.20330095291137695,-0.5747233629226685
10,pose,6,-1,0.501451313495636,0.2045275717973709,-0.5748767852783203
10,pose,7,-1,0.5502403974533081,0.2169298231601715,-0.4333893954753876
10,pose,8,-1,0.4942728281021118,0.21970373392105103,-0.424204558134079
10,pose,9,-1,0.5331122279167175,0.25405552983283997,-0.5411659479141235
10,pose,10,-1,0.5106728076934814,0.25544291734695435,-0.5385807156562805
10,pose,11,-1,0.5868898630142212,0.38137584924697876,-0.33445703983306885
10,pose,12,-1,0.4496420621871948,0.3845084309577942,-0.3023655116558075
10,pose,13,-1,0.5945540070533752,0.6061626672744751,-0.2721826136112213
10,pose,14,-1,0.4467189908027649,0.6061789393424988,-0.23492316901683807
10,pose,15,-1,0.5967821478843689,0.8330486416816711,-0.3346944749355316
10,pose,16,-1,0.43999719619750977,0.8140246868133545,-0.3142131268978119
10,pose,17,-1,0.5963770747184753,0.9028390645980835,-0.3686571419239044
10,pose,18,-1,0.4380655586719513,0.879135012626648,-0.340170681476593
10,pose,19,-1,0.5836605429649353,0.903873085975647,-0.39951005578041077
10,pose,20,-1,0.4490147531032562,0.8762660026550293,-0.38814014196395874
10,pose,21,-1,0.5812377333641052,0.8781529664993286,-0.34689247608184814
10,pose,22,-1,0.4514402151107788,0.850806713104248,-0.3338088095188141
10,pose,23,-1,0.5567035675048828,0.7108867168426514,-0.01573915034532547
10,pose,24,-1,0.4791114628314972,0.7059140205383301,0.01575266197323799
10,pose,25,-1,0.5287871360778809,0.9161881804466248,-0.1323334276676178
10,pose,26,-1,0.483634352684021,0.9586321711540222,-0.08842527121305466
10,pose,27,-1,0.5266512632369995,1.054613709449768,0.1914372593164444
10,pose,28,-1,0.48832041025161743,1.048046588897705,0.24864406883716583
10,pose,29,-1,0.5279801487922668,1.0665534734725952,0.21963883936405182
10,pose,30,-1,0.490136981010437,1.0569283962249756,0.2802910804748535
10,pose,31,-1,0.5261076092720032,1.1348093748092651,0.12378294765949249
10,pose,32,-1,0.481392502784729,1.1083488464355469,0.17970260977745056
11,hand,0,0,0.6025936603546143,0.8318389058113098,1.1517594344923054e-07
11,hand,1,0,0.5892959833145142,0.841337263584137,-0.006414861883968115
11,hand,2,0,0.5815085768699646,0.863682210445404,-0.008444290608167648
11,hand,3,0,0.5775972604751587,0.8861913084983826,-0.009228713810443878
11,hand,4,0,0.5736216306686401,0.9030113220214844,-0.009365364909172058
11,hand,5,0,0.5942245125770569,0.8897266387939453,-0.005722900852560997
11,hand,6,0,0.5886836647987366,0.9191415905952454,-0.008648413233458996
11,hand,7,0,0.582209587097168,0.9314854145050049,-0.010437713004648685
11,hand,8,0,0.5768380165100098,0.938454806804657,-0.011122043244540691
11,hand,9,0,0.6010949015617371,0.8906416893005371,-0.002946674358099699
11,hand,10,0,0.593153715133667,0.9164973497390747,-0.005322113633155823
11,hand,11,0,0.5854271054267883,0.926301896572113,-0.006183053366839886
11,hand,12,0,0.5786299705505371,0.931806743144989,-0.006404331419616938
11,hand,13,0,0.6049546003341675,0.8887379765510559,-0.0006306070717982948
11,hand,14,0,0.5967717170715332,0.9110663533210754,-0.002333682728931308
11,hand,15,0,0.5896848440170288,0.9207931756973267,-0.0019527991535142064
11,hand,16,0,0.5832551717758179,0.9267346858978271,-0.001343833631835878
11,hand,17,0,0.6066398620605469,0.8857814073562622,0.0010489433770999312
11,hand,18,0,0.5997334718704224,0.9055622220039368,-1.0267422112519853e-06
11,hand,19,0,0.593442976474762,0.9146842360496521,0.0007480847416445613
11,hand,20,0,0.5879102349281311,0.9195243716239929,0.0018055810360237956
11,hand,0,1,0.43186283111572266,0.817339301109314,3.763781464272142e-08
11,hand,1,1,0.44623976945877075,0.8302803039550781,-0.005096817389130592
11,hand,2,1,0.452676385641098,0.8540701866149902,-0.0067154886201024055
11,hand,3,1,0.45496025681495667,0.8782556056976318,-0.007153887301683426
11,hand,4,1,0.45908311009407043,0.8956876397132874,-0.007014686707407236
11,hand,5,1,0.44103577733039856,0.8786554932594299,-0.005134382285177708
11,hand,6,1,0.4422712028026581,0.9095177054405212,-0.00688493438065052
11,hand,7,1,0.4439757168292999,0.9267780184745789,-0.008177983574569225
11,hand,8,1,0.4458795189857483,0.9398679733276367,-0.008713546209037304
11,hand,9,1,0.43291404843330383,0.8787869811058044,-0.0029634234961122274
11,hand,10,1,0.4357931315898895,0.9084615707397461,-0.0034056350123137236
11,hand,11,1,0.43985140323638916,0.9232146143913269,-0.0034939900506287813
11,hand,12,1,0.4434061050415039,0.933184802532196,-0.003539642784744501
11,hand,13,1,0.42752590775489807,0.8756226897239685,-0.001065512653440237
11,hand,14,1,0.43144530057907104,0.9010853171348572,-0.001518102246336639
11,hand,15,1,0.4359816908836365,0.9145283699035645,-0.000805747346021235
11,hand,16,1,0.43959736824035645,0.9228641390800476,-0.00010961295629385859
11,hand,17,1,0.42434632778167725,0.8716672658920288,0.00039700159686617553
11,hand,18,1,0.428112655878067,0.893144428730011,0.00021221338829491287
11,hand,19,1,0.4323756992816925,0.9040232300758362,0.0014550104970112443
11,hand,20,1,0.43612149357795715,0.9105727672576904,0.002783774398267269
11,pose,0,-1,0.5225104689598083,0.22489570081233978,-0.5974012613296509
11,pose,1,-1,0.5324461460113525,0.20288948714733124,-0.5783892273902893
11,pose,2,-1,0.5381608605384827,0.20329660177230835,-0.5784785747528076
11,pose,3,-1,0.5427618026733398,0.20392970740795135,-0.5786027908325195
11,pose,4,-1,0.5140042901039124,0.20279741287231445,-0.5766659379005432
11,pose,5,-1,0.507310152053833,0.20347607135772705,-0.5768324136734009
11,pose,6,-1,0.5016730427742004,0.20468255877494812,-0.5769962668418884
11,pose,7,-1,0.5502546429634094,0.21698209643363953,-0.4315533936023712
11,pose,8,-1,0.49442237615585327,0.21972210705280304,-0.4272264540195465
11,pose,9,-1,0.5332664251327515,0.25427675247192383,-0.5402318835258484
11,pose,10,-1,0.510850727558136,0.2556239366531372,-0.5393326878547668
11,pose,11,-1,0.5868588089942932,0.38149070739746094,-0.3208267092704773
11,pose,12,-1,0.44945937395095825,0.3842633366584778,-0.3042236566543579
11,pose,13,-1,0.5943424105644226,0.6054956316947937,-0.247799813747406
11,pose,14,-1,0.44430044293403625,0.6026953458786011,-0.2404489815235138
11,pose,15,-1,0.5979475378990173,0.8233048319816589,-0.3251282572746277
11,pose,16,-1,0.4378510117530823,0.8120914697647095,-0.32718750834465027
11,pose,17,-1,0.5986063480377197,0.8882372379302979,-0.36123213171958923
11,pose,18,-1,0.4337858259677887,0.8783475160598755,-0.3547500967979431
11,pose,19,-1,0.5867540836334229,0.8916670083999634,-0.39518260955810547
11,pose,20,-1,0.4445805847644806,0.8764148354530334,-0.39388230443000793
11,pose,21,-1,0.5842171907424927,0.8656628131866455,-0.33905652165412903
11,pose,22,-1,0.4476974606513977,0.8505403995513916,-0.34478241205215454
11,pose,23,-1,0.5561884641647339,0.7171569466590881,-0.015553067438304424
11,pose,24,-1,0.4785810708999634,0.7126217484474182,0.015589356422424316
11,pose,25,-1,0.5382107496261597,0.9587417244911194,-0.07548312842845917
11,pose,26,-1,0.48360005021095276,0.9750239849090576,-0.03608269244432449
11,pose,27,-1,0.5283582806587219,1.141042947769165,0.23931315541267395
11,pose,28,-1,0.4877375662326813,1.1459134817123413,0.25199827551841736
11,pose,29,-1,0.5280892848968506,1.163918137550354,0.26260530948638916
11,pose,30,-1,0.4896567761898041,1.1679435968399048,0.2785898745059967
11,pose,31,-1,0.5262936353683472,1.221469521522522,0.1345936805009842
11,pose,32,-1,0.4818864166736603,1.2213395833969116,0.1386527717113495
12,hand,0,0,0.6025890111923218,0.8183592557907104,1.0003558514881661e-07
12,hand,1,0,0.5898893475532532,0.8264766931533813,-0.007674564141780138
12,hand,2,0,0.5806968212127686,0.8471196889877319,-0.010483751073479652
12,hand,3,0,0.5757466554641724,0.8689708113670349,-0.01174958050251007
12,hand,4,0,0.5743414163589478,0.8876945376396179,-0.012497036717832088
12,hand,5,0,0.5951203107833862,0.8731748461723328,-0.009450172074139118
12,hand,6,0,0.5900928378105164,0.9050422310829163,-0.013433798216283321
12,hand,7,0,0.5858379006385803,0.9235671758651733,-0.015808163210749626
12,hand,8,0,0.5825300216674805,0.9367710947990417,-0.016970740631222725
12,hand,9,0,0.6024107933044434,0.8758175373077393,-0.006415217183530331
12,hand,10,0,0.5954904556274414,0.9017329812049866,-0.009526817128062248
12,hand,11,0,0.588747501373291,0.910961389541626,-0.010315083898603916
12,hand,12,0,0.5829331278800964,0.9158031940460205,-0.010655414313077927
12,hand,13,0,0.6065481901168823,0.8749581575393677,-0.0037777703255414963
12,hand,14,0,0.5990530848503113,0.8977501392364502,-0.006264364812523127
12,hand,15,0,0.5927417278289795,0.9044597148895264,-0.0054131378419697285
12,hand,16,0,0.5873164534568787,0.9070307016372681,-0.004547384101897478
12,hand,17,0,0.6082028150558472,0.8726789355278015,-0.0018768522422760725
12,hand,18,0,0.6015210151672363,0.8918387293815613,-0.00404028594493866
12,hand,19,0,0.5952280163764954,0.8991300463676453,-0.003417521482333541
12,hand,20,0,0.5900535583496094,0.9017707109451294,-0.002397689735516906
12,hand,0,1,0.43324264883995056,0.8102710247039795,2.7518298750806025e-08
12,hand,1,1,0.44731205701828003,0.8228797316551208,-0.00807933695614338
12,hand,2,1,0.45371854305267334,0.8484143018722534,-0.010879699140787125
12,hand,3,1,0.4569871425628662,0.8725002408027649,-0.011713681742548943
12,hand,4,1,0.4607734680175781,0.8907318115234375,-0.0117782112210989
12,hand,5,1,0.43935030698776245,0.8714883327484131,-0.01002335175871849
12,hand,6,1,0.4381782114505768,0.9059926271438599,-0.012071747332811356
12,hand,7,1,0.4383847117424011,0.9251068830490112,-0.012731457129120827
12,hand,8,1,0.43912285566329956,0.9396348595619202,-0.012814403511583805
12,hand,9,1,0.4311734139919281,0.8709954619407654,-0.006000973284244537
12,hand,10,1,0.43528279662132263,0.9013054370880127,-0.007615101523697376
12,hand,11,1,0.4426521956920624,0.911255955696106,-0.007034109439700842
12,hand,12,1,0.44829392433166504,0.9145519733428955,-0.006194781046360731
12,hand,13,1,0.42637598514556885,0.8677432537078857,-0.002249554730951786
12,hand,14,1,0.4311673045158386,0.895399272441864,-0.004283906426280737
12,hand,15,1,0.4380286931991577,0.9050591588020325,-0.0035185704473406076
12,hand,16,1,0.4431653320789337,0.908592939376831,-0.0022835673298686743
12,hand,17,1,0.42400211095809937,0.8645486235618591,0.0010309668723493814
12,hand,18,1,0.4287330210208893,0.887643039226532,-0.0005404317053034902
12,hand,19,1,0.43444564938545227,0.896083652973175,0.00015535358397755772
12,hand,20,1,0.4391977787017822,0.8988338708877563,0.0014452910982072353
12,pose,0,-1,0.5229243636131287,0.22528380155563354,-0.5927454233169556
12,pose,1,-1,0.5327823758125305,0.2031618058681488,-0.5753441452980042
12,pose,2,-1,0.5384244322776794,0.2035675346851349,-0.575421154499054
12,pose,3,-1,0.5429762601852417,0.2041800618171692,-0.5755470395088196
12,pose,4,-1,0.5144693851470947,0.2030189484357834,-0.5741791129112244
12,pose,5,-1,0.5077583193778992,0.20366406440734863,-0.5743570327758789
12,pose,6,-1,0.5020860433578491,0.20484474301338196,-0.5745248198509216
12,pose,7,-1,0.550287663936615,0.21721461415290833,-0.43115469813346863
12,pose,8,-1,0.4946204721927643,0.2197991907596588,-0.4283939003944397
12,pose,9,-1,0.5335433483123779,0.2546246647834778,-0.5361613035202026
12,pose,10,-1,0.5111344456672668,0.2559041678905487,-0.535830557346344
12,pose,11,-1,0.5868546962738037,0.38136807084083557,-0.3237095773220062
12,pose,12,-1,0.44939762353897095,0.38351431488990784,-0.30513355135917664
12,pose,13,-1,0.5947849750518799,0.6003091335296631,-0.2518748342990875
12,pose,14,-1,0.4423747658729553,0.5975635647773743,-0.24271561205387115
12,pose,15,-1,0.6001154184341431,0.8079113364219666,-0.33232322335243225
12,pose,16,-1,0.4383825361728668,0.808758020401001,-0.33266499638557434
12,pose,17,-1,0.6015757322311401,0.8719882369041443,-0.3699572682380676
12,pose,18,-1,0.4326228201389313,0.8705208897590637,-0.36074763536453247
12,pose,19,-1,0.5899792313575745,0.8753214478492737,-0.4040224254131317
12,pose,20,-1,0.44273343682289124,0.8722882270812988,-0.3956124484539032
12,pose,21,-1,0.5872259140014648,0.8496448397636414,-0.34644362330436707
12,pose,22,-1,0.4466700553894043,0.8475161790847778,-0.349799245595932
12,pose,23,-1,0.556192934513092,0.7146296501159668,-0.015909193083643913
12,pose,24,-1,0.4786232113838196,0.7110439538955688,0.015946822240948677
12,pose,25,-1,0.538192093372345,0.9569627642631531,-0.09500981122255325
12,pose,26,-1,0.4840572774410248,0.970578670501709,-0.020388368517160416
12,pose,27,-1,0.5323063135147095,1.1239941120147705,0.25335994362831116
12,pose,28,-1,0.4877985715866089,1.138244390487671,0.26932960748672485
12,pose,29,-1,0.5326558351516724,1.1422840356826782,0.28189021348953247
12,pose,30,-1,0.4897052049636841,1.1584722995758057,0.2938517928123474
12,pose,31,-1,0.5299651026725769,1.2071250677108765,0.17127461731433868
12,pose,32,-1,0.48277634382247925,1.217452049255371,0.15373322367668152
13,hand,0,0,0.4361063241958618,0.7935624718666077,2.2584917047652198e-08
13,hand,1,0,0.44926875829696655,0.8072212934494019,-0.009601568803191185
13,hand,2,0,0.45716044306755066,0.8323686718940735,-0.013451390899717808
13,hand,3,0,0.4627915918827057,0.855104386806488,-0.015387984924018383
13,hand,4,0,0.46721532940864563,0.8729397654533386,-0.016523951664566994
13,hand,5,0,0.4425729513168335,0.8551946878433228,-0.011259272694587708
13,hand,6,0,0.43995603919029236,0.8881974816322327,-0.015042595565319061
13,hand,7,0,0.43953198194503784,0.908417284488678,-0.017081934958696365
13,hand,8,0,0.43970787525177,0.9244627356529236,-0.01818981021642685
13,hand,9,0,0.434806764125824,0.8558931946754456,-0.0073057967238128185
13,hand,10,0,0.43861106038093567,0.8834489583969116,-0.010579150170087814
13,hand,11,0,0.44505324959754944,0.8934704065322876,-0.011086724698543549
13,hand,12,0,0.44978007674217224,0.8977523446083069,-0.010976988822221756
13,hand,13,0,0.4304724633693695,0.8542605638504028,-0.003863563062623143
13,hand,14,0,0.43580299615859985,0.8786885142326355,-0.007163270376622677
13,hand,15,0,0.44207969307899475,0.8877037763595581,-0.0065682195127010345
13,hand,16,0,0.446537047624588,0.8916248679161072,-0.00532887689769268
13,hand,17,0,0.4287553131580353,0.8522589802742004,-0.0011308009270578623
13,hand,18,0,0.43467989563941956,0.872508704662323,-0.0036332395393401384
13,hand,19,0,0.4399217367172241,0.8802722096443176,-0.003090732265263796
13,hand,20,0,0.4440292418003082,0.8828493356704712,-0.0017670628149062395
13,pose,0,-1,0.5228814482688904,0.22540266811847687,-0.5580168962478638
13,pose,1,-1,0.5328086614608765,0.20318907499313354,-0.5419353246688843
13,pose,2,-1,0.5384415984153748,0.2035941779613495,-0.5420093536376953
13,pose,3,-1,0.5430126190185547,0.20420268177986145,-0.5421361327171326
13,pose,4,-1,0.5144535899162292,0.20304620265960693,-0.5418992638587952
13,pose,5,-1,0.507775068283081,0.20369216799736023,-0.5420385599136353
13,pose,6,-1,0.5021236538887024,0.20487165451049805,-0.5422047972679138
13,pose,7,-1,0.5503075122833252,0.21723425388336182,-0.4005579650402069
13,pose,8,-1,0.4947012960910797,0.21980039775371552,-0.40240463614463806
13,pose,9,-1,0.5335275530815125,0.2546636164188385,-0.5015456676483154
13,pose,10,-1,0.5110998153686523,0.2560329735279083,-0.5021990537643433
13,pose,11,-1,0.5868663787841797,0.3807699978351593,-0.29324352741241455
13,pose,12,-1,0.44939181208610535,0.3814705014228821,-0.2850155532360077
13,pose,13,-1,0.5953333377838135,0.5927356481552124,-0.2234308123588562
13,pose,14,-1,0.4409802258014679,0.5876482725143433,-0.23460842669010162
13,pose,15,-1,0.5999194383621216,0.7737548351287842,-0.32706552743911743
13,pose,16,-1,0.43935129046440125,0.7926967740058899,-0.3338865339756012
13,pose,17,-1,0.6021274924278259,0.8286569714546204,-0.36943498253822327
13,pose,18,-1,0.43440553545951843,0.8488281965255737,-0.3698149621486664
13,pose,19,-1,0.5912604928016663,0.8300535678863525,-0.40335407853126526
13,pose,20,-1,0.4446607828140259,0.8534932136535645,-0.41054317355155945
13,pose,21,-1,0.5877152681350708,0.8111303448677063,-0.34166622161865234
13,pose,22,-1,0.44847601652145386,0.8335136771202087,-0.3520675599575043
13,pose,23,-1,0.555916428565979,0.7163839936256409,-0.015793384984135628
13,pose,24,-1,0.478517085313797,0.7101888656616211,0.015845926478505135
13,pose,25,-1,0.5396203994750977,0.9667248725891113,-0.09435059130191803
13,pose,26,-1,0.4823375344276428,0.9688052535057068,-0.012833989225327969
13,pose,27,-1,0.53733891248703,1.1495959758758545,0.24831591546535492
13,pose,28,-1,0.4861384928226471,1.158028244972229,0.26209092140197754
13,pose,29,-1,0.5374740362167358,1.1700127124786377,0.27564218640327454
13,pose,30,-1,0.48828381299972534,1.182987928390503,0.2896815240383148
13,pose,31,-1,0.5329347848892212,1.2336431741714478,0.1558082550764084
13,pose,32,-1,0.48237714171409607,1.2358471155166626,0.13618561625480652
14,hand,0,0,0.4432411789894104,0.7787952423095703,-1.306270860368386e-07
14,hand,1,0,0.4563567340373993,0.7913902401924133,-0.005765433423221111
14,hand,2,0,0.46560144424438477,0.812281608581543,-0.006953655742108822
14,hand,3,0,0.4727522134780884,0.8313086032867432,-0.007455902174115181
14,hand,4,0,0.4762669503688812,0.8463858962059021,-0.007072283886373043
14,hand,5,0,0.4474804997444153,0.8463529348373413,0.0014631840167567134
14,hand,6,0,0.4585280418395996,0.8653492331504822,-0.0010123460087925196
14,hand,7,0,0.46665850281715393,0.8556721210479736,-0.003971294965595007
14,hand,8,0,0.46878454089164734,0.8398398160934448,-0.00495500024408102
14,hand,9,0,0.44452306628227234,0.8496125936508179,0.004157694522291422
14,hand,10,0,0.45698991417884827,0.8669564723968506,0.0018478946294635534
14,hand,11,0,0.4645456075668335,0.8555781841278076,-0.0016616606153547764
14,hand,12,0,0.4671899676322937,0.8409127593040466,-0.0029847510159015656
14,hand,13,0,0.44307610392570496,0.8497220277786255,0.005996817257255316
14,hand,14,0,0.45393460988998413,0.8649123907089233,0.0036550252698361874
14,hand,15,0,0.46101370453834534,0.8554156422615051,0.0008522971766069531
14,hand,16,0,0.463596910238266,0.8419191837310791,0.0002683565253391862
14,hand,17,0,0.44292694330215454,0.8483176231384277,0.0075448062270879745
14,hand,18,0,0.45107215642929077,0.8629512190818787,0.006360467988997698
14,hand,19,0,0.45614999532699585,0.8607304096221924,0.005920095834881067
14,hand,20,0,0.4581961929798126,0.8540688157081604,0.006819837726652622
14,pose,0,-1,0.5229877233505249,0.2254238873720169,-0.5580100417137146
14,pose,1,-1,0.5329384803771973,0.20316791534423828,-0.5400142073631287
14,pose,2,-1,0.5385572910308838,0.20357123017311096,-0.5400972962379456
14,pose,3,-1,0.5431290864944458,0.20417511463165283,-0.5401979088783264
14,pose,4,-1,0.5146370530128479,0.20301450788974762,-0.5402928590774536
14,pose,5,-1,0.5079475045204163,0.20365400612354279,-0.5404446125030518
14,pose,6,-1,0.5022936463356018,0.2048192173242569,-0.5406067371368408
14,pose,7,-1,0.5503250956535339,0.21712267398834229,-0.3969888389110565
14,pose,8,-1,0.49473267793655396,0.21972745656967163,-0.400931179523468
14,pose,9,-1,0.5335613489151001,0.2546822428703308,-0.5017979145050049
14,pose,10,-1,0.5111457109451294,0.2560350000858307,-0.5029186606407166
14,pose,11,-1,0.5868815779685974,0.38012176752090454,-0.2916552424430847
14,pose,12,-1,0.44921720027923584,0.38036057353019714,-0.28502288460731506
14,pose,13,-1,0.5990622639656067,0.5897440910339355,-0.2292264997959137
14,pose,14,-1,0.43687212467193604,0.5884650349617004,-0.23479536175727844
14,pose,15,-1,0.5941281914710999,0.756212592124939,-0.3375423848628998
14,pose,16,-1,0.4435935616493225,0.7868927121162415,-0.3358447849750519
14,pose,17,-1,0.5957049131393433,0.8185681700706482,-0.37809163331985474
14,pose,18,-1,0.4398579001426697,0.8427258133888245,-0.37565839290618896
14,pose,19,-1,0.5849626660346985,0.8144291043281555,-0.41122275590896606
14,pose,20,-1,0.4495757520198822,0.8468877077102661,-0.41542693972587585
14,pose,21,-1,0.5812225937843323,0.7914444804191589,-0.35095036029815674
14,pose,22,-1,0.4546280801296234,0.8281794190406799,-0.3523743748664856
14,pose,23,-1,0.5556920766830444,0.7155483961105347,-0.015182211995124817
14,pose,24,-1,0.47802746295928955,0.7093838453292847,0.015265622176229954
14,pose,25,-1,0.5418155789375305,0.9554009437561035,-0.0923149436712265
14,pose,26,-1,0.4825679063796997,0.96723473072052,-0.025141002610325813
14,pose,27,-1,0.5406073927879333,1.1387473344802856,0.2336987853050232
14,pose,28,-1,0.48626402020454407,1.153199315071106,0.24076667428016663
14,pose,29,-1,0.5401235818862915,1.1614562273025513,0.2731042206287384
14,pose,30,-1,0.4884313941001892,1.1770864725112915,0.2607361376285553
14,pose,31,-1,0.5395252108573914,1.2185359001159668,0.12883898615837097
14,pose,32,-1,0.48305267095565796,1.230370044708252,0.10864618420600891
15,pose,0,-1,0.5229665040969849,0.22544538974761963,-0.5599511861801147
15,pose,1,-1,0.5329289436340332,0.2031591385602951,-0.5428743362426758
15,pose,2,-1,0.5385438203811646,0.2035631686449051,-0.5429345369338989
15,pose,3,-1,0.5431289672851562,0.20416593551635742,-0.5430663824081421
15,pose,4,-1,0.5146584510803223,0.20299166440963745,-0.5433112978935242
15,pose,5,-1,0.50799161195755,0.20361283421516418,-0.5434431433677673
15,pose,6,-1,0.5023825764656067,0.20475973188877106,-0.5436027646064758
15,pose,7,-1,0.5503174066543579,0.217117041349411,-0.40126293897628784
15,pose,8,-1,0.49480196833610535,0.21971268951892853,-0.40591755509376526
15,pose,9,-1,0.5335569977760315,0.25470611453056335,-0.5036256909370422
15,pose,10,-1,0.5111374258995056,0.25602176785469055,-0.5051260590553284
15,pose,11,-1,0.5869108438491821,0.37786737084388733,-0.28399327397346497
15,pose,12,-1,0.449246883392334,0.37771323323249817,-0.291416198015213
15,pose,13,-1,0.604045033454895,0.5825652480125427,-0.2151651382446289
15,pose,14,-1,0.4340677559375763,0.5859400033950806,-0.23906487226486206
15,pose,15,-1,0.5873023867607117,0.7085747718811035,-0.32393404841423035
15,pose,16,-1,0.453614741563797,0.7583829164505005,-0.3515455424785614
15,pose,17,-1,0.5848475694656372,0.7570217251777649,-0.3670288920402527
15,pose,18,-1,0.4526364505290985,0.8165781497955322,-0.39107006788253784
15,pose,19,-1,0.5749139785766602,0.7507396936416626,-0.39282137155532837
15,pose,20,-1,0.46588799357414246,0.8169456720352173,-0.4246087968349457
15,pose,21,-1,0.5721614956855774,0.7365121841430664,-0.33494833111763
15,pose,22,-1,0.4706440567970276,0.7990066409111023,-0.3643474280834198
15,pose,23,-1,0.5539368987083435,0.713897168636322,-0.011019873432815075
15,pose,24,-1,0.4777275621891022,0.7063620090484619,0.0111404312774539
15,pose,25,-1,0.5418752431869507,0.9531985521316528,-0.09558551013469696
15,pose,26,-1,0.4785429537296295,0.9642987251281738,-0.044296860694885254
15,pose,27,-1,0.5404067635536194,1.1384397745132446,0.22551634907722473
15,pose,28,-1,0.47959235310554504,1.145545482635498,0.22557605803012848
15,pose,29,-1,0.5400645732879639,1.1617467403411865,0.2565743327140808
15,pose,30,-1,0.4818337857723236,1.1671276092529297,0.24847745895385742
15,pose,31,-1,0.5403229594230652,1.2176798582077026,0.12904277443885803
15,pose,32,-1,0.4771847724914551,1.2265974283218384,0.10342445224523544
16,pose,0,-1,0.5227195024490356,0.22541601955890656,-0.5147266387939453
16,pose,1,-1,0.5328543782234192,0.20313796401023865,-0.49546557664871216
16,pose,2,-1,0.5384494066238403,0.20355896651744843,-0.49556952714920044
16,pose,3,-1,0.5431143641471863,0.204169362783432,-0.4957077205181122
16,pose,4,-1,0.5146180987358093,0.2028486132621765,-0.4965161979198456
16,pose,5,-1,0.5079845786094666,0.20335640013217926,-0.49660804867744446
16,pose,6,-1,0.5023782253265381,0.2043701708316803,-0.4967629313468933
16,pose,7,-1,0.5502990484237671,0.21727529168128967,-0.34415653347969055
16,pose,8,-1,0.49487677216529846,0.2192077934741974,-0.3514505922794342
16,pose,9,-1,0.5333893299102783,0.25473085045814514,-0.45496365427970886
16,pose,10,-1,0.5109397172927856,0.25588104128837585,-0.4570697247982025
16,pose,11,-1,0.5869082808494568,0.3774827718734741,-0.22863227128982544
16,pose,12,-1,0.44937101006507874,0.37420013546943665,-0.22912004590034485
16,pose,13,-1,0.6072558164596558,0.5823959112167358,-0.22473584115505219
16,pose,14,-1,0.4312674403190613,0.5812426805496216,-0.18146705627441406
16,pose,15,-1,0.5729086995124817,0.6418338418006897,-0.4208916425704956
16,pose,16,-1,0.4645550549030304,0.7228220701217651,-0.3049609065055847
16,pose,17,-1,0.5601755380630493,0.6826640367507935,-0.478597491979599
16,pose,18,-1,0.46564796566963196,0.7814756631851196,-0.34516456723213196
16,pose,19,-1,0.5608494877815247,0.6678684949874878,-0.49227797985076904
16,pose,20,-1,0.48341313004493713,0.7789483070373535,-0.3739576041698456
16,pose,21,-1,0.5584782958030701,0.6567093729972839,-0.42945119738578796
16,pose,22,-1,0.4842291474342346,0.7585480809211731,-0.31625089049339294
16,pose,23,-1,0.5539007186889648,0.7139340043067932,-0.009040998294949532
16,pose,24,-1,0.4776921570301056,0.7060593366622925,0.009259145706892014
16,pose,25,-1,0.5452558994293213,0.9535959959030151,-0.08821280300617218
16,pose,26,-1,0.4778900444507599,0.9616257548332214,-0.05615787208080292
16,pose,27,-1,0.540725588798523,1.1389212608337402,0.23591956496238708
16,pose,28,-1,0.47407686710357666,1.1428650617599487,0.2259131222963333
16,pose,29,-1,0.5398425459861755,1.1619179248809814,0.2628703713417053
16,pose,30,-1,0.4750839173793793,1.1640876531600952,0.24998779594898224
16,pose,31,-1,0.5426210165023804,1.2208389043807983,0.13222678005695343
16,pose,32,-1,0.4739164113998413,1.2262428998947144,0.09647936373949051
17,pose,0,-1,0.5225253105163574,0.22544030845165253,-0.5299902558326721
17,pose,1,-1,0.5327441692352295,0.20311513543128967,-0.4961290955543518
17,pose,2,-1,0.5382762551307678,0.20354975759983063,-0.4963391423225403
17,pose,3,-1,0.5430880784988403,0.20417118072509766,-0.49663886427879333
17,pose,4,-1,0.5145639181137085,0.2027297168970108,-0.49859553575515747
17,pose,5,-1,0.5079666376113892,0.20314669609069824,-0.4986893832683563
17,pose,6,-1,0.502375066280365,0.20406022667884827,-0.4988168179988861
17,pose,7,-1,0.550233781337738,0.21732859313488007,-0.37627050280570984
17,pose,8,-1,0.49493035674095154,0.2187521755695343,-0.37731555104255676
17,pose,9,-1,0.5331316590309143,0.25510329008102417,-0.47679242491722107
17,pose,10,-1,0.5108333826065063,0.25586777925491333,-0.4782978892326355
17,pose,11,-1,0.5868851542472839,0.3772047162055969,-0.2636653780937195
17,pose,12,-1,0.4498347043991089,0.3698628544807434,-0.24401487410068512
17,pose,13,-1,0.6144681572914124,0.5865281224250793,-0.3619832992553711
17,pose,14,-1,0.42825984954833984,0.5771089792251587,-0.2323264330625534
17,pose,15,-1,0.5636357665061951,0.582502007484436,-0.6489121913909912
17,pose,16,-1,0.469504177570343,0.6830400824546814,-0.4591488242149353
17,pose,17,-1,0.5471001267433167,0.5911206603050232,-0.7209096550941467
17,pose,18,-1,0.47991546988487244,0.7330885529518127,-0.5112313628196716
17,pose,19,-1,0.546150803565979,0.5603453516960144,-0.7136933207511902
17,pose,20,-1,0.49371692538261414,0.714180588722229,-0.529466986656189
17,pose,21,-1,0.5484638214111328,0.5537480115890503,-0.6501629948616028
17,pose,22,-1,0.4895791709423065,0.6928549408912659,-0.46817582845687866
17,pose,23,-1,0.5538259744644165,0.7179307341575623,-0.00918917078524828
17,pose,24,-1,0.4772135317325592,0.7086678147315979,0.0095542436465621
17,pose,25,-1,0.545577883720398,0.9575854539871216,-0.04071835055947304
17,pose,26,-1,0.4785826504230499,0.9580551981925964,-0.02118532732129097
17,pose,27,-1,0.5406637191772461,1.1341606378555298,0.34243014454841614
17,pose,28,-1,0.4757522642612457,1.1432753801345825,0.2958497107028961
17,pose,29,-1,0.5397433042526245,1.1561169624328613,0.37377607822418213
17,pose,30,-1,0.4769373834133148,1.1661458015441895,0.3220466375350952
17,pose,31,-1,0.5426187515258789,1.2164233922958374,0.22935539484024048
17,pose,32,-1,0.47491297125816345,1.2295401096343994,0.1421489715576172
18,pose,0,-1,0.5224829316139221,0.22543835639953613,-0.5074132680892944
18,pose,1,-1,0.5327224135398865,0.2030905932188034,-0.48558053374290466
18,pose,2,-1,0.5382011532783508,0.2035372406244278,-0.4857216477394104
18,pose,3,-1,0.5430791974067688,0.20416586101055145,-0.48585498332977295
18,pose,4,-1,0.5145462155342102,0.2026575654745102,-0.48334604501724243
18,pose,5,-1,0.5079841017723083,0.20301483571529388,-0.48347410559654236
18,pose,6,-1,0.5024316906929016,0.20388130843639374,-0.4835869371891022
18,pose,7,-1,0.5501511096954346,0.21735960245132446,-0.33183589577674866
18,pose,8,-1,0.4949749708175659,0.2186242789030075,-0.3237804174423218
18,pose,9,-1,0.5329937934875488,0.25516438484191895,-0.4472827613353729
18,pose,10,-1,0.510820746421814,0.2558271288871765,-0.4453010559082031
18,pose,11,-1,0.5867467522621155,0.3768851161003113,-0.22618888318538666
18,pose,12,-1,0.45003798604011536,0.3682951331138611,-0.17829304933547974
18,pose,13,-1,0.6151151061058044,0.5903266668319702,-0.33998778462409973
18,pose,14,-1,0.42603716254234314,0.5760322213172913,-0.18850676715373993
18,pose,15,-1,0.5539072751998901,0.5222856402397156,-0.6264346241950989
18,pose,16,-1,0.47396403551101685,0.6576927304267883,-0.410782128572464
18,pose,17,-1,0.5382201671600342,0.505091667175293,-0.6934994459152222
18,pose,18,-1,0.48678621649742126,0.7024718523025513,-0.4532826542854309
18,pose,19,-1,0.5385236144065857,0.4751943051815033,-0.680735170841217
18,pose,20,-1,0.49971505999565125,0.6723485589027405,-0.47514423727989197
18,pose,21,-1,0.5423494577407837,0.4788801372051239,-0.6246417164802551
18,pose,22,-1,0.4943293333053589,0.660441517829895,-0.4197092354297638
18,pose,23,-1,0.5532816648483276,0.7213696837425232,-0.009428479708731174
18,pose,24,-1,0.4769839644432068,0.7133356928825378,0.00993881095200777
18,pose,25,-1,0.5452991127967834,0.9745091199874878,-0.023767076432704926
18,pose,26,-1,0.4754665493965149,0.9607020616531372,0.004210076294839382
18,pose,27,-1,0.5410911440849304,1.1694955825805664,0.3092230558395386
18,pose,28,-1,0.4725457727909088,1.165315866470337,0.27792322635650635
18,pose,29,-1,0.5403594970703125,1.198115587234497,0.33577314019203186
18,pose,30,-1,0.47263553738594055,1.193617343902588,0.30188360810279846
18,pose,31,-1,0.5424941182136536,1.246896743774414,0.1962263137102127
18,pose,32,-1,0.4757547974586487,1.2500381469726562,0.1350235939025879
19,pose,0,-1,0.5224357843399048,0.22570109367370605,-0.449520468711853
19,pose,1,-1,0.532677948474884,0.2031678557395935,-0.4287058115005493
19,pose,2,-1,0.5380447506904602,0.20361115038394928,-0.4288366436958313
19,pose,3,-1,0.5430436730384827,0.20422789454460144,-0.4289248287677765
19,pose,4,-1,0.5145368576049805,0.20267684757709503,-0.42647790908813477
19,pose,5,-1,0.5080170035362244,0.2030121088027954,-0.42658567428588867
19,pose,6,-1,0.5025228261947632,0.20387257635593414,-0.42667996883392334
19,pose,7,-1,0.5500277876853943,0.21741418540477753,-0.27374088764190674
19,pose,8,-1,0.4950367510318756,0.2186221331357956,-0.26687926054000854
19,pose,9,-1,0.5328162312507629,0.25538915395736694,-0.389007031917572
19,pose,10,-1,0.5108134746551514,0.255919873714447,-0.38727691769599915
19,pose,11,-1,0.5867272615432739,0.3756980001926422,-0.16805854439735413
19,pose,12,-1,0.4502657651901245,0.36728546023368835,-0.12557335197925568
19,pose,13,-1,0.6160736680030823,0.5921326279640198,-0.28815412521362305
19,pose,14,-1,0.4260859489440918,0.5727044939994812,-0.13171491026878357
19,pose,15,-1,0.5494480133056641,0.4947841465473175,-0.5489898324012756
19,pose,16,-1,0.48946234583854675,0.6244163513183594,-0.33846187591552734
19,pose,17,-1,0.531029462814331,0.4673531949520111,-0.6098465323448181
19,pose,18,-1,0.5106198787689209,0.6477380990982056,-0.375984787940979
19,pose,19,-1,0.533341646194458,0.4465251863002777,-0.5993224382400513
19,pose,20,-1,0.5178748965263367,0.6330098509788513,-0.37821775674819946
19,pose,21,-1,0.5381435751914978,0.4537222385406494,-0.5474870204925537
19,pose,22,-1,0.510471761226654,0.6217101216316223,-0.338885098695755
19,pose,23,-1,0.5532971024513245,0.7237957119941711,-0.010111553594470024
19,pose,24,-1,0.4769965708255768,0.7167611718177795,0.010711993090808392
19,pose,25,-1,0.545994222164154,0.9855276346206665,-0.029703589156270027
19,pose,26,-1,0.47339576482772827,0.9678294062614441,0.013016441836953163
19,pose,27,-1,0.5410678386688232,1.1884227991104126,0.2864025831222534
19,pose,28,-1,0.46940794587135315,1.1814953088760376,0.2702397108078003
19,pose,29,-1,0.5402771234512329,1.2168809175491333,0.31191009283065796
19,pose,30,-1,0.4693547189235687,1.21055269241333,0.3003903329372406
19,pose,31,-1,0.5420942902565002,1.2674057483673096,0.17817167937755585
19,pose,32,-1,0.473772794008255,1.2656482458114624,0.12494853138923645
20,hand,0,0,0.555419385433197,0.47244906425476074,2.783439789766362e-08
20,hand,1,0,0.5490636825561523,0.4510017931461334,0.0023309988901019096
20,hand,2,0,0.5381647944450378,0.43353769183158875,0.001560582430101931
20,hand,3,0,0.5273814797401428,0.42488110065460205,-9.389878687215969e-05
20,hand,4,0,0.5188571810722351,0.4223952293395996,-0.0023501254618167877
20,hand,5,0,0.537767231464386,0.42139309644699097,-0.0015236837789416313
20,hand,6,0,0.5297865271568298,0.4015595316886902,-0.004669466521590948
20,hand,7,0,0.5260500311851501,0.3900945782661438,-0.00682440958917141
20,hand,8,0,0.5243707299232483,0.3810255229473114,-0.008181753568351269
20,hand,9,0,0.536522626876831,0.4295085072517395,-0.004671002272516489
20,hand,10,0,0.5220440030097961,0.41672736406326294,-0.007813090458512306
20,hand,11,0,0.5168361663818359,0.4211437404155731,-0.008601000532507896
20,hand,12,0,0.5156225562095642,0.42526575922966003,-0.008888313546776772
20,hand,13,0,0.5345864295959473,0.4422775208950043,-0.007500200066715479
20,hand,14,0,0.5208184719085693,0.4322482943534851,-0.010188959538936615
20,hand,15,0,0.5181389451026917,0.43673497438430786,-0.008828578516840935
20,hand,16,0,0.5188961029052734,0.44060707092285156,-0.007455980405211449
20,hand,17,0,0.5324814319610596,0.45740020275115967,-0.010039974004030228
20,hand,18,0,0.5204523205757141,0.44902274012565613,-0.0115984957665205
20,hand,19,0,0.5192899107933044,0.45157530903816223,-0.009688341990113258
20,hand,20,0,0.5208581686019897,0.45474159717559814,-0.0078018116764724255
20,pose,0,-1,0.5220805406570435,0.2259896844625473,-0.41931378841400146
20,pose,1,-1,0.5323439836502075,0.20322595536708832,-0.4000042676925659
20,pose,2,-1,0.5373213887214661,0.2036631852388382,-0.4000930190086365
20,pose,3,-1,0.5425379872322083,0.20426812767982483,-0.4001544713973999
20,pose,4,-1,0.5143910646438599,0.20268230140209198,-0.39720645546913147
20,pose,5,-1,0.5079248547554016,0.2030089944601059,-0.3972930312156677
20,pose,6,-1,0.5024755597114563,0.2038530856370926,-0.39737847447395325
20,pose,7,-1,0.549495279788971,0.21742764115333557,-0.25306400656700134
20,pose,8,-1,0.4950396716594696,0.2186206579208374,-0.24238213896751404
20,pose,9,-1,0.5322282314300537,0.2559589147567749,-0.3614279329776764
20,pose,10,-1,0.5106382966041565,0.2562825381755829,-0.35859090089797974
20,pose,11,-1,0.5865951180458069,0.373784601688385,-0.15042121708393097
20,pose,12,-1,0.45062723755836487,0.36699020862579346,-0.11515165865421295
20,pose,13,-1,0.6162862181663513,0.5930168032646179,-0.2617844045162201
20,pose,14,-1,0.42719411849975586,0.5738340020179749,-0.14311668276786804
20,pose,15,-1,0.5463465452194214,0.4775272607803345,-0.5065624713897705
20,pose,16,-1,0.511883556842804,0.5948610305786133,-0.31547269225120544
20,pose,17,-1,0.5269438028335571,0.4471769630908966,-0.55977863073349
20,pose,18,-1,0.5356887578964233,0.6103957891464233,-0.3452168405056
20,pose,19,-1,0.5300120115280151,0.4214043617248535,-0.5929117798805237
20,pose,20,-1,0.5409772396087646,0.589164137840271,-0.3333785831928253
20,pose,21,-1,0.5346577763557434,0.43193569779396057,-0.506365954875946
20,pose,22,-1,0.5338857173919678,0.5811258554458618,-0.3094499409198761
20,pose,23,-1,0.5543941259384155,0.7236741781234741,-0.011034046299755573
20,pose,24,-1,0.47735685110092163,0.717000424861908,0.011735709384083748
20,pose,25,-1,0.5501204133033752,0.9781028628349304,-0.0004392155387904495
20,pose,26,-1,0.47267115116119385,0.9739725589752197,0.04565054923295975
20,pose,27,-1,0.542003333568573,1.2021931409835815,0.2759871780872345
20,pose,28,-1,0.4695848226547241,1.1934022903442383,0.26584967970848083
20,pose,29,-1,0.541363000869751,1.2327855825424194,0.30021774768829346
20,pose,30,-1,0.46977049112319946,1.2249565124511719,0.2997346520423889
20,pose,31,-1,0.542023777961731,1.2830220460891724,0.17035812139511108
20,pose,32,-1,0.4731612205505371,1.2758384943008423,0.12624914944171906
21,hand,0,0,0.5453216433525085,0.4698552191257477,4.133860187494065e-08
21,hand,1,0,0.5386154055595398,0.4498506188392639,0.002694611204788089
21,hand,2,0,0.5277521014213562,0.43260735273361206,0.0029944642446935177
21,hand,3,0,0.5180110931396484,0.4253949820995331,0.0023066296707838774
21,hand,4,0,0.5098673105239868,0.4260852634906769,0.0012361890403553843
21,hand,5,0,0.5212403535842896,0.4160371720790863,0.002813973929733038
21,hand,6,0,0.5126105546951294,0.40479469299316406,0.0011757155880331993
21,hand,7,0,0.5075045824050903,0.3953617513179779,-0.0005393186584115028
21,hand,8,0,0.5045244097709656,0.3885326683521271,-0.0016825415659695864
21,hand,9,0,0.5180168747901917,0.42434635758399963,0.00015928593347780406
21,hand,10,0,0.5041701197624207,0.42189374566078186,-0.001113553182221949
21,hand,11,0,0.5051365494728088,0.4277879595756531,-0.0012196417665109038
21,hand,12,0,0.5091896057128906,0.4307963252067566,-0.0009862957522273064
21,hand,13,0,0.5157989859580994,0.43709781765937805,-0.0024094884283840656
21,hand,14,0,0.5035725831985474,0.4375922381877899,-0.003265609499067068
21,hand,15,0,0.5055050253868103,0.44286972284317017,-0.0014558159746229649
21,hand,16,0,0.5094287395477295,0.4441378712654114,-0.00012532726395875216
21,hand,17,0,0.5146741271018982,0.4514618217945099,-0.004869132302701473
21,hand,18,0,0.5042214393615723,0.45210206508636475,-0.004789802245795727
21,hand,19,0,0.5066627860069275,0.4557788074016571,-0.0023887590505182743
21,hand,20,0,0.5106407403945923,0.4571824073791504,-0.00035668304190039635
21,pose,0,-1,0.5219140648841858,0.22624871134757996,-0.3527556359767914
21,pose,1,-1,0.532252848148346,0.20330913364887238,-0.336282879114151
21,pose,2,-1,0.5370967388153076,0.20374450087547302,-0.33636149764060974
21,pose,3,-1,0.542435348033905,0.20435842871665955,-0.3364161550998688
21,pose,4,-1,0.5143247842788696,0.2027050405740738,-0.33361878991127014
21,pose,5,-1,0.5078838467597961,0.2030080407857895,-0.33371010422706604
21,pose,6,-1,0.5024486184120178,0.2038480043411255,-0.33376508951187134
21,pose,7,-1,0.5493897795677185,0.21748577058315277,-0.20283514261245728
21,pose,8,-1,0.4950408339500427,0.21861012279987335,-0.19222968816757202
21,pose,9,-1,0.5319740176200867,0.2562967836856842,-0.2995002865791321
21,pose,10,-1,0.510450005531311,0.2566201686859131,-0.2966383397579193
21,pose,11,-1,0.5865711569786072,0.3734111785888672,-0.10888706892728806
21,pose,12,-1,0.45157721638679504,0.36729493737220764,-0.07838021963834763
21,pose,13,-1,0.615913450717926,0.5951896905899048,-0.18976806104183197
21,pose,14,-1,0.4279102385044098,0.5741457343101501,-0.13111001253128052
21,pose,15,-1,0.5414240956306458,0.47647467255592346,-0.3742040991783142
21,pose,16,-1,0.5233340859413147,0.5626052021980286,-0.28006377816200256
21,pose,17,-1,0.5201741456985474,0.4488610327243805,-0.41223374009132385
21,pose,18,-1,0.5424672365188599,0.5569782853126526,-0.30469241738319397
21,pose,19,-1,0.5231879353523254,0.42542141675949097,-0.39068958163261414
21,pose,20,-1,0.5440503358840942,0.5343165397644043,-0.2847808301448822
21,pose,21,-1,0.5283547043800354,0.4348646402359009,-0.36431801319122314
21,pose,22,-1,0.5382067561149597,0.5303182601928711,-0.27046456933021545
21,pose,23,-1,0.5553401708602905,0.7232747673988342,-0.01107846386730671
21,pose,24,-1,0.4773622155189514,0.7163189649581909,0.011848783120512962
21,pose,25,-1,0.5505238771438599,0.983037531375885,-0.004194242879748344
21,pose,26,-1,0.47146791219711304,0.9758829474449158,0.06909819692373276
21,pose,27,-1,0.542016863822937,1.2009717226028442,0.28407713770866394
21,pose,28,-1,0.46802788972854614,1.195832371711731,0.3153282105922699
21,pose,29,-1,0.5412912964820862,1.2327600717544556,0.30849921703338623
21,pose,30,-1,0.46785637736320496,1.2298908233642578,0.33862438797950745
21,pose,31,-1,0.5404019951820374,1.2845901250839233,0.18381673097610474
21,pose,32,-1,0.47085586190223694,1.2777228355407715,0.193965345621109
22,hand,0,0,0.5339720249176025,0.47553688287734985,6.875999503108687e-08
22,hand,1,0,0.5280041098594666,0.4540605843067169,0.000966738851275295
22,hand,2,0,0.5158737897872925,0.438331663608551,-4.317780985729769e-05
22,hand,3,0,0.5054874420166016,0.43588510155677795,-0.0015843393048271537
22,hand,4,0,0.4979690611362457,0.4428845942020416,-0.003560638055205345
22,hand,5,0,0.5115700364112854,0.42511940002441406,-0.0019865718204528093
22,hand,6,0,0.5051038265228271,0.40391284227371216,-0.005607916507869959
22,hand,7,0,0.5002933144569397,0.3887665867805481,-0.00801241397857666
22,hand,8,0,0.49718108773231506,0.37782537937164307,-0.009505187161266804
22,hand,9,0,0.5082428455352783,0.435648113489151,-0.004264044109731913
22,hand,10,0,0.4935811758041382,0.4348621964454651,-0.007866080850362778
22,hand,11,0,0.49617496132850647,0.4420797824859619,-0.007858648896217346
22,hand,12,0,0.5016630291938782,0.4453263282775879,-0.007217630743980408
22,hand,13,0,0.5060714483261108,0.45021378993988037,-0.006443626247346401
22,hand,14,0,0.4943205714225769,0.45165055990219116,-0.009334336966276169
22,hand,15,0,0.49765390157699585,0.45621079206466675,-0.006665017455816269
22,hand,16,0,0.5020198225975037,0.4573887288570404,-0.004256721120327711
22,hand,17,0,0.5052208304405212,0.4644884467124939,-0.008538738824427128
22,hand,18,0,0.4960840940475464,0.4639127850532532,-0.009662847965955734
22,hand,19,0,0.4996884763240814,0.46679744124412537,-0.006703848950564861
22,hand,20,0,0.5035057663917542,0.4675453305244446,-0.004017727915197611
22,pose,0,-1,0.5219071507453918,0.22863765060901642,-0.3241782486438751
22,pose,1,-1,0.5321967601776123,0.2056209295988083,-0.30833911895751953
22,pose,2,-1,0.5368990302085876,0.20609284937381744,-0.30835670232772827
22,pose,3,-1,0.5423706769943237,0.20674273371696472,-0.30840450525283813
22,pose,4,-1,0.5143119096755981,0.20431087911128998,-0.3071459233760834
22,pose,5,-1,0.5078598260879517,0.20442257821559906,-0.3071814775466919
22,pose,6,-1,0.5024387240409851,0.20512831211090088,-0.3072007894515991
22,pose,7,-1,0.5492737293243408,0.2192430943250656,-0.18088755011558533
22,pose,8,-1,0.4950389564037323,0.2197154313325882,-0.17461787164211273
22,pose,9,-1,0.5318825244903564,0.2584301233291626,-0.27311378717422485
22,pose,10,-1,0.5104406476020813,0.25860437750816345,-0.27148956060409546
22,pose,11,-1,0.5865347385406494,0.3728403151035309,-0.08904565125703812
22,pose,12,-1,0.45288148522377014,0.36740079522132874,-0.0782708004117012
22,pose,13,-1,0.6151343584060669,0.5975083112716675,-0.12811510264873505
22,pose,14,-1,0.4291321933269501,0.578405499458313,-0.14089512825012207
22,pose,15,-1,0.5304640531539917,0.48472899198532104,-0.2181846648454666
22,pose,16,-1,0.5324239134788513,0.5254485607147217,-0.2505311965942383
22,pose,17,-1,0.5070728659629822,0.45370590686798096,-0.24215255677700043
22,pose,18,-1,0.5497244000434875,0.5141666531562805,-0.2723100483417511
22,pose,19,-1,0.5106096863746643,0.4296611547470093,-0.21477362513542175
22,pose,20,-1,0.5503390431404114,0.4913487732410431,-0.2473113089799881
22,pose,21,-1,0.5165637731552124,0.43869835138320923,-0.20488116145133972
22,pose,22,-1,0.5431767702102661,0.49079629778862,-0.23837323486804962
22,pose,23,-1,0.5559730529785156,0.7283774614334106,-0.009617305360734463
22,pose,24,-1,0.47733768820762634,0.7181005477905273,0.010481202974915504
22,pose,25,-1,0.5520657300949097,0.9816967844963074,-0.000638952711597085
22,pose,26,-1,0.4712156653404236,0.9874804615974426,0.09028642624616623
22,pose,27,-1,0.5432046055793762,1.203020691871643,0.2879585325717926
22,pose,28,-1,0.4657660722732544,1.2054060697555542,0.36231786012649536
22,pose,29,-1,0.5422509908676147,1.2358735799789429,0.31190595030784607
22,pose,30,-1,0.46516862511634827,1.2406549453735352,0.3866753876209259
22,pose,31,-1,0.5401672124862671,1.2893925905227661,0.1839604526758194
22,pose,32,-1,0.4661628305912018,1.289521336555481,0.2441243827342987
23,hand,0,0,0.5288645625114441,0.47740018367767334,4.53947492928819e-08
23,hand,1,0,0.520523190498352,0.4583875238895416,0.0007929500425234437
23,hand,2,0,0.5068996548652649,0.4466951787471771,-0.0007434915169142187
23,hand,3,0,0.4949490427970886,0.4474426805973053,-0.002724558813497424
23,hand,4,0,0.4868708848953247,0.4552527666091919,-0.005112373270094395
23,hand,5,0,0.5034710764884949,0.4326333999633789,-0.004002046305686235
23,hand,6,0,0.49343201518058777,0.41602444648742676,-0.008340131491422653
23,hand,7,0,0.4872080683708191,0.4045804738998413,-0.010627307929098606
23,hand,8,0,0.4831565320491791,0.394953191280365,-0.01202309224754572
23,hand,9,0,0.5018659234046936,0.44429507851600647,-0.0066281757317483425
23,hand,10,0,0.48374322056770325,0.44952690601348877,-0.011351102031767368
23,hand,11,0,0.48546379804611206,0.45797014236450195,-0.011392688378691673
23,hand,12,0,0.4901234805583954,0.46030691266059875,-0.010663586668670177
23,hand,13,0,0.5018489956855774,0.4599629342556,-0.009068653918802738
23,hand,14,0,0.48818784952163696,0.4698259234428406,-0.013377474620938301
23,hand,15,0,0.49280062317848206,0.4735108017921448,-0.01099996455013752
23,hand,16,0,0.4975995123386383,0.47117817401885986,-0.008559804409742355
23,hand,17,0,0.5029792785644531,0.47498053312301636,-0.011370780877768993
23,hand,18,0,0.49302735924720764,0.48141539096832275,-0.014019407331943512
23,hand,19,0,0.49727770686149597,0.4843239486217499,-0.01180137600749731
23,hand,20,0,0.5012121200561523,0.4826394319534302,-0.00948234274983406
23,pose,0,-1,0.5218738317489624,0.229787215590477,-0.3338845372200012
23,pose,1,-1,0.5321266651153564,0.2067529559135437,-0.31946441531181335
23,pose,2,-1,0.5366408228874207,0.20723967254161835,-0.31948691606521606
23,pose,3,-1,0.5421830415725708,0.20792105793952942,-0.31950804591178894
23,pose,4,-1,0.5142937302589417,0.20522800087928772,-0.3182556927204132
23,pose,5,-1,0.5078381896018982,0.20522259175777435,-0.3183474540710449
23,pose,6,-1,0.5024318099021912,0.20581471920013428,-0.3183852732181549
23,pose,7,-1,0.5490220785140991,0.2203405648469925,-0.19403187930583954
23,pose,8,-1,0.49506157636642456,0.22030410170555115,-0.18709497153759003
23,pose,9,-1,0.5317448377609253,0.2596922516822815,-0.2833705246448517
23,pose,10,-1,0.5104286074638367,0.25962769985198975,-0.28152498602867126
23,pose,11,-1,0.5864991545677185,0.3724718391895294,-0.09845086932182312
23,pose,12,-1,0.4541964530944824,0.3674648404121399,-0.08959545195102692
23,pose,13,-1,0.615027666091919,0.5987927317619324,-0.12856240570545197
23,pose,14,-1,0.4314575493335724,0.5793912410736084,-0.14940223097801208
23,pose,15,-1,0.5277112722396851,0.49781498312950134,-0.21772007644176483
23,pose,16,-1,0.5303119421005249,0.5189056992530823,-0.25922149419784546
23,pose,17,-1,0.5065163373947144,0.4638958275318146,-0.24103929102420807
23,pose,18,-1,0.5480209589004517,0.507209062576294,-0.28043267130851746
23,pose,19,-1,0.5097953081130981,0.44440606236457825,-0.21671652793884277
23,pose,20,-1,0.5484174489974976,0.4867376685142517,-0.25777795910835266
23,pose,21,-1,0.5152499079704285,0.45229923725128174,-0.205485999584198
23,pose,22,-1,0.541741132736206,0.48757460713386536,-0.24790360033512115
23,pose,23,-1,0.5564733743667603,0.7297765016555786,-0.009403075091540813
23,pose,24,-1,0.4773917496204376,0.7191709280014038,0.010259242728352547
23,pose,25,-1,0.5523355603218079,0.9762486219406128,-0.002185493940487504
23,pose,26,-1,0.47152355313301086,0.9897497296333313,0.10898569226264954
23,pose,27,-1,0.5488191843032837,1.2010716199874878,0.28129011392593384
23,pose,28,-1,0.4657860994338989,1.2058645486831665,0.38900235295295715
23,pose,29,-1,0.5481635928153992,1.2351282835006714,0.30577075481414795
23,pose,30,-1,0.46509048342704773,1.2413164377212524,0.4142598807811737
23,pose,31,-1,0.5438200235366821,1.28627347946167,0.1805492341518402
23,pose,32,-1,0.4659503400325775,1.2905104160308838,0.2707919180393219
24,hand,0,0,0.5282179713249207,0.477043092250824,3.419999572429333e-08
24,hand,1,0,0.520911455154419,0.45542111992836,-0.00017603987362235785
24,hand,2,0,0.5067908763885498,0.4406324326992035,-0.0016523755621165037
24,hand,3,0,0.4946327805519104,0.4405442476272583,-0.003289085114374757
24,hand,4,0,0.48672905564308167,0.4492006003856659,-0.005268272943794727
24,hand,5,0,0.5041753053665161,0.42501792311668396,-0.003972209058701992
24,hand,6,0,0.49499616026878357,0.4052906930446625,-0.008940594270825386
24,hand,7,0,0.48826029896736145,0.39080148935317993,-0.011965918354690075
24,hand,8,0,0.483707994222641,0.37830203771591187,-0.013973341323435307
24,hand,9,0,0.502250611782074,0.4353068470954895,-0.006051692645996809
24,hand,10,0,0.48519477248191833,0.44337451457977295,-0.011408819817006588
24,hand,11,0,0.4884389638900757,0.45206671953201294,-0.011833548545837402
24,hand,12,0,0.4942885935306549,0.4524611830711365,-0.011365574784576893
24,hand,13,0,0.5013664960861206,0.4508288502693176,-0.008144737221300602
24,hand,14,0,0.4881226122379303,0.4623734951019287,-0.012783803977072239
24,hand,15,0,0.49255234003067017,0.4669981002807617,-0.010376435704529285
24,hand,16,0,0.4971850514411926,0.4642654359340668,-0.007968162186443806
24,hand,17,0,0.501288652420044,0.4666072130203247,-0.010260924696922302
24,hand,18,0,0.4912092387676239,0.4751930236816406,-0.01327568106353283
24,hand,19,0,0.4958640933036804,0.4785059690475464,-0.011282871477305889
24,hand,20,0,0.4999370872974396,0.47652143239974976,-0.009167463518679142
24,pose,0,-1,0.5218659043312073,0.23011533915996552,-0.32188189029693604
24,pose,1,-1,0.5321004390716553,0.20711740851402283,-0.30669960379600525
24,pose,2,-1,0.5364961624145508,0.20761965215206146,-0.30670854449272156
24,pose,3,-1,0.5420746207237244,0.20833835005760193,-0.3067367374897003
24,pose,4,-1,0.514281690120697,0.20555353164672852,-0.30569276213645935
24,pose,5,-1,0.5078328847885132,0.2055157572031021,-0.3057561218738556
24,pose,6,-1,0.5024301409721375,0.2060665339231491,-0.30578383803367615
24,pose,7,-1,0.5488737225532532,0.2210601419210434,-0.18151214718818665
24,pose,8,-1,0.4950818717479706,0.22082529962062836,-0.17571398615837097
24,pose,9,-1,0.531646728515625,0.26030129194259644,-0.2718351185321808
24,pose,10,-1,0.5104203820228577,0.2600680887699127,-0.27036914229393005
24,pose,11,-1,0.5864962935447693,0.3724859356880188,-0.0908445492386818
24,pose,12,-1,0.45508068799972534,0.3678726255893707,-0.07955575734376907
24,pose,13,-1,0.6147925853729248,0.6011651754379272,-0.1088891252875328
24,pose,14,-1,0.43403011560440063,0.5843115448951721,-0.13551586866378784
24,pose,15,-1,0.5297228097915649,0.5024688839912415,-0.17702767252922058
24,pose,16,-1,0.5310996174812317,0.5193943381309509,-0.2338838130235672
24,pose,17,-1,0.5086843967437744,0.470528781414032,-0.196511909365654
24,pose,18,-1,0.5488837957382202,0.5092538595199585,-0.2536066174507141
24,pose,19,-1,0.5120363235473633,0.45099368691444397,-0.1725904643535614
24,pose,20,-1,0.549871563911438,0.4890733063220978,-0.22973918914794922
24,pose,21,-1,0.5174879431724548,0.4577091634273529,-0.16446001827716827
24,pose,22,-1,0.5430575013160706,0.4897339344024658,-0.22210785746574402
24,pose,23,-1,0.5577446222305298,0.7349589467048645,-0.008936834521591663
24,pose,24,-1,0.47771406173706055,0.7252979874610901,0.009824751876294613
24,pose,25,-1,0.5547845959663391,0.9735018014907837,-0.002118287840858102
24,pose,26,-1,0.47183653712272644,0.996985673904419,0.1030295193195343
24,pose,27,-1,0.5516373515129089,1.2155861854553223,0.278359591960907
24,pose,28,-1,0.4664526879787445,1.2157007455825806,0.3730412721633911
24,pose,29,-1,0.5505909323692322,1.2508901357650757,0.30540239810943604
24,pose,30,-1,0.4662094712257385,1.2513856887817383,0.39692437648773193
24,pose,31,-1,0.5468142032623291,1.3024187088012695,0.1715412735939026
24,pose,32,-1,0.46648868918418884,1.3019952774047852,0.25303369760513306
25,hand,0,0,0.5326525568962097,0.4699423015117645,3.399349779442673e-08
25,hand,1,0,0.5243059396743774,0.44717296957969666,0.0012940126471221447
25,hand,2,0,0.5119777321815491,0.43173155188560486,-0.00025762320728972554
25,hand,3,0,0.5015502572059631,0.4289204776287079,-0.002550460398197174
25,hand,4,0,0.4937209188938141,0.4354276657104492,-0.005338193383067846
25,hand,5,0,0.5089207887649536,0.41864776611328125,-0.003524341620504856
25,hand,6,0,0.5000464916229248,0.39768552780151367,-0.008593362756073475
25,hand,7,0,0.4949066638946533,0.38250255584716797,-0.01176632009446621
25,hand,8,0,0.49168455600738525,0.3699477016925812,-0.01366927195340395
25,hand,9,0,0.5060157179832458,0.42948514223098755,-0.006358797661960125
25,hand,10,0,0.48966240882873535,0.43024128675460815,-0.010990949347615242
25,hand,11,0,0.4913250207901001,0.4384889304637909,-0.011332977563142776
25,hand,12,0,0.495937317609787,0.4406518042087555,-0.010976235382258892
25,hand,13,0,0.5040297508239746,0.44459038972854614,-0.009057985618710518
25,hand,14,0,0.4915468692779541,0.44903790950775146,-0.012641195207834244
25,hand,15,0,0.494817316532135,0.45410165190696716,-0.010066100396215916
25,hand,16,0,0.4992547929286957,0.4537288546562195,-0.007755830883979797
25,hand,17,0,0.5029134750366211,0.4597848355770111,-0.011700442060828209
25,hand,18,0,0.4925685524940491,0.46219727396965027,-0.013270394876599312
25,hand,19,0,0.49618008732795715,0.46600285172462463,-0.010400783270597458
25,hand,20,0,0.5001367926597595,0.4663812220096588,-0.007797197438776493
25,pose,0,-1,0.5217764377593994,0.2306317538022995,-0.3275166153907776
25,pose,1,-1,0.5320265889167786,0.20766925811767578,-0.31293898820877075
25,pose,2,-1,0.5362545251846313,0.20825418829917908,-0.31296786665916443
25,pose,3,-1,0.5418394804000854,0.2090606391429901,-0.3129962086677551
25,pose,4,-1,0.5142413973808289,0.20593251287937164,-0.31158098578453064
25,pose,5,-1,0.5077884197235107,0.20585234463214874,-0.3116345703601837
25,pose,6,-1,0.5024113059043884,0.206361323595047,-0.3116689622402191
25,pose,7,-1,0.548687756061554,0.2217896282672882,-0.18622474372386932
25,pose,8,-1,0.4950941503047943,0.22122164070606232,-0.17878825962543488
25,pose,9,-1,0.531470000743866,0.26113128662109375,-0.27664944529533386
25,pose,10,-1,0.5103686451911926,0.26047763228416443,-0.2747260332107544
25,pose,11,-1,0.58645099401474,0.37202730774879456,-0.09238827973604202
25,pose,12,-1,0.4550880491733551,0.3681570589542389,-0.07022592425346375
25,pose,13,-1,0.6143980026245117,0.602220892906189,-0.12199338525533676
25,pose,14,-1,0.43547236919403076,0.5876430869102478,-0.11756693571805954
25,pose,15,-1,0.533187985420227,0.503710925579071,-0.22136738896369934
25,pose,16,-1,0.5285773873329163,0.5255993008613586,-0.2246781289577484
25,pose,17,-1,0.5137145519256592,0.47208502888679504,-0.24605606496334076
25,pose,18,-1,0.5462309718132019,0.5188274383544922,-0.24452652037143707
25,pose,19,-1,0.5154853463172913,0.4464634656906128,-0.22425174713134766
25,pose,20,-1,0.5472267866134644,0.4938018321990967,-0.22263236343860626
25,pose,21,-1,0.5209055542945862,0.4559042453765869,-0.2105357050895691
25,pose,22,-1,0.5409581065177917,0.4923511743545532,-0.213698148727417
25,pose,23,-1,0.5581351518630981,0.7355917692184448,-0.009246911853551865
25,pose,24,-1,0.47839996218681335,0.7268379330635071,0.01023321133106947
25,pose,25,-1,0.5551414489746094,0.9717851281166077,-0.004145806655287743
25,pose,26,-1,0.4762800633907318,0.982201337814331,0.11235503852367401
25,pose,27,-1,0.5554200410842896,1.2116349935531616,0.2778029143810272
25,pose,28,-1,0.4688781201839447,1.215104579925537,0.3803870379924774
25,pose,29,-1,0.5545330047607422,1.24624764919281,0.30274108052253723
25,pose,30,-1,0.46815210580825806,1.2509243488311768,0.40387916564941406
25,pose,31,-1,0.5498570799827576,1.298040509223938,0.16933609545230865
25,pose,32,-1,0.46968257427215576,1.3015315532684326,0.2543429434299469
26,hand,0,0,0.5353397727012634,0.4598267078399658,2.889228234437269e-08
26,hand,1,0,0.5286034941673279,0.4381299316883087,0.002110794885084033
26,hand,2,0,0.5170799493789673,0.42177388072013855,0.0014160433784127235
26,hand,3,0,0.507789134979248,0.4143289625644684,3.379878762643784e-05
26,hand,4,0,0.5002819299697876,0.4152982831001282,-0.0016635764623060822
26,hand,5,0,0.5125131011009216,0.4067637026309967,-0.0026832406874746084
26,hand,6,0,0.5041988492012024,0.3823885917663574,-0.0074513982981443405
26,hand,7,0,0.49808964133262634,0.36552000045776367,-0.010057440027594566
26,hand,8,0,0.49423742294311523,0.35271063446998596,-0.011571796610951424
26,hand,9,0,0.5097907781600952,0.4148520231246948,-0.0053847054950892925
26,hand,10,0,0.49273788928985596,0.4171977937221527,-0.009915521368384361
26,hand,11,0,0.4958046078681946,0.42635971307754517,-0.009309349581599236
26,hand,12,0,0.501817524433136,0.42880839109420776,-0.00817841850221157
26,hand,13,0,0.507585883140564,0.42839908599853516,-0.007976096123456955
26,hand,14,0,0.49419599771499634,0.43563514947891235,-0.011344780214130878
26,hand,15,0,0.49829232692718506,0.4412034749984741,-0.008039159700274467
26,hand,16,0,0.5031808614730835,0.44072455167770386,-0.005298596806824207
26,hand,17,0,0.5060597658157349,0.4427611827850342,-0.010475472547113895
26,hand,18,0,0.4960651099681854,0.44809406995773315,-0.012179039418697357
26,hand,19,0,0.5003032684326172,0.45251530408859253,-0.00946363527327776
26,hand,20,0,0.504325807094574,0.45216208696365356,-0.006978814490139484
26,pose,0,-1,0.5214790105819702,0.23142242431640625,-0.3165581524372101
26,pose,1,-1,0.531875729560852,0.20865876972675323,-0.30142053961753845
26,pose,2,-1,0.5359537601470947,0.20927873253822327,-0.3014605641365051
26,pose,3,-1,0.5414614081382751,0.2101307511329651,-0.3015153110027313
26,pose,4,-1,0.5141063928604126,0.2068808227777481,-0.2990594804286957
26,pose,5,-1,0.5077077150344849,0.20683102309703827,-0.2991069257259369
26,pose,6,-1,0.5023509860038757,0.2073623239994049,-0.2991441488265991
26,pose,7,-1,0.548545777797699,0.222782701253891,-0.17542162537574768
26,pose,8,-1,0.4951093792915344,0.22193531692028046,-0.16481979191303253
26,pose,9,-1,0.5311928391456604,0.26190197467803955,-0.26615962386131287
26,pose,10,-1,0.51020747423172,0.26107874512672424,-0.26326605677604675
26,pose,11,-1,0.5863717794418335,0.3720356225967407,-0.08271768689155579
26,pose,12,-1,0.45533403754234314,0.36832746863365173,-0.05655365064740181
26,pose,13,-1,0.6143064498901367,0.6050362586975098,-0.11571896821260452
26,pose,14,-1,0.4380331337451935,0.5893920063972473,-0.10883258283138275
26,pose,15,-1,0.5364511013031006,0.500610888004303,-0.21523167192935944
26,pose,16,-1,0.5326141715049744,0.530205488204956,-0.22746944427490234
26,pose,17,-1,0.5180495977401733,0.4687349796295166,-0.23954515159130096
26,pose,18,-1,0.5490262508392334,0.521636962890625,-0.24885675311088562
26,pose,19,-1,0.5191988945007324,0.4443655014038086,-0.21774502098560333
26,pose,20,-1,0.5509929656982422,0.49968260526657104,-0.22908258438110352
26,pose,21,-1,0.5238943696022034,0.45463213324546814,-0.2047436386346817
26,pose,22,-1,0.5453698039054871,0.4992898404598236,-0.2178606241941452
26,pose,23,-1,0.5581439733505249,0.734907865524292,-0.010632399469614029
26,pose,24,-1,0.4786386787891388,0.7268003225326538,0.011612032540142536
26,pose,25,-1,0.5547000169754028,0.9712843298912048,-0.0028569106943905354
26,pose,26,-1,0.47586506605148315,0.9885484576225281,0.09538230299949646
26,pose,27,-1,0.5523130297660828,1.2155520915985107,0.2748868763446808
26,pose,28,-1,0.4691504240036011,1.2166815996170044,0.35436245799064636
26,pose,29,-1,0.5504051446914673,1.2487702369689941,0.2966558337211609
26,pose,30,-1,0.46853846311569214,1.2516672611236572,0.377864271402359
26,pose,31,-1,0.5453488230705261,1.302222490310669,0.16008462011814117
26,pose,32,-1,0.46944302320480347,1.3023624420166016,0.22988735139369965
27,hand,0,0,0.5468640327453613,0.47033214569091797,2.645898966591176e-08
27,hand,1,0,0.5423784255981445,0.44685685634613037,0.002973451279103756
27,hand,2,0,0.5321772694587708,0.4253917634487152,0.004210984334349632
27,hand,3,0,0.5226280689239502,0.4128200113773346,0.00445873849093914
27,hand,4,0,0.5145168900489807,0.40679484605789185,0.0042207990773022175
27,hand,5,0,0.5274409651756287,0.410519540309906,0.0052760448306798935
27,hand,6,0,0.5161013007164001,0.39833465218544006,0.00524501595646143
27,hand,7,0,0.5075238943099976,0.3909619450569153,0.0037991709541529417
27,hand,8,0,0.5011181235313416,0.3853558599948883,0.0023948955349624157
27,hand,9,0,0.524605393409729,0.4170930087566376,0.002682587131857872
27,hand,10,0,0.512165904045105,0.4060624837875366,0.004000816028565168
27,hand,11,0,0.5034260749816895,0.40105190873146057,0.003220213809981942
27,hand,12,0,0.4975544810295105,0.39719292521476746,0.001812208560295403
27,hand,13,0,0.52187579870224,0.42728811502456665,9.021224832395092e-05
27,hand,14,0,0.5108084678649902,0.41694220900535583,0.0010206162696704268
27,hand,15,0,0.5040054321289062,0.41531652212142944,0.0011086163576692343
27,hand,16,0,0.5002527832984924,0.41345661878585815,0.00040191441075876355
27,hand,17,0,0.5194817185401917,0.4408453702926636,-0.0023972978815436363
27,hand,18,0,0.5103859901428223,0.4343625009059906,-0.002022910164669156
27,hand,19,0,0.5066512823104858,0.4348219633102417,-0.0009761587134562433
27,hand,20,0,0.505137026309967,0.4355206787586212,-0.00040723089477978647
27,hand,0,1,0.5404766798019409,0.45517176389694214,5.2426496921498256e-08
27,hand,1,1,0.5342292189598083,0.43023407459259033,0.002144611906260252
27,hand,2,1,0.5221457481384277,0.412880003452301,0.0015970539534464478
27,hand,3,1,0.5119615197181702,0.407070130109787,5.8916612033499405e-05
27,hand,4,1,0.5039982199668884,0.4112433195114136,-0.0019255533115938306
27,hand,5,1,0.5174828767776489,0.3966928720474243,-0.0014774672454223037
27,hand,6,1,0.5096592903137207,0.3707601726055145,-0.005979827139526606
27,hand,7,1,0.503787100315094,0.3520103991031647,-0.008832339197397232
27,hand,8,1,0.49931207299232483,0.3381887674331665,-0.01053946278989315
27,hand,9,1,0.513427197933197,0.4054691195487976,-0.004400799982249737
27,hand,10,1,0.4977552890777588,0.40092575550079346,-0.008303896524012089
27,hand,11,1,0.49663305282592773,0.40611451864242554,-0.008719910867512226
27,hand,12,1,0.4977625608444214,0.40863513946533203,-0.008429693058133125
27,hand,13,1,0.5107961297035217,0.4193218946456909,-0.007152691017836332
27,hand,14,1,0.49994027614593506,0.425296425819397,-0.010275165550410748
27,hand,15,1,0.5050025582313538,0.4307384192943573,-0.00819170568138361
27,hand,16,1,0.5099535584449768,0.4307861626148224,-0.006130073685199022
27,hand,17,1,0.5095435976982117,0.4346507787704468,-0.009837844409048557
27,hand,18,1,0.5014541149139404,0.43832746148109436,-0.01130807027220726
27,hand,19,1,0.5062878727912903,0.4430124759674072,-0.008944176137447357
27,hand,20,1,0.5104843974113464,0.4433858394622803,-0.006623709574341774
27,pose,0,-1,0.5213550329208374,0.23225879669189453,-0.3066994845867157
27,pose,1,-1,0.5318318009376526,0.20938360691070557,-0.2907561957836151
27,pose,2,-1,0.535844624042511,0.20991913974285126,-0.2907637059688568
27,pose,3,-1,0.5413798689842224,0.21067342162132263,-0.2907549738883972
27,pose,4,-1,0.5140024423599243,0.2076646238565445,-0.2887250483036041
27,pose,5,-1,0.5076078176498413,0.20770461857318878,-0.28875306248664856
27,pose,6,-1,0.5022493600845337,0.20835113525390625,-0.28880202770233154
27,pose,7,-1,0.5485268235206604,0.22346773743629456,-0.16224417090415955
27,pose,8,-1,0.4951069951057434,0.22271567583084106,-0.15212185680866241
27,pose,9,-1,0.5311009287834167,0.2632365822792053,-0.25596553087234497
27,pose,10,-1,0.5100933313369751,0.2622425854206085,-0.25337326526641846
27,pose,11,-1,0.5859313607215881,0.37145406007766724,-0.07425873726606369
27,pose,12,-1,0.45540550351142883,0.36927688121795654,-0.05217789113521576
27,pose,13,-1,0.6141601800918579,0.6053645610809326,-0.13942119479179382
27,pose,14,-1,0.43831855058670044,0.5920753479003906,-0.1152712032198906
27,pose,15,-1,0.5373260974884033,0.4779554009437561,-0.2183956652879715
27,pose,16,-1,0.5290627479553223,0.5429543256759644,-0.24902479350566864
27,pose,17,-1,0.5170844793319702,0.4421190023422241,-0.2451017051935196
27,pose,18,-1,0.5477914810180664,0.541904091835022,-0.27336257696151733
27,pose,19,-1,0.5195095539093018,0.4196109175682068,-0.2743687927722931
27,pose,20,-1,0.5505558848381042,0.5212900042533875,-0.2596476674079895
27,pose,21,-1,0.524541974067688,0.43055081367492676,-0.236874520778656
27,pose,22,-1,0.5444928407669067,0.5161018967628479,-0.24294784665107727
27,pose,23,-1,0.55889892578125,0.7363516688346863,-0.009338431991636753
27,pose,24,-1,0.479870468378067,0.7286708354949951,0.010438414290547371
27,pose,25,-1,0.556183934211731,0.971407949924469,-0.007705258205533028
27,pose,26,-1,0.47578147053718567,0.9949363470077515,0.10212194174528122
27,pose,27,-1,0.5556047558784485,1.2166012525558472,0.2703712582588196
27,pose,28,-1,0.47007811069488525,1.2237117290496826,0.35623255372047424
27,pose,29,-1,0.5552159547805786,1.2518508434295654,0.291577011346817
27,pose,30,-1,0.46861201524734497,1.26223886013031,0.3785538971424103
27,pose,31,-1,0.5468343496322632,1.305347204208374,0.15243500471115112
27,pose,32,-1,0.4743691682815552,1.3094955682754517,0.22669634222984314
28,hand,0,0,0.5403141975402832,0.4506194293498993,4.9964977932859256e-08
28,hand,1,0,0.5348195433616638,0.4246693551540375,0.0016953160520642996
28,hand,2,0,0.5234867930412292,0.4060043692588806,0.0009659156785346568
28,hand,3,0,0.5121977925300598,0.3985828161239624,-0.0004995351773686707
28,hand,4,0,0.503234326839447,0.4012003242969513,-0.00233886344358325
28,hand,5,0,0.5186375975608826,0.3903043568134308,-0.0022716368548572063
28,hand,6,0,0.5102590322494507,0.36425963044166565,-0.006395129486918449
28,hand,7,0,0.5043277144432068,0.3467704951763153,-0.008615120314061642
28,hand,8,0,0.5000038146972656,0.33346375823020935,-0.009848292917013168
28,hand,9,0,0.5143932700157166,0.4002071022987366,-0.004776297602802515
28,hand,10,0,0.4975205659866333,0.39742475748062134,-0.00883690919727087
28,hand,11,0,0.496582955121994,0.40372708439826965,-0.009030508808791637
28,hand,12,0,0.49860113859176636,0.406900554895401,-0.008467141538858414
28,hand,13,0,0.511705756187439,0.4149650037288666,-0.007004890125244856
28,hand,14,0,0.5007716417312622,0.4205283522605896,-0.010356076993048191
28,hand,15,0,0.5054616928100586,0.4251915514469147,-0.008317163214087486
28,hand,16,0,0.5104357600212097,0.4250975251197815,-0.006203540600836277
28,hand,17,0,0.5102264881134033,0.4303213655948639,-0.009132293984293938
28,hand,18,0,0.5026756525039673,0.43319493532180786,-0.010878860019147396
28,hand,19,0,0.5073520541191101,0.4380061626434326,-0.008660080842673779
28,hand,20,0,0.5116610527038574,0.4390576183795929,-0.00628406647592783
28,pose,0,-1,0.5212194323539734,0.2323642075061798,-0.280403196811676
28,pose,1,-1,0.5317961573600769,0.20939946174621582,-0.2644597589969635
28,pose,2,-1,0.535777747631073,0.20993520319461823,-0.26448723673820496
28,pose,3,-1,0.5413393378257751,0.21068231761455536,-0.2644828259944916
28,pose,4,-1,0.5138925313949585,0.20771221816539764,-0.26195472478866577
28,pose,5,-1,0.5075108408927917,0.20778213441371918,-0.2620140016078949
28,pose,6,-1,0.5021265149116516,0.20847384631633759,-0.2620527148246765
28,pose,7,-1,0.5485216975212097,0.2237580269575119,-0.13985443115234375
28,pose,8,-1,0.4950781762599945,0.22293883562088013,-0.12879547476768494
28,pose,9,-1,0.5310208797454834,0.2637978792190552,-0.23145420849323273
28,pose,10,-1,0.509933352470398,0.26266464591026306,-0.22842329740524292
28,pose,11,-1,0.5858401656150818,0.3707020878791809,-0.054222799837589264
28,pose,12,-1,0.45536333322525024,0.36966681480407715,-0.03272673115134239
28,pose,13,-1,0.6140991449356079,0.6052830815315247,-0.12322358787059784
28,pose,14,-1,0.438475102186203,0.594081461429596,-0.07807670533657074
28,pose,15,-1,0.5384865999221802,0.47018176317214966,-0.26184913516044617
28,pose,16,-1,0.5261944532394409,0.5497585535049438,-0.2020968347787857
28,pose,17,-1,0.5185180902481079,0.4345260262489319,-0.29399871826171875
28,pose,18,-1,0.5449832081794739,0.5518600940704346,-0.22364148497581482
28,pose,19,-1,0.5208494067192078,0.41160809993743896,-0.28301137685775757
28,pose,20,-1,0.5473098158836365,0.5328410267829895,-0.20774395763874054
28,pose,21,-1,0.5256768465042114,0.421269953250885,-0.2588994801044464
28,pose,22,-1,0.5414932370185852,0.5255952477455139,-0.19437061250209808
28,pose,23,-1,0.5595868229866028,0.7357473373413086,-0.008420450612902641
28,pose,24,-1,0.4812583029270172,0.7290995717048645,0.009509507566690445
28,pose,25,-1,0.5569338202476501,0.9708769917488098,-0.0011831530136987567
28,pose,26,-1,0.4788995087146759,0.9862567782402039,0.08854233473539352
28,pose,27,-1,0.5553150773048401,1.2202160358428955,0.2684098780155182
28,pose,28,-1,0.4701908826828003,1.2225395441055298,0.3176223337650299
28,pose,29,-1,0.5547460317611694,1.2549062967300415,0.2891382575035095
28,pose,30,-1,0.4688946306705475,1.259583592414856,0.336923748254776
28,pose,31,-1,0.5472619533538818,1.3086119890213013,0.15359538793563843
28,pose,32,-1,0.47547656297683716,1.308452844619751,0.1902756243944168
29,hand,0,0,0.540461540222168,0.4585431218147278,3.252664626529622e-08
29,hand,1,0,0.5342639088630676,0.43186020851135254,0.001857337774708867
29,hand,2,0,0.5227364301681519,0.41475385427474976,0.0011669470695778728
29,hand,3,0,0.5135560631752014,0.4110691249370575,-0.0004872522549703717
29,hand,4,0,0.5060115456581116,0.41656383872032166,-0.0026650610379874706
29,hand,5,0,0.517597496509552,0.3988315165042877,-0.0015847489703446627
29,hand,6,0,0.5092586278915405,0.3734920024871826,-0.005863386206328869
29,hand,7,0,0.5030962824821472,0.3559384346008301,-0.008846426382660866
29,hand,8,0,0.49824750423431396,0.34291061758995056,-0.010820155963301659
29,hand,9,0,0.5129666328430176,0.40870165824890137,-0.00425574230030179
29,hand,10,0,0.4982691705226898,0.4084276556968689,-0.008267217315733433
29,hand,11,0,0.5010226368904114,0.4166777431964874,-0.008266073651611805
29,hand,12,0,0.5063682794570923,0.41977688670158386,-0.007723372895270586
29,hand,13,0,0.5099867582321167,0.4236564338207245,-0.0068068355321884155
29,hand,14,0,0.49871253967285156,0.4260876774787903,-0.009590502828359604
29,hand,15,0,0.502265989780426,0.4312959909439087,-0.006985853426158428
29,hand,16,0,0.5070719718933105,0.4325207471847534,-0.004863990470767021
29,hand,17,0,0.50876384973526,0.4392147958278656,-0.009353735484182835
29,hand,18,0,0.5007581114768982,0.44100356101989746,-0.010379687882959843
29,hand,19,0,0.5041975378990173,0.44547078013420105,-0.007676266599446535
29,hand,20,0,0.5081833004951477,0.44675713777542114,-0.005267529748380184
29,pose,0,-1,0.521130383014679,0.23240356147289276,-0.28402894735336304
29,pose,1,-1,0.5317705273628235,0.20938502252101898,-0.26754030585289
29,pose,2,-1,0.5357053875923157,0.20992787182331085,-0.2675620913505554
29,pose,3,-1,0.5412708520889282,0.2106844186782837,-0.26754140853881836
29,pose,4,-1,0.5138457417488098,0.20771662890911102,-0.2656877934932709
29,pose,5,-1,0.5074703693389893,0.20780523121356964,-0.2657455801963806
29,pose,6,-1,0.5020835399627686,0.2085132747888565,-0.26578858494758606
29,pose,7,-1,0.5485000610351562,0.22385820746421814,-0.13968981802463531
29,pose,8,-1,0.4950609803199768,0.2230229675769806,-0.13078005611896515
29,pose,9,-1,0.5309416055679321,0.2639577090740204,-0.23387275636196136
29,pose,10,-1,0.5098193883895874,0.26277095079421997,-0.23156015574932098
29,pose,11,-1,0.585776150226593,0.37016212940216064,-0.05248159542679787
29,pose,12,-1,0.45540788769721985,0.3699203431606293,-0.03552990034222603
29,pose,13,-1,0.6138622164726257,0.6053962707519531,-0.12442628294229507
29,pose,14,-1,0.4386584460735321,0.5953407287597656,-0.08463042229413986
29,pose,15,-1,0.5390233397483826,0.4726731479167938,-0.27658870816230774
29,pose,16,-1,0.5274947285652161,0.5480663776397705,-0.20714792609214783
29,pose,17,-1,0.5185042023658752,0.43624669313430786,-0.3099175691604614
29,pose,18,-1,0.5471512675285339,0.5494672060012817,-0.2287265956401825
29,pose,19,-1,0.5211829543113708,0.41276833415031433,-0.2921251654624939
29,pose,20,-1,0.5503095984458923,0.5296982526779175,-0.21058133244514465
29,pose,21,-1,0.5262151956558228,0.4240298569202423,-0.2699951231479645
29,pose,22,-1,0.5440892577171326,0.5231736302375793,-0.19831408560276031
29,pose,23,-1,0.5600739121437073,0.73577880859375,-0.006936940830200911
29,pose,24,-1,0.4819551408290863,0.7294895052909851,0.008073541335761547
29,pose,25,-1,0.5574630498886108,0.9718650579452515,-0.005416599567979574
29,pose,26,-1,0.48088380694389343,0.9826010465621948,0.08825928717851639
29,pose,27,-1,0.5589710474014282,1.2208329439163208,0.26919257640838623
29,pose,28,-1,0.47163334488868713,1.2264412641525269,0.3368772864341736
29,pose,29,-1,0.5590246319770813,1.2558913230895996,0.290732741355896
29,pose,30,-1,0.469535768032074,1.2642451524734497,0.3584161698818207
29,pose,31,-1,0.5508310794830322,1.3101141452789307,0.15380358695983887
29,pose,32,-1,0.47936564683914185,1.3126795291900635,0.2055361568927765
30,hand,0,0,0.5375990867614746,0.46964776515960693,-2.373756657902959e-08
30,hand,1,0,0.5285935997962952,0.4434606432914734,0.0017344622174277902
30,hand,2,0,0.5157023668289185,0.42595770955085754,0.0005276600713841617
30,hand,3,0,0.5044635534286499,0.422687828540802,-0.001657366519793868
30,hand,4,0,0.49691241979599,0.4302656948566437,-0.004078281112015247
30,hand,5,0,0.510329008102417,0.4114130735397339,-0.0008894813945516944
30,hand,6,0,0.4965503513813019,0.4038291573524475,-0.00512707931920886
30,hand,7,0,0.4963185489177704,0.40630432963371277,-0.008168819360435009
30,hand,8,0,0.49910852313041687,0.4071861207485199,-0.009868000634014606
30,hand,9,0,0.5080955028533936,0.4260346591472626,-0.004059075843542814
30,hand,10,0,0.4936802089214325,0.42810842394828796,-0.007303816266357899
30,hand,11,0,0.4972490966320038,0.43495237827301025,-0.007988274097442627
30,hand,12,0,0.502814769744873,0.43672245740890503,-0.008299682289361954
30,hand,13,0,0.5070454478263855,0.44412893056869507,-0.007251722738146782
30,hand,14,0,0.4951000213623047,0.4462398290634155,-0.009723357856273651
30,hand,15,0,0.4984850287437439,0.45183467864990234,-0.007576120551675558
30,hand,16,0,0.5033556222915649,0.4534696340560913,-0.005972434766590595
30,hand,17,0,0.5070319771766663,0.4623729884624481,-0.010352189652621746
30,hand,18,0,0.4977235496044159,0.46017271280288696,-0.011134089902043343
30,hand,19,0,0.5014073252677917,0.4639204442501068,-0.008090483956038952
30,hand,20,0,0.5054476857185364,0.46543025970458984,-0.005569505505263805
30,pose,0,-1,0.5210675001144409,0.23284223675727844,-0.3074384331703186
30,pose,1,-1,0.531700849533081,0.20984524488449097,-0.2874270975589752
30,pose,2,-1,0.5355986952781677,0.21030494570732117,-0.2875900864601135
30,pose,3,-1,0.5411346554756165,0.2110060602426529,-0.28765857219696045
30,pose,4,-1,0.5137972235679626,0.20844049751758575,-0.2845548093318939
30,pose,5,-1,0.5074262022972107,0.2086116522550583,-0.28464096784591675
30,pose,6,-1,0.5020492672920227,0.20938734710216522,-0.28470709919929504
30,pose,7,-1,0.5484610199928284,0.223939910531044,-0.15093906223773956
30,pose,8,-1,0.495059996843338,0.22353698313236237,-0.14331689476966858
30,pose,9,-1,0.5309078097343445,0.26404449343681335,-0.2556714415550232
30,pose,10,-1,0.5098103880882263,0.2630075514316559,-0.25362294912338257
30,pose,11,-1,0.5860631465911865,0.37013882398605347,-0.06998090445995331
30,pose,12,-1,0.45559728145599365,0.3706265687942505,-0.056711308658123016
30,pose,13,-1,0.6136677861213684,0.606949508190155,-0.12851938605308533
30,pose,14,-1,0.43895187973976135,0.5965129137039185,-0.143708273768425
30,pose,15,-1,0.538811981678009,0.4839867055416107,-0.23437246680259705
30,pose,16,-1,0.5303113460540771,0.5318738222122192,-0.2757832109928131
30,pose,17,-1,0.5179935693740845,0.45334428548812866,-0.25840726494789124
30,pose,18,-1,0.5479314923286438,0.5236844420433044,-0.3000774383544922
30,pose,19,-1,0.5205353498458862,0.4299493134021759,-0.2371516227722168
30,pose,20,-1,0.5498833060264587,0.4986433684825897,-0.2747580111026764
30,pose,21,-1,0.5259180068969727,0.439799040555954,-0.22400768101215363
30,pose,22,-1,0.5438073873519897,0.49916043877601624,-0.26462534070014954
30,pose,23,-1,0.5601605176925659,0.7380911111831665,-0.006554156541824341
30,pose,24,-1,0.48195236921310425,0.7301021814346313,0.007662382908165455
30,pose,25,-1,0.5572558045387268,0.9731919765472412,0.00013676838716492057
30,pose,26,-1,0.48130932450294495,0.9817376136779785,0.1044807955622673
30,pose,27,-1,0.5579416155815125,1.2182472944259644,0.2875262200832367
30,pose,28,-1,0.47170960903167725,1.2239683866500854,0.36721816658973694
30,pose,29,-1,0.5577806234359741,1.2528417110443115,0.31056657433509827
30,pose,30,-1,0.46959352493286133,1.2609580755233765,0.3899390399456024
30,pose,31,-1,0.5505237579345703,1.3067916631698608,0.17126314342021942
30,pose,32,-1,0.4792723059654236,1.3109291791915894,0.23536695539951324
31,hand,0,0,0.529002845287323,0.5247371196746826,2.39764990084268e-08
31,hand,1,0,0.5380247235298157,0.5119904279708862,-0.003403120907023549
31,hand,2,0,0.5471624732017517,0.5012264847755432,-0.008842633105814457
31,hand,3,0,0.5545485615730286,0.4971243143081665,-0.0143696004524827
31,hand,4,0,0.5596815347671509,0.4955417513847351,-0.02011972852051258
31,hand,5,0,0.5444225668907166,0.47931036353111267,-0.01386544480919838
31,hand,6,0,0.5511860251426697,0.4606924057006836,-0.02228335663676262
31,hand,7,0,0.5559141039848328,0.4474201798439026,-0.02808334305882454
31,hand,8,0,0.5592352151870728,0.4368385076522827,-0.03212210536003113
31,hand,9,0,0.5387967228889465,0.4829252064228058,-0.01604752615094185
31,hand,10,0,0.5574609637260437,0.49869704246520996,-0.02380993403494358
31,hand,11,0,0.5601592659950256,0.5073858499526978,-0.025342222303152084
31,hand,12,0,0.5589106678962708,0.5110917091369629,-0.026424461975693703
31,hand,13,0,0.5343049168586731,0.49580085277557373,-0.018242107704281807
31,hand,14,0,0.5520012378692627,0.514413058757782,-0.024196181446313858
31,hand,15,0,0.5510854125022888,0.516945481300354,-0.021980708464980125
31,hand,16,0,0.5474154949188232,0.5154461860656738,-0.02049555443227291
31,hand,17,0,0.5306231379508972,0.5109707117080688,-0.02085786685347557
31,hand,18,0,0.5423692464828491,0.5247435569763184,-0.024675924330949783
31,hand,19,0,0.5411479473114014,0.5261350274085999,-0.02247244119644165
31,hand,20,0,0.5375186204910278,0.5242549180984497,-0.02066628821194172
31,hand,0,1,0.5347827672958374,0.4890972673892975,1.1679101241668377e-08
31,hand,1,1,0.5259379148483276,0.4659360647201538,0.0017680309247225523
31,hand,2,1,0.5128859877586365,0.4542135000228882,0.0006527500809170306
31,hand,3,1,0.5010780692100525,0.4551011919975281,-0.0011830159928649664
31,hand,4,1,0.49338316917419434,0.46303850412368774,-0.0035785494837909937
31,hand,5,1,0.5081800818443298,0.4454220235347748,-0.002893915167078376
31,hand,6,1,0.49518877267837524,0.42929336428642273,-0.006534946151077747
31,hand,7,1,0.4885083734989166,0.4194251596927643,-0.00866759568452835
31,hand,8,1,0.4839364290237427,0.4111708104610443,-0.009997024200856686
31,hand,9,1,0.5064895749092102,0.45880326628685,-0.005587324500083923
31,hand,10,1,0.4885652959346771,0.462238609790802,-0.009526373818516731
31,hand,11,1,0.4914869964122772,0.467563658952713,-0.00945544894784689
31,hand,12,1,0.49708715081214905,0.46730175614356995,-0.00895740743726492
31,hand,13,1,0.5059358477592468,0.4741921126842499,-0.0080010537058115
31,hand,14,1,0.49257683753967285,0.47822305560112,-0.010967353358864784
31,hand,15,1,0.49649137258529663,0.4801076352596283,-0.008462673053145409
31,hand,16,1,0.5013973116874695,0.47901299595832825,-0.0063503519631922245
31,hand,17,1,0.506432056427002,0.48821884393692017,-0.010280388407409191
31,hand,18,1,0.4968809485435486,0.48870596289634705,-0.011345251463353634
31,hand,19,1,0.5008332133293152,0.4900283217430115,-0.008615098893642426
31,hand,20,1,0.5051406025886536,0.4897717833518982,-0.006271626800298691
31,pose,0,-1,0.5210191607475281,0.23321999609470367,-0.3147069215774536
31,pose,1,-1,0.5316293239593506,0.21025945246219635,-0.2892099916934967
31,pose,2,-1,0.5355060696601868,0.21070154011249542,-0.2891792953014374
31,pose,3,-1,0.5409431457519531,0.21137750148773193,-0.28919968008995056
31,pose,4,-1,0.5137664675712585,0.20894001424312592,-0.288702130317688
31,pose,5,-1,0.5074069499969482,0.20908476412296295,-0.28872978687286377
31,pose,6,-1,0.5020338296890259,0.2097932994365692,-0.288774698972702
31,pose,7,-1,0.5483067035675049,0.22417984902858734,-0.17565777897834778
31,pose,8,-1,0.49505943059921265,0.22371633350849152,-0.16940227150917053
31,pose,9,-1,0.5308299660682678,0.2641400694847107,-0.2578558027744293
31,pose,10,-1,0.5098021626472473,0.2631968855857849,-0.2552923560142517
31,pose,11,-1,0.5861534476280212,0.37027108669281006,-0.0858553871512413
31,pose,12,-1,0.4556010067462921,0.3712778091430664,-0.08098772913217545
31,pose,13,-1,0.6136218309402466,0.6081238389015198,-0.12455973774194717
31,pose,14,-1,0.4397704005241394,0.597649872303009,-0.14523379504680634
31,pose,15,-1,0.5340406894683838,0.4856606423854828,-0.200368732213974
31,pose,16,-1,0.5306836366653442,0.5242935419082642,-0.2507571876049042
31,pose,17,-1,0.5113993883132935,0.4611355662345886,-0.21966715157032013
31,pose,18,-1,0.548403799533844,0.5117167234420776,-0.2705954909324646
31,pose,19,-1,0.5152868628501892,0.43802976608276367,-0.19827821850776672
31,pose,20,-1,0.5494537949562073,0.49034592509269714,-0.24503257870674133
31,pose,21,-1,0.5208804607391357,0.4468146562576294,-0.1888740509748459
31,pose,22,-1,0.5430846810340881,0.49130773544311523,-0.23785080015659332
31,pose,23,-1,0.560242772102356,0.7395485043525696,-0.006601880770176649
31,pose,24,-1,0.4819837808609009,0.7326314449310303,0.007664983626455069
31,pose,25,-1,0.5571153163909912,0.9747971296310425,0.017879091203212738
31,pose,26,-1,0.4817716181278229,0.981694757938385,0.1032436192035675
31,pose,27,-1,0.55718594789505,1.2180360555648804,0.3015701174736023
31,pose,28,-1,0.4713553488254547,1.2260185480117798,0.35696151852607727
31,pose,29,-1,0.5569203495979309,1.2521345615386963,0.32425668835639954
31,pose,30,-1,0.4695189893245697,1.2628732919692993,0.37948063015937805
31,pose,31,-1,0.5501629710197449,1.3066461086273193,0.18872398138046265
31,pose,32,-1,0.4745705723762512,1.313942551612854,0.22733314335346222
32,hand,0,0,0.5184410810470581,0.5323858261108398,5.7753887006128934e-08
32,hand,1,0,0.5303155779838562,0.5189449191093445,-0.0009931280510500073
32,hand,2,0,0.5437992215156555,0.5091065764427185,-0.004380107391625643
32,hand,3,0,0.554157018661499,0.5096768140792847,-0.008482102304697037
32,hand,4,0,0.5599475502967834,0.5151708126068115,-0.012995212338864803
32,hand,5,0,0.5452131628990173,0.4918869733810425,-0.008878441527485847
32,hand,6,0,0.5557346940040588,0.47506919503211975,-0.015184604562819004
32,hand,7,0,0.5620519518852234,0.45887234807014465,-0.01914008893072605
32,hand,8,0,0.5662456750869751,0.4451039731502533,-0.022132692858576775
32,hand,9,0,0.5404115319252014,0.4970250725746155,-0.012502997182309628
32,hand,10,0,0.5626787543296814,0.5111562013626099,-0.020376361906528473
32,hand,11,0,0.5640609264373779,0.523426353931427,-0.021825088188052177
32,hand,12,0,0.5619202852249146,0.5296080112457275,-0.02190125733613968
32,hand,13,0,0.5360782146453857,0.5097985863685608,-0.015862789005041122
32,hand,14,0,0.5549440979957581,0.5313445925712585,-0.02109254151582718
32,hand,15,0,0.5498197674751282,0.5344976782798767,-0.01849609985947609
32,hand,16,0,0.5443712472915649,0.5317718386650085,-0.016196906566619873
32,hand,17,0,0.5324404239654541,0.5255882143974304,-0.01967553235590458
32,hand,18,0,0.5470247268676758,0.5410147905349731,-0.022049564868211746
32,hand,19,0,0.5435423851013184,0.5417281985282898,-0.019271524623036385
32,hand,20,0,0.5387818813323975,0.5376225113868713,-0.016998521983623505
32,hand,0,1,0.531609833240509,0.49082762002944946,3.559886962989367e-08
32,hand,1,1,0.5232715606689453,0.46965935826301575,0.0004536679480224848
32,hand,2,1,0.5086865425109863,0.4566832482814789,-0.0011761687928810716
32,hand,3,1,0.49612540006637573,0.45671722292900085,-0.002856932347640395
32,hand,4,1,0.4876055419445038,0.46424320340156555,-0.005031505599617958
32,hand,5,1,0.5057265162467957,0.4466201663017273,-0.005616531241685152
32,hand,6,1,0.4951419234275818,0.4293917417526245,-0.01067197322845459
32,hand,7,1,0.48927369713783264,0.41723617911338806,-0.013429908081889153
32,hand,8,1,0.48537787795066833,0.40658390522003174,-0.01504148542881012
32,hand,9,1,0.5046094655990601,0.45873039960861206,-0.008095165714621544
32,hand,10,1,0.4846888482570648,0.46370530128479004,-0.013750978745520115
32,hand,11,1,0.4888124167919159,0.46996092796325684,-0.013739937916398048
32,hand,12,1,0.49544626474380493,0.4699724316596985,-0.012676171958446503
32,hand,13,1,0.5048532485961914,0.4746297001838684,-0.010321167297661304
32,hand,14,1,0.48893457651138306,0.48221251368522644,-0.01516713760793209
32,hand,15,1,0.4939669668674469,0.48503339290618896,-0.012229709886014462
32,hand,16,1,0.4992142915725708,0.48322078585624695,-0.009171397425234318
32,hand,17,1,0.5059632658958435,0.48981931805610657,-0.01237367745488882
32,hand,18,1,0.49404850602149963,0.494646281003952,-0.015317847020924091
32,hand,19,1,0.4986073076725006,0.4964137375354767,-0.012666184455156326
32,hand,20,1,0.5028889179229736,0.49510854482650757,-0.009949681349098682
32,pose,0,-1,0.5210082530975342,0.2335491180419922,-0.32721760869026184
32,pose,1,-1,0.5315724015235901,0.21050132811069489,-0.31047847867012024
32,pose,2,-1,0.5353991389274597,0.21087110042572021,-0.3103419244289398
32,pose,3,-1,0.5406923890113831,0.21150028705596924,-0.3103562295436859
32,pose,4,-1,0.5137582421302795,0.20938709378242493,-0.31089699268341064
32,pose,5,-1,0.507400631904602,0.2095503956079483,-0.3108796179294586
32,pose,6,-1,0.5020294785499573,0.21024565398693085,-0.310966819524765
32,pose,7,-1,0.5480438470840454,0.2242342084646225,-0.19813910126686096
32,pose,8,-1,0.4950501024723053,0.22397373616695404,-0.19221322238445282
32,pose,9,-1,0.5308060050010681,0.26418009400367737,-0.27598750591278076
32,pose,10,-1,0.5098006725311279,0.2633987069129944,-0.2742184102535248
32,pose,11,-1,0.586395800113678,0.37037208676338196,-0.10892768204212189
32,pose,12,-1,0.4555942416191101,0.37187761068344116,-0.09656594693660736
32,pose,13,-1,0.6132757067680359,0.6088159084320068,-0.1294741928577423
32,pose,14,-1,0.4399329721927643,0.5991819500923157,-0.1511867791414261
32,pose,15,-1,0.5321856141090393,0.4908824861049652,-0.2032196819782257
32,pose,16,-1,0.5311928987503052,0.5276541113853455,-0.2528957724571228
32,pose,17,-1,0.5102254152297974,0.4625646471977234,-0.22234183549880981
32,pose,18,-1,0.5491756200790405,0.5186612606048584,-0.27080950140953064
32,pose,19,-1,0.514509916305542,0.4398172199726105,-0.20129519701004028
32,pose,20,-1,0.5501134991645813,0.4974340796470642,-0.25039830803871155
32,pose,21,-1,0.519961416721344,0.4473932385444641,-0.19194170832633972
32,pose,22,-1,0.5436709523200989,0.49752649664878845,-0.23817919194698334
32,pose,23,-1,0.5606317520141602,0.739907443523407,-0.007090691011399031
32,pose,24,-1,0.48209792375564575,0.7337926030158997,0.008171744644641876
32,pose,25,-1,0.5570515394210815,0.974776566028595,0.027512691915035248
32,pose,26,-1,0.4822341501712799,0.9815018177032471,0.11159081757068634
32,pose,27,-1,0.5576500296592712,1.2166111469268799,0.29664939641952515
32,pose,28,-1,0.4715423583984375,1.2238532304763794,0.35407447814941406
32,pose,29,-1,0.557049036026001,1.250489354133606,0.3181663751602173
32,pose,30,-1,0.46976232528686523,1.2602156400680542,0.37683066725730896
32,pose,31,-1,0.5508663654327393,1.3049743175506592,0.18253858387470245
32,pose,32,-1,0.47430747747421265,1.3112208843231201,0.21979013085365295
33,hand,0,0,0.5132689476013184,0.5286774039268494,6.522797235675171e-08
33,hand,1,0,0.5257748365402222,0.5154507756233215,0.0021693187300115824
33,hand,2,0,0.5404001474380493,0.5076172351837158,-0.0006584132206626236
33,hand,3,0,0.5523087978363037,0.5075353980064392,-0.004676172975450754
33,hand,4,0,0.5615448951721191,0.5122663974761963,-0.009065975435078144
33,hand,5,0,0.5454652905464172,0.4922230839729309,-0.007676921784877777
33,hand,6,0,0.5575677752494812,0.4738842248916626,-0.014264307916164398
33,hand,7,0,0.56450355052948,0.4573325514793396,-0.01796642877161503
33,hand,8,0,0.56817227602005,0.4416481554508209,-0.020262274891138077
33,hand,9,0,0.5421249270439148,0.4974132478237152,-0.012525168247520924
33,hand,10,0,0.5654250979423523,0.5097901821136475,-0.01913377456367016
33,hand,11,0,0.5669560432434082,0.524702787399292,-0.018955040723085403
33,hand,12,0,0.5639459490776062,0.530489981174469,-0.017807399854063988
33,hand,13,0,0.5379300713539124,0.5097466111183167,-0.016906339675188065
33,hand,14,0,0.5581449866294861,0.5292069911956787,-0.021866079419851303
33,hand,15,0,0.554145336151123,0.5363720655441284,-0.017889009788632393
33,hand,16,0,0.5485737323760986,0.5341998934745789,-0.014400012791156769
33,hand,17,0,0.5339425206184387,0.5247199535369873,-0.021226705983281136
33,hand,18,0,0.5493091344833374,0.5392597317695618,-0.02239641733467579
33,hand,19,0,0.5458261966705322,0.5429905652999878,-0.01755213364958763
33,hand,20,0,0.5402860045433044,0.5393000841140747,-0.01379039790481329
33,hand,0,1,0.5319653749465942,0.4931616187095642,2.3154553829840552e-08
33,hand,1,1,0.5247805118560791,0.472565621137619,0.0008843413670547307
33,hand,2,1,0.5116833448410034,0.4578864276409149,-0.00035188253968954086
33,hand,3,1,0.49987635016441345,0.4544946551322937,-0.0016832345863804221
33,hand,4,1,0.4918465316295624,0.46095386147499084,-0.003573168534785509
33,hand,5,1,0.508007287979126,0.44847384095191956,-0.0056592607870697975
33,hand,6,1,0.49633848667144775,0.431396484375,-0.010084960609674454
33,hand,7,1,0.48952528834342957,0.4197600781917572,-0.012391320429742336
33,hand,8,1,0.4847669005393982,0.4104022979736328,-0.013779479078948498
33,hand,9,1,0.505900502204895,0.46063387393951416,-0.008150020614266396
33,hand,10,1,0.4855179488658905,0.463104248046875,-0.013064194470643997
33,hand,11,1,0.4888691306114197,0.4692176580429077,-0.012826528400182724
33,hand,12,1,0.49549001455307007,0.47089293599128723,-0.011691506020724773
33,hand,13,1,0.5051918625831604,0.4764348268508911,-0.010254726745188236
33,hand,14,1,0.48990148305892944,0.4829787611961365,-0.014348289929330349
33,hand,15,1,0.49473536014556885,0.48546451330184937,-0.011414578184485435
33,hand,16,1,0.5002450942993164,0.48430103063583374,-0.008554813452064991
33,hand,17,1,0.5054882168769836,0.4921092987060547,-0.012189215049147606
33,hand,18,1,0.4938536286354065,0.4947788119316101,-0.014728430658578873
33,hand,19,1,0.49847710132598877,0.49687880277633667,-0.01202577818185091
33,hand,20,1,0.503189206123352,0.4965542256832123,-0.009366233833134174
33,pose,0,-1,0.5209926962852478,0.23396112024784088,-0.32866430282592773
33,pose,1,-1,0.5315209031105042,0.21076403558254242,-0.31381112337112427
33,pose,2,-1,0.5353269577026367,0.21106670796871185,-0.31375226378440857
33,pose,3,-1,0.5405312776565552,0.21164824068546295,-0.31377241015434265
33,pose,4,-1,0.5137290358543396,0.20986807346343994,-0.3131856620311737
33,pose,5,-1,0.5073720216751099,0.21006156504154205,-0.31319504976272583
33,pose,6,-1,0.5019968152046204,0.2107490748167038,-0.3132658004760742
33,pose,7,-1,0.5479177832603455,0.2243179976940155,-0.19646616280078888
33,pose,8,-1,0.49503231048583984,0.22418132424354553,-0.18942934274673462
33,pose,9,-1,0.5307984948158264,0.2643382251262665,-0.27879518270492554
33,pose,10,-1,0.509795069694519,0.26367154717445374,-0.2768125832080841
33,pose,11,-1,0.586534321308136,0.370482861995697,-0.10928165912628174
33,pose,12,-1,0.45558562874794006,0.3727911114692688,-0.092927485704422
33,pose,13,-1,0.6126431822776794,0.6092722415924072,-0.12247376888990402
33,pose,14,-1,0.4401926100254059,0.6004718542098999,-0.14853771030902863
33,pose,15,-1,0.5291318297386169,0.49330055713653564,-0.18091540038585663
33,pose,16,-1,0.5324712991714478,0.5281150937080383,-0.24603433907032013
33,pose,17,-1,0.5065452456474304,0.46494588255882263,-0.19916456937789917
33,pose,18,-1,0.5503828525543213,0.5171642303466797,-0.26487985253334045
33,pose,19,-1,0.5110280513763428,0.4406166672706604,-0.17600290477275848
33,pose,20,-1,0.550989031791687,0.49617287516593933,-0.24196964502334595
33,pose,21,-1,0.5168516039848328,0.4492179751396179,-0.1682359129190445
33,pose,22,-1,0.5444008708000183,0.4971809685230255,-0.23333068192005157
33,pose,23,-1,0.56093430519104,0.7410722970962524,-0.008438161574304104
33,pose,24,-1,0.4821074903011322,0.7353432774543762,0.009530531242489815
33,pose,25,-1,0.5584078431129456,0.9747434258460999,0.023258386179804802
33,pose,26,-1,0.48343557119369507,0.9814730286598206,0.11929593980312347
33,pose,27,-1,0.558825671672821,1.217101812362671,0.2890678644180298
33,pose,28,-1,0.47271928191185,1.225193738937378,0.3517681658267975
33,pose,29,-1,0.5584792494773865,1.2518538236618042,0.3069997727870941
33,pose,30,-1,0.4712219834327698,1.2626466751098633,0.37327688932418823
33,pose,31,-1,0.5513988137245178,1.3045635223388672,0.16701197624206543
33,pose,32,-1,0.4743105471134186,1.3116329908370972,0.219386488199234
34,hand,0,0,0.5113874077796936,0.5309377908706665,6.608567559851508e-08
34,hand,1,0,0.5254358649253845,0.5189738273620605,0.002729338826611638
34,hand,2,0,0.5420342087745667,0.514941394329071,-0.0005142688169144094
34,hand,3,0,0.5551990866661072,0.5211946368217468,-0.005174769554287195
34,hand,4,0,0.5654327869415283,0.5295737981796265,-0.010032685473561287
34,hand,5,0,0.5463147163391113,0.49312669038772583,-0.007619580253958702
34,hand,6,0,0.5593199133872986,0.4759238362312317,-0.014892574399709702
34,hand,7,0,0.5662735104560852,0.45959270000457764,-0.01929314248263836
34,hand,8,0,0.5703034400939941,0.443491667509079,-0.022011715918779373
34,hand,9,0,0.542413592338562,0.49752992391586304,-0.013170196674764156
34,hand,10,0,0.56574946641922,0.5118913650512695,-0.020289788022637367
34,hand,11,0,0.567144513130188,0.5271918177604675,-0.020849093794822693
34,hand,12,0,0.5642838478088379,0.5340147614479065,-0.02028733864426613
34,hand,13,0,0.5374267101287842,0.5096740126609802,-0.018169241026043892
34,hand,14,0,0.5573343634605408,0.5301681756973267,-0.02304265648126602
34,hand,15,0,0.5523756146430969,0.5368738174438477,-0.01854829303920269
34,hand,16,0,0.5463312268257141,0.5341520309448242,-0.01479441300034523
34,hand,17,0,0.5327123999595642,0.5248704552650452,-0.023132817819714546
34,hand,18,0,0.5482751727104187,0.5404832363128662,-0.023819323629140854
34,hand,19,0,0.5441427230834961,0.543432891368866,-0.018229534849524498
34,hand,20,0,0.538337230682373,0.538769006729126,-0.014018918387591839
34,hand,0,1,0.5333529114723206,0.49318140745162964,2.7390322898668273e-08
34,hand,1,1,0.5264493227005005,0.47287049889564514,0.0009123666095547378
34,hand,2,1,0.5144076943397522,0.45741188526153564,-0.0001360467867925763
34,hand,3,1,0.5035906434059143,0.45036792755126953,-0.0014118911931291223
34,hand,4,1,0.49622681736946106,0.45194801688194275,-0.003157885279506445
34,hand,5,1,0.5094316601753235,0.4490942060947418,-0.004737003240734339
34,hand,6,1,0.49843552708625793,0.4321313202381134,-0.009048910811543465
34,hand,7,1,0.4914674460887909,0.42022860050201416,-0.011318122036755085
34,hand,8,1,0.48663702607154846,0.41082102060317993,-0.012658688239753246
34,hand,9,1,0.5070727467536926,0.4608600437641144,-0.007141499314457178
34,hand,10,1,0.4874277412891388,0.46201997995376587,-0.012035592459142208
34,hand,11,1,0.48912012577056885,0.46825066208839417,-0.012045221403241158
34,hand,12,1,0.4945356547832489,0.4710688889026642,-0.011040124110877514
34,hand,13,1,0.5060611963272095,0.47613003849983215,-0.009216823615133762
34,hand,14,1,0.4919341206550598,0.48182955384254456,-0.013334454968571663
34,hand,15,1,0.49594154953956604,0.48432478308677673,-0.010714679956436157
34,hand,16,1,0.5010664463043213,0.4835294783115387,-0.007986831478774548
34,hand,17,1,0.5060147047042847,0.49122580885887146,-0.011158517561852932
34,hand,18,1,0.4955887794494629,0.49374860525131226,-0.013659456744790077
34,hand,19,1,0.4997948706150055,0.49615001678466797,-0.011200729757547379
34,hand,20,1,0.5041489601135254,0.496120810508728,-0.008653644472360611
34,pose,0,-1,0.5209162831306458,0.2341955453157425,-0.31355351209640503
34,pose,1,-1,0.5314250588417053,0.2108624130487442,-0.29951778054237366
34,pose,2,-1,0.5352380275726318,0.211128830909729,-0.2994864881038666
34,pose,3,-1,0.5403501391410828,0.2116817831993103,-0.29949986934661865
34,pose,4,-1,0.5136396288871765,0.21007905900478363,-0.29902106523513794
34,pose,5,-1,0.5073168277740479,0.2102826088666916,-0.29904577136039734
34,pose,6,-1,0.5019437670707703,0.2109532654285431,-0.29909390211105347
34,pose,7,-1,0.5478165745735168,0.22435995936393738,-0.17978708446025848
34,pose,8,-1,0.4950246810913086,0.22433248162269592,-0.17522911727428436
34,pose,9,-1,0.5307528972625732,0.2644594609737396,-0.2648008465766907
34,pose,10,-1,0.5097906589508057,0.2638731002807617,-0.26359179615974426
34,pose,11,-1,0.5866514444351196,0.3707078695297241,-0.09483589977025986
34,pose,12,-1,0.45557743310928345,0.3736070692539215,-0.07909107208251953
34,pose,13,-1,0.610935389995575,0.6094036102294922,-0.10212187469005585
34,pose,14,-1,0.4406229257583618,0.6020606756210327,-0.12260349839925766
34,pose,15,-1,0.5291571021080017,0.4941987097263336,-0.1611863076686859
34,pose,16,-1,0.5324586033821106,0.5290761590003967,-0.204205721616745
34,pose,17,-1,0.5069932341575623,0.4672910273075104,-0.17897123098373413
34,pose,18,-1,0.5499206185340881,0.5190874338150024,-0.22212710976600647
34,pose,19,-1,0.5113862752914429,0.44385242462158203,-0.15736070275306702
34,pose,20,-1,0.5504090785980225,0.49855709075927734,-0.19967961311340332
34,pose,21,-1,0.5170224905014038,0.45200425386428833,-0.14923039078712463
34,pose,22,-1,0.5439255237579346,0.4987567961215973,-0.1926831603050232
34,pose,23,-1,0.5610939264297485,0.7434319257736206,-0.008135530166327953
34,pose,24,-1,0.48242679238319397,0.7379381060600281,0.009218568913638592
34,pose,25,-1,0.5586794018745422,0.9748633503913879,0.02510983869433403
34,pose,26,-1,0.483342707157135,1.001386284828186,0.1107984334230423
34,pose,27,-1,0.558610200881958,1.2192113399505615,0.2913477122783661
34,pose,28,-1,0.4768640697002411,1.2326807975769043,0.3443031907081604
34,pose,29,-1,0.5581941604614258,1.2538284063339233,0.31103071570396423
34,pose,30,-1,0.4758123755455017,1.2701756954193115,0.36348825693130493
34,pose,31,-1,0.5511803030967712,1.3074495792388916,0.17448076605796814
34,pose,32,-1,0.47748619318008423,1.3205769062042236,0.21126137673854828
35,hand,0,0,0.5101421475410461,0.5342280268669128,6.13368555946181e-08
35,hand,1,0,0.5247979164123535,0.5203585624694824,0.003983002621680498
35,hand,2,0,0.5409625172615051,0.5149244666099548,0.0009713656036183238
35,hand,3,0,0.5538979768753052,0.5191766023635864,-0.0035685233306139708
35,hand,4,0,0.5641372203826904,0.5270950794219971,-0.008275085128843784
35,hand,5,0,0.545409619808197,0.49356910586357117,-0.008059491403400898
35,hand,6,0,0.5589181184768677,0.4747307598590851,-0.01533570047467947
35,hand,7,0,0.566544771194458,0.4585939049720764,-0.019587593153119087
35,hand,8,0,0.5710874199867249,0.4430422782897949,-0.022191248834133148
35,hand,9,0,0.541185200214386,0.4982907176017761,-0.014044067822396755
35,hand,10,0,0.56553053855896,0.51205974817276,-0.0211473498493433
35,hand,11,0,0.5674118995666504,0.5285396575927734,-0.02121284417808056
35,hand,12,0,0.5647684335708618,0.5358096361160278,-0.02034897357225418
35,hand,13,0,0.5363898277282715,0.5111842155456543,-0.019265465438365936
35,hand,14,0,0.557438850402832,0.5304668545722961,-0.02372761256992817
35,hand,15,0,0.5532076358795166,0.5384014248847961,-0.01838093437254429
35,hand,16,0,0.547176718711853,0.5364816188812256,-0.014144618064165115
35,hand,17,0,0.5320819616317749,0.5272796154022217,-0.02434963546693325
35,hand,18,0,0.5486546754837036,0.5414698123931885,-0.024371780455112457
35,hand,19,0,0.5447681546211243,0.5449512004852295,-0.018007071688771248
35,hand,20,0,0.5389094352722168,0.5410726070404053,-0.013308043591678143
35,hand,0,1,0.5333420634269714,0.49366477131843567,3.128655734485619e-08
35,hand,1,1,0.527114987373352,0.47284144163131714,0.0007956994813866913
35,hand,2,1,0.514451265335083,0.4586261212825775,-0.0004129681037738919
35,hand,3,1,0.5030196905136108,0.45505765080451965,-0.0016819853335618973
35,hand,4,1,0.4953191876411438,0.4614240229129791,-0.003502899780869484
35,hand,5,1,0.5103185772895813,0.4495084285736084,-0.005542771890759468
35,hand,6,1,0.49921751022338867,0.4324309825897217,-0.010159187950193882
35,hand,7,1,0.4922049641609192,0.41958579421043396,-0.012826488353312016
35,hand,8,1,0.4873977303504944,0.40899091958999634,-0.014452850446105003
35,hand,9,1,0.5076696276664734,0.46115168929100037,-0.0077873277477920055
35,hand,10,1,0.4881901144981384,0.46259936690330505,-0.012469308450818062
35,hand,11,1,0.4910677373409271,0.4686964154243469,-0.01226846780627966
35,hand,12,1,0.4973461925983429,0.4704870283603668,-0.011287035420536995
35,hand,13,1,0.5063164830207825,0.4766654372215271,-0.009672828949987888
35,hand,14,1,0.49145328998565674,0.48215851187705994,-0.01356041245162487
35,hand,15,1,0.4955090582370758,0.4852745831012726,-0.010736377909779549
35,hand,16,1,0.5007474422454834,0.4846721589565277,-0.00805301871150732
35,hand,17,1,0.5060781836509705,0.49224117398262024,-0.011400522664189339
35,hand,18,1,0.49464941024780273,0.4946883022785187,-0.013778637163341045
35,hand,19,1,0.49891534447669983,0.4972922205924988,-0.01118097361177206
35,hand,20,1,0.5035209059715271,0.4973955452442169,-0.008658185601234436
35,pose,0,-1,0.520905077457428,0.2339984029531479,-0.31527456641197205
35,pose,1,-1,0.5314003825187683,0.2106565535068512,-0.30142802000045776
35,pose,2,-1,0.535208523273468,0.2108995020389557,-0.30140620470046997
35,pose,3,-1,0.5402796864509583,0.21140536665916443,-0.30143216252326965
35,pose,4,-1,0.5136057734489441,0.20996661484241486,-0.3004230856895447
35,pose,5,-1,0.5073045492172241,0.2101670801639557,-0.300447553396225
35,pose,6,-1,0.501937985420227,0.21083782613277435,-0.30049431324005127
35,pose,7,-1,0.547732949256897,0.22415582835674286,-0.1810019165277481
35,pose,8,-1,0.4950263202190399,0.2243318259716034,-0.17488664388656616
35,pose,9,-1,0.5307535529136658,0.26423874497413635,-0.2667103707790375
35,pose,10,-1,0.5098302364349365,0.2637714743614197,-0.2649993598461151
35,pose,11,-1,0.586994469165802,0.3709021508693695,-0.0938601940870285
35,pose,12,-1,0.4555521607398987,0.373689740896225,-0.07648191601037979
35,pose,13,-1,0.6097503304481506,0.6097000241279602,-0.09903381764888763
35,pose,14,-1,0.44059857726097107,0.6033690571784973,-0.11877336353063583
35,pose,15,-1,0.5298895239830017,0.49826812744140625,-0.16157005727291107
35,pose,16,-1,0.531699001789093,0.5310772061347961,-0.2137146145105362
35,pose,17,-1,0.5081479549407959,0.4682513177394867,-0.179795503616333
35,pose,18,-1,0.5493513941764832,0.5226532816886902,-0.23361042141914368
35,pose,19,-1,0.512287437915802,0.4447028934955597,-0.159626305103302
35,pose,20,-1,0.5493839979171753,0.500799834728241,-0.21302209794521332
35,pose,21,-1,0.5177715420722961,0.45279356837272644,-0.150472953915596
35,pose,22,-1,0.5433019995689392,0.5005208849906921,-0.20356972515583038
35,pose,23,-1,0.5611990690231323,0.7436097264289856,-0.00803037453442812
35,pose,24,-1,0.4827521741390228,0.7383514046669006,0.009099040180444717
35,pose,25,-1,0.5585913062095642,0.9750036001205444,0.022895146161317825
35,pose,26,-1,0.48368245363235474,0.9980809092521667,0.10685792565345764
35,pose,27,-1,0.5584280490875244,1.2199164628982544,0.2902928590774536
35,pose,28,-1,0.4769107401371002,1.2313225269317627,0.339731365442276
35,pose,29,-1,0.558074951171875,1.2540990114212036,0.31064268946647644
35,pose,30,-1,0.4759114682674408,1.268187403678894,0.3586408793926239
35,pose,31,-1,0.5510604381561279,1.3087122440338135,0.17476345598697662
35,pose,32,-1,0.4774850308895111,1.3193622827529907,0.20844128727912903
36,hand,0,0,0.5101625323295593,0.537366509437561,5.876857400721747e-08
36,hand,1,0,0.5256628394126892,0.5229086875915527,0.0033853754866868258
36,hand,2,0,0.5417833924293518,0.5169170498847961,0.00020998135732952505
36,hand,3,0,0.5542337894439697,0.5219517350196838,-0.004537250846624374
36,hand,4,0,0.5633252859115601,0.531283974647522,-0.00952709186822176
36,hand,5,0,0.5460532903671265,0.49625363945961,-0.007643659599125385
36,hand,6,0,0.5588452816009521,0.47755351662635803,-0.013921785168349743
36,hand,7,0,0.5661026835441589,0.46190834045410156,-0.017428934574127197
36,hand,8,0,0.5709888339042664,0.4466221332550049,-0.019835339859128
36,hand,9,0,0.5419663190841675,0.5018349885940552,-0.013622873462736607
36,hand,10,0,0.5650221109390259,0.5150880813598633,-0.020020488649606705
36,hand,11,0,0.5670711994171143,0.5309697985649109,-0.020112980157136917
36,hand,12,0,0.5651074051856995,0.5387434959411621,-0.019516771659255028
36,hand,13,0,0.5369021892547607,0.514886200428009,-0.01889936812222004
36,hand,14,0,0.5567650198936462,0.5349282026290894,-0.02283604070544243
36,hand,15,0,0.552725076675415,0.5420374870300293,-0.017998209223151207
36,hand,16,0,0.5470165014266968,0.5400689244270325,-0.014434442855417728
36,hand,17,0,0.5322619080543518,0.531089186668396,-0.024183571338653564
36,hand,18,0,0.5478780269622803,0.5454793572425842,-0.02430810034275055
36,hand,19,0,0.5443529486656189,0.5486418008804321,-0.018717218190431595
36,hand,20,0,0.5389330983161926,0.5446232557296753,-0.01476462371647358
36,hand,0,1,0.5339996218681335,0.4967811703681946,2.546845934148223e-08
36,hand,1,1,0.5281582474708557,0.47638848423957825,0.0008930698386393487
36,hand,2,1,0.5160449743270874,0.4590410590171814,9.403867807122879e-06
36,hand,3,1,0.5062853097915649,0.4487915635108948,-0.0009887138148769736
36,hand,4,1,0.5003320574760437,0.4435575008392334,-0.0025002756156027317
36,hand,5,1,0.511286735534668,0.4525761008262634,-0.005427672527730465
36,hand,6,1,0.4997149705886841,0.4359402060508728,-0.009893503971397877
36,hand,7,1,0.4924336373806,0.4235497713088989,-0.012286679819226265
36,hand,8,1,0.4873829483985901,0.41367286443710327,-0.013721105642616749
36,hand,9,1,0.5086783170700073,0.46462082862854004,-0.00781342200934887
36,hand,10,1,0.4883178770542145,0.46353769302368164,-0.013140136376023293
36,hand,11,1,0.4917484223842621,0.469168096780777,-0.013087157160043716
36,hand,12,1,0.4987412393093109,0.4718574285507202,-0.011799966916441917
36,hand,13,1,0.5074436664581299,0.4800320863723755,-0.009812385775148869
36,hand,14,1,0.491676390171051,0.4837259352207184,-0.014276141300797462
36,hand,15,1,0.4959662854671478,0.48633497953414917,-0.011415421962738037
36,hand,16,1,0.5014951229095459,0.4862702786922455,-0.00838218629360199
36,hand,17,1,0.5073685646057129,0.49564066529273987,-0.011612548492848873
36,hand,18,1,0.4950709939002991,0.49649494886398315,-0.01450896542519331
36,hand,19,1,0.49940988421440125,0.49871161580085754,-0.011874711140990257
36,hand,20,1,0.5042765140533447,0.49921080470085144,-0.009115518070757389
36,pose,0,-1,0.5208216905593872,0.23382164537906647,-0.30674293637275696
36,pose,1,-1,0.5312785506248474,0.21047408878803253,-0.29222044348716736
36,pose,2,-1,0.5351324081420898,0.210743248462677,-0.2922205626964569
36,pose,3,-1,0.5401226282119751,0.2112502157688141,-0.2922404408454895
36,pose,4,-1,0.5134265422821045,0.2097541093826294,-0.29108697175979614
36,pose,5,-1,0.5071842670440674,0.2099195420742035,-0.2911171019077301
36,pose,6,-1,0.5018091797828674,0.21056990325450897,-0.2911543846130371
36,pose,7,-1,0.547685980796814,0.22406721115112305,-0.17022520303726196
36,pose,8,-1,0.4950052499771118,0.22428634762763977,-0.16390594840049744
36,pose,9,-1,0.5307417511940002,0.2640860974788666,-0.25777003169059753
36,pose,10,-1,0.5098153948783875,0.26367971301078796,-0.2560318410396576
36,pose,11,-1,0.5873226523399353,0.37107327580451965,-0.08059389889240265
36,pose,12,-1,0.45553353428840637,0.37398120760917664,-0.06588558852672577
36,pose,13,-1,0.6092607975006104,0.6096949577331543,-0.09404466301202774
36,pose,14,-1,0.4406886696815491,0.6037828922271729,-0.09895727038383484
36,pose,15,-1,0.5302194356918335,0.498966246843338,-0.1728387475013733
36,pose,16,-1,0.5315859317779541,0.5326002836227417,-0.18726977705955505
36,pose,17,-1,0.5081653594970703,0.4689628481864929,-0.1941928118467331
36,pose,18,-1,0.5488345623016357,0.5248702168464661,-0.20660699903964996
36,pose,19,-1,0.512432336807251,0.44586241245269775,-0.17370718717575073
36,pose,20,-1,0.5489923357963562,0.5028651356697083,-0.1879136562347412
36,pose,21,-1,0.5179007649421692,0.4539588391780853,-0.16195355355739594
36,pose,22,-1,0.5429392457008362,0.5023893713951111,-0.17760391533374786
36,pose,23,-1,0.5613381266593933,0.7443523406982422,-0.007459302432835102
36,pose,24,-1,0.4832824468612671,0.7392098307609558,0.008491919375956059
36,pose,25,-1,0.5586379766464233,0.9755831956863403,0.01965741068124771
36,pose,26,-1,0.483026921749115,1.00705087184906,0.09330406039953232
36,pose,27,-1,0.5582271814346313,1.223035454750061,0.29531577229499817
36,pose,28,-1,0.4767986536026001,1.2349754571914673,0.3274060785770416
36,pose,29,-1,0.5574204921722412,1.2562575340270996,0.31738197803497314
36,pose,30,-1,0.47580575942993164,1.2710325717926025,0.34685835242271423
36,pose,31,-1,0.5509831309318542,1.313356637954712,0.18335634469985962
36,pose,32,-1,0.47743088006973267,1.324533462524414,0.19593754410743713
37,hand,0,0,0.5089795589447021,0.5440145134925842,6.208959746345499e-08
37,hand,1,0,0.5247361063957214,0.5312725901603699,0.002538797678425908
37,hand,2,0,0.5417572855949402,0.5257238149642944,-0.000597773992922157
37,hand,3,0,0.5545883774757385,0.5311220288276672,-0.005300892982631922
37,hand,4,0,0.5633548498153687,0.5388156175613403,-0.0101493364199996
37,hand,5,0,0.5465512871742249,0.503104567527771,-0.006649690214544535
37,hand,6,0,0.5591188669204712,0.48415109515190125,-0.013067391701042652
37,hand,7,0,0.5658958554267883,0.46589183807373047,-0.017179930582642555
37,hand,8,0,0.570146918296814,0.4487021267414093,-0.01997547596693039
37,hand,9,0,0.5428861379623413,0.5087758898735046,-0.012207753956317902
37,hand,10,0,0.5634000301361084,0.5215781927108765,-0.018266387283802032
37,hand,11,0,0.5675284266471863,0.5360981822013855,-0.019121389836072922
37,hand,12,0,0.5674675703048706,0.5448453426361084,-0.019333379343152046
37,hand,13,0,0.5376397967338562,0.5217270851135254,-0.0172565970569849
37,hand,14,0,0.5562873482704163,0.5416115522384644,-0.021235333755612373
37,hand,15,0,0.5520597100257874,0.5489680767059326,-0.017004022374749184
37,hand,16,0,0.5464267134666443,0.5483898520469666,-0.0139240063726902
37,hand,17,0,0.5326712131500244,0.5387457013130188,-0.022435957565903664
37,hand,18,0,0.5479598641395569,0.552701473236084,-0.022726280614733696
37,hand,19,0,0.5441304445266724,0.5562179088592529,-0.017402250319719315
37,hand,20,0,0.5389254689216614,0.5535780191421509,-0.013646166771650314
37,hand,0,1,0.5354191064834595,0.5032564401626587,3.202479703645622e-08
37,hand,1,1,0.5300275087356567,0.48098990321159363,0.00021930293587502092
37,hand,2,1,0.5175177454948425,0.46597400307655334,-0.0011130619095638394
37,hand,3,1,0.5053991079330444,0.4628317058086395,-0.002541079418733716
37,hand,4,1,0.4969649016857147,0.4690598249435425,-0.004562740679830313
37,hand,5,1,0.5134172439575195,0.45672497153282166,-0.005628679413348436
37,hand,6,1,0.5015400052070618,0.43855640292167664,-0.010062568821012974
37,hand,7,1,0.49327555298805237,0.4264843761920929,-0.01260078139603138
37,hand,8,1,0.48723891377449036,0.4173998534679413,-0.014183181338012218
37,hand,9,1,0.5100192427635193,0.4691680073738098,-0.007785868365317583
37,hand,10,1,0.4908052086830139,0.4661395251750946,-0.012795675545930862
37,hand,11,1,0.4926527738571167,0.47084006667137146,-0.01336245983839035
37,hand,12,1,0.49804994463920593,0.47383812069892883,-0.012701167725026608
37,hand,13,1,0.5084407925605774,0.484792023897171,-0.00953166838735342
37,hand,14,1,0.49446332454681396,0.4878265857696533,-0.01373785175383091
37,hand,15,1,0.49895158410072327,0.4899163842201233,-0.011547609232366085
37,hand,16,1,0.5042486190795898,0.48977699875831604,-0.009073780849575996
37,hand,17,1,0.508278489112854,0.5002768039703369,-0.011129835620522499
37,hand,18,1,0.4974827468395233,0.5010020732879639,-0.013621081598103046
37,hand,19,1,0.5019485354423523,0.5025126934051514,-0.011171451769769192
37,hand,20,1,0.5066929459571838,0.5025003552436829,-0.008644158951938152
37,pose,0,-1,0.5208104848861694,0.23359662294387817,-0.3008234202861786
37,pose,1,-1,0.5312619805335999,0.2102033644914627,-0.2855772376060486
37,pose,2,-1,0.5351227521896362,0.21049854159355164,-0.2855846583843231
37,pose,3,-1,0.5401171445846558,0.21102213859558105,-0.2856290936470032
37,pose,4,-1,0.5134122371673584,0.20954477787017822,-0.2842036485671997
37,pose,5,-1,0.5071729421615601,0.20973576605319977,-0.2842249274253845
37,pose,6,-1,0.5017972588539124,0.21042156219482422,-0.28425103425979614
37,pose,7,-1,0.5476763248443604,0.22401529550552368,-0.16239017248153687
37,pose,8,-1,0.49498894810676575,0.22428974509239197,-0.1553729623556137
37,pose,9,-1,0.5307508111000061,0.2639378309249878,-0.25154954195022583
37,pose,10,-1,0.5098187327384949,0.26356515288352966,-0.24963003396987915
37,pose,11,-1,0.5874217748641968,0.371518611907959,-0.07727474719285965
37,pose,12,-1,0.45518729090690613,0.3744133412837982,-0.05668969079852104
37,pose,13,-1,0.6092444062232971,0.6098327040672302,-0.10062336176633835
37,pose,14,-1,0.440719872713089,0.6051202416419983,-0.09906310588121414
37,pose,15,-1,0.5305264592170715,0.49976664781570435,-0.1854030340909958
37,pose,16,-1,0.5324887037277222,0.5328856706619263,-0.20058903098106384
37,pose,17,-1,0.507880449295044,0.4696193039417267,-0.20868204534053802
37,pose,18,-1,0.5493198037147522,0.5253376364707947,-0.22123770415782928
37,pose,19,-1,0.5122259259223938,0.446174681186676,-0.18661929666996002
37,pose,20,-1,0.5498346090316772,0.5034026503562927,-0.20212700963020325
37,pose,21,-1,0.5178498029708862,0.45458823442459106,-0.17409442365169525
37,pose,22,-1,0.5436237454414368,0.5028566718101501,-0.19107916951179504
37,pose,23,-1,0.5613899230957031,0.7446674108505249,-0.007550625596195459
37,pose,24,-1,0.4833272695541382,0.7389767169952393,0.008575228042900562
37,pose,25,-1,0.5592159032821655,0.9755192399024963,0.013231194578111172
37,pose,26,-1,0.4827249348163605,1.009732723236084,0.0792606770992279
37,pose,27,-1,0.5575424432754517,1.2271078824996948,0.294016569852829
37,pose,28,-1,0.47674739360809326,1.2362051010131836,0.3101504445075989
37,pose,29,-1,0.5562648773193359,1.259849190711975,0.31690579652786255
37,pose,30,-1,0.4757806062698364,1.2719621658325195,0.3294391632080078
37,pose,31,-1,0.5508273243904114,1.3178261518478394,0.18135860562324524
37,pose,32,-1,0.4773918688297272,1.3251404762268066,0.18081815540790558
38,hand,0,0,0.5083258748054504,0.5545567274093628,7.131265533644182e-08
38,hand,1,0,0.5234272480010986,0.5424859523773193,0.0019659362733364105
38,hand,2,0,0.5398950576782227,0.5342181324958801,-0.0012908702483400702
38,hand,3,0,0.5522011518478394,0.5352248549461365,-0.006015066988766193
38,hand,4,0,0.560640275478363,0.5400145649909973,-0.01071307621896267
38,hand,5,0,0.5455390810966492,0.5139393210411072,-0.006951397284865379
38,hand,6,0,0.5591149926185608,0.4950283169746399,-0.013976597227156162
38,hand,7,0,0.5669350028038025,0.47751957178115845,-0.018293173983693123
38,hand,8,0,0.5719565153121948,0.46177077293395996,-0.02127048186957836
38,hand,9,0,0.5419033169746399,0.5199145674705505,-0.012448909692466259
38,hand,10,0,0.5621016621589661,0.5306739807128906,-0.0198759026825428
38,hand,11,0,0.5678825378417969,0.5491369366645813,-0.02168986015021801
38,hand,12,0,0.5692572593688965,0.5630236864089966,-0.02221519500017166
38,hand,13,0,0.5368404984474182,0.5328695178031921,-0.01748407445847988
38,hand,14,0,0.554432213306427,0.5567508339881897,-0.0224278774112463
38,hand,15,0,0.550662100315094,0.5658418536186218,-0.018604539334774017
38,hand,16,0,0.5454756021499634,0.565078616142273,-0.015558071434497833
38,hand,17,0,0.5321745872497559,0.5504753589630127,-0.022711535915732384
38,hand,18,0,0.546157956123352,0.5696897506713867,-0.023993823677301407
38,hand,19,0,0.5425659418106079,0.574028491973877,-0.019396798685193062
38,hand,20,0,0.5377179384231567,0.5700879096984863,-0.01593654416501522
38,hand,0,1,0.5367396473884583,0.5120463371276855,5.022716820235473e-08
38,hand,1,1,0.5310571193695068,0.4881391227245331,-0.00022015506692696363
38,hand,2,1,0.5181998610496521,0.47323259711265564,-0.001875708345323801
38,hand,3,1,0.5066434741020203,0.4726044535636902,-0.0034646191634237766
38,hand,4,1,0.49863293766975403,0.4799453318119049,-0.005601879209280014
38,hand,5,1,0.514882504940033,0.4657711386680603,-0.006234549917280674
38,hand,6,1,0.5025899410247803,0.44680720567703247,-0.010387400165200233
38,hand,7,1,0.4943214952945709,0.43475341796875,-0.013004797510802746
38,hand,8,1,0.48814427852630615,0.42553991079330444,-0.014644441194832325
38,hand,9,1,0.5108067393302917,0.47998377680778503,-0.008027810603380203
38,hand,10,1,0.49197614192962646,0.4731687307357788,-0.012255526147782803
38,hand,11,1,0.49356549978256226,0.475435733795166,-0.012829168699681759
38,hand,12,1,0.4984070360660553,0.4776550531387329,-0.012543560937047005
38,hand,13,1,0.5085725784301758,0.49619752168655396,-0.009356069378554821
38,hand,14,1,0.49440279603004456,0.49257633090019226,-0.012395813129842281
38,hand,15,1,0.4980020225048065,0.4929485321044922,-0.010061955079436302
38,hand,16,1,0.5028102397918701,0.49423763155937195,-0.007921239361166954
38,hand,17,1,0.5078509449958801,0.5113211870193481,-0.010613338090479374
38,hand,18,1,0.49703729152679443,0.5058631300926208,-0.01184842549264431
38,hand,19,1,0.5009359121322632,0.5057744383811951,-0.008925043977797031
38,hand,20,1,0.5053992867469788,0.5073409676551819,-0.006409752648323774
38,pose,0,-1,0.5208374857902527,0.23279346525669098,-0.34679368138313293
38,pose,1,-1,0.5312674641609192,0.2095327377319336,-0.33119675517082214
38,pose,2,-1,0.5351332426071167,0.20996515452861786,-0.33123359084129333
38,pose,3,-1,0.5401635766029358,0.21059508621692657,-0.3312833607196808
38,pose,4,-1,0.5134104490280151,0.20873211324214935,-0.3304081857204437
38,pose,5,-1,0.5071735978126526,0.20892184972763062,-0.3304799199104309
38,pose,6,-1,0.5018171072006226,0.20965202152729034,-0.33052805066108704
38,pose,7,-1,0.5476696491241455,0.22390609979629517,-0.2001301497220993
38,pose,8,-1,0.4949834644794464,0.22406059503555298,-0.19698472321033478
38,pose,9,-1,0.5307877659797668,0.26315823197364807,-0.29435884952545166
38,pose,10,-1,0.5098400712013245,0.26294201612472534,-0.2935338020324707
38,pose,11,-1,0.5875541567802429,0.37199464440345764,-0.09884648025035858
38,pose,12,-1,0.45500504970550537,0.3744894862174988,-0.08382346481084824
38,pose,13,-1,0.6095491051673889,0.610934853553772,-0.12356287986040115
38,pose,14,-1,0.4405437111854553,0.6049346923828125,-0.1214284747838974
38,pose,15,-1,0.5329768657684326,0.5144122242927551,-0.2410879284143448
38,pose,16,-1,0.5321531891822815,0.5380459427833557,-0.2454356700181961
38,pose,17,-1,0.5108095407485962,0.4910285770893097,-0.2672649025917053
38,pose,18,-1,0.5491844415664673,0.5331770777702332,-0.26732930541038513
38,pose,19,-1,0.5152870416641235,0.4687144160270691,-0.2489868551492691
38,pose,20,-1,0.5495899319648743,0.5094178915023804,-0.24993444979190826
38,pose,21,-1,0.5208329558372498,0.47178006172180176,-0.23175092041492462
38,pose,22,-1,0.5435848832130432,0.5090619325637817,-0.23642045259475708
38,pose,23,-1,0.5614081621170044,0.7445294260978699,-0.007562980521470308
38,pose,24,-1,0.4833846390247345,0.7390826344490051,0.008578947745263577
38,pose,25,-1,0.5591892004013062,0.9762663841247559,0.01634933054447174
38,pose,26,-1,0.4825699031352997,1.0110644102096558,0.07893213629722595
38,pose,27,-1,0.5570297837257385,1.2298529148101807,0.2928580045700073
38,pose,28,-1,0.4772256910800934,1.2368346452713013,0.3076474070549011
38,pose,29,-1,0.555340051651001,1.2624722719192505,0.31531456112861633
38,pose,30,-1,0.47645118832588196,1.2719449996948242,0.326643168926239
38,pose,31,-1,0.5508317947387695,1.319425106048584,0.18054081499576569
38,pose,32,-1,0.47854143381118774,1.325858235359192,0.17682167887687683
39,hand,0,0,0.5038856863975525,0.5654864311218262,-2.6781712847423478e-08
39,hand,1,0,0.5199446678161621,0.5528338551521301,0.0005034989444538951
39,hand,2,0,0.5380767583847046,0.5488261580467224,-0.0027377265505492687
39,hand,3,0,0.5521508455276489,0.5552016496658325,-0.007205221336334944
39,hand,4,0,0.5609391927719116,0.5664666891098022,-0.01133165042847395
39,hand,5,0,0.546802818775177,0.5346149206161499,-0.005184974987059832
39,hand,6,0,0.5655423998832703,0.5473982691764832,-0.012554376386106014
39,hand,7,0,0.5671665668487549,0.5650375485420227,-0.017112553119659424
39,hand,8,0,0.5651395916938782,0.5747266411781311,-0.019526086747646332
39,hand,9,0,0.5435090661048889,0.5453982353210449,-0.009371019899845123
39,hand,10,0,0.5624955296516418,0.5626529455184937,-0.014442580752074718
39,hand,11,0,0.5615723729133606,0.5769712328910828,-0.015731098130345345
39,hand,12,0,0.5578736662864685,0.582102358341217,-0.016610950231552124
39,hand,13,0,0.5391237139701843,0.5603612661361694,-0.013760151341557503
39,hand,14,0,0.5551929473876953,0.5805308818817139,-0.017053695395588875
39,hand,15,0,0.5520641803741455,0.5888795852661133,-0.014456313103437424
39,hand,16,0,0.5469667911529541,0.5886043906211853,-0.012695610523223877
39,hand,17,0,0.5341690182685852,0.5776909589767456,-0.018411222845315933
39,hand,18,0,0.5469798445701599,0.5931978225708008,-0.018457824364304543
39,hand,19,0,0.5444040298461914,0.5974368453025818,-0.01481748465448618
39,hand,20,0,0.5398715138435364,0.5955491662025452,-0.012329769320786
39,hand,0,1,0.5378113389015198,0.5310056209564209,6.713174371952846e-08
39,hand,1,1,0.5335789918899536,0.5066174268722534,-0.0009042624151334167
39,hand,2,1,0.5206477046012878,0.4907836616039276,-0.0024425098672509193
39,hand,3,1,0.5089877843856812,0.4858090579509735,-0.0036175749264657497
39,hand,4,1,0.5003000497817993,0.4892946779727936,-0.005319347605109215
39,hand,5,1,0.5171141028404236,0.48753052949905396,-0.008487612940371037
39,hand,6,1,0.5026921629905701,0.46693164110183716,-0.01193277444690466
39,hand,7,1,0.49366557598114014,0.455650269985199,-0.013845912180840969
39,hand,8,1,0.4873688519001007,0.4486914873123169,-0.014936315827071667
39,hand,9,1,0.5129113793373108,0.503683865070343,-0.00946043711155653
39,hand,10,1,0.49420568346977234,0.49132174253463745,-0.011676574125885963
39,hand,11,1,0.4916325807571411,0.4887748658657074,-0.011645750142633915
39,hand,12,1,0.49298903346061707,0.4898468852043152,-0.011792795732617378
39,hand,13,1,0.5103405714035034,0.5206185579299927,-0.00987842958420515
39,hand,14,1,0.4948503375053406,0.509813129901886,-0.010866465047001839
39,hand,15,1,0.4961003363132477,0.5075832009315491,-0.008563755080103874
39,hand,16,1,0.500278651714325,0.5098586082458496,-0.0072172898799180984
39,hand,17,1,0.5090323686599731,0.5352423787117004,-0.010318064130842686
39,hand,18,1,0.4966050684452057,0.5245728492736816,-0.010915671475231647
39,hand,19,1,0.4987402856349945,0.5222524404525757,-0.008465814404189587
39,hand,20,1,0.5029007196426392,0.5248234272003174,-0.006566125899553299
39,pose,0,-1,0.5208745002746582,0.2317935824394226,-0.4268532395362854
39,pose,1,-1,0.5312839150428772,0.20869237184524536,-0.4100883901119232
39,pose,2,-1,0.535157322883606,0.20924285054206848,-0.41016337275505066
39,pose,3,-1,0.5402459502220154,0.2099768966436386,-0.4102163314819336
39,pose,4,-1,0.5134006142616272,0.2078322172164917,-0.40945637226104736
39,pose,5,-1,0.5071653723716736,0.20806658267974854,-0.40961405634880066
39,pose,6,-1,0.5018128752708435,0.20883618295192719,-0.4097404479980469
39,pose,7,-1,0.5476707220077515,0.22361499071121216,-0.26589691638946533
39,pose,8,-1,0.4949537515640259,0.22381015121936798,-0.2636357545852661
39,pose,9,-1,0.5308530926704407,0.26209354400634766,-0.36908912658691406
39,pose,10,-1,0.5098464488983154,0.2620343565940857,-0.36856281757354736
39,pose,11,-1,0.5877763628959656,0.3726204037666321,-0.1505652815103531
39,pose,12,-1,0.45482876896858215,0.37438884377479553,-0.14412227272987366
39,pose,13,-1,0.6110747456550598,0.6110614538192749,-0.20607241988182068
39,pose,14,-1,0.4398585259914398,0.6021926999092102,-0.18087345361709595
39,pose,15,-1,0.5337486863136292,0.5277222394943237,-0.3915154039859772
39,pose,16,-1,0.5319664478302002,0.5531959533691406,-0.3249635398387909
39,pose,17,-1,0.5112552642822266,0.5139171481132507,-0.4299476444721222
39,pose,18,-1,0.5488760471343994,0.5643097758293152,-0.3508634567260742
39,pose,19,-1,0.5153890252113342,0.48580193519592285,-0.4133853614330292
39,pose,20,-1,0.5506581664085388,0.5415729880332947,-0.33677342534065247
39,pose,21,-1,0.5214484333992004,0.48904281854629517,-0.38470011949539185
39,pose,22,-1,0.5444470047950745,0.5346108078956604,-0.3171943128108978
39,pose,23,-1,0.5610074400901794,0.7424882650375366,-0.007445421535521746
39,pose,24,-1,0.482911080121994,0.7382819056510925,0.008366142399609089
39,pose,25,-1,0.5587833523750305,0.9762021899223328,0.01947622559964657
39,pose,26,-1,0.48251718282699585,0.9858583807945251,0.0587298758327961
39,pose,27,-1,0.5551069974899292,1.228823184967041,0.29953667521476746
39,pose,28,-1,0.4770805239677429,1.2362244129180908,0.28162825107574463
39,pose,29,-1,0.5536934733390808,1.2615647315979004,0.32191503047943115
39,pose,30,-1,0.47633978724479675,1.2711235284805298,0.3000339865684509
39,pose,31,-1,0.5503789782524109,1.3181097507476807,0.18700997531414032
39,pose,32,-1,0.4795554280281067,1.3248754739761353,0.14321984350681305
40,pose,0,-1,0.5209305286407471,0.23090456426143646,-0.4760169982910156
40,pose,1,-1,0.5313423871994019,0.2081654965877533,-0.45739200711250305
40,pose,2,-1,0.5352648496627808,0.2088339477777481,-0.45748671889305115
40,pose,3,-1,0.5405051112174988,0.20970149338245392,-0.457576721906662
40,pose,4,-1,0.5133922100067139,0.20725882053375244,-0.4566206634044647
40,pose,5,-1,0.5071588158607483,0.20755340158939362,-0.4567764103412628
40,pose,6,-1,0.5018091797828674,0.20842790603637695,-0.4569385349750519
40,pose,7,-1,0.5477687120437622,0.22354289889335632,-0.30926287174224854
40,pose,8,-1,0.4949478507041931,0.22375871241092682,-0.30614012479782104
40,pose,9,-1,0.5310696959495544,0.26114943623542786,-0.417229562997818
40,pose,10,-1,0.5098539590835571,0.2613261640071869,-0.4163554310798645
40,pose,11,-1,0.58800208568573,0.37357455492019653,-0.20621593296527863
40,pose,12,-1,0.45493844151496887,0.37335070967674255,-0.20329205691814423
40,pose,13,-1,0.615525484085083,0.610163688659668,-0.2730349004268646
40,pose,14,-1,0.4394555389881134,0.5917685031890869,-0.2682095468044281
40,pose,15,-1,0.534943163394928,0.555560290813446,-0.47267910838127136
40,pose,16,-1,0.5315214395523071,0.5863537192344666,-0.4521567225456238
40,pose,17,-1,0.5113291144371033,0.5632163286209106,-0.5250408053398132
40,pose,18,-1,0.548750102519989,0.6098252534866333,-0.4958679974079132
40,pose,19,-1,0.5133024454116821,0.5354318618774414,-0.5103834867477417
40,pose,20,-1,0.5523261427879333,0.5880463719367981,-0.4909992814064026
40,pose,21,-1,0.5206931233406067,0.5281265377998352,-0.467892050743103
40,pose,22,-1,0.5455915927886963,0.5781726241111755,-0.45052018761634827
40,pose,23,-1,0.5603492856025696,0.7385647296905518,-0.0072942269034683704
40,pose,24,-1,0.481643944978714,0.7329789996147156,0.008093742653727531
40,pose,25,-1,0.5587608814239502,0.975262463092804,0.018635999411344528
40,pose,26,-1,0.481747031211853,0.9872827529907227,0.0459115244448185
40,pose,27,-1,0.553176999092102,1.2087644338607788,0.3297427296638489
40,pose,28,-1,0.4769168198108673,1.2192803621292114,0.29336652159690857
40,pose,29,-1,0.5518688559532166,1.2360384464263916,0.35669320821762085
40,pose,30,-1,0.4762735366821289,1.2476228475570679,0.3138419985771179
40,pose,31,-1,0.5503142476081848,1.2917436361312866,0.2290908694267273
40,pose,32,-1,0.47948798537254333,1.307860016822815,0.1606975942850113
41,pose,0,-1,0.520925760269165,0.23003506660461426,-0.48154333233833313
41,pose,1,-1,0.531340479850769,0.20774967968463898,-0.4608055651187897
41,pose,2,-1,0.5352815389633179,0.2085350751876831,-0.46090492606163025
41,pose,3,-1,0.5405145883560181,0.20950984954833984,-0.46102043986320496
41,pose,4,-1,0.5133399963378906,0.20687246322631836,-0.45964381098747253
41,pose,5,-1,0.5071189403533936,0.20724059641361237,-0.4597576856613159
41,pose,6,-1,0.5017341375350952,0.2082265317440033,-0.45991745591163635
41,pose,7,-1,0.5477774739265442,0.22352491319179535,-0.3100431263446808
41,pose,8,-1,0.49494582414627075,0.22372554242610931,-0.3054352402687073
41,pose,9,-1,0.5311199426651001,0.26034799218177795,-0.42217710614204407
41,pose,10,-1,0.5098113417625427,0.26056066155433655,-0.4209407567977905
41,pose,11,-1,0.5880271792411804,0.3749605119228363,-0.20855215191841125
41,pose,12,-1,0.4549376666545868,0.3725137412548065,-0.20799626410007477
41,pose,13,-1,0.6169916391372681,0.6096316576004028,-0.25483229756355286
41,pose,14,-1,0.43939343094825745,0.5892783403396606,-0.24686168134212494
41,pose,15,-1,0.5329192876815796,0.5919021368026733,-0.42440566420555115
41,pose,16,-1,0.528575599193573,0.6236226558685303,-0.3989066183567047
41,pose,17,-1,0.5067570805549622,0.603545606136322,-0.4764166474342346
41,pose,18,-1,0.5480786561965942,0.6465091705322266,-0.4414783716201782
41,pose,19,-1,0.505042314529419,0.5788163542747498,-0.4658512473106384
41,pose,20,-1,0.5521914958953857,0.6268674731254578,-0.4443914294242859
41,pose,21,-1,0.5121656656265259,0.5700609087944031,-0.42080041766166687
41,pose,22,-1,0.5454719662666321,0.618635356426239,-0.4003863036632538
41,pose,23,-1,0.5602357983589172,0.7382228374481201,-0.004821164533495903
41,pose,24,-1,0.4811156690120697,0.732914924621582,0.0053414697758853436
41,pose,25,-1,0.5587475299835205,0.9718378186225891,-0.004668349400162697
41,pose,26,-1,0.482475608587265,0.9875804781913757,-0.0011632812675088644
41,pose,27,-1,0.5540425181388855,1.184556484222412,0.31853267550468445
41,pose,28,-1,0.4777267575263977,1.2059379816055298,0.25052621960639954
41,pose,29,-1,0.5520153045654297,1.2095428705215454,0.3422223925590515
41,pose,30,-1,0.47784292697906494,1.2315698862075806,0.2712098956108093
41,pose,31,-1,0.5569064021110535,1.2676911354064941,0.21162541210651398
41,pose,32,-1,0.480869859457016,1.2951173782348633,0.10768938809633255
42,pose,0,-1,0.5208120346069336,0.2296220064163208,-0.5043541789054871
42,pose,1,-1,0.5312895178794861,0.2073279768228531,-0.48390814661979675
42,pose,2,-1,0.5352746844291687,0.20819754898548126,-0.48402470350265503
42,pose,3,-1,0.5404264330863953,0.20924797654151917,-0.4841763377189636
42,pose,4,-1,0.5131343007087708,0.20657767355442047,-0.4822255074977875
42,pose,5,-1,0.5070042014122009,0.2070157378911972,-0.4823276698589325
42,pose,6,-1,0.5015860199928284,0.20807424187660217,-0.4824874997138977
42,pose,7,-1,0.5477694272994995,0.22348041832447052,-0.33246228098869324
42,pose,8,-1,0.49496808648109436,0.22369889914989471,-0.3276965320110321
42,pose,9,-1,0.5311099290847778,0.2600267231464386,-0.44478273391723633
42,pose,10,-1,0.5097002983093262,0.26016807556152344,-0.44347909092903137
42,pose,11,-1,0.5880298018455505,0.3755113482475281,-0.2331896424293518
42,pose,12,-1,0.4551026225090027,0.3722348213195801,-0.21488043665885925
42,pose,13,-1,0.6172885894775391,0.6075549125671387,-0.25004810094833374
42,pose,14,-1,0.4392494559288025,0.5873496532440186,-0.21630214154720306
42,pose,15,-1,0.537720799446106,0.635894238948822,-0.39591318368911743
42,pose,16,-1,0.503943681716919,0.679571270942688,-0.3553084135055542
42,pose,17,-1,0.5177964568138123,0.6620656251907349,-0.4503650367259979
42,pose,18,-1,0.5249456763267517,0.7208728790283203,-0.39721715450286865
42,pose,19,-1,0.506318211555481,0.6418495774269104,-0.4499722123146057
42,pose,20,-1,0.537959098815918,0.6976606249809265,-0.4112834632396698
42,pose,21,-1,0.5125507712364197,0.6334389448165894,-0.39594903588294983
42,pose,22,-1,0.5317544341087341,0.6810582876205444,-0.3604618310928345
42,pose,23,-1,0.5593079924583435,0.7379439473152161,-0.0058368598110973835
42,pose,24,-1,0.48107245564460754,0.7326698303222656,0.006230938248336315
42,pose,25,-1,0.5587321519851685,0.9670501947402954,-0.013274394907057285
42,pose,26,-1,0.4842028319835663,0.9787166118621826,-0.023305131122469902
42,pose,27,-1,0.5530681610107422,1.1516400575637817,0.3016395568847656
42,pose,28,-1,0.4783652722835541,1.1810011863708496,0.24057883024215698
42,pose,29,-1,0.5504206418991089,1.1741633415222168,0.3270013928413391
42,pose,30,-1,0.4795610010623932,1.2052868604660034,0.26196327805519104
42,pose,31,-1,0.5562460422515869,1.234811782836914,0.20362654328346252
42,pose,32,-1,0.4794548451900482,1.2667137384414673,0.09619715064764023
43,pose,0,-1,0.5207130908966064,0.2295832484960556,-0.5688714385032654
43,pose,1,-1,0.5312444567680359,0.20725925266742706,-0.550701916217804
43,pose,2,-1,0.5352702736854553,0.20814265310764313,-0.550803542137146
43,pose,3,-1,0.5403048992156982,0.20921121537685394,-0.5509671568870544
43,pose,4,-1,0.5129716396331787,0.20653820037841797,-0.5489832758903503
43,pose,5,-1,0.5069305896759033,0.20698542892932892,-0.549125075340271
43,pose,6,-1,0.501491367816925,0.208055317401886,-0.5493044257164001
43,pose,7,-1,0.5477671027183533,0.22347234189510345,-0.40176674723625183
43,pose,8,-1,0.49504750967025757,0.2236657440662384,-0.3971881568431854
43,pose,9,-1,0.5310766696929932,0.2599297761917114,-0.5097152590751648
43,pose,10,-1,0.5096587538719177,0.2600899338722229,-0.508427083492279
43,pose,11,-1,0.5880832076072693,0.3768952786922455,-0.2907359004020691
43,pose,12,-1,0.4550756812095642,0.37224557995796204,-0.2791948914527893
43,pose,13,-1,0.6168279051780701,0.602035641670227,-0.27174609899520874
43,pose,14,-1,0.4393664002418518,0.5862641930580139,-0.2433338463306427
43,pose,15,-1,0.5473335385322571,0.6872035264968872,-0.40034711360931396
43,pose,16,-1,0.49539878964424133,0.719272792339325,-0.35269495844841003
43,pose,17,-1,0.536416232585907,0.7353377938270569,-0.45363324880599976
43,pose,18,-1,0.509922444820404,0.7694675326347351,-0.39418378472328186
43,pose,19,-1,0.5233789086341858,0.7125123143196106,-0.46885380148887634
43,pose,20,-1,0.5260926485061646,0.7538884878158569,-0.42024335265159607
43,pose,21,-1,0.5256076455116272,0.6985675692558289,-0.4075089693069458
43,pose,22,-1,0.5221779346466064,0.7353076338768005,-0.36303800344467163
43,pose,23,-1,0.558017373085022,0.7304713129997253,-0.006537406239658594
43,pose,24,-1,0.48101669549942017,0.7270512580871582,0.006831146311014891
43,pose,25,-1,0.5559460520744324,0.9542714357376099,-0.045721061527729034
43,pose,26,-1,0.48492860794067383,0.9650619029998779,-0.038334522396326065
43,pose,27,-1,0.5489123463630676,1.1372283697128296,0.24470125138759613
43,pose,28,-1,0.4787214398384094,1.1631861925125122,0.2180868536233902
43,pose,29,-1,0.5463041067123413,1.1615012884140015,0.2669776678085327
43,pose,30,-1,0.4805043339729309,1.1880937814712524,0.23789794743061066
43,pose,31,-1,0.5536714792251587,1.2155721187591553,0.13514749705791473
43,pose,32,-1,0.47661128640174866,1.2445621490478516,0.07023787498474121
44,pose,0,-1,0.5204451084136963,0.22951219975948334,-0.5787588953971863
44,pose,1,-1,0.5310788154602051,0.20696474611759186,-0.5613985061645508
44,pose,2,-1,0.5352512001991272,0.2078486979007721,-0.5614755153656006
44,pose,3,-1,0.5401204824447632,0.2089015543460846,-0.5615918040275574
44,pose,4,-1,0.5126066207885742,0.2064320147037506,-0.5584885478019714
44,pose,5,-1,0.5066858530044556,0.20691338181495667,-0.5586469173431396
44,pose,6,-1,0.5011686682701111,0.2080165296792984,-0.558856725692749
44,pose,7,-1,0.5477664470672607,0.22337381541728973,-0.4168362021446228
44,pose,8,-1,0.49504610896110535,0.22347918152809143,-0.40582218766212463
44,pose,9,-1,0.5309628844261169,0.2597859799861908,-0.5212474465370178
44,pose,10,-1,0.5094195008277893,0.25992926955223083,-0.5179861187934875
44,pose,11,-1,0.5881596207618713,0.37687408924102783,-0.2979559898376465
44,pose,12,-1,0.4543190002441406,0.37269607186317444,-0.28344428539276123
44,pose,13,-1,0.6140270829200745,0.5925262570381165,-0.25545457005500793
44,pose,14,-1,0.4395539462566376,0.5865654945373535,-0.22860129177570343
44,pose,15,-1,0.5691497921943665,0.7158404588699341,-0.3720133900642395
44,pose,16,-1,0.48110902309417725,0.7524089813232422,-0.3313131332397461
44,pose,17,-1,0.5640520453453064,0.7645874619483948,-0.4161674678325653
44,pose,18,-1,0.48435017466545105,0.8174429535865784,-0.3595450520515442
44,pose,19,-1,0.5509663224220276,0.7540560364723206,-0.42896535992622375
44,pose,20,-1,0.5012834072113037,0.8145415782928467,-0.3855607807636261
44,pose,21,-1,0.5493590235710144,0.7413421273231506,-0.376964271068573
44,pose,22,-1,0.5020354986190796,0.7919710874557495,-0.35090556740760803
44,pose,23,-1,0.5574811100959778,0.7145531177520752,-0.008173251524567604
44,pose,24,-1,0.4794224798679352,0.7097254991531372,0.008391155861318111
44,pose,25,-1,0.5530028939247131,0.877947211265564,-0.24566330015659332
44,pose,26,-1,0.4848855137825012,0.9040011763572693,-0.12441787123680115
44,pose,27,-1,0.544617772102356,0.9879107475280762,-0.011839144863188267
44,pose,28,-1,0.4852157235145569,1.0077236890792847,0.16763433814048767
44,pose,29,-1,0.5437368750572205,1.0019843578338623,0.007119066547602415
44,pose,30,-1,0.48607391119003296,1.0178505182266235,0.19334787130355835
44,pose,31,-1,0.543166995048523,1.0437088012695312,-0.11262784153223038
44,pose,32,-1,0.48645418882369995,1.058021068572998,0.06375832855701447
45,pose,0,-1,0.5201739072799683,0.22944021224975586,-0.6263677477836609
45,pose,1,-1,0.5309996008872986,0.20659558475017548,-0.6091543436050415
45,pose,2,-1,0.5352485179901123,0.20749814808368683,-0.6092208027839661
45,pose,3,-1,0.5400535464286804,0.2085959017276764,-0.609330952167511
45,pose,4,-1,0.5123423933982849,0.2061043381690979,-0.6068944931030273
45,pose,5,-1,0.5064864754676819,0.20654086768627167,-0.6070595383644104
45,pose,6,-1,0.5008978247642517,0.20762880146503448,-0.6072337627410889
45,pose,7,-1,0.5477654933929443,0.22321000695228577,-0.46421781182289124
45,pose,8,-1,0.4950242042541504,0.22276930510997772,-0.4572155773639679
45,pose,9,-1,0.5308040976524353,0.25961264967918396,-0.5691932439804077
45,pose,10,-1,0.5090904235839844,0.2596359848976135,-0.5671390891075134
45,pose,11,-1,0.5881960988044739,0.3768726885318756,-0.33946168422698975
45,pose,12,-1,0.4528120458126068,0.3740154504776001,-0.3360554277896881
45,pose,13,-1,0.6110913157463074,0.5936872363090515,-0.27821484208106995
45,pose,14,-1,0.44059836864471436,0.5866953730583191,-0.2817973494529724
45,pose,15,-1,0.5727378129959106,0.7652202844619751,-0.3709579110145569
45,pose,16,-1,0.47276031970977783,0.7809213995933533,-0.3758654296398163
45,pose,17,-1,0.5739100575447083,0.830733597278595,-0.413099080324173
45,pose,18,-1,0.46988195180892944,0.8469461798667908,-0.4115280210971832
45,pose,19,-1,0.5584688782691956,0.8245224952697754,-0.43868616223335266
45,pose,20,-1,0.4855322241783142,0.8461160063743591,-0.4517405927181244
45,pose,21,-1,0.5544970631599426,0.8016563057899475,-0.3806896507740021
45,pose,22,-1,0.4893931746482849,0.8245388865470886,-0.3928358256816864
45,pose,23,-1,0.5567306280136108,0.6901616454124451,-0.006104210391640663
45,pose,24,-1,0.47832757234573364,0.6895878314971924,0.0062465849332511425
45,pose,25,-1,0.5513347387313843,0.8831325173377991,-0.1514444798231125
45,pose,26,-1,0.4847835302352905,0.9172558188438416,-0.14340534806251526
45,pose,27,-1,0.5413272380828857,1.0521178245544434,0.1323384940624237
45,pose,28,-1,0.4841132164001465,1.0626933574676514,0.17460982501506805
45,pose,29,-1,0.5395452380180359,1.0744729042053223,0.15479663014411926
45,pose,30,-1,0.48377174139022827,1.0766093730926514,0.20248578488826752
45,pose,31,-1,0.5407596230506897,1.1272664070129395,0.03696625307202339
45,pose,32,-1,0.4803331196308136,1.1295065879821777,0.07236180454492569
46,pose,0,-1,0.5201553106307983,0.22764429450035095,-0.5811484456062317
46,pose,1,-1,0.5310055613517761,0.20502476394176483,-0.5638203024864197
46,pose,2,-1,0.5353119373321533,0.20607304573059082,-0.5639079809188843
46,pose,3,-1,0.5401264429092407,0.2074185609817505,-0.5639851093292236
46,pose,4,-1,0.5123170614242554,0.2043403685092926,-0.5619712471961975
46,pose,5,-1,0.5064293742179871,0.20478804409503937,-0.5621527433395386
46,pose,6,-1,0.500790536403656,0.20584070682525635,-0.5623396039009094
46,pose,7,-1,0.547894299030304,0.2224404662847519,-0.4223509132862091
46,pose,8,-1,0.49501878023147583,0.22100046277046204,-0.4159020483493805
46,pose,9,-1,0.5308033227920532,0.257847398519516,-0.5256571769714355
46,pose,10,-1,0.5089367032051086,0.2572826147079468,-0.5239025950431824
46,pose,11,-1,0.5881490707397461,0.37686705589294434,-0.3056846857070923
46,pose,12,-1,0.4522255063056946,0.3743101954460144,-0.2934485375881195
46,pose,13,-1,0.6066069006919861,0.5945237278938293,-0.2534691095352173
46,pose,14,-1,0.44188302755355835,0.5880451202392578,-0.24622687697410583
46,pose,15,-1,0.5747344493865967,0.8018302917480469,-0.35994425415992737
46,pose,16,-1,0.46303707361221313,0.7957468628883362,-0.3531860113143921
46,pose,17,-1,0.5766466856002808,0.8717625737190247,-0.4006648361682892
46,pose,18,-1,0.46072229743003845,0.8537532091140747,-0.3870917558670044
46,pose,19,-1,0.5622159242630005,0.8700494170188904,-0.4192194938659668
46,pose,20,-1,0.4743500053882599,0.8553294539451599,-0.42109909653663635
46,pose,21,-1,0.5565468072891235,0.8414418697357178,-0.36898648738861084
46,pose,22,-1,0.4774126410484314,0.8375987410545349,-0.3653625249862671
46,pose,23,-1,0.5563194155693054,0.6935970187187195,-0.006644693668931723
46,pose,24,-1,0.4787682592868805,0.6940141916275024,0.006713824812322855
46,pose,25,-1,0.5493674874305725,0.9482855796813965,-0.10625509917736053
46,pose,26,-1,0.48515766859054565,0.9481130242347717,-0.07073414325714111
46,pose,27,-1,0.5418122410774231,1.1512629985809326,0.15579825639724731
46,pose,28,-1,0.4838544428348541,1.1814466714859009,0.11583340913057327
46,pose,29,-1,0.5403254628181458,1.1780043840408325,0.17253437638282776
46,pose,30,-1,0.48376554250717163,1.217530369758606,0.12495475262403488
46,pose,31,-1,0.5372301936149597,1.239705204963684,0.024040507152676582
46,pose,32,-1,0.4808644950389862,1.2547403573989868,-0.05688447877764702
47,pose,0,-1,0.5200297236442566,0.22600336372852325,-0.6833624243736267
47,pose,1,-1,0.5309984683990479,0.2038007527589798,-0.6656160354614258
47,pose,2,-1,0.5353223085403442,0.20500633120536804,-0.6656800508499146
47,pose,3,-1,0.5401286482810974,0.20656359195709229,-0.6658015847206116
47,pose,4,-1,0.5122280716896057,0.20271429419517517,-0.662571370601654
47,pose,5,-1,0.5063265562057495,0.2030225694179535,-0.6627793908119202
47,pose,6,-1,0.5006787180900574,0.20396587252616882,-0.6629512906074524
47,pose,7,-1,0.5479166507720947,0.22196465730667114,-0.5121312141418457
47,pose,8,-1,0.4950212240219116,0.2191178947687149,-0.5019751191139221
47,pose,9,-1,0.5307255387306213,0.25619199872016907,-0.6232039332389832
47,pose,10,-1,0.5086658000946045,0.2551114857196808,-0.620354950428009
47,pose,11,-1,0.5881454944610596,0.3770601451396942,-0.3828027546405792
47,pose,12,-1,0.4516955614089966,0.37523430585861206,-0.363521009683609
47,pose,13,-1,0.601776123046875,0.5944637060165405,-0.3053780198097229
47,pose,14,-1,0.4444655776023865,0.5888912677764893,-0.29519888758659363
47,pose,15,-1,0.5858386754989624,0.8227073550224304,-0.3826160132884979
47,pose,16,-1,0.4589879810810089,0.8117180466651917,-0.38610756397247314
47,pose,17,-1,0.5899554491043091,0.8930234909057617,-0.42210835218429565
47,pose,18,-1,0.4598650634288788,0.8731564283370972,-0.4185377359390259
47,pose,19,-1,0.5783831477165222,0.8953439593315125,-0.45833727717399597
47,pose,20,-1,0.47257936000823975,0.8763490915298462,-0.46361908316612244
47,pose,21,-1,0.5725365281105042,0.867242693901062,-0.3968201279640198
47,pose,22,-1,0.47435978055000305,0.8523572087287903,-0.4037087857723236
47,pose,23,-1,0.5563485026359558,0.7022759914398193,-0.009244862012565136
47,pose,24,-1,0.4794161021709442,0.7003857493400574,0.009182014502584934
47,pose,25,-1,0.5512634515762329,0.9581159949302673,-0.09424103796482086
47,pose,26,-1,0.48511478304862976,0.9656819701194763,-0.059197451919317245
47,pose,27,-1,0.5421800017356873,1.1593406200408936,0.20484118163585663
47,pose,28,-1,0.4838058650493622,1.1869431734085083,0.13235633075237274
47,pose,29,-1,0.5419812798500061,1.1854262351989746,0.22684238851070404
47,pose,30,-1,0.4845728576183319,1.2162216901779175,0.12850423157215118
47,pose,31,-1,0.5397258996963501,1.239414095878601,0.0684308186173439
47,pose,32,-1,0.4809403121471405,1.2691529989242554,0.027214771136641502
48,hand,0,0,0.5953845381736755,0.8350406289100647,8.397282158512098e-08
48,hand,1,0,0.5840144157409668,0.8465366363525391,-0.007705873344093561
48,hand,2,0,0.576555609703064,0.8727773427963257,-0.010324489325284958
48,hand,3,0,0.5722646117210388,0.8956217765808105,-0.011493949219584465
48,hand,4,0,0.5674872994422913,0.9072664976119995,-0.012038767337799072
48,hand,5,0,0.5924584865570068,0.8968796730041504,-0.007684171665459871
48,hand,6,0,0.5881511569023132,0.927322506904602,-0.011594424955546856
48,hand,7,0,0.5823694467544556,0.9424654245376587,-0.014226614497601986
48,hand,8,0,0.5779943466186523,0.9515386819839478,-0.015552452765405178
48,hand,9,0,0.5989866852760315,0.89863121509552,-0.0048127127811312675
48,hand,10,0,0.5946853756904602,0.9293626546859741,-0.008405282162129879
48,hand,11,0,0.5897391438484192,0.9445428848266602,-0.010624522343277931
48,hand,12,0,0.585681676864624,0.9548851251602173,-0.01167548168450594
48,hand,13,0,0.6017014384269714,0.8983445763587952,-0.002421746263280511
48,hand,14,0,0.5978112816810608,0.9277520179748535,-0.005409410689026117
48,hand,15,0,0.593355119228363,0.9425666928291321,-0.00636601448059082
48,hand,16,0,0.5890265703201294,0.9528695940971375,-0.006418493576347828
48,hand,17,0,0.6014771461486816,0.896821916103363,-0.000702713499777019
48,hand,18,0,0.597998321056366,0.9214199781417847,-0.0024749974254518747
48,hand,19,0,0.5939446687698364,0.9344679117202759,-0.0024669647682458162
48,hand,20,0,0.5899112820625305,0.9424420595169067,-0.0019497275352478027
48,pose,0,-1,0.5200209617614746,0.22451739013195038,-0.640498161315918
48,pose,1,-1,0.5309943556785583,0.20234361290931702,-0.6195617318153381
48,pose,2,-1,0.5353318452835083,0.20359528064727783,-0.6196510195732117
48,pose,3,-1,0.540134072303772,0.205226868391037,-0.6198068261146545
48,pose,4,-1,0.5122117400169373,0.20118314027786255,-0.616441011428833
48,pose,5,-1,0.5063092112541199,0.20148472487926483,-0.6165695786476135
48,pose,6,-1,0.5006542801856995,0.2025071084499359,-0.6166902780532837
48,pose,7,-1,0.547935426235199,0.22080489993095398,-0.4618965983390808
48,pose,8,-1,0.4950276017189026,0.21787285804748535,-0.451467365026474
48,pose,9,-1,0.5307232737541199,0.25490885972976685,-0.5793241262435913
48,pose,10,-1,0.5086390972137451,0.25389108061790466,-0.5763780474662781
48,pose,11,-1,0.588106095790863,0.3779957890510559,-0.35213354229927063
48,pose,12,-1,0.4513360261917114,0.3758733868598938,-0.3150860071182251
48,pose,13,-1,0.5984262228012085,0.5949913859367371,-0.28592246770858765
48,pose,14,-1,0.44738897681236267,0.5870269536972046,-0.27627629041671753
48,pose,15,-1,0.5936831831932068,0.8303696513175964,-0.38050180673599243
48,pose,16,-1,0.4514831602573395,0.7855928540229797,-0.3424372375011444
48,pose,17,-1,0.6010359525680542,0.8950585126876831,-0.4200478792190552
48,pose,18,-1,0.448851078748703,0.8348461389541626,-0.36993759870529175
48,pose,19,-1,0.588539719581604,0.9005333185195923,-0.4365716576576233
48,pose,20,-1,0.45461738109588623,0.8427180647850037,-0.43288689851760864
48,pose,21,-1,0.582253098487854,0.8730329275131226,-0.38088783621788025
48,pose,22,-1,0.457861065864563,0.8277691602706909,-0.3827466666698456
48,pose,23,-1,0.5549139380455017,0.7045124769210815,-0.012490269728004932
48,pose,24,-1,0.47945377230644226,0.7027221322059631,0.012511661276221275
48,pose,25,-1,0.5490134358406067,0.9460629224777222,-0.11137986183166504
48,pose,26,-1,0.4842776358127594,0.9373858571052551,-0.06637469679117203
48,pose,27,-1,0.5372562408447266,1.1183459758758545,0.22624975442886353
48,pose,28,-1,0.4837970435619354,1.1288433074951172,0.23326478898525238
48,pose,29,-1,0.5379944443702698,1.1417425870895386,0.2533798813819885
48,pose,30,-1,0.4850204288959503,1.1485716104507446,0.2587987184524536
48,pose,31,-1,0.5365977883338928,1.192992091178894,0.12376101315021515
48,pose,32,-1,0.4787333607673645,1.2095187902450562,0.12092422693967819
49,hand,0,0,0.42737680673599243,0.820694625377655,5.182004514381333e-08
49,hand,1,0,0.4386734664440155,0.83951336145401,-0.0032015687320381403
49,hand,2,0,0.44345906376838684,0.8664188981056213,-0.0035104721318930387
49,hand,3,0,0.4445008635520935,0.8885847330093384,-0.0031784994062036276
49,hand,4,0,0.44528475403785706,0.9056259393692017,-0.0022506925743073225
49,hand,5,0,0.43012532591819763,0.8780041337013245,-0.001057690242305398
49,hand,6,0,0.4300362765789032,0.9035966396331787,-0.0024116281419992447
49,hand,7,0,0.43096238374710083,0.920563280582428,-0.0036865239962935448
49,hand,8,0,0.4325225353240967,0.933799684047699,-0.004362813662737608
49,hand,9,0,0.4226542115211487,0.8782150149345398,-0.00021099262812640518
49,hand,10,0,0.42292869091033936,0.9043743014335632,-0.000963376194704324
49,hand,11,0,0.4247981607913971,0.9213393330574036,-0.0019715731032192707
49,hand,12,0,0.4268670082092285,0.9345408082008362,-0.0025802524760365486
49,hand,13,0,0.417803019285202,0.8779304027557373,0.00028156861662864685
49,hand,14,0,0.4180759787559509,0.9025905132293701,-0.0007597415242344141
49,hand,15,0,0.42020273208618164,0.9189868569374084,-0.0013725659810006618
49,hand,16,0,0.4227107763290405,0.9315615296363831,-0.001502229948528111
49,hand,17,0,0.4150548279285431,0.8770266175270081,0.0004914103774353862
49,hand,18,0,0.4152761697769165,0.89887535572052,-0.0002985602186527103
49,hand,19,0,0.41721299290657043,0.9128100872039795,-3.232469316571951e-05
49,hand,20,0,0.41982734203338623,0.9235340356826782,0.0005810726433992386
49,hand,0,1,0.6017144918441772,0.8390942215919495,1.5323286106649903e-07
49,hand,1,1,0.5906524658203125,0.8501702547073364,-0.010345426388084888
49,hand,2,1,0.5836668610572815,0.8753464818000793,-0.014093156903982162
49,hand,3,1,0.5789651274681091,0.8978652358055115,-0.01587960310280323
49,hand,4,1,0.5745757222175598,0.9153534770011902,-0.01694457232952118
49,hand,5,1,0.5994534492492676,0.9009119272232056,-0.009115749970078468
49,hand,6,1,0.5944129228591919,0.932278037071228,-0.013216204009950161
49,hand,7,1,0.5902338027954102,0.9515408277511597,-0.016437821090221405
49,hand,8,1,0.5869187116622925,0.9660987257957458,-0.01816110871732235
49,hand,9,1,0.6052117943763733,0.9011926054954529,-0.004655222874134779
49,hand,10,1,0.6029350161552429,0.9312758445739746,-0.008788520470261574
49,hand,11,1,0.6018903851509094,0.9516677260398865,-0.011518572457134724
49,hand,12,1,0.6011776328086853,0.9683790802955627,-0.012812886387109756
49,hand,13,1,0.606951892375946,0.9003572463989258,-0.0008469506865367293
49,hand,14,1,0.6043645143508911,0.9280482530593872,-0.0040853326208889484
49,hand,15,1,0.6030863523483276,0.946548342704773,-0.004964357707649469
49,hand,16,1,0.601639986038208,0.9622607231140137,-0.004830603953450918
49,hand,17,1,0.6060652136802673,0.8981993198394775,0.0020425794646143913
49,hand,18,1,0.6025936007499695,0.9223828315734863,0.00013210759789217263
49,hand,19,1,0.6010146141052246,0.9380543231964111,0.00017502812261227518
49,hand,20,1,0.5994242429733276,0.9506451487541199,0.0009197574108839035
49,pose,0,-1,0.520017147064209,0.22376064956188202,-0.6172409057617188
49,pose,1,-1,0.5310018062591553,0.2017100304365158,-0.5954777598381042
49,pose,2,-1,0.5353600382804871,0.20300620794296265,-0.5955700278282166
49,pose,3,-1,0.5401630401611328,0.2046717256307602,-0.5957015752792358
49,pose,4,-1,0.5122119188308716,0.20032952725887299,-0.5932190418243408
49,pose,5,-1,0.5063015222549438,0.2005860060453415,-0.593348503112793
49,pose,6,-1,0.5006495714187622,0.20160634815692902,-0.593479335308075
49,pose,7,-1,0.5479389429092407,0.22016502916812897,-0.4382127821445465
49,pose,8,-1,0.4950375556945801,0.21696434915065765,-0.4311051368713379
49,pose,9,-1,0.5307202935218811,0.2540917694568634,-0.5563997626304626
49,pose,10,-1,0.5086210370063782,0.2529893219470978,-0.554495632648468
49,pose,11,-1,0.5879862308502197,0.3803577721118927,-0.32760798931121826
49,pose,12,-1,0.4508346915245056,0.3768601715564728,-0.3017413020133972
49,pose,13,-1,0.5957900285720825,0.5966728329658508,-0.2723759412765503
49,pose,14,-1,0.4482763409614563,0.5897406339645386,-0.2732689082622528
49,pose,15,-1,0.5994108319282532,0.8365092873573303,-0.3494482934474945
49,pose,16,-1,0.43902209401130676,0.8076297044754028,-0.3344821333885193
49,pose,17,-1,0.608230710029602,0.897881031036377,-0.3873276114463806
49,pose,18,-1,0.4333077669143677,0.86301589012146,-0.363300621509552
49,pose,19,-1,0.5945100784301758,0.9029057621955872,-0.43211987614631653
49,pose,20,-1,0.4376698434352875,0.8742486238479614,-0.41828444600105286
49,pose,21,-1,0.5877901315689087,0.8799842000007629,-0.36377671360969543
49,pose,22,-1,0.4412047266960144,0.8503872752189636,-0.3744814693927765
49,pose,23,-1,0.5540122985839844,0.7088361978530884,-0.012725433334708214
49,pose,24,-1,0.47931256890296936,0.7037250399589539,0.012786953710019588
49,pose,25,-1,0.548068642616272,0.9469369649887085,-0.10422694683074951
49,pose,26,-1,0.4843938946723938,0.9447128176689148,-0.07379543781280518
49,pose,27,-1,0.5366746783256531,1.1191728115081787,0.2484932839870453
49,pose,28,-1,0.4834355115890503,1.1305694580078125,0.24048008024692535
49,pose,29,-1,0.5370587110519409,1.1417607069015503,0.2763732969760895
49,pose,30,-1,0.48495855927467346,1.1507620811462402,0.2673519253730774
49,pose,31,-1,0.5370086431503296,1.194854974746704,0.15494480729103088
49,pose,32,-1,0.4752699136734009,1.210015892982483,0.12144604325294495
50,hand,0,0,0.42075106501579285,0.8242071866989136,1.3429583667345923e-08
50,hand,1,0,0.432076632976532,0.839634120464325,-0.005336754955351353
50,hand,2,0,0.43568164110183716,0.8657280206680298,-0.0068579623475670815
50,hand,3,0,0.43575969338417053,0.8889844417572021,-0.007340669631958008
50,hand,4,0,0.43682682514190674,0.9073007106781006,-0.0071840654127299786
50,hand,5,0,0.42082923650741577,0.8824338912963867,-0.004205496050417423
50,hand,6,0,0.4208979308605194,0.9107695817947388,-0.006560219451785088
50,hand,7,0,0.4224663972854614,0.9276980757713318,-0.008380594663321972
50,hand,8,0,0.42450180649757385,0.9400586485862732,-0.009314047172665596
50,hand,9,0,0.4137504994869232,0.8805373907089233,-0.002517613349482417
50,hand,10,0,0.4144725799560547,0.9083632230758667,-0.004143003839999437
50,hand,11,0,0.417113333940506,0.9252534508705139,-0.005309536121785641
50,hand,12,0,0.4202284812927246,0.9370561838150024,-0.0059995646588504314
50,hand,13,0,0.40935736894607544,0.8775578737258911,-0.001343887997791171
50,hand,14,0,0.41030821204185486,0.9038877487182617,-0.0031480533070862293
50,hand,15,0,0.41320791840553284,0.9195849299430847,-0.003830535802990198
50,hand,16,0,0.4165010154247284,0.9306244254112244,-0.003930282779037952
50,hand,17,0,0.4071378707885742,0.8748531341552734,-0.0006304692942649126
50,hand,18,0,0.4079299867153168,0.8978111743927002,-0.0024013437796384096
50,hand,19,0,0.4107111692428589,0.9119130373001099,-0.002756789093837142
50,hand,20,0,0.41432347893714905,0.9220922589302063,-0.0024671468418091536
50,hand,0,1,0.6049717664718628,0.8354400396347046,1.430728531204295e-07
50,hand,1,1,0.5938900709152222,0.846711277961731,-0.009792217053472996
50,hand,2,1,0.587164044380188,0.8726589679718018,-0.013142946176230907
50,hand,3,1,0.5831955075263977,0.8964468240737915,-0.014592920430004597
50,hand,4,1,0.5795568823814392,0.914631187915802,-0.015363526530563831
50,hand,5,1,0.6035813093185425,0.8981418013572693,-0.008373016491532326
50,hand,6,1,0.5975025296211243,0.9292871952056885,-0.011827956885099411
50,hand,7,1,0.5928722023963928,0.9476348757743835,-0.014502945356070995
50,hand,8,1,0.5895347595214844,0.9617076516151428,-0.015970392152667046
50,hand,9,1,0.6085513830184937,0.8980795741081238,-0.0042286766692996025
50,hand,10,1,0.6023672819137573,0.9267323613166809,-0.007552372757345438
50,hand,11,1,0.5974555015563965,0.9443187713623047,-0.009595590643584728
50,hand,12,1,0.5931200981140137,0.9587529301643372,-0.010618466883897781
50,hand,13,1,0.6099706888198853,0.8969143629074097,-0.0007450043922290206
50,hand,14,1,0.6034817099571228,0.922638475894928,-0.003363847266882658
50,hand,15,1,0.5990638732910156,0.9390842914581299,-0.0038593525532633066
50,hand,16,1,0.5946464538574219,0.9525996446609497,-0.0036542455200105906
50,hand,17,1,0.6091529130935669,0.8950101733207703,0.0018123786430805922
50,hand,18,1,0.6037414073944092,0.9183465838432312,0.00011777311010519043
50,hand,19,1,0.6000936031341553,0.932907223701477,0.0001901913055917248
50,hand,20,1,0.5964191555976868,0.944014847278595,0.0008527571335434914
50,pose,0,-1,0.5200688242912292,0.22298619151115417,-0.6075597405433655
50,pose,1,-1,0.5310245752334595,0.20118042826652527,-0.5879179239273071
50,pose,2,-1,0.5354073643684387,0.20246130228042603,-0.5880032181739807
50,pose,3,-1,0.5402257442474365,0.2040761560201645,-0.5881189703941345
50,pose,4,-1,0.5122620463371277,0.19968165457248688,-0.5853577852249146
50,pose,5,-1,0.5063451528549194,0.19988501071929932,-0.5854953527450562
50,pose,6,-1,0.5007103681564331,0.20089974999427795,-0.5856359601020813
50,pose,7,-1,0.5479485392570496,0.21935099363327026,-0.4389408230781555
50,pose,8,-1,0.49510008096694946,0.21627405285835266,-0.43029364943504333
50,pose,9,-1,0.5307518839836121,0.25332722067832947,-0.5497963428497314
50,pose,10,-1,0.5086941123008728,0.25226515531539917,-0.5473970174789429
50,pose,11,-1,0.5879866480827332,0.3819766640663147,-0.3318418562412262
50,pose,12,-1,0.45064401626586914,0.37700754404067993,-0.3066042959690094
50,pose,13,-1,0.5947257280349731,0.5985888242721558,-0.2670952379703522
50,pose,14,-1,0.44846200942993164,0.5922157764434814,-0.2551570236682892
50,pose,15,-1,0.6014453768730164,0.8368077874183655,-0.3438085615634918
50,pose,16,-1,0.4313715994358063,0.8139475584030151,-0.33453959226608276
50,pose,17,-1,0.6089971661567688,0.8992310762405396,-0.38132402300834656
50,pose,18,-1,0.42322102189064026,0.8668655157089233,-0.3637021780014038
50,pose,19,-1,0.5948206782341003,0.9019347429275513,-0.4277750253677368
50,pose,20,-1,0.4286808669567108,0.8728324770927429,-0.4180893003940582
50,pose,21,-1,0.5889937281608582,0.8793441653251648,-0.3601495027542114
50,pose,22,-1,0.43302983045578003,0.8520402312278748,-0.3652849793434143
50,pose,23,-1,0.5537898540496826,0.7171217203140259,-0.013814788311719894
50,pose,24,-1,0.4788828194141388,0.7065063714981079,0.013896445743739605
50,pose,25,-1,0.547520637512207,0.9489499926567078,-0.11927641183137894
50,pose,26,-1,0.48423680663108826,0.9548377990722656,-0.05515454709529877
50,pose,27,-1,0.5363296270370483,1.131672978401184,0.21337853372097015
50,pose,28,-1,0.4821288287639618,1.1437294483184814,0.2329675257205963
50,pose,29,-1,0.536558210849762,1.1560781002044678,0.2381720244884491
50,pose,30,-1,0.4843326508998871,1.1676979064941406,0.2540254294872284
50,pose,31,-1,0.5372156500816345,1.206207513809204,0.11116690933704376
50,pose,32,-1,0.4705362319946289,1.2231427431106567,0.0949346199631691
51,hand,0,0,0.4147413969039917,0.8217486143112183,-4.6268349152001065e-09
51,hand,1,0,0.4270157516002655,0.8360927700996399,-0.007261321879923344
51,hand,2,0,0.43072041869163513,0.8615060448646545,-0.009007995016872883
51,hand,3,0,0.4306377172470093,0.8857311606407166,-0.0089601194486022
51,hand,4,0,0.431885689496994,0.9047393202781677,-0.008057680912315845
51,hand,5,0,0.4144499599933624,0.8810663223266602,-0.00515003502368927
51,hand,6,0,0.41591814160346985,0.909771203994751,-0.005909725558012724
51,hand,7,0,0.4184117317199707,0.9246524572372437,-0.006757468916475773
51,hand,8,0,0.42090553045272827,0.9358541369438171,-0.0071502248756587505
51,hand,9,0,0.40749475359916687,0.879365086555481,-0.001299485331401229
51,hand,10,0,0.4101194143295288,0.9073367118835449,-0.0014769595582038164
51,hand,11,0,0.41396450996398926,0.9224793314933777,-0.0020267667714506388
51,hand,12,0,0.4179445803165436,0.9326396584510803,-0.0024227541871368885
51,hand,13,0,0.4041551649570465,0.876395046710968,0.0020676669664680958
51,hand,14,0,0.4071371257305145,0.9023879170417786,0.001367522869259119
51,hand,15,0,0.4108239412307739,0.9166156649589539,0.0006934481207281351
51,hand,16,0,0.41482141613960266,0.9265206456184387,0.00048519481788389385
51,hand,17,0,0.40297579765319824,0.8742812871932983,0.004928425885736942
51,hand,18,0,0.40543290972709656,0.896862268447876,0.004015705548226833
51,hand,19,0,0.40875861048698425,0.9097564220428467,0.0036299037747085094
51,hand,20,0,0.4125819206237793,0.919006884098053,0.003791016759350896
51,hand,0,1,0.6096633672714233,0.8374635577201843,1.3612257987460907e-07
51,hand,1,1,0.5986627340316772,0.8480410575866699,-0.009410354308784008
51,hand,2,1,0.5914055109024048,0.8721050024032593,-0.012869184836745262
51,hand,3,1,0.5869035720825195,0.895269513130188,-0.014434835873544216
51,hand,4,1,0.5834378004074097,0.9129891395568848,-0.01531959418207407
51,hand,5,1,0.6064798831939697,0.8973474502563477,-0.009120885282754898
51,hand,6,1,0.6004042625427246,0.9266713261604309,-0.012613106518983841
51,hand,7,1,0.5959810614585876,0.9433300495147705,-0.015171987935900688
51,hand,8,1,0.5929457545280457,0.9562467336654663,-0.01657790131866932
51,hand,9,1,0.6114470362663269,0.8980881571769714,-0.005241480190306902
51,hand,10,1,0.6046586632728577,0.9258634448051453,-0.008639171719551086
51,hand,11,1,0.6000181436538696,0.942221999168396,-0.010525839403271675
51,hand,12,1,0.5963261723518372,0.9556707143783569,-0.01151704415678978
51,hand,13,1,0.6131147146224976,0.8973644971847534,-0.001924934913404286
51,hand,14,1,0.6055223345756531,0.9219991564750671,-0.004584794864058495
51,hand,15,1,0.6009936332702637,0.9364544153213501,-0.004928876180201769
51,hand,16,1,0.5968507528305054,0.9483795166015625,-0.004719808232039213
51,hand,17,1,0.612798273563385,0.8955585956573486,0.0005282346974126995
51,hand,18,1,0.6060483455657959,0.9173800349235535,-0.001067817211151123
51,hand,19,1,0.6018052697181702,0.9302740693092346,-0.0008816955960355699
51,hand,20,1,0.5978482961654663,0.9399591684341431,-0.00022846432693768293
51,pose,0,-1,0.5201762318611145,0.22206780314445496,-0.5948140621185303
51,pose,1,-1,0.5311303734779358,0.2004757672548294,-0.5754311084747314
51,pose,2,-1,0.5355292558670044,0.20177552103996277,-0.5755032300949097
51,pose,3,-1,0.5403897166252136,0.2034071534872055,-0.575634777545929
51,pose,4,-1,0.51242595911026,0.19882775843143463,-0.5737475156784058
51,pose,5,-1,0.5064920783042908,0.19894607365131378,-0.5738819241523743
51,pose,6,-1,0.5008798241615295,0.1998780071735382,-0.5740233063697815
51,pose,7,-1,0.5479958057403564,0.21876554191112518,-0.4258931875228882
51,pose,8,-1,0.4952017366886139,0.21526239812374115,-0.4193848967552185
51,pose,9,-1,0.5307916402816772,0.2523992955684662,-0.5360574126243591
51,pose,10,-1,0.508734405040741,0.2513172924518585,-0.5342953205108643
51,pose,11,-1,0.5880253911018372,0.3835534453392029,-0.31764766573905945
51,pose,12,-1,0.45039334893226624,0.3770166039466858,-0.2996577024459839
51,pose,13,-1,0.5937691926956177,0.5992719531059265,-0.25189825892448425
51,pose,14,-1,0.4502153992652893,0.5903716087341309,-0.21159294247627258
51,pose,15,-1,0.6021552681922913,0.8275923132896423,-0.3168655037879944
51,pose,16,-1,0.43020984530448914,0.8025686144828796,-0.3029913902282715
51,pose,17,-1,0.6080685257911682,0.885924220085144,-0.3514637351036072
51,pose,18,-1,0.42219850420951843,0.8522782921791077,-0.33045119047164917
51,pose,19,-1,0.5970016121864319,0.8902059197425842,-0.3897345960140228
51,pose,20,-1,0.425793319940567,0.8578019142150879,-0.3897722363471985
51,pose,21,-1,0.5913861989974976,0.867840051651001,-0.3321384787559509
51,pose,22,-1,0.43086111545562744,0.8378183841705322,-0.32995206117630005
51,pose,23,-1,0.553385853767395,0.7200802564620972,-0.016442811116576195
51,pose,24,-1,0.4780729115009308,0.7076966762542725,0.016592631116509438
51,pose,25,-1,0.5424147844314575,0.9565616250038147,-0.08406209945678711
51,pose,26,-1,0.4805225729942322,0.9548125267028809,-0.05485951155424118
51,pose,27,-1,0.5304474830627441,1.1444066762924194,0.21353843808174133
51,pose,28,-1,0.4723588228225708,1.145198106765747,0.21351605653762817
51,pose,29,-1,0.5284275412559509,1.1702308654785156,0.23636691272258759
51,pose,30,-1,0.4746505618095398,1.173582911491394,0.2306998074054718
51,pose,31,-1,0.5332177877426147,1.220310926437378,0.1008562222123146
51,pose,32,-1,0.45626676082611084,1.2243480682373047,0.05966842174530029
52,hand,0,0,0.4127873182296753,0.8157986402511597,-1.0910040870726334e-08
52,hand,1,0,0.42432793974876404,0.832274854183197,-0.006296346429735422
52,hand,2,0,0.42746859788894653,0.8580915927886963,-0.007615414448082447
52,hand,3,0,0.4279584288597107,0.8815951347351074,-0.00739694107323885
52,hand,4,0,0.42950868606567383,0.8997508883476257,-0.006415825802832842
52,hand,5,0,0.4121178090572357,0.8761885762214661,-0.0039686718955636024
52,hand,6,0,0.41417866945266724,0.9045348167419434,-0.004796226508915424
52,hand,7,0,0.41731908917427063,0.9197482466697693,-0.005838177166879177
52,hand,8,0,0.420428603887558,0.9310137033462524,-0.0063729011453688145
52,hand,9,0,0.40589627623558044,0.8737995028495789,-0.0007225301233120263
52,hand,10,0,0.4087458848953247,0.9019256234169006,-0.0011746225645765662
52,hand,11,0,0.41303789615631104,0.9174889326095581,-0.002090802416205406
52,hand,12,0,0.4174124598503113,0.9281376600265503,-0.0027368557639420033
52,hand,13,0,0.403106153011322,0.8702270984649658,0.002085666870698333
52,hand,14,0,0.4061473608016968,0.8960483074188232,0.0010727227199822664
52,hand,15,0,0.4101201593875885,0.9113197922706604,0.00017591932555660605
52,hand,16,0,0.41416066884994507,0.9217322468757629,-0.00012528027582447976
52,hand,17,0,0.4024403989315033,0.8678292632102966,0.004481459502130747
52,hand,18,0,0.40460267663002014,0.8908678889274597,0.003439045511186123
52,hand,19,0,0.4079277217388153,0.9044821858406067,0.0031884945929050446
52,hand,20,0,0.4116594195365906,0.9135892987251282,0.0034697498194873333
52,hand,0,1,0.6104881167411804,0.8349546194076538,1.3085703187698527e-07
52,hand,1,1,0.600856363773346,0.8460319638252258,-0.00882746558636427
52,hand,2,1,0.5941513180732727,0.869635283946991,-0.011741774156689644
52,hand,3,1,0.5892084240913391,0.8923854231834412,-0.0131267961114645
52,hand,4,1,0.5855428576469421,0.9105701446533203,-0.013813464902341366
52,hand,5,1,0.609555184841156,0.8948046565055847,-0.0057349358685314655
52,hand,6,1,0.6028426885604858,0.9227893948554993,-0.008604169823229313
52,hand,7,1,0.5955401062965393,0.9350919723510742,-0.011066067963838577
52,hand,8,1,0.589602530002594,0.9427188038825989,-0.012426421046257019
52,hand,9,1,0.6127946972846985,0.8943697810173035,-0.0019394680857658386
52,hand,10,1,0.6046640276908875,0.9190794229507446,-0.004570495802909136
52,hand,11,1,0.5972211956977844,0.9299915432929993,-0.006645632442086935
52,hand,12,1,0.59047532081604,0.9373437762260437,-0.007879514247179031
52,hand,13,1,0.6132886409759521,0.8929305672645569,0.0011035855859518051
52,hand,14,1,0.6055111289024353,0.9151936173439026,-0.0009099391172640026
52,hand,15,1,0.5993024110794067,0.9268576502799988,-0.0016265599988400936
52,hand,16,1,0.5931005477905273,0.9353773593902588,-0.0018264491809532046
52,hand,17,1,0.6120274662971497,0.8912107944488525,0.0032677396666258574
52,hand,18,1,0.6060791611671448,0.9116628170013428,0.0018802908016368747
52,hand,19,1,0.6009230613708496,0.9226847290992737,0.0017970534972846508
52,hand,20,1,0.5955438613891602,0.9297505617141724,0.002228744328022003
52,pose,0,-1,0.520304262638092,0.221294566988945,-0.5792732238769531
52,pose,1,-1,0.5313303470611572,0.1999671906232834,-0.5605669617652893
52,pose,2,-1,0.5357567071914673,0.20131643116474152,-0.5606693029403687
52,pose,3,-1,0.5407124757766724,0.20300088822841644,-0.5607599020004272
52,pose,4,-1,0.5126335620880127,0.19809108972549438,-0.5588540434837341
52,pose,5,-1,0.50665682554245,0.1980959177017212,-0.5589560866355896
52,pose,6,-1,0.5010452270507812,0.19892171025276184,-0.5590832233428955
52,pose,7,-1,0.5481785535812378,0.21852917969226837,-0.4148288667201996
52,pose,8,-1,0.4953192174434662,0.21429897844791412,-0.41062915325164795
52,pose,9,-1,0.5308617353439331,0.25182536244392395,-0.52287757396698
52,pose,10,-1,0.5087510943412781,0.25047239661216736,-0.5215921401977539
52,pose,11,-1,0.5881423950195312,0.3852837383747101,-0.3137322962284088
52,pose,12,-1,0.450041800737381,0.3770216405391693,-0.2852100729942322
52,pose,13,-1,0.5936967134475708,0.5993675589561462,-0.22876304388046265
52,pose,14,-1,0.45085838437080383,0.5860133171081543,-0.20104055106639862
52,pose,15,-1,0.6043201088905334,0.823802649974823,-0.30407002568244934
52,pose,16,-1,0.4299282431602478,0.7908568978309631,-0.2986883819103241
52,pose,17,-1,0.6092121601104736,0.8805927634239197,-0.3400912880897522
52,pose,18,-1,0.4217554032802582,0.8412213325500488,-0.32717686891555786
52,pose,19,-1,0.599096953868866,0.8881995677947998,-0.37656649947166443
52,pose,20,-1,0.42371857166290283,0.8485314846038818,-0.3842955529689789
52,pose,21,-1,0.5942098498344421,0.8664641380310059,-0.31927454471588135
52,pose,22,-1,0.429536908864975,0.8283121585845947,-0.3235568702220917
52,pose,23,-1,0.5528495907783508,0.7241995930671692,-0.016086453571915627
52,pose,24,-1,0.4769875407218933,0.7084781527519226,0.01625662110745907
52,pose,25,-1,0.5415807962417603,0.9561143517494202,-0.057065412402153015
52,pose,26,-1,0.4777250587940216,0.9549553990364075,-0.018543856218457222
52,pose,27,-1,0.5293265581130981,1.1546133756637573,0.23595407605171204
52,pose,28,-1,0.4699609875679016,1.1470369100570679,0.2389819324016571
52,pose,29,-1,0.5262874960899353,1.180984616279602,0.2558070123195648
52,pose,30,-1,0.4721933901309967,1.1764940023422241,0.2564777731895447
52,pose,31,-1,0.5335458517074585,1.2316467761993408,0.11407384276390076
52,pose,32,-1,0.45667609572410583,1.2262157201766968,0.08019018173217773
53,hand,0,0,0.4109579026699066,0.8131656646728516,-4.619444382569782e-09
53,hand,1,0,0.42252397537231445,0.8288133144378662,-0.007517398800700903
53,hand,2,0,0.42618340253829956,0.8539780974388123,-0.009306882508099079
53,hand,3,0,0.42720168828964233,0.8775950074195862,-0.009166902862489223
53,hand,4,0,0.42861634492874146,0.8962147831916809,-0.008177300915122032
53,hand,5,0,0.4107551574707031,0.8733806610107422,-0.005351488012820482
53,hand,6,0,0.4139192998409271,0.9027606844902039,-0.005701336078345776
53,hand,7,0,0.4181220531463623,0.9171686768531799,-0.0063719311729073524
53,hand,8,0,0.42173224687576294,0.9282844066619873,-0.006738557480275631
53,hand,9,0,0.40489232540130615,0.8714144825935364,-0.001093651750124991
53,hand,10,0,0.4087587893009186,0.8998212218284607,-0.0012717435602098703
53,hand,11,0,0.41414666175842285,0.9145232439041138,-0.002045674482360482
53,hand,12,0,0.41904300451278687,0.9244323372840881,-0.002630780450999737
53,hand,13,0,0.4027828574180603,0.8680475354194641,0.0027529785875231028
53,hand,14,0,0.40689611434936523,0.8938326835632324,0.001995732542127371
53,hand,15,0,0.41192129254341125,0.9082185626029968,0.0010530519066378474
53,hand,16,0,0.4164956212043762,0.91801518201828,0.0006624169764108956
53,hand,17,0,0.4026414453983307,0.8661601543426514,0.006147891283035278
53,hand,18,0,0.40567097067832947,0.8891066908836365,0.005206986330449581
53,hand,19,0,0.4098508059978485,0.9022520184516907,0.004835215862840414
53,hand,20,0,0.4139886498451233,0.9110102653503418,0.004991666413843632
53,hand,0,1,0.6117673516273499,0.8331573605537415,1.262553155356727e-07
53,hand,1,1,0.6019553542137146,0.8442915678024292,-0.00975187961012125
53,hand,2,1,0.5957460403442383,0.8687410354614258,-0.012626880779862404
53,hand,3,1,0.5911889672279358,0.8915286064147949,-0.013587985187768936
53,hand,4,1,0.5863957405090332,0.9086201786994934,-0.013845497742295265
53,hand,5,1,0.6100335121154785,0.8913407921791077,-0.007061168551445007
53,hand,6,1,0.6024949550628662,0.9193822145462036,-0.009493771009147167
53,hand,7,1,0.5960745215415955,0.932197630405426,-0.011245871894061565
53,hand,8,1,0.5911189913749695,0.9410558938980103,-0.012077301740646362
53,hand,9,1,0.6131997108459473,0.8908653855323792,-0.0023018517531454563
53,hand,10,1,0.6050460338592529,0.9156264066696167,-0.004779469687491655
53,hand,11,1,0.5982030034065247,0.925495982170105,-0.006317266263067722
53,hand,12,1,0.5921546816825867,0.9322723746299744,-0.0069757797755301
53,hand,13,1,0.6134686470031738,0.8887389302253723,0.001723935711197555
53,hand,14,1,0.6054562330245972,0.9103664755821228,-0.0005656508728861809
53,hand,15,1,0.599395751953125,0.9197381734848022,-0.0015222954098135233
53,hand,16,1,0.5935340523719788,0.9260637164115906,-0.001680659712292254
53,hand,17,1,0.6119157075881958,0.8862726092338562,0.00491598853841424
53,hand,18,1,0.6055552959442139,0.9048826694488525,0.003030759748071432
53,hand,19,1,0.6000595092773438,0.9135692715644836,0.0024033477529883385
53,hand,20,1,0.5946274399757385,0.9188797473907471,0.0025846753269433975
53,pose,0,-1,0.5204507112503052,0.22114326059818268,-0.5701082348823547
53,pose,1,-1,0.5315511226654053,0.19973817467689514,-0.5533924698829651
53,pose,2,-1,0.536013662815094,0.2010461688041687,-0.5534886717796326
53,pose,3,-1,0.5410888195037842,0.2027014195919037,-0.5535561442375183
53,pose,4,-1,0.5128031373023987,0.19791892170906067,-0.5517736673355103
53,pose,5,-1,0.506795346736908,0.1979476660490036,-0.5518938899040222
53,pose,6,-1,0.5011770129203796,0.1988058090209961,-0.5520445108413696
53,pose,7,-1,0.5484651923179626,0.21828919649124146,-0.41441529989242554
53,pose,8,-1,0.4954317808151245,0.21416737139225006,-0.4085847735404968
53,pose,9,-1,0.5310454368591309,0.25175634026527405,-0.5159856081008911
53,pose,10,-1,0.5088714361190796,0.25045087933540344,-0.5147286057472229
53,pose,11,-1,0.5883826017379761,0.385262668132782,-0.30999746918678284
53,pose,12,-1,0.4499567449092865,0.376897931098938,-0.28328198194503784
53,pose,13,-1,0.5943858623504639,0.5984765887260437,-0.22078882157802582
53,pose,14,-1,0.450638085603714,0.5853108167648315,-0.20774716138839722
53,pose,15,-1,0.6053086519241333,0.8143527507781982,-0.29732924699783325
53,pose,16,-1,0.4238327443599701,0.7912747263908386,-0.3064369559288025
53,pose,17,-1,0.6077814102172852,0.8698841333389282,-0.33120039105415344
53,pose,18,-1,0.4148966372013092,0.8435013294219971,-0.33511167764663696
53,pose,19,-1,0.5989351272583008,0.8760380148887634,-0.36677268147468567
53,pose,20,-1,0.4177538752555847,0.8502135872840881,-0.38636502623558044
53,pose,21,-1,0.5953987836837769,0.8536444306373596,-0.3124483525753021
53,pose,22,-1,0.42326030135154724,0.8307972550392151,-0.32840195298194885
53,pose,23,-1,0.5527876019477844,0.7244343757629395,-0.013482418842613697
53,pose,24,-1,0.47628042101860046,0.7091898322105408,0.013639422133564949
53,pose,25,-1,0.5414956212043762,0.96611088514328,-0.03598431125283241
53,pose,26,-1,0.4767037630081177,0.9555466175079346,-0.004119595047086477
53,pose,27,-1,0.5305582880973816,1.156917929649353,0.2670612633228302
53,pose,28,-1,0.46958398818969727,1.1482595205307007,0.2514135539531708
53,pose,29,-1,0.5275581479072571,1.1823188066482544,0.28820478916168213
53,pose,30,-1,0.4712541401386261,1.1766859292984009,0.2701226770877838
53,pose,31,-1,0.5342156887054443,1.236053705215454,0.15386778116226196
53,pose,32,-1,0.45922741293907166,1.2266755104064941,0.10445845127105713
54,hand,0,0,0.41060683131217957,0.8126161098480225,-5.2832831443083705e-09
54,hand,1,0,0.4222392141819,0.8293027281761169,-0.007396477274596691
54,hand,2,0,0.4260231554508209,0.8547796607017517,-0.008772372268140316
54,hand,3,0,0.42707347869873047,0.8778654336929321,-0.008173298090696335
54,hand,4,0,0.42805391550064087,0.8956578373908997,-0.006681423168629408
54,hand,5,0,0.40979626774787903,0.8721899390220642,-0.004699743818491697
54,hand,6,0,0.4135911464691162,0.9012616276741028,-0.00454728165641427
54,hand,7,0,0.4179403781890869,0.915520191192627,-0.004872857127338648
54,hand,8,0,0.4216209053993225,0.9264592528343201,-0.005060192663222551
54,hand,9,0,0.40464329719543457,0.8706626296043396,-0.00022984029783401638
54,hand,10,0,0.40905168652534485,0.8983480930328369,-0.0001018206967273727
54,hand,11,0,0.4146007001399994,0.9127194285392761,-0.0007679143454879522
54,hand,12,0,0.4198422431945801,0.9225946068763733,-0.0013080360367894173
54,hand,13,0,0.40317898988723755,0.8677652478218079,0.003820018609985709
54,hand,14,0,0.4077131450176239,0.8925707340240479,0.0032772445119917393
54,hand,15,0,0.41273120045661926,0.9063506126403809,0.002152098575606942
54,hand,16,0,0.41755494475364685,0.9160071015357971,0.0015918584540486336
54,hand,17,0,0.40366220474243164,0.8664219975471497,0.007437678053975105
54,hand,18,0,0.40685519576072693,0.8879451751708984,0.006622668355703354
54,hand,19,0,0.4111192226409912,0.9002591371536255,0.006069177761673927
54,hand,20,0,0.4155794680118561,0.9088603258132935,0.006049931515008211
54,hand,0,1,0.6119744181632996,0.8321834206581116,1.413307586517476e-07
54,hand,1,1,0.6024982333183289,0.8422280550003052,-0.011306694708764553
54,hand,2,1,0.5961111783981323,0.866549015045166,-0.014964578673243523
54,hand,3,1,0.5916131138801575,0.8897005319595337,-0.016281355172395706
54,hand,4,1,0.5873832106590271,0.9081140756607056,-0.01696130819618702
54,hand,5,1,0.6089931130409241,0.8881080746650696,-0.010086062364280224
54,hand,6,1,0.6016109585762024,0.9163448214530945,-0.013867273926734924
54,hand,7,1,0.5957560539245605,0.9326269626617432,-0.016519824042916298
54,hand,8,1,0.5912330746650696,0.9448439478874207,-0.017848249524831772
54,hand,9,1,0.6115585565567017,0.88872891664505,-0.004794417414814234
54,hand,10,1,0.6038962602615356,0.9155727028846741,-0.00845161359757185
54,hand,11,1,0.5979083776473999,0.9306500554084778,-0.010537787340581417
54,hand,12,1,0.5925752520561218,0.942661702632904,-0.011527546681463718
54,hand,13,1,0.6114292740821838,0.8876250982284546,-0.0002792714803945273
54,hand,14,1,0.6038909554481506,0.9108391404151917,-0.0033220574259757996
54,hand,15,1,0.598450779914856,0.9250941276550293,-0.004468138329684734
54,hand,16,1,0.5931695103645325,0.9368144273757935,-0.004687290173023939
54,hand,17,1,0.6098797917366028,0.8857278823852539,0.003284778678789735
54,hand,18,1,0.6037905216217041,0.9061427116394043,0.0011279536411166191
54,hand,19,1,0.5989524126052856,0.918307363986969,0.0004002743517048657
54,hand,20,1,0.5941194891929626,0.9274002313613892,0.00044404648360796273
54,pose,0,-1,0.520896315574646,0.2204769253730774,-0.5858581066131592
54,pose,1,-1,0.5319075584411621,0.19936835765838623,-0.569508969783783
54,pose,2,-1,0.5363745093345642,0.20067797601222992,-0.5695886611938477
54,pose,3,-1,0.5415651798248291,0.20233391225337982,-0.5696781277656555
54,pose,4,-1,0.513135552406311,0.19743143022060394,-0.5678344368934631
54,pose,5,-1,0.5070633292198181,0.19743411242961884,-0.5679808259010315
54,pose,6,-1,0.5014244318008423,0.1983065903186798,-0.568141520023346
54,pose,7,-1,0.5487096309661865,0.2180509865283966,-0.42992642521858215
54,pose,8,-1,0.4955267012119293,0.21390151977539062,-0.42475220561027527
54,pose,9,-1,0.5314099788665771,0.25123509764671326,-0.5315350890159607
54,pose,10,-1,0.5091047883033752,0.2499256581068039,-0.53011554479599
54,pose,11,-1,0.5886258482933044,0.3853263556957245,-0.3168644309043884
54,pose,12,-1,0.4497653543949127,0.3769209086894989,-0.30404701828956604
54,pose,13,-1,0.5947380065917969,0.5985352993011475,-0.22461949288845062
54,pose,14,-1,0.449676513671875,0.5869618654251099,-0.23354102671146393
54,pose,15,-1,0.6055444478988647,0.8161527514457703,-0.3091413080692291
54,pose,16,-1,0.4207581579685211,0.7976804375648499,-0.32321611046791077
54,pose,17,-1,0.606390118598938,0.8701621294021606,-0.34450918436050415
54,pose,18,-1,0.41112184524536133,0.8484501838684082,-0.35040178894996643
54,pose,19,-1,0.5982113480567932,0.8753997683525085,-0.37614548206329346
54,pose,20,-1,0.41501861810684204,0.855018138885498,-0.4066378176212311
54,pose,21,-1,0.5948933362960815,0.8527906537055969,-0.32221803069114685
54,pose,22,-1,0.42045438289642334,0.836992084980011,-0.3472534716129303
54,pose,23,-1,0.5528189539909363,0.7251558899879456,-0.011882550083100796
54,pose,24,-1,0.47575873136520386,0.7112513780593872,0.01199977658689022
54,pose,25,-1,0.5419675707817078,0.9757019281387329,-0.0478845052421093
54,pose,26,-1,0.4768664240837097,0.9603118896484375,-0.0031741238199174404
54,pose,27,-1,0.5314469933509827,1.1664737462997437,0.26665911078453064
54,pose,28,-1,0.4703778624534607,1.1559529304504395,0.25587743520736694
54,pose,29,-1,0.528847873210907,1.1914074420928955,0.28941619396209717
54,pose,30,-1,0.471914678812027,1.1824405193328857,0.2754971385002136
54,pose,31,-1,0.5344440937042236,1.247277021408081,0.15442253649234772
54,pose,32,-1,0.4601804316043854,1.2391517162322998,0.11166097968816757
55,hand,0,0,0.4104573726654053,0.8121352791786194,-3.252898617134292e-09
55,hand,1,0,0.4214564561843872,0.8280187249183655,-0.007863672450184822
55,hand,2,0,0.4255201816558838,0.8533597588539124,-0.009538299404084682
55,hand,3,0,0.42690688371658325,0.8771411180496216,-0.009202571585774422
55,hand,4,0,0.4278237819671631,0.8953770995140076,-0.00789751298725605
55,hand,5,0,0.40973183512687683,0.8715075850486755,-0.005210393108427525
55,hand,6,0,0.41395071148872375,0.9010457396507263,-0.005628151353448629
55,hand,7,0,0.4185919165611267,0.9158215522766113,-0.00629029143601656
55,hand,8,0,0.42250990867614746,0.9269366264343262,-0.006667716428637505
55,hand,9,0,0.40495219826698303,0.8703309893608093,-0.0007253431831486523
55,hand,10,0,0.4098469614982605,0.8981411457061768,-0.0011659557931125164
55,hand,11,0,0.41537997126579285,0.9132772088050842,-0.002072797156870365
55,hand,12,0,0.42075517773628235,0.9239144921302795,-0.0027141610626131296
55,hand,13,0,0.40369462966918945,0.8677017092704773,0.0032576194498687983
55,hand,14,0,0.40866973996162415,0.8926401138305664,0.0022108678240329027
55,hand,15,0,0.41364896297454834,0.9073682427406311,0.0009479336440563202
55,hand,16,0,0.41862255334854126,0.9178977608680725,0.0003786375164054334
55,hand,17,0,0.40415146946907043,0.8664605021476746,0.006749800406396389
55,hand,18,0,0.40757691860198975,0.8882380723953247,0.005437289364635944
55,hand,19,0,0.4118696451187134,0.9010587334632874,0.0046559832990169525
55,hand,20,0,0.41631126403808594,0.9102883338928223,0.004551129415631294
55,hand,0,1,0.612037718296051,0.8328776359558105,1.5631485439371318e-07
55,hand,1,1,0.6030978560447693,0.8421513438224792,-0.01177221443504095
55,hand,2,1,0.5965104699134827,0.86589515209198,-0.015385027043521404
55,hand,3,1,0.5914710760116577,0.8882876634597778,-0.016552887856960297
55,hand,4,1,0.5872187614440918,0.906398355960846,-0.017107898369431496
55,hand,5,1,0.6080635190010071,0.8885579109191895,-0.010310241021215916
55,hand,6,1,0.6005580425262451,0.9158785343170166,-0.014477069489657879
55,hand,7,1,0.5944240093231201,0.9330046772956848,-0.017637839540839195
55,hand,8,1,0.5895878076553345,0.9461871385574341,-0.019219042733311653
55,hand,9,1,0.6104512214660645,0.8897393941879272,-0.004865262657403946
55,hand,10,1,0.603303849697113,0.9174445867538452,-0.008790506049990654
55,hand,11,1,0.5980420112609863,0.9369689226150513,-0.011608482338488102
55,hand,12,1,0.5933340191841125,0.95377117395401,-0.013153745792806149
55,hand,13,1,0.6102643013000488,0.8889449834823608,-0.00023415047326125205
55,hand,14,1,0.6029714941978455,0.9121497273445129,-0.0036070114001631737
55,hand,15,1,0.5974346399307251,0.927429735660553,-0.00570419616997242
55,hand,16,1,0.5921092629432678,0.939645528793335,-0.006510146893560886
55,hand,17,1,0.6087249517440796,0.8869295716285706,0.003422538749873638
55,hand,18,1,0.6026263236999512,0.906810998916626,0.0008730587433092296
55,hand,19,1,0.5978834629058838,0.9191573262214661,-0.00047198368702083826
55,hand,20,1,0.5931640863418579,0.9283199310302734,-0.0008321167551912367
55,pose,0,-1,0.521324872970581,0.22037959098815918,-0.5878135561943054
55,pose,1,-1,0.5322160720825195,0.19934150576591492,-0.5711821913719177
55,pose,2,-1,0.5366659760475159,0.20063930749893188,-0.5712575316429138
55,pose,3,-1,0.5419327616691589,0.2022790014743805,-0.571342408657074
55,pose,4,-1,0.5134799480438232,0.19740067422389984,-0.5697189569473267
55,pose,5,-1,0.5073555111885071,0.19739969074726105,-0.5698719620704651
55,pose,6,-1,0.5017150044441223,0.19828377664089203,-0.5700333118438721
55,pose,7,-1,0.5489118695259094,0.21796822547912598,-0.4300829768180847
55,pose,8,-1,0.49565932154655457,0.21390573680400848,-0.42653700709342957
55,pose,9,-1,0.5317899584770203,0.2511512339115143,-0.532836377620697
55,pose,10,-1,0.5094460844993591,0.2498568445444107,-0.5317929983139038
55,pose,11,-1,0.5887382626533508,0.38528504967689514,-0.3152165412902832
55,pose,12,-1,0.4496499300003052,0.3769303858280182,-0.30568772554397583
55,pose,13,-1,0.595029890537262,0.5980029702186584,-0.2279295027256012
55,pose,14,-1,0.4482618272304535,0.5879036784172058,-0.23615947365760803
55,pose,15,-1,0.6066552996635437,0.8140615820884705,-0.3094930648803711
55,pose,16,-1,0.4203886389732361,0.8011268377304077,-0.3249318301677704
55,pose,17,-1,0.6072729825973511,0.8674094676971436,-0.34405630826950073
55,pose,18,-1,0.4113443195819855,0.8524162173271179,-0.3516271412372589
55,pose,19,-1,0.5995147228240967,0.8720305562019348,-0.37825965881347656
55,pose,20,-1,0.4156523644924164,0.8588104844093323,-0.4071660041809082
55,pose,21,-1,0.5962852239608765,0.8493711948394775,-0.32385939359664917
55,pose,22,-1,0.420818030834198,0.8401146531105042,-0.3484554588794708
55,pose,23,-1,0.5528600215911865,0.7259640693664551,-0.010252047330141068
55,pose,24,-1,0.4756258428096771,0.7137146592140198,0.010354559868574142
55,pose,25,-1,0.5422710180282593,0.9766535758972168,-0.044944245368242264
55,pose,26,-1,0.47704461216926575,0.960947573184967,0.002796002198010683
55,pose,27,-1,0.5325149893760681,1.1642608642578125,0.28460273146629333
55,pose,28,-1,0.47044119238853455,1.1556285619735718,0.2724419832229614
55,pose,29,-1,0.5293319821357727,1.1889736652374268,0.3092169463634491
55,pose,30,-1,0.47221463918685913,1.180922031402588,0.29358381032943726
55,pose,31,-1,0.5363274812698364,1.2448190450668335,0.1791248768568039
55,pose,32,-1,0.4643678665161133,1.2391141653060913,0.13510863482952118
56,hand,0,0,0.41141578555107117,0.8124960064888,-3.517305335876131e-09
56,hand,1,0,0.42251086235046387,0.8288100957870483,-0.007959891110658646
56,hand,2,0,0.4264537990093231,0.8546031713485718,-0.009777654893696308
56,hand,3,0,0.42772236466407776,0.8781028985977173,-0.009519524872303009
56,hand,4,0,0.42880141735076904,0.8961986303329468,-0.008383960463106632
56,hand,5,0,0.41011539101600647,0.8717235326766968,-0.006409245543181896
56,hand,6,0,0.4145098328590393,0.9019261598587036,-0.006902212277054787
56,hand,7,0,0.4194260537624359,0.9168801307678223,-0.007577287964522839
56,hand,8,0,0.42369067668914795,0.9282735586166382,-0.007977115921676159
56,hand,9,0,0.40533357858657837,0.8708691000938416,-0.0018441487336531281
56,hand,10,0,0.4103149175643921,0.8989522457122803,-0.002317433711141348
56,hand,11,0,0.41627317667007446,0.9140127301216125,-0.003204537555575371
56,hand,12,0,0.42202845215797424,0.924318790435791,-0.0038824838120490313
56,hand,13,0,0.4041430354118347,0.8683972358703613,0.002340676262974739
56,hand,14,0,0.40914279222488403,0.8936396241188049,0.001322688302025199
56,hand,15,0,0.41447487473487854,0.9079633355140686,0.00013985628902446479
56,hand,16,0,0.4196944832801819,0.9180120825767517,-0.0004373156698420644
56,hand,17,0,0.4048173427581787,0.8672890663146973,0.006060943938791752
56,hand,18,0,0.4083799719810486,0.8890188932418823,0.004744489677250385
56,hand,19,0,0.4129658043384552,0.9015659689903259,0.004040395375341177
56,hand,20,0,0.41754648089408875,0.9105014204978943,0.003958257380872965
56,hand,0,1,0.6117973923683167,0.8334438800811768,1.475163315944883e-07
56,hand,1,1,0.6022703051567078,0.8430114984512329,-0.01063509937375784
56,hand,2,1,0.595608115196228,0.866105318069458,-0.013969510793685913
56,hand,3,1,0.5907984375953674,0.8884987831115723,-0.015156936831772327
56,hand,4,1,0.5869902968406677,0.9066442251205444,-0.015750061720609665
56,hand,5,1,0.6074209809303284,0.8887414336204529,-0.009259413927793503
56,hand,6,1,0.598842978477478,0.9165801405906677,-0.012998083606362343
56,hand,7,1,0.5924587845802307,0.9330037236213684,-0.015686940401792526
56,hand,8,1,0.5874321460723877,0.9455757141113281,-0.017011912539601326
56,hand,9,1,0.6101073622703552,0.8898100852966309,-0.004346742294728756
56,hand,10,1,0.6013612747192383,0.9158239960670471,-0.0080339927226305
56,hand,11,1,0.5947743654251099,0.9316459894180298,-0.010308879427611828
56,hand,12,1,0.5889167785644531,0.9444712400436401,-0.011410470120608807
56,hand,13,1,0.6101070046424866,0.8891754746437073,-0.000174187240190804
56,hand,14,1,0.6018567681312561,0.9121868014335632,-0.003311841282993555
56,hand,15,1,0.5957298278808594,0.9269263744354248,-0.004779585637152195
56,hand,16,1,0.5899267792701721,0.9387533664703369,-0.005198027938604355
56,hand,17,1,0.608601450920105,0.8879004716873169,0.0030991332605481148
56,hand,18,1,0.6020281910896301,0.9078845977783203,0.0006986150983721018
56,hand,19,1,0.5968298316001892,0.9201504588127136,-0.00027435232186689973
56,hand,20,1,0.5916979908943176,0.9292742609977722,-0.0003537725133355707
56,pose,0,-1,0.5216042995452881,0.22040164470672607,-0.5853530764579773
56,pose,1,-1,0.5325028896331787,0.19938017427921295,-0.5682599544525146
56,pose,2,-1,0.5369470715522766,0.20067349076271057,-0.5683366656303406
56,pose,3,-1,0.5422527194023132,0.20230646431446075,-0.5684247612953186
56,pose,4,-1,0.5138193964958191,0.19741393625736237,-0.5665605068206787
56,pose,5,-1,0.5076698660850525,0.19741962850093842,-0.5667089819908142
56,pose,6,-1,0.5020378232002258,0.19830623269081116,-0.5668660402297974
56,pose,7,-1,0.5490694642066956,0.21796466410160065,-0.42582035064697266
56,pose,8,-1,0.4958261549472809,0.2139241248369217,-0.4209352433681488
56,pose,9,-1,0.5320112109184265,0.251166433095932,-0.5298557281494141
56,pose,10,-1,0.5096486806869507,0.2498818039894104,-0.5284945368766785
56,pose,11,-1,0.5887523293495178,0.38507023453712463,-0.3124401867389679
56,pose,12,-1,0.4496394097805023,0.37693318724632263,-0.29938849806785583
56,pose,13,-1,0.5952460169792175,0.5977473855018616,-0.22981087863445282
56,pose,14,-1,0.44819650053977966,0.5880147218704224,-0.23490317165851593
56,pose,15,-1,0.6069591045379639,0.8142973780632019,-0.30974695086479187
56,pose,16,-1,0.4236083924770355,0.8041908144950867,-0.32453134655952454
56,pose,17,-1,0.6069541573524475,0.86843341588974,-0.3445438742637634
56,pose,18,-1,0.41586431860923767,0.8526957631111145,-0.3515990078449249
56,pose,19,-1,0.5992662310600281,0.873184084892273,-0.3791559338569641
56,pose,20,-1,0.42005303502082825,0.8603969216346741,-0.4059731364250183
56,pose,21,-1,0.5963904857635498,0.8504221439361572,-0.32438474893569946
56,pose,22,-1,0.4248126149177551,0.8409889340400696,-0.3480362296104431
56,pose,23,-1,0.553094208240509,0.7259810566902161,-0.010016709566116333
56,pose,24,-1,0.47564932703971863,0.7143875956535339,0.010134970769286156
56,pose,25,-1,0.5437172055244446,0.9694404602050781,-0.060515452176332474
56,pose,26,-1,0.4777733087539673,0.9617127776145935,-0.0027502772863954306
56,pose,27,-1,0.5330384969711304,1.163020372390747,0.2683296799659729
56,pose,28,-1,0.47094476222991943,1.1555453538894653,0.26418089866638184
56,pose,29,-1,0.5294209718704224,1.1880192756652832,0.29138579964637756
56,pose,30,-1,0.47229301929473877,1.1805135011672974,0.2852347195148468
56,pose,31,-1,0.536921501159668,1.2433054447174072,0.15949073433876038
56,pose,32,-1,0.46630963683128357,1.238832950592041,0.12861710786819458
57,hand,0,0,0.413007915019989,0.8156245946884155,-3.6863287977695336e-09
57,hand,1,0,0.42419669032096863,0.8315953016281128,-0.007162274327129126
57,hand,2,0,0.4277400076389313,0.8566393852233887,-0.008595568127930164
57,hand,3,0,0.4289248585700989,0.879515528678894,-0.008133197203278542
57,hand,4,0,0.43008092045783997,0.897408664226532,-0.006807372905313969
57,hand,5,0,0.41285207867622375,0.8753523230552673,-0.004614570643752813
57,hand,6,0,0.4168979525566101,0.9041534066200256,-0.005095071624964476
57,hand,7,0,0.4213889241218567,0.9188379645347595,-0.0058786277659237385
57,hand,8,0,0.42542460560798645,0.9296345710754395,-0.006248209625482559
57,hand,9,0,0.40766793489456177,0.8738057017326355,-0.0004484816163312644
57,hand,10,0,0.41223230957984924,0.901574969291687,-0.0006957665318623185
57,hand,11,0,0.41747745871543884,0.9162874817848206,-0.0015669481363147497
57,hand,12,0,0.42279917001724243,0.9262675642967224,-0.0021873600780963898
57,hand,13,0,0.4058055579662323,0.870850145816803,0.0032621261198073626
57,hand,14,0,0.410331666469574,0.8958919048309326,0.0023982857819646597
57,hand,15,0,0.41518741846084595,0.9099257588386536,0.001250561559572816
57,hand,16,0,0.42010802030563354,0.9194779992103577,0.0007664714357815683
57,hand,17,0,0.4058138132095337,0.8691849708557129,0.006556030362844467
57,hand,18,0,0.40931937098503113,0.8914299011230469,0.005477916914969683
57,hand,19,0,0.4135078191757202,0.9039595723152161,0.004939809907227755
57,hand,20,0,0.41779881715774536,0.9124869108200073,0.005029018968343735
57,hand,0,1,0.6104136109352112,0.8342718482017517,1.3379275287661585e-07
57,hand,1,1,0.6009204983711243,0.843184232711792,-0.009353145025670528
57,hand,2,1,0.5941373109817505,0.8677746653556824,-0.011881938204169273
57,hand,3,1,0.5894971489906311,0.8905315399169922,-0.012459168210625648
57,hand,4,1,0.58603835105896,0.9089223742485046,-0.012359156273305416
57,hand,5,1,0.6067515015602112,0.8897852897644043,-0.007613401859998703
57,hand,6,1,0.5987951755523682,0.9174413681030273,-0.010440366342663765
57,hand,7,1,0.5917342901229858,0.9312832355499268,-0.012381156906485558
57,hand,8,1,0.5861198902130127,0.9404589533805847,-0.01320668775588274
57,hand,9,1,0.6099749207496643,0.8903365731239319,-0.0030229315161705017
57,hand,10,1,0.6016530990600586,0.9150910973548889,-0.005753668490797281
57,hand,11,1,0.5945813059806824,0.9275717735290527,-0.0073103834874928
57,hand,12,1,0.588325560092926,0.9366534352302551,-0.007959150709211826
57,hand,13,1,0.6103562712669373,0.8894125819206238,0.0009406459867022932
57,hand,14,1,0.6025679111480713,0.9114973545074463,-0.0012624083319678903
57,hand,15,1,0.5962538719177246,0.9242475032806396,-0.001766227651387453
57,hand,16,1,0.5902612209320068,0.9345162510871887,-0.0016311713261529803
57,hand,17,1,0.6090633869171143,0.8880980610847473,0.004089121241122484
57,hand,18,1,0.6028271317481995,0.9081559181213379,0.002491744700819254
57,hand,19,1,0.5975560545921326,0.9196953177452087,0.0023457040078938007
57,hand,20,1,0.59236079454422,0.9281036257743835,0.0028275365475565195
57,pose,0,-1,0.5216180682182312,0.22041592001914978,-0.5759779214859009
57,pose,1,-1,0.5325551629066467,0.19938762485980988,-0.5587288737297058
57,pose,2,-1,0.5369957089424133,0.20067662000656128,-0.5588260889053345
57,pose,3,-1,0.5422970652580261,0.2023034542798996,-0.5589222311973572
57,pose,4,-1,0.5138679146766663,0.19742949306964874,-0.5571454763412476
57,pose,5,-1,0.5077170133590698,0.19743813574314117,-0.557271420955658
57,pose,6,-1,0.5020865797996521,0.19832658767700195,-0.557428240776062
57,pose,7,-1,0.5491229891777039,0.21790765225887299,-0.41455695033073425
57,pose,8,-1,0.4959172010421753,0.21390800178050995,-0.41102927923202515
57,pose,9,-1,0.5320244431495667,0.25115883350372314,-0.5196247696876526
57,pose,10,-1,0.509662926197052,0.2498941421508789,-0.5186134576797485
57,pose,11,-1,0.5887324810028076,0.3833622336387634,-0.3041546940803528
57,pose,12,-1,0.44967904686927795,0.3767397105693817,-0.2882303297519684
57,pose,13,-1,0.5953865647315979,0.5962212681770325,-0.2236204445362091
57,pose,14,-1,0.4492197036743164,0.5844390392303467,-0.22032907605171204
57,pose,15,-1,0.6068903803825378,0.8128917217254639,-0.30359306931495667
57,pose,16,-1,0.4271620810031891,0.7966194748878479,-0.3116251528263092
57,pose,17,-1,0.6067113280296326,0.8673782348632812,-0.3384837508201599
57,pose,18,-1,0.4204804301261902,0.8460224270820618,-0.33962857723236084
57,pose,19,-1,0.5987923741340637,0.8730337619781494,-0.3746858835220337
57,pose,20,-1,0.42466670274734497,0.8570223450660706,-0.3929186761379242
57,pose,21,-1,0.595890462398529,0.8497403264045715,-0.3188959062099457
57,pose,22,-1,0.4288956820964813,0.8407027125358582,-0.3347666561603546
57,pose,23,-1,0.5530897378921509,0.724588930606842,-0.009562317281961441
57,pose,24,-1,0.4760953187942505,0.7136034369468689,0.009717782028019428
57,pose,25,-1,0.5438034534454346,0.9579598903656006,-0.054055940359830856
57,pose,26,-1,0.4782456159591675,0.9584218263626099,-0.005562499165534973
57,pose,27,-1,0.5331763625144958,1.1508044004440308,0.2692728042602539
57,pose,28,-1,0.47161123156547546,1.1473129987716675,0.26012274622917175
57,pose,29,-1,0.529828667640686,1.1743829250335693,0.29267221689224243
57,pose,30,-1,0.47300413250923157,1.1713573932647705,0.28059589862823486
57,pose,31,-1,0.536878228187561,1.2298496961593628,0.1608780324459076
57,pose,32,-1,0.466425359249115,1.230036973953247,0.12126313894987106
58,hand,0,0,0.4141542911529541,0.8163540959358215,1.696819684759987e-09
58,hand,1,0,0.4254013001918793,0.8322590589523315,-0.007323679514229298
58,hand,2,0,0.4290381073951721,0.857505738735199,-0.008612684905529022
58,hand,3,0,0.4303897023200989,0.8804382681846619,-0.007962191477417946
58,hand,4,0,0.431994765996933,0.8983805775642395,-0.006507162004709244
58,hand,5,0,0.4146578311920166,0.8768051862716675,-0.004686803091317415
58,hand,6,0,0.4185241162776947,0.9050578474998474,-0.005008607637137175
58,hand,7,0,0.4227965772151947,0.9198126792907715,-0.005759429186582565
58,hand,8,0,0.42691075801849365,0.9307149648666382,-0.006154751870781183
58,hand,9,0,0.40927237272262573,0.8754900097846985,-0.0004440638003870845
58,hand,10,0,0.4136466383934021,0.9025596380233765,-0.0005007806466892362
58,hand,11,0,0.41886839270591736,0.9174727201461792,-0.0014893559273332357
58,hand,12,0,0.4242900013923645,0.9274753928184509,-0.002253931248560548
58,hand,13,0,0.407096266746521,0.872359037399292,0.0033358160872012377
58,hand,14,0,0.4113906919956207,0.8969374299049377,0.0026910777669399977
58,hand,15,0,0.4162459969520569,0.9112733602523804,0.0012594687286764383
58,hand,16,0,0.42121678590774536,0.9211275577545166,0.0004654895165003836
58,hand,17,0,0.4069819450378418,0.8703809380531311,0.006675345357507467
58,hand,18,0,0.41029468178749084,0.8919227719306946,0.005730880424380302
58,hand,19,0,0.41442400217056274,0.904339611530304,0.004994811490178108
58,hand,20,0,0.41861119866371155,0.9129046201705933,0.004854077473282814
58,hand,0,1,0.6089895963668823,0.8353949785232544,1.3135563392552285e-07
58,hand,1,1,0.5988028645515442,0.8452157974243164,-0.008720321580767632
58,hand,2,1,0.5927858948707581,0.8692072033882141,-0.011269298382103443
58,hand,3,1,0.5891805291175842,0.892349123954773,-0.012140071019530296
58,hand,4,1,0.586341142654419,0.9108883142471313,-0.012340000830590725
58,hand,5,1,0.6065764427185059,0.8900797963142395,-0.007096114568412304
58,hand,6,1,0.5991343259811401,0.918001651763916,-0.010506434366106987
58,hand,7,1,0.591806173324585,0.9305533170700073,-0.012786949053406715
58,hand,8,1,0.5857935547828674,0.938629150390625,-0.013756823725998402
58,hand,9,1,0.6103894710540771,0.8909165263175964,-0.00313138822093606
58,hand,10,1,0.6023255586624146,0.9169982671737671,-0.006350546143949032
58,hand,11,1,0.5949854254722595,0.9283756613731384,-0.007990625686943531
58,hand,12,1,0.588439404964447,0.9357184171676636,-0.008582931011915207
58,hand,13,1,0.6112407445907593,0.8900173902511597,0.00013809630763716996
58,hand,14,1,0.6032570600509644,0.913251519203186,-0.0026243289466947317
58,hand,15,1,0.5966309905052185,0.9252966642379761,-0.003383992938324809
58,hand,16,1,0.5903738141059875,0.9339927434921265,-0.003271686378866434
58,hand,17,1,0.6101639866828918,0.8886194229125977,0.0026447558775544167
58,hand,18,1,0.6036381125450134,0.909258246421814,0.0005002356483601034
58,hand,19,1,0.5979214310646057,0.920606791973114,2.326182948308997e-05
58,hand,20,1,0.5923202633857727,0.9283440709114075,0.0003642867668531835
58,pose,0,-1,0.5216194987297058,0.22043155133724213,-0.5534317493438721
58,pose,1,-1,0.532576858997345,0.19937221705913544,-0.5358861088752747
58,pose,2,-1,0.5370357036590576,0.20065541565418243,-0.5359947681427002
58,pose,3,-1,0.5423209071159363,0.20227988064289093,-0.5361024737358093
58,pose,4,-1,0.5138775110244751,0.19742844998836517,-0.5340662598609924
58,pose,5,-1,0.5077235102653503,0.19744250178337097,-0.5341511964797974
58,pose,6,-1,0.5020902752876282,0.19833369553089142,-0.5342847108840942
58,pose,7,-1,0.5491449236869812,0.217824324965477,-0.39225712418556213
58,pose,8,-1,0.4959440231323242,0.21381691098213196,-0.3880264461040497
58,pose,9,-1,0.5320273041725159,0.2510613203048706,-0.49708202481269836
58,pose,10,-1,0.5096625685691833,0.24982449412345886,-0.4958905279636383
58,pose,11,-1,0.5886176824569702,0.3816205561161041,-0.2900131940841675
58,pose,12,-1,0.4496472477912903,0.37652722001075745,-0.2628275454044342
58,pose,13,-1,0.5946298837661743,0.5938690304756165,-0.21573014557361603
58,pose,14,-1,0.4510936439037323,0.5796549916267395,-0.19409601390361786
58,pose,15,-1,0.6057920455932617,0.8112423419952393,-0.2956729829311371
58,pose,16,-1,0.42806994915008545,0.7711690664291382,-0.2852044701576233
58,pose,17,-1,0.6064947843551636,0.868060290813446,-0.33105432987213135
58,pose,18,-1,0.4212179183959961,0.8274516463279724,-0.31277087330818176
58,pose,19,-1,0.5977575182914734,0.8748224377632141,-0.3673214912414551
58,pose,20,-1,0.42701032757759094,0.8374635577201843,-0.3650716543197632
58,pose,21,-1,0.5946023464202881,0.8518016338348389,-0.3109544813632965
58,pose,22,-1,0.43078330159187317,0.8190173506736755,-0.30805522203445435
58,pose,23,-1,0.5528777241706848,0.7229206562042236,-0.009592241607606411
58,pose,24,-1,0.47665226459503174,0.7105242013931274,0.00975907314568758
58,pose,25,-1,0.5439058542251587,0.9463939666748047,-0.05531907454133034
58,pose,26,-1,0.4788185954093933,0.9513877630233765,-0.007779404520988464
58,pose,27,-1,0.5327621102333069,1.1411781311035156,0.25991079211235046
58,pose,28,-1,0.4720315933227539,1.1389672756195068,0.2544953525066376
58,pose,29,-1,0.5296709537506104,1.1658412218093872,0.28089091181755066
58,pose,30,-1,0.4738178253173828,1.1632390022277832,0.27300843596458435
58,pose,31,-1,0.5367998480796814,1.2181878089904785,0.15295584499835968
58,pose,32,-1,0.46619144082069397,1.2207295894622803,0.1173761785030365
59,hand,0,0,0.4158012866973877,0.8191245794296265,-2.171437474274285e-09
59,hand,1,0,0.42641445994377136,0.8329973220825195,-0.006457708775997162
59,hand,2,0,0.4311797022819519,0.8563303351402283,-0.007695402950048447
59,hand,3,0,0.4348158538341522,0.8763531446456909,-0.007233040407299995
59,hand,4,0,0.43788695335388184,0.8916424512863159,-0.006033109501004219
59,hand,5,0,0.4157954454421997,0.8802500367164612,-0.003702925518155098
59,hand,6,0,0.4203752279281616,0.9074774384498596,-0.0035720288287848234
59,hand,7,0,0.42490217089653015,0.9216600060462952,-0.004186698235571384
59,hand,8,0,0.4288448393344879,0.9317881464958191,-0.004569550976157188
59,hand,9,0,0.4105309247970581,0.8792846202850342,-2.129330823663622e-06
59,hand,10,0,0.4158066511154175,0.9056053757667542,0.0005092771025374532
59,hand,11,0,0.4210585653781891,0.9198235273361206,-0.00023954316566232592
59,hand,12,0,0.4262010157108307,0.9293016791343689,-0.0009125102660618722
59,hand,13,0,0.40857744216918945,0.876785933971405,0.0032846680842339993
59,hand,14,0,0.4136393070220947,0.9017940759658813,0.003216330660507083
59,hand,15,0,0.4188815653324127,0.9158838987350464,0.002081021200865507
59,hand,16,0,0.42402568459510803,0.9257069826126099,0.0014223975595086813
59,hand,17,0,0.40916818380355835,0.8749510645866394,0.0061787632293999195
59,hand,18,0,0.413310170173645,0.8979897499084473,0.005611139349639416
59,hand,19,0,0.4174973666667938,0.9112460613250732,0.005100426729768515
59,hand,20,0,0.42195412516593933,0.920497715473175,0.0051169744692742825
59,hand,0,1,0.6078004837036133,0.8350327014923096,1.5348516058111272e-07
59,hand,1,1,0.5968632698059082,0.8455158472061157,-0.00990836787968874
59,hand,2,1,0.5914271473884583,0.8709338903427124,-0.01269502192735672
59,hand,3,1,0.5883097648620605,0.8947054147720337,-0.013384943827986717
59,hand,4,1,0.5852381587028503,0.9135361909866333,-0.013500313274562359
59,hand,5,1,0.6054750680923462,0.8914111852645874,-0.008704536594450474
59,hand,6,1,0.5984450578689575,0.9197312593460083,-0.011711795814335346
59,hand,7,1,0.5925008058547974,0.9357611536979675,-0.013790230266749859
59,hand,8,1,0.5879107117652893,0.94789719581604,-0.014717106707394123
59,hand,9,1,0.610260546207428,0.8914086222648621,-0.003971191123127937
59,hand,10,1,0.6024744510650635,0.9178600311279297,-0.006669116206467152
59,hand,11,1,0.5956088304519653,0.9321524500846863,-0.007973829284310341
59,hand,12,1,0.5892809629440308,0.9430098533630371,-0.008415165357291698
59,hand,13,1,0.6117755174636841,0.8890029788017273,8.471339242532849e-05
59,hand,14,1,0.6037924289703369,0.911913275718689,-0.0024242806248366833
59,hand,15,1,0.5971933007240295,0.9246030449867249,-0.003125673858448863
59,hand,16,1,0.5908074378967285,0.9338082671165466,-0.0030456206295639277
59,hand,17,1,0.6112568378448486,0.8861890435218811,0.0032931354362517595
59,hand,18,1,0.604597270488739,0.9059475660324097,0.0011195479892194271
59,hand,19,1,0.5987300872802734,0.9159387946128845,0.0007226000889204443
59,hand,20,1,0.5930304527282715,0.9224720001220703,0.001119794906117022
59,pose,0,-1,0.5215641260147095,0.220414400100708,-0.5555228590965271
59,pose,1,-1,0.5325719714164734,0.19930578768253326,-0.5379844307899475
59,pose,2,-1,0.5370373129844666,0.20059514045715332,-0.5380898118019104
59,pose,3,-1,0.5423122644424438,0.20222730934619904,-0.5381944179534912
59,pose,4,-1,0.5138552784919739,0.19735591113567352,-0.5359811186790466
59,pose,5,-1,0.5077113509178162,0.19736285507678986,-0.5360685586929321
59,pose,6,-1,0.5020816326141357,0.19823476672172546,-0.5362109541893005
59,pose,7,-1,0.5491512417793274,0.2177066057920456,-0.39268919825553894
59,pose,8,-1,0.49596235156059265,0.21355368196964264,-0.38683369755744934
59,pose,9,-1,0.5319978594779968,0.2509080171585083,-0.49838581681251526
59,pose,10,-1,0.5095962285995483,0.2496272623538971,-0.4967854917049408
59,pose,11,-1,0.5885550379753113,0.38074779510498047,-0.2888208329677582
59,pose,12,-1,0.4494667649269104,0.3765037953853607,-0.25677937269210815
59,pose,13,-1,0.5942385196685791,0.5937077403068542,-0.21505065262317657
59,pose,14,-1,0.4515416920185089,0.5800874829292297,-0.1888645589351654
59,pose,15,-1,0.6051833033561707,0.8151285648345947,-0.2975331246852875
59,pose,16,-1,0.4296911954879761,0.7754056453704834,-0.2880331575870514
59,pose,17,-1,0.607347846031189,0.8735433220863342,-0.33428436517715454
59,pose,18,-1,0.42324623465538025,0.8288558721542358,-0.3159554898738861
59,pose,19,-1,0.5977568030357361,0.8812788128852844,-0.36946210265159607
59,pose,20,-1,0.428447425365448,0.8391543626785278,-0.36929944157600403
59,pose,21,-1,0.5940304398536682,0.8583891987800598,-0.31241437792778015
59,pose,22,-1,0.4321993589401245,0.8194578289985657,-0.3110787570476532
59,pose,23,-1,0.5527800917625427,0.7237300872802734,-0.012720884755253792
59,pose,24,-1,0.47672414779663086,0.7109540700912476,0.01293766126036644
59,pose,25,-1,0.5439803004264832,0.9454678893089294,-0.05646664649248123
59,pose,26,-1,0.4775901734828949,0.9518736600875854,0.008343081921339035
59,pose,27,-1,0.5336912274360657,1.1427534818649292,0.26234930753707886
59,pose,28,-1,0.47136351466178894,1.1395106315612793,0.27422237396240234
59,pose,29,-1,0.530973494052887,1.167168140411377,0.2850262224674225
59,pose,30,-1,0.47311529517173767,1.1638442277908325,0.29433509707450867
59,pose,31,-1,0.5373827219009399,1.2192052602767944,0.1527649611234665
59,pose,32,-1,0.4643979072570801,1.222174882888794,0.13549217581748962
60,hand,0,0,0.4185999035835266,0.8243301510810852,-1.4782271406943437e-08
60,hand,1,0,0.4297915995121002,0.8391236662864685,-0.004556663800030947
60,hand,2,0,0.43439704179763794,0.8622785806655884,-0.005280243698507547
60,hand,3,0,0.43624797463417053,0.8825092315673828,-0.004867147654294968
60,hand,4,0,0.4381628632545471,0.8970685005187988,-0.003791564144194126
60,hand,5,0,0.4201604723930359,0.8832005858421326,-0.002375370590016246
60,hand,6,0,0.4232740104198456,0.9105337858200073,-0.002915048971772194
60,hand,7,0,0.4271659255027771,0.9244649410247803,-0.0038747626822441816
60,hand,8,0,0.43100133538246155,0.9340672492980957,-0.0043444582261145115
60,hand,9,0,0.41363227367401123,0.8827371001243591,-6.5420194005128e-05
60,hand,10,0,0.4181801676750183,0.9089863896369934,0.0001710959622869268
60,hand,11,0,0.4229932725429535,0.9225490093231201,-0.0005269411485642195
60,hand,12,0,0.4278593063354492,0.9311342239379883,-0.001126933959312737
60,hand,13,0,0.4103141725063324,0.8806154131889343,0.0018765883287414908
60,hand,14,0,0.41472893953323364,0.9049240946769714,0.0017300774343311787
60,hand,15,0,0.41959649324417114,0.9183459877967834,0.0009412681101821363
60,hand,16,0,0.42457690834999084,0.9272057414054871,0.0004715420363936573
60,hand,17,0,0.409521222114563,0.8787485361099243,0.00350612192414701
60,hand,18,0,0.41328179836273193,0.9005135893821716,0.002957796212285757
60,hand,19,0,0.41740527749061584,0.9130973219871521,0.002698940457776189
60,hand,20,0,0.42175430059432983,0.9215226769447327,0.002881481312215328
60,hand,0,1,0.6067847013473511,0.8348597288131714,1.40410719495776e-07
60,hand,1,1,0.5953744053840637,0.8457615375518799,-0.00899188406765461
60,hand,2,1,0.5902187824249268,0.8723111152648926,-0.011842630803585052
60,hand,3,1,0.5878925323486328,0.8967847228050232,-0.012851321138441563
60,hand,4,1,0.5844488739967346,0.9155911207199097,-0.013363678008317947
60,hand,5,1,0.6042564511299133,0.8927645683288574,-0.008738923817873001
60,hand,6,1,0.5979317426681519,0.9213531613349915,-0.012282719835639
60,hand,7,1,0.592392086982727,0.9381062388420105,-0.014756370335817337
60,hand,8,1,0.5882851481437683,0.9506977200508118,-0.01603253185749054
60,hand,9,1,0.6094053983688354,0.8929725289344788,-0.0048898933455348015
60,hand,10,1,0.6017735004425049,0.9200983643531799,-0.0080757150426507
60,hand,11,1,0.5954217314720154,0.9355511665344238,-0.009750666096806526
60,hand,12,1,0.5898900032043457,0.9477196335792542,-0.010560805909335613
60,hand,13,1,0.6111014485359192,0.8914156556129456,-0.0016056280583143234
60,hand,14,1,0.6032670736312866,0.9158750176429749,-0.004230028484016657
60,hand,15,1,0.5971909761428833,0.9307299852371216,-0.004880167543888092
60,hand,16,1,0.5914952754974365,0.9424866437911987,-0.004925170913338661
60,hand,17,1,0.6107274889945984,0.8894972205162048,0.0008884405833669007
60,hand,18,1,0.6044015884399414,0.9114575386047363,-0.0011245182249695063
60,hand,19,1,0.5991880297660828,0.9241864681243896,-0.0013294343370944262
60,hand,20,1,0.5942164063453674,0.9336946606636047,-0.00094696378801018
60,pose,0,-1,0.5215557217597961,0.2204211950302124,-0.5485948920249939
60,pose,1,-1,0.5325870513916016,0.199270561337471,-0.5297181606292725
60,pose,2,-1,0.5370712876319885,0.20053882896900177,-0.5298317074775696
60,pose,3,-1,0.5423262715339661,0.20216074585914612,-0.529952883720398
60,pose,4,-1,0.5138510465621948,0.19735781848430634,-0.5278061032295227
60,pose,5,-1,0.5077025294303894,0.19736915826797485,-0.5278692245483398
60,pose,6,-1,0.5020606517791748,0.19824154675006866,-0.5279836058616638
60,pose,7,-1,0.5491799712181091,0.21759428083896637,-0.38202184438705444
60,pose,8,-1,0.49596744775772095,0.21351519227027893,-0.37677568197250366
60,pose,9,-1,0.5319940447807312,0.2508326768875122,-0.49080002307891846
60,pose,10,-1,0.5095565915107727,0.24960118532180786,-0.4893774390220642
60,pose,11,-1,0.5883913040161133,0.3796687722206116,-0.2839149236679077
60,pose,12,-1,0.4494606554508209,0.3765011429786682,-0.24583342671394348
60,pose,13,-1,0.5935266613960266,0.5917596817016602,-0.21339456737041473
60,pose,14,-1,0.4532119333744049,0.5777060389518738,-0.17804917693138123
60,pose,15,-1,0.604617178440094,0.8136874437332153,-0.29795870184898376
60,pose,16,-1,0.4347674548625946,0.7620052695274353,-0.27556154131889343
60,pose,17,-1,0.607602059841156,0.8743221759796143,-0.33595213294029236
60,pose,18,-1,0.4285898208618164,0.8142282366752625,-0.3035460114479065
60,pose,19,-1,0.5973864793777466,0.8803459405899048,-0.3702878952026367
60,pose,20,-1,0.43114325404167175,0.8262519240379333,-0.35573017597198486
60,pose,21,-1,0.5933610200881958,0.8571181297302246,-0.3123830258846283
60,pose,22,-1,0.43607577681541443,0.8069257140159607,-0.29824098944664
60,pose,23,-1,0.5527557730674744,0.723310112953186,-0.014216165989637375
60,pose,24,-1,0.4769705832004547,0.7084686756134033,0.014454951509833336
60,pose,25,-1,0.5450136661529541,0.9452013969421387,-0.07390566170215607
60,pose,26,-1,0.47752633690834045,0.94978266954422,0.010246878489851952
60,pose,27,-1,0.5349246859550476,1.1426843404769897,0.2466755211353302
60,pose,28,-1,0.4714016616344452,1.1353994607925415,0.2886720299720764
60,pose,29,-1,0.5323445200920105,1.1672518253326416,0.27003487944602966
60,pose,30,-1,0.47360512614250183,1.1602305173873901,0.3104285001754761
60,pose,31,-1,0.539509117603302,1.2191041707992554,0.13754074275493622
60,pose,32,-1,0.46385058760643005,1.215338945388794,0.1580510288476944
61,hand,0,0,0.6053752899169922,0.8336586356163025,1.4057708597192686e-07
61,hand,1,0,0.5938591361045837,0.8455143570899963,-0.008612353354692459
61,hand,2,0,0.5887503623962402,0.8716365098953247,-0.0114771518856287
61,hand,3,0,0.5865998268127441,0.896290123462677,-0.01266380026936531
61,hand,4,0,0.5836777091026306,0.9158830642700195,-0.01329974364489317
61,hand,5,0,0.6032660603523254,0.8928474187850952,-0.008001898415386677
61,hand,6,0,0.5969015955924988,0.922670304775238,-0.011498000472784042
61,hand,7,0,0.5907519459724426,0.9393997192382812,-0.013925222679972649
61,hand,8,0,0.5858927965164185,0.9513106346130371,-0.015084858983755112
61,hand,9,0,0.6082784533500671,0.8928580284118652,-0.004318856168538332
61,hand,10,0,0.6010152697563171,0.9197901487350464,-0.007322901859879494
61,hand,11,0,0.5943039059638977,0.9347377419471741,-0.008859279565513134
61,hand,12,0,0.5884213447570801,0.9456583857536316,-0.009549385868012905
61,hand,13,0,0.6099361181259155,0.8912264704704285,-0.0012055682018399239
61,hand,14,0,0.6023985743522644,0.9156138896942139,-0.0035296680871397257
61,hand,15,0,0.5961938500404358,0.9300628900527954,-0.003708968870341778
61,hand,16,0,0.5904080867767334,0.9411351680755615,-0.0034385407343506813
61,hand,17,0,0.6093951463699341,0.8894057273864746,0.001099181012250483
61,hand,18,0,0.6032919883728027,0.9113236665725708,-0.0006400923593901098
61,hand,19,0,0.5979315638542175,0.9241737723350525,-0.0004638006503228098
61,hand,20,0,0.5928921699523926,0.9332273602485657,0.00023995143419597298
61,pose,0,-1,0.5215545892715454,0.22043785452842712,-0.5649146437644958
61,pose,1,-1,0.5326095223426819,0.19927163422107697,-0.5450678467750549
61,pose,2,-1,0.5371025204658508,0.20053867995738983,-0.5451886057853699
61,pose,3,-1,0.5423542261123657,0.20215962827205658,-0.5453318953514099
61,pose,4,-1,0.5138527750968933,0.19736534357070923,-0.5432990193367004
61,pose,5,-1,0.507703423500061,0.19738523662090302,-0.5433475375175476
61,pose,6,-1,0.5020607709884644,0.19825755059719086,-0.5434291958808899
61,pose,7,-1,0.5492127537727356,0.2175435721874237,-0.3907203674316406
61,pose,8,-1,0.49599629640579224,0.21348844468593597,-0.38658565282821655
61,pose,9,-1,0.532001256942749,0.25080299377441406,-0.5047281980514526
61,pose,10,-1,0.5095552206039429,0.24958665668964386,-0.5036227703094482
61,pose,11,-1,0.5882552862167358,0.3787282705307007,-0.2914067506790161
61,pose,12,-1,0.449591726064682,0.37632590532302856,-0.2523689270019531
61,pose,13,-1,0.5931904911994934,0.5909695625305176,-0.21700280904769897
61,pose,14,-1,0.45464953780174255,0.5775060057640076,-0.18809650838375092
61,pose,15,-1,0.6042382121086121,0.8173655867576599,-0.2981806695461273
61,pose,16,-1,0.4396888315677643,0.7628148198127747,-0.28384536504745483
61,pose,17,-1,0.6071134209632874,0.8821645975112915,-0.339848130941391
61,pose,18,-1,0.43677785992622375,0.8156142234802246,-0.3121109902858734
61,pose,19,-1,0.5969900488853455,0.8864725828170776,-0.37509840726852417
61,pose,20,-1,0.43871697783470154,0.8268454074859619,-0.36382243037223816
61,pose,21,-1,0.5925756692886353,0.8614175319671631,-0.31282204389572144
61,pose,22,-1,0.44479766488075256,0.8073493242263794,-0.30607014894485474
61,pose,23,-1,0.5526860356330872,0.7189247012138367,-0.014822885394096375
61,pose,24,-1,0.47812211513519287,0.7042586207389832,0.015066585503518581
61,pose,25,-1,0.5452117323875427,0.9453573226928711,-0.0766809806227684
61,pose,26,-1,0.47810444235801697,0.9503450989723206,0.009191721677780151
61,pose,27,-1,0.5376082062721252,1.1429301500320435,0.242094486951828
61,pose,28,-1,0.4715656340122223,1.13710618019104,0.2781814932823181
61,pose,29,-1,0.5357555747032166,1.167596459388733,0.2652078866958618
61,pose,30,-1,0.4739170968532562,1.1620347499847412,0.2989775240421295
61,pose,31,-1,0.5420715808868408,1.2197856903076172,0.1318027824163437
61,pose,32,-1,0.46393781900405884,1.216839075088501,0.1428806334733963
62,hand,0,0,0.6036961078643799,0.8342817425727844,1.4737412357135327e-07
62,hand,1,0,0.5924370288848877,0.8452532887458801,-0.009872836992144585
62,hand,2,0,0.5867072939872742,0.8707879185676575,-0.013299846090376377
62,hand,3,0,0.5842069983482361,0.8957794308662415,-0.014741822145879269
62,hand,4,0,0.5816295742988586,0.9155910611152649,-0.015573947690427303
62,hand,5,0,0.601263701915741,0.8918787837028503,-0.01008698996156454
62,hand,6,0,0.5945519208908081,0.9235284924507141,-0.014222579076886177
62,hand,7,0,0.5880386233329773,0.9405004978179932,-0.016845211386680603
62,hand,8,0,0.5825791954994202,0.952613890171051,-0.017988162115216255
62,hand,9,0,0.6061171293258667,0.8931402564048767,-0.005766845773905516
62,hand,10,0,0.5982179045677185,0.9224522113800049,-0.009463212452828884
62,hand,11,0,0.5906863808631897,0.9377697706222534,-0.011227809824049473
62,hand,12,0,0.583669126033783,0.948330283164978,-0.011903833597898483
62,hand,13,0,0.60741126537323,0.8926945328712463,-0.002063678577542305
62,hand,14,0,0.5991579294204712,0.9183577299118042,-0.005159086547791958
62,hand,15,0,0.5921701788902283,0.933118999004364,-0.006118405610322952
62,hand,16,0,0.5853948593139648,0.9438292384147644,-0.006218556314706802
62,hand,17,0,0.6066158413887024,0.8918396830558777,0.0007907270919531584
62,hand,18,0,0.5997477173805237,0.9138624668121338,-0.0018094806000590324
62,hand,19,0,0.5935918688774109,0.9261321425437927,-0.0024686562828719616
62,hand,20,0,0.587767481803894,0.9345663785934448,-0.002225490054115653
62,pose,0,-1,0.5215851664543152,0.22044475376605988,-0.5799933671951294
62,pose,1,-1,0.5326369404792786,0.19928127527236938,-0.5601100921630859
62,pose,2,-1,0.537131130695343,0.20055359601974487,-0.5602243542671204
62,pose,3,-1,0.5423766374588013,0.20217393338680267,-0.560359537601471
62,pose,4,-1,0.5138952732086182,0.1973675638437271,-0.5588975548744202
62,pose,5,-1,0.5077403783798218,0.19738821685314178,-0.5589662194252014
62,pose,6,-1,0.5021030902862549,0.19826191663742065,-0.5590511560440063
62,pose,7,-1,0.549216628074646,0.21753644943237305,-0.4018543064594269
62,pose,8,-1,0.4960199296474457,0.21342748403549194,-0.40144139528274536
62,pose,9,-1,0.5320200324058533,0.2508026659488678,-0.51819908618927
62,pose,10,-1,0.5095700025558472,0.2495577186346054,-0.5180695056915283
62,pose,11,-1,0.5881074666976929,0.3777771294116974,-0.2952139675617218
62,pose,12,-1,0.4495934545993805,0.3761681914329529,-0.2540515661239624
62,pose,13,-1,0.5929691195487976,0.5903616547584534,-0.2186572253704071
62,pose,14,-1,0.455069363117218,0.576690137386322,-0.19178566336631775
62,pose,15,-1,0.6027438640594482,0.8172653913497925,-0.30040568113327026
62,pose,16,-1,0.4476373493671417,0.7552266716957092,-0.2870963513851166
62,pose,17,-1,0.6068640351295471,0.884164035320282,-0.34072285890579224
62,pose,18,-1,0.4425709545612335,0.8122462630271912,-0.31569263339042664
62,pose,19,-1,0.5968261361122131,0.887408971786499,-0.3759097754955292
62,pose,20,-1,0.4454392194747925,0.8216682076454163,-0.36681291460990906
62,pose,21,-1,0.5912656188011169,0.8616208434104919,-0.3147525489330292
62,pose,22,-1,0.4509563446044922,0.8025448322296143,-0.3088904619216919
62,pose,23,-1,0.5526018142700195,0.7119624614715576,-0.014030728489160538
62,pose,24,-1,0.4791505038738251,0.6991807222366333,0.014259024523198605
62,pose,25,-1,0.5452288389205933,0.945418655872345,-0.07512781769037247
62,pose,26,-1,0.47888579964637756,0.94733065366745,0.00228343834169209
62,pose,27,-1,0.5402122139930725,1.143250584602356,0.24699200689792633
62,pose,28,-1,0.4718240201473236,1.137589931488037,0.2777518928050995
62,pose,29,-1,0.5386754870414734,1.1680853366851807,0.27080732583999634
62,pose,30,-1,0.47401824593544006,1.1620416641235352,0.29780417680740356
62,pose,31,-1,0.5447808504104614,1.220165491104126,0.1337859034538269
62,pose,32,-1,0.46672114729881287,1.2179901599884033,0.1371552050113678
63,hand,0,0,0.6033489108085632,0.8341028094291687,1.4994387242950324e-07
63,hand,1,0,0.5914345383644104,0.8443140983581543,-0.00967311765998602
63,hand,2,0,0.5855275392532349,0.8706434965133667,-0.012695933692157269
63,hand,3,0,0.5825978517532349,0.8960558176040649,-0.01371762901544571
63,hand,4,0,0.5786780118942261,0.9163169264793396,-0.014152548275887966
63,hand,5,0,0.5993301868438721,0.8927896618843079,-0.008823985233902931
63,hand,6,0,0.5923625230789185,0.9245697855949402,-0.012070482596755028
63,hand,7,0,0.5858138799667358,0.9419754147529602,-0.014160566963255405
63,hand,8,0,0.5804423093795776,0.9543359279632568,-0.015035003423690796
63,hand,9,0,0.6043437123298645,0.8937395215034485,-0.004284250549972057
63,hand,10,0,0.5967320203781128,0.9229488372802734,-0.007058165967464447
63,hand,11,0,0.5893630981445312,0.9388725757598877,-0.008410809561610222
63,hand,12,0,0.582740068435669,0.9502355456352234,-0.008927222341299057
63,hand,13,0,0.6060490608215332,0.8926889896392822,-0.0003490826638881117
63,hand,14,0,0.598676860332489,0.9183598756790161,-0.0025058980099856853
63,hand,15,0,0.5918412208557129,0.933266282081604,-0.002931578317657113
63,hand,16,0,0.5854023098945618,0.9444230794906616,-0.0028124647215008736
63,hand,17,0,0.6057440638542175,0.8911823630332947,0.0027315658517181873
63,hand,18,0,0.5997885465621948,0.9138713479042053,0.00113149534445256
63,hand,19,0,0.594054102897644,0.9265698790550232,0.0011295686708763242
63,hand,20,0,0.5886658430099487,0.9351580142974854,0.0016952413134276867
63,pose,0,-1,0.5217570066452026,0.22053714096546173,-0.5823578238487244
63,pose,1,-1,0.5327993631362915,0.19933384656906128,-0.5627304911613464
63,pose,2,-1,0.5372846126556396,0.2005942463874817,-0.5628479719161987
63,pose,3,-1,0.5425379872322083,0.2021966278553009,-0.5629907250404358
63,pose,4,-1,0.5140715837478638,0.19737517833709717,-0.5615066885948181
63,pose,5,-1,0.5078838467597961,0.19739334285259247,-0.5615772604942322
63,pose,6,-1,0.502241849899292,0.19826363027095795,-0.561669647693634
63,pose,7,-1,0.5492722392082214,0.2175038605928421,-0.40475109219551086
63,pose,8,-1,0.49606001377105713,0.21328577399253845,-0.4044331908226013
63,pose,9,-1,0.5320966243743896,0.25089243054389954,-0.5204772353172302
63,pose,10,-1,0.509663462638855,0.24957379698753357,-0.5203348994255066
63,pose,11,-1,0.5880711674690247,0.37778452038764954,-0.29770427942276
63,pose,12,-1,0.44958606362342834,0.3758140504360199,-0.25777357816696167
63,pose,13,-1,0.5922432541847229,0.590433657169342,-0.21877451241016388
63,pose,14,-1,0.45514175295829773,0.5756311416625977,-0.18517647683620453
63,pose,15,-1,0.6008750796318054,0.8186636567115784,-0.30099576711654663
63,pose,16,-1,0.4470858573913574,0.7444087266921997,-0.28224050998687744
63,pose,17,-1,0.6066333651542664,0.8871808052062988,-0.34154653549194336
63,pose,18,-1,0.442721962928772,0.799436092376709,-0.3102814257144928
63,pose,19,-1,0.596727192401886,0.8893507122993469,-0.37800565361976624
63,pose,20,-1,0.4453922212123871,0.8050503730773926,-0.3624849021434784
63,pose,21,-1,0.5902697443962097,0.8638216257095337,-0.3150194585323334
63,pose,22,-1,0.4537545442581177,0.7882739901542664,-0.30428165197372437
63,pose,23,-1,0.5528687238693237,0.7107357978820801,-0.015021270141005516
63,pose,24,-1,0.4796469807624817,0.6983432173728943,0.01525142416357994
63,pose,25,-1,0.5438265204429626,0.9590564966201782,-0.07746322453022003
63,pose,26,-1,0.47895100712776184,0.9467877745628357,-0.006146964151412249
63,pose,27,-1,0.540116548538208,1.1540417671203613,0.2400185912847519
63,pose,28,-1,0.4720044732093811,1.1394418478012085,0.26728999614715576
63,pose,29,-1,0.5385771989822388,1.1804907321929932,0.26277029514312744
63,pose,30,-1,0.47389599680900574,1.1652135848999023,0.2875998318195343
63,pose,31,-1,0.5446553826332092,1.2289376258850098,0.12101837247610092
63,pose,32,-1,0.46646976470947266,1.219586730003357,0.12092376500368118
64,hand,0,0,0.602669358253479,0.8344969153404236,1.474946458301929e-07
64,hand,1,0,0.5902156233787537,0.8447540402412415,-0.008993045426905155
64,hand,2,0,0.5844190120697021,0.8704901337623596,-0.011907914653420448
64,hand,3,0,0.5810801386833191,0.8956583142280579,-0.012876023538410664
64,hand,4,0,0.576756477355957,0.9152193665504456,-0.013270768336951733
64,hand,5,0,0.5978301763534546,0.8953326344490051,-0.008226944133639336
64,hand,6,0,0.5895517468452454,0.9257935285568237,-0.010533355176448822
64,hand,7,0,0.5829451680183411,0.9412415623664856,-0.012057743035256863
64,hand,8,0,0.5779168009757996,0.952461302280426,-0.012742800638079643
64,hand,9,0,0.6030501127243042,0.8964512944221497,-0.003862329525873065
64,hand,10,0,0.5943434834480286,0.9243184924125671,-0.005610670894384384
64,hand,11,0,0.5868918299674988,0.9385496377944946,-0.00642760656774044
64,hand,12,0,0.5806748270988464,0.9485169053077698,-0.00679174717515707
64,hand,13,0,0.6052335500717163,0.8948349356651306,3.381054966666852e-06
64,hand,14,0,0.5971955060958862,0.9192935824394226,-0.0010446524247527122
64,hand,15,0,0.5903407335281372,0.9326806664466858,-0.0009700260125100613
64,hand,16,0,0.5843949913978577,0.9425306916236877,-0.0008359322673641145
64,hand,17,0,0.6052481532096863,0.892349123954773,0.0030529566574841738
64,hand,18,0,0.5990974307060242,0.9142082929611206,0.0024277830962091684
64,hand,19,0,0.5936519503593445,0.925815224647522,0.0028883523773401976
64,hand,20,0,0.5889483094215393,0.933372974395752,0.003550831926986575
64,pose,0,-1,0.521900475025177,0.22072453796863556,-0.5813770890235901
64,pose,1,-1,0.5329052209854126,0.19946129620075226,-0.5619212985038757
64,pose,2,-1,0.5374035239219666,0.2006598263978958,-0.5620440244674683
64,pose,3,-1,0.5426903367042542,0.20222052931785583,-0.562217652797699
64,pose,4,-1,0.514098584651947,0.19765347242355347,-0.5612758994102478
64,pose,5,-1,0.5078949928283691,0.19778110086917877,-0.5613223910331726
64,pose,6,-1,0.502244234085083,0.19868232309818268,-0.5613902807235718
64,pose,7,-1,0.549357533454895,0.21744638681411743,-0.4031139016151428
64,pose,8,-1,0.49605560302734375,0.2135101705789566,-0.4039781391620636
64,pose,9,-1,0.5322290658950806,0.25104576349258423,-0.5179144740104675
64,pose,10,-1,0.5097787976264954,0.2498999387025833,-0.5185175538063049
64,pose,11,-1,0.5880197882652283,0.3777713179588318,-0.29716476798057556
64,pose,12,-1,0.44955363869667053,0.3753277063369751,-0.2556290328502655
64,pose,13,-1,0.591705322265625,0.5883665680885315,-0.21873074769973755
64,pose,14,-1,0.4549967646598816,0.5695160031318665,-0.17495957016944885
64,pose,15,-1,0.6002410054206848,0.817486584186554,-0.29827532172203064
64,pose,16,-1,0.44754934310913086,0.7213023900985718,-0.26747411489486694
64,pose,17,-1,0.6064474582672119,0.8855313062667847,-0.33621326088905334
64,pose,18,-1,0.4432394206523895,0.7687347531318665,-0.29439061880111694
64,pose,19,-1,0.5964096188545227,0.8872028589248657,-0.3733355402946472
64,pose,20,-1,0.4479790925979614,0.7723076343536377,-0.3461691737174988
64,pose,21,-1,0.5902143120765686,0.8631863594055176,-0.312945157289505
64,pose,22,-1,0.4534236192703247,0.7594374418258667,-0.2896527051925659
64,pose,23,-1,0.5520583391189575,0.7044894099235535,-0.01493097748607397
64,pose,24,-1,0.47990700602531433,0.6954260468482971,0.01516200415790081
64,pose,25,-1,0.5426326990127563,0.9426066279411316,-0.06177987530827522
64,pose,26,-1,0.4802921712398529,0.9274442791938782,-0.01362255122512579
64,pose,27,-1,0.5361522436141968,1.1356996297836304,0.2487701028585434
64,pose,28,-1,0.47349801659584045,1.119438886642456,0.2608228623867035
64,pose,29,-1,0.534716784954071,1.1611838340759277,0.27095237374305725
64,pose,30,-1,0.4751213788986206,1.1450786590576172,0.2817089855670929
64,pose,31,-1,0.5384464263916016,1.2107622623443604,0.13388828933238983
64,pose,32,-1,0.4664756953716278,1.1976509094238281,0.11875396221876144
65,hand,0,0,0.6024324893951416,0.8346750736236572,1.3937204812464188e-07
65,hand,1,0,0.5895496010780334,0.8438401222229004,-0.009079075418412685
65,hand,2,0,0.5836847424507141,0.8685563206672668,-0.012233082205057144
65,hand,3,0,0.5805065631866455,0.8936454653739929,-0.013456491753458977
65,hand,4,0,0.5765798687934875,0.9132709503173828,-0.014136538840830326
65,hand,5,0,0.5970707535743713,0.8940362334251404,-0.009653773158788681
65,hand,6,0,0.5887042284011841,0.9252992868423462,-0.012960442341864109
65,hand,7,0,0.5810657739639282,0.9397567510604858,-0.014852208085358143
65,hand,8,0,0.5748971104621887,0.9493901133537292,-0.015631068497896194
65,hand,9,0,0.6028062105178833,0.8956925868988037,-0.005442949011921883
65,hand,10,0,0.5931773781776428,0.9246270656585693,-0.008163080550730228
65,hand,11,0,0.5843629837036133,0.9361059069633484,-0.009041999466717243
65,hand,12,0,0.5770263075828552,0.9429569840431213,-0.009324410930275917
65,hand,13,0,0.6052189469337463,0.894186794757843,-0.0017184342723339796
65,hand,14,0,0.5965291261672974,0.9199944138526917,-0.0038287858478724957
65,hand,15,0,0.5885483026504517,0.9314559698104858,-0.003933952655643225
65,hand,16,0,0.5814722180366516,0.9387943148612976,-0.003765992121770978
65,hand,17,0,0.6054351925849915,0.8918096423149109,0.0012436042306944728
65,hand,18,0,0.5991517305374146,0.9145281910896301,-0.00043179956264793873
65,hand,19,0,0.5925846099853516,0.9251841306686401,-0.00035554482019506395
65,hand,20,0,0.5866977572441101,0.9311920404434204,0.00017306720837950706
65,pose,0,-1,0.5218959450721741,0.2207327038049698,-0.6322041153907776
65,pose,1,-1,0.5329155325889587,0.1994585245847702,-0.6121874451637268
65,pose,2,-1,0.5374259352684021,0.2006489485502243,-0.6122913360595703
65,pose,3,-1,0.5427156686782837,0.20220276713371277,-0.6124355792999268
65,pose,4,-1,0.5140604972839355,0.19768355786800385,-0.61107337474823
65,pose,5,-1,0.507816731929779,0.197876438498497,-0.6111758351325989
65,pose,6,-1,0.5021010041236877,0.19880591332912445,-0.6112778782844543
65,pose,7,-1,0.549465537071228,0.21744003891944885,-0.4494214653968811
65,pose,8,-1,0.4959457218647003,0.21357740461826324,-0.4478965997695923
65,pose,9,-1,0.5322499871253967,0.2511609196662903,-0.5677273869514465
65,pose,10,-1,0.5097579956054688,0.2500110864639282,-0.5675302147865295
65,pose,11,-1,0.5880215764045715,0.37778255343437195,-0.3299383819103241
65,pose,12,-1,0.44906124472618103,0.3754101097583771,-0.2960900068283081
65,pose,13,-1,0.5917308926582336,0.5890613794326782,-0.2516556978225708
65,pose,14,-1,0.45440182089805603,0.5737338662147522,-0.21935708820819855
65,pose,15,-1,0.6000021696090698,0.8209991455078125,-0.3296946883201599
65,pose,16,-1,0.4494591951370239,0.7487038373947144,-0.3176800310611725
65,pose,17,-1,0.6069098711013794,0.890183687210083,-0.36974039673805237
65,pose,18,-1,0.4436028301715851,0.7822631001472473,-0.3483189046382904
65,pose,19,-1,0.5962032079696655,0.8912510275840759,-0.4067515432834625
65,pose,20,-1,0.44828957319259644,0.7856140732765198,-0.4001632332801819
65,pose,21,-1,0.5897046327590942,0.8659715056419373,-0.3446677625179291
65,pose,22,-1,0.4549519419670105,0.7672927379608154,-0.33959341049194336
65,pose,23,-1,0.5520704388618469,0.7034706473350525,-0.014930898323655128
65,pose,24,-1,0.4799368679523468,0.695951521396637,0.01516662072390318
65,pose,25,-1,0.5454695820808411,0.9433699250221252,-0.07717273384332657
65,pose,26,-1,0.4832720458507538,0.9284959435462952,-0.015469180420041084
65,pose,27,-1,0.5381944179534912,1.136958122253418,0.24952448904514313
65,pose,28,-1,0.4748433828353882,1.133275032043457,0.2535995841026306
65,pose,29,-1,0.5365712642669678,1.1620112657546997,0.2728516757488251
65,pose,30,-1,0.4757489562034607,1.1614865064620972,0.27389970421791077
65,pose,31,-1,0.539295494556427,1.2150707244873047,0.13197088241577148
65,pose,32,-1,0.4696384072303772,1.2111499309539795,0.09912105649709702
66,hand,0,0,0.6029723286628723,0.8349039554595947,1.400557891884091e-07
66,hand,1,0,0.5903297662734985,0.8451963067054749,-0.008906413801014423
66,hand,2,0,0.5844898819923401,0.8699679970741272,-0.012118922546505928
66,hand,3,0,0.5814861059188843,0.8949475288391113,-0.013523051515221596
66,hand,4,0,0.5780014395713806,0.9144316911697388,-0.014341321773827076
66,hand,5,0,0.5989141464233398,0.8919149041175842,-0.009673148393630981
66,hand,6,0,0.5914334058761597,0.9245407581329346,-0.013580560684204102
66,hand,7,0,0.583695650100708,0.9388824701309204,-0.015743400901556015
66,hand,8,0,0.5772309899330139,0.9477717280387878,-0.016563743352890015
66,hand,9,0,0.6043334603309631,0.8935280442237854,-0.005653860978782177
66,hand,10,0,0.5950543880462646,0.9233005046844482,-0.009001204743981361
66,hand,11,0,0.5860915780067444,0.9351385235786438,-0.010157695971429348
66,hand,12,0,0.5782448649406433,0.9423242211341858,-0.0105228740721941
66,hand,13,0,0.6064790487289429,0.8927827477455139,-0.0021498100832104683
66,hand,14,0,0.597881019115448,0.9192944765090942,-0.0046949228271842
66,hand,15,0,0.5897530317306519,0.9315510392189026,-0.004988934379070997
66,hand,16,0,0.5821166634559631,0.9393290877342224,-0.004837849177420139
66,hand,17,0,0.6064291000366211,0.8913629055023193,0.0006003877497278154
66,hand,18,0,0.5998854041099548,0.914578914642334,-0.0013139683287590742
66,hand,19,0,0.5929287075996399,0.9260350465774536,-0.001378043438307941
66,hand,20,0,0.5864241719245911,0.9325803518295288,-0.0008815346518531442
66,pose,0,-1,0.5218930840492249,0.22070856392383575,-0.6370404958724976
66,pose,1,-1,0.5329180955886841,0.19941560924053192,-0.6157907843589783
66,pose,2,-1,0.5374367833137512,0.20059193670749664,-0.615898072719574
66,pose,3,-1,0.542725145816803,0.20213094353675842,-0.6160458922386169
66,pose,4,-1,0.5140310525894165,0.19767548143863678,-0.6145840287208557
66,pose,5,-1,0.5077639818191528,0.19788073003292084,-0.6147080063819885
66,pose,6,-1,0.5020092129707336,0.1988108605146408,-0.6148168444633484
66,pose,7,-1,0.5495225191116333,0.21739254891872406,-0.4506138265132904
66,pose,8,-1,0.49586021900177,0.21358618140220642,-0.44872787594795227
66,pose,9,-1,0.5322790741920471,0.25118863582611084,-0.5721043348312378
66,pose,10,-1,0.5097339749336243,0.2500149607658386,-0.5718196034431458
66,pose,11,-1,0.5880211591720581,0.3777886927127838,-0.33067768812179565
66,pose,12,-1,0.44867125153541565,0.37541353702545166,-0.299561083316803
66,pose,13,-1,0.5917499661445618,0.5910014510154724,-0.2508249580860138
66,pose,14,-1,0.45390620827674866,0.5773505568504333,-0.22410200536251068
66,pose,15,-1,0.5999961495399475,0.8254143595695496,-0.3329831659793854
66,pose,16,-1,0.44961321353912354,0.7572219967842102,-0.3274416923522949
66,pose,17,-1,0.6078327298164368,0.8933812379837036,-0.3734534680843353
66,pose,18,-1,0.4430946409702301,0.7974264621734619,-0.3581884503364563
66,pose,19,-1,0.5963160991668701,0.8953211903572083,-0.4111776351928711
66,pose,20,-1,0.44760647416114807,0.8013882040977478,-0.4108445942401886
66,pose,21,-1,0.5897158980369568,0.8723568320274353,-0.3481598198413849
66,pose,22,-1,0.45424968004226685,0.78104567527771,-0.34957924485206604
66,pose,23,-1,0.5521202087402344,0.7044758200645447,-0.014457987621426582
66,pose,24,-1,0.4803101122379303,0.7002924084663391,0.01467058900743723
66,pose,25,-1,0.5471036434173584,0.9435608386993408,-0.08722392469644547
66,pose,26,-1,0.48780426383018494,0.947161853313446,-0.023197995498776436
66,pose,27,-1,0.5391413569450378,1.1397697925567627,0.27313342690467834
66,pose,28,-1,0.48108968138694763,1.1380820274353027,0.2763499319553375
66,pose,29,-1,0.537434995174408,1.1630628108978271,0.30151090025901794
66,pose,30,-1,0.48091915249824524,1.1636066436767578,0.30122652649879456
66,pose,31,-1,0.5399104356765747,1.2205373048782349,0.15969674289226532
66,pose,32,-1,0.48050543665885925,1.2174532413482666,0.13153426349163055
67,hand,0,0,0.6034725308418274,0.8356214165687561,1.3981390623030165e-07
67,hand,1,0,0.59111487865448,0.8464738130569458,-0.008646134287118912
67,hand,2,0,0.5856065154075623,0.8718135356903076,-0.011692747473716736
67,hand,3,0,0.5830568075180054,0.8970812559127808,-0.012826871126890182
67,hand,4,0,0.5797029733657837,0.916967511177063,-0.01335429772734642
67,hand,5,0,0.5995070934295654,0.8931936025619507,-0.009439840912818909
67,hand,6,0,0.5933603644371033,0.9257590770721436,-0.012748289853334427
67,hand,7,0,0.5864759683609009,0.9414405822753906,-0.014441899955272675
67,hand,8,0,0.5806511640548706,0.9514238238334656,-0.014938107691705227
67,hand,9,0,0.6056572198867798,0.894273579120636,-0.005259289406239986
67,hand,10,0,0.5988571643829346,0.9245378375053406,-0.007745413109660149
67,hand,11,0,0.5909888744354248,0.9364482164382935,-0.008203640580177307
67,hand,12,0,0.5840697884559631,0.9431192874908447,-0.008069684728980064
67,hand,13,0,0.608425498008728,0.8925784826278687,-0.0015367739833891392
67,hand,14,0,0.6023358106613159,0.9194695353507996,-0.003296224633231759
67,hand,15,0,0.59520423412323,0.9301965236663818,-0.002929816721007228
67,hand,16,0,0.5885685682296753,0.936275064945221,-0.0023575176019221544
67,hand,17,0,0.6086640357971191,0.889951765537262,0.0014412152813747525
67,hand,18,0,0.6042529344558716,0.9128562211990356,8.118270488921553e-05
67,hand,19,0,0.5982851386070251,0.9226990342140198,0.0005030915490351617
67,hand,20,0,0.5927839875221252,0.9276272654533386,0.0013389248633757234
67,pose,0,-1,0.5218389630317688,0.2208491414785385,-0.625606894493103
67,pose,1,-1,0.5329093337059021,0.19966940581798553,-0.6046361327171326
67,pose,2,-1,0.5374384522438049,0.20081011950969696,-0.6047512888908386
67,pose,3,-1,0.5427153706550598,0.20228366553783417,-0.6048974990844727
67,pose,4,-1,0.5139814615249634,0.19802379608154297,-0.6034090518951416
67,pose,5,-1,0.5077013373374939,0.19832588732242584,-0.6035181879997253
67,pose,6,-1,0.5019346475601196,0.19922387599945068,-0.6036254167556763
67,pose,7,-1,0.5495313405990601,0.21744701266288757,-0.44142961502075195
67,pose,8,-1,0.4958571791648865,0.21375687420368195,-0.43934497237205505
67,pose,9,-1,0.5322777032852173,0.25134196877479553,-0.5614117383956909
67,pose,10,-1,0.5096949338912964,0.2501111328601837,-0.5610742568969727
67,pose,11,-1,0.5879863500595093,0.3778335750102997,-0.3240654766559601
67,pose,12,-1,0.44857722520828247,0.3754340410232544,-0.2923268675804138
67,pose,13,-1,0.5918260216712952,0.594264566898346,-0.24685002863407135
67,pose,14,-1,0.45385971665382385,0.5803554654121399,-0.2182644158601761
67,pose,15,-1,0.6001204252243042,0.8295184373855591,-0.32784515619277954
67,pose,16,-1,0.449196994304657,0.7656386494636536,-0.3221469819545746
67,pose,17,-1,0.6088660955429077,0.8956795334815979,-0.36785370111465454
67,pose,18,-1,0.4426614046096802,0.8104814887046814,-0.35254594683647156
67,pose,19,-1,0.596434473991394,0.8977689146995544,-0.40508371591567993
67,pose,20,-1,0.44759395718574524,0.825421929359436,-0.40595483779907227
67,pose,21,-1,0.5897723436355591,0.8761293292045593,-0.34272295236587524
67,pose,22,-1,0.45364853739738464,0.8008305430412292,-0.34454816579818726
67,pose,23,-1,0.5521313548088074,0.7104092836380005,-0.014423813670873642
67,pose,24,-1,0.48064470291137695,0.7076054811477661,0.014637443237006664
67,pose,25,-1,0.549180805683136,0.9500038623809814,-0.08519401401281357
67,pose,26,-1,0.4882963299751282,0.9673203229904175,-0.022730398923158646
67,pose,27,-1,0.5414887070655823,1.157710075378418,0.28047001361846924
67,pose,28,-1,0.4839397668838501,1.1595021486282349,0.28768232464790344
67,pose,29,-1,0.5402056574821472,1.181123971939087,0.30862531065940857
67,pose,30,-1,0.4838866889476776,1.1834548711776733,0.3123512864112854
67,pose,31,-1,0.5420901775360107,1.2387455701828003,0.1652812510728836
67,pose,32,-1,0.4845327138900757,1.2412399053573608,0.14333850145339966
