frame,part,index,hand_index,x,y,z
1,hand,0,0,0.5668306350708008,0.8101885318756104,8.064139933594561e-08
1,hand,1,0,0.5530533194541931,0.8246683478355408,-0.007481001317501068
1,hand,2,0,0.5478728413581848,0.8492139577865601,-0.009892316535115242
1,hand,3,0,0.5443354845046997,0.8743258118629456,-0.010839921422302723
1,hand,4,0,0.5394445657730103,0.8935465812683105,-0.010786701925098896
1,hand,5,0,0.566213071346283,0.8725094795227051,-0.00436202110722661
1,hand,6,0,0.5571506023406982,0.9031100273132324,-0.006016282830387354
1,hand,7,0,0.5484302043914795,0.9055138826370239,-0.007396962959319353
1,hand,8,0,0.5426328778266907,0.9019954204559326,-0.007881036028265953
1,hand,9,0,0.5722755789756775,0.8724303841590881,-0.0004907054244540632
1,hand,10,0,0.5608465671539307,0.8995072245597839,-0.001224231324158609
1,hand,11,0,0.5511862635612488,0.9012614488601685,-0.002411946188658476
1,hand,12,0,0.5442667007446289,0.8976203203201294,-0.003292589448392391
1,hand,13,0,0.5744134783744812,0.8695533871650696,0.0027704276144504547
1,hand,14,0,0.5633975863456726,0.8926692605018616,0.0023102753330022097
1,hand,15,0,0.5545565485954285,0.8964346647262573,0.0013358620926737785
1,hand,16,0,0.5476551055908203,0.8951346278190613,0.000532055099029094
1,hand,17,0,0.5735625624656677,0.8663108944892883,0.005401413422077894
1,hand,18,0,0.5651010274887085,0.886134684085846,0.004905453883111477
1,hand,19,0,0.5577318072319031,0.8913155794143677,0.004634665325284004
1,hand,20,0,0.5515232682228088,0.8911998271942139,0.004689007997512817
1,hand,0,1,0.40223780274391174,0.8110398054122925,-7.033958127067308e-08
1,hand,1,1,0.4174026846885681,0.8246920108795166,-0.009115694090723991
1,hand,2,1,0.42518430948257446,0.850780725479126,-0.011709839105606079
1,hand,3,1,0.4294407367706299,0.8755998015403748,-0.01159017626196146
1,hand,4,1,0.4329477548599243,0.8949622511863708,-0.010419483296573162
1,hand,5,1,0.4074423015117645,0.8741485476493835,-0.011206552386283875
1,hand,6,1,0.41800856590270996,0.9044373035430908,-0.009998271241784096
1,hand,7,1,0.4270291030406952,0.9029443860054016,-0.00780051713809371
1,hand,8,1,0.4321485161781311,0.8956680297851562,-0.005998536478728056
1,hand,9,1,0.39966192841529846,0.8748998641967773,-0.004831027239561081
1,hand,10,1,0.41374531388282776,0.8937222957611084,-0.002974288072437048
1,hand,11,1,0.4215962588787079,0.8880137801170349,-0.001624285476282239
1,hand,12,1,0.4239937961101532,0.8785278797149658,-0.0014229449443519115
1,hand,13,1,0.3957277238368988,0.8708231449127197,0.0016191651811823249
1,hand,14,1,0.40992021560668945,0.8850602507591248,0.00309188524261117
1,hand,15,1,0.4163206219673157,0.8806965947151184,0.003493888070806861
1,hand,16,1,0.4183536469936371,0.8723871111869812,0.00304038031026721
1,hand,17,1,0.3939913213253021,0.8679627180099487,0.007695222273468971
1,hand,18,1,0.4052419662475586,0.8795874118804932,0.008113248273730278
1,hand,19,1,0.41092649102211,0.8760119676589966,0.00840009655803442
1,hand,20,1,0.41310805082321167,0.8692741990089417,0.008525916375219822
1,pose,0,-1,0.4782106280326843,0.2133665680885315,-0.4880821108818054
1,pose,1,-1,0.48976898193359375,0.18711137771606445,-0.4673372209072113
1,pose,2,-1,0.4962005019187927,0.1882382035255432,-0.4673655331134796
1,pose,3,-1,0.5020893812179565,0.18959271907806396,-0.4674701392650604
1,pose,4,-1,0.4692917764186859,0.18584144115447998,-0.4681950807571411
1,pose,5,-1,0.4626481235027313,0.1862163543701172,-0.4682518243789673
1,pose,6,-1,0.45697566866874695,0.18679511547088623,-0.4684183895587921
1,pose,7,-1,0.5134116411209106,0.20274925231933594,-0.32190701365470886
1,pose,8,-1,0.4521903991699219,0.2003856897354126,-0.3272448182106018
1,pose,9,-1,0.4909954369068146,0.24648134410381317,-0.43185675144195557
1,pose,10,-1,0.46568742394447327,0.24750442802906036,-0.43331989645957947
1,pose,11,-1,0.5628439784049988,0.3695748448371887,-0.21154706180095673
1,pose,12,-1,0.4052971601486206,0.3754076063632965,-0.24041122198104858
1,pose,13,-1,0.5756579041481018,0.5967166423797607,-0.13618628680706024
1,pose,14,-1,0.39320361614227295,0.5979518890380859,-0.21053317189216614
1,pose,15,-1,0.568435549736023,0.7981202006340027,-0.26482006907463074
1,pose,16,-1,0.40676218271255493,0.7996206879615784,-0.33681172132492065
1,pose,17,-1,0.5704447627067566,0.8540906310081482,-0.31191784143447876
1,pose,18,-1,0.4030143618583679,0.8626347184181213,-0.3809759318828583
1,pose,19,-1,0.5589773654937744,0.8525453209877014,-0.3459409475326538
1,pose,20,-1,0.4162525534629822,0.8598265051841736,-0.4198749363422394
1,pose,21,-1,0.5553103685379028,0.8337968587875366,-0.2803956866264343
1,pose,22,-1,0.4196420907974243,0.8370041847229004,-0.3540439307689667
1,pose,23,-1,0.529062807559967,0.7508076429367065,0.016208410263061523
1,pose,24,-1,0.4458390176296234,0.7552434802055359,-0.015777988359332085
1,pose,25,-1,0.5232337713241577,0.999560534954071,0.03790109604597092
1,pose,26,-1,0.46238380670547485,1.0057103633880615,0.04392905533313751
1,pose,27,-1,0.5366162061691284,1.2249631881713867,0.4806666672229767
1,pose,28,-1,0.4622824490070343,1.2482473850250244,0.38612261414527893
1,pose,29,-1,0.5358302593231201,1.255113124847412,0.5184663534164429
1,pose,30,-1,0.46361273527145386,1.2804279327392578,0.41450902819633484
1,pose,31,-1,0.5379655361175537,1.3196723461151123,0.3745722472667694
1,pose,32,-1,0.47651243209838867,1.3406445980072021,0.2311331182718277
2,hand,0,0,0.5670422315597534,0.8090769648551941,1.0302336761469633e-07
2,hand,1,0,0.5535268187522888,0.8239548206329346,-0.008098330348730087
2,hand,2,0,0.5479174852371216,0.8489803075790405,-0.010676262900233269
2,hand,3,0,0.5450642108917236,0.8745561242103577,-0.011591026559472084
2,hand,4,0,0.5401638150215149,0.8945728540420532,-0.01161807868629694
2,hand,5,0,0.5663485527038574,0.8723004460334778,-0.004399189259856939
2,hand,6,0,0.557113528251648,0.9012069702148438,-0.005489338655024767
2,hand,7,0,0.5483779907226562,0.9040960669517517,-0.006382695399224758
2,hand,8,0,0.5424672365188599,0.9008153080940247,-0.006487615406513214
2,hand,9,0,0.572472095489502,0.8722022771835327,2.818944449245464e-05
2,hand,10,0,0.5616596341133118,0.8985030651092529,-0.0005353291635401547
2,hand,11,0,0.5521541237831116,0.9002344012260437,-0.0015174427535384893
2,hand,12,0,0.5453482866287231,0.8966891765594482,-0.0018934138352051377
2,hand,13,0,0.5747347474098206,0.8690555691719055,0.0038780388422310352
2,hand,14,0,0.5648102164268494,0.8915611505508423,0.0034135766327381134
2,hand,15,0,0.5558900237083435,0.8944655060768127,0.0025565631221979856
2,hand,16,0,0.5491123199462891,0.892866849899292,0.00213907053694129
2,hand,17,0,0.574465274810791,0.8653146028518677,0.007100055925548077
2,hand,18,0,0.5674164295196533,0.8847382068634033,0.006382660940289497
2,hand,19,0,0.5601297616958618,0.8890618681907654,0.0061771017499268055
2,hand,20,0,0.5539998412132263,0.8887027502059937,0.006561747286468744
2,hand,0,1,0.4028454124927521,0.8097084164619446,-9.159926861457279e-08
2,hand,1,1,0.41799482703208923,0.8251906633377075,-0.007733662612736225
2,hand,2,1,0.4258079528808594,0.8515298962593079,-0.010047165676951408
2,hand,3,1,0.4305037558078766,0.8768109679222107,-0.01026116218417883
2,hand,4,1,0.4344940185546875,0.8953943252563477,-0.009311091154813766
2,hand,5,1,0.4091775417327881,0.8756153583526611,-0.007987864315509796
2,hand,6,1,0.4183255136013031,0.9054583311080933,-0.006806754041463137
2,hand,7,1,0.4265829920768738,0.9051634669303894,-0.0045306989923119545
2,hand,8,1,0.4318138659000397,0.8979281783103943,-0.0027338534127920866
2,hand,9,1,0.4007277190685272,0.8756831288337708,-0.002692967653274536
2,hand,10,1,0.41408970952033997,0.8941401839256287,-0.001337910653091967
2,hand,11,1,0.4213300943374634,0.887788712978363,-0.00029340959736146033
2,hand,12,1,0.4240557849407196,0.879152238368988,-9.42573242355138e-05
2,hand,13,1,0.3964656591415405,0.8719778060913086,0.0026066885329782963
2,hand,14,1,0.4100233316421509,0.8867159485816956,0.0034559888299554586
2,hand,15,1,0.41572636365890503,0.8815868496894836,0.003749423660337925
2,hand,16,1,0.41836604475975037,0.8729900121688843,0.00341393961571157
2,hand,17,1,0.3945540189743042,0.8679762482643127,0.0075751543045043945
2,hand,18,1,0.4049667418003082,0.8808146119117737,0.007591494359076023
2,hand,19,1,0.41067954897880554,0.877717137336731,0.0077162920497357845
2,hand,20,1,0.4139113128185272,0.8709881901741028,0.007923407480120659
2,pose,0,-1,0.4782262146472931,0.21326108276844025,-0.4814995527267456
2,pose,1,-1,0.4897456765174866,0.1870933175086975,-0.46102505922317505
2,pose,2,-1,0.4961828887462616,0.18817996978759766,-0.46109896898269653
2,pose,3,-1,0.5018381476402283,0.18936102092266083,-0.46114808320999146
2,pose,4,-1,0.46928536891937256,0.18585994839668274,-0.46038517355918884
2,pose,5,-1,0.4626769423484802,0.18623700737953186,-0.4604650139808655
2,pose,6,-1,0.4570007622241974,0.18682338297367096,-0.46063032746315
2,pose,7,-1,0.5126227736473083,0.20197494328022003,-0.3120914399623871
2,pose,8,-1,0.4523868262767792,0.20024777948856354,-0.3078552484512329
2,pose,9,-1,0.491260826587677,0.2461353987455368,-0.4244736433029175
2,pose,10,-1,0.4662494957447052,0.24736464023590088,-0.4233200252056122
2,pose,11,-1,0.5629811882972717,0.3694175183773041,-0.20487666130065918
2,pose,12,-1,0.406148225069046,0.3757586181163788,-0.21592150628566742
2,pose,13,-1,0.5758519768714905,0.5952328443527222,-0.1361948698759079
2,pose,14,-1,0.39312413334846497,0.597865641117096,-0.1835341602563858
2,pose,15,-1,0.5687638521194458,0.7962110638618469,-0.2859598994255066
2,pose,16,-1,0.4068394601345062,0.7996117472648621,-0.32918742299079895
2,pose,17,-1,0.572035014629364,0.8543031811714172,-0.3422371447086334
2,pose,18,-1,0.40349122881889343,0.8621774315834045,-0.3771704137325287
2,pose,19,-1,0.5602464079856873,0.852661669254303,-0.38029491901397705
2,pose,20,-1,0.41666078567504883,0.8595684766769409,-0.41925302147865295
2,pose,21,-1,0.5561205744743347,0.8335747718811035,-0.3033808767795563
2,pose,22,-1,0.4203263819217682,0.8370029926300049,-0.34834498167037964
2,pose,23,-1,0.5292418003082275,0.7638875246047974,0.008557599037885666
2,pose,24,-1,0.4459500312805176,0.7677944302558899,-0.0082180704921484
2,pose,25,-1,0.5229713320732117,0.9996549487113953,0.03517324849963188
2,pose,26,-1,0.4626784026622772,1.0081056356430054,0.05443370342254639
2,pose,27,-1,0.5366896390914917,1.2490910291671753,0.4525047242641449
2,pose,28,-1,0.4621785879135132,1.2607378959655762,0.3861390948295593
2,pose,29,-1,0.5360592603683472,1.2773208618164062,0.48671531677246094
2,pose,30,-1,0.4633345603942871,1.2921267747879028,0.41452163457870483
2,pose,31,-1,0.5363684892654419,1.3408101797103882,0.33399656414985657
2,pose,32,-1,0.47522392868995667,1.3496044874191284,0.2311384230852127
3,hand,0,0,0.5671358108520508,0.8078039884567261,1.0592566468403675e-07
3,hand,1,0,0.5541263818740845,0.8223450779914856,-0.007937289774417877
3,hand,2,0,0.548214852809906,0.8482488393783569,-0.010457496158778667
3,hand,3,0,0.5447527170181274,0.8737984895706177,-0.011354897171258926
3,hand,4,0,0.5403253436088562,0.8945009708404541,-0.01135016418993473
3,hand,5,0,0.5663126707077026,0.8714661598205566,-0.004495712928473949
3,hand,6,0,0.5576091408729553,0.9005721211433411,-0.006030541844666004
3,hand,7,0,0.5489386916160583,0.9038970470428467,-0.007293236907571554
3,hand,8,0,0.542985737323761,0.9011146426200867,-0.007617770694196224
3,hand,9,0,0.5724059343338013,0.8713478446006775,-0.000278096558758989
3,hand,10,0,0.5620020627975464,0.897674560546875,-0.0013091277796775103
3,hand,11,0,0.5525174736976624,0.90027916431427,-0.0025309037882834673
3,hand,12,0,0.5454682111740112,0.8975735306739807,-0.0030641183257102966
3,hand,13,0,0.574765145778656,0.8682602047920227,0.0033483540173619986
3,hand,14,0,0.5649038553237915,0.8906614184379578,0.0025971035938709974
3,hand,15,0,0.5561065673828125,0.8946322798728943,0.0016951485304161906
3,hand,16,0,0.549180805683136,0.8941184878349304,0.001225381507538259
3,hand,17,0,0.5744541883468628,0.8646578192710876,0.0063371434807777405
3,hand,18,0,0.5671675801277161,0.8840078115463257,0.005463828798383474
3,hand,19,0,0.5599220395088196,0.8887383937835693,0.005267413333058357
3,hand,20,0,0.5537040829658508,0.889007568359375,0.00565706891939044
3,hand,0,1,0.4031590521335602,0.8098959922790527,-9.26844450077624e-08
3,hand,1,1,0.41859716176986694,0.8261162042617798,-0.007232086267322302
3,hand,2,1,0.4263305068016052,0.8520235419273376,-0.009403862990438938
3,hand,3,1,0.4309884309768677,0.8775287866592407,-0.009550693444907665
3,hand,4,1,0.4351094663143158,0.896231472492218,-0.008543522097170353
3,hand,5,1,0.40957900881767273,0.8758845329284668,-0.007144656497985125
3,hand,6,1,0.41820982098579407,0.9057934284210205,-0.005396281369030476
3,hand,7,1,0.42630988359451294,0.9044957160949707,-0.0026316815055906773
3,hand,8,1,0.4314554035663605,0.896708607673645,-0.0005327676190063357
3,hand,9,1,0.4009610414505005,0.8760421276092529,-0.0018573026172816753
3,hand,10,1,0.41467833518981934,0.8938250541687012,-5.553274604608305e-05
3,hand,11,1,0.4213514029979706,0.8863813877105713,0.0012107773218303919
3,hand,12,1,0.42325669527053833,0.8771397471427917,0.0014582505682483315
3,hand,13,1,0.39651668071746826,0.8723928928375244,0.0034788809716701508
3,hand,14,1,0.4103489816188812,0.8864238262176514,0.004794296342879534
3,hand,15,1,0.4158433973789215,0.8808044791221619,0.005078054033219814
3,hand,16,1,0.41805240511894226,0.8716269135475159,0.004596078302711248
3,hand,17,1,0.39437106251716614,0.8685405850410461,0.00853678397834301
3,hand,18,1,0.4049442410469055,0.8806212544441223,0.009008420631289482
3,hand,19,1,0.4104183316230774,0.8769543766975403,0.009131615981459618
3,hand,20,1,0.41308918595314026,0.8700236082077026,0.009222690016031265
3,pose,0,-1,0.4781898260116577,0.21292676031589508,-0.45659536123275757
3,pose,1,-1,0.4895631968975067,0.18695566058158875,-0.43578165769577026
3,pose,2,-1,0.4960641860961914,0.1879599392414093,-0.43587759137153625
3,pose,3,-1,0.501423716545105,0.18894018232822418,-0.43590793013572693
3,pose,4,-1,0.4692178964614868,0.1858518421649933,-0.4343671202659607
3,pose,5,-1,0.46267491579055786,0.1862318515777588,-0.43443796038627625
3,pose,6,-1,0.4570011496543884,0.1868235170841217,-0.4345987141132355
3,pose,7,-1,0.5117847919464111,0.20136584341526031,-0.28887617588043213
3,pose,8,-1,0.45250552892684937,0.2001844048500061,-0.2812946140766144
3,pose,9,-1,0.4913392961025238,0.2454279065132141,-0.4009575843811035
3,pose,10,-1,0.4664252996444702,0.24695061147212982,-0.39862683415412903
3,pose,11,-1,0.5629985928535461,0.36945807933807373,-0.18853022158145905
3,pose,12,-1,0.4073123037815094,0.37590184807777405,-0.19364304840564728
3,pose,13,-1,0.5759131908416748,0.5951700210571289,-0.12792393565177917
3,pose,14,-1,0.3930572271347046,0.597449541091919,-0.16168539226055145
3,pose,15,-1,0.5693883895874023,0.7959170341491699,-0.28203022480010986
3,pose,16,-1,0.4069061279296875,0.7994904518127441,-0.30883416533470154
3,pose,17,-1,0.5733823776245117,0.8549368381500244,-0.33684417605400085
3,pose,18,-1,0.4042561650276184,0.8614891171455383,-0.3578614294528961
3,pose,19,-1,0.561578094959259,0.8530595898628235,-0.3744191825389862
3,pose,20,-1,0.41728436946868896,0.8592000007629395,-0.4013007581233978
3,pose,21,-1,0.5572284460067749,0.8335747122764587,-0.29911431670188904
3,pose,22,-1,0.42117083072662354,0.8369134068489075,-0.32828667759895325
3,pose,23,-1,0.529381513595581,0.7716426849365234,0.005554405506700277
3,pose,24,-1,0.44598835706710815,0.7752830386161804,-0.005226926412433386
3,pose,25,-1,0.522697389125824,0.9999514818191528,0.0326545275747776
3,pose,26,-1,0.46280112862586975,1.0095778703689575,0.0568329282104969
3,pose,27,-1,0.5366899371147156,1.2590548992156982,0.44242721796035767
3,pose,28,-1,0.46177229285240173,1.2661744356155396,0.38251104950904846
3,pose,29,-1,0.5361672043800354,1.287259817123413,0.47625795006752014
3,pose,30,-1,0.4627028703689575,1.2973601818084717,0.4105081260204315
3,pose,31,-1,0.5347386002540588,1.349034070968628,0.32444581389427185
3,pose,32,-1,0.4743116796016693,1.3534693717956543,0.229066401720047
4,hand,0,0,0.5666968822479248,0.808332085609436,1.1097418450844998e-07
4,hand,1,0,0.5536888837814331,0.8240436911582947,-0.007619201205670834
4,hand,2,0,0.5479124784469604,0.8492623567581177,-0.009968172758817673
4,hand,3,0,0.5443977117538452,0.874518632888794,-0.010675176978111267
4,hand,4,0,0.5401128530502319,0.8951095938682556,-0.010495567694306374
4,hand,5,0,0.5665832161903381,0.8715605735778809,-0.004093426279723644
4,hand,6,0,0.5576744079589844,0.9005953073501587,-0.005148963537067175
4,hand,7,0,0.548777163028717,0.9040636420249939,-0.006252980325371027
4,hand,8,0,0.5426077246665955,0.9015650749206543,-0.0065311347134411335
4,hand,9,0,0.5726626515388489,0.8716030120849609,0.00021704513346776366
4,hand,10,0,0.5618951320648193,0.8971207737922668,-9.885132021736354e-05
4,hand,11,0,0.5522592663764954,0.8996855616569519,-0.001208945526741445
4,hand,12,0,0.5451688766479492,0.8971776366233826,-0.0018486457411199808
4,hand,13,0,0.5749756693840027,0.868488073348999,0.003998037427663803
4,hand,14,0,0.5648241639137268,0.8900558352470398,0.0039626252837479115
4,hand,15,0,0.5560241937637329,0.8938108086585999,0.003070803824812174
4,hand,16,0,0.5490943193435669,0.8931832909584045,0.0024128274526447058
4,hand,17,0,0.5746545195579529,0.8648960590362549,0.007161668501794338
4,hand,18,0,0.567301332950592,0.8834420442581177,0.006848651450127363
4,hand,19,0,0.5599990487098694,0.8877875208854675,0.0067152888514101505
4,hand,20,0,0.5537229180335999,0.8875755071640015,0.0070389145985245705
4,hand,0,1,0.40307092666625977,0.8087137937545776,-9.802793954349909e-08
4,hand,1,1,0.41858065128326416,0.8252698183059692,-0.00709831528365612
4,hand,2,1,0.42644473910331726,0.8517366647720337,-0.00899894256144762
4,hand,3,1,0.43107226490974426,0.876768171787262,-0.008996035903692245
4,hand,4,1,0.43509456515312195,0.8956021070480347,-0.007901998236775398
4,hand,5,1,0.4098013639450073,0.8761780261993408,-0.006287948694080114
4,hand,6,1,0.41843345761299133,0.9053403735160828,-0.004894664976745844
4,hand,7,1,0.4268118143081665,0.9043100476264954,-0.0027123538311570883
4,hand,8,1,0.4321562647819519,0.8967515230178833,-0.0010079609928652644
4,hand,9,1,0.40098658204078674,0.8759925961494446,-0.0012163306819275022
4,hand,10,1,0.41513997316360474,0.8926256895065308,0.00022864423226565123
4,hand,11,1,0.42202529311180115,0.8848556876182556,0.0011475320206955075
4,hand,12,1,0.42404261231422424,0.8754639029502869,0.0012481608428061008
4,hand,13,1,0.3964883089065552,0.8718078136444092,0.0038024664390832186
4,hand,14,1,0.41086262464523315,0.8851333260536194,0.004674652125686407
4,hand,15,1,0.4164285957813263,0.8791839480400085,0.004826955497264862
4,hand,16,1,0.41864660382270813,0.870039165019989,0.004399123601615429
4,hand,17,1,0.394401490688324,0.8675642013549805,0.008533790707588196
4,hand,18,1,0.4052302837371826,0.8793724775314331,0.008709482848644257
4,hand,19,1,0.4106962978839874,0.8753743171691895,0.008875716477632523
4,hand,20,1,0.4132576882839203,0.868232786655426,0.00909869372844696
4,pose,0,-1,0.47814881801605225,0.2127976417541504,-0.4630195200443268
4,pose,1,-1,0.4894126057624817,0.1868842989206314,-0.44221925735473633
4,pose,2,-1,0.495951771736145,0.18786056339740753,-0.4422995448112488
4,pose,3,-1,0.5010872483253479,0.18874797224998474,-0.44234877824783325
4,pose,4,-1,0.46919187903404236,0.18583467602729797,-0.4413139522075653
4,pose,5,-1,0.4626934230327606,0.1862039566040039,-0.4413836598396301
4,pose,6,-1,0.4570290148258209,0.18678651750087738,-0.44154295325279236
4,pose,7,-1,0.5109208822250366,0.20118755102157593,-0.29530397057533264
4,pose,8,-1,0.452608585357666,0.19993464648723602,-0.29033908247947693
4,pose,9,-1,0.4913445711135864,0.24518994987010956,-0.4071502089500427
4,pose,10,-1,0.4664950668811798,0.246323361992836,-0.4056376814842224
4,pose,11,-1,0.5629199147224426,0.3690740764141083,-0.1926618218421936
4,pose,12,-1,0.407722532749176,0.3759220540523529,-0.2015025019645691
4,pose,13,-1,0.57607102394104,0.5950120687484741,-0.12962085008621216
4,pose,14,-1,0.39308464527130127,0.5960447788238525,-0.17058506608009338
4,pose,15,-1,0.5696465373039246,0.7958003878593445,-0.28621143102645874
4,pose,16,-1,0.4071674644947052,0.7992258667945862,-0.31448617577552795
4,pose,17,-1,0.5741047263145447,0.8550314903259277,-0.34317269921302795
4,pose,18,-1,0.4047308564186096,0.860457718372345,-0.36206531524658203
4,pose,19,-1,0.5621473789215088,0.8531509041786194,-0.3811797499656677
4,pose,20,-1,0.4175910949707031,0.8589407801628113,-0.40331870317459106
4,pose,21,-1,0.5577595829963684,0.8333867788314819,-0.30355972051620483
4,pose,22,-1,0.42169180512428284,0.8366914391517639,-0.33340319991111755
4,pose,23,-1,0.5297539234161377,0.7706761956214905,0.003855079645290971
4,pose,24,-1,0.44612154364585876,0.7754944562911987,-0.0035264326725155115
4,pose,25,-1,0.5226219892501831,0.9996677041053772,0.027016405016183853
4,pose,26,-1,0.46241283416748047,1.0074396133422852,0.06810181587934494
4,pose,27,-1,0.5371736288070679,1.2582330703735352,0.43605121970176697
4,pose,28,-1,0.4618525207042694,1.2648779153823853,0.39805498719215393
4,pose,29,-1,0.5370321869850159,1.2866004705429077,0.47005409002304077
4,pose,30,-1,0.4628165662288666,1.2961127758026123,0.42736244201660156
4,pose,31,-1,0.5347592830657959,1.3480256795883179,0.31789353489875793
4,pose,32,-1,0.47432953119277954,1.352773666381836,0.24980808794498444
5,hand,0,0,0.566228985786438,0.8081896305084229,1.1089634455174746e-07
5,hand,1,0,0.5532048344612122,0.8248385787010193,-0.007579956203699112
5,hand,2,0,0.5476628541946411,0.8500275611877441,-0.00994713231921196
5,hand,3,0,0.5445083975791931,0.8750984072685242,-0.01066614780575037
5,hand,4,0,0.5400211811065674,0.8949928879737854,-0.010498696006834507
5,hand,5,0,0.5666028261184692,0.8717641234397888,-0.004187385551631451
5,hand,6,0,0.5574747323989868,0.9003098607063293,-0.0050751082599163055
5,hand,7,0,0.5486702919006348,0.9037781953811646,-0.0059941112995147705
5,hand,8,0,0.5425983667373657,0.9014143943786621,-0.006181814707815647
5,hand,9,0,0.5726904273033142,0.8715641498565674,8.494615030940622e-05
5,hand,10,0,0.5616288781166077,0.8968930840492249,-7.957223715493456e-05
5,hand,11,0,0.5520667433738708,0.899578332901001,-0.0009897267445921898
5,hand,12,0,0.5450899600982666,0.8972755670547485,-0.0014720853650942445
5,hand,13,0,0.5749377608299255,0.8682270646095276,0.003844622755423188
5,hand,14,0,0.5646772384643555,0.8898988366127014,0.0038203331641852856
5,hand,15,0,0.5559112429618835,0.8937128782272339,0.003014439484104514
5,hand,16,0,0.5490691065788269,0.8932266235351562,0.0024582333862781525
5,hand,17,0,0.5746712684631348,0.8644493222236633,0.006997682154178619
5,hand,18,0,0.5673008561134338,0.8830041885375977,0.006565353367477655
5,hand,19,0,0.5600852370262146,0.887359082698822,0.006412535905838013
5,hand,20,0,0.5538719296455383,0.8874418139457703,0.0067749847657978535
5,hand,0,1,0.40314286947250366,0.8091729879379272,-9.304762471629147e-08
5,hand,1,1,0.4183458089828491,0.8249370455741882,-0.007513444870710373
5,hand,2,1,0.4263034164905548,0.8505160808563232,-0.009938592091202736
5,hand,3,1,0.4310753643512726,0.876087486743927,-0.01031359564512968
5,hand,4,1,0.43502771854400635,0.8953338861465454,-0.009518878534436226
5,hand,5,1,0.4097585678100586,0.8755789399147034,-0.007531254086643457
5,hand,6,1,0.418908953666687,0.9061197638511658,-0.005924173165112734
5,hand,7,1,0.42710185050964355,0.9046390056610107,-0.0032223036978393793
5,hand,8,1,0.43220773339271545,0.8968096375465393,-0.0011657621944323182
5,hand,9,1,0.40114182233810425,0.8759866952896118,-0.0021022313740104437
5,hand,10,1,0.4152653217315674,0.8936272859573364,-0.0005722730420529842
5,hand,11,1,0.42204749584198,0.8858310580253601,0.000505794829223305
5,hand,12,1,0.42411959171295166,0.8765290379524231,0.0006797556416131556
5,hand,13,1,0.3967251181602478,0.8724709749221802,0.00340018211863935
5,hand,14,1,0.41090115904808044,0.8863004446029663,0.004536555614322424
5,hand,15,1,0.4163092076778412,0.8803187012672424,0.004757452290505171
5,hand,16,1,0.41861897706985474,0.871131181716919,0.004269951954483986
5,hand,17,1,0.39466628432273865,0.868816614151001,0.008612473495304585
5,hand,18,1,0.4054601788520813,0.8809285163879395,0.008927355520427227
5,hand,19,1,0.41082876920700073,0.8770087361335754,0.009028419852256775
5,hand,20,1,0.4135192334651947,0.8700566291809082,0.009153504855930805
5,pose,0,-1,0.47814810276031494,0.21279416978359222,-0.4662981927394867
5,pose,1,-1,0.48933571577072144,0.18683217465877533,-0.44558829069137573
5,pose,2,-1,0.49586713314056396,0.18776121735572815,-0.44566285610198975
5,pose,3,-1,0.5008370280265808,0.1885623037815094,-0.4457200765609741
5,pose,4,-1,0.46919068694114685,0.18583419919013977,-0.44494420289993286
5,pose,5,-1,0.46276646852493286,0.18620070815086365,-0.4450170695781708
5,pose,6,-1,0.457105815410614,0.18678706884384155,-0.4451785683631897
5,pose,7,-1,0.5101343393325806,0.20109449326992035,-0.29878395795822144
5,pose,8,-1,0.45272448658943176,0.19993525743484497,-0.2953824996948242
5,pose,9,-1,0.49135828018188477,0.2450903207063675,-0.410341739654541
5,pose,10,-1,0.4666587710380554,0.24620994925498962,-0.4092448949813843
5,pose,11,-1,0.5627408623695374,0.3686211109161377,-0.1947692334651947
5,pose,12,-1,0.4078941345214844,0.3760107159614563,-0.20627324283123016
5,pose,13,-1,0.5761910080909729,0.594909131526947,-0.13125380873680115
5,pose,14,-1,0.39309078454971313,0.5951297283172607,-0.17504335939884186
5,pose,15,-1,0.5698413252830505,0.7957037687301636,-0.2879195511341095
5,pose,16,-1,0.4072098135948181,0.7990771532058716,-0.31719982624053955
5,pose,17,-1,0.574526846408844,0.855044424533844,-0.34484440088272095
5,pose,18,-1,0.40484416484832764,0.8601462244987488,-0.36439865827560425
5,pose,19,-1,0.5627101063728333,0.8532403111457825,-0.38327693939208984
5,pose,20,-1,0.4176480174064636,0.8589333891868591,-0.4046880006790161
5,pose,21,-1,0.5582951903343201,0.8333253264427185,-0.3054370582103729
5,pose,22,-1,0.42182284593582153,0.8366726040840149,-0.3359729051589966
5,pose,23,-1,0.5300926566123962,0.770065426826477,0.0037663853727281094
5,pose,24,-1,0.44639474153518677,0.7760080695152283,-0.0034454367123544216
5,pose,25,-1,0.5222773551940918,0.9994692206382751,0.030744383111596107
5,pose,26,-1,0.4621802568435669,1.0071552991867065,0.07381889224052429
5,pose,27,-1,0.5374285578727722,1.2567499876022339,0.44423726201057434
5,pose,28,-1,0.4618534445762634,1.2640784978866577,0.4053201377391815
5,pose,29,-1,0.5375747680664062,1.2851256132125854,0.47900649905204773
5,pose,30,-1,0.46283993124961853,1.2960089445114136,0.4350472092628479
5,pose,31,-1,0.5346829295158386,1.3463791608810425,0.3292936682701111
5,pose,32,-1,0.474294513463974,1.352419376373291,0.2600991427898407
6,hand,0,0,0.5661505460739136,0.8090610504150391,1.0718709120283165e-07
6,hand,1,0,0.552857518196106,0.8235530853271484,-0.008109141141176224
6,hand,2,0,0.5473045706748962,0.8484508991241455,-0.010764576494693756
6,hand,3,0,0.5442990660667419,0.8739398121833801,-0.011581625789403915
6,hand,4,0,0.5396453738212585,0.8941278457641602,-0.011452322825789452
6,hand,5,0,0.5657798051834106,0.8710286021232605,-0.0058692581951618195
6,hand,6,0,0.5570199489593506,0.9007142782211304,-0.006906954571604729
6,hand,7,0,0.5482854843139648,0.9039190411567688,-0.007346788886934519
6,hand,8,0,0.5423981547355652,0.9010776281356812,-0.007099421229213476
6,hand,9,0,0.5721333622932434,0.8714197278022766,-0.0012929282383993268
6,hand,10,0,0.5610063076019287,0.8978657722473145,-0.0017489684978500009
6,hand,11,0,0.5512778162956238,0.8999089598655701,-0.002298639388754964
6,hand,12,0,0.5443916320800781,0.8968560695648193,-0.0024404434952884912
6,hand,13,0,0.5745325684547424,0.8686713576316833,0.002825450850650668
6,hand,14,0,0.5640643835067749,0.8907195925712585,0.002548703458160162
6,hand,15,0,0.555008590221405,0.8936514258384705,0.0019108883570879698
6,hand,16,0,0.5481612682342529,0.8921470642089844,0.001519724726676941
6,hand,17,0,0.5743852257728577,0.8652439713478088,0.006337118335068226
6,hand,18,0,0.5667229890823364,0.8837841749191284,0.0057471320033073425
6,hand,19,0,0.559320867061615,0.8877779245376587,0.005557593423873186
6,hand,20,0,0.5531690120697021,0.8873544931411743,0.005898052826523781
6,hand,0,1,0.40319493412971497,0.8077021241188049,-9.417927770982715e-08
6,hand,1,1,0.4183676242828369,0.8243837952613831,-0.007315800059586763
6,hand,2,1,0.42623579502105713,0.8508478403091431,-0.009395209141075611
6,hand,3,1,0.4309723377227783,0.8763002157211304,-0.009457925334572792
6,hand,4,1,0.4345358610153198,0.8953580856323242,-0.008338931016623974
6,hand,5,1,0.4096384048461914,0.8758459687232971,-0.0066542550921440125
6,hand,6,1,0.41839540004730225,0.905691921710968,-0.004877097904682159
6,hand,7,1,0.42667168378829956,0.9044748544692993,-0.0023250991944223642
6,hand,8,1,0.43219223618507385,0.8970854878425598,-0.0004070441937074065
6,hand,9,1,0.40090247988700867,0.8758261203765869,-0.0012944524642080069
6,hand,10,1,0.41453367471694946,0.893593430519104,0.00043245803681202233
6,hand,11,1,0.42147713899612427,0.8866097927093506,0.0013096140464767814
6,hand,12,1,0.42396116256713867,0.8775094151496887,0.001314688939601183
6,hand,13,1,0.39635801315307617,0.8718547821044922,0.004106796812266111
6,hand,14,1,0.41003191471099854,0.8860905170440674,0.005324807018041611
6,hand,15,1,0.41577959060668945,0.8808013200759888,0.005344308912754059
6,hand,16,1,0.41849303245544434,0.8718573451042175,0.004728186409920454
6,hand,17,1,0.39412611722946167,0.867928683757782,0.00923309475183487
6,hand,18,1,0.4043603539466858,0.8806662559509277,0.009600494988262653
6,hand,19,1,0.41014349460601807,0.8770602345466614,0.009679540060460567
6,hand,20,1,0.41326475143432617,0.8700196146965027,0.009789109230041504
6,pose,0,-1,0.4781701862812042,0.21279622614383698,-0.46305516362190247
6,pose,1,-1,0.48931974172592163,0.18681198358535767,-0.4421881437301636
6,pose,2,-1,0.49584105610847473,0.18770141899585724,-0.44227325916290283
6,pose,3,-1,0.5007239580154419,0.18845446407794952,-0.44232282042503357
6,pose,4,-1,0.46920377016067505,0.18584510684013367,-0.44154560565948486
6,pose,5,-1,0.46286821365356445,0.1862100213766098,-0.4416188597679138
6,pose,6,-1,0.4571896195411682,0.18683485686779022,-0.44177642464637756
6,pose,7,-1,0.5097894072532654,0.201092928647995,-0.2945888936519623
6,pose,8,-1,0.45280346274375916,0.20011383295059204,-0.29114487767219543
6,pose,9,-1,0.4914199709892273,0.24501416087150574,-0.4070081114768982
6,pose,10,-1,0.4668615460395813,0.24618691205978394,-0.40584641695022583
6,pose,11,-1,0.5626006722450256,0.36858129501342773,-0.19333118200302124
6,pose,12,-1,0.40802982449531555,0.37601470947265625,-0.20209702849388123
6,pose,13,-1,0.5763189792633057,0.5949100255966187,-0.13140706717967987
6,pose,14,-1,0.39309677481651306,0.5946606397628784,-0.17038944363594055
6,pose,15,-1,0.5698655247688293,0.795811116695404,-0.2884000539779663
6,pose,16,-1,0.40745243430137634,0.7987139821052551,-0.3148981034755707
6,pose,17,-1,0.5745049118995667,0.855871319770813,-0.34616103768348694
6,pose,18,-1,0.40522029995918274,0.8594387173652649,-0.3640541136264801
6,pose,19,-1,0.5627246499061584,0.8537158370018005,-0.3847479820251465
6,pose,20,-1,0.4179142713546753,0.8587327599525452,-0.4058057367801666
6,pose,21,-1,0.5583670735359192,0.8333525061607361,-0.30604392290115356
6,pose,22,-1,0.4221707880496979,0.8362955451011658,-0.33412379026412964
6,pose,23,-1,0.5302916765213013,0.7713651657104492,0.0035818542819470167
6,pose,24,-1,0.44661781191825867,0.7773545980453491,-0.0032584131695330143
6,pose,25,-1,0.5222647190093994,0.9998908042907715,0.038096047937870026
6,pose,26,-1,0.4618752598762512,1.007201075553894,0.07365310192108154
6,pose,27,-1,0.5375873446464539,1.260303020477295,0.44828030467033386
6,pose,28,-1,0.46184042096138,1.2651886940002441,0.4024311900138855
6,pose,29,-1,0.5378892421722412,1.2888377904891968,0.4835934340953827
6,pose,30,-1,0.46282416582107544,1.2966206073760986,0.43173301219940186
6,pose,31,-1,0.5344960689544678,1.3493032455444336,0.3344506025314331
6,pose,32,-1,0.47422730922698975,1.3528592586517334,0.2546735107898712
7,hand,0,0,0.5664865970611572,0.8085849285125732,1.0790514437530874e-07
7,hand,1,0,0.55295729637146,0.8228161334991455,-0.007886093109846115
7,hand,2,0,0.5470790863037109,0.848085343837738,-0.010545533150434494
7,hand,3,0,0.5443122386932373,0.8734749555587769,-0.011546780355274677
7,hand,4,0,0.5402365922927856,0.8936744332313538,-0.011652922257781029
7,hand,5,0,0.5658576488494873,0.8701955080032349,-0.005534765776246786
7,hand,6,0,0.5568382740020752,0.8999047875404358,-0.007369903847575188
7,hand,7,0,0.5481426119804382,0.9038698673248291,-0.008581623435020447
7,hand,8,0,0.5421009063720703,0.9014977812767029,-0.008820434100925922
7,hand,9,0,0.5721521973609924,0.8707398176193237,-0.0014321787748485804
7,hand,10,0,0.561083972454071,0.8981180191040039,-0.0028352802619338036
7,hand,11,0,0.5512595176696777,0.9008316397666931,-0.003973643761128187
7,hand,12,0,0.5442082285881042,0.8979237079620361,-0.004387524910271168
7,hand,13,0,0.5745115280151367,0.8684473037719727,0.002151123946532607
7,hand,14,0,0.5639765858650208,0.8917300701141357,0.0010575091000646353
7,hand,15,0,0.5548588037490845,0.895214855670929,0.0002134831593139097
7,hand,16,0,0.5479763746261597,0.89400714635849,-0.00014548619219567627
7,hand,17,0,0.574431300163269,0.8654670119285583,0.0051249242387712
7,hand,18,0,0.5666432976722717,0.8850710988044739,0.0039964052848517895
7,hand,19,0,0.5592926144599915,0.8896144032478333,0.003726723836734891
7,hand,20,0,0.5531771779060364,0.8897015452384949,0.0040795993991196156
7,hand,0,1,0.4027322828769684,0.8072943687438965,-9.6336151500509e-08
7,hand,1,1,0.4180540144443512,0.8240995407104492,-0.007507809437811375
7,hand,2,1,0.4260481894016266,0.850664496421814,-0.009604333899915218
7,hand,3,1,0.43065521121025085,0.8762536644935608,-0.00965446513146162
7,hand,4,1,0.4343159794807434,0.895504891872406,-0.008549900725483894
7,hand,5,1,0.4093123972415924,0.876224160194397,-0.006776460446417332
7,hand,6,1,0.41826656460762024,0.9058674573898315,-0.005023800302296877
7,hand,7,1,0.4265197217464447,0.9044257998466492,-0.0024949663784354925
7,hand,8,1,0.43182769417762756,0.8968281149864197,-0.0006094633135944605
7,hand,9,1,0.40057674050331116,0.8762802481651306,-0.0013317030388861895
7,hand,10,1,0.4146130681037903,0.8929908871650696,0.00026845550746656954
7,hand,11,1,0.4213970899581909,0.8850423693656921,0.0010687012691050768
7,hand,12,1,0.4235808551311493,0.8752437233924866,0.001034582033753395
7,hand,13,1,0.3961887061595917,0.8722480535507202,0.004144856706261635
7,hand,14,1,0.41024670004844666,0.8855161666870117,0.005191290285438299
7,hand,15,1,0.41577622294425964,0.8792015314102173,0.005104721523821354
7,hand,16,1,0.41822296380996704,0.8694486021995544,0.0044357143342494965
7,hand,17,1,0.3941848874092102,0.8681210875511169,0.009328515268862247
7,hand,18,1,0.4047609567642212,0.879776120185852,0.00952918827533722
7,hand,19,1,0.41028380393981934,0.8753429651260376,0.009464288130402565
7,hand,20,1,0.4130902886390686,0.8678498864173889,0.009495386853814125
7,pose,0,-1,0.47824400663375854,0.2133365422487259,-0.4677894711494446
7,pose,1,-1,0.48931702971458435,0.18688061833381653,-0.4473077952861786
7,pose,2,-1,0.4958358108997345,0.1877172589302063,-0.44740551710128784
7,pose,3,-1,0.5006690621376038,0.18845729529857635,-0.4474504590034485
7,pose,4,-1,0.46922704577445984,0.18608152866363525,-0.44673585891723633
7,pose,5,-1,0.46296483278274536,0.18647204339504242,-0.44680652022361755
7,pose,6,-1,0.45725470781326294,0.18728044629096985,-0.4469580352306366
7,pose,7,-1,0.5096314549446106,0.2011573314666748,-0.2963617742061615
7,pose,8,-1,0.452845960855484,0.20076879858970642,-0.291778028011322
7,pose,9,-1,0.4915495812892914,0.24513953924179077,-0.41033637523651123
7,pose,10,-1,0.4670822322368622,0.2466767132282257,-0.40896740555763245
7,pose,11,-1,0.562538206577301,0.3685990571975708,-0.1948479861021042
7,pose,12,-1,0.4080440104007721,0.37602469325065613,-0.20573915541172028
7,pose,13,-1,0.5764046907424927,0.5949838161468506,-0.13447360694408417
7,pose,14,-1,0.3930782973766327,0.5939883589744568,-0.17321671545505524
7,pose,15,-1,0.570073664188385,0.7958152890205383,-0.2944539487361908
7,pose,16,-1,0.4074968993663788,0.7985543608665466,-0.31638187170028687
7,pose,17,-1,0.5745863318443298,0.856003999710083,-0.35280275344848633
7,pose,18,-1,0.40528878569602966,0.8591047525405884,-0.36418572068214417
7,pose,19,-1,0.5628232359886169,0.8537266850471497,-0.3923473358154297
7,pose,20,-1,0.41794100403785706,0.8586893677711487,-0.40761181712150574
7,pose,21,-1,0.5585193634033203,0.833190381526947,-0.31245148181915283
7,pose,22,-1,0.4222184419631958,0.8361984491348267,-0.33523476123809814
7,pose,23,-1,0.530282735824585,0.7714837789535522,0.003244764870032668
7,pose,24,-1,0.4466700851917267,0.7772489786148071,-0.002932613017037511
7,pose,25,-1,0.5214577317237854,1.0004160404205322,0.03772519528865814
7,pose,26,-1,0.4618557393550873,1.0064831972122192,0.07050523906946182
7,pose,27,-1,0.5370883941650391,1.260929822921753,0.44386613368988037
7,pose,28,-1,0.4610244929790497,1.2646394968032837,0.3956751227378845
7,pose,29,-1,0.5374558568000793,1.2889354228973389,0.4779087007045746
7,pose,30,-1,0.4622533619403839,1.2959802150726318,0.4241124987602234
7,pose,31,-1,0.5327660441398621,1.3497742414474487,0.3268613815307617
7,pose,32,-1,0.47210875153541565,1.3527607917785645,0.2483285516500473
8,hand,0,0,0.5663941502571106,0.8085839152336121,1.1376405240071108e-07
8,hand,1,0,0.55268794298172,0.8218791484832764,-0.007810720708221197
8,hand,2,0,0.5469481348991394,0.8465578556060791,-0.01043639425188303
8,hand,3,0,0.5441139340400696,0.8721957206726074,-0.011268780566751957
8,hand,4,0,0.5401070713996887,0.8920016288757324,-0.01126593817025423
8,hand,5,0,0.564805269241333,0.8691419959068298,-0.0064789168536663055
8,hand,6,0,0.5561360716819763,0.8992541432380676,-0.007986304350197315
8,hand,7,0,0.5475355386734009,0.9036082029342651,-0.008721204474568367
8,hand,8,0,0.5411562323570251,0.9020360112190247,-0.008685555309057236
8,hand,9,0,0.5717713236808777,0.869961142539978,-0.002183094620704651
8,hand,10,0,0.5607730150222778,0.8979513049125671,-0.003366338089108467
8,hand,11,0,0.5508593320846558,0.9002606868743896,-0.004079654812812805
8,hand,12,0,0.5434471368789673,0.8970378637313843,-0.004201243631541729
8,hand,13,0,0.5747807025909424,0.8674692511558533,0.0017359014600515366
8,hand,14,0,0.564248263835907,0.8907561302185059,0.0010242657735943794
8,hand,15,0,0.5550619959831238,0.893918514251709,0.0004847959498874843
8,hand,16,0,0.5480031371116638,0.8922891616821289,0.00024318011128343642
8,hand,17,0,0.5751062035560608,0.863865077495575,0.005071824882179499
8,hand,18,0,0.5671830773353577,0.8827658891677856,0.004266992211341858
8,hand,19,0,0.5597776174545288,0.8869641423225403,0.004142994061112404
8,hand,20,0,0.5536406636238098,0.8865441083908081,0.0045555355027318
8,hand,0,1,0.40191054344177246,0.806740403175354,-9.704601922067013e-08
8,hand,1,1,0.4170379340648651,0.8233529329299927,-0.00801045075058937
8,hand,2,1,0.4249034523963928,0.8497219085693359,-0.010286672040820122
8,hand,3,1,0.4297594726085663,0.8753804564476013,-0.010458556935191154
8,hand,4,1,0.43373817205429077,0.8944532871246338,-0.009409644640982151
8,hand,5,1,0.40885257720947266,0.8763631582260132,-0.0070223030634224415
8,hand,6,1,0.41790318489074707,0.9058576226234436,-0.0057948194444179535
8,hand,7,1,0.42631611227989197,0.9036356210708618,-0.00374996243044734
8,hand,8,1,0.43134698271751404,0.8951717615127563,-0.00213386258110404
8,hand,9,1,0.40033668279647827,0.8765692114830017,-0.0014708355301991105
8,hand,10,1,0.4140361547470093,0.8932409882545471,-0.00028392826789058745
8,hand,11,1,0.4211638271808624,0.8859596252441406,0.0001524326071375981
8,hand,12,1,0.42380210757255554,0.877022922039032,-5.3620296966983005e-05
8,hand,13,1,0.396004319190979,0.8724815249443054,0.004035639576613903
8,hand,14,1,0.4097743332386017,0.8856784701347351,0.00467002484947443
8,hand,15,1,0.4154127836227417,0.8799989223480225,0.004422054160386324
8,hand,16,1,0.41805675625801086,0.8709473013877869,0.003776296740397811
8,hand,17,1,0.3940297067165375,0.8683445453643799,0.009212331846356392
8,hand,18,1,0.40475520491600037,0.8800544142723083,0.009121707640588284
8,hand,19,1,0.4101111888885498,0.8760493397712708,0.00906067993491888
8,hand,20,1,0.41275522112846375,0.868961751461029,0.009210517629981041
8,pose,0,-1,0.4783184826374054,0.21338507533073425,-0.48450735211372375
8,pose,1,-1,0.4893154501914978,0.1868753284215927,-0.4637792706489563
8,pose,2,-1,0.49583277106285095,0.18768830597400665,-0.4638720154762268
8,pose,3,-1,0.5006251931190491,0.18839946389198303,-0.4639255106449127
8,pose,4,-1,0.46924054622650146,0.18610182404518127,-0.4632096588611603
8,pose,5,-1,0.4630129635334015,0.18649646639823914,-0.46330705285072327
8,pose,6,-1,0.45727381110191345,0.1873607486486435,-0.46345582604408264
8,pose,7,-1,0.5095231533050537,0.20115406811237335,-0.310230553150177
8,pose,8,-1,0.4528496563434601,0.20102229714393616,-0.30668288469314575
8,pose,9,-1,0.49164819717407227,0.2451336681842804,-0.42592954635620117
8,pose,10,-1,0.4672086536884308,0.24674533307552338,-0.42484012246131897
8,pose,11,-1,0.5624397397041321,0.36860767006874084,-0.2048204094171524
8,pose,12,-1,0.40802305936813354,0.37603533267974854,-0.20851871371269226
8,pose,13,-1,0.5767624378204346,0.5949899554252625,-0.13934536278247833
8,pose,14,-1,0.3929937779903412,0.5938866138458252,-0.17519481480121613
8,pose,15,-1,0.5700743198394775,0.7957333922386169,-0.2976531684398651
8,pose,16,-1,0.4074752926826477,0.7982651591300964,-0.3165108561515808
8,pose,17,-1,0.5745612382888794,0.8559691309928894,-0.35594841837882996
8,pose,18,-1,0.40528014302253723,0.8582218289375305,-0.36627036333084106
8,pose,19,-1,0.5628036260604858,0.8535778522491455,-0.3957424461841583
8,pose,20,-1,0.4178973138332367,0.8581007719039917,-0.41063013672828674
8,pose,21,-1,0.5585306882858276,0.8327017426490784,-0.31554698944091797
8,pose,22,-1,0.42219945788383484,0.83571857213974,-0.33587542176246643
8,pose,23,-1,0.5303541421890259,0.7713403701782227,0.003277730895206332
8,pose,24,-1,0.4466729760169983,0.77737957239151,-0.0029837910551577806
8,pose,25,-1,0.5211158990859985,1.00118088722229,0.04070134088397026
8,pose,26,-1,0.46184471249580383,1.0063018798828125,0.07149220257997513
8,pose,27,-1,0.5370892882347107,1.2601664066314697,0.46518272161483765
8,pose,28,-1,0.4608471095561981,1.264225959777832,0.4066123366355896
8,pose,29,-1,0.5374644994735718,1.287937045097351,0.5013293027877808
8,pose,30,-1,0.462239533662796,1.2956347465515137,0.436501681804657
8,pose,31,-1,0.532600998878479,1.3496843576431274,0.3503807485103607
8,pose,32,-1,0.47153952717781067,1.3524906635284424,0.25875571370124817
9,hand,0,0,0.5656383037567139,0.8059591054916382,1.1810850253368699e-07
9,hand,1,0,0.5518972873687744,0.8182259798049927,-0.009018857032060623
9,hand,2,0,0.5459523797035217,0.8438629508018494,-0.012199312448501587
9,hand,3,0,0.5430612564086914,0.8705248236656189,-0.013039685785770416
9,hand,4,0,0.5396326184272766,0.8912227153778076,-0.012929295189678669
9,hand,5,0,0.5639422535896301,0.8669396638870239,-0.009670215658843517
9,hand,6,0,0.5559365749359131,0.8982753753662109,-0.011026551015675068
9,hand,7,0,0.5466263294219971,0.9024800658226013,-0.010793382301926613
9,hand,8,0,0.5396792888641357,0.900159478187561,-0.009980477392673492
9,hand,9,0,0.5719460248947144,0.8673126101493835,-0.004482812248170376
9,hand,10,0,0.5613054037094116,0.8976058959960938,-0.0054750158451497555
9,hand,11,0,0.5508842468261719,0.8988050818443298,-0.005179781466722488
9,hand,12,0,0.5434914231300354,0.8946096301078796,-0.004571028519421816
9,hand,13,0,0.5757333636283875,0.864168643951416,0.0004594367928802967
9,hand,14,0,0.5655673742294312,0.8890145421028137,0.00011766502575483173
9,hand,15,0,0.5559308528900146,0.8914117813110352,0.0003432726953178644
9,hand,16,0,0.5488420128822327,0.8889105916023254,0.000498371256981045
9,hand,17,0,0.5766388773918152,0.859574556350708,0.004753219895064831
9,hand,18,0,0.5688982009887695,0.8786407113075256,0.004080307669937611
9,hand,19,0,0.5611357688903809,0.882417619228363,0.0040724691934883595
9,hand,20,0,0.5549970269203186,0.8817902207374573,0.004513381514698267
9,hand,0,1,0.40148693323135376,0.8067295551300049,-9.65015587439666e-08
9,hand,1,1,0.4166623651981354,0.8232718110084534,-0.008128924295306206
9,hand,2,1,0.4247379004955292,0.8502472639083862,-0.01043209619820118
9,hand,3,1,0.42973870038986206,0.8766074180603027,-0.010425820015370846
9,hand,4,1,0.43345826864242554,0.8963732123374939,-0.009141521528363228
9,hand,5,1,0.40819045901298523,0.874862790107727,-0.008465096354484558
9,hand,6,1,0.4172673225402832,0.9061084389686584,-0.007185803260654211
9,hand,7,1,0.42578789591789246,0.9041048288345337,-0.004662543069571257
9,hand,8,1,0.43105030059814453,0.8956578969955444,-0.0026464310940355062
9,hand,9,1,0.3997308611869812,0.8751841187477112,-0.0025917100720107555
9,hand,10,1,0.41361337900161743,0.8942065238952637,-0.0012328721350058913
9,hand,11,1,0.42106786370277405,0.8877606391906738,-0.00032825529342517257
9,hand,12,1,0.42401957511901855,0.8788767457008362,-0.0002772739389911294
9,hand,13,1,0.3954542875289917,0.8717262148857117,0.003342431504279375
9,hand,14,1,0.40955492854118347,0.8863846659660339,0.00427949009463191
9,hand,15,1,0.41550537943840027,0.8815237283706665,0.00432692002505064
9,hand,16,1,0.41849401593208313,0.8728488087654114,0.0037539307959377766
9,hand,17,1,0.39345791935920715,0.8682806491851807,0.008975057862699032
9,hand,18,1,0.40441522002220154,0.8810783624649048,0.009056962095201015
9,hand,19,1,0.41017359495162964,0.877562403678894,0.009097159840166569
9,hand,20,1,0.41331079602241516,0.8708705306053162,0.009247547946870327
9,pose,0,-1,0.478339821100235,0.21353742480278015,-0.4781849980354309
9,pose,1,-1,0.4892933964729309,0.1868768185377121,-0.4574558138847351
9,pose,2,-1,0.4958076775074005,0.18768402934074402,-0.4575621485710144
9,pose,3,-1,0.5005252957344055,0.18838900327682495,-0.45760634541511536
9,pose,4,-1,0.4692404568195343,0.18615464866161346,-0.4565344750881195
9,pose,5,-1,0.4630223214626312,0.18655437231063843,-0.4566306471824646
9,pose,6,-1,0.4572772979736328,0.1875029057264328,-0.4567860960960388
9,pose,7,-1,0.5093065500259399,0.2011798620223999,-0.3050098717212677
9,pose,8,-1,0.452850341796875,0.20134741067886353,-0.3005967438220978
9,pose,9,-1,0.49167636036872864,0.24516183137893677,-0.41998183727264404
9,pose,10,-1,0.4672382175922394,0.24695028364658356,-0.4184785485267639
9,pose,11,-1,0.5622453689575195,0.3685888350009918,-0.20274466276168823
9,pose,12,-1,0.4079974591732025,0.37606701254844666,-0.2020738422870636
9,pose,13,-1,0.576875627040863,0.5949456691741943,-0.1397000104188919
9,pose,14,-1,0.39289459586143494,0.5935303568840027,-0.16527441143989563
9,pose,15,-1,0.5699173808097839,0.7956801652908325,-0.3041914105415344
9,pose,16,-1,0.40740641951560974,0.7981590628623962,-0.31153860688209534
9,pose,17,-1,0.5745035409927368,0.8556230068206787,-0.3643498718738556
9,pose,18,-1,0.4052351117134094,0.8579526543617249,-0.36189085245132446
9,pose,19,-1,0.5627460479736328,0.8528065085411072,-0.4040542244911194
9,pose,20,-1,0.4178909957408905,0.8579767942428589,-0.4059799909591675
9,pose,21,-1,0.5585190653800964,0.8317614793777466,-0.3222636282444
9,pose,22,-1,0.42219626903533936,0.835625171661377,-0.3310299813747406
9,pose,23,-1,0.5304412841796875,0.7720786333084106,0.0024856925010681152
9,pose,24,-1,0.4466770589351654,0.7786312103271484,-0.0021873258519917727
9,pose,25,-1,0.5210971832275391,1.0011937618255615,0.03487148508429527
9,pose,26,-1,0.46115642786026,1.006201148033142,0.0701374039053917
9,pose,27,-1,0.5370771288871765,1.2630741596221924,0.451728492975235
9,pose,28,-1,0.4606373608112335,1.266183614730835,0.4016216993331909
9,pose,29,-1,0.5374621748924255,1.2907767295837402,0.4866970181465149
9,pose,30,-1,0.46201854944229126,1.2971689701080322,0.43104347586631775
9,pose,31,-1,0.532447338104248,1.352546215057373,0.3347269296646118
9,pose,32,-1,0.47152265906333923,1.3533363342285156,0.25377002358436584
10,hand,0,0,0.5641078352928162,0.7978319525718689,1.3158833667148429e-07
10,hand,1,0,0.5513520836830139,0.8145359754562378,-0.007815145887434483
10,hand,2,0,0.5462983846664429,0.8408936262130737,-0.011323042213916779
10,hand,3,0,0.5442096590995789,0.8663270473480225,-0.012905403971672058
10,hand,4,0,0.5396025776863098,0.8854376077651978,-0.013679936528205872
10,hand,5,0,0.5655822157859802,0.8525631427764893,-0.010970204137265682
10,hand,6,0,0.5592477917671204,0.8863685131072998,-0.013910275883972645
10,hand,7,0,0.552562415599823,0.9004135131835938,-0.014569452032446861
10,hand,8,0,0.5469515919685364,0.908419132232666,-0.014459402300417423
10,hand,9,0,0.5740302205085754,0.8535895347595215,-0.007205389905720949
10,hand,10,0,0.5649309754371643,0.8879890441894531,-0.009362095966935158
10,hand,11,0,0.5560858845710754,0.8935277462005615,-0.008603069931268692
10,hand,12,0,0.5498514175415039,0.8941488265991211,-0.007651702035218477
10,hand,13,0,0.5779659748077393,0.8527501225471497,-0.0036180331371724606
10,hand,14,0,0.5683944821357727,0.8820692896842957,-0.005032114218920469
10,hand,15,0,0.5602102875709534,0.8862205147743225,-0.0035555909853428602
10,hand,16,0,0.554622232913971,0.886049211025238,-0.0024036644026637077
10,hand,17,0,0.5788226127624512,0.8509414196014404,-0.0006700798985548317
10,hand,18,0,0.5708600282669067,0.8726294040679932,-0.0019413763657212257
10,hand,19,0,0.563787043094635,0.8779321908950806,-0.0012968992814421654
10,hand,20,0,0.5587729215621948,0.8791235685348511,-0.000325997534673661
10,hand,0,1,0.40109917521476746,0.8060264587402344,-9.057271910251075e-08
10,hand,1,1,0.4165186583995819,0.8233649134635925,-0.00851385947316885
10,hand,2,1,0.42435482144355774,0.8506403565406799,-0.010655093938112259
10,hand,3,1,0.4290996491909027,0.8761870861053467,-0.010381116531789303
10,hand,4,1,0.43280571699142456,0.8952769637107849,-0.008848577737808228
10,hand,5,1,0.4070776402950287,0.87553870677948,-0.007692656479775906
10,hand,6,1,0.41675519943237305,0.9057083129882812,-0.0055529894307255745
10,hand,7,1,0.42547059059143066,0.9039751887321472,-0.002740641823038459
10,hand,8,1,0.43075859546661377,0.8959996700286865,-0.0006546517251990736
10,hand,9,1,0.39871978759765625,0.8747901916503906,-0.0014660187298431993
10,hand,10,1,0.4126807153224945,0.8940253853797913,0.0006648636190220714
10,hand,11,1,0.42052051424980164,0.8883180618286133,0.0015242495574057102
10,hand,12,1,0.4238511323928833,0.8799092769622803,0.001461688312701881
10,hand,13,1,0.39475464820861816,0.8703786730766296,0.004797535482794046
10,hand,14,1,0.4085066616535187,0.8858194947242737,0.006371320690959692
10,hand,15,1,0.4148189425468445,0.8818922638893127,0.00616453168913722
10,hand,16,1,0.4181751012802124,0.8737387657165527,0.005321379750967026
10,hand,17,1,0.39316526055336,0.8662347793579102,0.010719054378569126
10,hand,18,1,0.4038711488246918,0.8794047236442566,0.011147120967507362
10,hand,19,1,0.40982699394226074,0.8768258690834045,0.01101877074688673
10,hand,20,1,0.41320252418518066,0.8707148432731628,0.010975046083331108
10,pose,0,-1,0.4780350625514984,0.21347635984420776,-0.4518091380596161
10,pose,1,-1,0.48887401819229126,0.18683576583862305,-0.4305779039859772
10,pose,2,-1,0.49546927213668823,0.18762168288230896,-0.4306997060775757
10,pose,3,-1,0.5001909136772156,0.18831731379032135,-0.43073999881744385
10,pose,4,-1,0.46902215480804443,0.18614178895950317,-0.42926475405693054
10,pose,5,-1,0.4628470540046692,0.1865331083536148,-0.42935168743133545
10,pose,6,-1,0.4571722447872162,0.18749670684337616,-0.42951664328575134
10,pose,7,-1,0.5088521242141724,0.20124180614948273,-0.2815409302711487
10,pose,8,-1,0.4528259336948395,0.20135217905044556,-0.2750464975833893
10,pose,9,-1,0.49151355028152466,0.24515338242053986,-0.39533165097236633
10,pose,10,-1,0.46694910526275635,0.24688856303691864,-0.3932638168334961
10,pose,11,-1,0.5618781447410583,0.3686034381389618,-0.18606939911842346
10,pose,12,-1,0.4078267514705658,0.37611502408981323,-0.1810631901025772
10,pose,13,-1,0.5768508315086365,0.5948860049247742,-0.13300496339797974
10,pose,14,-1,0.3927062451839447,0.5935161709785461,-0.14419187605381012
10,pose,15,-1,0.5693685412406921,0.7941478490829468,-0.3011378049850464
10,pose,16,-1,0.4073328375816345,0.7979837656021118,-0.2923431396484375
10,pose,17,-1,0.57442307472229,0.8527511358261108,-0.36105582118034363
10,pose,18,-1,0.40519043803215027,0.8574416041374207,-0.34298384189605713
10,pose,19,-1,0.5627259016036987,0.8494921922683716,-0.4006572961807251
10,pose,20,-1,0.4178590774536133,0.8575381636619568,-0.3865503966808319
10,pose,21,-1,0.5585105419158936,0.8292478322982788,-0.31923457980155945
10,pose,22,-1,0.42212823033332825,0.8351447582244873,-0.31185513734817505
10,pose,23,-1,0.5303338766098022,0.7729650735855103,0.0015031651128083467
10,pose,24,-1,0.4462766647338867,0.7803583741188049,-0.0011659193551167846
10,pose,25,-1,0.5209217667579651,1.0012874603271484,0.02383015677332878
10,pose,26,-1,0.4602546989917755,1.0062235593795776,0.07273939251899719
10,pose,27,-1,0.537122905254364,1.266690969467163,0.4291911721229553
10,pose,28,-1,0.4605761766433716,1.2683160305023193,0.40415364503860474
10,pose,29,-1,0.5376298427581787,1.2947627305984497,0.4630700945854187
10,pose,30,-1,0.4618118107318878,1.2996244430541992,0.43365752696990967
10,pose,31,-1,0.53232342004776,1.3558448553085327,0.3109799325466156
10,pose,32,-1,0.4716818928718567,1.3539197444915771,0.25730112195014954
11,hand,0,0,0.56221604347229,0.778921902179718,1.1599412630403094e-07
11,hand,1,0,0.5515496730804443,0.7923617362976074,-0.009075012989342213
11,hand,2,0,0.5476954579353333,0.8173363208770752,-0.013207178562879562
11,hand,3,0,0.546190619468689,0.8429244756698608,-0.015071053057909012
11,hand,4,0,0.5434454083442688,0.8626599907875061,-0.016180671751499176
11,hand,5,0,0.5666476488113403,0.8277896046638489,-0.013384516350924969
11,hand,6,0,0.5622019171714783,0.8621253371238708,-0.017023930326104164
11,hand,7,0,0.5579810738563538,0.8787662982940674,-0.018220990896224976
11,hand,8,0,0.5550329089164734,0.8898569345474243,-0.01859128661453724
11,hand,9,0,0.5745213031768799,0.8296365737915039,-0.009372224099934101
11,hand,10,0,0.5687176585197449,0.8626662492752075,-0.01254349946975708
11,hand,11,0,0.5629025101661682,0.8767563104629517,-0.0124202324077487
11,hand,12,0,0.5583983659744263,0.8867510557174683,-0.012036207132041454
11,hand,13,0,0.5782113671302795,0.8303639888763428,-0.00557670509442687
11,hand,14,0,0.5721759796142578,0.859538733959198,-0.008030212484300137
11,hand,15,0,0.5663224458694458,0.8705090880393982,-0.0070142587646842
11,hand,16,0,0.5618887543678284,0.8784469366073608,-0.006055576726794243
11,hand,17,0,0.5786072015762329,0.8305990099906921,-0.0024438761174678802
11,hand,18,0,0.5738052129745483,0.8547377586364746,-0.004139273427426815
11,hand,19,0,0.5688868165016174,0.8661605715751648,-0.00346008432097733
11,hand,20,0,0.5648699402809143,0.873887836933136,-0.002492808038368821
11,hand,0,1,0.4014407992362976,0.80665522813797,-9.310655713079541e-08
11,hand,1,1,0.4169306457042694,0.8248469233512878,-0.0066241915337741375
11,hand,2,1,0.4243500530719757,0.8514987230300903,-0.008370848372578621
11,hand,3,1,0.42883598804473877,0.8765398263931274,-0.008245427161455154
11,hand,4,1,0.4328036904335022,0.89479660987854,-0.00702883955091238
11,hand,5,1,0.4079485237598419,0.8758310079574585,-0.005873105954378843
11,hand,6,1,0.4163248836994171,0.9050024747848511,-0.003411287209019065
11,hand,7,1,0.42452472448349,0.9032431244850159,-0.00036924591404385865
11,hand,8,1,0.42964687943458557,0.895119309425354,0.0018074088729918003
11,hand,9,1,0.3990492820739746,0.8752349615097046,-0.0007866935338824987
11,hand,10,1,0.4121191203594208,0.8934423923492432,0.0017228862270712852
11,hand,11,1,0.41947558522224426,0.886914849281311,0.002877802588045597
11,hand,12,1,0.4222090244293213,0.8779042959213257,0.002872827462852001
11,hand,13,1,0.39439529180526733,0.8705552816390991,0.004443705547600985
11,hand,14,1,0.4074151813983917,0.8854362964630127,0.006481603719294071
11,hand,15,1,0.413356214761734,0.8805760741233826,0.0067600286565721035
11,hand,16,1,0.4161939024925232,0.8713923096656799,0.006054813973605633
11,hand,17,1,0.3922421336174011,0.8658018112182617,0.009427596814930439
11,hand,18,1,0.40198877453804016,0.8787050843238831,0.010569893755018711
11,hand,19,1,0.4075872302055359,0.8757876753807068,0.010983939282596111
11,hand,20,1,0.4105565845966339,0.8690492510795593,0.011124467477202415
11,pose,0,-1,0.47740572690963745,0.21351806819438934,-0.41789737343788147
11,pose,1,-1,0.48800235986709595,0.18683353066444397,-0.39696428179740906
11,pose,2,-1,0.4947736859321594,0.18761566281318665,-0.39709821343421936
11,pose,3,-1,0.4996534585952759,0.18831293284893036,-0.39713603258132935
11,pose,4,-1,0.4684962332248688,0.18615373969078064,-0.3950910270214081
11,pose,5,-1,0.46230441331863403,0.18654610216617584,-0.39513710141181946
11,pose,6,-1,0.45686671137809753,0.18752720952033997,-0.39528968930244446
11,pose,7,-1,0.5083127617835999,0.20159882307052612,-0.25219982862472534
11,pose,8,-1,0.4526451826095581,0.20143388211727142,-0.2432904988527298
11,pose,9,-1,0.491049200296402,0.24540941417217255,-0.36320415139198303
11,pose,10,-1,0.46624353528022766,0.24700729548931122,-0.36037248373031616
11,pose,11,-1,0.5613561272621155,0.36855340003967285,-0.16242995858192444
11,pose,12,-1,0.4075163006782532,0.3761202394962311,-0.15455979108810425
11,pose,13,-1,0.5768188238143921,0.5898982286453247,-0.12102887034416199
11,pose,14,-1,0.3921462595462799,0.5933936238288879,-0.11913156509399414
11,pose,15,-1,0.5676692128181458,0.7696342468261719,-0.3018423616886139
11,pose,16,-1,0.40695467591285706,0.797334611415863,-0.26765671372413635
11,pose,17,-1,0.5741962790489197,0.8279903531074524,-0.3644125163555145
11,pose,18,-1,0.4048038423061371,0.8564650416374207,-0.3185982406139374
11,pose,19,-1,0.5626341104507446,0.8248311281204224,-0.4047994315624237
11,pose,20,-1,0.4174679219722748,0.8564971685409546,-0.36207932233810425
11,pose,21,-1,0.5578623414039612,0.8089600801467896,-0.3208034634590149
11,pose,22,-1,0.42175567150115967,0.8341725468635559,-0.28752830624580383
11,pose,23,-1,0.5300484299659729,0.7728461623191833,0.0014323587529361248
11,pose,24,-1,0.4459910988807678,0.7799564003944397,-0.001057588611729443
11,pose,25,-1,0.5211744904518127,0.9984554648399353,0.021831028163433075
11,pose,26,-1,0.4602155089378357,1.0043154954910278,0.07163690775632858
11,pose,27,-1,0.5367986559867859,1.2653988599777222,0.42048919200897217
11,pose,28,-1,0.4605422616004944,1.2677892446517944,0.39483699202537537
11,pose,29,-1,0.5374670028686523,1.2935442924499512,0.4539646506309509
11,pose,30,-1,0.4615643322467804,1.2985060214996338,0.4234791398048401
11,pose,31,-1,0.5316542983055115,1.3552982807159424,0.3057458698749542
11,pose,32,-1,0.47226232290267944,1.3525513410568237,0.2523947060108185
12,hand,0,0,0.4019000828266144,0.8060206770896912,-9.623974506212107e-08
12,hand,1,0,0.4168485403060913,0.8241957426071167,-0.007308774162083864
12,hand,2,0,0.42423564195632935,0.8505628108978271,-0.009454533457756042
12,hand,3,0,0.42902103066444397,0.8754411339759827,-0.009613710455596447
12,hand,4,0,0.4328404366970062,0.8938100337982178,-0.008638131432235241
12,hand,5,0,0.4071371257305145,0.8739100694656372,-0.0070499577559530735
12,hand,6,0,0.4164138734340668,0.9033258557319641,-0.005301973316818476
12,hand,7,0,0.42478734254837036,0.9025481939315796,-0.0025921501219272614
12,hand,8,0,0.4302898645401001,0.895218551158905,-0.0005655356217175722
12,hand,9,0,0.3985685110092163,0.8736778497695923,-0.001810363377444446
12,hand,10,0,0.4128682315349579,0.8913472294807434,-0.00028721083072014153
12,hand,11,0,0.4199977219104767,0.8847321271896362,0.0005719533655792475
12,hand,12,0,0.4227106273174286,0.8758474588394165,0.0005704903160221875
12,hand,13,0,0.39426717162132263,0.8696256875991821,0.0035124437417834997
12,hand,14,0,0.40870922803878784,0.883585512638092,0.00461198203265667
12,hand,15,0,0.41447338461875916,0.8785966038703918,0.004762922879308462
12,hand,16,0,0.4172622263431549,0.8696659207344055,0.0042231762781739235
12,hand,17,0,0.3925219774246216,0.8654072880744934,0.008545059710741043
12,hand,18,0,0.40326443314552307,0.8776065111160278,0.008817438967525959
12,hand,19,0,0.40893206000328064,0.8744121789932251,0.00895838811993599
12,hand,20,0,0.41213274002075195,0.8676022291183472,0.009115456603467464
12,pose,0,-1,0.47724848985671997,0.21354098618030548,-0.4335048496723175
12,pose,1,-1,0.48773667216300964,0.18679825961589813,-0.4118395745754242
12,pose,2,-1,0.4945536255836487,0.18756060302257538,-0.41192519664764404
12,pose,3,-1,0.4993961453437805,0.18826201558113098,-0.41196122765541077
12,pose,4,-1,0.468312531709671,0.18615467846393585,-0.4112418591976166
12,pose,5,-1,0.46211037039756775,0.18654771149158478,-0.4113081097602844
12,pose,6,-1,0.45672309398651123,0.18753936886787415,-0.41146889328956604
12,pose,7,-1,0.508050799369812,0.20171847939491272,-0.2652513086795807
12,pose,8,-1,0.45251649618148804,0.2015146166086197,-0.26154306530952454
12,pose,9,-1,0.490835964679718,0.24566026031970978,-0.37808626890182495
12,pose,10,-1,0.46607640385627747,0.24729442596435547,-0.3767942488193512
12,pose,11,-1,0.5609362721443176,0.36840444803237915,-0.1686047613620758
12,pose,12,-1,0.4073261022567749,0.37617287039756775,-0.17134733498096466
12,pose,13,-1,0.5770205855369568,0.5795853734016418,-0.14638590812683105
12,pose,14,-1,0.39197733998298645,0.5932604670524597,-0.13279381394386292
12,pose,15,-1,0.5654093623161316,0.737205982208252,-0.35258179903030396
12,pose,16,-1,0.4068840444087982,0.796730637550354,-0.2804683446884155
12,pose,17,-1,0.5699081420898438,0.7937086224555969,-0.4207153618335724
12,pose,18,-1,0.4047563672065735,0.8558703660964966,-0.3315350115299225
12,pose,19,-1,0.5592978596687317,0.7851582765579224,-0.45989689230918884
12,pose,20,-1,0.4174189865589142,0.8557042479515076,-0.37457913160324097
12,pose,21,-1,0.5546044707298279,0.7682616114616394,-0.3719172775745392
12,pose,22,-1,0.42167535424232483,0.8333004713058472,-0.30015474557876587
12,pose,23,-1,0.5299626588821411,0.7678213119506836,0.0015964272897690535
12,pose,24,-1,0.44601571559906006,0.7756901383399963,-0.0012228881241753697
12,pose,25,-1,0.5226685404777527,0.9911782741546631,0.024557966738939285
12,pose,26,-1,0.46078622341156006,1.000141978263855,0.06429295241832733
12,pose,27,-1,0.5367991328239441,1.2578110694885254,0.4269363582134247
12,pose,28,-1,0.4606334865093231,1.2622770071029663,0.3717235326766968
12,pose,29,-1,0.5374501347541809,1.2854450941085815,0.46047112345695496
12,pose,30,-1,0.46174535155296326,1.291276454925537,0.3984259068965912
12,pose,31,-1,0.5319060683250427,1.344429850578308,0.3111936151981354
12,pose,32,-1,0.47234317660331726,1.346952199935913,0.22232183814048767
13,hand,0,0,0.40097519755363464,0.8041414618492126,-9.584374538462725e-08
13,hand,1,0,0.41619351506233215,0.8224172592163086,-0.008088657632470131
13,hand,2,0,0.4237654507160187,0.8492586612701416,-0.01014465931802988
13,hand,3,0,0.42858242988586426,0.8739985823631287,-0.010112219490110874
13,hand,4,0,0.4326150417327881,0.8926395177841187,-0.008941766805946827
13,hand,5,0,0.40695059299468994,0.8746054172515869,-0.006174540612846613
13,hand,6,0,0.4165720045566559,0.9024478197097778,-0.004606820642948151
13,hand,7,0,0.4251696765422821,0.901136577129364,-0.002544228918850422
13,hand,8,0,0.4306560754776001,0.8939291834831238,-0.0009955536806955934
13,hand,9,0,0.39873284101486206,0.8738794922828674,-0.0006641647778451443
13,hand,10,0,0.41362324357032776,0.8895957469940186,0.0006241842056624591
13,hand,11,0,0.42054417729377747,0.8822089433670044,0.0008585842442698777
13,hand,12,0,0.42298731207847595,0.8729721307754517,0.0005761643406003714
13,hand,13,0,0.3946796655654907,0.8692702651023865,0.004720485303550959
13,hand,14,0,0.40961769223213196,0.8813365697860718,0.005280602257698774
13,hand,15,0,0.4152021110057831,0.875341534614563,0.004727101419121027
13,hand,16,0,0.4177576005458832,0.8663951754570007,0.0039789387956261635
13,hand,17,0,0.3928692638874054,0.8647946715354919,0.009754863567650318
13,hand,18,0,0.4043026566505432,0.8756729364395142,0.009508788585662842
13,hand,19,0,0.40978196263313293,0.8717560172080994,0.009240388870239258
13,hand,20,0,0.41267305612564087,0.8650495409965515,0.009308305568993092
13,pose,0,-1,0.47722139954566956,0.21342144906520844,-0.4336456060409546
13,pose,1,-1,0.4876146614551544,0.18653051555156708,-0.41293206810951233
13,pose,2,-1,0.49443280696868896,0.18724851310253143,-0.4130602478981018
13,pose,3,-1,0.49922534823417664,0.18790562450885773,-0.4131155014038086
13,pose,4,-1,0.4682619869709015,0.1860380917787552,-0.4116409718990326
13,pose,5,-1,0.4620705842971802,0.18645800650119781,-0.41169482469558716
13,pose,6,-1,0.45667222142219543,0.18750648200511932,-0.41184157133102417
13,pose,7,-1,0.5079312920570374,0.20163778960704803,-0.2645014822483063
13,pose,8,-1,0.4524199664592743,0.2015346735715866,-0.25724464654922485
13,pose,9,-1,0.4907940626144409,0.2456618994474411,-0.3770686984062195
13,pose,10,-1,0.4660789370536804,0.24730916321277618,-0.37474116683006287
13,pose,11,-1,0.5606273412704468,0.36793118715286255,-0.16696788370609283
13,pose,12,-1,0.40714263916015625,0.37620195746421814,-0.1591741293668747
13,pose,13,-1,0.5772843956947327,0.5657956600189209,-0.1470668464899063
13,pose,14,-1,0.39174187183380127,0.5932524800300598,-0.11084101349115372
13,pose,15,-1,0.5625930428504944,0.7012815475463867,-0.37033283710479736
13,pose,16,-1,0.406428724527359,0.7949935793876648,-0.2603383958339691
13,pose,17,-1,0.5630244612693787,0.7629023194313049,-0.43984147906303406
13,pose,18,-1,0.4046126902103424,0.8539745807647705,-0.31147244572639465
13,pose,19,-1,0.5554134845733643,0.7522845268249512,-0.4775692820549011
13,pose,20,-1,0.4173163175582886,0.8534377217292786,-0.3543681502342224
13,pose,21,-1,0.5524922609329224,0.7305945158004761,-0.38979294896125793
13,pose,22,-1,0.42134958505630493,0.8314362168312073,-0.27993887662887573
13,pose,23,-1,0.5292606949806213,0.7669411301612854,0.0015384647995233536
13,pose,24,-1,0.4460144639015198,0.7741233706474304,-0.001171434880234301
13,pose,25,-1,0.5228425860404968,0.989862859249115,0.012070277705788612
13,pose,26,-1,0.46080031991004944,1.0003176927566528,0.03699786961078644
13,pose,27,-1,0.5368030071258545,1.2555248737335205,0.4088272452354431
13,pose,28,-1,0.46066799759864807,1.2610623836517334,0.3420570492744446
13,pose,29,-1,0.5374435782432556,1.2824817895889282,0.44150686264038086
13,pose,30,-1,0.4617767333984375,1.2894846200942993,0.36823126673698425
13,pose,31,-1,0.5320664644241333,1.3415571451187134,0.2902121841907501
13,pose,32,-1,0.47236302495002747,1.3451274633407593,0.1882329136133194
14,hand,0,0,0.40135806798934937,0.803929328918457,-9.922023735953189e-08
14,hand,1,0,0.416614294052124,0.8215685486793518,-0.007478175684809685
14,hand,2,0,0.4243468940258026,0.847580075263977,-0.009795253165066242
14,hand,3,0,0.4292990565299988,0.8723750710487366,-0.010146982967853546
14,hand,4,0,0.4329264760017395,0.8910422325134277,-0.00936573650687933
14,hand,5,0,0.40698859095573425,0.8718904852867126,-0.007336512207984924
14,hand,6,0,0.41706737875938416,0.9013227224349976,-0.006188922096043825
14,hand,7,0,0.42557716369628906,0.9003328680992126,-0.003937283996492624
14,hand,8,0,0.43095964193344116,0.8930251598358154,-0.0021533065009862185
14,hand,9,0,0.3984967768192291,0.8717612028121948,-0.0021873933728784323
14,hand,10,0,0.4134995937347412,0.888927698135376,-0.0014754845760762691
14,hand,11,0,0.42036858201026917,0.8810667395591736,-0.0009315205388702452
14,hand,12,0,0.42262449860572815,0.871529221534729,-0.0009284913539886475
14,hand,13,0,0.3944304585456848,0.8678539991378784,0.00300387991592288
14,hand,14,0,0.40939515829086304,0.8814950585365295,0.00320325861684978
14,hand,15,0,0.41488751769065857,0.8751874566078186,0.003158110659569502
14,hand,16,0,0.41714930534362793,0.8655880689620972,0.002795015461742878
14,hand,17,0,0.3930925726890564,0.8638697862625122,0.007923830300569534
14,hand,18,0,0.40425634384155273,0.8758788704872131,0.007489296607673168
14,hand,19,0,0.40956035256385803,0.8714510798454285,0.007481299340724945
14,hand,20,0,0.41215813159942627,0.863800048828125,0.007755778264254332
14,pose,0,-1,0.4773806929588318,0.21342779695987701,-0.371184766292572
14,pose,1,-1,0.48762279748916626,0.18636730313301086,-0.3500194549560547
14,pose,2,-1,0.49443164467811584,0.18702760338783264,-0.3501835763454437
14,pose,3,-1,0.4991902709007263,0.1876426786184311,-0.35018330812454224
14,pose,4,-1,0.4683275520801544,0.18598812818527222,-0.3497208058834076
14,pose,5,-1,0.4621916711330414,0.18643172085285187,-0.34979164600372314
14,pose,6,-1,0.45671573281288147,0.187508687376976,-0.34997260570526123
14,pose,7,-1,0.5077689290046692,0.2012854367494583,-0.19893988966941833
14,pose,8,-1,0.4524078071117401,0.20158128440380096,-0.19381234049797058
14,pose,9,-1,0.490837424993515,0.2457343190908432,-0.314157098531723
14,pose,10,-1,0.4664686322212219,0.24751468002796173,-0.3123979866504669
14,pose,11,-1,0.5604692101478577,0.36758387088775635,-0.09571091830730438
14,pose,12,-1,0.4068136215209961,0.37650686502456665,-0.09791848063468933
14,pose,13,-1,0.5773100256919861,0.5635933876037598,-0.18059751391410828
14,pose,14,-1,0.3915727436542511,0.5932590961456299,-0.051408302038908005
14,pose,15,-1,0.5656461119651794,0.5970847606658936,-0.5547668933868408
14,pose,16,-1,0.40606528520584106,0.7933030724525452,-0.2002730816602707
14,pose,17,-1,0.5639197826385498,0.6173741221427917,-0.63662189245224
14,pose,18,-1,0.40414804220199585,0.8525110483169556,-0.241850346326828
14,pose,19,-1,0.559390127658844,0.5862165689468384,-0.6502541303634644
14,pose,20,-1,0.41681039333343506,0.8526527881622314,-0.28401124477386475
14,pose,21,-1,0.5556541085243225,0.577555775642395,-0.5694965720176697
14,pose,22,-1,0.4208216071128845,0.8305694460868835,-0.21777592599391937
14,pose,23,-1,0.5293010473251343,0.7671257257461548,0.00047963671386241913
14,pose,24,-1,0.44665321707725525,0.7741583585739136,2.7913774829357862e-05
14,pose,25,-1,0.5232336521148682,0.9902569651603699,-0.0008186899940483272
14,pose,26,-1,0.46206018328666687,1.0028841495513916,0.0424945093691349
14,pose,27,-1,0.538100004196167,1.2725768089294434,0.34280067682266235
14,pose,28,-1,0.46217432618141174,1.2727410793304443,0.32991647720336914
14,pose,29,-1,0.5389089584350586,1.3053784370422363,0.3696896433830261
14,pose,30,-1,0.46191471815109253,1.3055442571640015,0.3538905680179596
14,pose,31,-1,0.5325180292129517,1.3546749353408813,0.21578051149845123
14,pose,32,-1,0.4771384596824646,1.3553123474121094,0.17530298233032227
15,hand,0,0,0.4017249047756195,0.8039789199829102,-9.632037034634777e-08
15,hand,1,0,0.41714444756507874,0.8203421235084534,-0.008102948777377605
15,hand,2,0,0.4251602590084076,0.8466347455978394,-0.010584380477666855
15,hand,3,0,0.4304679334163666,0.8718240261077881,-0.010974562726914883
15,hand,4,0,0.4349934160709381,0.8907474279403687,-0.010266568511724472
15,hand,5,0,0.4089488983154297,0.8725428581237793,-0.00778384692966938
15,hand,6,0,0.41907766461372375,0.9009625911712646,-0.006809739395976067
15,hand,7,0,0.4273863136768341,0.9005120992660522,-0.004692418500781059
15,hand,8,0,0.43241044878959656,0.8937214016914368,-0.0030475237872451544
15,hand,9,0,0.40043380856513977,0.8727834820747375,-0.0024314452894032
15,hand,10,0,0.41525447368621826,0.8879766464233398,-0.001801957725547254
15,hand,11,0,0.4214182496070862,0.8790562152862549,-0.001125989481806755
15,hand,12,0,0.4229142665863037,0.8690858483314514,-0.0010103777749463916
15,hand,13,0,0.39610594511032104,0.8687438368797302,0.002866558264940977
15,hand,14,0,0.4109088182449341,0.8805238008499146,0.00284206192009151
15,hand,15,0,0.4157721996307373,0.8728789687156677,0.0028755369130522013
15,hand,16,0,0.41739922761917114,0.8627163767814636,0.0026030323933809996
15,hand,17,0,0.3942270874977112,0.864515483379364,0.007818247191607952
15,hand,18,0,0.4057079255580902,0.8746518492698669,0.007124895695596933
15,hand,19,0,0.41059839725494385,0.8692505955696106,0.007004391402006149
15,hand,20,0,0.41276249289512634,0.8613424897193909,0.007237972691655159
15,pose,0,-1,0.47792813181877136,0.21311789751052856,-0.4387734532356262
15,pose,1,-1,0.48773664236068726,0.18574437499046326,-0.41474756598472595
15,pose,2,-1,0.49445998668670654,0.18644218146800995,-0.41489943861961365
15,pose,3,-1,0.49917930364608765,0.1870107650756836,-0.41488000750541687
15,pose,4,-1,0.46857306361198425,0.1853712648153305,-0.419491708278656
15,pose,5,-1,0.462581604719162,0.18576492369174957,-0.4196214973926544
15,pose,6,-1,0.4569071829319,0.18683744966983795,-0.4198596775531769
15,pose,7,-1,0.5073298811912537,0.20052118599414825,-0.2216300070285797
15,pose,8,-1,0.452396035194397,0.20106522738933563,-0.2560488283634186
15,pose,9,-1,0.490954726934433,0.24567893147468567,-0.3713087737560272
15,pose,10,-1,0.46709808707237244,0.24732959270477295,-0.3773218095302582
15,pose,11,-1,0.5586525201797485,0.36527252197265625,-0.1284216344356537
15,pose,12,-1,0.4062994122505188,0.37651482224464417,-0.11661610752344131
15,pose,13,-1,0.5792357325553894,0.5655075907707214,-0.3131762146949768
15,pose,14,-1,0.39106500148773193,0.5941451191902161,-0.09188295155763626
15,pose,15,-1,0.5600267052650452,0.5243502855300903,-0.7162885069847107
15,pose,16,-1,0.40599048137664795,0.7933191061019897,-0.23901759088039398
15,pose,17,-1,0.5475561022758484,0.5149116516113281,-0.8031613826751709
15,pose,18,-1,0.40411698818206787,0.8520699739456177,-0.2796352803707123
15,pose,19,-1,0.5450308918952942,0.4784873127937317,-0.7947126626968384
15,pose,20,-1,0.4166060984134674,0.8523772954940796,-0.32186511158943176
15,pose,21,-1,0.5445810556411743,0.4834941625595093,-0.7222098708152771
15,pose,22,-1,0.42052924633026123,0.8304937481880188,-0.2566327750682831
15,pose,23,-1,0.5292865037918091,0.7673162817955017,-0.0011593794915825129
15,pose,24,-1,0.44685596227645874,0.7750462889671326,0.0017463162075728178
15,pose,25,-1,0.5232256054878235,0.9903150796890259,-0.017046136781573296
15,pose,26,-1,0.46214595437049866,1.00385582447052,0.06303969025611877
15,pose,27,-1,0.5372037291526794,1.2874137163162231,0.31906187534332275
15,pose,28,-1,0.46216073632240295,1.2802096605300903,0.3894573450088501
15,pose,29,-1,0.5384308695793152,1.3221431970596313,0.34445494413375854
15,pose,30,-1,0.4615488052368164,1.3143868446350098,0.4167000353336334
15,pose,31,-1,0.5302593111991882,1.367289423942566,0.1745327115058899
15,pose,32,-1,0.4775165915489197,1.3637028932571411,0.23099972307682037
16,hand,0,0,0.4022678732872009,0.8062186241149902,-9.45896161397286e-08
16,hand,1,0,0.41757598519325256,0.8206607103347778,-0.00660031707957387
16,hand,2,0,0.426272451877594,0.8455666303634644,-0.009090770035982132
16,hand,3,0,0.43177711963653564,0.8713974952697754,-0.009839421138167381
16,hand,4,0,0.4365635812282562,0.89005047082901,-0.009466759860515594
16,hand,5,0,0.4119258224964142,0.872643232345581,-0.007601283490657806
16,hand,6,0,0.42125165462493896,0.9025481343269348,-0.007346112746745348
16,hand,7,0,0.4292936623096466,0.9020429849624634,-0.005547043867409229
16,hand,8,0,0.4341704845428467,0.8951528072357178,-0.003960871137678623
16,hand,9,0,0.4031428098678589,0.8743903040885925,-0.0030900498386472464
16,hand,10,0,0.4172515273094177,0.8907371759414673,-0.0028431059326976538
16,hand,11,0,0.4228286147117615,0.8824283480644226,-0.0019395789131522179
16,hand,12,0,0.42414969205856323,0.8731932044029236,-0.0016171849565580487
16,hand,13,0,0.39812979102134705,0.8716025948524475,0.0014824109384790063
16,hand,14,0,0.4124514162540436,0.8829404711723328,0.0015671028522774577
16,hand,15,0,0.4165785014629364,0.876280665397644,0.002124845515936613
16,hand,16,0,0.41791701316833496,0.8668897151947021,0.0021504380274564028
16,hand,17,0,0.3953665792942047,0.8680631518363953,0.005796235986053944
16,hand,18,0,0.40659040212631226,0.8777455687522888,0.005522804334759712
16,hand,19,0,0.4111376404762268,0.8730325698852539,0.005816775839775801
16,hand,20,0,0.41323843598365784,0.8659795522689819,0.0062703522853553295
16,pose,0,-1,0.4796679615974426,0.21307937800884247,-0.44720029830932617
16,pose,1,-1,0.488540381193161,0.18535560369491577,-0.4220947027206421
16,pose,2,-1,0.49473369121551514,0.18607701361179352,-0.42222318053245544
16,pose,3,-1,0.49921101331710815,0.18664585053920746,-0.42216044664382935
16,pose,4,-1,0.4695867896080017,0.1848227083683014,-0.4279033839702606
16,pose,5,-1,0.4636057913303375,0.1851252317428589,-0.42798489332199097
16,pose,6,-1,0.4577314555644989,0.18604673445224762,-0.42819273471832275
16,pose,7,-1,0.5069873332977295,0.20026428997516632,-0.24187125265598297
16,pose,8,-1,0.45239078998565674,0.2003859579563141,-0.2687108814716339
16,pose,9,-1,0.4912358820438385,0.2456825226545334,-0.3786714971065521
16,pose,10,-1,0.4685088098049164,0.24731485545635223,-0.38767021894454956
16,pose,11,-1,0.5571000576019287,0.36439335346221924,-0.14418093860149384
16,pose,12,-1,0.4054969251155853,0.3765355050563812,-0.1411474645137787
16,pose,13,-1,0.5801957249641418,0.56775963306427,-0.31108996272087097
16,pose,14,-1,0.3908882737159729,0.5953544974327087,-0.10381244868040085
16,pose,15,-1,0.5601025819778442,0.5033918619155884,-0.712054967880249
16,pose,16,-1,0.4062618315219879,0.7934857606887817,-0.24972926080226898
16,pose,17,-1,0.5512885451316833,0.4750472903251648,-0.7993939518928528
16,pose,18,-1,0.4045184552669525,0.8520374894142151,-0.2866213023662567
16,pose,19,-1,0.5469092726707458,0.4459848999977112,-0.793068528175354
16,pose,20,-1,0.41684308648109436,0.8523297905921936,-0.32860538363456726
16,pose,21,-1,0.5452503561973572,0.4537966549396515,-0.7181951999664307
16,pose,22,-1,0.4206727147102356,0.830510139465332,-0.26658809185028076
16,pose,23,-1,0.5295054912567139,0.7678987383842468,-0.0022164832334965467
16,pose,24,-1,0.44714394211769104,0.7759983539581299,0.002888489980250597
16,pose,25,-1,0.5234426259994507,0.9909420609474182,-0.028484413400292397
16,pose,26,-1,0.4621533453464508,1.0046515464782715,0.06033855676651001
16,pose,27,-1,0.5372874736785889,1.2999749183654785,0.29682695865631104
16,pose,28,-1,0.4623778164386749,1.2858600616455078,0.3844510614871979
16,pose,29,-1,0.5389293432235718,1.3352419137954712,0.32087424397468567
16,pose,30,-1,0.4615609049797058,1.31919527053833,0.410990834236145
16,pose,31,-1,0.5301802754402161,1.379123330116272,0.15534177422523499
16,pose,32,-1,0.47975751757621765,1.3703999519348145,0.23084670305252075
17,hand,0,0,0.40333443880081177,0.8062185645103455,-1.009907535376442e-07
17,hand,1,0,0.4192880094051361,0.8218939304351807,-0.005690302699804306
17,hand,2,0,0.4281187355518341,0.848164439201355,-0.007472836412489414
17,hand,3,0,0.43365296721458435,0.8737725615501404,-0.00758891087025404
17,hand,4,0,0.4382849633693695,0.8924053907394409,-0.006625869777053595
17,hand,5,0,0.4131615459918976,0.873212993144989,-0.006955988705158234
17,hand,6,0,0.42297497391700745,0.9032397270202637,-0.005847502499818802
17,hand,7,0,0.43066295981407166,0.902449369430542,-0.003303038887679577
17,hand,8,0,0.43521517515182495,0.8951274752616882,-0.0012450622161850333
17,hand,9,0,0.4040719270706177,0.8748027086257935,-0.002631493378430605
17,hand,10,0,0.4188075363636017,0.8917243480682373,-0.0014741745544597507
17,hand,11,0,0.42450612783432007,0.8832100033760071,-4.995102244720329e-06
17,hand,12,0,0.42571038007736206,0.8734930157661438,0.0005267509841360152
17,hand,13,0,0.39882344007492065,0.8717285990715027,0.0018717843340709805
17,hand,14,0,0.41367948055267334,0.8844305276870728,0.0026679635047912598
17,hand,15,0,0.41813382506370544,0.8778023719787598,0.0035238650161772966
17,hand,16,0,0.41945862770080566,0.8679955005645752,0.0035448018461465836
17,hand,17,0,0.3959783613681793,0.867988109588623,0.006207571364939213
17,hand,18,0,0.40717995166778564,0.8788804411888123,0.006363421678543091
17,hand,19,0,0.412055641412735,0.8743254542350769,0.006834623869508505
17,hand,20,0,0.41425085067749023,0.8668779134750366,0.0072673349641263485
17,pose,0,-1,0.4809817671775818,0.21307606995105743,-0.3948197066783905
17,pose,1,-1,0.4893918037414551,0.18528884649276733,-0.36628982424736023
17,pose,2,-1,0.49498236179351807,0.18602658808231354,-0.3663822412490845
17,pose,3,-1,0.49928557872772217,0.1866295337677002,-0.3663267195224762
17,pose,4,-1,0.47069084644317627,0.18467994034290314,-0.3737109303474426
17,pose,5,-1,0.464506596326828,0.18494978547096252,-0.3737378716468811
17,pose,6,-1,0.4585934579372406,0.18578124046325684,-0.373874306678772
17,pose,7,-1,0.5066545009613037,0.20037499070167542,-0.19576230645179749
17,pose,8,-1,0.4523664712905884,0.2003161758184433,-0.2310737818479538
17,pose,9,-1,0.4915652275085449,0.24597953259944916,-0.3327118158340454
17,pose,10,-1,0.46965131163597107,0.24733223021030426,-0.34327444434165955
17,pose,11,-1,0.5536418557167053,0.3646342158317566,-0.10605079680681229
17,pose,12,-1,0.4034034311771393,0.37688127160072327,-0.12017641961574554
17,pose,13,-1,0.5804668068885803,0.5691839456558228,-0.2759811580181122
17,pose,14,-1,0.39033907651901245,0.5968663096427917,-0.07508382946252823
17,pose,15,-1,0.5595586895942688,0.44723573327064514,-0.6518895626068115
17,pose,16,-1,0.4063442051410675,0.7938639521598816,-0.19192343950271606
17,pose,17,-1,0.5534756779670715,0.4037354588508606,-0.7331829071044922
17,pose,18,-1,0.4047525227069855,0.8520881533622742,-0.21628500521183014
17,pose,19,-1,0.5473638772964478,0.37548312544822693,-0.7171745300292969
17,pose,20,-1,0.4170476794242859,0.8523515462875366,-0.257438987493515
17,pose,21,-1,0.5459547638893127,0.39240893721580505,-0.6541736721992493
17,pose,22,-1,0.4207790195941925,0.8306537866592407,-0.20711421966552734
17,pose,23,-1,0.5294956564903259,0.771488606929779,-0.00195556809194386
17,pose,24,-1,0.4470093548297882,0.7794046998023987,0.0026759200263768435
17,pose,25,-1,0.5234737992286682,0.9928631782531738,-0.0228743776679039
17,pose,26,-1,0.46205413341522217,1.0085865259170532,0.045056626200675964
17,pose,27,-1,0.5365851521492004,1.3093247413635254,0.3152714669704437
17,pose,28,-1,0.4623677432537079,1.2982693910598755,0.33140963315963745
17,pose,29,-1,0.5385833978652954,1.3438040018081665,0.34089305996894836
17,pose,30,-1,0.4614488482475281,1.3330695629119873,0.3540323078632355
17,pose,31,-1,0.5280603170394897,1.3916451930999756,0.18283073604106903
17,pose,32,-1,0.47980910539627075,1.3845369815826416,0.17515753209590912
18,hand,0,0,0.5480892658233643,0.3739641010761261,4.447998858125857e-09
18,hand,1,0,0.5410066246986389,0.3475247621536255,-0.004094136878848076
18,hand,2,0,0.5414360761642456,0.3144594430923462,-0.004552715923637152
18,hand,3,0,0.5439839363098145,0.28907087445259094,-0.005337554030120373
18,hand,4,0,0.544083297252655,0.26771247386932373,-0.006121101323515177
18,hand,5,0,0.5567067265510559,0.3149964213371277,-0.0005376240587793291
18,hand,6,0,0.5597805380821228,0.28900736570358276,-0.003893127664923668
18,hand,7,0,0.5602995753288269,0.26932597160339355,-0.0066347885876894
18,hand,8,0,0.5605717301368713,0.2531447410583496,-0.008801558054983616
18,hand,9,0,0.5636505484580994,0.3208973705768585,-0.0012060325825586915
18,hand,10,0,0.5659936666488647,0.29504746198654175,-0.007255570963025093
18,hand,11,0,0.5589721202850342,0.2950249910354614,-0.01017136313021183
18,hand,12,0,0.5545658469200134,0.30251824855804443,-0.010711640119552612
18,hand,13,0,0.5682550668716431,0.3293478786945343,-0.00256730685941875
18,hand,14,0,0.569957971572876,0.30340009927749634,-0.00840272568166256
18,hand,15,0,0.5618443489074707,0.30503594875335693,-0.008616585284471512
18,hand,16,0,0.5577914118766785,0.31426289677619934,-0.006978920660912991
18,hand,17,0,0.571343183517456,0.3391968607902527,-0.004366418346762657
18,hand,18,0,0.5725769996643066,0.3189079165458679,-0.008261913433670998
18,hand,19,0,0.5661723017692566,0.31634312868118286,-0.008159788325428963
18,hand,20,0,0.5622080564498901,0.32245776057243347,-0.006999149452894926
18,hand,0,1,0.4039720594882965,0.806654691696167,-1.0080798062972463e-07
18,hand,1,1,0.4202861487865448,0.8230303525924683,-0.005623649340122938
18,hand,2,1,0.4290812909603119,0.8493488430976868,-0.007241368759423494
18,hand,3,1,0.4348994493484497,0.8746870756149292,-0.0070845284499228
18,hand,4,1,0.43970951437950134,0.8934943079948425,-0.005821168422698975
18,hand,5,1,0.41417786478996277,0.8741431832313538,-0.007281686179339886
18,hand,6,1,0.4242854416370392,0.9041447639465332,-0.005632742773741484
18,hand,7,1,0.4318753480911255,0.9025493264198303,-0.0024666101671755314
18,hand,8,1,0.4361559748649597,0.8945696353912354,-1.1606007319642231e-05
18,hand,9,1,0.4049748182296753,0.875652551651001,-0.002752938074991107
18,hand,10,1,0.4197377860546112,0.8925957679748535,-0.0010921529028564692
18,hand,11,1,0.42531511187553406,0.8835168480873108,0.000690001470502466
18,hand,12,1,0.4262634813785553,0.8736159205436707,0.001356269815005362
18,hand,13,1,0.39970001578330994,0.8725003004074097,0.0020488668233156204
18,hand,14,1,0.41476354002952576,0.8852923512458801,0.0032880122307687998
18,hand,15,1,0.4190635085105896,0.8781079053878784,0.004164016805589199
18,hand,16,1,0.42013606429100037,0.8679719567298889,0.004098077304661274
18,hand,17,1,0.3970213532447815,0.8688451647758484,0.00673438236117363
18,hand,18,1,0.40859851241111755,0.8799403309822083,0.0072303772903978825
18,hand,19,1,0.4133399724960327,0.874966025352478,0.007739578373730183
18,hand,20,1,0.4152175784111023,0.8672319054603577,0.008132142946124077
18,pose,0,-1,0.48417457938194275,0.21452805399894714,-0.31918489933013916
18,pose,1,-1,0.490953266620636,0.18615297973155975,-0.2893851697444916
18,pose,2,-1,0.4952978789806366,0.18690839409828186,-0.28950151801109314
18,pose,3,-1,0.49938732385635376,0.18749922513961792,-0.2894693613052368
18,pose,4,-1,0.47441336512565613,0.1851489245891571,-0.30325374007225037
18,pose,5,-1,0.4675264060497284,0.18530601263046265,-0.3032485544681549
18,pose,6,-1,0.46155545115470886,0.18598979711532593,-0.3033614754676819
18,pose,7,-1,0.505887508392334,0.20123903453350067,-0.1213332861661911
18,pose,8,-1,0.4524105191230774,0.20064805448055267,-0.186379536986351
18,pose,9,-1,0.4925081133842468,0.247518390417099,-0.257739394903183
18,pose,10,-1,0.4723753333091736,0.2482219785451889,-0.27678099274635315
18,pose,11,-1,0.548285722732544,0.3646853268146515,-0.029757671058177948
18,pose,12,-1,0.4016139805316925,0.37688785791397095,-0.08944793790578842
18,pose,13,-1,0.5800318121910095,0.5661888122558594,-0.18965552747249603
18,pose,14,-1,0.389718621969223,0.5969091653823853,-0.03816767409443855
18,pose,15,-1,0.5597187280654907,0.3911902904510498,-0.6226975321769714
18,pose,16,-1,0.4063549041748047,0.79377281665802,-0.12385212630033493
18,pose,17,-1,0.5549131035804749,0.33930686116218567,-0.7213095426559448
18,pose,18,-1,0.40476101636886597,0.8518311381340027,-0.14295382797718048
18,pose,19,-1,0.5490944981575012,0.317473441362381,-0.5928826928138733
18,pose,20,-1,0.41701534390449524,0.8522695899009705,-0.1873074173927307
18,pose,21,-1,0.5468931794166565,0.34112951159477234,-0.5672423839569092
18,pose,22,-1,0.42073163390159607,0.8306599259376526,-0.13945840299129486
18,pose,23,-1,0.5294915437698364,0.7702710032463074,0.008354861289262772
18,pose,24,-1,0.4469505548477173,0.7793473601341248,-0.0075928703881800175
18,pose,25,-1,0.5236088037490845,0.9927210211753845,-0.019444497302174568
18,pose,26,-1,0.46205994486808777,1.007554054260254,0.004941762890666723
18,pose,27,-1,0.5369848012924194,1.3043171167373657,0.295330673456192
18,pose,28,-1,0.4633616507053375,1.2948225736618042,0.272447407245636
18,pose,29,-1,0.539462149143219,1.3376151323318481,0.3196013569831848
18,pose,30,-1,0.46195995807647705,1.328574538230896,0.29448458552360535
18,pose,31,-1,0.5281273126602173,1.3869556188583374,0.17989137768745422
18,pose,32,-1,0.4820660650730133,1.3800395727157593,0.1339702308177948
19,hand,0,0,0.5392953157424927,0.34524863958358765,-1.8782445820875182e-08
19,hand,1,0,0.5377216935157776,0.3103189468383789,-0.00030241991044022143
19,hand,2,0,0.540423572063446,0.28132131695747375,0.00018504865875001997
19,hand,3,0,0.5414116978645325,0.2588016092777252,-0.0009701242088340223
19,hand,4,0,0.5400517582893372,0.23834766447544098,-0.0021197658497840166
19,hand,5,0,0.5559864640235901,0.2879112958908081,0.009758858010172844
19,hand,6,0,0.5574760437011719,0.2658016085624695,0.00831654854118824
19,hand,7,0,0.5570513606071472,0.24843639135360718,0.005696979351341724
19,hand,8,0,0.5574957132339478,0.23223170638084412,0.003072524443268776
19,hand,9,0,0.5614314675331116,0.29153016209602356,0.007440610788762569
19,hand,10,0,0.5611850023269653,0.2653789818286896,0.0032601477578282356
19,hand,11,0,0.5550615191459656,0.2737850248813629,0.00022928918770048767
19,hand,12,0,0.5527306795120239,0.28483936190605164,-0.0005772624281235039
19,hand,13,0,0.5659654140472412,0.2972145676612854,0.004224341828376055
19,hand,14,0,0.5647558569908142,0.2702007591724396,8.157175034284592e-05
19,hand,15,0,0.557647168636322,0.278221070766449,0.0005012828623875976
19,hand,16,0,0.5547661185264587,0.2897326946258545,0.002335486002266407
19,hand,17,0,0.5697671175003052,0.30446645617485046,0.0006905121263116598
19,hand,18,0,0.5678647756576538,0.2796190083026886,-0.0015485674375668168
19,hand,19,0,0.561353862285614,0.2807547450065613,-0.00033619036548770964
19,hand,20,0,0.5578022599220276,0.2893729507923126,0.0014092846540734172
19,hand,0,1,0.4047047793865204,0.806527316570282,-9.811350309973932e-08
19,hand,1,1,0.4208793044090271,0.822704017162323,-0.005729899741709232
19,hand,2,1,0.4297405481338501,0.847908616065979,-0.007673634681850672
19,hand,3,1,0.435407429933548,0.8729074001312256,-0.00793419498950243
19,hand,4,1,0.44002360105514526,0.891937792301178,-0.007092761807143688
19,hand,5,1,0.4148574769496918,0.8733922839164734,-0.0066871726885437965
19,hand,6,1,0.4247344136238098,0.9038988351821899,-0.0053517697378993034
19,hand,7,1,0.432465523481369,0.902344822883606,-0.002637477358803153
19,hand,8,1,0.43696266412734985,0.8945530652999878,-0.0004373218398541212
19,hand,9,1,0.40545591711997986,0.8754193186759949,-0.0021505283657461405
19,hand,10,1,0.420132577419281,0.893319308757782,-0.0006929023074917495
19,hand,11,1,0.4260581135749817,0.8846580982208252,0.0009055836708284914
19,hand,12,1,0.42734295129776,0.8748489618301392,0.0015346346190199256
19,hand,13,1,0.4000294506549835,0.8727905750274658,0.0025591314770281315
19,hand,14,1,0.4150574505329132,0.8859864473342896,0.0035656176041811705
19,hand,15,1,0.4195861518383026,0.8793247938156128,0.004360853228718042
19,hand,16,1,0.4209161102771759,0.8695098161697388,0.00437668152153492
19,hand,17,1,0.3971949517726898,0.8697584867477417,0.0071275923401117325
19,hand,18,1,0.4087405502796173,0.880681037902832,0.00754157081246376
19,hand,19,1,0.41358035802841187,0.8758874535560608,0.008059714920818806
19,hand,20,1,0.41546475887298584,0.8685734868049622,0.008517269976437092
19,pose,0,-1,0.4860254228115082,0.2162621170282364,-0.299969881772995
19,pose,1,-1,0.4916181266307831,0.18793214857578278,-0.2713894844055176
19,pose,2,-1,0.49536994099617004,0.18856759369373322,-0.27149149775505066
19,pose,3,-1,0.49944695830345154,0.18912577629089355,-0.27146974205970764
19,pose,4,-1,0.47667747735977173,0.18661093711853027,-0.2869502902030945
19,pose,5,-1,0.4697127640247345,0.1865566521883011,-0.2869260013103485
19,pose,6,-1,0.46326392889022827,0.18708430230617523,-0.28702038526535034
19,pose,7,-1,0.5052842497825623,0.2025357186794281,-0.10732480138540268
19,pose,8,-1,0.452330082654953,0.20163020491600037,-0.1799408346414566
19,pose,9,-1,0.492854505777359,0.24883094429969788,-0.23943883180618286
19,pose,10,-1,0.47374266386032104,0.2491288036108017,-0.2606598138809204
19,pose,11,-1,0.5435094237327576,0.36423176527023315,-0.017154527828097343
19,pose,12,-1,0.4009777903556824,0.3768797814846039,-0.08837471157312393
19,pose,13,-1,0.5792996287345886,0.5523293614387512,-0.16719238460063934
19,pose,14,-1,0.3892642557621002,0.5976152420043945,-0.036076001822948456
19,pose,15,-1,0.5563308596611023,0.3631972074508667,-0.5174493193626404
19,pose,16,-1,0.4065956473350525,0.793956995010376,-0.10853235423564911
19,pose,17,-1,0.5534565448760986,0.30882856249809265,-0.5962023138999939
19,pose,18,-1,0.40489205718040466,0.8518458604812622,-0.12561988830566406
19,pose,19,-1,0.5498418807983398,0.29327520728111267,-0.5402936935424805
19,pose,20,-1,0.41713231801986694,0.8523187637329102,-0.1720217615365982
19,pose,21,-1,0.5470807552337646,0.3132590055465698,-0.49787768721580505
19,pose,22,-1,0.4208277761936188,0.8309581875801086,-0.12453535199165344
19,pose,23,-1,0.5294067859649658,0.7681170105934143,0.014843869023025036
19,pose,24,-1,0.4469439685344696,0.7779245376586914,-0.014147968031466007
19,pose,25,-1,0.5236619710922241,0.9929144978523254,-0.018950391560792923
19,pose,26,-1,0.46200838685035706,1.0076236724853516,-0.012137945741415024
19,pose,27,-1,0.5373399257659912,1.303080677986145,0.28403475880622864
19,pose,28,-1,0.46525830030441284,1.2955034971237183,0.24372345209121704
19,pose,29,-1,0.5397577881813049,1.3354401588439941,0.30792921781539917
19,pose,30,-1,0.463501513004303,1.3282793760299683,0.2650650143623352
19,pose,31,-1,0.5285229086875916,1.3863813877105713,0.17751625180244446
19,pose,32,-1,0.4842433035373688,1.3793275356292725,0.1122661679983139
20,hand,0,0,0.537173867225647,0.3240845799446106,-4.73381120968952e-08
20,hand,1,0,0.5347012877464294,0.2924329340457916,0.0028953091241419315
20,hand,2,0,0.5367542505264282,0.2668761909008026,0.0039443583227694035
20,hand,3,0,0.5374966263771057,0.24468937516212463,0.0021421052515506744
20,hand,4,0,0.5360749363899231,0.22441083192825317,-1.3269824194139801e-05
20,hand,5,0,0.5527441501617432,0.2697083353996277,0.014859062619507313
20,hand,6,0,0.5541223287582397,0.24870732426643372,0.013111572712659836
20,hand,7,0,0.5533801913261414,0.23003144562244415,0.010973040945827961
20,hand,8,0,0.5541613698005676,0.2143877148628235,0.00893148873001337
20,hand,9,0,0.5573413968086243,0.27243122458457947,0.010321727953851223
20,hand,10,0,0.5587839484214783,0.24564838409423828,0.004368626978248358
20,hand,11,0,0.5506730675697327,0.2577781677246094,0.0016022437484934926
20,hand,12,0,0.5488266944885254,0.27082687616348267,0.002105254679918289
20,hand,13,0,0.5624050498008728,0.2780291438102722,0.0047530801966786385
20,hand,14,0,0.5610754489898682,0.25034433603286743,-0.0018997429870069027
20,hand,15,0,0.5521073341369629,0.26421645283699036,-0.0016617501387372613
20,hand,16,0,0.5511317849159241,0.27868181467056274,0.0010488970438018441
20,hand,17,0,0.5673807263374329,0.28543606400489807,-0.0007789037772454321
20,hand,18,0,0.5637403130531311,0.2600098252296448,-0.004501058254390955
20,hand,19,0,0.5561578273773193,0.2676948308944702,-0.0032061063684523106
20,hand,20,0,0.5549530386924744,0.281260222196579,-0.0009668777929618955
20,hand,0,1,0.40536898374557495,0.8058987855911255,-9.919356358523146e-08
20,hand,1,1,0.42140257358551025,0.821753978729248,-0.006102475803345442
20,hand,2,1,0.43024498224258423,0.8467320203781128,-0.008264299482107162
20,hand,3,1,0.4360046088695526,0.8717929124832153,-0.008864406496286392
20,hand,4,1,0.4408819079399109,0.8902804255485535,-0.008394774980843067
20,hand,5,1,0.4150365889072418,0.8728281855583191,-0.006369109731167555
20,hand,6,1,0.4250337481498718,0.9022722840309143,-0.005284272134304047
20,hand,7,1,0.4327762722969055,0.9011778831481934,-0.0029408459085971117
20,hand,8,1,0.4375167489051819,0.8935760259628296,-0.0010589250596240163
20,hand,9,1,0.40583866834640503,0.8747245073318481,-0.0020423801615834236
20,hand,10,1,0.420274019241333,0.8917427659034729,-0.0010809374507516623
20,hand,11,1,0.4264881908893585,0.88348788022995,-6.988328095758334e-05
20,hand,12,1,0.42833197116851807,0.8737985491752625,0.0001787743967724964
20,hand,13,1,0.400591641664505,0.8719538450241089,0.002384124556556344
20,hand,14,1,0.4152598977088928,0.8847365975379944,0.0029731839895248413
20,hand,15,1,0.42000138759613037,0.8781828880310059,0.0035816016606986523
20,hand,16,1,0.4216754138469696,0.8683886528015137,0.003500018734484911
20,hand,17,1,0.3979704976081848,0.8684271574020386,0.006589831318706274
20,hand,18,1,0.4089513123035431,0.8796570897102356,0.006660911720246077
20,hand,19,1,0.4139813482761383,0.8752874135971069,0.007105849217623472
20,hand,20,1,0.41639596223831177,0.8676524758338928,0.007539060432463884
20,pose,0,-1,0.48620426654815674,0.21759174764156342,-0.2964736819267273
20,pose,1,-1,0.4916633665561676,0.18956592679023743,-0.2679917514324188
20,pose,2,-1,0.4953632950782776,0.19010211527347565,-0.26810967922210693
20,pose,3,-1,0.4994686543941498,0.19064436852931976,-0.26808005571365356
20,pose,4,-1,0.47696253657341003,0.18816062808036804,-0.28270241618156433
20,pose,5,-1,0.46994590759277344,0.18795444071292877,-0.28266778588294983
20,pose,6,-1,0.4632929563522339,0.18834984302520752,-0.2827673852443695
20,pose,7,-1,0.5049471855163574,0.20395611226558685,-0.10349415242671967
20,pose,8,-1,0.4516652226448059,0.20269617438316345,-0.17256604135036469
20,pose,9,-1,0.4928547143936157,0.2501762807369232,-0.23574687540531158
20,pose,10,-1,0.47365936636924744,0.2500533163547516,-0.255906879901886
20,pose,11,-1,0.5405851602554321,0.36374732851982117,-0.017166245728731155
20,pose,12,-1,0.400210976600647,0.37688320875167847,-0.08068082481622696
20,pose,13,-1,0.5780459642410278,0.5416052937507629,-0.17196866869926453
20,pose,14,-1,0.38852426409721375,0.5979518890380859,-0.02734958939254284
20,pose,15,-1,0.5496499538421631,0.3468833267688751,-0.5038618445396423
20,pose,16,-1,0.40669628977775574,0.7939675450325012,-0.09909617155790329
20,pose,17,-1,0.5484516024589539,0.292582631111145,-0.579075276851654
20,pose,18,-1,0.4051741659641266,0.8518151044845581,-0.115463986992836
20,pose,19,-1,0.5468283891677856,0.2797381579875946,-0.5415552258491516
20,pose,20,-1,0.41725078225135803,0.852306067943573,-0.16307419538497925
20,pose,21,-1,0.5431951284408569,0.2975389063358307,-0.4930232763290405
20,pose,22,-1,0.4208441972732544,0.831032931804657,-0.11556916683912277
20,pose,23,-1,0.5290906429290771,0.7652243375778198,0.015583640895783901
20,pose,24,-1,0.4464682936668396,0.7763273119926453,-0.014917245134711266
20,pose,25,-1,0.5236524343490601,0.9938421249389648,-0.023505864664912224
20,pose,26,-1,0.4614921510219574,1.010414719581604,-0.02732558362185955
20,pose,27,-1,0.538176953792572,1.3039963245391846,0.2819131314754486
20,pose,28,-1,0.46626874804496765,1.2977590560913086,0.2337508350610733
20,pose,29,-1,0.5409597158432007,1.335566759109497,0.3066790699958801
20,pose,30,-1,0.4644583463668823,1.3293336629867554,0.2562257945537567
20,pose,31,-1,0.5291547179222107,1.3887218236923218,0.1808670163154602
20,pose,32,-1,0.48559999465942383,1.3807330131530762,0.10962732136249542
21,hand,0,0,0.5333477854728699,0.3310374915599823,-9.346611307137209e-08
21,hand,1,0,0.5302072167396545,0.3009716868400574,0.0010324581526219845
21,hand,2,0,0.5324944257736206,0.275169312953949,0.0014834832400083542
21,hand,3,0,0.5337626934051514,0.25278010964393616,-0.0003500476886983961
21,hand,4,0,0.5331464409828186,0.2334810346364975,-0.002285732189193368
21,hand,5,0,0.5488459467887878,0.2776913344860077,0.010999464429914951
21,hand,6,0,0.5504140853881836,0.2542354464530945,0.008661964908242226
21,hand,7,0,0.5500946640968323,0.23596036434173584,0.006387169938534498
21,hand,8,0,0.5502676963806152,0.22057689726352692,0.00438679801300168
21,hand,9,0,0.5539734363555908,0.28083011507987976,0.007337926886975765
21,hand,10,0,0.5544837117195129,0.2552509307861328,0.0011321301572024822
21,hand,11,0,0.5471525192260742,0.2658916711807251,-0.0017359901685267687
21,hand,12,0,0.5447507500648499,0.277961403131485,-0.0016079889610409737
21,hand,13,0,0.5587987899780273,0.28566187620162964,0.002697946736589074
21,hand,14,0,0.55733323097229,0.2588275074958801,-0.004453458357602358
21,hand,15,0,0.5493631958961487,0.27142032980918884,-0.004250096157193184
21,hand,16,0,0.5474327206611633,0.28598883748054504,-0.0016089827986434102
21,hand,17,0,0.5629129409790039,0.2917557656764984,-0.002011012053117156
21,hand,18,0,0.5603631138801575,0.26660820841789246,-0.006356576457619667
21,hand,19,0,0.5539782047271729,0.27332964539527893,-0.005224335473030806
21,hand,20,0,0.5525294542312622,0.28663110733032227,-0.0030497272964566946
21,hand,0,1,0.4049193263053894,0.8041276931762695,-1.0186776222553817e-07
21,hand,1,1,0.4212380349636078,0.8192189931869507,-0.005164047237485647
21,hand,2,1,0.43017253279685974,0.8451736569404602,-0.006852935533970594
21,hand,3,1,0.43603211641311646,0.8705990314483643,-0.007140652276575565
21,hand,4,1,0.44123905897140503,0.8890001177787781,-0.0064122858457267284
21,hand,5,1,0.4161370098590851,0.8711439371109009,-0.005562636069953442
21,hand,6,1,0.4256216585636139,0.9010669589042664,-0.004505807999521494
21,hand,7,1,0.43312206864356995,0.9004235863685608,-0.0023041872773319483
21,hand,8,1,0.4376530051231384,0.8932919502258301,-0.0005307791871018708
21,hand,9,1,0.4067317247390747,0.8736890554428101,-0.0016722417203709483
21,hand,10,1,0.4205649793148041,0.8910512924194336,-0.0004529588914010674
21,hand,11,1,0.42644912004470825,0.8826942443847656,0.0007577167125418782
21,hand,12,1,0.42785927653312683,0.8727693557739258,0.0010964532848447561
21,hand,13,1,0.40114691853523254,0.8712928891181946,0.0023449831642210484
21,hand,14,1,0.4152159094810486,0.8847659230232239,0.0030765957199037075
21,hand,15,1,0.41988569498062134,0.8781599998474121,0.003717880928888917
21,hand,16,1,0.421330988407135,0.8681452870368958,0.003644055686891079
21,hand,17,1,0.398147314786911,0.8681479096412659,0.0062248362228274345
21,hand,18,1,0.4089736342430115,0.8796195387840271,0.006539328023791313
21,hand,19,1,0.41392338275909424,0.8750710487365723,0.00708823511376977
21,hand,20,1,0.4159996509552002,0.8673421144485474,0.007548007182776928
21,pose,0,-1,0.4859596788883209,0.2199721485376358,-0.2977658808231354
21,pose,1,-1,0.4915299117565155,0.1915881335735321,-0.26928389072418213
21,pose,2,-1,0.4948683977127075,0.19194148480892181,-0.2693997323513031
21,pose,3,-1,0.4991511106491089,0.1923799216747284,-0.26936766505241394
21,pose,4,-1,0.4767504930496216,0.19023098051548004,-0.2844644784927368
21,pose,5,-1,0.46980297565460205,0.18980495631694794,-0.2844310998916626
21,pose,6,-1,0.46315523982048035,0.18996526300907135,-0.28452545404434204
21,pose,7,-1,0.5037344694137573,0.20516587793827057,-0.10466890782117844
21,pose,8,-1,0.4505709707736969,0.20371702313423157,-0.17581044137477875
21,pose,9,-1,0.4925362169742584,0.2521779239177704,-0.23702475428581238
21,pose,10,-1,0.47351208329200745,0.25165536999702454,-0.25778135657310486
21,pose,11,-1,0.5387628674507141,0.3634248375892639,-0.017273394390940666
21,pose,12,-1,0.3992452025413513,0.3768872916698456,-0.08284475654363632
21,pose,13,-1,0.5746763944625854,0.5415852069854736,-0.17273196578025818
21,pose,14,-1,0.38804665207862854,0.5981737971305847,-0.029946867376565933
21,pose,15,-1,0.5463606715202332,0.35591375827789307,-0.5029729604721069
21,pose,16,-1,0.4067138135433197,0.7938516139984131,-0.10331428796052933
21,pose,17,-1,0.5463407635688782,0.30440524220466614,-0.5777896642684937
21,pose,18,-1,0.40537145733833313,0.8517253398895264,-0.12053465843200684
21,pose,19,-1,0.5448783040046692,0.28903988003730774,-0.5500017404556274
21,pose,20,-1,0.4175395369529724,0.8521180152893066,-0.16804185509681702
21,pose,21,-1,0.5409977436065674,0.307544082403183,-0.4952174723148346
21,pose,22,-1,0.4209068715572357,0.8309983611106873,-0.11971663683652878
21,pose,23,-1,0.5290233492851257,0.7618897557258606,0.016066625714302063
21,pose,24,-1,0.446336567401886,0.7745173573493958,-0.015424496494233608
21,pose,25,-1,0.5236911177635193,0.9937117695808411,-0.024681949988007545
21,pose,26,-1,0.4621794819831848,1.0103397369384766,-0.027821633964776993
21,pose,27,-1,0.5389851331710815,1.302476167678833,0.28492531180381775
21,pose,28,-1,0.46762216091156006,1.2966761589050293,0.23046447336673737
21,pose,29,-1,0.5418372750282288,1.3337064981460571,0.31006038188934326
21,pose,30,-1,0.46567824482917786,1.3281477689743042,0.25250399112701416
21,pose,31,-1,0.5298787951469421,1.3873291015625,0.18432210385799408
21,pose,32,-1,0.48703446984291077,1.3794306516647339,0.10389949381351471
22,hand,0,0,0.532274603843689,0.3535872995853424,-1.1020376433634738e-07
22,hand,1,0,0.5268722176551819,0.3296582102775574,-0.0015033695381134748
22,hand,2,0,0.5284971594810486,0.3008233606815338,-0.001883682212792337
22,hand,3,0,0.5295499563217163,0.2773585915565491,-0.003483196720480919
22,hand,4,0,0.5283656120300293,0.2585379481315613,-0.005036128219217062
22,hand,5,0,0.5430739521980286,0.29748478531837463,0.0046277837827801704
22,hand,6,0,0.5457745790481567,0.273969441652298,0.001439073821529746
22,hand,7,0,0.5462725758552551,0.2563495635986328,-0.0009100059396587312
22,hand,8,0,0.5469656586647034,0.24205750226974487,-0.0028448770754039288
22,hand,9,0,0.548495352268219,0.3015538156032562,0.0023589448537677526
22,hand,10,0,0.5504196882247925,0.27765536308288574,-0.00446971133351326
22,hand,11,0,0.5432572960853577,0.2887277901172638,-0.00697073619812727
22,hand,12,0,0.5402407646179199,0.3019198775291443,-0.006562286522239447
22,hand,13,0,0.553368091583252,0.30847713351249695,-0.0006500041927210987
22,hand,14,0,0.5542109608650208,0.28411629796028137,-0.007903417572379112
22,hand,15,0,0.5466137528419495,0.29554468393325806,-0.007137479726225138
22,hand,16,0,0.5441969633102417,0.3088867962360382,-0.004272367339581251
22,hand,17,0,0.5574122071266174,0.31731006503105164,-0.0038292640820145607
22,hand,18,0,0.5569092035293579,0.2956034243106842,-0.008246304467320442
22,hand,19,0,0.5510067343711853,0.30084317922592163,-0.006817375309765339
22,hand,20,0,0.5490002632141113,0.31209230422973633,-0.00446837255731225
22,hand,0,1,0.40501680970191956,0.8050988912582397,-9.423902724847721e-08
22,hand,1,1,0.4209432601928711,0.8200106620788574,-0.006697405595332384
22,hand,2,1,0.4299199879169464,0.8448116183280945,-0.009111123159527779
22,hand,3,1,0.4361611604690552,0.8699010610580444,-0.009638492949306965
22,hand,4,1,0.44167837500572205,0.8883475661277771,-0.008968466892838478
22,hand,5,1,0.4162101149559021,0.8705511689186096,-0.008514154702425003
22,hand,6,1,0.42671868205070496,0.9012515544891357,-0.007871938869357109
22,hand,7,1,0.4344369173049927,0.8997746706008911,-0.00528306420892477
22,hand,8,1,0.43878042697906494,0.8916186690330505,-0.003097855020314455
22,hand,9,1,0.4069577753543854,0.873227059841156,-0.003777508856728673
22,hand,10,1,0.42142072319984436,0.8921239972114563,-0.0030767808202654123
22,hand,11,1,0.427644819021225,0.8840123414993286,-0.0015718200011178851
22,hand,12,1,0.4293752908706665,0.8743199110031128,-0.0009161503403447568
22,hand,13,1,0.40146878361701965,0.8712062239646912,0.0011028606677427888
22,hand,14,1,0.4161500930786133,0.884885847568512,0.001585675054229796
22,hand,15,1,0.4207581877708435,0.8784893751144409,0.0025567496195435524
22,hand,16,1,0.42209213972091675,0.8689906001091003,0.0027518083807080984
22,hand,17,1,0.39848366379737854,0.8684274554252625,0.005740260239690542
22,hand,18,1,0.4097311496734619,0.8798783421516418,0.005726514384150505
22,hand,19,1,0.41466185450553894,0.8752982020378113,0.006256646942347288
22,hand,20,1,0.4166383147239685,0.8681251406669617,0.006770782172679901
22,pose,0,-1,0.4838586449623108,0.22047725319862366,-0.2773802578449249
22,pose,1,-1,0.4897482097148895,0.19189050793647766,-0.2501678764820099
22,pose,2,-1,0.49258846044540405,0.19226348400115967,-0.25028327107429504
22,pose,3,-1,0.4966352581977844,0.1927015483379364,-0.25024786591529846
22,pose,4,-1,0.47514837980270386,0.19045905768871307,-0.263098806142807
22,pose,5,-1,0.46781712770462036,0.1900528222322464,-0.26306137442588806
22,pose,6,-1,0.46144628524780273,0.19020509719848633,-0.26314055919647217
22,pose,7,-1,0.5012844800949097,0.2054906189441681,-0.091791532933712
22,pose,8,-1,0.44825807213783264,0.20398163795471191,-0.15384112298488617
22,pose,9,-1,0.4907263219356537,0.2530886232852936,-0.21915443241596222
22,pose,10,-1,0.4715309739112854,0.2522069811820984,-0.23729148507118225
22,pose,11,-1,0.5378417372703552,0.362825483083725,-0.0105544812977314
22,pose,12,-1,0.397792786359787,0.37685728073120117,-0.06173364073038101
22,pose,13,-1,0.571386456489563,0.5448210835456848,-0.15823408961296082
22,pose,14,-1,0.38760989904403687,0.5982648730278015,-0.003246661275625229
22,pose,15,-1,0.5431068539619446,0.37460681796073914,-0.4657289385795593
22,pose,16,-1,0.4068647027015686,0.7939077019691467,-0.0716109573841095
22,pose,17,-1,0.5424385070800781,0.32009467482566833,-0.5363852381706238
22,pose,18,-1,0.4058030843734741,0.8518270254135132,-0.087179996073246
22,pose,19,-1,0.5412642359733582,0.3027891218662262,-0.5145256519317627
22,pose,20,-1,0.4177570939064026,0.8522391319274902,-0.13362812995910645
22,pose,21,-1,0.537790834903717,0.3243861198425293,-0.4640549123287201
22,pose,22,-1,0.420958012342453,0.8313566446304321,-0.08784355968236923
22,pose,23,-1,0.5289789438247681,0.7619665861129761,0.016404444351792336
22,pose,24,-1,0.44577285647392273,0.774516761302948,-0.015722239390015602
22,pose,25,-1,0.5237409472465515,0.9978424310684204,-0.02443864569067955
22,pose,26,-1,0.46217024326324463,1.0143721103668213,-0.032783783972263336
22,pose,27,-1,0.5402383208274841,1.3064861297607422,0.29237985610961914
22,pose,28,-1,0.46785062551498413,1.2997537851333618,0.24417342245578766
22,pose,29,-1,0.5438199639320374,1.3380935192108154,0.31875962018966675
22,pose,30,-1,0.4659803509712219,1.330231785774231,0.26848381757736206
22,pose,31,-1,0.5306775569915771,1.3921773433685303,0.19297316670417786
22,pose,32,-1,0.48751965165138245,1.3820154666900635,0.12444064021110535
23,hand,0,0,0.52936190366745,0.3722684681415558,-1.1870447025330577e-07
23,hand,1,0,0.5234997272491455,0.3503258228302002,-0.0011591521324589849
23,hand,2,0,0.5241076350212097,0.3208322525024414,-0.0012131188996136189
23,hand,3,0,0.5250953435897827,0.2991655170917511,-0.0025545451790094376
23,hand,4,0,0.5239723920822144,0.2816272974014282,-0.004031871445477009
23,hand,5,0,0.5396170616149902,0.31900936365127563,0.004431302659213543
23,hand,6,0,0.5422613620758057,0.29672881960868835,0.0011875733034685254
23,hand,7,0,0.5421552062034607,0.2811552882194519,-0.0010688254842534661
23,hand,8,0,0.5423179268836975,0.2679111659526825,-0.0029808105900883675
23,hand,9,0,0.5451108813285828,0.3247593641281128,0.0017997713293880224
23,hand,10,0,0.5465623736381531,0.3030450940132141,-0.005556156393140554
23,hand,11,0,0.5393533110618591,0.31684309244155884,-0.008007699623703957
23,hand,12,0,0.5366271734237671,0.33049964904785156,-0.0074159689247608185
23,hand,13,0,0.550334632396698,0.333313524723053,-0.001538303098641336
23,hand,14,0,0.5496933460235596,0.31088513135910034,-0.009200792759656906
23,hand,15,0,0.5423238277435303,0.32547610998153687,-0.007873468101024628
23,hand,16,0,0.540985107421875,0.33811935782432556,-0.004582229536026716
23,hand,17,0,0.5551965236663818,0.3444971442222595,-0.0049985246732831
23,hand,18,0,0.553753674030304,0.3242860734462738,-0.00956772081553936
23,hand,19,0,0.5475835800170898,0.3319849669933319,-0.007535077165812254
23,hand,20,0,0.5466510653495789,0.3426101803779602,-0.004790183622390032
23,hand,0,1,0.4042038917541504,0.8048505187034607,-9.493390962234116e-08
23,hand,1,1,0.4207804203033447,0.8196411728858948,-0.005710734520107508
23,hand,2,1,0.4296814203262329,0.8444771766662598,-0.007539721671491861
23,hand,3,1,0.4354730546474457,0.8693785667419434,-0.007722589652985334
23,hand,4,1,0.4406668245792389,0.8877683877944946,-0.00682324543595314
23,hand,5,1,0.41522425413131714,0.8720029592514038,-0.00565446587279439
23,hand,6,1,0.42536258697509766,0.9010103940963745,-0.0037403421010822058
23,hand,7,1,0.4329218566417694,0.89887934923172,-0.0009239253704436123
23,hand,8,1,0.4372270107269287,0.8905636072158813,0.001189270755276084
23,hand,9,1,0.40590009093284607,0.8744388222694397,-0.001155143603682518
23,hand,10,1,0.41994407773017883,0.890705943107605,0.0008577692788094282
23,hand,11,1,0.42578792572021484,0.8819574117660522,0.0022388079669326544
23,hand,12,1,0.426862895488739,0.8721392154693604,0.0025085981469601393
23,hand,13,1,0.40039777755737305,0.8717907071113586,0.003495072713121772
23,hand,14,1,0.41442984342575073,0.8845862150192261,0.005064774304628372
23,hand,15,1,0.4191858470439911,0.877999484539032,0.005643241107463837
23,hand,16,1,0.4205935001373291,0.8682023882865906,0.005261615850031376
23,hand,17,1,0.39737269282341003,0.8685784935951233,0.00797676295042038
23,hand,18,1,0.4079475402832031,0.8794638514518738,0.00888241920620203
23,hand,19,1,0.4127107858657837,0.8748331665992737,0.009386981837451458
23,hand,20,1,0.4145796597003937,0.8675230741500854,0.009650816209614277
23,pose,0,-1,0.4816778898239136,0.22056947648525238,-0.29186490178108215
23,pose,1,-1,0.48775771260261536,0.1920756846666336,-0.26579782366752625
23,pose,2,-1,0.49043455719947815,0.19254432618618011,-0.26594245433807373
23,pose,3,-1,0.4942408502101898,0.19308137893676758,-0.2658967077732086
23,pose,4,-1,0.47274544835090637,0.19051559269428253,-0.27485838532447815
23,pose,5,-1,0.4652755558490753,0.19012533128261566,-0.27484503388404846
23,pose,6,-1,0.45915350317955017,0.19027245044708252,-0.27493542432785034
23,pose,7,-1,0.4986162483692169,0.20568352937698364,-0.11250697821378708
23,pose,8,-1,0.44593772292137146,0.2040594518184662,-0.15801368653774261
23,pose,9,-1,0.4891396164894104,0.25326913595199585,-0.2359112799167633
23,pose,10,-1,0.4692998230457306,0.2523181438446045,-0.24914690852165222
23,pose,11,-1,0.5380186438560486,0.36266347765922546,-0.033443816006183624
23,pose,12,-1,0.3967280685901642,0.3771328032016754,-0.05667710676789284
23,pose,13,-1,0.5679840445518494,0.556774914264679,-0.1667364239692688
23,pose,14,-1,0.3867957293987274,0.5987458825111389,0.0037180797662585974
23,pose,15,-1,0.5393431186676025,0.3981618881225586,-0.47055748105049133
23,pose,16,-1,0.4068279564380646,0.7939132452011108,-0.08259391039609909
23,pose,17,-1,0.5376643538475037,0.3476998209953308,-0.5404501557350159
23,pose,18,-1,0.40584439039230347,0.8518840074539185,-0.09826044738292694
23,pose,19,-1,0.538067638874054,0.32740142941474915,-0.5238022804260254
23,pose,20,-1,0.4177716374397278,0.8520941734313965,-0.1427711397409439
23,pose,21,-1,0.535496175289154,0.348299503326416,-0.47079822421073914
23,pose,22,-1,0.4209464192390442,0.8313266038894653,-0.09839725494384766
23,pose,23,-1,0.5289521813392639,0.762026309967041,0.014685524627566338
23,pose,24,-1,0.44569671154022217,0.7748215794563293,-0.013964768499135971
23,pose,25,-1,0.5237863659858704,0.9992613792419434,-0.02659374289214611
23,pose,26,-1,0.4617367684841156,1.0166524648666382,-0.01906517893075943
23,pose,27,-1,0.5406098961830139,1.307594895362854,0.2961775064468384
23,pose,28,-1,0.4679976999759674,1.2994166612625122,0.2717924416065216
23,pose,29,-1,0.5444467067718506,1.340086817741394,0.32349708676338196
23,pose,30,-1,0.4661007225513458,1.3297429084777832,0.30471086502075195
23,pose,31,-1,0.5309252738952637,1.3940885066986084,0.19462715089321136
23,pose,32,-1,0.488100528717041,1.3819503784179688,0.1840059459209442
24,hand,0,0,0.5214593410491943,0.38352277874946594,-8.995142763978947e-08
24,hand,1,0,0.5181069374084473,0.36423808336257935,-0.0009280224330723286
24,hand,2,0,0.5195258855819702,0.33378371596336365,-0.002049491973593831
24,hand,3,0,0.5202444791793823,0.3119008243083954,-0.004933029878884554
24,hand,4,0,0.5194306373596191,0.29243624210357666,-0.008063551969826221
24,hand,5,0,0.5368486046791077,0.33244916796684265,0.005518277175724506
24,hand,6,0,0.5387560725212097,0.3137245774269104,0.0018128885421901941
24,hand,7,0,0.5379043221473694,0.2954995632171631,0.00044374848948791623
24,hand,8,0,0.5382022261619568,0.2825181484222412,-0.0006120920297689736
24,hand,9,0,0.5418646335601807,0.3380902111530304,0.002126215025782585
24,hand,10,0,0.5438030362129211,0.31321924924850464,-0.0050478745251894
24,hand,11,0,0.5331605672836304,0.32567843794822693,-0.005171523429453373
24,hand,12,0,0.5318810343742371,0.3384334444999695,-0.002310951007530093
24,hand,13,0,0.5467857718467712,0.3466068208217621,-0.002393770730122924
24,hand,14,0,0.5444488525390625,0.32346466183662415,-0.010261671617627144
24,hand,15,0,0.5347576141357422,0.33711111545562744,-0.007665636017918587
24,hand,16,0,0.5358942747116089,0.34947502613067627,-0.00314875110052526
24,hand,17,0,0.5513521432876587,0.3574313819408417,-0.007162028923630714
24,hand,18,0,0.5470663905143738,0.336399108171463,-0.011841666884720325
24,hand,19,0,0.5392557978630066,0.3436303734779358,-0.009620090946555138
24,hand,20,0,0.5397801995277405,0.35550597310066223,-0.0065847462974488735
24,hand,0,1,0.4027732014656067,0.80402010679245,-9.77056373585583e-08
24,hand,1,1,0.41906628012657166,0.8189796805381775,-0.00627803523093462
24,hand,2,1,0.4277315139770508,0.8442298173904419,-0.007912551052868366
24,hand,3,1,0.43321019411087036,0.8686033487319946,-0.007712411228567362
24,hand,4,1,0.4376027584075928,0.8870230913162231,-0.006427150685340166
24,hand,5,1,0.4126605689525604,0.8714901804924011,-0.005879259202629328
24,hand,6,1,0.42280900478363037,0.8997108936309814,-0.003902520053088665
24,hand,7,1,0.4307892322540283,0.8986936807632446,-0.0012556392466649413
24,hand,8,1,0.4356180727481842,0.891404390335083,0.000760028138756752
24,hand,9,1,0.40352094173431396,0.8735151290893555,-0.0009488326613791287
24,hand,10,1,0.41817060112953186,0.889482855796814,0.0010376634309068322
24,hand,11,1,0.4243861734867096,0.8815829157829285,0.0021970076486468315
24,hand,12,1,0.42604202032089233,0.8719422817230225,0.002394328126683831
24,hand,13,1,0.39849990606307983,0.8707937002182007,0.004087383393198252
24,hand,14,1,0.4131142497062683,0.8833482265472412,0.005575038027018309
24,hand,15,1,0.41821664571762085,0.8774721622467041,0.005727699492126703
24,hand,16,1,0.4201551675796509,0.8683087825775146,0.00514982920140028
24,hand,17,1,0.3961711823940277,0.8677828907966614,0.008929658681154251
24,hand,18,1,0.4071785509586334,0.878968358039856,0.009596126154065132
24,hand,19,1,0.41239404678344727,0.8749839067459106,0.009744586423039436
24,hand,20,1,0.41495680809020996,0.868078351020813,0.009844168089330196
24,pose,0,-1,0.4769158661365509,0.2194436639547348,-0.2957940399646759
24,pose,1,-1,0.4846688210964203,0.19111482799053192,-0.26910942792892456
24,pose,2,-1,0.4880639612674713,0.1916949599981308,-0.2692367136478424
24,pose,3,-1,0.49176451563835144,0.19240209460258484,-0.26916658878326416
24,pose,4,-1,0.4676544964313507,0.18990015983581543,-0.2756457030773163
24,pose,5,-1,0.4605236053466797,0.18967270851135254,-0.27564430236816406
24,pose,6,-1,0.4546540081501007,0.18980491161346436,-0.27573317289352417
24,pose,7,-1,0.4965778589248657,0.20539256930351257,-0.11630138754844666
24,pose,8,-1,0.44347497820854187,0.20362426340579987,-0.14952020347118378
24,pose,9,-1,0.48596784472465515,0.2526401877403259,-0.24072487652301788
24,pose,10,-1,0.46469008922576904,0.2518154978752136,-0.25055548548698425
24,pose,11,-1,0.5379941463470459,0.36233100295066833,-0.03890855237841606
24,pose,12,-1,0.3955796957015991,0.37813907861709595,-0.050381530076265335
24,pose,13,-1,0.5665663480758667,0.5654598474502563,-0.17053760588169098
24,pose,14,-1,0.3863981366157532,0.5992565751075745,0.017260786145925522
24,pose,15,-1,0.5360143780708313,0.4128141701221466,-0.4750838875770569
24,pose,16,-1,0.4068404734134674,0.7946689128875732,-0.06686253100633621
24,pose,17,-1,0.5354833006858826,0.36849772930145264,-0.5458571314811707
24,pose,18,-1,0.4059792459011078,0.8525464534759521,-0.08246657997369766
24,pose,19,-1,0.5361508727073669,0.34751367568969727,-0.5320839285850525
24,pose,20,-1,0.4177900552749634,0.8522284030914307,-0.1268792748451233
24,pose,21,-1,0.5330836176872253,0.36501166224479675,-0.4769211411476135
24,pose,22,-1,0.42094752192497253,0.8316288590431213,-0.08271469175815582
24,pose,23,-1,0.5288571715354919,0.7630197405815125,0.014505255036056042
24,pose,24,-1,0.4456891417503357,0.7762216329574585,-0.013845897279679775
24,pose,25,-1,0.5237866640090942,1.0049818754196167,-0.020647475495934486
24,pose,26,-1,0.4613405168056488,1.021307349205017,-0.016026031225919724
24,pose,27,-1,0.5409130454063416,1.3123170137405396,0.30178070068359375
24,pose,28,-1,0.46787554025650024,1.3019359111785889,0.25834429264068604
24,pose,29,-1,0.54499351978302,1.3465046882629395,0.32874253392219543
24,pose,30,-1,0.4657107889652252,1.3330578804016113,0.28372257947921753
24,pose,31,-1,0.5309352278709412,1.397729516029358,0.19500893354415894
24,pose,32,-1,0.4878576695919037,1.3848025798797607,0.1474526822566986
25,hand,0,0,0.5208625793457031,0.3793361783027649,-7.201096963171949e-08
25,hand,1,0,0.5164065957069397,0.3530808389186859,-0.0006392671493813396
25,hand,2,0,0.517364501953125,0.32330477237701416,-0.0005159793654456735
25,hand,3,0,0.5174169540405273,0.30147701501846313,-0.0019670750480145216
25,hand,4,0,0.5156102180480957,0.2835336923599243,-0.003571220673620701
25,hand,5,0,0.5327730774879456,0.32475560903549194,0.007479036692529917
25,hand,6,0,0.5342686176300049,0.3047339618206024,0.0044817011803388596
25,hand,7,0,0.5337797999382019,0.2872491478919983,0.001838041702285409
25,hand,8,0,0.5342062711715698,0.27227523922920227,-0.000516406144015491
25,hand,9,0,0.5383891463279724,0.3285590708255768,0.004626710433512926
25,hand,10,0,0.5394281148910522,0.3045912981033325,-0.0025119215715676546
25,hand,11,0,0.5318474769592285,0.3166821002960205,-0.005412357859313488
25,hand,12,0,0.5300329923629761,0.32996898889541626,-0.005084490869194269
25,hand,13,0,0.5437132120132446,0.33555808663368225,0.0008411898743361235
25,hand,14,0,0.5426111221313477,0.31156161427497864,-0.006457491312175989
25,hand,15,0,0.534687876701355,0.32359179854393005,-0.0058289323933422565
25,hand,16,0,0.5341317057609558,0.3357241451740265,-0.0030162562616169453
25,hand,17,0,0.5484878420829773,0.3451564908027649,-0.0031396036501973867
25,hand,18,0,0.54597407579422,0.32225990295410156,-0.007342355325818062
25,hand,19,0,0.5393949747085571,0.32872384786605835,-0.0058032553642988205
25,hand,20,0,0.5384951829910278,0.33991551399230957,-0.0034729428589344025
25,hand,0,1,0.4014529585838318,0.8034605979919434,-1.0382730408764473e-07
25,hand,1,1,0.41735202074050903,0.817898154258728,-0.007198474369943142
25,hand,2,1,0.4261295795440674,0.8437727093696594,-0.009239421226084232
25,hand,3,1,0.431506484746933,0.8686298131942749,-0.009261906147003174
25,hand,4,1,0.43529456853866577,0.8869683742523193,-0.008150658570230007
25,hand,5,1,0.4098382294178009,0.8708712458610535,-0.00770072964951396
25,hand,6,1,0.4204001724720001,0.8989784717559814,-0.00693423580378294
25,hand,7,1,0.42876818776130676,0.8982621431350708,-0.004909749608486891
25,hand,8,1,0.43410396575927734,0.8912075161933899,-0.003166214330121875
25,hand,9,1,0.40128806233406067,0.8722190856933594,-0.002641181228682399
25,hand,10,1,0.41651663184165955,0.8869068622589111,-0.002008515875786543
25,hand,11,1,0.4228332042694092,0.8783919215202332,-0.0013182176044210792
25,hand,12,1,0.4248489737510681,0.8687601685523987,-0.0011655063135549426
25,hand,13,1,0.39697059988975525,0.8694700598716736,0.002469297032803297
25,hand,14,1,0.4121480882167816,0.8804822564125061,0.002533846301957965
25,hand,15,1,0.4170941114425659,0.8735514879226685,0.002493170090019703
25,hand,16,1,0.41903504729270935,0.8639112710952759,0.002172852400690317
25,hand,17,1,0.3954775035381317,0.8663942217826843,0.007357939146459103
25,hand,18,1,0.40709245204925537,0.8766478300094604,0.006935468874871731
25,hand,19,1,0.4118354916572571,0.8711438179016113,0.007034542970359325
25,hand,20,1,0.4141026437282562,0.8628898859024048,0.007426661439239979
25,pose,0,-1,0.47587552666664124,0.21910874545574188,-0.29027649760246277
25,pose,1,-1,0.48352476954460144,0.19081756472587585,-0.26364192366600037
25,pose,2,-1,0.48685789108276367,0.19148917496204376,-0.26377031207084656
25,pose,3,-1,0.49066516757011414,0.1922508329153061,-0.2637034058570862
25,pose,4,-1,0.46644800901412964,0.1896548867225647,-0.27256327867507935
25,pose,5,-1,0.45919960737228394,0.18951866030693054,-0.2725695073604584
25,pose,6,-1,0.4533090591430664,0.18966814875602722,-0.2726607024669647
25,pose,7,-1,0.4954250156879425,0.20538091659545898,-0.11068668961524963
25,pose,8,-1,0.4419383108615875,0.20359523594379425,-0.15468023717403412
25,pose,9,-1,0.4852888882160187,0.2526090145111084,-0.23487089574337006
25,pose,10,-1,0.4637601673603058,0.25177404284477234,-0.24777041375637054
25,pose,11,-1,0.5368295907974243,0.36197200417518616,-0.03283869847655296
25,pose,12,-1,0.39489224553108215,0.3785308301448822,-0.05742933228611946
25,pose,13,-1,0.5657475590705872,0.5679640769958496,-0.16371162235736847
25,pose,14,-1,0.38583648204803467,0.5995224118232727,0.008827588520944118
25,pose,15,-1,0.5335137844085693,0.40806880593299866,-0.46667635440826416
25,pose,16,-1,0.4067888855934143,0.7955427765846252,-0.0661446824669838
25,pose,17,-1,0.5324661731719971,0.3611140847206116,-0.5355743765830994
25,pose,18,-1,0.40593719482421875,0.8533239960670471,-0.0808509960770607
25,pose,19,-1,0.5332598686218262,0.33962878584861755,-0.5217832922935486
25,pose,20,-1,0.4175359606742859,0.8529335260391235,-0.12661102414131165
25,pose,21,-1,0.5306894183158875,0.3596615493297577,-0.4683425724506378
25,pose,22,-1,0.42060890793800354,0.8324549198150635,-0.08227171003818512
25,pose,23,-1,0.5286883115768433,0.7666348218917847,0.014371933415532112
25,pose,24,-1,0.44550085067749023,0.778555691242218,-0.013707086443901062
25,pose,25,-1,0.5237642526626587,1.0139257907867432,-0.013543049804866314
25,pose,26,-1,0.4601168632507324,1.0268421173095703,-0.01827186532318592
25,pose,27,-1,0.5404483079910278,1.3157492876052856,0.30854952335357666
25,pose,28,-1,0.46709972620010376,1.305038571357727,0.2435450702905655
25,pose,29,-1,0.5447208881378174,1.349634051322937,0.3358246684074402
25,pose,30,-1,0.4647558927536011,1.3362780809402466,0.2662300169467926
25,pose,31,-1,0.5303180813789368,1.4000197649002075,0.21429549157619476
25,pose,32,-1,0.4877958595752716,1.388566493988037,0.12110061198472977
26,hand,0,0,0.5230902433395386,0.367837518453598,4.743078374502829e-09
26,hand,1,0,0.5167298316955566,0.3370873034000397,-0.001727400696836412
26,hand,2,0,0.5174235701560974,0.3053916096687317,-0.0014377922052517533
26,hand,3,0,0.5178743600845337,0.2812073230743408,-0.0019049375550821424
26,hand,4,0,0.5161011219024658,0.2612946927547455,-0.0018635482992976904
26,hand,5,0,0.532063901424408,0.31224972009658813,0.006313936319202185
26,hand,6,0,0.5340365171432495,0.2871853709220886,0.00485375989228487
26,hand,7,0,0.5343762040138245,0.2665413022041321,0.0023121738340705633
26,hand,8,0,0.5342503190040588,0.24848979711532593,-2.0533960196189582e-05
26,hand,9,0,0.5371665358543396,0.31460171937942505,0.005289984866976738
26,hand,10,0,0.5402642488479614,0.2887468934059143,0.0021550036035478115
26,hand,11,0,0.5359964370727539,0.28369370102882385,-0.00024505978217348456
26,hand,12,0,0.5324486494064331,0.28533321619033813,-0.001038737827911973
26,hand,13,0,0.5412238836288452,0.3192470073699951,0.003417234867811203
26,hand,14,0,0.5449720621109009,0.2951391935348511,0.0010037865722551942
26,hand,15,0,0.540536105632782,0.2901425361633301,0.001642277929931879
26,hand,16,0,0.5373991131782532,0.29190632700920105,0.00304793706163764
26,hand,17,0,0.544723391532898,0.32661253213882446,0.001018405775539577
26,hand,18,0,0.5493171215057373,0.30817288160324097,3.2811913115438074e-05
26,hand,19,0,0.5469977259635925,0.29541486501693726,0.0007373109110631049
26,hand,20,0,0.5443621277809143,0.28945815563201904,0.0016716013196855783
26,hand,0,1,0.4005753993988037,0.8031538724899292,-9.664101696671423e-08
26,hand,1,1,0.4163815677165985,0.8185127973556519,-0.008578233420848846
26,hand,2,1,0.4250345528125763,0.8443567752838135,-0.01086757518351078
26,hand,3,1,0.4308936595916748,0.8691493272781372,-0.01064318884164095
26,hand,4,1,0.43496400117874146,0.8880652189254761,-0.009251803159713745
26,hand,5,1,0.4080919325351715,0.8710898756980896,-0.008991746231913567
26,hand,6,1,0.42007073760032654,0.8987183570861816,-0.007183748297393322
26,hand,7,1,0.4285690188407898,0.8975474238395691,-0.004232828970998526
26,hand,8,1,0.4335003197193146,0.8904879689216614,-0.002034364501014352
26,hand,9,1,0.39992856979370117,0.8720155358314514,-0.002855745144188404
26,hand,10,1,0.4158235788345337,0.8866128325462341,-0.001635632710531354
26,hand,11,1,0.4221787452697754,0.8771299123764038,-0.0006901902961544693
26,hand,12,1,0.4239714443683624,0.8670336008071899,-0.0004514516913332045
26,hand,13,1,0.39624708890914917,0.8687636852264404,0.003388546872884035
26,hand,14,1,0.41189539432525635,0.8798443675041199,0.003733245190232992
26,hand,15,1,0.4167824983596802,0.871614396572113,0.00345359998755157
26,hand,16,1,0.4184197783470154,0.8614854216575623,0.0028934646397829056
26,hand,17,1,0.39533689618110657,0.8657978177070618,0.00936532486230135
26,hand,18,1,0.4071061611175537,0.87565016746521,0.008745270781219006
26,hand,19,1,0.4117024838924408,0.8690242171287537,0.008365442045032978
26,hand,20,1,0.4135415256023407,0.8606533408164978,0.0083913654088974
26,pose,0,-1,0.4745399057865143,0.22217091917991638,-0.2975478768348694
26,pose,1,-1,0.482272207736969,0.1937435418367386,-0.270837664604187
26,pose,2,-1,0.48554906249046326,0.19426004588603973,-0.2709638774394989
26,pose,3,-1,0.48942118883132935,0.1948736608028412,-0.2709067761898041
26,pose,4,-1,0.46557551622390747,0.19193273782730103,-0.2796417772769928
26,pose,5,-1,0.45816856622695923,0.1915600299835205,-0.27965036034584045
26,pose,6,-1,0.4524042010307312,0.19154013693332672,-0.2797388434410095
26,pose,7,-1,0.49480193853378296,0.20728732645511627,-0.1137595847249031
26,pose,8,-1,0.4410429000854492,0.20507770776748657,-0.15735286474227905
26,pose,9,-1,0.4841628670692444,0.2547719478607178,-0.2402416318655014
26,pose,10,-1,0.46209293603897095,0.2534279525279999,-0.25295156240463257
26,pose,11,-1,0.5353766083717346,0.36192190647125244,-0.03289661556482315
26,pose,12,-1,0.39417362213134766,0.37875014543533325,-0.06032230705022812
26,pose,13,-1,0.565542995929718,0.5629180669784546,-0.169321209192276
26,pose,14,-1,0.384972482919693,0.6001527905464172,-0.002285075606778264
26,pose,15,-1,0.5340160727500916,0.37865811586380005,-0.48060616850852966
26,pose,16,-1,0.4064246416091919,0.7958219647407532,-0.08437682688236237
26,pose,17,-1,0.5318904519081116,0.3228822350502014,-0.5491285920143127
26,pose,18,-1,0.4058811366558075,0.8538129925727844,-0.10028387606143951
26,pose,19,-1,0.5320923924446106,0.306488573551178,-0.5274873971939087
26,pose,20,-1,0.41715773940086365,0.8533264398574829,-0.14633038640022278
26,pose,21,-1,0.5297380685806274,0.32779112458229065,-0.4807797074317932
26,pose,22,-1,0.41993454098701477,0.8329680562019348,-0.10066093504428864
26,pose,23,-1,0.528491735458374,0.7672800421714783,0.01411717664450407
26,pose,24,-1,0.44489163160324097,0.7786521315574646,-0.013448679819703102
26,pose,25,-1,0.5234277844429016,1.0127437114715576,-0.013374839909374714
26,pose,26,-1,0.4594000577926636,1.0270968675613403,-0.02303789183497429
26,pose,27,-1,0.5386884808540344,1.3148659467697144,0.3061656355857849
26,pose,28,-1,0.46568283438682556,1.3049403429031372,0.2324877381324768
26,pose,29,-1,0.5426425933837891,1.3482273817062378,0.33293092250823975
26,pose,30,-1,0.4634648859500885,1.3359380960464478,0.2547682821750641
26,pose,31,-1,0.52886962890625,1.3995246887207031,0.21421334147453308
26,pose,32,-1,0.4869164824485779,1.3889853954315186,0.11178881675004959
27,hand,0,0,0.519606351852417,0.3455725312232971,7.472785057416331e-08
27,hand,1,0,0.5165921449661255,0.3071729838848114,0.0015311851166188717
27,hand,2,0,0.5190306901931763,0.2773968577384949,0.0024316543713212013
27,hand,3,0,0.5194559097290039,0.2548139989376068,0.0015956347342580557
27,hand,4,0,0.5186452865600586,0.23448432981967926,0.0007939153583720326
27,hand,5,0,0.5338444709777832,0.2915252447128296,0.010315006598830223
27,hand,6,0,0.5406786799430847,0.27746981382369995,0.009503837674856186
27,hand,7,0,0.5425541400909424,0.2637028098106384,0.006867752876132727
27,hand,8,0,0.5424149632453918,0.2504035532474518,0.004403521306812763
27,hand,9,0,0.5369981527328491,0.29608145356178284,0.007422316819429398
27,hand,10,0,0.5449674725532532,0.2819034159183502,0.006906457711011171
27,hand,11,0,0.5450631976127625,0.265442818403244,0.004293498117476702
27,hand,12,0,0.5436109900474548,0.25314199924468994,0.001762096886523068
27,hand,13,0,0.538322389125824,0.2995857894420624,0.0035367021337151527
27,hand,14,0,0.54709392786026,0.2862876057624817,0.0029359657783061266
27,hand,15,0,0.5471241474151611,0.271680623292923,0.0017355115851387382
27,hand,16,0,0.5458031892776489,0.26107993721961975,0.00047866933164186776
27,hand,17,0,0.5379198789596558,0.3032759428024292,-0.0006295953062362969
27,hand,18,0,0.5459314584732056,0.2939772605895996,-0.0010734719689935446
27,hand,19,0,0.5479223728179932,0.2809944152832031,-0.0017892431933432817
27,hand,20,0,0.5478453636169434,0.2707901895046234,-0.0027434295043349266
27,hand,0,1,0.39998453855514526,0.8038461804389954,-9.101106002162851e-08
27,hand,1,1,0.4157853424549103,0.8185577392578125,-0.00867412518709898
27,hand,2,1,0.4244980812072754,0.8432983160018921,-0.011385602876543999
27,hand,3,1,0.43021437525749207,0.8682215213775635,-0.011740611866116524
27,hand,4,1,0.43449053168296814,0.8874304890632629,-0.010877436026930809
27,hand,5,1,0.40894532203674316,0.8714833855628967,-0.008518323302268982
27,hand,6,1,0.4207721948623657,0.8998292684555054,-0.007453563157469034
27,hand,7,1,0.4291682541370392,0.8980721235275269,-0.005182748194783926
27,hand,8,1,0.4335920214653015,0.8903305530548096,-0.0033678526524454355
27,hand,9,1,0.4007215201854706,0.8726986050605774,-0.002638260368257761
27,hand,10,1,0.4157484471797943,0.8890860676765442,-0.0018186469096690416
27,hand,11,1,0.4219874441623688,0.8804122805595398,-0.0010823741322383285
27,hand,12,1,0.4235265254974365,0.8704349398612976,-0.0009140435140579939
27,hand,13,1,0.39656803011894226,0.8697256445884705,0.00319286179728806
27,hand,14,1,0.41126903891563416,0.8822765946388245,0.003302019787952304
27,hand,15,1,0.41615158319473267,0.875057578086853,0.0030599194578826427
27,hand,16,1,0.41768065094947815,0.8654158115386963,0.002580603351816535
27,hand,17,1,0.3947199285030365,0.8669759035110474,0.008686250075697899
27,hand,18,1,0.4063151776790619,0.8778798580169678,0.007954027503728867
27,hand,19,1,0.411081999540329,0.8722618222236633,0.00757188955321908
27,hand,20,1,0.41298094391822815,0.864800214767456,0.007604924496263266
27,pose,0,-1,0.4740881323814392,0.2257397621870041,-0.2793997526168823
27,pose,1,-1,0.4816910922527313,0.19762760400772095,-0.25461453199386597
27,pose,2,-1,0.48492231965065,0.19827774167060852,-0.25469276309013367
27,pose,3,-1,0.4890053868293762,0.19893580675125122,-0.2546330690383911
27,pose,4,-1,0.46532341837882996,0.19550010561943054,-0.2646414041519165
27,pose,5,-1,0.45787113904953003,0.19500166177749634,-0.2646104395389557
27,pose,6,-1,0.4519781172275543,0.1949039101600647,-0.2646903693675995
27,pose,7,-1,0.4946174919605255,0.21146002411842346,-0.10275823622941971
27,pose,8,-1,0.44032976031303406,0.20800118148326874,-0.15169309079647064
27,pose,9,-1,0.48330122232437134,0.2572576105594635,-0.22342804074287415
27,pose,10,-1,0.4611842930316925,0.25590553879737854,-0.23777301609516144
27,pose,11,-1,0.5344852209091187,0.3618011176586151,-0.024638080969452858
27,pose,12,-1,0.3933435082435608,0.3788972496986389,-0.06066814437508583
27,pose,13,-1,0.5658212304115295,0.5457283854484558,-0.16944174468517303
27,pose,14,-1,0.3836384117603302,0.6001714468002319,-0.005991742480546236
27,pose,15,-1,0.5339609384536743,0.34874480962753296,-0.4669904112815857
27,pose,16,-1,0.40574541687965393,0.7949650883674622,-0.0763753205537796
27,pose,17,-1,0.5318328142166138,0.29473626613616943,-0.5342381596565247
27,pose,18,-1,0.40547770261764526,0.8534623980522156,-0.08851584792137146
27,pose,19,-1,0.5306839942932129,0.2836504578590393,-0.5121822357177734
27,pose,20,-1,0.4165533483028412,0.8530259132385254,-0.1362379938364029
27,pose,21,-1,0.527834951877594,0.3029122054576874,-0.4660792946815491
27,pose,22,-1,0.41920024156570435,0.8327890634536743,-0.09296152740716934
27,pose,23,-1,0.5282515287399292,0.766756534576416,0.014440685510635376
27,pose,24,-1,0.44440001249313354,0.7779594659805298,-0.013767731375992298
27,pose,25,-1,0.52333664894104,1.0112977027893066,-0.00986737385392189
27,pose,26,-1,0.4587962329387665,1.0259647369384766,-0.029358088970184326
27,pose,27,-1,0.5382813811302185,1.314969539642334,0.28878119587898254
27,pose,28,-1,0.46526429057121277,1.3052922487258911,0.20708659291267395
27,pose,29,-1,0.542062520980835,1.3487608432769775,0.3126143515110016
27,pose,30,-1,0.46297627687454224,1.3362562656402588,0.2270098626613617
27,pose,31,-1,0.5289269685745239,1.398895025253296,0.19470636546611786
27,pose,32,-1,0.48658305406570435,1.3896030187606812,0.08448747545480728
28,hand,0,0,0.5191614031791687,0.3146561086177826,-1.1899816243499117e-08
28,hand,1,0,0.5163264274597168,0.28063690662384033,0.002273810561746359
28,hand,2,0,0.518994927406311,0.2542407512664795,0.003261982463300228
28,hand,3,0,0.5196458101272583,0.23213474452495575,0.0023462374228984118
28,hand,4,0,0.5188384056091309,0.21420252323150635,0.0015739192022010684
28,hand,5,0,0.5366631746292114,0.268911212682724,0.013262946158647537
28,hand,6,0,0.5363265872001648,0.25089317560195923,0.013986753299832344
28,hand,7,0,0.5348033905029297,0.247803196310997,0.01221997756510973
28,hand,8,0,0.5356346964836121,0.2446744441986084,0.010363474488258362
28,hand,9,0,0.5404942035675049,0.2704993486404419,0.010762478224933147
28,hand,10,0,0.5371595621109009,0.24846342206001282,0.011452564038336277
28,hand,11,0,0.53466796875,0.24990765750408173,0.009554463438689709
28,hand,12,0,0.5365930199623108,0.2525378465652466,0.007802536711096764
28,hand,13,0,0.5432268977165222,0.2712964117527008,0.0074454708956182
28,hand,14,0,0.5395464301109314,0.24876202642917633,0.008360634557902813
28,hand,15,0,0.5364652276039124,0.25220778584480286,0.008844573982059956
28,hand,16,0,0.5376654267311096,0.257364958524704,0.008646507747471333
28,hand,17,0,0.5448835492134094,0.27035489678382874,0.0038882961962372065
28,hand,18,0,0.5411906838417053,0.2509582042694092,0.005380900576710701
28,hand,19,0,0.5388609170913696,0.2549687922000885,0.006964513566344976
28,hand,20,0,0.539991021156311,0.26186472177505493,0.007739511784166098
28,hand,0,1,0.39939722418785095,0.8054162859916687,-9.768655218067579e-08
28,hand,1,1,0.4156314730644226,0.8207616209983826,-0.006314232014119625
28,hand,2,1,0.42491886019706726,0.8456805944442749,-0.008227976970374584
28,hand,3,1,0.43067124485969543,0.8700501918792725,-0.008287050761282444
28,hand,4,1,0.4350561499595642,0.8881983757019043,-0.0073015158995985985
28,hand,5,1,0.4094279408454895,0.8723737597465515,-0.006778526119887829
28,hand,6,1,0.42079976201057434,0.9005852937698364,-0.005447623319923878
28,hand,7,1,0.4291774034500122,0.8993209600448608,-0.003193541895598173
28,hand,8,1,0.4340597689151764,0.8920935988426208,-0.0013864909997209907
28,hand,9,1,0.40071675181388855,0.8739849328994751,-0.0019875485450029373
28,hand,10,1,0.4158323109149933,0.8897765874862671,-0.0006069604423828423
28,hand,11,1,0.4219614267349243,0.8811789751052856,0.00031821566517464817
28,hand,12,1,0.42353659868240356,0.8715382814407349,0.0004570154123939574
28,hand,13,1,0.3961023688316345,0.8710439205169678,0.002967142965644598
28,hand,14,1,0.4110780656337738,0.8827784061431885,0.003996335901319981
28,hand,15,1,0.4157845973968506,0.8759341239929199,0.004318381659686565
28,hand,16,1,0.41731327772140503,0.8663830757141113,0.003977490123361349
28,hand,17,1,0.39404451847076416,0.8677911162376404,0.007728245109319687
28,hand,18,1,0.40572887659072876,0.878316342830658,0.008142820559442043
28,hand,19,1,0.4104411005973816,0.8731645941734314,0.008556144312024117
28,hand,20,1,0.4123789370059967,0.8656342029571533,0.008941790089011192
28,pose,0,-1,0.47341570258140564,0.2296815812587738,-0.2750290036201477
28,pose,1,-1,0.4809260666370392,0.20101098716259003,-0.2512578070163727
28,pose,2,-1,0.48412737250328064,0.20163176953792572,-0.2513526976108551
28,pose,3,-1,0.4883101284503937,0.202241450548172,-0.2512960135936737
28,pose,4,-1,0.4649042785167694,0.19908525049686432,-0.2588461935520172
28,pose,5,-1,0.45741796493530273,0.1984945386648178,-0.2588348090648651
28,pose,6,-1,0.45136508345603943,0.19825638830661774,-0.25891992449760437
28,pose,7,-1,0.4941219389438629,0.2136816531419754,-0.10052108764648438
28,pose,8,-1,0.4395391047000885,0.20994356274604797,-0.13807649910449982
28,pose,9,-1,0.48248055577278137,0.25980499386787415,-0.21881318092346191
28,pose,10,-1,0.4603631794452667,0.258354514837265,-0.22983384132385254
28,pose,11,-1,0.5330936312675476,0.36134642362594604,-0.02372298203408718
28,pose,12,-1,0.39289456605911255,0.37884393334388733,-0.04651712253689766
28,pose,13,-1,0.5661565065383911,0.5311982035636902,-0.17259933054447174
28,pose,14,-1,0.38294199109077454,0.6006036996841431,0.0025404999032616615
28,pose,15,-1,0.5326796174049377,0.32681331038475037,-0.4667437672615051
28,pose,16,-1,0.40543290972709656,0.794968843460083,-0.06871173530817032
28,pose,17,-1,0.5315077304840088,0.2729143798351288,-0.532621443271637
28,pose,18,-1,0.40543332695961,0.8535268306732178,-0.07951615750789642
28,pose,19,-1,0.5297560095787048,0.26332440972328186,-0.5113281011581421
28,pose,20,-1,0.41646650433540344,0.8532073497772217,-0.12634389102458954
28,pose,21,-1,0.5265509486198425,0.2823182940483093,-0.4656302034854889
28,pose,22,-1,0.4190411865711212,0.8330443501472473,-0.08507601171731949
28,pose,23,-1,0.5276908278465271,0.7655525207519531,0.013914837501943111
28,pose,24,-1,0.4435476064682007,0.7765649557113647,-0.013233616016805172
28,pose,25,-1,0.523130476474762,1.0038632154464722,-0.009693821892142296
28,pose,26,-1,0.45804885029792786,1.0216031074523926,-0.02575894445180893
28,pose,27,-1,0.5377275943756104,1.3142595291137695,0.2847326099872589
28,pose,28,-1,0.46462351083755493,1.3048151731491089,0.2105606347322464
28,pose,29,-1,0.5414083003997803,1.3477873802185059,0.30898812413215637
28,pose,30,-1,0.46254557371139526,1.3358639478683472,0.23071108758449554
28,pose,31,-1,0.5288370251655579,1.3982579708099365,0.1923677921295166
28,pose,32,-1,0.4858910143375397,1.3890674114227295,0.0905991941690445
29,hand,0,0,0.5215669274330139,0.30201688408851624,-4.900185857081851e-08
29,hand,1,0,0.519070565700531,0.2708538770675659,0.006630257237702608
29,hand,2,0,0.5202959179878235,0.2467070072889328,0.009100278839468956
29,hand,3,0,0.5201749801635742,0.22618477046489716,0.008148274384438992
29,hand,4,0,0.51877361536026,0.20686252415180206,0.006834358908236027
29,hand,5,0,0.5371717810630798,0.25211048126220703,0.01896779052913189
29,hand,6,0,0.5372797846794128,0.2301218956708908,0.019247516989707947
29,hand,7,0,0.5360278487205505,0.211951345205307,0.01768932119011879
29,hand,8,0,0.535845160484314,0.19674423336982727,0.015807120129466057
29,hand,9,0,0.5420646667480469,0.25499609112739563,0.012880933471024036
29,hand,10,0,0.5404914021492004,0.22838371992111206,0.009944861754775047
29,hand,11,0,0.5336645841598511,0.2396562546491623,0.007598410360515118
29,hand,12,0,0.5330663919448853,0.25181424617767334,0.00759555259719491
29,hand,13,0,0.5465980172157288,0.2576514482498169,0.005994307808578014
29,hand,14,0,0.5422099232673645,0.2288697510957718,0.0024961496237665415
29,hand,15,0,0.5346613526344299,0.24257738888263702,0.0029171963687986135
29,hand,16,0,0.5354635119438171,0.2560080289840698,0.0046928455121815205
29,hand,17,0,0.5504451990127563,0.2605682909488678,-0.0006816877867095172
29,hand,18,0,0.5450552701950073,0.2346295416355133,-0.0021581645123660564
29,hand,19,0,0.5387622117996216,0.24353647232055664,-0.00044602033449336886
29,hand,20,0,0.5390507578849792,0.2561070919036865,0.0014880677917972207
29,hand,0,1,0.39870283007621765,0.8064683079719543,-1.0162635533106368e-07
29,hand,1,1,0.4151337444782257,0.8203938007354736,-0.007097467314451933
29,hand,2,1,0.42449501156806946,0.844797670841217,-0.009523428045213223
29,hand,3,1,0.43046465516090393,0.8695153594017029,-0.00991840474307537
29,hand,4,1,0.43516457080841064,0.8878993988037109,-0.009201262146234512
29,hand,5,1,0.40899255871772766,0.8726075291633606,-0.008500153198838234
29,hand,6,1,0.42065003514289856,0.9011441469192505,-0.007487911265343428
29,hand,7,1,0.4289356768131256,0.899480938911438,-0.004952658899128437
29,hand,8,1,0.4337475597858429,0.8913899064064026,-0.0029155006632208824
29,hand,9,1,0.40022802352905273,0.8745808005332947,-0.003499099053442478
29,hand,10,1,0.41601648926734924,0.8894331455230713,-0.002586232265457511
29,hand,11,1,0.4216596186161041,0.8795101642608643,-0.0014139628037810326
29,hand,12,1,0.42261573672294617,0.8693861365318298,-0.001077962457202375
29,hand,13,1,0.39566656947135925,0.8718039393424988,0.001662389375269413
29,hand,14,1,0.41126570105552673,0.8833078742027283,0.002075541066005826
29,hand,15,1,0.41562986373901367,0.8753923177719116,0.0026027460116893053
29,hand,16,1,0.4166870415210724,0.8649864792823792,0.002466325182467699
29,hand,17,1,0.3938589096069336,0.8684331774711609,0.006598261184990406
29,hand,18,1,0.40599584579467773,0.8787758350372314,0.006312821991741657
29,hand,19,1,0.4103595018386841,0.8726540207862854,0.006621223874390125
29,hand,20,1,0.4117933213710785,0.8641563057899475,0.007038770243525505
29,pose,0,-1,0.47277066111564636,0.23023003339767456,-0.2807762026786804
29,pose,1,-1,0.48010584712028503,0.20176830887794495,-0.2569197118282318
29,pose,2,-1,0.48330721259117126,0.20229223370552063,-0.25701016187667847
29,pose,3,-1,0.4876585006713867,0.2027100771665573,-0.2569548487663269
29,pose,4,-1,0.46423575282096863,0.20044386386871338,-0.26407381892204285
29,pose,5,-1,0.45668336749076843,0.20001667737960815,-0.26405826210975647
29,pose,6,-1,0.4505169093608856,0.19990400969982147,-0.2641470730304718
29,pose,7,-1,0.4937317967414856,0.21400795876979828,-0.10521207004785538
29,pose,8,-1,0.4387790858745575,0.2113017439842224,-0.14048103988170624
29,pose,9,-1,0.48187386989593506,0.2600102126598358,-0.22422920167446136
29,pose,10,-1,0.4599913954734802,0.25865069031715393,-0.2345581203699112
29,pose,11,-1,0.5332247018814087,0.36092543601989746,-0.026792878285050392
29,pose,12,-1,0.3928109109401703,0.37877514958381653,-0.047068893909454346
29,pose,13,-1,0.56752610206604,0.5269840359687805,-0.17474421858787537
29,pose,14,-1,0.38226258754730225,0.6005808115005493,0.009514732286334038
29,pose,15,-1,0.5319207310676575,0.32271599769592285,-0.46828800439834595
29,pose,16,-1,0.40473994612693787,0.7944450974464417,-0.05649865046143532
29,pose,17,-1,0.5309251546859741,0.2695971727371216,-0.534655749797821
29,pose,18,-1,0.40516984462738037,0.8535038828849792,-0.06659626960754395
29,pose,19,-1,0.5292307734489441,0.26013392210006714,-0.5144692063331604
29,pose,20,-1,0.41611137986183167,0.8532094359397888,-0.11433950811624527
29,pose,21,-1,0.5260627865791321,0.2787795066833496,-0.46758878231048584
29,pose,22,-1,0.41854727268218994,0.8330528140068054,-0.07321057468652725
29,pose,23,-1,0.5274821519851685,0.7649657130241394,0.013325093314051628
29,pose,24,-1,0.4425300061702728,0.7756152749061584,-0.012597640976309776
29,pose,25,-1,0.5231084227561951,1.000389575958252,-0.009466269053518772
29,pose,26,-1,0.45772695541381836,1.0193771123886108,-0.025724800303578377
29,pose,27,-1,0.5371249318122864,1.3141337633132935,0.278652161359787
29,pose,28,-1,0.46335479617118835,1.3044174909591675,0.20684079825878143
29,pose,29,-1,0.5407224297523499,1.3482675552368164,0.3019464313983917
29,pose,30,-1,0.46116170287132263,1.3354847431182861,0.22655870020389557
29,pose,31,-1,0.5285122394561768,1.397902488708496,0.1818396896123886
29,pose,32,-1,0.48444846272468567,1.3887693881988525,0.08420663326978683
30,hand,0,0,0.5237978100776672,0.31771278381347656,-1.0832946628624995e-07
30,hand,1,0,0.5180613398551941,0.29171910881996155,0.00034519570181146264
30,hand,2,0,0.5183685421943665,0.26592302322387695,4.699432247434743e-05
30,hand,3,0,0.5183989405632019,0.24317945539951324,-0.0019327093614265323
30,hand,4,0,0.5158398151397705,0.22489473223686218,-0.0038623313885182142
30,hand,5,0,0.5362972021102905,0.2681097984313965,0.0076660700142383575
30,hand,6,0,0.5361668467521667,0.24415667355060577,0.0052121528424322605
30,hand,7,0,0.534803032875061,0.22638462483882904,0.0027075852267444134
30,hand,8,0,0.5339867472648621,0.2120116651058197,0.0005117726395837963
30,hand,9,0,0.5416610240936279,0.26960429549217224,0.004751772619783878
30,hand,10,0,0.5401901602745056,0.24352657794952393,-0.001163757173344493
30,hand,11,0,0.5335224270820618,0.25487175583839417,-0.0038158860988914967
30,hand,12,0,0.5320085883140564,0.2679263651371002,-0.0038564105052500963
30,hand,13,0,0.5462574362754822,0.2722757160663605,0.0010979330400004983
30,hand,14,0,0.5433176755905151,0.24595114588737488,-0.004791290499269962
30,hand,15,0,0.5365140438079834,0.2577369511127472,-0.00442145112901926
30,hand,16,0,0.5359758138656616,0.2713126838207245,-0.0023848991841077805
30,hand,17,0,0.5500156879425049,0.27583590149879456,-0.0026861722581088543
30,hand,18,0,0.5463176369667053,0.25346291065216064,-0.0061055440455675125
30,hand,19,0,0.5408677458763123,0.2602420449256897,-0.005022088997066021
30,hand,20,0,0.5405427813529968,0.27280479669570923,-0.003288608742877841
30,hand,0,1,0.3984173536300659,0.8065581321716309,-1.0011527962205946e-07
30,hand,1,1,0.4147149324417114,0.8208606839179993,-0.007444612216204405
30,hand,2,1,0.42423391342163086,0.8461971282958984,-0.009644925594329834
30,hand,3,1,0.4306850731372833,0.8711382746696472,-0.009596946649253368
30,hand,4,1,0.43548738956451416,0.8897029757499695,-0.008425064384937286
30,hand,5,1,0.40873947739601135,0.8730975985527039,-0.008779416792094707
30,hand,6,1,0.42064130306243896,0.9017929434776306,-0.007236246019601822
30,hand,7,1,0.4290812909603119,0.8999871015548706,-0.004339073784649372
30,hand,8,1,0.43388527631759644,0.8922955393791199,-0.0021293754689395428
30,hand,9,1,0.40012091398239136,0.8752549886703491,-0.0031939710024744272
30,hand,10,1,0.41614362597465515,0.8898241519927979,-0.0017038197256624699
30,hand,11,1,0.4218786656856537,0.8796442151069641,-0.00020189089991617948
30,hand,12,1,0.4227703809738159,0.8695583343505859,0.0002593807876110077
30,hand,13,1,0.3957667648792267,0.8724836707115173,0.0025735495146363974
30,hand,14,1,0.4116305112838745,0.8830742239952087,0.0035638457629829645
30,hand,15,1,0.41618284583091736,0.8749352097511292,0.004033105913549662
30,hand,16,1,0.4173414707183838,0.8647189140319824,0.003716557752341032
30,hand,17,1,0.39402949810028076,0.8691475987434387,0.008098060265183449
30,hand,18,1,0.4062443971633911,0.8783325552940369,0.008226401172578335
30,hand,19,1,0.410871684551239,0.8721989393234253,0.008337216451764107
30,hand,20,1,0.412546843290329,0.864166259765625,0.008493875153362751
30,pose,0,-1,0.4717349410057068,0.230764701962471,-0.2869800925254822
30,pose,1,-1,0.4792526960372925,0.20243620872497559,-0.26246461272239685
30,pose,2,-1,0.48247668147087097,0.20292580127716064,-0.26256296038627625
30,pose,3,-1,0.4868718683719635,0.20334583520889282,-0.26251131296157837
30,pose,4,-1,0.4634787142276764,0.2012217938899994,-0.2701282799243927
30,pose,5,-1,0.4559420943260193,0.20083580911159515,-0.2701176702976227
30,pose,6,-1,0.44978851079940796,0.20077651739120483,-0.27021104097366333
30,pose,7,-1,0.4933987855911255,0.21437092125415802,-0.10911550372838974
30,pose,8,-1,0.4382452666759491,0.21201637387275696,-0.1465611755847931
30,pose,9,-1,0.48098844289779663,0.26042500138282776,-0.2300790250301361
30,pose,10,-1,0.4592188596725464,0.2591060996055603,-0.2410881519317627
30,pose,11,-1,0.5335959792137146,0.3609315752983093,-0.02952485717833042
30,pose,12,-1,0.39254799485206604,0.37882253527641296,-0.05267156660556793
30,pose,13,-1,0.5687234997749329,0.5309285521507263,-0.19053666293621063
30,pose,14,-1,0.38210251927375793,0.600995659828186,0.002967559965327382
30,pose,15,-1,0.5322961807250977,0.3361144959926605,-0.4992850422859192
30,pose,16,-1,0.4045111835002899,0.7947063446044922,-0.07023163884878159
30,pose,17,-1,0.5309295654296875,0.2820759117603302,-0.5678592920303345
30,pose,18,-1,0.40494170784950256,0.8538256287574768,-0.08348028361797333
30,pose,19,-1,0.5293213725090027,0.2715502381324768,-0.546286404132843
30,pose,20,-1,0.41585424542427063,0.8537024855613708,-0.13046663999557495
30,pose,21,-1,0.5260582566261292,0.29032543301582336,-0.4986647665500641
30,pose,22,-1,0.41828566789627075,0.8335826992988586,-0.08681445568799973
30,pose,23,-1,0.5273173451423645,0.7649802565574646,0.013029458001255989
30,pose,24,-1,0.4422283172607422,0.7756139039993286,-0.012326735071837902
30,pose,25,-1,0.5228928327560425,0.9984550476074219,-0.012113211676478386
30,pose,26,-1,0.4576687514781952,1.0193140506744385,-0.02940157800912857
30,pose,27,-1,0.5370011925697327,1.31333327293396,0.2836509644985199
30,pose,28,-1,0.46337565779685974,1.3033102750778198,0.21175311505794525
30,pose,29,-1,0.5405648946762085,1.3468440771102905,0.30810970067977905
30,pose,30,-1,0.4612920880317688,1.3337390422821045,0.232619047164917
30,pose,31,-1,0.5284695029258728,1.397355318069458,0.18677277863025665
30,pose,32,-1,0.48444968461990356,1.3877238035202026,0.09027814865112305
31,hand,0,0,0.5240468978881836,0.3431714177131653,-1.2356272804936452e-07
31,hand,1,0,0.5178544521331787,0.3203592896461487,-8.578711276641116e-05
31,hand,2,0,0.5180720686912537,0.2900465130805969,0.00012026090553263202
31,hand,3,0,0.5174305438995361,0.26586616039276123,-0.0011673219269141555
31,hand,4,0,0.5145947337150574,0.24778535962104797,-0.0025382114108651876
31,hand,5,0,0.5350857377052307,0.2892494201660156,0.006535980384796858
31,hand,6,0,0.535542905330658,0.26526570320129395,0.004092975053936243
31,hand,7,0,0.5345157980918884,0.2479173243045807,0.002148859202861786
31,hand,8,0,0.5340641736984253,0.23406732082366943,0.00036963808815926313
31,hand,9,0,0.5406104326248169,0.29206380248069763,0.00365300290286541
31,hand,10,0,0.5403889417648315,0.2655385136604309,-0.002375670475885272
31,hand,11,0,0.5328978896141052,0.2764163315296173,-0.004674928262829781
31,hand,12,0,0.530303955078125,0.2898566722869873,-0.004254157654941082
31,hand,13,0,0.5453144311904907,0.29741400480270386,6.095383650972508e-05
31,hand,14,0,0.5434790849685669,0.2707914710044861,-0.0067646992392838
31,hand,15,0,0.5354370474815369,0.2825762927532196,-0.006394732277840376
31,hand,16,0,0.533864438533783,0.29646357893943787,-0.0039004296995699406
31,hand,17,0,0.5489271879196167,0.30424532294273376,-0.003547240514308214
31,hand,18,0,0.5459664463996887,0.2810811698436737,-0.008057903498411179
31,hand,19,0,0.5399295687675476,0.2869151532649994,-0.007183427456766367
31,hand,20,0,0.539121150970459,0.29888224601745605,-0.005298293195664883
31,hand,0,1,0.3989342153072357,0.8083791732788086,-9.585652094301622e-08
31,hand,1,1,0.41523978114128113,0.8231933116912842,-0.0075281416065990925
31,hand,2,1,0.4243771731853485,0.8478149771690369,-0.009713519364595413
31,hand,3,1,0.43047481775283813,0.8724586367607117,-0.009794485755264759
31,hand,4,1,0.43524911999702454,0.8909865021705627,-0.008769976906478405
31,hand,5,1,0.40860405564308167,0.8757078647613525,-0.007247575558722019
31,hand,6,1,0.42017391324043274,0.9029183983802795,-0.005536315962672234
31,hand,7,1,0.42859673500061035,0.900061845779419,-0.0030433551874011755
31,hand,8,1,0.4331689178943634,0.8917728662490845,-0.001203392748720944
31,hand,9,1,0.4001474380493164,0.8771337270736694,-0.0017911508912220597
31,hand,10,1,0.41544628143310547,0.8906578421592712,-0.00022266451560426503
31,hand,11,1,0.42129281163215637,0.8812272548675537,0.0005167722119949758
31,hand,12,1,0.4223788380622864,0.8716500997543335,0.00037998356856405735
31,hand,13,1,0.3958094120025635,0.8737365007400513,0.0037577010225504637
31,hand,14,1,0.4106820225715637,0.8842321038246155,0.0047219726257026196
31,hand,15,1,0.41545969247817993,0.8767616748809814,0.004649394191801548
31,hand,16,1,0.41689610481262207,0.8667892813682556,0.003958031069487333
31,hand,17,1,0.393886923789978,0.8700331449508667,0.00904291495680809
31,hand,18,1,0.4052502512931824,0.8796519637107849,0.009235020726919174
31,hand,19,1,0.41009029746055603,0.8740110993385315,0.009258272126317024
31,hand,20,1,0.41209498047828674,0.8660967946052551,0.009334874339401722
31,pose,0,-1,0.4708280861377716,0.23181268572807312,-0.288398414850235
31,pose,1,-1,0.47851476073265076,0.20314200222492218,-0.2628164291381836
31,pose,2,-1,0.48168888688087463,0.20361214876174927,-0.2629235088825226
31,pose,3,-1,0.48596563935279846,0.20405559241771698,-0.26287516951560974
31,pose,4,-1,0.46299800276756287,0.2020980566740036,-0.27110639214515686
31,pose,5,-1,0.45558658242225647,0.20179656147956848,-0.2710883915424347
31,pose,6,-1,0.4494062662124634,0.20178930461406708,-0.27118879556655884
31,pose,7,-1,0.49260491132736206,0.21506251394748688,-0.11138810217380524
31,pose,8,-1,0.4376993179321289,0.21280230581760406,-0.14985232055187225
31,pose,9,-1,0.4803228974342346,0.2612727880477905,-0.2307574450969696
31,pose,10,-1,0.45853808522224426,0.26005515456199646,-0.2423544079065323
31,pose,11,-1,0.5330356359481812,0.36144721508026123,-0.029897119849920273
31,pose,12,-1,0.3919409513473511,0.3788769841194153,-0.05445001274347305
31,pose,13,-1,0.5690125226974487,0.538601815700531,-0.18558840453624725
31,pose,14,-1,0.3815571069717407,0.6012105941772461,0.0019035193836316466
31,pose,15,-1,0.5327070355415344,0.3466324806213379,-0.4957349896430969
31,pose,16,-1,0.40380969643592834,0.7946035265922546,-0.0759018138051033
31,pose,17,-1,0.5314801335334778,0.2984172999858856,-0.5644099712371826
31,pose,18,-1,0.40433594584465027,0.8539015054702759,-0.09027086198329926
31,pose,19,-1,0.5298076272010803,0.2857227623462677,-0.5447701811790466
31,pose,20,-1,0.4151438772678375,0.8539682626724243,-0.13706138730049133
31,pose,21,-1,0.5266488790512085,0.3042321503162384,-0.49576279520988464
31,pose,22,-1,0.4175148904323578,0.8338387608528137,-0.09249447286128998
31,pose,23,-1,0.5268427729606628,0.7659911513328552,0.01296816673129797
31,pose,24,-1,0.44191184639930725,0.7757973670959473,-0.012264743447303772
31,pose,25,-1,0.5222685933113098,1.0000250339508057,-0.012302806600928307
31,pose,26,-1,0.45757582783699036,1.0211148262023926,-0.02813882753252983
31,pose,27,-1,0.5365955233573914,1.314170479774475,0.281907856464386
31,pose,28,-1,0.4630918502807617,1.303367257118225,0.2113460749387741
31,pose,29,-1,0.5401349663734436,1.3478630781173706,0.3060096502304077
31,pose,30,-1,0.4610883295536041,1.3339133262634277,0.23172809183597565
31,pose,31,-1,0.5280517339706421,1.3977501392364502,0.18439039587974548
31,pose,32,-1,0.4843091070652008,1.3876745700836182,0.08762750774621964
32,hand,0,0,0.5208331942558289,0.35953643918037415,-1.1393129994985429e-07
32,hand,1,0,0.5164388418197632,0.3334415555000305,0.0014929970493540168
32,hand,2,0,0.5170865654945374,0.30608582496643066,0.0018562054028734565
32,hand,3,0,0.5172883868217468,0.2830357253551483,-0.0001291444496018812
32,hand,4,0,0.5157889723777771,0.2633465826511383,-0.002340804785490036
32,hand,5,0,0.5348259806632996,0.3048720359802246,0.010722230188548565
32,hand,6,0,0.5353327989578247,0.283922016620636,0.007754061371088028
32,hand,7,0,0.5337456464767456,0.2652580440044403,0.005455390550196171
32,hand,8,0,0.5329259634017944,0.25015556812286377,0.003468915820121765
32,hand,9,0,0.5398872494697571,0.30806031823158264,0.006557735148817301
32,hand,10,0,0.5386682748794556,0.28153038024902344,1.709684329398442e-05
32,hand,11,0,0.5307922959327698,0.2969319522380829,-0.0019280252745375037
32,hand,12,0,0.5308831334114075,0.30943965911865234,-0.0008431487949565053
32,hand,13,0,0.544994592666626,0.3132003843784332,0.0013834716519340873
32,hand,14,0,0.5417059063911438,0.28604987263679504,-0.006329330615699291
32,hand,15,0,0.5333441495895386,0.30261746048927307,-0.0050596194341778755
32,hand,16,0,0.5342779755592346,0.3162216544151306,-0.001551773981191218
32,hand,17,0,0.5494819283485413,0.32031431794166565,-0.0038149820175021887
32,hand,18,0,0.5446180701255798,0.295865535736084,-0.008649874478578568
32,hand,19,0,0.537617564201355,0.3061073124408722,-0.006884233560413122
32,hand,20,0,0.5381759405136108,0.31938740611076355,-0.004123443737626076
32,hand,0,1,0.39885571599006653,0.8090817332267761,-9.592872629582416e-08
32,hand,1,1,0.41488489508628845,0.8234453201293945,-0.00860986765474081
32,hand,2,1,0.4235835075378418,0.8477983474731445,-0.011037815362215042
32,hand,3,1,0.42901164293289185,0.8718966841697693,-0.011193732731044292
32,hand,4,1,0.43332982063293457,0.8904545307159424,-0.010203970596194267
32,hand,5,1,0.4077320992946625,0.8759440779685974,-0.007607177831232548
32,hand,6,1,0.4193413257598877,0.9029480814933777,-0.0065955957397818565
32,hand,7,1,0.42797714471817017,0.9003361463546753,-0.004736014641821384
32,hand,8,1,0.4327106773853302,0.892012357711792,-0.003230351023375988
32,hand,9,1,0.3997246325016022,0.877227783203125,-0.0017800494097173214
32,hand,10,1,0.41547027230262756,0.8906502723693848,-0.001082434318959713
32,hand,11,1,0.42169591784477234,0.8817223310470581,-0.0008271716651506722
32,hand,12,1,0.4232936501502991,0.8720288872718811,-0.0010067251278087497
32,hand,13,1,0.3958812355995178,0.874072253704071,0.003932951018214226
32,hand,14,1,0.41136816143989563,0.8840327858924866,0.003995287232100964
32,hand,15,1,0.4164069592952728,0.8766687512397766,0.0035119233652949333
32,hand,16,1,0.41820988059043884,0.8672725558280945,0.002874254249036312
32,hand,17,1,0.39443203806877136,0.8709079027175903,0.00928009208291769
32,hand,18,1,0.40640032291412354,0.8796385526657104,0.00863238051533699
32,hand,19,1,0.4113004505634308,0.8739914894104004,0.008250032551586628
32,hand,20,1,0.4134179949760437,0.8667717576026917,0.008288976736366749
32,pose,0,-1,0.4700218737125397,0.23200623691082,-0.2909579873085022
32,pose,1,-1,0.4778887629508972,0.20329511165618896,-0.26545023918151855
32,pose,2,-1,0.4810660183429718,0.2037661075592041,-0.26555827260017395
32,pose,3,-1,0.4852810502052307,0.2042054384946823,-0.2655104696750641
32,pose,4,-1,0.46227791905403137,0.20224788784980774,-0.27367210388183594
32,pose,5,-1,0.45495912432670593,0.20193573832511902,-0.2736574113368988
32,pose,6,-1,0.4488145709037781,0.2019265741109848,-0.2737567722797394
32,pose,7,-1,0.4920172095298767,0.21523690223693848,-0.11256878077983856
32,pose,8,-1,0.4370150566101074,0.2128596305847168,-0.1515430063009262
32,pose,9,-1,0.4797557294368744,0.2614043951034546,-0.23337019979953766
32,pose,10,-1,0.45784321427345276,0.26035138964653015,-0.24491339921951294
32,pose,11,-1,0.5328458547592163,0.36144882440567017,-0.03011508658528328
32,pose,12,-1,0.39165180921554565,0.37905359268188477,-0.05623762682080269
32,pose,13,-1,0.5691137909889221,0.5467104911804199,-0.18104061484336853
32,pose,14,-1,0.3814997971057892,0.6014105081558228,0.00012557370064314455
32,pose,15,-1,0.5331861972808838,0.35578879714012146,-0.4929577708244324
32,pose,16,-1,0.40375816822052,0.7946997284889221,-0.07769434154033661
32,pose,17,-1,0.5315783619880676,0.2997121214866638,-0.5616652965545654
32,pose,18,-1,0.4041751027107239,0.8540183901786804,-0.09242875874042511
32,pose,19,-1,0.5299838185310364,0.29051634669303894,-0.5431295037269592
32,pose,20,-1,0.4150685966014862,0.8541039824485779,-0.13889215886592865
32,pose,21,-1,0.5269907712936401,0.30641061067581177,-0.49331045150756836
32,pose,22,-1,0.41746097803115845,0.8339366316795349,-0.09411332756280899
32,pose,23,-1,0.526241660118103,0.7659884691238403,0.012909522280097008
32,pose,24,-1,0.4416791796684265,0.7757934927940369,-0.012218089774250984
32,pose,25,-1,0.5217218995094299,1.0037665367126465,-0.006005700211971998
32,pose,26,-1,0.4572683572769165,1.0214885473251343,-0.02349601313471794
32,pose,27,-1,0.5364538431167603,1.3144309520721436,0.2845143675804138
32,pose,28,-1,0.46311670541763306,1.3038455247879028,0.2091176062822342
32,pose,29,-1,0.5399752259254456,1.348193645477295,0.3086404800415039
32,pose,30,-1,0.4611284136772156,1.3349112272262573,0.22783520817756653
32,pose,31,-1,0.5280026793479919,1.3975775241851807,0.18570519983768463
32,pose,32,-1,0.4842926859855652,1.388095498085022,0.07814408093690872
33,hand,0,0,0.5205322504043579,0.3591492474079132,-8.20632735099025e-08
33,hand,1,0,0.5161966681480408,0.33179718255996704,0.0011888205772265792
33,hand,2,0,0.5172184705734253,0.3043448328971863,0.0006837592809461057
33,hand,3,0,0.5171642303466797,0.2818151116371155,-0.002247955184429884
33,hand,4,0,0.515327513217926,0.261753648519516,-0.005454621277749538
33,hand,5,0,0.5350300073623657,0.3039934039115906,0.010264210402965546
33,hand,6,0,0.534867525100708,0.28402015566825867,0.006950029172003269
33,hand,7,0,0.5330955386161804,0.26583775877952576,0.004660097416490316
33,hand,8,0,0.532370388507843,0.25098326802253723,0.002748090773820877
33,hand,9,0,0.5404646396636963,0.30675995349884033,0.005891089793294668
33,hand,10,0,0.5384188890457153,0.2805200219154358,-0.0009456244297325611
33,hand,11,0,0.5304177403450012,0.2962823212146759,-0.002543377922847867
33,hand,12,0,0.5308886766433716,0.3092559576034546,-0.0011058811796829104
33,hand,13,0,0.5457361936569214,0.3120608627796173,0.0003955305728595704
33,hand,14,0,0.5409014225006104,0.28629714250564575,-0.006919930689036846
33,hand,15,0,0.5329450964927673,0.30226752161979675,-0.005180823616683483
33,hand,16,0,0.5343992710113525,0.3150741755962372,-0.0015468726633116603
33,hand,17,0,0.550104022026062,0.31928926706314087,-0.005248047411441803
33,hand,18,0,0.5437123775482178,0.2963530421257019,-0.009250637143850327
33,hand,19,0,0.5375294089317322,0.3059980273246765,-0.00721273897215724
33,hand,20,0,0.5389032363891602,0.3178290128707886,-0.004516177345067263
33,hand,0,1,0.39859792590141296,0.8060447573661804,-9.340954676417823e-08
33,hand,1,1,0.41390174627304077,0.8211482763290405,-0.009365513920783997
33,hand,2,1,0.4227942228317261,0.8472376465797424,-0.011354146525263786
33,hand,3,1,0.4285171926021576,0.871462881565094,-0.01069814432412386
33,hand,4,1,0.43250489234924316,0.8899973630905151,-0.008832365274429321
33,hand,5,1,0.40555503964424133,0.8741490840911865,-0.007776155136525631
33,hand,6,1,0.41777700185775757,0.9010912179946899,-0.005806787870824337
33,hand,7,1,0.4268677830696106,0.8990881443023682,-0.0034299176186323166
33,hand,8,1,0.43221551179885864,0.8919379711151123,-0.0016364968614652753
33,hand,9,1,0.39794445037841797,0.874444305896759,-0.0009857169352471828
33,hand,10,1,0.4141189754009247,0.8897513151168823,0.0006364939035847783
33,hand,11,1,0.4214036464691162,0.8824849724769592,0.0010781007586047053
33,hand,12,1,0.4242435097694397,0.8736450672149658,0.0009737052023410797
33,hand,13,1,0.39466410875320435,0.8705979585647583,0.005715223494917154
33,hand,14,1,0.41058504581451416,0.8813339471817017,0.006543382536619902
33,hand,15,1,0.4164403975009918,0.8754742741584778,0.005684702191501856
33,hand,16,1,0.4191071093082428,0.8672274947166443,0.004744932521134615
33,hand,17,1,0.39369672536849976,0.8670593500137329,0.012034736573696136
33,hand,18,1,0.4058232307434082,0.8765231966972351,0.011721823364496231
33,hand,19,1,0.4116184711456299,0.8718205094337463,0.011056247167289257
33,hand,20,1,0.4146762490272522,0.8648912310600281,0.01087932102382183
33,pose,0,-1,0.46904313564300537,0.23196464776992798,-0.291887491941452
33,pose,1,-1,0.47714701294898987,0.20316851139068604,-0.2657049894332886
33,pose,2,-1,0.4804248809814453,0.2036343216896057,-0.26581162214279175
33,pose,3,-1,0.48461490869522095,0.20407091081142426,-0.2657453119754791
33,pose,4,-1,0.46139997243881226,0.2021954208612442,-0.2745524048805237
33,pose,5,-1,0.4540705382823944,0.20193134248256683,-0.2745290696620941
33,pose,6,-1,0.4480277895927429,0.20197971165180206,-0.27463141083717346
33,pose,7,-1,0.4915003776550293,0.21516628563404083,-0.11333395540714264
33,pose,8,-1,0.4364224970340729,0.212901309132576,-0.15198470652103424
33,pose,9,-1,0.4790900647640228,0.26145094633102417,-0.2339741438627243
33,pose,10,-1,0.4570675492286682,0.26047617197036743,-0.2458009570837021
33,pose,11,-1,0.5327909588813782,0.3613857626914978,-0.03067128174006939
33,pose,12,-1,0.39132049679756165,0.3794625699520111,-0.05490962788462639
33,pose,13,-1,0.5689643025398254,0.5503110885620117,-0.17904147505760193
33,pose,14,-1,0.3814782500267029,0.601499617099762,0.0024345603305846453
33,pose,15,-1,0.5335106253623962,0.3614715337753296,-0.4912695288658142
33,pose,16,-1,0.4037100672721863,0.7946807742118835,-0.07941558957099915
33,pose,17,-1,0.53168123960495,0.30204030871391296,-0.5602714419364929
33,pose,18,-1,0.4038557708263397,0.8540148138999939,-0.09452356398105621
33,pose,19,-1,0.5301112532615662,0.2940389811992645,-0.5431326031684875
33,pose,20,-1,0.41457703709602356,0.8540756106376648,-0.14109477400779724
33,pose,21,-1,0.5272337198257446,0.30693989992141724,-0.49199098348617554
33,pose,22,-1,0.4170261323451996,0.8339388370513916,-0.09593287855386734
33,pose,23,-1,0.5261593461036682,0.7661975622177124,0.012872052378952503
33,pose,24,-1,0.44162803888320923,0.7760880589485168,-0.012178570963442326
33,pose,25,-1,0.5212569832801819,1.0048516988754272,-0.0069562955759465694
33,pose,26,-1,0.45698246359825134,1.0230387449264526,-0.022794365882873535
33,pose,27,-1,0.5362820029258728,1.315534234046936,0.282625287771225
33,pose,28,-1,0.46302756667137146,1.3060078620910645,0.21401803195476532
33,pose,29,-1,0.5397392511367798,1.3492659330368042,0.306374192237854
33,pose,30,-1,0.46105897426605225,1.3374419212341309,0.23355956375598907
33,pose,31,-1,0.5276593565940857,1.3988871574401855,0.18250928819179535
33,pose,32,-1,0.4839535355567932,1.3903615474700928,0.08493901044130325
34,hand,0,0,0.5219176411628723,0.3501562178134918,-6.80531186958433e-08
34,hand,1,0,0.5169836282730103,0.32312992215156555,0.0004516000335570425
34,hand,2,0,0.5182565450668335,0.295597642660141,0.00044868976692669094
34,hand,3,0,0.5184403657913208,0.2726413309574127,-0.0015172199346125126
34,hand,4,0,0.5166139602661133,0.2522240877151489,-0.0035920054651796818
34,hand,5,0,0.5359668731689453,0.29587194323539734,0.009296433068811893
34,hand,6,0,0.5368322730064392,0.27364909648895264,0.006375231314450502
34,hand,7,0,0.5354138016700745,0.25520145893096924,0.003756312420591712
34,hand,8,0,0.5348614454269409,0.2394748330116272,0.0015335369389504194
34,hand,9,0,0.5414009690284729,0.2984761893749237,0.005902070552110672
34,hand,10,0,0.5401273369789124,0.2720145583152771,-0.0005407288554124534
34,hand,11,0,0.532184898853302,0.28564828634262085,-0.002896612510085106
34,hand,12,0,0.5310405492782593,0.29921334981918335,-0.0022927219979465008
34,hand,13,0,0.546292781829834,0.3026708960533142,0.001498704543337226
34,hand,14,0,0.542560875415802,0.2755146324634552,-0.005469263531267643
34,hand,15,0,0.5345460772514343,0.29023948311805725,-0.0044410331174731255
34,hand,16,0,0.5346564650535583,0.3042963445186615,-0.0013530980795621872
34,hand,17,0,0.5502550601959229,0.3079618513584137,-0.0030208940152078867
34,hand,18,0,0.5457922220230103,0.2833316922187805,-0.007077808026224375
34,hand,19,0,0.5397898554801941,0.2920243740081787,-0.00540167186409235
34,hand,20,0,0.5402071475982666,0.3047114610671997,-0.0029074084013700485
34,hand,0,1,0.39829978346824646,0.8050522804260254,-8.978032184359108e-08
34,hand,1,1,0.4139220416545868,0.8203000426292419,-0.009932294487953186
34,hand,2,1,0.42256295680999756,0.8460103273391724,-0.012418020516633987
34,hand,3,1,0.4282523989677429,0.8706129193305969,-0.012353803962469101
34,hand,4,1,0.4327569901943207,0.8892046213150024,-0.011136059649288654
34,hand,5,1,0.4059005379676819,0.8747060298919678,-0.007038445211946964
34,hand,6,1,0.418216735124588,0.9006261825561523,-0.005648311227560043
34,hand,7,1,0.4274955689907074,0.8987188935279846,-0.004114271141588688
34,hand,8,1,0.4328131675720215,0.8915523290634155,-0.002894018543884158
34,hand,9,1,0.398515909910202,0.8748807907104492,-0.00031523319194093347
34,hand,10,1,0.4143432378768921,0.8880619406700134,0.0008039619424380362
34,hand,11,1,0.4215117394924164,0.8806177377700806,0.0004919046768918633
34,hand,12,1,0.42427846789360046,0.8718215227127075,-5.3544619731837884e-05
34,hand,13,1,0.39531105756759644,0.8708645105361938,0.006171169225126505
34,hand,14,1,0.4108245074748993,0.879948079586029,0.006576687563210726
34,hand,15,1,0.4165528416633606,0.8735263347625732,0.005438573192805052
34,hand,16,1,0.41914868354797363,0.8653685450553894,0.004415750037878752
34,hand,17,1,0.39433640241622925,0.8669925332069397,0.012176578864455223
34,hand,18,1,0.40634244680404663,0.8751212954521179,0.011664568446576595
34,hand,19,1,0.4119020700454712,0.8702273964881897,0.010957688093185425
34,hand,20,1,0.41490745544433594,0.8635417819023132,0.010838571935892105
34,pose,0,-1,0.4685615599155426,0.2328926920890808,-0.2924846410751343
34,pose,1,-1,0.47675418853759766,0.20375612378120422,-0.26665085554122925
34,pose,2,-1,0.48004528880119324,0.20415814220905304,-0.26675984263420105
34,pose,3,-1,0.4842582046985626,0.20455090701580048,-0.26669028401374817
34,pose,4,-1,0.4609188735485077,0.20300857722759247,-0.2757948637008667
34,pose,5,-1,0.4535730183124542,0.2028573453426361,-0.27577489614486694
34,pose,6,-1,0.44750872254371643,0.20302516222000122,-0.27587637305259705
34,pose,7,-1,0.49126797914505005,0.21536597609519958,-0.11374353617429733
34,pose,8,-1,0.43626147508621216,0.2136954367160797,-0.1499016284942627
34,pose,9,-1,0.4787503778934479,0.2618652284145355,-0.23505142331123352
34,pose,10,-1,0.4567464590072632,0.2609405815601349,-0.24717463552951813
34,pose,11,-1,0.53266441822052,0.36139610409736633,-0.029799485579133034
34,pose,12,-1,0.39136970043182373,0.37951910495758057,-0.0505133792757988
34,pose,13,-1,0.5690175294876099,0.5509900450706482,-0.1759950965642929
34,pose,14,-1,0.3814917504787445,0.6014603972434998,0.008493383415043354
34,pose,15,-1,0.5336773991584778,0.3640331029891968,-0.48737096786499023
34,pose,16,-1,0.40371397137641907,0.794849693775177,-0.07434771955013275
34,pose,17,-1,0.5318145155906677,0.3078310191631317,-0.5561343431472778
34,pose,18,-1,0.4037189781665802,0.8542658686637878,-0.08938654512166977
34,pose,19,-1,0.5301535129547119,0.29700443148612976,-0.5403808355331421
34,pose,20,-1,0.41443368792533875,0.8543794751167297,-0.13608847558498383
34,pose,21,-1,0.527367889881134,0.31262245774269104,-0.48866167664527893
34,pose,22,-1,0.41695353388786316,0.8342810869216919,-0.0910552367568016
34,pose,23,-1,0.5259233117103577,0.7663465738296509,0.01217840425670147
34,pose,24,-1,0.4416342079639435,0.776634693145752,-0.011484610848128796
34,pose,25,-1,0.5206457376480103,1.0065864324569702,-0.008791844360530376
34,pose,26,-1,0.4567206799983978,1.022953748703003,-0.023561010137200356
34,pose,27,-1,0.5361899733543396,1.3153858184814453,0.27787983417510986
34,pose,28,-1,0.4630233645439148,1.30609130859375,0.20327459275722504
34,pose,29,-1,0.5395631194114685,1.349043607711792,0.3011849522590637
34,pose,30,-1,0.4610704183578491,1.3376325368881226,0.22163152694702148
34,pose,31,-1,0.5274626016616821,1.3987598419189453,0.17688120901584625
34,pose,32,-1,0.4838140308856964,1.3902332782745361,0.07215186953544617
35,hand,0,0,0.5228179097175598,0.33497461676597595,-5.996604102165293e-08
35,hand,1,0,0.5187562704086304,0.30462998151779175,0.0016087474068626761
35,hand,2,0,0.5196740627288818,0.2781282961368561,0.0021344914566725492
35,hand,3,0,0.5196050405502319,0.2558138370513916,0.00046757026575505733
35,hand,4,0,0.5182474851608276,0.23632760345935822,-0.0013383139157667756
35,hand,5,0,0.5371800661087036,0.2815263271331787,0.010599366389214993
35,hand,6,0,0.5377510786056519,0.2591268718242645,0.00816258229315281
35,hand,7,0,0.5367627143859863,0.24102845788002014,0.005561633501201868
35,hand,8,0,0.53647780418396,0.2253260612487793,0.003254243638366461
35,hand,9,0,0.5420582294464111,0.2841207981109619,0.006924211513251066
35,hand,10,0,0.5407547950744629,0.2580908536911011,0.0011527823517099023
35,hand,11,0,0.5337061882019043,0.27097341418266296,-0.0013420593459159136
35,hand,12,0,0.5327895283699036,0.28347206115722656,-0.0010861860355362296
35,hand,13,0,0.5469526648521423,0.28801199793815613,0.0023412825539708138
35,hand,14,0,0.5439079403877258,0.2603626251220703,-0.003845863975584507
35,hand,15,0,0.5363472700119019,0.2747171223163605,-0.0028873919509351254
35,hand,16,0,0.5364609360694885,0.288521409034729,-9.653086453909054e-05
35,hand,17,0,0.5512421131134033,0.29308292269706726,-0.002298551145941019
35,hand,18,0,0.5466998219490051,0.2683202028274536,-0.005960945971310139
35,hand,19,0,0.5405156016349792,0.27742886543273926,-0.004343891981989145
35,hand,20,0,0.5408094525337219,0.2901819348335266,-0.0019913732539862394
35,hand,0,1,0.39902234077453613,0.8059446811676025,-1.0145348028345325e-07
35,hand,1,1,0.41482776403427124,0.8205859065055847,-0.00822445098310709
35,hand,2,1,0.42367053031921387,0.8455169200897217,-0.010922059416770935
35,hand,3,1,0.42956429719924927,0.8702934384346008,-0.011515893042087555
35,hand,4,1,0.43424081802368164,0.888757586479187,-0.01103212870657444
35,hand,5,1,0.4075852036476135,0.8733111619949341,-0.008110049180686474
35,hand,6,1,0.4197258949279785,0.8999074697494507,-0.007915744557976723
35,hand,7,1,0.42874059081077576,0.8981121778488159,-0.006589723750948906
35,hand,8,1,0.43379250168800354,0.8908113241195679,-0.0054055480286479
35,hand,9,1,0.39958590269088745,0.8744368553161621,-0.0027491324581205845
35,hand,10,1,0.4157143533229828,0.8870415091514587,-0.0028501644264906645
35,hand,11,1,0.42135629057884216,0.8774654269218445,-0.0026831859722733498
35,hand,12,1,0.4223298728466034,0.8681804537773132,-0.002822371432557702
35,hand,13,1,0.3957529366016388,0.870969831943512,0.0025516448076814413
35,hand,14,1,0.4116895794868469,0.879951536655426,0.002066338434815407
35,hand,15,1,0.41604653000831604,0.872154951095581,0.001970946555957198
35,hand,16,1,0.417143851518631,0.8629586100578308,0.0016980363288894296
35,hand,17,1,0.3944419324398041,0.8670142292976379,0.007494314108043909
35,hand,18,1,0.40672338008880615,0.8752613067626953,0.006555068306624889
35,hand,19,1,0.4113365709781647,0.869520366191864,0.006431386806070805
35,hand,20,1,0.4132034480571747,0.8621413111686707,0.0067396326921880245
35,pose,0,-1,0.46846044063568115,0.2333213984966278,-0.2936064898967743
35,pose,1,-1,0.47665873169898987,0.20405595004558563,-0.26782041788101196
35,pose,2,-1,0.47997957468032837,0.20444439351558685,-0.2679273188114166
35,pose,3,-1,0.4843256175518036,0.20478007197380066,-0.2678636908531189
35,pose,4,-1,0.4607762396335602,0.2034454345703125,-0.2763065993785858
35,pose,5,-1,0.45344334840774536,0.20335665345191956,-0.2762940526008606
35,pose,6,-1,0.4473256766796112,0.20360662043094635,-0.27639296650886536
35,pose,7,-1,0.4913470149040222,0.2155333310365677,-0.11382658779621124
35,pose,8,-1,0.4361778497695923,0.21440541744232178,-0.14897166192531586
35,pose,9,-1,0.47862568497657776,0.262193500995636,-0.23612459003925323
35,pose,10,-1,0.45666494965553284,0.2613024413585663,-0.24770742654800415
35,pose,11,-1,0.5327216386795044,0.36269450187683105,-0.030229926109313965
35,pose,12,-1,0.3913928270339966,0.3795008957386017,-0.05034639686346054
35,pose,13,-1,0.5691915154457092,0.5502550601959229,-0.1817784458398819
35,pose,14,-1,0.38117697834968567,0.6011995077133179,0.00884947832673788
35,pose,15,-1,0.5340445637702942,0.36192360520362854,-0.4963594675064087
35,pose,16,-1,0.40367671847343445,0.7948338985443115,-0.07241809368133545
35,pose,17,-1,0.5321349501609802,0.3072720170021057,-0.5654772520065308
35,pose,18,-1,0.40370798110961914,0.8542735576629639,-0.0869162380695343
35,pose,19,-1,0.530564546585083,0.29343920946121216,-0.5482497811317444
35,pose,20,-1,0.4143975079059601,0.85445636510849,-0.13340555131435394
35,pose,21,-1,0.5277231335639954,0.3113783597946167,-0.4972822070121765
35,pose,22,-1,0.41681578755378723,0.8344990611076355,-0.08894938975572586
35,pose,23,-1,0.5252469182014465,0.767156720161438,0.011809209361672401
35,pose,24,-1,0.4410005211830139,0.77724289894104,-0.011113700456917286
35,pose,25,-1,0.5206471681594849,1.0065487623214722,-0.00893341563642025
35,pose,26,-1,0.45648249983787537,1.022822618484497,-0.023806268349289894
35,pose,27,-1,0.5361117124557495,1.3154842853546143,0.27894359827041626
35,pose,28,-1,0.4630008041858673,1.305990219116211,0.20630772411823273
35,pose,29,-1,0.5395172238349915,1.349137783050537,0.3024235665798187
35,pose,30,-1,0.46105849742889404,1.3375102281570435,0.22549860179424286
35,pose,31,-1,0.5273628830909729,1.3987723588943481,0.17848655581474304
35,pose,32,-1,0.483803391456604,1.3900084495544434,0.0775449201464653
36,hand,0,0,0.5249780416488647,0.322706937789917,-6.234595417708988e-08
36,hand,1,0,0.5200902223587036,0.2936217486858368,0.002964691026136279
36,hand,2,0,0.5206670761108398,0.26876401901245117,0.004026522394269705
36,hand,3,0,0.5206976532936096,0.24642005562782288,0.0022591007873415947
36,hand,4,0,0.5195640325546265,0.22649791836738586,0.0002341070503462106
36,hand,5,0,0.538364827632904,0.2721589505672455,0.014718991704285145
36,hand,6,0,0.5388736128807068,0.2503112256526947,0.013149945996701717
36,hand,7,0,0.537319540977478,0.23167374730110168,0.011220027692615986
36,hand,8,0,0.5369827151298523,0.21628788113594055,0.009385218843817711
36,hand,9,0,0.5434688925743103,0.2749224603176117,0.010253668762743473
36,hand,10,0,0.5431561470031738,0.2480151206254959,0.004526209086179733
36,hand,11,0,0.5357376337051392,0.26193857192993164,0.001955245388671756
36,hand,12,0,0.5353696346282959,0.2754991352558136,0.0025865223724395037
36,hand,13,0,0.5486437082290649,0.2783205807209015,0.004762960132211447
36,hand,14,0,0.5456591844558716,0.24959683418273926,-0.0018897794652730227
36,hand,15,0,0.5372381210327148,0.26480698585510254,-0.001583921373821795
36,hand,16,0,0.5376198291778564,0.2795953154563904,0.0011573908850550652
36,hand,17,0,0.553373396396637,0.28234225511550903,-0.0006590207922272384
36,hand,18,0,0.5480722188949585,0.25704410672187805,-0.004580311011523008
36,hand,19,0,0.5412179231643677,0.26602405309677124,-0.003446982940658927
36,hand,20,0,0.5414547920227051,0.27942538261413574,-0.001300243311561644
36,hand,0,1,0.3991483449935913,0.8069076538085938,-1.0534654393268283e-07
36,hand,1,1,0.41534432768821716,0.82098388671875,-0.006997197866439819
36,hand,2,1,0.42499059438705444,0.8459129333496094,-0.009428097866475582
36,hand,3,1,0.43110746145248413,0.8704250454902649,-0.00991832185536623
36,hand,4,1,0.43598464131355286,0.8883246183395386,-0.009363106451928616
36,hand,5,1,0.40875300765037537,0.8720255494117737,-0.008814224973320961
36,hand,6,1,0.42119070887565613,0.8998408913612366,-0.008787198923528194
36,hand,7,1,0.4300763010978699,0.8994564414024353,-0.00723330769687891
36,hand,8,1,0.43541181087493896,0.8929390907287598,-0.0058451928198337555
36,hand,9,1,0.4006592929363251,0.8742446303367615,-0.004202236421406269
36,hand,10,1,0.41695937514305115,0.889110803604126,-0.004338513594120741
36,hand,11,1,0.42267289757728577,0.8801143765449524,-0.0036873011849820614
36,hand,12,1,0.4238184988498688,0.8708190321922302,-0.003548861714079976
36,hand,13,1,0.3966318666934967,0.8720415234565735,0.0005326253012754023
36,hand,14,1,0.4127347469329834,0.883207380771637,0.00016622485418338329
36,hand,15,1,0.4170171022415161,0.8754370212554932,0.0006292760954238474
36,hand,16,1,0.4180426597595215,0.8657331466674805,0.0006388211040757596
36,hand,17,1,0.3951771557331085,0.8688950538635254,0.005002185702323914
36,hand,18,1,0.40752124786376953,0.8785415291786194,0.004131889436393976
36,hand,19,1,0.4120446741580963,0.872807502746582,0.004311096388846636
36,hand,20,1,0.41384318470954895,0.8649859428405762,0.004762592725455761
36,pose,0,-1,0.4685207009315491,0.23342643678188324,-0.2935959994792938
36,pose,1,-1,0.4766663908958435,0.20413832366466522,-0.26773566007614136
36,pose,2,-1,0.4800281524658203,0.20451398193836212,-0.2678301930427551
36,pose,3,-1,0.4844227135181427,0.20480585098266602,-0.26776641607284546
36,pose,4,-1,0.4607603847980499,0.20358702540397644,-0.2758188843727112
36,pose,5,-1,0.4534151256084442,0.20353107154369354,-0.2758089601993561
36,pose,6,-1,0.44722217321395874,0.20382672548294067,-0.27590811252593994
36,pose,7,-1,0.4913911521434784,0.21558554470539093,-0.11260277777910233
36,pose,8,-1,0.43605729937553406,0.2147192507982254,-0.14866748452186584
36,pose,9,-1,0.4785929322242737,0.2623220384120941,-0.2361880987882614
36,pose,10,-1,0.45667561888694763,0.2615007758140564,-0.24750615656375885
36,pose,11,-1,0.5327419638633728,0.36358845233917236,-0.030262060463428497
36,pose,12,-1,0.39136430621147156,0.37949496507644653,-0.05113868787884712
36,pose,13,-1,0.5703365802764893,0.5466540455818176,-0.1847672313451767
36,pose,14,-1,0.38086995482444763,0.6011396646499634,0.004845411982387304
36,pose,15,-1,0.5343460440635681,0.3572193682193756,-0.4966001510620117
36,pose,16,-1,0.40365538001060486,0.7953510880470276,-0.0730840191245079
36,pose,17,-1,0.5323807597160339,0.30473941564559937,-0.5655954480171204
36,pose,18,-1,0.4037179946899414,0.8548896908760071,-0.08722341805696487
36,pose,19,-1,0.5309081077575684,0.2898452579975128,-0.5472843050956726
36,pose,20,-1,0.41450580954551697,0.855131983757019,-0.13356290757656097
36,pose,21,-1,0.5278964638710022,0.308104932308197,-0.4970565438270569
36,pose,22,-1,0.41682109236717224,0.8351985216140747,-0.08950839936733246
36,pose,23,-1,0.5247519612312317,0.767313539981842,0.011784256435930729
36,pose,24,-1,0.44030648469924927,0.7774736285209656,-0.011087539605796337
36,pose,25,-1,0.5205739736557007,1.006890058517456,-0.009041261859238148
36,pose,26,-1,0.4564940631389618,1.0227382183074951,-0.023651020601391792
36,pose,27,-1,0.5361325144767761,1.3160508871078491,0.2792997360229492
36,pose,28,-1,0.46280670166015625,1.3058902025222778,0.2082027941942215
36,pose,29,-1,0.5395879745483398,1.3499093055725098,0.30295923352241516
36,pose,30,-1,0.46075475215911865,1.3374024629592896,0.22749944031238556
36,pose,31,-1,0.5273783802986145,1.3991276025772095,0.17987127602100372
36,pose,32,-1,0.48378124833106995,1.389967918395996,0.07805515080690384
37,hand,0,0,0.5271041393280029,0.3214196562767029,-7.282699243660318e-08
37,hand,1,0,0.5217238068580627,0.2936420440673828,0.003003628458827734
37,hand,2,0,0.5218798518180847,0.2676675319671631,0.003892316948622465
37,hand,3,0,0.5217146873474121,0.24504642188549042,0.0019277804531157017
37,hand,4,0,0.5202569365501404,0.2252863198518753,-0.00032523981644771993
37,hand,5,0,0.5399729013442993,0.2691008746623993,0.015104389749467373
37,hand,6,0,0.5395581722259521,0.24855217337608337,0.013817304745316505
37,hand,7,0,0.5377545952796936,0.23043017089366913,0.011849547736346722
37,hand,8,0,0.5372474193572998,0.21559280157089233,0.009911289438605309
37,hand,9,0,0.5453777313232422,0.2717021405696869,0.010562604293227196
37,hand,10,0,0.5452107787132263,0.24577569961547852,0.005546150729060173
37,hand,11,0,0.5378550887107849,0.25598636269569397,0.0029031194280833006
37,hand,12,0,0.5360057353973389,0.26800498366355896,0.003219408681616187
37,hand,13,0,0.5505146384239197,0.2762615382671356,0.004997126292437315
37,hand,14,0,0.5478525757789612,0.2493308037519455,-0.0009343515848740935
37,hand,15,0,0.5392711758613586,0.2618086040019989,-0.0011593303643167019
37,hand,16,0,0.537910521030426,0.2761765718460083,0.0009400607086718082
37,hand,17,0,0.5552460551261902,0.28219375014305115,-0.0005179981817491353
37,hand,18,0,0.5493032932281494,0.2579631805419922,-0.0038507499266415834
37,hand,19,0,0.5418677926063538,0.2649467885494232,-0.0030259836930781603
37,hand,20,0,0.540645182132721,0.2780052125453949,-0.001327127916738391
37,hand,0,1,0.4002014398574829,0.8086109757423401,-9.243645848755477e-08
37,hand,1,1,0.41600990295410156,0.822601318359375,-0.007552810944616795
37,hand,2,1,0.4252842962741852,0.8471724987030029,-0.010049425065517426
37,hand,3,1,0.43169400095939636,0.871807873249054,-0.010462677106261253
37,hand,4,1,0.43673887848854065,0.8905318379402161,-0.009796635247766972
37,hand,5,1,0.41064679622650146,0.8748655915260315,-0.008192353881895542
37,hand,6,1,0.4222867488861084,0.902108907699585,-0.007393847219645977
37,hand,7,1,0.4305900037288666,0.900738537311554,-0.005439041182398796
37,hand,8,1,0.4352279007434845,0.8937811851501465,-0.0038843981456011534
37,hand,9,1,0.40205708146095276,0.8767783045768738,-0.002999100601300597
37,hand,10,1,0.4173596203327179,0.8900466561317444,-0.0019733847584575415
37,hand,11,1,0.4225209951400757,0.8812497854232788,-0.0010415364522486925
37,hand,12,1,0.42329171299934387,0.872266948223114,-0.0009703066316433251
37,hand,13,1,0.3974977433681488,0.8737460970878601,0.002242244780063629
37,hand,14,1,0.41242972016334534,0.8832129836082458,0.002729758620262146
37,hand,15,1,0.4163864552974701,0.8763096928596497,0.003047414356842637
37,hand,16,1,0.41738858819007874,0.8672537207603455,0.002722908044233918
37,hand,17,1,0.39530301094055176,0.8702081441879272,0.0071763694286346436
37,hand,18,1,0.40708863735198975,0.8786934614181519,0.006920509040355682
37,hand,19,1,0.4112319350242615,0.873245358467102,0.007029626984149218
37,hand,20,1,0.4126969575881958,0.8659085035324097,0.007260446902364492
37,pose,0,-1,0.4686088562011719,0.23352549970149994,-0.293859601020813
37,pose,1,-1,0.47669753432273865,0.20417945086956024,-0.26812851428985596
37,pose,2,-1,0.4800909757614136,0.20452414453029633,-0.2682282626628876
37,pose,3,-1,0.4844706952571869,0.20477499067783356,-0.2681669592857361
37,pose,4,-1,0.46077975630760193,0.2037743628025055,-0.27595752477645874
37,pose,5,-1,0.45343124866485596,0.2037975788116455,-0.2759573757648468
37,pose,6,-1,0.44718271493911743,0.2041930854320526,-0.27605393528938293
37,pose,7,-1,0.4914374351501465,0.21556733548641205,-0.11272258311510086
37,pose,8,-1,0.43601563572883606,0.21523605287075043,-0.14879150688648224
37,pose,9,-1,0.4786454737186432,0.26242733001708984,-0.23661035299301147
37,pose,10,-1,0.45673641562461853,0.261749804019928,-0.24770864844322205
37,pose,11,-1,0.5328099131584167,0.3637220859527588,-0.02980935014784336
37,pose,12,-1,0.3913666903972626,0.37949663400650024,-0.053497906774282455
37,pose,13,-1,0.572002112865448,0.5449332594871521,-0.1851019710302353
37,pose,14,-1,0.3807021379470825,0.6010961532592773,-0.004203986842185259
37,pose,15,-1,0.5353164076805115,0.3568003177642822,-0.4982261061668396
37,pose,16,-1,0.4036228060722351,0.7960543036460876,-0.08882132172584534
37,pose,17,-1,0.5332852602005005,0.3043689429759979,-0.5683344006538391
37,pose,18,-1,0.4037628471851349,0.855565071105957,-0.10483679920434952
37,pose,19,-1,0.5317378640174866,0.2889881730079651,-0.5488857626914978
37,pose,20,-1,0.41456902027130127,0.8558388948440552,-0.15122956037521362
37,pose,21,-1,0.5285265445709229,0.3076647222042084,-0.49841830134391785
37,pose,22,-1,0.4168242812156677,0.8358718156814575,-0.10530679672956467
37,pose,23,-1,0.5246016979217529,0.7674737572669983,0.011954983696341515
37,pose,24,-1,0.4400148391723633,0.7774556279182434,-0.01124383881688118
37,pose,25,-1,0.5205550193786621,1.0071502923965454,-0.006013484206050634
37,pose,26,-1,0.4564765691757202,1.0215559005737305,-0.02234070934355259
37,pose,27,-1,0.5360934138298035,1.3168087005615234,0.2832118272781372
37,pose,28,-1,0.4624691307544708,1.3058931827545166,0.2098008096218109
37,pose,29,-1,0.5395654439926147,1.351042628288269,0.30625012516975403
37,pose,30,-1,0.46035829186439514,1.3375880718231201,0.2291104644536972
37,pose,31,-1,0.5273743271827698,1.3994423151016235,0.18072743713855743
37,pose,32,-1,0.4835757315158844,1.3899356126785278,0.07754255086183548
38,hand,0,0,0.527599573135376,0.3302634358406067,-1.0100978897753521e-07
38,hand,1,0,0.522935152053833,0.30212289094924927,0.0031814647372812033
38,hand,2,0,0.522874653339386,0.2754262685775757,0.004536735359579325
38,hand,3,0,0.5227999091148376,0.2533796727657318,0.0030460788402706385
38,hand,4,0,0.5217193961143494,0.23388531804084778,0.0014036602806299925
38,hand,5,0,0.5416275858879089,0.27753502130508423,0.01531574409455061
38,hand,6,0,0.5419646501541138,0.256406307220459,0.013983407989144325
38,hand,7,0,0.5405772924423218,0.23861132562160492,0.011676839552819729
38,hand,8,0,0.5401533246040344,0.22339046001434326,0.009358230046927929
38,hand,9,0,0.5465838313102722,0.2806307375431061,0.010403265245258808
38,hand,10,0,0.5448851585388184,0.25458741188049316,0.005029148422181606
38,hand,11,0,0.5377453565597534,0.2681213319301605,0.0020685766357928514
38,hand,12,0,0.5369831919670105,0.2816649079322815,0.001965450355783105
38,hand,13,0,0.5514897108078003,0.28501302003860474,0.0045068287290632725
38,hand,14,0,0.5480867624282837,0.2581779658794403,-0.001261398778297007
38,hand,15,0,0.5403169989585876,0.2724307179450989,-0.00039319004281423986
38,hand,16,0,0.5403085947036743,0.28639256954193115,0.002254359656944871
38,hand,17,0,0.5561133027076721,0.2914351522922516,-0.0014823474921286106
38,hand,18,0,0.5528921484947205,0.2664767801761627,-0.0045391288585960865
38,hand,19,0,0.5461615324020386,0.27365756034851074,-0.002705327933654189
38,hand,20,0,0.5456205010414124,0.28642353415489197,-0.0003737602091860026
38,hand,0,1,0.40067771077156067,0.8100695610046387,-9.623951058301827e-08
38,hand,1,1,0.41687098145484924,0.8240676522254944,-0.007727799471467733
38,hand,2,1,0.4261171221733093,0.8488736152648926,-0.010173994116485119
38,hand,3,1,0.43197736144065857,0.8737171292304993,-0.010466039180755615
38,hand,4,1,0.43671706318855286,0.8922915458679199,-0.009631742723286152
38,hand,5,1,0.4102388322353363,0.8754572868347168,-0.008355526253581047
38,hand,6,1,0.42243343591690063,0.9036436676979065,-0.007769614923745394
38,hand,7,1,0.4309317469596863,0.9014579057693481,-0.0059887864626944065
38,hand,8,1,0.43552321195602417,0.8938555717468262,-0.004496551584452391
38,hand,9,1,0.4019662141799927,0.8776562809944153,-0.002992192981764674
38,hand,10,1,0.4176133871078491,0.8926958441734314,-0.0022939741611480713
38,hand,11,1,0.42326438426971436,0.8840512037277222,-0.00150307675357908
38,hand,12,1,0.4243357181549072,0.8749046325683594,-0.0014349137200042605
38,hand,13,1,0.3978126645088196,0.8753089904785156,0.0023865753319114447
38,hand,14,1,0.4131501317024231,0.8862216472625732,0.002711842767894268
38,hand,15,1,0.4175875186920166,0.8794515132904053,0.0029514040797948837
38,hand,16,1,0.4187806248664856,0.8705559968948364,0.002640725579112768
38,hand,17,1,0.39602166414260864,0.8724023103713989,0.007444716989994049
38,hand,18,1,0.40811482071876526,0.8814843893051147,0.0070861647836863995
38,hand,19,1,0.4126269817352295,0.8762835264205933,0.007084946148097515
38,hand,20,1,0.4142448604106903,0.8694235682487488,0.0072675845585763454
38,pose,0,-1,0.46866682171821594,0.23353980481624603,-0.29430389404296875
38,pose,1,-1,0.4766952693462372,0.2041521519422531,-0.268541544675827
38,pose,2,-1,0.4800927937030792,0.20449170470237732,-0.2686398923397064
38,pose,3,-1,0.48453906178474426,0.2047387957572937,-0.2685805559158325
38,pose,4,-1,0.46081361174583435,0.2037837952375412,-0.2763459384441376
38,pose,5,-1,0.45347529649734497,0.20383062958717346,-0.2763444483280182
38,pose,6,-1,0.44720765948295593,0.20425227284431458,-0.2764410376548767
38,pose,7,-1,0.4914819300174713,0.21553005278110504,-0.11252681910991669
38,pose,8,-1,0.436030775308609,0.2153826802968979,-0.14925332367420197
38,pose,9,-1,0.4786544144153595,0.26243335008621216,-0.2369288057088852
38,pose,10,-1,0.45679375529289246,0.2618037462234497,-0.24804352223873138
38,pose,11,-1,0.5329061150550842,0.36378833651542664,-0.028989844024181366
38,pose,12,-1,0.391523152589798,0.3793029189109802,-0.05397846922278404
38,pose,13,-1,0.573596179485321,0.5450314283370972,-0.1850636601448059
38,pose,14,-1,0.38079726696014404,0.6009001731872559,-0.00409816624596715
38,pose,15,-1,0.5376803278923035,0.3571260869503021,-0.49747583270072937
38,pose,16,-1,0.4036461114883423,0.7967145442962646,-0.08829488605260849
38,pose,17,-1,0.5347669720649719,0.3050539195537567,-0.5675261616706848
38,pose,18,-1,0.40382301807403564,0.8563687205314636,-0.10409944504499435
38,pose,19,-1,0.5331271290779114,0.2897602319717407,-0.5478408336639404
38,pose,20,-1,0.41468092799186707,0.8566763997077942,-0.15031233429908752
38,pose,21,-1,0.530154824256897,0.30855417251586914,-0.4982061982154846
38,pose,22,-1,0.41689249873161316,0.836526095867157,-0.10467718541622162
38,pose,23,-1,0.5245628356933594,0.7678245902061462,0.01196769718080759
38,pose,24,-1,0.44000476598739624,0.7777358293533325,-0.011257272213697433
38,pose,25,-1,0.5205647349357605,1.0083646774291992,-0.006184786092489958
38,pose,26,-1,0.4565921723842621,1.024321436882019,-0.02221076749265194
38,pose,27,-1,0.5365012288093567,1.317693829536438,0.2858237326145172
38,pose,28,-1,0.4628037214279175,1.3064930438995361,0.21037337183952332
38,pose,29,-1,0.5401344895362854,1.3518319129943848,0.3093666732311249
38,pose,30,-1,0.4607514441013336,1.3382335901260376,0.22965647280216217
38,pose,31,-1,0.5277573466300964,1.4003735780715942,0.18424084782600403
38,pose,32,-1,0.48403599858283997,1.3902440071105957,0.07828507572412491
39,hand,0,0,0.531705915927887,0.3515128493309021,-1.0770535396886771e-07
39,hand,1,0,0.5248640179634094,0.32900139689445496,-0.0003202238876838237
39,hand,2,0,0.523779034614563,0.29867273569107056,-0.00023039159714244306
39,hand,3,0,0.5225399136543274,0.27451175451278687,-0.001664043520577252
39,hand,4,0,0.520868182182312,0.2551812529563904,-0.0031315803062170744
39,hand,5,0,0.5426954030990601,0.29656505584716797,0.007516132667660713
39,hand,6,0,0.5444425344467163,0.27453696727752686,0.004606768023222685
39,hand,7,0,0.5431130528450012,0.25526702404022217,0.001884226338006556
39,hand,8,0,0.541851282119751,0.23944686353206635,-0.00034247274743393064
39,hand,9,0,0.5482178926467896,0.30028602480888367,0.004803999327123165
39,hand,10,0,0.549210250377655,0.2732725739479065,-0.0012039269786328077
39,hand,11,0,0.5412414073944092,0.2804984450340271,-0.003918634727597237
39,hand,12,0,0.5381706357002258,0.2913590371608734,-0.0037569969426840544
39,hand,13,0,0.5530637502670288,0.30625489354133606,0.0012382199056446552
39,hand,14,0,0.5521507859230042,0.2788276672363281,-0.005206703208386898
39,hand,15,0,0.5440673232078552,0.28898367285728455,-0.004815345164388418
39,hand,16,0,0.5428169369697571,0.3013855218887329,-0.0023383304942399263
39,hand,17,0,0.5573465824127197,0.31421127915382385,-0.002453983062878251
39,hand,18,0,0.5549776554107666,0.28993791341781616,-0.006229718681424856
39,hand,19,0,0.5484351515769958,0.29558271169662476,-0.004885765258222818
39,hand,20,0,0.5475701093673706,0.30757683515548706,-0.0027395139914005995
39,hand,0,1,0.4013960361480713,0.8112645149230957,-9.764697495029395e-08
39,hand,1,1,0.41735485196113586,0.8252522349357605,-0.0071308971382677555
39,hand,2,1,0.4267289936542511,0.8502058386802673,-0.009375558234751225
39,hand,3,1,0.4324873387813568,0.8749193549156189,-0.009581835009157658
39,hand,4,1,0.4370342493057251,0.8932124376296997,-0.008659088984131813
39,hand,5,1,0.4108220338821411,0.876279354095459,-0.008024489507079124
39,hand,6,1,0.422494500875473,0.9049645662307739,-0.007435554638504982
39,hand,7,1,0.4310740828514099,0.9032263159751892,-0.005602686665952206
39,hand,8,1,0.43599733710289,0.8959370255470276,-0.004055389203131199
39,hand,9,1,0.4026161730289459,0.8785044550895691,-0.0029324095230549574
39,hand,10,1,0.4182702898979187,0.8940257430076599,-0.0022388475481420755
39,hand,11,1,0.42414554953575134,0.8855929374694824,-0.001374552259221673
39,hand,12,1,0.4253896474838257,0.8765472769737244,-0.001226948108524084
39,hand,13,1,0.39840996265411377,0.876395046710968,0.0022325743921101093
39,hand,14,1,0.41384977102279663,0.8875864744186401,0.0027487713377922773
39,hand,15,1,0.41847023367881775,0.8809704780578613,0.003144513349980116
39,hand,16,1,0.41983285546302795,0.8721886277198792,0.0029148682951927185
39,hand,17,1,0.39649102091789246,0.8737003803253174,0.007109095808118582
39,hand,18,1,0.40847933292388916,0.8832113146781921,0.0069873519241809845
39,hand,19,1,0.41330471634864807,0.8782081007957458,0.0071616703644394875
39,hand,20,1,0.4151977002620697,0.8714432120323181,0.0074580516666173935
39,pose,0,-1,0.4687163531780243,0.23352034389972687,-0.29329583048820496
39,pose,1,-1,0.47669756412506104,0.20408138632774353,-0.26733341813087463
39,pose,2,-1,0.4801080822944641,0.20441319048404694,-0.26742783188819885
39,pose,3,-1,0.48459282517433167,0.20463934540748596,-0.267375648021698
39,pose,4,-1,0.46084561944007874,0.20367395877838135,-0.2756255269050598
39,pose,5,-1,0.4535050392150879,0.203712597489357,-0.27562493085861206
39,pose,6,-1,0.44724133610725403,0.20412316918373108,-0.2757188677787781
39,pose,7,-1,0.49151575565338135,0.21540284156799316,-0.1101008951663971
39,pose,8,-1,0.4360447824001312,0.21536539494991302,-0.14956220984458923
39,pose,9,-1,0.4786791503429413,0.26238566637039185,-0.23549333214759827
39,pose,10,-1,0.45683643221855164,0.2617854177951813,-0.2473658174276352
39,pose,11,-1,0.5329844951629639,0.36392515897750854,-0.023678898811340332
39,pose,12,-1,0.39164265990257263,0.37928518652915955,-0.05430978164076805
39,pose,13,-1,0.574559211730957,0.5494441986083984,-0.1685347557067871
39,pose,14,-1,0.3812022805213928,0.6008638143539429,-0.0030375474598258734
39,pose,15,-1,0.5421462655067444,0.36192765831947327,-0.4758927524089813
39,pose,16,-1,0.403715044260025,0.7969328165054321,-0.08498132228851318
39,pose,17,-1,0.5385078191757202,0.31023725867271423,-0.5454162955284119
39,pose,18,-1,0.40390193462371826,0.8565294742584229,-0.10082527995109558
39,pose,19,-1,0.5369112491607666,0.29247817397117615,-0.5282999873161316
39,pose,20,-1,0.4147520065307617,0.8568418025970459,-0.14691853523254395
39,pose,21,-1,0.5343732833862305,0.3124713897705078,-0.47708895802497864
39,pose,22,-1,0.4169800877571106,0.836615800857544,-0.10125184804201126
39,pose,23,-1,0.5246335864067078,0.7694496512413025,0.012173128314316273
39,pose,24,-1,0.4400978088378906,0.7791830897331238,-0.011462063528597355
39,pose,25,-1,0.5205745100975037,1.0102384090423584,-0.011680780909955502
39,pose,26,-1,0.45656949281692505,1.0277681350708008,-0.02211979404091835
39,pose,27,-1,0.536522626876831,1.318780541419983,0.28594350814819336
39,pose,28,-1,0.4628013074398041,1.3090620040893555,0.21088482439517975
39,pose,29,-1,0.5401414036750793,1.3524869680404663,0.3096133768558502
39,pose,30,-1,0.4607550799846649,1.341169834136963,0.23022979497909546
39,pose,31,-1,0.5277470350265503,1.4024616479873657,0.1845083385705948
39,pose,32,-1,0.48402878642082214,1.3925385475158691,0.07967226952314377
40,hand,0,0,0.534619927406311,0.378440797328949,-5.8674782366097133e-08
40,hand,1,0,0.5267210006713867,0.35453176498413086,-0.0045937430113554
40,hand,2,0,0.5243756771087646,0.3224388062953949,-0.0076963952742516994
40,hand,3,0,0.5220354795455933,0.2985392212867737,-0.010687217116355896
40,hand,4,0,0.519758403301239,0.2792203426361084,-0.013593040406703949
40,hand,5,0,0.5448310971260071,0.32205650210380554,-0.00640173489227891
40,hand,6,0,0.5472874045372009,0.2947114109992981,-0.01329650916159153
40,hand,7,0,0.5453708171844482,0.277204692363739,-0.018689924851059914
40,hand,8,0,0.5408490896224976,0.26410558819770813,-0.02207767218351364
40,hand,9,0,0.5502375960350037,0.3309141993522644,-0.007802991662174463
40,hand,10,0,0.5544641017913818,0.3059275150299072,-0.014672022312879562
40,hand,11,0,0.5502398610115051,0.28999072313308716,-0.0187178123742342
40,hand,12,0,0.5443980097770691,0.2791574001312256,-0.020933130756020546
40,hand,13,0,0.5537808537483215,0.3427668511867523,-0.009888079017400742
40,hand,14,0,0.5562521815299988,0.32166606187820435,-0.016396045684814453
40,hand,15,0,0.5518729090690613,0.3060104250907898,-0.018159056082367897
40,hand,16,0,0.54720139503479,0.2948664724826813,-0.01848362386226654
40,hand,17,0,0.5556182265281677,0.35628077387809753,-0.012300672940909863
40,hand,18,0,0.5583745241165161,0.3398551344871521,-0.017537729814648628
40,hand,19,0,0.5567807555198669,0.3272313177585602,-0.018320279195904732
40,hand,20,0,0.5542317032814026,0.3179299831390381,-0.018138837069272995
40,hand,0,1,0.4009758532047272,0.8111405372619629,-1.0349601353709659e-07
40,hand,1,1,0.41729989647865295,0.8245776891708374,-0.008036842569708824
40,hand,2,1,0.42666691541671753,0.849384605884552,-0.010402795858681202
40,hand,3,1,0.4322713017463684,0.8740370869636536,-0.01064489409327507
40,hand,4,1,0.4367341101169586,0.8926298022270203,-0.009757946245372295
40,hand,5,1,0.41034194827079773,0.877290666103363,-0.007712156046181917
40,hand,6,1,0.4225252866744995,0.9049238562583923,-0.007039044983685017
40,hand,7,1,0.43120256066322327,0.9028308391571045,-0.005310361739248037
40,hand,8,1,0.435768723487854,0.8945679664611816,-0.0038626764435321093
40,hand,9,1,0.4021433889865875,0.8790625929832458,-0.0023020815569907427
40,hand,10,1,0.4182645380496979,0.8919482827186584,-0.0019232098711654544
40,hand,11,1,0.4238598048686981,0.8820605278015137,-0.001515079173259437
40,hand,12,1,0.42461922764778137,0.8722371459007263,-0.0015418891562148929
40,hand,13,1,0.3981955051422119,0.8763853907585144,0.0030475363600999117
40,hand,14,1,0.4139459431171417,0.8861277103424072,0.002842927584424615
40,hand,15,1,0.4184472858905792,0.8782640099525452,0.0026476727798581123
40,hand,16,1,0.4195410907268524,0.8687236905097961,0.0022601173259317875
40,hand,17,1,0.3968192934989929,0.8734790086746216,0.008083388209342957
40,hand,18,1,0.4090876877307892,0.8823010325431824,0.007324966602027416
40,hand,19,1,0.4135544002056122,0.876333475112915,0.0071595837362110615
40,hand,20,1,0.41495510935783386,0.8687674403190613,0.007390008307993412
40,pose,0,-1,0.4677169620990753,0.23202145099639893,-0.3411960005760193
40,pose,1,-1,0.4761456847190857,0.20304466784000397,-0.31514015793800354
40,pose,2,-1,0.479746013879776,0.20350363850593567,-0.3152531087398529
40,pose,3,-1,0.48428431153297424,0.2037104368209839,-0.31521522998809814
40,pose,4,-1,0.4595622718334198,0.20247326791286469,-0.32027921080589294
40,pose,5,-1,0.45253992080688477,0.20256468653678894,-0.32030364871025085
40,pose,6,-1,0.44650304317474365,0.20296712219715118,-0.32040712237358093
40,pose,7,-1,0.4914262890815735,0.2144678682088852,-0.15260164439678192
40,pose,8,-1,0.4358653724193573,0.214915469288826,-0.17907840013504028
40,pose,9,-1,0.4782032370567322,0.26133403182029724,-0.2811526954174042
40,pose,10,-1,0.45612138509750366,0.2609984874725342,-0.28882700204849243
40,pose,11,-1,0.534406840801239,0.36217597126960754,-0.05574004724621773
40,pose,12,-1,0.3917401432991028,0.3792973458766937,-0.07306167483329773
40,pose,13,-1,0.5756502151489258,0.562927782535553,-0.20789912343025208
40,pose,14,-1,0.38163894414901733,0.6008844971656799,-0.01954391784965992
40,pose,15,-1,0.545457661151886,0.3984300196170807,-0.5415964126586914
40,pose,16,-1,0.4041195511817932,0.7975651025772095,-0.11878304183483124
40,pose,17,-1,0.5396440029144287,0.35077139735221863,-0.6145294308662415
40,pose,18,-1,0.40443581342697144,0.8571223616600037,-0.1370299756526947
40,pose,19,-1,0.5389370322227478,0.3266091048717499,-0.5992943048477173
40,pose,20,-1,0.41532596945762634,0.8575488328933716,-0.18191763758659363
40,pose,21,-1,0.5373811721801758,0.34604936838150024,-0.5432708859443665
40,pose,22,-1,0.4175567328929901,0.8371400237083435,-0.13488133251667023
40,pose,23,-1,0.5247504115104675,0.7694084048271179,0.010521234944462776
40,pose,24,-1,0.44035419821739197,0.7791090607643127,-0.009865943342447281
40,pose,25,-1,0.5205762982368469,1.0102838277816772,-0.01399376429617405
40,pose,26,-1,0.45662450790405273,1.0275195837020874,-0.0171929020434618
40,pose,27,-1,0.5361021757125854,1.3187429904937744,0.29328078031539917
40,pose,28,-1,0.46252158284187317,1.3091037273406982,0.24907974898815155
40,pose,29,-1,0.5395328402519226,1.3523776531219482,0.3184252083301544
40,pose,30,-1,0.4606221616268158,1.3410916328430176,0.2722618281841278
40,pose,31,-1,0.5272331237792969,1.402543306350708,0.1889873594045639
40,pose,32,-1,0.48300662636756897,1.3930952548980713,0.12262367457151413
41,hand,0,0,0.4011712074279785,0.810958743095398,-1.0152587748279984e-07
41,hand,1,0,0.4171736538410187,0.8245518207550049,-0.008624199777841568
41,hand,2,0,0.4267178475856781,0.8498945832252502,-0.011159097775816917
41,hand,3,0,0.43287596106529236,0.8746211528778076,-0.011248938739299774
41,hand,4,0,0.43774357438087463,0.8929158449172974,-0.010140995495021343
41,hand,5,0,0.41016730666160583,0.8770430088043213,-0.009406370110809803
41,hand,6,0,0.4227953255176544,0.9050325155258179,-0.008519683964550495
41,hand,7,0,0.4315128028392792,0.9029060006141663,-0.006251850631088018
41,hand,8,0,0.43634161353111267,0.8948919773101807,-0.004429818131029606
41,hand,9,0,0.40231087803840637,0.8788507580757141,-0.0034692278131842613
41,hand,10,0,0.4185589849948883,0.8924393057823181,-0.002831170568242669
41,hand,11,0,0.424282968044281,0.8826696872711182,-0.0019291695207357407
41,hand,12,0,0.42523089051246643,0.8731774687767029,-0.0016970349242910743
41,hand,13,0,0.3985852301120758,0.8762151598930359,0.00248337653465569
41,hand,14,0,0.4145054519176483,0.8865257501602173,0.0025990300346165895
41,hand,15,0,0.41915270686149597,0.8786253333091736,0.002594688441604376
41,hand,16,0,0.42040395736694336,0.8692940473556519,0.002202780917286873
41,hand,17,0,0.3972897231578827,0.8732537627220154,0.008103348314762115
41,hand,18,0,0.40969645977020264,0.8824132680892944,0.007372208870947361
41,hand,19,0,0.41446155309677124,0.876481294631958,0.0070656961761415005
41,hand,20,0,0.4162072539329529,0.8690927624702454,0.007140564266592264
41,pose,0,-1,0.4670391380786896,0.230342835187912,-0.4234775900840759
41,pose,1,-1,0.4757534861564636,0.2015152871608734,-0.4005441963672638
41,pose,2,-1,0.4794699549674988,0.2018803358078003,-0.4006584882736206
41,pose,3,-1,0.48414814472198486,0.20210938155651093,-0.4006339907646179
41,pose,4,-1,0.45843151211738586,0.20108048617839813,-0.4024508595466614
41,pose,5,-1,0.45148369669914246,0.20127831399440765,-0.4025215804576874
41,pose,6,-1,0.4457970857620239,0.20174987614154816,-0.4026792645454407
41,pose,7,-1,0.49144038558006287,0.21246296167373657,-0.2342079132795334
41,pose,8,-1,0.43572303652763367,0.21395675837993622,-0.24341200292110443
41,pose,9,-1,0.4778141379356384,0.25962287187576294,-0.36055463552474976
41,pose,10,-1,0.45555397868156433,0.26012423634529114,-0.36318129301071167
41,pose,11,-1,0.538524866104126,0.36148855090141296,-0.12344294041395187
41,pose,12,-1,0.3922000825405121,0.37930116057395935,-0.12197200208902359
41,pose,13,-1,0.5780319571495056,0.57068932056427,-0.29678380489349365
41,pose,14,-1,0.3819778263568878,0.6008057594299316,-0.06768300384283066
41,pose,15,-1,0.5454533696174622,0.4542517066001892,-0.6927675604820251
41,pose,16,-1,0.40452367067337036,0.7984780669212341,-0.19985650479793549
41,pose,17,-1,0.538735032081604,0.4215605854988098,-0.7760202884674072
41,pose,18,-1,0.40482044219970703,0.8579226136207581,-0.22753138840198517
41,pose,19,-1,0.5380086302757263,0.3936862349510193,-0.7655553817749023
41,pose,20,-1,0.41565191745758057,0.8579967617988586,-0.2731999158859253
41,pose,21,-1,0.5369207859039307,0.4050276279449463,-0.6973336338996887
41,pose,22,-1,0.41795814037323,0.8374993801116943,-0.21696802973747253
41,pose,23,-1,0.5255818367004395,0.7701327800750732,0.0038858007173985243
41,pose,24,-1,0.441177099943161,0.7795913815498352,-0.0033008428290486336
41,pose,25,-1,0.5205217599868774,1.0118557214736938,-0.031087998300790787
41,pose,26,-1,0.4566737711429596,1.027920126914978,0.004051131196320057
41,pose,27,-1,0.5355375409126282,1.3178263902664185,0.2969730794429779
41,pose,28,-1,0.4613642990589142,1.309086799621582,0.29290294647216797
41,pose,29,-1,0.5383256077766418,1.3511098623275757,0.3228638470172882
41,pose,30,-1,0.459856778383255,1.3410700559616089,0.3166830241680145
41,pose,31,-1,0.5272036790847778,1.401841640472412,0.1783723384141922
41,pose,32,-1,0.48145443201065063,1.3941229581832886,0.14440985023975372
42,hand,0,0,0.40101274847984314,0.8092969059944153,-9.77338103780312e-08
42,hand,1,0,0.4175373613834381,0.823894739151001,-0.00865962915122509
42,hand,2,0,0.426829993724823,0.8499794602394104,-0.0107432184740901
42,hand,3,0,0.43303975462913513,0.8745090365409851,-0.010305440984666348
42,hand,4,0,0.4380323886871338,0.8926693797111511,-0.008681580424308777
42,hand,5,0,0.4101491868495941,0.8774539232254028,-0.00813902635127306
42,hand,6,0,0.42228150367736816,0.9046784043312073,-0.0058463094756007195
42,hand,7,0,0.43119972944259644,0.9024398922920227,-0.002836420200765133
42,hand,8,0,0.4364137351512909,0.894640326499939,-0.0006521194009110332
42,hand,9,0,0.4019266366958618,0.8780344128608704,-0.001770035712979734
42,hand,10,0,0.41780799627304077,0.8919084668159485,0.000339847756549716
42,hand,11,0,0.42444559931755066,0.8826413154602051,0.0014091768534854054
42,hand,12,0,0.4262251853942871,0.8729365468025208,0.0015326952561736107
42,hand,13,0,0.39791569113731384,0.8740366101264954,0.004657261539250612
42,hand,14,0,0.4134479761123657,0.8845844864845276,0.005901027005165815
42,hand,15,0,0.41880089044570923,0.8768996000289917,0.005613117013126612
42,hand,16,0,0.4207223653793335,0.8671387434005737,0.004816459957510233
42,hand,17,0,0.3963162899017334,0.8700923919677734,0.010769611224532127
42,hand,18,0,0.40818050503730774,0.8797643780708313,0.010838653892278671
42,hand,19,0,0.4136042594909668,0.8740955591201782,0.010526420548558235
42,hand,20,0,0.4160609543323517,0.8662408590316772,0.01042937207967043
42,pose,0,-1,0.46649590134620667,0.22817270457744598,-0.4557963013648987
42,pose,1,-1,0.4754464030265808,0.19908735156059265,-0.43375733494758606
42,pose,2,-1,0.4792790412902832,0.1994599997997284,-0.4338569939136505
42,pose,3,-1,0.48406311869621277,0.19983114302158356,-0.43382391333580017
42,pose,4,-1,0.4574488699436188,0.19909611344337463,-0.4366774260997772
42,pose,5,-1,0.45052945613861084,0.19965240359306335,-0.436755508184433
42,pose,6,-1,0.4451127052307129,0.20045827329158783,-0.4369315207004547
42,pose,7,-1,0.49145615100860596,0.21060530841350555,-0.26676055788993835
42,pose,8,-1,0.435637891292572,0.21317943930625916,-0.27952930331230164
42,pose,9,-1,0.477624773979187,0.2577902376651764,-0.3924995958805084
42,pose,10,-1,0.4551006555557251,0.2591116428375244,-0.3960391581058502
42,pose,11,-1,0.5411676168441772,0.3609357476234436,-0.14961454272270203
42,pose,12,-1,0.3925653100013733,0.3794144093990326,-0.16180159151554108
42,pose,13,-1,0.5784837603569031,0.5736443996429443,-0.3184282183647156
42,pose,14,-1,0.3824939727783203,0.6006023287773132,-0.12411704659461975
42,pose,15,-1,0.5478048324584961,0.49665215611457825,-0.728554368019104
42,pose,16,-1,0.404947429895401,0.7985659241676331,-0.27175000309944153
42,pose,17,-1,0.5396367311477661,0.49174460768699646,-0.8150829076766968
42,pose,18,-1,0.4052862524986267,0.8579903841018677,-0.30495890974998474
42,pose,19,-1,0.5389883518218994,0.45342209935188293,-0.8087650537490845
42,pose,20,-1,0.416036456823349,0.857994794845581,-0.34937891364097595
42,pose,21,-1,0.5373521447181702,0.4498162865638733,-0.7353883981704712
42,pose,22,-1,0.4184035062789917,0.837497353553772,-0.28857719898223877
42,pose,23,-1,0.5261002779006958,0.7705231308937073,0.0025399550795555115
42,pose,24,-1,0.44200947880744934,0.7799667716026306,-0.001950155245140195
42,pose,25,-1,0.5207753777503967,1.0118088722229004,-0.033117812126874924
42,pose,26,-1,0.4569808542728424,1.0267245769500732,0.02133985050022602
42,pose,27,-1,0.5352915525436401,1.316375494003296,0.29709622263908386
42,pose,28,-1,0.4612616300582886,1.3078852891921997,0.32967692613601685
42,pose,29,-1,0.5376899838447571,1.349946141242981,0.3224509656429291
42,pose,30,-1,0.459833562374115,1.3395543098449707,0.35477307438850403
42,pose,31,-1,0.5274009704589844,1.398818850517273,0.16276367008686066
42,pose,32,-1,0.48117223381996155,1.3940775394439697,0.1755557656288147
43,hand,0,0,0.4009125828742981,0.8082995414733887,-1.0110333192869803e-07
43,hand,1,0,0.41680359840393066,0.8230581283569336,-0.009241553954780102
43,hand,2,0,0.4262569844722748,0.8482230305671692,-0.011762958019971848
43,hand,3,0,0.4326211214065552,0.8720060586929321,-0.011883986182510853
43,hand,4,0,0.43737298250198364,0.8902838230133057,-0.010823972523212433
43,hand,5,0,0.4097137451171875,0.8779064416885376,-0.007706824690103531
43,hand,6,0,0.4225007891654968,0.903609573841095,-0.006657001096755266
43,hand,7,0,0.4317607879638672,0.901069700717926,-0.005084091331809759
43,hand,8,0,0.4369859993457794,0.8932442665100098,-0.003808052511885762
43,hand,9,0,0.4018847942352295,0.8786929249763489,-0.0015439871931448579
43,hand,10,0,0.41799524426460266,0.8909716606140137,-0.0007306912448257208
43,hand,11,0,0.4246382713317871,0.8825735449790955,-0.0008498815004713833
43,hand,12,0,0.42687904834747314,0.8731352686882019,-0.0012841038405895233
43,hand,13,0,0.3980720043182373,0.8747356534004211,0.004497394431382418
43,hand,14,0,0.4136495888233185,0.8835617303848267,0.004617790691554546
43,hand,15,0,0.4189717173576355,0.876602292060852,0.003780925879254937
43,hand,16,0,0.42125797271728516,0.8675986528396606,0.002966328291222453
43,hand,17,0,0.39659449458122253,0.8706119060516357,0.010130628012120724
43,hand,18,0,0.4086933732032776,0.8787708282470703,0.009366057813167572
43,hand,19,0,0.4139302670955658,0.8736224174499512,0.008819437585771084
43,hand,20,0,0.4166204333305359,0.8663988709449768,0.008850975893437862
43,pose,0,-1,0.46604815125465393,0.22405779361724854,-0.4073995351791382
43,pose,1,-1,0.47526103258132935,0.1955094039440155,-0.3788706064224243
43,pose,2,-1,0.47917595505714417,0.19617968797683716,-0.37885910272598267
43,pose,3,-1,0.4840611517429352,0.19681976735591888,-0.37876299023628235
43,pose,4,-1,0.45677730441093445,0.1953633576631546,-0.39476659893989563
43,pose,5,-1,0.4498823285102844,0.19614288210868835,-0.3946848511695862
43,pose,6,-1,0.4445987939834595,0.19720865786075592,-0.39466583728790283
43,pose,7,-1,0.4915231764316559,0.20865564048290253,-0.2099032998085022
43,pose,8,-1,0.43557921051979065,0.21154600381851196,-0.23319202661514282
43,pose,9,-1,0.4774588644504547,0.25506657361984253,-0.3416893780231476
43,pose,10,-1,0.45470136404037476,0.2566817104816437,-0.3737722337245941
43,pose,11,-1,0.5445608496665955,0.3610827624797821,-0.10806433111429214
43,pose,12,-1,0.3933168649673462,0.38007333874702454,-0.12898728251457214
43,pose,13,-1,0.5783795118331909,0.571955144405365,-0.2154359221458435
43,pose,14,-1,0.38295501470565796,0.599492609500885,-0.08232860267162323
43,pose,15,-1,0.5538909435272217,0.5968129634857178,-0.6293336153030396
43,pose,16,-1,0.40502119064331055,0.7980413436889648,-0.22931329905986786
43,pose,17,-1,0.5530331134796143,0.6275137066841125,-0.78028804063797
43,pose,18,-1,0.40563419461250305,0.8579313158988953,-0.2729199528694153
43,pose,19,-1,0.5440158843994141,0.6006048917770386,-0.6931247115135193
43,pose,20,-1,0.4165823757648468,0.8575912117958069,-0.3156038224697113
43,pose,21,-1,0.5411682724952698,0.5841021537780762,-0.7245376110076904
43,pose,22,-1,0.41882529854774475,0.836901068687439,-0.24686022102832794
43,pose,23,-1,0.5261465311050415,0.7725754976272583,0.0024865407031029463
43,pose,24,-1,0.4421062767505646,0.7806678414344788,-0.0018883831799030304
43,pose,25,-1,0.5210374593734741,1.0110960006713867,-0.03171361982822418
43,pose,26,-1,0.45784932374954224,1.0247098207473755,0.017838027328252792
43,pose,27,-1,0.5356415510177612,1.2956396341323853,0.3135899305343628
43,pose,28,-1,0.4614081382751465,1.2990156412124634,0.30659589171409607
43,pose,29,-1,0.5376986861228943,1.3269245624542236,0.34149181842803955
43,pose,30,-1,0.4598540663719177,1.3303600549697876,0.3306235671043396
43,pose,31,-1,0.530972421169281,1.3779324293136597,0.19010214507579803
43,pose,32,-1,0.48124682903289795,1.383281946182251,0.15806539356708527
44,hand,0,0,0.4004865288734436,0.8062250018119812,-1.0317999965536728e-07
44,hand,1,0,0.41609546542167664,0.8217256665229797,-0.009092157706618309
44,hand,2,0,0.42593464255332947,0.8476925492286682,-0.01110528688877821
44,hand,3,0,0.43276846408843994,0.8711003661155701,-0.010731705464422703
44,hand,4,0,0.4375188946723938,0.8889634013175964,-0.009192735888063908
44,hand,5,0,0.4086097478866577,0.8778806924819946,-0.006415309850126505
44,hand,6,0,0.4216485917568207,0.9029445052146912,-0.004707357846200466
44,hand,7,0,0.4312877357006073,0.9004044532775879,-0.0028713862411677837
44,hand,8,0,0.4367057979106903,0.8924879431724548,-0.0014467802830040455
44,hand,9,0,0.40105119347572327,0.8775619268417358,-5.0005230150418356e-05
44,hand,10,0,0.4177519977092743,0.8890962600708008,0.0014864348340779543
44,hand,11,0,0.42476686835289,0.8798927068710327,0.0014949188334867358
44,hand,12,0,0.4270438551902771,0.8702646493911743,0.0010967102134600282
44,hand,13,0,0.39759281277656555,0.8727014660835266,0.006167634390294552
44,hand,14,0,0.4137076735496521,0.8805599212646484,0.00683020381256938
44,hand,15,0,0.41940855979919434,0.8726708889007568,0.005864195059984922
44,hand,16,0,0.42185792326927185,0.8627631068229675,0.0049174148589372635
44,hand,17,0,0.3964122533798218,0.8677494525909424,0.011986571364104748
44,hand,18,0,0.4087471067905426,0.8754391670227051,0.011564387008547783
44,hand,19,0,0.41453513503074646,0.8697431087493896,0.011001456528902054
44,hand,20,0,0.4177156388759613,0.861470639705658,0.011019769124686718
44,pose,0,-1,0.4655422866344452,0.2175472527742386,-0.4106616675853729
44,pose,1,-1,0.47507593035697937,0.18971724808216095,-0.3861815631389618
44,pose,2,-1,0.4791475832462311,0.190500870347023,-0.38629961013793945
44,pose,3,-1,0.48407432436943054,0.19135215878486633,-0.38630303740501404
44,pose,4,-1,0.45614221692085266,0.18998554348945618,-0.3875962793827057
44,pose,5,-1,0.44938990473747253,0.19087521731853485,-0.3876337707042694
44,pose,6,-1,0.4441082775592804,0.19188381731510162,-0.3877549171447754
44,pose,7,-1,0.49188658595085144,0.2056349813938141,-0.22989021241664886
44,pose,8,-1,0.43556350469589233,0.20794914662837982,-0.2288827896118164
44,pose,9,-1,0.47736674547195435,0.24982351064682007,-0.3519156873226166
44,pose,10,-1,0.4544316828250885,0.2517460584640503,-0.35498860478401184
44,pose,11,-1,0.5465173721313477,0.36111462116241455,-0.1327875405550003
44,pose,12,-1,0.3939662277698517,0.3800763487815857,-0.1348855048418045
44,pose,13,-1,0.5789110064506531,0.5650607347488403,-0.13510099053382874
44,pose,14,-1,0.38344818353652954,0.5985901951789856,-0.09274611622095108
44,pose,15,-1,0.5631574392318726,0.6892738342285156,-0.3800177276134491
44,pose,16,-1,0.4050441384315491,0.7980090379714966,-0.2522016763687134
44,pose,17,-1,0.5630919933319092,0.7491766214370728,-0.4551094174385071
44,pose,18,-1,0.4057675302028656,0.8580057621002197,-0.30480846762657166
44,pose,19,-1,0.5531986951828003,0.7370357513427734,-0.4900694489479065
44,pose,20,-1,0.41698789596557617,0.8573986291885376,-0.34913110733032227
44,pose,21,-1,0.5499796271324158,0.7159972190856934,-0.40431129932403564
44,pose,22,-1,0.41925108432769775,0.8366048336029053,-0.2718670964241028
44,pose,23,-1,0.5261657238006592,0.7696366906166077,0.0025350521318614483
44,pose,24,-1,0.4421440064907074,0.7789356708526611,-0.001958615845069289
44,pose,25,-1,0.5210787057876587,1.0060077905654907,-0.029745977371931076
44,pose,26,-1,0.4579397439956665,1.0180540084838867,0.0133079644292593
44,pose,27,-1,0.5356992483139038,1.2802602052688599,0.35643908381462097
44,pose,28,-1,0.461309015750885,1.2888023853302002,0.3214375078678131
44,pose,29,-1,0.5375221371650696,1.3099833726882935,0.38823646306991577
44,pose,30,-1,0.45985814929008484,1.3193453550338745,0.3475258946418762
44,pose,31,-1,0.5324267148971558,1.3652619123458862,0.23606112599372864
44,pose,32,-1,0.4805898666381836,1.3732835054397583,0.16861510276794434
45,hand,0,0,0.5669056177139282,0.7317733764648438,-2.436008550432689e-08
45,hand,1,0,0.5528324246406555,0.7465693950653076,-0.005699614062905312
45,hand,2,0,0.5456122756004333,0.7755934000015259,-0.008892668411135674
45,hand,3,0,0.5404605269432068,0.8025135397911072,-0.011373774148523808
45,hand,4,0,0.5350356101989746,0.8233512043952942,-0.01239878498017788
45,hand,5,0,0.5689193606376648,0.7972357869148254,-0.005652925465255976
45,hand,6,0,0.5613461136817932,0.8323580026626587,-0.0101303206756711
45,hand,7,0,0.5553768873214722,0.8182075619697571,-0.012668072246015072
45,hand,8,0,0.5558322668075562,0.8035244345664978,-0.013574139215052128
45,hand,9,0,0.5772528648376465,0.7982483506202698,-0.004116073716431856
45,hand,10,0,0.5671436786651611,0.8307533264160156,-0.006540846079587936
45,hand,11,0,0.5609756112098694,0.8187653422355652,-0.007417285814881325
45,hand,12,0,0.5622872114181519,0.8066828846931458,-0.008068219758570194
45,hand,13,0,0.582551896572113,0.7962480783462524,-0.0031382539309561253
45,hand,14,0,0.5729770064353943,0.8281465172767639,-0.00522581348195672
45,hand,15,0,0.5669438242912292,0.8178849816322327,-0.003177293110638857
45,hand,16,0,0.5678524971008301,0.8067145943641663,-0.0017053453484550118
45,hand,17,0,0.5856004953384399,0.7936012148857117,-0.0025536080356687307
45,hand,18,0,0.5774624943733215,0.8203145861625671,-0.0036667496897280216
45,hand,19,0,0.5722393989562988,0.8140100240707397,-0.0011155137326568365
45,hand,20,0,0.57273930311203,0.804305911064148,0.0010149902664124966
45,hand,0,1,0.4001674950122833,0.8061301112174988,-1.0707665154541246e-07
45,hand,1,1,0.41556423902511597,0.8201028108596802,-0.00915895402431488
45,hand,2,1,0.42564886808395386,0.8446745276451111,-0.011915276758372784
45,hand,3,1,0.432564914226532,0.868643581867218,-0.012260595336556435
45,hand,4,1,0.43746545910835266,0.8861284255981445,-0.011372963897883892
45,hand,5,1,0.4089442789554596,0.8757041096687317,-0.008595406077802181
45,hand,6,1,0.42152729630470276,0.9023653864860535,-0.007724704220890999
45,hand,7,1,0.43086621165275574,0.8990979194641113,-0.006007179152220488
45,hand,8,1,0.4363290071487427,0.8902432322502136,-0.004558284301310778
45,hand,9,1,0.40131527185440063,0.8770332336425781,-0.0024092448875308037
45,hand,10,1,0.41773712635040283,0.8892903327941895,-0.0016320819268003106
45,hand,11,1,0.42460688948631287,0.8800888657569885,-0.0015928406501188874
45,hand,12,1,0.427053302526474,0.8706234693527222,-0.001957155531272292
45,hand,13,1,0.3976508378982544,0.873451828956604,0.0037642421666532755
45,hand,14,1,0.4135834872722626,0.8813760876655579,0.0042128595523536205
45,hand,15,1,0.4188525676727295,0.87362140417099,0.003624491160735488
45,hand,16,1,0.42123034596443176,0.8638830780982971,0.0028401347808539867
45,hand,17,1,0.3963186740875244,0.869239091873169,0.009511872194707394
45,hand,18,1,0.40831252932548523,0.8765484094619751,0.009148039855062962
45,hand,19,1,0.41359439492225647,0.8711743950843811,0.00878175999969244
45,hand,20,1,0.41654494404792786,0.8636685013771057,0.00887302402406931
45,pose,0,-1,0.4651643633842468,0.21336089074611664,-0.4089970886707306
45,pose,1,-1,0.4748864769935608,0.1857280284166336,-0.3857288360595703
45,pose,2,-1,0.4791237711906433,0.18618236482143402,-0.38584715127944946
45,pose,3,-1,0.48408567905426025,0.18671050667762756,-0.3858376145362854
45,pose,4,-1,0.45572757720947266,0.18694047629833221,-0.3846723437309265
45,pose,5,-1,0.44913890957832336,0.18808120489120483,-0.38471752405166626
45,pose,6,-1,0.44389766454696655,0.18942652642726898,-0.3848581612110138
45,pose,7,-1,0.4923344850540161,0.20197661221027374,-0.2345738708972931
45,pose,8,-1,0.43564078211784363,0.2064879983663559,-0.22839130461215973
45,pose,9,-1,0.47735491394996643,0.2447117269039154,-0.35257941484451294
45,pose,10,-1,0.45439818501472473,0.24767521023750305,-0.3512192964553833
45,pose,11,-1,0.5484797358512878,0.3618868887424469,-0.14027515053749084
45,pose,12,-1,0.39505794644355774,0.38003841042518616,-0.13636517524719238
45,pose,13,-1,0.5788108110427856,0.5667942762374878,-0.10429123789072037
45,pose,14,-1,0.3837569057941437,0.5982927083969116,-0.09951933473348618
45,pose,15,-1,0.5672289133071899,0.7327395081520081,-0.3026650846004486
45,pose,16,-1,0.4053049087524414,0.7981300950050354,-0.26300856471061707
45,pose,17,-1,0.5717988610267639,0.794396162033081,-0.36888930201530457
45,pose,18,-1,0.4059898257255554,0.8579705357551575,-0.31501340866088867
45,pose,19,-1,0.5588321685791016,0.7882441878318787,-0.4102770686149597
45,pose,20,-1,0.4175030589103699,0.8570020794868469,-0.3611428439617157
45,pose,21,-1,0.5540924072265625,0.7723549604415894,-0.3227097690105438
45,pose,22,-1,0.41999000310897827,0.8362345695495605,-0.2835671007633209
45,pose,23,-1,0.5267189741134644,0.7643536925315857,0.0015812593046575785
45,pose,24,-1,0.44213682413101196,0.7769045233726501,-0.0010178805096074939
45,pose,25,-1,0.5210800766944885,1.0033453702926636,-0.04106585681438446
45,pose,26,-1,0.45792156457901,1.014647126197815,0.01127704419195652
45,pose,27,-1,0.5357688665390015,1.2797768115997314,0.3360692858695984
45,pose,28,-1,0.46129655838012695,1.2870484590530396,0.3081410527229309
45,pose,29,-1,0.5375052690505981,1.3091812133789062,0.3646688759326935
45,pose,30,-1,0.4599147439002991,1.3178561925888062,0.3327403664588928
45,pose,31,-1,0.5328589081764221,1.3652788400650024,0.22306253015995026
45,pose,32,-1,0.47988012433052063,1.3706272840499878,0.15607981383800507
46,hand,0,0,0.5672222971916199,0.750535249710083,8.509682913881988e-08
46,hand,1,0,0.551689863204956,0.7738652229309082,-0.005337398033589125
46,hand,2,0,0.5439350605010986,0.8015833497047424,-0.0075922273099422455
46,hand,3,0,0.5394448637962341,0.8292232155799866,-0.008302813395857811
46,hand,4,0,0.5330196619033813,0.8495663404464722,-0.007525097578763962
46,hand,5,0,0.5652611255645752,0.8251073956489563,-0.004613362718373537
46,hand,6,0,0.5560271143913269,0.8566316962242126,-0.0037423530593514442
46,hand,7,0,0.5475283265113831,0.8514537811279297,-0.0018066870979964733
46,hand,8,0,0.544394850730896,0.8413853049278259,9.37587974476628e-05
46,hand,9,0,0.5755822062492371,0.8260999917984009,-0.0012237593764439225
46,hand,10,0,0.5650912523269653,0.858054518699646,0.0004797996662091464
46,hand,11,0,0.5565074682235718,0.8530846238136292,0.0020860491786152124
46,hand,12,0,0.5539401769638062,0.8431594967842102,0.003322630189359188
46,hand,13,0,0.5818652510643005,0.8220956325531006,0.0021782489493489265
46,hand,14,0,0.5733568072319031,0.8520008325576782,0.0040422650054097176
46,hand,15,0,0.5655332207679749,0.8491072654724121,0.005819923244416714
46,hand,16,0,0.562458872795105,0.8404401540756226,0.00678320461884141
46,hand,17,0,0.5850292444229126,0.816193163394928,0.005220561288297176
46,hand,18,0,0.5794956684112549,0.8402594923973083,0.006393046583980322
46,hand,19,0,0.5734159350395203,0.8403007388114929,0.0081785898655653
46,hand,20,0,0.5703526735305786,0.8353910446166992,0.009878854267299175
46,hand,0,1,0.3995533585548401,0.8029845356941223,-1.0531586980278007e-07
46,hand,1,1,0.41474926471710205,0.8172504305839539,-0.00990971177816391
46,hand,2,1,0.4248415231704712,0.8427436351776123,-0.012449606321752071
46,hand,3,1,0.43194276094436646,0.8661705851554871,-0.01238073967397213
46,hand,4,1,0.4376401901245117,0.8832544684410095,-0.011073064059019089
46,hand,5,1,0.4079287052154541,0.8733124732971191,-0.00836536567658186
46,hand,6,1,0.421170711517334,0.900232195854187,-0.007559916004538536
46,hand,7,1,0.4310550391674042,0.8966207504272461,-0.006283335853368044
46,hand,8,1,0.4368514120578766,0.887834906578064,-0.005121238064020872
46,hand,9,1,0.40068599581718445,0.8741915225982666,-0.001593582914210856
46,hand,10,1,0.41768935322761536,0.8881364464759827,-0.0008588886121287942
46,hand,11,1,0.42536547780036926,0.8793761134147644,-0.0010346951894462109
46,hand,12,1,0.42849692702293396,0.8700234293937683,-0.0014337145257741213
46,hand,13,1,0.3974838852882385,0.8704468011856079,0.005014692898839712
46,hand,14,1,0.4139322340488434,0.8796485066413879,0.005321776494383812
46,hand,15,1,0.4200233221054077,0.8721887469291687,0.0044111995957791805
46,hand,16,1,0.4230262339115143,0.8628847002983093,0.003566254861652851
46,hand,17,1,0.396484911441803,0.8664290308952332,0.011140038259327412
46,hand,18,1,0.40879586338996887,0.8742090463638306,0.010601828806102276
46,hand,19,1,0.4148457944393158,0.869198739528656,0.009997461922466755
46,hand,20,1,0.4183463156223297,0.8620668053627014,0.010004222393035889
46,pose,0,-1,0.46519625186920166,0.21083928644657135,-0.4288041889667511
46,pose,1,-1,0.4749181866645813,0.18343320488929749,-0.40597203373908997
46,pose,2,-1,0.47929948568344116,0.18374156951904297,-0.4060564637184143
46,pose,3,-1,0.48457786440849304,0.1841544657945633,-0.4060569703578949
46,pose,4,-1,0.45580270886421204,0.18472206592559814,-0.40554511547088623
46,pose,5,-1,0.4491947889328003,0.18589083850383759,-0.4055704176425934
46,pose,6,-1,0.4439180791378021,0.18726937472820282,-0.40569961071014404
46,pose,7,-1,0.493435263633728,0.1995503306388855,-0.2544249892234802
46,pose,8,-1,0.4359540641307831,0.2043115645647049,-0.2522585093975067
46,pose,9,-1,0.47743910551071167,0.24174445867538452,-0.3722175061702728
46,pose,10,-1,0.45441293716430664,0.24481812119483948,-0.3714432418346405
46,pose,11,-1,0.5502299666404724,0.3628225028514862,-0.15730246901512146
46,pose,12,-1,0.3958209753036499,0.3798387944698334,-0.1642684042453766
46,pose,13,-1,0.5787781476974487,0.5733538269996643,-0.11426667869091034
46,pose,14,-1,0.3841114938259125,0.5979416370391846,-0.13472720980644226
46,pose,15,-1,0.5703141689300537,0.7595440745353699,-0.3008151054382324
46,pose,16,-1,0.4053059220314026,0.7981328368186951,-0.2955527603626251
46,pose,17,-1,0.5755169987678528,0.8163738250732422,-0.36447688937187195
46,pose,18,-1,0.4059896469116211,0.8579772114753723,-0.3483809530735016
46,pose,19,-1,0.5626019835472107,0.8113927841186523,-0.40469011664390564
46,pose,20,-1,0.41773340106010437,0.8568927049636841,-0.39313992857933044
46,pose,21,-1,0.5578388571739197,0.7966821193695068,-0.3201912045478821
46,pose,22,-1,0.4203171133995056,0.836046040058136,-0.315670371055603
46,pose,23,-1,0.526697039604187,0.7634981274604797,0.0018322275718674064
46,pose,24,-1,0.4413996636867523,0.7767595648765564,-0.0012575651053339243
46,pose,25,-1,0.5210937261581421,1.0006027221679688,-0.03253521770238876
46,pose,26,-1,0.45792511105537415,1.0102475881576538,0.026126472279429436
46,pose,27,-1,0.5370491147041321,1.2805335521697998,0.3353593945503235
46,pose,28,-1,0.46161186695098877,1.2834559679031372,0.31345081329345703
46,pose,29,-1,0.5383701324462891,1.3107582330703735,0.3632933497428894
46,pose,30,-1,0.4607877731323242,1.3146919012069702,0.33695563673973083
46,pose,31,-1,0.534964382648468,1.3650665283203125,0.21398207545280457
46,pose,32,-1,0.47989317774772644,1.3666937351226807,0.15506497025489807
47,hand,0,0,0.5679349303245544,0.7676544785499573,7.691233605555681e-08
47,hand,1,0,0.5521625280380249,0.7891288995742798,-0.006952747702598572
47,hand,2,0,0.543715238571167,0.815159022808075,-0.010275295004248619
47,hand,3,0,0.5382590889930725,0.8417853713035583,-0.011766975745558739
47,hand,4,0,0.530409038066864,0.86118084192276,-0.011702082119882107
47,hand,5,0,0.5656682848930359,0.8412232995033264,-0.007179067935794592
47,hand,6,0,0.5548969507217407,0.8717883825302124,-0.007734755054116249
47,hand,7,0,0.5465585589408875,0.8643415570259094,-0.006771543528884649
47,hand,8,0,0.5441230535507202,0.8525914549827576,-0.005440353881567717
47,hand,9,0,0.5756573677062988,0.8412056565284729,-0.0033485807944089174
47,hand,10,0,0.5631358623504639,0.8740541338920593,-0.003236042335629463
47,hand,11,0,0.553737461566925,0.8680334091186523,-0.002098283264786005
47,hand,12,0,0.5507872104644775,0.8571504950523376,-0.0011304754298180342
47,hand,13,0,0.5809390544891357,0.8364282846450806,0.00038296825368888676
47,hand,14,0,0.5699536800384521,0.8666438460350037,0.0011173830134794116
47,hand,15,0,0.5615524053573608,0.8635506629943848,0.002879286417737603
47,hand,16,0,0.5583127737045288,0.8542241454124451,0.003922482952475548
47,hand,17,0,0.582888126373291,0.8298981189727783,0.0036181658506393433
47,hand,18,0,0.5748713612556458,0.8539375066757202,0.004155463073402643
47,hand,19,0,0.5679503679275513,0.8545649647712708,0.005803695879876614
47,hand,20,0,0.564511775970459,0.8498890995979309,0.007365906611084938
47,hand,0,1,0.39971598982810974,0.8008890151977539,-1.0785311843619638e-07
47,hand,1,1,0.4149511158466339,0.8160757422447205,-0.010181640274822712
47,hand,2,1,0.4250703752040863,0.8419484496116638,-0.01257458608597517
47,hand,3,1,0.43252816796302795,0.8656705021858215,-0.012177587486803532
47,hand,4,1,0.4384194612503052,0.8830145001411438,-0.010542540811002254
47,hand,5,1,0.40687498450279236,0.8720013499259949,-0.008314894512295723
47,hand,6,1,0.42115291953086853,0.8977000713348389,-0.006472844630479813
47,hand,7,1,0.43097999691963196,0.8934669494628906,-0.004254497587680817
47,hand,8,1,0.43643972277641296,0.8844217658042908,-0.0025536215398460627
47,hand,9,1,0.40002116560935974,0.87245112657547,-0.0009893543319776654
47,hand,10,1,0.417941153049469,0.8844566345214844,0.000212872851989232
47,hand,11,1,0.4247819185256958,0.8730088472366333,0.000310584349790588
47,hand,12,1,0.4266240894794464,0.862230658531189,6.816224049543962e-05
47,hand,13,1,0.3973451554775238,0.868323564529419,0.006289639510214329
47,hand,14,1,0.4144424498081207,0.876245379447937,0.006976644042879343
47,hand,15,1,0.41972050070762634,0.8664163947105408,0.006022101733833551
47,hand,16,1,0.42168787121772766,0.8551759123802185,0.005072642583400011
47,hand,17,1,0.3970146179199219,0.8639849424362183,0.013112318702042103
47,hand,18,1,0.40951859951019287,0.870433509349823,0.012686129659414291
47,hand,19,1,0.4149194061756134,0.8633773922920227,0.011882997117936611
47,hand,20,1,0.41756755113601685,0.8546351790428162,0.011731524951756
47,pose,0,-1,0.46542707085609436,0.207572802901268,-0.44203174114227295
47,pose,1,-1,0.4753820300102234,0.18126879632472992,-0.41985490918159485
47,pose,2,-1,0.4801211953163147,0.1814478188753128,-0.41992881894111633
47,pose,3,-1,0.4859166741371155,0.18184258043766022,-0.41993245482444763
47,pose,4,-1,0.45611223578453064,0.18260227143764496,-0.4192926287651062
47,pose,5,-1,0.4495047628879547,0.1838037222623825,-0.41932404041290283
47,pose,6,-1,0.444279283285141,0.18517939746379852,-0.4194512367248535
47,pose,7,-1,0.49542224407196045,0.19707469642162323,-0.2676943838596344
47,pose,8,-1,0.4367334544658661,0.20229198038578033,-0.26533201336860657
47,pose,9,-1,0.4781135022640228,0.23832327127456665,-0.384762704372406
47,pose,10,-1,0.45474332571029663,0.24159452319145203,-0.3838697671890259
47,pose,11,-1,0.5530253648757935,0.36294877529144287,-0.1645321100950241
47,pose,12,-1,0.39716389775276184,0.37957799434661865,-0.17496530711650848
47,pose,13,-1,0.5787369608879089,0.5751979351043701,-0.11244992166757584
47,pose,14,-1,0.3844515383243561,0.5966483950614929,-0.14076809585094452
47,pose,15,-1,0.5727301239967346,0.7629859447479248,-0.29482725262641907
47,pose,16,-1,0.40511056780815125,0.7968604564666748,-0.29661253094673157
47,pose,17,-1,0.5776903033256531,0.8218428492546082,-0.356144517660141
47,pose,18,-1,0.4059140980243683,0.856604278087616,-0.34844180941581726
47,pose,19,-1,0.5658107399940491,0.817598819732666,-0.39778950810432434
47,pose,20,-1,0.41779929399490356,0.8546589016914368,-0.3929925560951233
47,pose,21,-1,0.5613521933555603,0.8022106885910034,-0.31465357542037964
47,pose,22,-1,0.4204307496547699,0.8341131210327148,-0.3165203034877777
47,pose,23,-1,0.5268948674201965,0.7617706656455994,0.0022424468770623207
47,pose,24,-1,0.44117406010627747,0.7759418487548828,-0.0017232658574357629
47,pose,25,-1,0.521243691444397,0.9969689249992371,-0.012959972955286503
47,pose,26,-1,0.4583444595336914,1.0067747831344604,0.023822542279958725
47,pose,27,-1,0.5383934378623962,1.2796635627746582,0.3702247738838196
47,pose,28,-1,0.46179619431495667,1.2831952571868896,0.3119571805000305
47,pose,29,-1,0.5393794178962708,1.3099355697631836,0.40054962038993835
47,pose,30,-1,0.46132469177246094,1.3142863512039185,0.33546003699302673
47,pose,31,-1,0.5371389389038086,1.3642014265060425,0.24445673823356628
47,pose,32,-1,0.4799084961414337,1.3674262762069702,0.15130214393138885
48,hand,0,0,0.5665268301963806,0.7765949964523315,4.484984827968219e-08
48,hand,1,0,0.5515980124473572,0.7976139783859253,-0.006044403649866581
48,hand,2,0,0.5424913167953491,0.8205720782279968,-0.009685025550425053
48,hand,3,0,0.5364068150520325,0.8453649282455444,-0.011797282844781876
48,hand,4,0,0.5290047526359558,0.8626207709312439,-0.012499907054007053
48,hand,5,0,0.5633488893508911,0.84750896692276,-0.00718569103628397
48,hand,6,0,0.5523785352706909,0.8757311105728149,-0.008800729177892208
48,hand,7,0,0.5448102355003357,0.8677341341972351,-0.008953366428613663
48,hand,8,0,0.5431309342384338,0.8552680611610413,-0.008316795341670513
48,hand,9,0,0.5725474953651428,0.8481884002685547,-0.004273407161235809
48,hand,10,0,0.5594608187675476,0.877779483795166,-0.004788682330399752
48,hand,11,0,0.5505430102348328,0.8708587884902954,-0.0044870818965137005
48,hand,12,0,0.5480635762214661,0.8594350814819336,-0.004240978974848986
48,hand,13,0,0.5772194862365723,0.8443821668624878,-0.0013971287989988923
48,hand,14,0,0.5655758380889893,0.8711869120597839,-0.001227272325195372
48,hand,15,0,0.5573062300682068,0.8670744895935059,-5.3280578867997974e-05
48,hand,16,0,0.5542306900024414,0.8568400144577026,0.000556033628527075
48,hand,17,0,0.5791746973991394,0.8386868238449097,0.0010741824517026544
48,hand,18,0,0.5702967643737793,0.8606366515159607,0.001111116842366755
48,hand,19,0,0.56312096118927,0.859678328037262,0.0024169476237148046
48,hand,20,0,0.5594754815101624,0.8534951210021973,0.003724956652149558
48,hand,0,1,0.39980295300483704,0.8009316921234131,-1.101722375551617e-07
48,hand,1,1,0.41468438506126404,0.8150700926780701,-0.010632372461259365
48,hand,2,1,0.42503809928894043,0.8401086926460266,-0.013617550022900105
48,hand,3,1,0.43257632851600647,0.8636726140975952,-0.013842448592185974
48,hand,4,1,0.43798351287841797,0.881171464920044,-0.012795520015060902
48,hand,5,1,0.4067443311214447,0.8705952167510986,-0.009472946636378765
48,hand,6,1,0.4209733307361603,0.8963284492492676,-0.009006484411656857
48,hand,7,1,0.43090200424194336,0.8935192227363586,-0.007461738307029009
48,hand,8,1,0.43648087978363037,0.8851115107536316,-0.006107894703745842
48,hand,9,1,0.4003092646598816,0.8719019293785095,-0.0024430807679891586
48,hand,10,1,0.41857779026031494,0.8830855488777161,-0.0029631205834448338
48,hand,11,1,0.42476627230644226,0.8703241944313049,-0.003082366194576025
48,hand,12,1,0.4255957007408142,0.8590737581253052,-0.0031458924058824778
48,hand,13,1,0.3979782164096832,0.8687487840652466,0.004424079321324825
48,hand,14,1,0.41527238488197327,0.876542866230011,0.0034963195212185383
48,hand,15,1,0.4199194014072418,0.8653103709220886,0.0028480766341090202
48,hand,16,1,0.4209013283252716,0.8535757660865784,0.002476847032085061
48,hand,17,1,0.3978694975376129,0.8650614023208618,0.010775582864880562
48,hand,18,1,0.4107222259044647,0.8712949156761169,0.009041129611432552
48,hand,19,1,0.41546353697776794,0.8630046248435974,0.008158649317920208
48,hand,20,1,0.4171085059642792,0.8539406061172485,0.008239027112722397
48,pose,0,-1,0.4662117063999176,0.20459018647670746,-0.42985206842422485
48,pose,1,-1,0.4763347804546356,0.1792953759431839,-0.4067824184894562
48,pose,2,-1,0.4813929796218872,0.17947089672088623,-0.4068703055381775
48,pose,3,-1,0.48752298951148987,0.1799164116382599,-0.4068617820739746
48,pose,4,-1,0.4571450352668762,0.1805555820465088,-0.40595927834510803
48,pose,5,-1,0.45050618052482605,0.1818355917930603,-0.4060041308403015
48,pose,6,-1,0.44529059529304504,0.18317654728889465,-0.406141459941864
48,pose,7,-1,0.49734798073768616,0.19508281350135803,-0.25449779629707336
48,pose,8,-1,0.4381801187992096,0.2001006305217743,-0.25127801299095154
48,pose,9,-1,0.4790937304496765,0.2352217137813568,-0.37309741973876953
48,pose,10,-1,0.455608993768692,0.23866549134254456,-0.371817946434021
48,pose,11,-1,0.555438756942749,0.3633269667625427,-0.15703964233398438
48,pose,12,-1,0.39837390184402466,0.37846484780311584,-0.16283270716667175
48,pose,13,-1,0.578581690788269,0.5789603590965271,-0.11215435713529587
48,pose,14,-1,0.3845873773097992,0.5946957468986511,-0.13101954758167267
48,pose,15,-1,0.5725263357162476,0.7714071273803711,-0.30287396907806396
48,pose,16,-1,0.40511927008628845,0.7959692478179932,-0.2897753417491913
48,pose,17,-1,0.57591712474823,0.8290596604347229,-0.3673243522644043
48,pose,18,-1,0.40599769353866577,0.8558580279350281,-0.34281933307647705
48,pose,19,-1,0.5646349787712097,0.8231928944587708,-0.40754613280296326
48,pose,20,-1,0.4188080132007599,0.8534970879554749,-0.3866466283798218
48,pose,21,-1,0.560529887676239,0.8069201111793518,-0.3224843740463257
48,pose,22,-1,0.42158645391464233,0.8329222202301025,-0.30938655138015747
48,pose,23,-1,0.5272043943405151,0.7619708776473999,0.0023932692129164934
48,pose,24,-1,0.44116640090942383,0.7761486768722534,-0.0018699504435062408
48,pose,25,-1,0.5216814279556274,0.9948439002037048,-0.006886600982397795
48,pose,26,-1,0.45833685994148254,1.0074491500854492,0.031210726127028465
48,pose,27,-1,0.5390018224716187,1.281744360923767,0.3803916573524475
48,pose,28,-1,0.4617964029312134,1.2841596603393555,0.33038246631622314
48,pose,29,-1,0.5400930643081665,1.3123711347579956,0.4114351272583008
48,pose,30,-1,0.4613302946090698,1.3153630495071411,0.35529839992523193
48,pose,31,-1,0.5372850298881531,1.3661538362503052,0.2547675371170044
48,pose,32,-1,0.47991466522216797,1.3684806823730469,0.1686178594827652
49,hand,0,0,0.5645194053649902,0.7815794944763184,3.314393381970149e-08
49,hand,1,0,0.5492592453956604,0.8029056787490845,-0.005359907168895006
49,hand,2,0,0.5403319597244263,0.8258188962936401,-0.008119103498756886
49,hand,3,0,0.5344300270080566,0.8503061532974243,-0.009769352152943611
49,hand,4,0,0.527401328086853,0.8669607639312744,-0.010071112774312496
49,hand,5,0,0.5613577365875244,0.8552703857421875,-0.003088870784267783
49,hand,6,0,0.5498434901237488,0.8792259693145752,-0.004117542412132025
49,hand,7,0,0.5429801940917969,0.8679777979850769,-0.004774859640747309
49,hand,8,0,0.5419305562973022,0.8546714782714844,-0.004621367435902357
49,hand,9,0,0.5703870058059692,0.8544482588768005,-0.0003788486064877361
49,hand,10,0,0.5568410754203796,0.8780089020729065,-0.00027405290165916085
49,hand,11,0,0.5487533211708069,0.8683176040649414,-0.0005694114370271564
49,hand,12,0,0.5469034314155579,0.8560962080955505,-0.000763856980483979
49,hand,13,0,0.5750909447669983,0.8486284017562866,0.0020788523834198713
49,hand,14,0,0.5628005862236023,0.8695018887519836,0.002514479449018836
49,hand,15,0,0.5554622411727905,0.8630190491676331,0.003146267496049404
49,hand,16,0,0.5532174110412598,0.8513963222503662,0.003488356014713645
49,hand,17,0,0.5773035287857056,0.8415461778640747,0.004111278336495161
49,hand,18,0,0.5679793357849121,0.859239399433136,0.0043386551551520824
49,hand,19,0,0.5616967082023621,0.8557244539260864,0.005448680371046066
49,hand,20,0,0.5588743686676025,0.847672700881958,0.006667510140687227
49,hand,0,1,0.4008655250072479,0.8022577166557312,-1.0196679767204841e-07
49,hand,1,1,0.4157910943031311,0.8162726163864136,-0.01035897247493267
49,hand,2,1,0.4261971414089203,0.8403424024581909,-0.013286368921399117
49,hand,3,1,0.4335309863090515,0.863431990146637,-0.01351925265043974
49,hand,4,1,0.4383137822151184,0.8813860416412354,-0.01250404678285122
49,hand,5,1,0.40824487805366516,0.8706055879592896,-0.008665026165544987
49,hand,6,1,0.4221872091293335,0.8967410922050476,-0.008226722478866577
49,hand,7,1,0.4321421682834625,0.8940184116363525,-0.0070449658669531345
49,hand,8,1,0.4375362992286682,0.8859081268310547,-0.005934478715062141
49,hand,9,1,0.4015963077545166,0.8718280792236328,-0.001763397129252553
49,hand,10,1,0.41921278834342957,0.8845218420028687,-0.0018359863897785544
49,hand,11,1,0.42591747641563416,0.8731986284255981,-0.0020790807902812958
49,hand,12,1,0.42725837230682373,0.8627800941467285,-0.002355614909902215
49,hand,13,1,0.39899617433547974,0.8690078258514404,0.004906077869236469
49,hand,14,1,0.4155154228210449,0.8780133724212646,0.004409260116517544
49,hand,15,1,0.42074987292289734,0.8679662942886353,0.00356976967304945
49,hand,16,1,0.4222560524940491,0.8570830821990967,0.0029241659212857485
49,hand,17,1,0.39839428663253784,0.8659053444862366,0.011073272675275803
49,hand,18,1,0.4109306335449219,0.8731467723846436,0.009704533964395523
49,hand,19,1,0.4157966673374176,0.8654205799102783,0.008861157111823559
49,hand,20,1,0.41755855083465576,0.8567786812782288,0.008867209777235985
49,pose,0,-1,0.4674924314022064,0.20241670310497284,-0.4200705885887146
49,pose,1,-1,0.47770005464553833,0.1780872941017151,-0.39695873856544495
49,pose,2,-1,0.48308125138282776,0.17825062572956085,-0.39705559611320496
49,pose,3,-1,0.489464670419693,0.17873546481132507,-0.39705386757850647
49,pose,4,-1,0.4585553705692291,0.1793806403875351,-0.39626243710517883
49,pose,5,-1,0.451937735080719,0.18072646856307983,-0.39630427956581116
49,pose,6,-1,0.4467865824699402,0.18207986652851105,-0.39644908905029297
49,pose,7,-1,0.4995679259300232,0.19395454227924347,-0.24657076597213745
49,pose,8,-1,0.4403437077999115,0.19937095046043396,-0.24320493638515472
49,pose,9,-1,0.4809226393699646,0.23315323889255524,-0.3640202581882477
49,pose,10,-1,0.4571165442466736,0.23660455644130707,-0.3627174496650696
49,pose,11,-1,0.5582268238067627,0.36402320861816406,-0.15251412987709045
49,pose,12,-1,0.4002024531364441,0.37792593240737915,-0.15762928128242493
49,pose,13,-1,0.578291654586792,0.5839266777038574,-0.11443907767534256
49,pose,14,-1,0.38478368520736694,0.5934682488441467,-0.12992866337299347
49,pose,15,-1,0.5713253021240234,0.7800731062889099,-0.3073355257511139
49,pose,16,-1,0.4052410423755646,0.7959363460540771,-0.28678956627845764
49,pose,17,-1,0.5734174251556396,0.8364617228507996,-0.37240177392959595
49,pose,18,-1,0.4062493145465851,0.8557642102241516,-0.33984506130218506
49,pose,19,-1,0.5627266764640808,0.8298370242118835,-0.4114077389240265
49,pose,20,-1,0.4200562536716461,0.8532037734985352,-0.38221246004104614
49,pose,21,-1,0.5589178800582886,0.81281578540802,-0.32675713300704956
49,pose,22,-1,0.42307600378990173,0.8326084613800049,-0.30597031116485596
49,pose,23,-1,0.5278245210647583,0.7643345594406128,0.002458169823512435
49,pose,24,-1,0.4412707984447479,0.7764567136764526,-0.0019516129978001118
49,pose,25,-1,0.5223133563995361,0.9951460361480713,-0.0010189629392698407
49,pose,26,-1,0.45863205194473267,1.0081605911254883,0.03250286355614662
49,pose,27,-1,0.5391644239425659,1.282986044883728,0.3798867464065552
49,pose,28,-1,0.4616880416870117,1.2848484516143799,0.3285754323005676
49,pose,29,-1,0.5402998328208923,1.3136463165283203,0.41015467047691345
49,pose,30,-1,0.46132567524909973,1.3160792589187622,0.35309919714927673
49,pose,31,-1,0.5370376110076904,1.367401361465454,0.2523508667945862
49,pose,32,-1,0.4791277050971985,1.3691799640655518,0.16753362119197845
50,hand,0,0,0.564148485660553,0.7906008958816528,1.4095605571640135e-08
50,hand,1,0,0.5482252836227417,0.8091404438018799,-0.00618366664275527
50,hand,2,0,0.5393089652061462,0.8332590460777283,-0.008622040040791035
50,hand,3,0,0.5346074104309082,0.8570227026939392,-0.009776018559932709
50,hand,4,0,0.5287201404571533,0.8725922703742981,-0.00953241903334856
50,hand,5,0,0.5624229311943054,0.8617290258407593,-0.00378595688380301
50,hand,6,0,0.549778401851654,0.8845252990722656,-0.005429388489574194
50,hand,7,0,0.543039858341217,0.871628999710083,-0.006613393779844046
50,hand,8,0,0.5426415801048279,0.8565737009048462,-0.006693629547953606
50,hand,9,0,0.5707760453224182,0.8595748543739319,-0.00047616701340302825
50,hand,10,0,0.5557654500007629,0.879266083240509,-0.0008547954494133592
50,hand,11,0,0.5484211444854736,0.8675873875617981,-0.0015585832297801971
50,hand,12,0,0.5478237867355347,0.854699969291687,-0.002046690322458744
50,hand,13,0,0.5742296576499939,0.8534956574440002,0.0024794437922537327
50,hand,14,0,0.5606963038444519,0.8720153570175171,0.0022006346844136715
50,hand,15,0,0.5539907813072205,0.8632549047470093,0.002648264402523637
50,hand,16,0,0.5528330206871033,0.8509885668754578,0.0030179957393556833
50,hand,17,0,0.5756089091300964,0.8462381958961487,0.004977253265678883
50,hand,18,0,0.5650702714920044,0.8629512190818787,0.004724922589957714
50,hand,19,0,0.5593868494033813,0.8569511771202087,0.005700945388525724
50,hand,20,0,0.5576118230819702,0.8474154472351074,0.006845913827419281
50,hand,0,1,0.40128111839294434,0.8028196692466736,-9.927269672971306e-08
50,hand,1,1,0.4165301024913788,0.8160080909729004,-0.010236179456114769
50,hand,2,1,0.426876038312912,0.8401772975921631,-0.013141362927854061
50,hand,3,1,0.4343007802963257,0.8635944128036499,-0.013336674310266972
50,hand,4,1,0.4394228458404541,0.8813335299491882,-0.012213780544698238
50,hand,5,1,0.4103965759277344,0.8721209168434143,-0.008904493413865566
50,hand,6,1,0.4236438572406769,0.8978244662284851,-0.008252400904893875
50,hand,7,1,0.433416485786438,0.8951154351234436,-0.00675756111741066
50,hand,8,1,0.43894150853157043,0.8869084715843201,-0.005468005780130625
50,hand,9,1,0.40316250920295715,0.8733635544776917,-0.0021485057659447193
50,hand,10,1,0.41979438066482544,0.8866220116615295,-0.0017254054546356201
50,hand,11,1,0.4267697036266327,0.8769742250442505,-0.0016555042238906026
50,hand,12,1,0.42888373136520386,0.8669114708900452,-0.0018641804344952106
50,hand,13,1,0.3998398184776306,0.8701581358909607,0.004395359195768833
50,hand,14,1,0.4157024025917053,0.8797459006309509,0.00425812229514122
50,hand,15,1,0.42122575640678406,0.8713418245315552,0.0035117254592478275
50,hand,16,1,0.4233129024505615,0.8611575365066528,0.0027956804260611534
50,hand,17,1,0.39862731099128723,0.8666951656341553,0.010438526049256325
50,hand,18,1,0.41105422377586365,0.8748763203620911,0.009275287389755249
50,hand,19,1,0.41639816761016846,0.8687769770622253,0.00842454843223095
50,hand,20,1,0.41883182525634766,0.8611400127410889,0.00831899605691433
50,pose,0,-1,0.4694027304649353,0.2020658552646637,-0.44735953211784363
50,pose,1,-1,0.4796678125858307,0.17762042582035065,-0.42432960867881775
50,pose,2,-1,0.48528844118118286,0.1778067797422409,-0.4244474768638611
50,pose,3,-1,0.49182412028312683,0.17829465866088867,-0.42447933554649353
50,pose,4,-1,0.46047428250312805,0.17888088524341583,-0.42377692461013794
50,pose,5,-1,0.4538213908672333,0.1802043318748474,-0.4238472878932953
50,pose,6,-1,0.44864946603775024,0.1815701276063919,-0.42401525378227234
50,pose,7,-1,0.5020658373832703,0.19355285167694092,-0.27081426978111267
50,pose,8,-1,0.44231584668159485,0.19900403916835785,-0.2677716910839081
50,pose,9,-1,0.4830347001552582,0.23284445703029633,-0.38980424404144287
50,pose,10,-1,0.4590660333633423,0.23626723885536194,-0.3886984884738922
50,pose,11,-1,0.5601980090141296,0.36505165696144104,-0.17019277811050415
50,pose,12,-1,0.40132132172584534,0.37725141644477844,-0.1812167912721634
50,pose,13,-1,0.5773669481277466,0.5849565863609314,-0.12661834061145782
50,pose,14,-1,0.3852945566177368,0.5930706858634949,-0.1538204699754715
50,pose,15,-1,0.570321261882782,0.7802764177322388,-0.33203643560409546
50,pose,16,-1,0.40524229407310486,0.79563307762146,-0.31376174092292786
50,pose,17,-1,0.5721005201339722,0.8370641469955444,-0.3986091613769531
50,pose,18,-1,0.4062724709510803,0.8557533621788025,-0.36942243576049805
50,pose,19,-1,0.5620145201683044,0.8327749371528625,-0.43671876192092896
50,pose,20,-1,0.4204389154911041,0.8529232144355774,-0.4111193120479584
50,pose,21,-1,0.5583892464637756,0.8153384923934937,-0.351672500371933
50,pose,22,-1,0.42350414395332336,0.8320591449737549,-0.33294937014579773
50,pose,23,-1,0.5278235673904419,0.7656344175338745,0.0029449069406837225
50,pose,24,-1,0.4412503242492676,0.7764798402786255,-0.002503129653632641
50,pose,25,-1,0.5224431157112122,0.9945228695869446,0.03900913894176483
50,pose,26,-1,0.45913103222846985,1.0062493085861206,0.055430326610803604
50,pose,27,-1,0.5397958159446716,1.2826756238937378,0.4295683205127716
50,pose,28,-1,0.46191316843032837,1.284255862236023,0.3641754984855652
50,pose,29,-1,0.541099488735199,1.313632845878601,0.46084192395210266
50,pose,30,-1,0.4625818431377411,1.315717101097107,0.3903234302997589
50,pose,31,-1,0.5372363328933716,1.3671483993530273,0.29874908924102783
50,pose,32,-1,0.47889813780784607,1.3681210279464722,0.20076005160808563
51,hand,0,0,0.5644918084144592,0.7981880307197571,6.998282398029687e-09
51,hand,1,0,0.5492954850196838,0.8170233368873596,-0.006369791459292173
51,hand,2,0,0.5408101081848145,0.8418846130371094,-0.00899877306073904
51,hand,3,0,0.535519003868103,0.8654123544692993,-0.010391747578978539
51,hand,4,0,0.5305381417274475,0.8822360634803772,-0.010377821512520313
51,hand,5,0,0.5643996000289917,0.867964506149292,-0.003792093601077795
51,hand,6,0,0.550788938999176,0.8891968131065369,-0.005621504038572311
51,hand,7,0,0.5449845194816589,0.8747996687889099,-0.007273868191987276
51,hand,8,0,0.5461066365242004,0.8603171706199646,-0.00791541114449501
51,hand,9,0,0.5722918510437012,0.8649551272392273,-0.0006951264222152531
51,hand,10,0,0.5566255450248718,0.883746862411499,-0.001301246928051114
51,hand,11,0,0.5499874353408813,0.871665894985199,-0.002337520942091942
51,hand,12,0,0.5511180758476257,0.8599116802215576,-0.003246387466788292
51,hand,13,0,0.5753895044326782,0.8585538268089294,0.002023756504058838
51,hand,14,0,0.5612114071846008,0.8776363730430603,0.0015937989810481668
51,hand,15,0,0.555142879486084,0.8682502508163452,0.002499713096767664
51,hand,16,0,0.5556433200836182,0.8570861220359802,0.003043108619749546
51,hand,17,0,0.5764210224151611,0.8513743877410889,0.004251998849213123
51,hand,18,0,0.5653448700904846,0.8691915273666382,0.004007263109087944
51,hand,19,0,0.5604201555252075,0.8624810576438904,0.005518438760191202
51,hand,20,0,0.5603142976760864,0.8529561758041382,0.006938749458640814
51,hand,0,1,0.4019339382648468,0.8040600419044495,-1.0493927504739986e-07
51,hand,1,1,0.41784438490867615,0.8176965713500977,-0.008593487553298473
51,hand,2,1,0.4291069507598877,0.8418809771537781,-0.011449312791228294
51,hand,3,1,0.43697941303253174,0.8651583194732666,-0.012035713531076908
51,hand,4,1,0.4423448443412781,0.8824689984321594,-0.011387679725885391
51,hand,5,1,0.4121590852737427,0.8719481229782104,-0.00925106555223465
51,hand,6,1,0.4253225326538086,0.8994337320327759,-0.00912753026932478
51,hand,7,1,0.4344910681247711,0.896476149559021,-0.007499193772673607
51,hand,8,1,0.439686119556427,0.8876200914382935,-0.006047435570508242
51,hand,9,1,0.40411120653152466,0.8743371367454529,-0.003634802997112274
51,hand,10,1,0.4207491874694824,0.8875109553337097,-0.0035578652750700712
51,hand,11,1,0.42635563015937805,0.8765627145767212,-0.002939386758953333
51,hand,12,1,0.427193284034729,0.8662594556808472,-0.00283957552164793
51,hand,13,1,0.40011560916900635,0.8718331456184387,0.0019417000003159046
51,hand,14,1,0.41602808237075806,0.8815020322799683,0.001701297122053802
51,hand,15,1,0.4203905165195465,0.8724884390830994,0.0018620872870087624
51,hand,16,1,0.4214772880077362,0.8617952466011047,0.0016660672845318913
51,hand,17,1,0.39853566884994507,0.8683518171310425,0.007130234036594629
51,hand,18,1,0.41091635823249817,0.8766764998435974,0.006158266682177782
51,hand,19,1,0.41542696952819824,0.8700812458992004,0.006008107680827379
51,hand,20,1,0.41709479689598083,0.8617342710494995,0.006306475959718227
51,pose,0,-1,0.4712642431259155,0.20232437551021576,-0.4565925896167755
51,pose,1,-1,0.4818160831928253,0.1774962991476059,-0.4333857297897339
51,pose,2,-1,0.48752039670944214,0.17772190272808075,-0.43351468443870544
51,pose,3,-1,0.49407264590263367,0.17821498215198517,-0.4335345923900604
51,pose,4,-1,0.4624272584915161,0.17865076661109924,-0.4326869547367096
51,pose,5,-1,0.4557201564311981,0.17989608645439148,-0.4327792525291443
51,pose,6,-1,0.45045775175094604,0.1812708079814911,-0.43295997381210327
51,pose,7,-1,0.5043808817863464,0.19347262382507324,-0.2772633731365204
51,pose,8,-1,0.4439031481742859,0.19859138131141663,-0.2739757001399994
51,pose,9,-1,0.48481452465057373,0.2330401986837387,-0.3981006443500519
51,pose,10,-1,0.4607183635234833,0.23638875782489777,-0.396940141916275
51,pose,11,-1,0.5610398650169373,0.3651817739009857,-0.1750570684671402
51,pose,12,-1,0.40232565999031067,0.3762635886669159,-0.18345743417739868
51,pose,13,-1,0.5771500468254089,0.5849174857139587,-0.13189874589443207
51,pose,14,-1,0.3863070607185364,0.5929116606712341,-0.1545000821352005
51,pose,15,-1,0.5703938603401184,0.7812983989715576,-0.3395988345146179
51,pose,16,-1,0.40539154410362244,0.7952060103416443,-0.31747326254844666
51,pose,17,-1,0.5723315477371216,0.8373215794563293,-0.40694892406463623
51,pose,18,-1,0.40655553340911865,0.8557376861572266,-0.37332507967948914
51,pose,19,-1,0.5622431039810181,0.8343432545661926,-0.44593217968940735
51,pose,20,-1,0.42115145921707153,0.8529068827629089,-0.4161035418510437
51,pose,21,-1,0.5587384104728699,0.8175686001777649,-0.3595987856388092
51,pose,22,-1,0.4241960644721985,0.8319406509399414,-0.3370302617549896
51,pose,23,-1,0.5280765295028687,0.7666888236999512,0.0030379281379282475
51,pose,24,-1,0.4414452016353607,0.7766772508621216,-0.002580312779173255
51,pose,25,-1,0.5229211449623108,0.9932090640068054,0.04466451331973076
51,pose,26,-1,0.460433691740036,1.0053741931915283,0.05664141848683357
51,pose,27,-1,0.5400829911231995,1.2817078828811646,0.4416126608848572
51,pose,28,-1,0.461946040391922,1.2835737466812134,0.3686835467815399
51,pose,29,-1,0.541408121585846,1.312483310699463,0.4735330641269684
51,pose,30,-1,0.4629114270210266,1.3152050971984863,0.3951236605644226
51,pose,31,-1,0.5371440649032593,1.3667761087417603,0.31208452582359314
51,pose,32,-1,0.47835269570350647,1.366916537284851,0.20529665052890778
52,hand,0,0,0.5661389231681824,0.8047849535942078,6.767544302732631e-09
52,hand,1,0,0.5523920655250549,0.8210208415985107,-0.008433250710368156
52,hand,2,0,0.5446465015411377,0.8458752036094666,-0.011926045641303062
52,hand,3,0,0.5389876961708069,0.8696621656417847,-0.013660356402397156
52,hand,4,0,0.5337468385696411,0.8874844908714294,-0.013802566565573215
52,hand,5,0,0.5670102834701538,0.8731456398963928,-0.006620134226977825
52,hand,6,0,0.5524137616157532,0.8931849002838135,-0.00882413424551487
52,hand,7,0,0.5465842485427856,0.8792397379875183,-0.010116457007825375
52,hand,8,0,0.547920823097229,0.8646466135978699,-0.010480684228241444
52,hand,9,0,0.5737544298171997,0.8714158535003662,-0.002629263326525688
52,hand,10,0,0.5575041770935059,0.8895108103752136,-0.00420918595045805
52,hand,11,0,0.5507920980453491,0.8773514032363892,-0.005008070729672909
52,hand,12,0,0.5518456101417542,0.8648769855499268,-0.00548155652359128
52,hand,13,0,0.5761159062385559,0.8662170767784119,0.0008771325228735805
52,hand,14,0,0.5610988736152649,0.8854073286056519,-0.0005863673286512494
52,hand,15,0,0.5550798773765564,0.8757734298706055,0.00032129217288456857
52,hand,16,0,0.5555452704429626,0.864342451095581,0.0011764013906940818
52,hand,17,0,0.5763849020004272,0.8600350618362427,0.0037751083727926016
52,hand,18,0,0.5644860863685608,0.8785656094551086,0.002632047515362501
52,hand,19,0,0.5597612261772156,0.8719832897186279,0.0037574507296085358
52,hand,20,0,0.5598419904708862,0.8624886870384216,0.005076161585748196
52,hand,0,1,0.4030928909778595,0.8058431148529053,-1.0275437745121963e-07
52,hand,1,1,0.41896891593933105,0.8191644549369812,-0.00945734791457653
52,hand,2,1,0.42992502450942993,0.8420805931091309,-0.012752264738082886
52,hand,3,1,0.4375400245189667,0.8651641011238098,-0.013735604472458363
52,hand,4,1,0.4426625669002533,0.8825777173042297,-0.01343525480479002
52,hand,5,1,0.41302064061164856,0.8740482330322266,-0.008814103901386261
52,hand,6,1,0.42625123262405396,0.9004826545715332,-0.009115445427596569
52,hand,7,1,0.4357146620750427,0.8975359797477722,-0.00819456111639738
52,hand,8,1,0.4413328468799591,0.8886370062828064,-0.0071707735769450665
52,hand,9,1,0.40528982877731323,0.8760575652122498,-0.002973237307742238
52,hand,10,1,0.42259395122528076,0.8887888789176941,-0.003288203850388527
52,hand,11,1,0.42897558212280273,0.878827691078186,-0.003383344504982233
52,hand,12,1,0.4307692050933838,0.8687254786491394,-0.0036441071424633265
52,hand,13,1,0.40157896280288696,0.8732075691223145,0.0026467812713235617
52,hand,14,1,0.4184182584285736,0.8821827173233032,0.0021353859920054674
52,hand,15,1,0.4233444035053253,0.8740249276161194,0.0019035274162888527
52,hand,16,1,0.4251521825790405,0.8638010025024414,0.00158912583719939
52,hand,17,1,0.4002271890640259,0.8694331049919128,0.007763462606817484
52,hand,18,1,0.41332507133483887,0.8775014281272888,0.0065855528227984905
52,hand,19,1,0.418429970741272,0.8719697594642639,0.006243966985493898
52,hand,20,1,0.42095595598220825,0.8642212152481079,0.006522574461996555
52,pose,0,-1,0.4723690152168274,0.20228321850299835,-0.44821345806121826
52,pose,1,-1,0.4832795560359955,0.1772746741771698,-0.42552632093429565
52,pose,2,-1,0.48905423283576965,0.17752622067928314,-0.42565175890922546
52,pose,3,-1,0.4956144690513611,0.1780172735452652,-0.4256722629070282
52,pose,4,-1,0.46359768509864807,0.17831020057201385,-0.4250362813472748
52,pose,5,-1,0.45693662762641907,0.17946359515190125,-0.4251195192337036
52,pose,6,-1,0.4516250789165497,0.1808147132396698,-0.4253045916557312
52,pose,7,-1,0.5062909126281738,0.19312012195587158,-0.27277320623397827
52,pose,8,-1,0.44529229402542114,0.19783605635166168,-0.27016133069992065
52,pose,9,-1,0.48612305521965027,0.23290276527404785,-0.3908270299434662
52,pose,10,-1,0.461880624294281,0.23622480034828186,-0.3899078667163849
52,pose,11,-1,0.5620489120483398,0.3652268052101135,-0.17484734952449799
52,pose,12,-1,0.4034798741340637,0.3754538297653198,-0.18217481672763824
52,pose,13,-1,0.5759161710739136,0.5879424214363098,-0.13460151851177216
52,pose,14,-1,0.3873871862888336,0.5928820371627808,-0.1583406776189804
52,pose,15,-1,0.5697706341743469,0.7958891987800598,-0.3359030783176422
52,pose,16,-1,0.40557998418807983,0.7950510382652283,-0.3182518184185028
52,pose,17,-1,0.571883499622345,0.849817156791687,-0.4019450843334198
52,pose,18,-1,0.4068599343299866,0.8556819558143616,-0.3726434111595154
52,pose,19,-1,0.5617910027503967,0.8486795425415039,-0.4412544071674347
52,pose,20,-1,0.42155441641807556,0.8528935313224792,-0.41482827067375183
52,pose,21,-1,0.5583487749099731,0.8309226632118225,-0.3556574583053589
52,pose,22,-1,0.42459815740585327,0.8319189548492432,-0.3373827636241913
52,pose,23,-1,0.528789222240448,0.7681922316551208,0.003091143211349845
52,pose,24,-1,0.4420032501220703,0.7768799662590027,-0.0026412627194076777
52,pose,25,-1,0.5232031941413879,0.992779552936554,0.037693362683057785
52,pose,26,-1,0.4611162841320038,1.004262089729309,0.05641527473926544
52,pose,27,-1,0.5405164957046509,1.2813339233398438,0.42146599292755127
52,pose,28,-1,0.462459534406662,1.282603144645691,0.3603297173976898
52,pose,29,-1,0.5419174432754517,1.3119957447052002,0.4521499276161194
52,pose,30,-1,0.46391305327415466,1.3143914937973022,0.38608238101005554
52,pose,31,-1,0.5371461510658264,1.3665934801101685,0.29326409101486206
52,pose,32,-1,0.478315144777298,1.3651046752929688,0.2007504254579544
53,hand,0,0,0.5677523612976074,0.8101382255554199,2.6278830222992156e-09
53,hand,1,0,0.5544935464859009,0.8276167511940002,-0.00788833573460579
53,hand,2,0,0.5466643571853638,0.854587972164154,-0.010331557132303715
53,hand,3,0,0.5416121482849121,0.8775798082351685,-0.010937114246189594
53,hand,4,0,0.5364125967025757,0.8939995765686035,-0.010060293599963188
53,hand,5,0,0.569932222366333,0.8786061406135559,-0.005144888535141945
53,hand,6,0,0.5549192428588867,0.8973771929740906,-0.005971616134047508
53,hand,7,0,0.5493963956832886,0.8834442496299744,-0.0065891253761947155
53,hand,8,0,0.5512595772743225,0.8700767159461975,-0.006792614236474037
53,hand,9,0,0.5763923525810242,0.875382661819458,-0.0010195999639108777
53,hand,10,0,0.5598615407943726,0.892859935760498,-0.001570123597048223
53,hand,11,0,0.5536256432533264,0.8805401921272278,-0.002216103719547391
53,hand,12,0,0.5554157495498657,0.8687248826026917,-0.002770085586234927
53,hand,13,0,0.5782408118247986,0.8695876598358154,0.0026950796600431204
53,hand,14,0,0.5631818771362305,0.8881356716156006,0.0018824759172275662
53,hand,15,0,0.5574471354484558,0.8782538771629333,0.002489368664100766
53,hand,16,0,0.5586299300193787,0.8674670457839966,0.002950162859633565
53,hand,17,0,0.5782210230827332,0.8631084561347961,0.005892191547900438
53,hand,18,0,0.5661442875862122,0.8808514475822449,0.005037073511630297
53,hand,19,0,0.561826765537262,0.8736321330070496,0.005903111305087805
53,hand,20,0,0.5627096891403198,0.8645779490470886,0.006900514476001263
53,hand,0,1,0.40413451194763184,0.8069491386413574,-1.1012116374331526e-07
53,hand,1,1,0.4203166663646698,0.8191849589347839,-0.008500059135258198
53,hand,2,1,0.43180757761001587,0.8429729342460632,-0.011539327912032604
53,hand,3,1,0.4392465054988861,0.86702561378479,-0.012352436780929565
53,hand,4,1,0.4441292881965637,0.8844469785690308,-0.01194041408598423
53,hand,5,1,0.41477322578430176,0.8745160698890686,-0.009479322470724583
53,hand,6,1,0.4273209869861603,0.9017962217330933,-0.009464801289141178
53,hand,7,1,0.43634721636772156,0.898627519607544,-0.00784462783485651
53,hand,8,1,0.44170862436294556,0.8894592523574829,-0.006440173368901014
53,hand,9,1,0.4062916338443756,0.8768506646156311,-0.004067285917699337
53,hand,10,1,0.4231022894382477,0.8892071843147278,-0.003857898758724332
53,hand,11,1,0.4288245141506195,0.878070056438446,-0.0030893434304744005
53,hand,12,1,0.4296899437904358,0.8675901293754578,-0.0030509973876178265
53,hand,13,1,0.4018954932689667,0.8739843368530273,0.0013044440420344472
53,hand,14,1,0.4181597828865051,0.8828126192092896,0.0012963945046067238
53,hand,15,1,0.4225851893424988,0.8736017942428589,0.0017769327387213707
53,hand,16,1,0.42376047372817993,0.8626464009284973,0.0015996996080502868
53,hand,17,1,0.39981043338775635,0.8696815371513367,0.006256342865526676
53,hand,18,1,0.4124276638031006,0.8775845170021057,0.005464513786137104
53,hand,19,1,0.41697579622268677,0.8711307048797607,0.005522297229617834
53,hand,20,1,0.4187503457069397,0.8626817464828491,0.005853305570781231
53,pose,0,-1,0.4735005497932434,0.20264680683612823,-0.47891998291015625
53,pose,1,-1,0.4847170114517212,0.17730973660945892,-0.45703738927841187
53,pose,2,-1,0.4904737174510956,0.1775810867547989,-0.45714330673217773
53,pose,3,-1,0.49698391556739807,0.17805756628513336,-0.45719778537750244
53,pose,4,-1,0.464884489774704,0.17830698192119598,-0.45750218629837036
53,pose,5,-1,0.45828336477279663,0.1794019192457199,-0.45759761333465576
53,pose,6,-1,0.4529234766960144,0.18077024817466736,-0.4577908217906952
53,pose,7,-1,0.5077770948410034,0.1930433064699173,-0.3020860552787781
53,pose,8,-1,0.4466378390789032,0.19766147434711456,-0.3045724630355835
53,pose,9,-1,0.4872879385948181,0.23326022922992706,-0.41988426446914673
53,pose,10,-1,0.46310657262802124,0.23651592433452606,-0.4204035997390747
53,pose,11,-1,0.5629736185073853,0.3653349280357361,-0.19698433578014374
53,pose,12,-1,0.404567152261734,0.3750971257686615,-0.21336966753005981
53,pose,13,-1,0.575659453868866,0.5905576348304749,-0.1426660716533661
53,pose,14,-1,0.38817793130874634,0.5928933620452881,-0.19257527589797974
53,pose,15,-1,0.5699102878570557,0.800385594367981,-0.33424293994903564
53,pose,16,-1,0.4062061011791229,0.7950634956359863,-0.348893940448761
53,pose,17,-1,0.5731524229049683,0.8566495776176453,-0.3985326886177063
53,pose,18,-1,0.4081939458847046,0.8560115098953247,-0.40362808108329773
53,pose,19,-1,0.5623215436935425,0.8554477095603943,-0.4381527304649353
53,pose,20,-1,0.42313531041145325,0.8529621958732605,-0.4452122747898102
53,pose,21,-1,0.5588122010231018,0.8362444043159485,-0.3536278009414673
53,pose,22,-1,0.4257715940475464,0.8319453597068787,-0.36770519614219666
53,pose,23,-1,0.5292561054229736,0.7700004577636719,0.003275176277384162
53,pose,24,-1,0.44263365864753723,0.7768991589546204,-0.0028811278752982616
53,pose,25,-1,0.5231427550315857,0.9928337931632996,0.05042942613363266
53,pose,26,-1,0.4632776379585266,1.0028959512710571,0.06284450739622116
53,pose,27,-1,0.5404971837997437,1.2756614685058594,0.45504993200302124
53,pose,28,-1,0.4624788463115692,1.2781636714935303,0.3817138373851776
53,pose,29,-1,0.5418184399604797,1.3049236536026,0.4882507622241974
53,pose,30,-1,0.4642193019390106,1.309108018875122,0.4095051884651184
53,pose,31,-1,0.5370792150497437,1.3632071018218994,0.3316088914871216
53,pose,32,-1,0.4771566689014435,1.361424446105957,0.2249705195426941
54,hand,0,0,0.5685923099517822,0.8128160238265991,3.444044383016376e-09
54,hand,1,0,0.5548054575920105,0.8307068943977356,-0.007458101492375135
54,hand,2,0,0.5476697683334351,0.8578155040740967,-0.010175625793635845
54,hand,3,0,0.543342649936676,0.8819351196289062,-0.011272352188825607
54,hand,4,0,0.5387870669364929,0.8990988731384277,-0.011060456745326519
54,hand,5,0,0.5710241198539734,0.8820452690124512,-0.004818622022867203
54,hand,6,0,0.5570148825645447,0.9002377986907959,-0.006194801069796085
54,hand,7,0,0.5517365336418152,0.886198103427887,-0.007625721860677004
54,hand,8,0,0.5531206727027893,0.872855544090271,-0.00839839968830347
54,hand,9,0,0.5787187814712524,0.8770359754562378,-0.0011384565150365233
54,hand,10,0,0.5630964040756226,0.894026517868042,-0.001857376890257001
54,hand,11,0,0.5569590926170349,0.8822804093360901,-0.0027923518791794777
54,hand,12,0,0.5582965612411499,0.8707705140113831,-0.0036233291029930115
54,hand,13,0,0.5816733241081238,0.869161069393158,0.002120926044881344
54,hand,14,0,0.5675379037857056,0.8878299593925476,0.0013737757690250874
54,hand,15,0,0.5617333054542542,0.8784575462341309,0.0021695056930184364
54,hand,16,0,0.5624087452888489,0.8679401278495789,0.002667070832103491
54,hand,17,0,0.5822480320930481,0.8611212968826294,0.004858018364757299
54,hand,18,0,0.57112056016922,0.8793323040008545,0.004179529845714569
54,hand,19,0,0.5668724775314331,0.8724220395088196,0.005348351784050465
54,hand,20,0,0.5674839019775391,0.8634331226348877,0.006494458764791489
54,hand,0,1,0.40482065081596375,0.8075324296951294,-9.642189269243318e-08
54,hand,1,1,0.4213758409023285,0.8191251754760742,-0.009799816645681858
54,hand,2,1,0.4323543608188629,0.8426674604415894,-0.01316489651799202
54,hand,3,1,0.4398314952850342,0.8668049573898315,-0.013974495232105255
54,hand,4,1,0.4454549551010132,0.8850501179695129,-0.013496087864041328
54,hand,5,1,0.41605791449546814,0.8753763437271118,-0.009960586205124855
54,hand,6,1,0.4287134110927582,0.9024560451507568,-0.00912965927273035
54,hand,7,1,0.4377659261226654,0.8993366360664368,-0.0069121564738452435
54,hand,8,1,0.44298750162124634,0.8902319073677063,-0.005142690148204565
54,hand,9,1,0.40749695897102356,0.8773698806762695,-0.003637876594439149
54,hand,10,1,0.42379599809646606,0.8913875222206116,-0.002675262512639165
54,hand,11,1,0.43040716648101807,0.8811207413673401,-0.0016960367793217301
54,hand,12,1,0.4319707453250885,0.870789110660553,-0.0015416272217407823
54,hand,13,1,0.4030105769634247,0.8742191791534424,0.002580618252977729
54,hand,14,1,0.41860470175743103,0.8851792216300964,0.0028190310113132
54,hand,15,1,0.4237515330314636,0.8764756917953491,0.0029497332870960236
54,hand,16,1,0.4253859519958496,0.8657758831977844,0.0025720265693962574
54,hand,17,1,0.400829941034317,0.8702220916748047,0.008344719186425209
54,hand,18,1,0.4133010804653168,0.8797229528427124,0.007600291632115841
54,hand,19,1,0.41835352778434753,0.8734100461006165,0.007411604281514883
54,hand,20,1,0.42034095525741577,0.8648694753646851,0.007548474706709385
54,pose,0,-1,0.4751172363758087,0.20292851328849792,-0.48802557587623596
54,pose,1,-1,0.48650023341178894,0.17745691537857056,-0.4659276604652405
54,pose,2,-1,0.4922906458377838,0.17774322628974915,-0.4660252332687378
54,pose,3,-1,0.498776376247406,0.1782241016626358,-0.4660739600658417
54,pose,4,-1,0.46651703119277954,0.17836347222328186,-0.4667498767375946
54,pose,5,-1,0.45984941720962524,0.17940692603588104,-0.4668537378311157
54,pose,6,-1,0.45448145270347595,0.18075016140937805,-0.46705055236816406
54,pose,7,-1,0.509221613407135,0.19316798448562622,-0.3101372718811035
54,pose,8,-1,0.4480830430984497,0.1975903958082199,-0.31456315517425537
54,pose,9,-1,0.4887712895870209,0.23342905938625336,-0.42882412672042847
54,pose,10,-1,0.46433955430984497,0.23671413958072662,-0.42986276745796204
54,pose,11,-1,0.5634347200393677,0.36611661314964294,-0.20429828763008118
54,pose,12,-1,0.4052991569042206,0.37509915232658386,-0.2228032648563385
54,pose,13,-1,0.5757396817207336,0.5930195450782776,-0.14726372063159943
54,pose,14,-1,0.3889407217502594,0.5929065942764282,-0.19916799664497375
54,pose,15,-1,0.5705261826515198,0.801280677318573,-0.33030328154563904
54,pose,16,-1,0.40671980381011963,0.795020580291748,-0.35088449716567993
54,pose,17,-1,0.5744665861129761,0.858728289604187,-0.39296531677246094
54,pose,18,-1,0.40871745347976685,0.8560408353805542,-0.40460819005966187
54,pose,19,-1,0.5635960698127747,0.8581447005271912,-0.4322413206100464
54,pose,20,-1,0.42395442724227905,0.8529543280601501,-0.44590693712234497
54,pose,21,-1,0.5600304007530212,0.8388679623603821,-0.34924450516700745
54,pose,22,-1,0.4264788329601288,0.8319282531738281,-0.36941689252853394
54,pose,23,-1,0.5296075940132141,0.7725430727005005,0.003304063808172941
54,pose,24,-1,0.4430690109729767,0.7771829962730408,-0.002903588116168976
54,pose,25,-1,0.5228363871574402,0.9919664263725281,0.06654837727546692
54,pose,26,-1,0.4639022648334503,1.0024298429489136,0.07785461843013763
54,pose,27,-1,0.5397975444793701,1.2719911336898804,0.470703661441803
54,pose,28,-1,0.4623469114303589,1.2740764617919922,0.4040643572807312
54,pose,29,-1,0.5404865145683289,1.3004729747772217,0.504092276096344
54,pose,30,-1,0.46415960788726807,1.3039753437042236,0.4330258369445801
54,pose,31,-1,0.53675377368927,1.359846830368042,0.3495313823223114
54,pose,32,-1,0.47614046931266785,1.3579152822494507,0.25095152854919434
55,hand,0,0,0.5695457458496094,0.8140611052513123,4.968379041514481e-09
55,hand,1,0,0.5555945634841919,0.8326990604400635,-0.007002952042967081
55,hand,2,0,0.548466682434082,0.8588965535163879,-0.010005000978708267
55,hand,3,0,0.5448993444442749,0.8830909132957458,-0.01149335689842701
55,hand,4,0,0.5404945611953735,0.9012497067451477,-0.011787276715040207
55,hand,5,0,0.5717563629150391,0.8832029700279236,-0.00469227135181427
55,hand,6,0,0.558784544467926,0.9012455344200134,-0.006199559662491083
55,hand,7,0,0.5536370873451233,0.8878538012504578,-0.007934496738016605
55,hand,8,0,0.5549173951148987,0.8748789429664612,-0.008938665501773357
55,hand,9,0,0.5800069570541382,0.8781480193138123,-0.00127399992197752
55,hand,10,0,0.5653738379478455,0.8945696353912354,-0.0015410585328936577
55,hand,11,0,0.5593024492263794,0.8836588859558105,-0.002383560873568058
55,hand,12,0,0.5604036450386047,0.8729355335235596,-0.0033225484658032656
55,hand,13,0,0.583636462688446,0.8698685765266418,0.0017890108283609152
55,hand,14,0,0.570581316947937,0.8870853185653687,0.0015679752686992288
55,hand,15,0,0.5648316144943237,0.8784599900245667,0.002520115114748478
55,hand,16,0,0.5651418566703796,0.8683125972747803,0.002946015214547515
55,hand,17,0,0.584906280040741,0.8612496852874756,0.004334434401243925
55,hand,18,0,0.5748381018638611,0.8779549598693848,0.004164159297943115
55,hand,19,0,0.5703418254852295,0.8718104362487793,0.005604336503893137
55,hand,20,0,0.570436954498291,0.8632377982139587,0.00687759555876255
55,hand,0,1,0.40604668855667114,0.8076131939888,-1.042251724925336e-07
55,hand,1,1,0.42217186093330383,0.8197888731956482,-0.008673107251524925
55,hand,2,1,0.43324798345565796,0.8428711891174316,-0.011788669973611832
55,hand,3,1,0.4408200681209564,0.8659984469413757,-0.012734605930745602
55,hand,4,1,0.44544798135757446,0.8839402794837952,-0.012466082349419594
55,hand,5,1,0.4173731505870819,0.8756535649299622,-0.008383922278881073
55,hand,6,1,0.4296689033508301,0.9020194411277771,-0.008291058242321014
55,hand,7,1,0.4389551281929016,0.8994506001472473,-0.006966725457459688
55,hand,8,1,0.4447440207004547,0.8908812403678894,-0.005689104553312063
55,hand,9,1,0.4089176058769226,0.8777971267700195,-0.0028883768245577812
55,hand,10,1,0.42510494589805603,0.8908557891845703,-0.0024280580691993237
55,hand,11,1,0.4320688843727112,0.8811803460121155,-0.001993343001231551
55,hand,12,1,0.4342215061187744,0.871383011341095,-0.0020903286058455706
55,hand,13,1,0.40428823232650757,0.8747559189796448,0.0024598848540335894
55,hand,14,1,0.41998887062072754,0.8838967680931091,0.00264432979747653
55,hand,15,1,0.425441712141037,0.875732958316803,0.002756185596808791
55,hand,16,1,0.42745840549468994,0.8656625747680664,0.0024307509884238243
55,hand,17,1,0.4020165503025055,0.870334267616272,0.007366954814642668
55,hand,18,1,0.4142971336841583,0.8783875703811646,0.0069434866309165955
55,hand,19,1,0.41949453949928284,0.8728632926940918,0.006994577124714851
55,hand,20,1,0.42181456089019775,0.864719808101654,0.007324962876737118
55,pose,0,-1,0.4764712154865265,0.20301245152950287,-0.4983688294887543
55,pose,1,-1,0.4880453646183014,0.17756906151771545,-0.4763699769973755
55,pose,2,-1,0.49394261837005615,0.17783795297145844,-0.47646060585975647
55,pose,3,-1,0.5003695487976074,0.178285151720047,-0.4765101671218872
55,pose,4,-1,0.4679149091243744,0.17847760021686554,-0.4773922860622406
55,pose,5,-1,0.46123000979423523,0.17950721085071564,-0.477507621049881
55,pose,6,-1,0.4558582603931427,0.18084202706813812,-0.47769686579704285
55,pose,7,-1,0.5106459259986877,0.19333034753799438,-0.3197198510169983
55,pose,8,-1,0.449336975812912,0.19764302670955658,-0.32533401250839233
55,pose,9,-1,0.4900607466697693,0.2338901311159134,-0.4387490153312683
55,pose,10,-1,0.46534866094589233,0.2367701679468155,-0.44012442231178284
55,pose,11,-1,0.5641348361968994,0.3662813603878021,-0.21066981554031372
55,pose,12,-1,0.40595948696136475,0.37507331371307373,-0.23102876543998718
55,pose,13,-1,0.57649827003479,0.5940452218055725,-0.15166515111923218
55,pose,14,-1,0.3896876871585846,0.593121349811554,-0.2059670239686966
55,pose,15,-1,0.5706117749214172,0.8002634048461914,-0.3316979706287384
55,pose,16,-1,0.4075123071670532,0.7953143119812012,-0.35940468311309814
55,pose,17,-1,0.5751840472221375,0.8581152558326721,-0.39426976442337036
55,pose,18,-1,0.40942755341529846,0.8566269278526306,-0.413089394569397
55,pose,19,-1,0.5641087293624878,0.8570767641067505,-0.4335327446460724
55,pose,20,-1,0.4250991940498352,0.853512167930603,-0.45433515310287476
55,pose,21,-1,0.5602981448173523,0.8369851112365723,-0.3504082262516022
55,pose,22,-1,0.4274194538593292,0.8324066400527954,-0.377704918384552
55,pose,23,-1,0.5302632451057434,0.7736012935638428,0.0037854125257581472
55,pose,24,-1,0.4438308775424957,0.7775986790657043,-0.003443895373493433
55,pose,25,-1,0.5228102803230286,0.9920543432235718,0.06724893301725388
55,pose,26,-1,0.4647040367126465,1.0026311874389648,0.0721249133348465
55,pose,27,-1,0.5402129888534546,1.272907018661499,0.47095122933387756
55,pose,28,-1,0.4628986120223999,1.2748700380325317,0.38965779542922974
55,pose,29,-1,0.5407869219779968,1.301714539527893,0.5042102336883545
55,pose,30,-1,0.4649371802806854,1.3050146102905273,0.4174838662147522
55,pose,31,-1,0.5373449921607971,1.3605272769927979,0.3507569134235382
55,pose,32,-1,0.47616416215896606,1.358224630355835,0.23495055735111237
56,hand,0,0,0.5701291561126709,0.8138784170150757,1.596310084117647e-09
56,hand,1,0,0.5561296939849854,0.8333207368850708,-0.006671394221484661
56,hand,2,0,0.5493142604827881,0.8593159317970276,-0.009632145054638386
56,hand,3,0,0.5458331108093262,0.8837552666664124,-0.011144266463816166
56,hand,4,0,0.5409668684005737,0.9011566638946533,-0.011511466465890408
56,hand,5,0,0.5723528265953064,0.8821831345558167,-0.004852830432355404
56,hand,6,0,0.5590218901634216,0.9015193581581116,-0.00673579191789031
56,hand,7,0,0.5539952516555786,0.8879106640815735,-0.008613322861492634
56,hand,8,0,0.5550379753112793,0.8749763369560242,-0.009709464386105537
56,hand,9,0,0.5807415246963501,0.8776066303253174,-0.001703813555650413
56,hand,10,0,0.5657767653465271,0.8944391012191772,-0.002240304835140705
56,hand,11,0,0.5598220229148865,0.8832299709320068,-0.0029854450840502977
56,hand,12,0,0.5606685876846313,0.8729251623153687,-0.0038420180790126324
56,hand,13,0,0.5843844413757324,0.8697038888931274,0.0010723693994805217
56,hand,14,0,0.5710339546203613,0.8868016600608826,0.0005724332295358181
56,hand,15,0,0.5656001567840576,0.8779892325401306,0.0014201666926965117
56,hand,16,0,0.5658585429191589,0.8681671619415283,0.0017720427131280303
56,hand,17,0,0.585530161857605,0.8614961504936218,0.0033620933536440134
56,hand,18,0,0.5754122734069824,0.8773880004882812,0.002885064110159874
56,hand,19,0,0.570766806602478,0.8706556558609009,0.004133055917918682
56,hand,20,0,0.5704062581062317,0.8620814085006714,0.005272991489619017
56,hand,0,1,0.4065454602241516,0.8074558973312378,-9.740175244132843e-08
56,hand,1,1,0.4232853353023529,0.8185303211212158,-0.009066972881555557
56,hand,2,1,0.43451058864593506,0.8415364623069763,-0.012280144728720188
56,hand,3,1,0.4421282410621643,0.866217315196991,-0.01297401450574398
56,hand,4,1,0.44747987389564514,0.8845847249031067,-0.012363691814243793
56,hand,5,1,0.4186430871486664,0.8742243051528931,-0.009996114298701286
56,hand,6,1,0.43134254217147827,0.9020312428474426,-0.008642995730042458
56,hand,7,1,0.44026613235473633,0.8994613885879517,-0.005780968815088272
56,hand,8,1,0.44562458992004395,0.8909066915512085,-0.0035962148103863
56,hand,9,1,0.4099777340888977,0.8772428035736084,-0.003770970506593585
56,hand,10,1,0.42637088894844055,0.8916236162185669,-0.002336045727133751
56,hand,11,1,0.4327411651611328,0.8811730742454529,-0.0008323478978127241
56,hand,12,1,0.4340893626213074,0.8705997467041016,-0.0004108884313609451
56,hand,13,1,0.40526071190834045,0.8746117949485779,0.002503480762243271
56,hand,14,1,0.4211163818836212,0.8854243755340576,0.003372152103111148
56,hand,15,1,0.42610225081443787,0.8767163753509521,0.0037880258169025183
56,hand,16,1,0.42750418186187744,0.865763783454895,0.003439516993239522
56,hand,17,1,0.4028410017490387,0.8708735108375549,0.008389794267714024
56,hand,18,1,0.41509386897087097,0.8802555203437805,0.008268614299595356
56,hand,19,1,0.42024314403533936,0.8742426037788391,0.008154592476785183
56,hand,20,1,0.42227935791015625,0.8657416105270386,0.00817576702684164
56,pose,0,-1,0.47908300161361694,0.20315437018871307,-0.5059494376182556
56,pose,1,-1,0.490055650472641,0.17763200402259827,-0.4842107594013214
56,pose,2,-1,0.49603471159935,0.17794176936149597,-0.48430144786834717
56,pose,3,-1,0.5024270415306091,0.17844274640083313,-0.48434141278266907
56,pose,4,-1,0.47014087438583374,0.17855967581272125,-0.48638468980789185
56,pose,5,-1,0.46324869990348816,0.17958320677280426,-0.48648887872695923
56,pose,6,-1,0.4578038156032562,0.18090961873531342,-0.4866718649864197
56,pose,7,-1,0.5121996402740479,0.1935356855392456,-0.32602745294570923
56,pose,8,-1,0.45058780908584595,0.19767867028713226,-0.3370227515697479
56,pose,9,-1,0.49232017993927,0.23432783782482147,-0.4453480541706085
56,pose,10,-1,0.46729910373687744,0.23686183989048004,-0.44826963543891907
56,pose,11,-1,0.564761221408844,0.36630064249038696,-0.21235507726669312
56,pose,12,-1,0.40684816241264343,0.37485620379447937,-0.2406662404537201
56,pose,13,-1,0.5771621465682983,0.5941247344017029,-0.15190386772155762
56,pose,14,-1,0.39024293422698975,0.5928593873977661,-0.21440544724464417
56,pose,15,-1,0.5711124539375305,0.7973917126655579,-0.3287965953350067
56,pose,16,-1,0.4082663655281067,0.7953073978424072,-0.3649985194206238
56,pose,17,-1,0.5766299962997437,0.8553618788719177,-0.39002326130867004
56,pose,18,-1,0.4101114869117737,0.8566976189613342,-0.4179825186729431
56,pose,19,-1,0.5654188990592957,0.8549267649650574,-0.430893212556839
56,pose,20,-1,0.42552897334098816,0.8535804748535156,-0.4598258435726166
56,pose,21,-1,0.5611328482627869,0.8348988890647888,-0.348082035779953
56,pose,22,-1,0.4277244806289673,0.8324355483055115,-0.3833876848220825
56,pose,23,-1,0.5310688018798828,0.7736386656761169,0.005337298847734928
56,pose,24,-1,0.44470492005348206,0.7775905132293701,-0.005066961981356144
56,pose,25,-1,0.5228480100631714,0.9921090602874756,0.07046361267566681
56,pose,26,-1,0.46546807885169983,1.0027775764465332,0.06620767712593079
56,pose,27,-1,0.540485143661499,1.2735587358474731,0.45998385548591614
56,pose,28,-1,0.4632696807384491,1.275046467781067,0.3796684145927429
56,pose,29,-1,0.5409234762191772,1.302549958229065,0.49143466353416443
56,pose,30,-1,0.46558865904808044,1.3053278923034668,0.40744102001190186
56,pose,31,-1,0.5376733541488647,1.3610185384750366,0.33622586727142334
56,pose,32,-1,0.4760294258594513,1.359222173690796,0.23071424663066864
57,hand,0,0,0.5698082447052002,0.8135465979576111,5.138858227837773e-10
57,hand,1,0,0.5559212565422058,0.8327365517616272,-0.007018571719527245
57,hand,2,0,0.5490036010742188,0.8587641716003418,-0.009861098602414131
57,hand,3,0,0.545089840888977,0.8840183019638062,-0.011081364937126637
57,hand,4,0,0.5405881404876709,0.901944100856781,-0.011135517619550228
57,hand,5,0,0.5721756815910339,0.8826248049736023,-0.004795355256646872
57,hand,6,0,0.5580828785896301,0.9008016586303711,-0.006052340380847454
57,hand,7,0,0.5529464483261108,0.8873526453971863,-0.007518810220062733
57,hand,8,0,0.5545216798782349,0.8752305507659912,-0.008433870039880276
57,hand,9,0,0.5802898406982422,0.8778907656669617,-0.00124819774646312
57,hand,10,0,0.5650306940078735,0.8944117426872253,-0.001303136465139687
57,hand,11,0,0.5588705539703369,0.8833102583885193,-0.001863632700406015
57,hand,12,0,0.560048520565033,0.8733075261116028,-0.002677105600014329
57,hand,13,0,0.583855926990509,0.8698088526725769,0.0019432659028097987
57,hand,14,0,0.57048499584198,0.8869695067405701,0.0017188922502100468
57,hand,15,0,0.5647568106651306,0.8784282803535461,0.0024514375254511833
57,hand,16,0,0.5651757717132568,0.8686195015907288,0.002662237733602524
57,hand,17,0,0.5850878953933716,0.8616023659706116,0.004652151372283697
57,hand,18,0,0.5748732089996338,0.8773822784423828,0.004295083228498697
57,hand,19,0,0.570213258266449,0.8708152174949646,0.005435807164758444
57,hand,20,0,0.5700731873512268,0.8622118234634399,0.006469125859439373
57,hand,0,1,0.4079982042312622,0.8076913356781006,-1.0204540501490555e-07
57,hand,1,1,0.4247742295265198,0.8196855783462524,-0.00848169345408678
57,hand,2,1,0.43576541543006897,0.8434531092643738,-0.011293785646557808
57,hand,3,1,0.4432816207408905,0.8676504492759705,-0.01170390471816063
57,hand,4,1,0.4489540755748749,0.8852942585945129,-0.01083968672901392
57,hand,5,1,0.41971057653427124,0.8748429417610168,-0.00936113391071558
57,hand,6,1,0.432228147983551,0.902574360370636,-0.008049801923334599
57,hand,7,1,0.44107937812805176,0.8994389176368713,-0.00518065458163619
57,hand,8,1,0.4463798701763153,0.8901601433753967,-0.0029390573035925627
57,hand,9,1,0.4110230505466461,0.8774195313453674,-0.0034249399323016405
57,hand,10,1,0.42732536792755127,0.890640377998352,-0.0020117282401770353
57,hand,11,1,0.4331427812576294,0.8799121975898743,-0.0004776264831889421
57,hand,12,1,0.4340589642524719,0.869536280632019,-4.159556920058094e-05
57,hand,13,1,0.4062258303165436,0.8744696974754333,0.0025558732450008392
57,hand,14,1,0.42203161120414734,0.884306013584137,0.003334031207486987
57,hand,15,1,0.42664003372192383,0.8755148649215698,0.0037812271621078253
57,hand,16,1,0.42775478959083557,0.8646508455276489,0.003458285005763173
57,hand,17,1,0.40369683504104614,0.8706798553466797,0.00819703284651041
57,hand,18,1,0.4159364700317383,0.8796465992927551,0.007982013747096062
57,hand,19,1,0.42077121138572693,0.8731023073196411,0.00794114451855421
57,hand,20,1,0.4225078225135803,0.8643853068351746,0.008031342178583145
57,pose,0,-1,0.48046666383743286,0.20323050022125244,-0.5106181502342224
57,pose,1,-1,0.4912732243537903,0.17766469717025757,-0.48892512917518616
57,pose,2,-1,0.4972835183143616,0.17800217866897583,-0.48901286721229553
57,pose,3,-1,0.5036562085151672,0.17854410409927368,-0.4890500605106354
57,pose,4,-1,0.47142231464385986,0.17863595485687256,-0.49141475558280945
57,pose,5,-1,0.46447548270225525,0.17965111136436462,-0.4915226101875305
57,pose,6,-1,0.4590398669242859,0.1809701919555664,-0.49170610308647156
57,pose,7,-1,0.513292670249939,0.19366954267024994,-0.32950064539909363
57,pose,8,-1,0.4517004191875458,0.19770808517932892,-0.34170272946357727
57,pose,9,-1,0.49352920055389404,0.23456719517707825,-0.44940584897994995
57,pose,10,-1,0.46866336464881897,0.23697377741336823,-0.4526774287223816
57,pose,11,-1,0.5656753778457642,0.366318017244339,-0.21336466073989868
57,pose,12,-1,0.40741440653800964,0.3748242259025574,-0.24536873400211334
57,pose,13,-1,0.5778316855430603,0.593858540058136,-0.15190336108207703
57,pose,14,-1,0.39077088236808777,0.5928097367286682,-0.21820180118083954
57,pose,15,-1,0.5724529027938843,0.7963142395019531,-0.32874101400375366
57,pose,16,-1,0.4094454348087311,0.7953131198883057,-0.3687194287776947
57,pose,17,-1,0.5779234170913696,0.8547465205192566,-0.3899689018726349
57,pose,18,-1,0.4114583432674408,0.8570271730422974,-0.42200416326522827
57,pose,19,-1,0.5667521357536316,0.8548879623413086,-0.4308348298072815
57,pose,20,-1,0.4265756905078888,0.8536369204521179,-0.46317699551582336
57,pose,21,-1,0.5623194575309753,0.8349368572235107,-0.3481208086013794
57,pose,22,-1,0.4285360872745514,0.8324461579322815,-0.3867138922214508
57,pose,23,-1,0.5318517088890076,0.7736080288887024,0.006163039244711399
57,pose,24,-1,0.4454328715801239,0.777567982673645,-0.0059317126870155334
57,pose,25,-1,0.5230336785316467,0.9921985864639282,0.07373034209012985
57,pose,26,-1,0.466498464345932,1.0024583339691162,0.06534773856401443
57,pose,27,-1,0.5405699014663696,1.2739166021347046,0.4645809829235077
57,pose,28,-1,0.46338632702827454,1.275122046470642,0.3741172254085541
57,pose,29,-1,0.5409446954727173,1.3028901815414429,0.49621227383613586
57,pose,30,-1,0.46576356887817383,1.3056601285934448,0.4010098874568939
57,pose,31,-1,0.5376846790313721,1.361369013786316,0.3409086763858795
57,pose,32,-1,0.4757542908191681,1.360033392906189,0.2205882966518402
58,hand,0,0,0.5693234801292419,0.813136100769043,1.5017347365642308e-09
58,hand,1,0,0.5555744767189026,0.8311294317245483,-0.0078103262931108475
58,hand,2,0,0.54844069480896,0.8568524718284607,-0.011171422898769379
58,hand,3,0,0.5447234511375427,0.8825531601905823,-0.01275297999382019
58,hand,4,0,0.5399264693260193,0.901561439037323,-0.013021711260080338
58,hand,5,0,0.5715540647506714,0.8814687132835388,-0.005798140075057745
58,hand,6,0,0.5570603609085083,0.9006001353263855,-0.007621862459927797
58,hand,7,0,0.5517652630805969,0.8861228823661804,-0.009024068713188171
58,hand,8,0,0.5530278086662292,0.8730599284172058,-0.009721255861222744
58,hand,9,0,0.579408586025238,0.8776922225952148,-0.001963315298780799
58,hand,10,0,0.563517153263092,0.8952277302742004,-0.0028538594488054514
58,hand,11,0,0.5571473836898804,0.8830857276916504,-0.0033953534439206123
58,hand,12,0,0.5580270290374756,0.8724113702774048,-0.003924376796931028
58,hand,13,0,0.5827949643135071,0.8706242442131042,0.0014235051348805428
58,hand,14,0,0.5683646202087402,0.8882495760917664,0.00045797094935551286
58,hand,15,0,0.5626504421234131,0.8788940906524658,0.001174880308099091
58,hand,16,0,0.5629767179489136,0.8687958717346191,0.0016335208201780915
58,hand,17,0,0.5837799310684204,0.8634821772575378,0.004293689504265785
58,hand,18,0,0.5727482438087463,0.8797528147697449,0.003482978558167815
58,hand,19,0,0.5681823492050171,0.8725332617759705,0.004468259401619434
58,hand,20,0,0.5681306719779968,0.863905668258667,0.005515041295439005
58,hand,0,1,0.40838974714279175,0.8075242042541504,-1.0620041734910046e-07
58,hand,1,1,0.4255831837654114,0.8196412324905396,-0.008071430027484894
58,hand,2,1,0.4363875091075897,0.8445219993591309,-0.010497558861970901
58,hand,3,1,0.44372254610061646,0.8688824772834778,-0.010547690093517303
58,hand,4,1,0.4496760964393616,0.8858004212379456,-0.00939613115042448
58,hand,5,1,0.4205085337162018,0.875343382358551,-0.009295940399169922
58,hand,6,1,0.43259236216545105,0.9031774401664734,-0.007537227589637041
58,hand,7,1,0.44116276502609253,0.9001818299293518,-0.004317555110901594
58,hand,8,1,0.4462260901927948,0.8908832669258118,-0.0019110393477603793
58,hand,9,1,0.41144412755966187,0.8777626752853394,-0.0035154821816831827
58,hand,10,1,0.4276772737503052,0.8909523487091064,-0.0016452946001663804
58,hand,11,1,0.43357864022254944,0.8800400495529175,0.00020231437520124018
58,hand,12,1,0.43450748920440674,0.869633138179779,0.0007786560454405844
58,hand,13,1,0.4064768850803375,0.8745982646942139,0.00238823308609426
58,hand,14,1,0.4223802387714386,0.8847142457962036,0.003530605463311076
58,hand,15,1,0.42699694633483887,0.8756697177886963,0.004171887878328562
58,hand,16,1,0.4281001389026642,0.8647613525390625,0.0038857676554471254
58,hand,17,1,0.4040013253688812,0.8706205487251282,0.007979066111147404
58,hand,18,1,0.4162021577358246,0.8796905279159546,0.007986906915903091
58,hand,19,1,0.4209241271018982,0.8731510639190674,0.008050713688135147
58,hand,20,1,0.42255935072898865,0.8644900918006897,0.008149157278239727
58,pose,0,-1,0.4818737804889679,0.20330467820167542,-0.5087947249412537
58,pose,1,-1,0.4923771619796753,0.17771747708320618,-0.48722609877586365
58,pose,2,-1,0.4984017312526703,0.1780427098274231,-0.48731809854507446
58,pose,3,-1,0.5047098398208618,0.17858324944972992,-0.4873593747615814
58,pose,4,-1,0.4727197587490082,0.17869818210601807,-0.48961350321769714
58,pose,5,-1,0.46576988697052,0.1797025203704834,-0.48972389101982117
58,pose,6,-1,0.4603044390678406,0.18100950121879578,-0.48991236090660095
58,pose,7,-1,0.5141830444335938,0.19371651113033295,-0.3283957839012146
58,pose,8,-1,0.4528828561306,0.19770483672618866,-0.34002685546875
58,pose,9,-1,0.4946386516094208,0.23461173474788666,-0.44774115085601807
58,pose,10,-1,0.47011318802833557,0.23709207773208618,-0.4508395195007324
58,pose,11,-1,0.5666424632072449,0.3663090169429779,-0.21237336099147797
58,pose,12,-1,0.4081518054008484,0.37478551268577576,-0.24355162680149078
58,pose,13,-1,0.5786228179931641,0.5936452150344849,-0.15173080563545227
58,pose,14,-1,0.3916049301624298,0.5928633809089661,-0.2167990505695343
58,pose,15,-1,0.5727075934410095,0.7976418733596802,-0.32855257391929626
58,pose,16,-1,0.4110984802246094,0.7954307198524475,-0.3693475127220154
58,pose,17,-1,0.5778895616531372,0.8562136292457581,-0.39047709107398987
58,pose,18,-1,0.4129732847213745,0.8577355742454529,-0.42320340871810913
58,pose,19,-1,0.5668185353279114,0.8556766510009766,-0.4309641122817993
58,pose,20,-1,0.42797932028770447,0.8539458513259888,-0.46467044949531555
58,pose,21,-1,0.5624648332595825,0.835391640663147,-0.3478611707687378
58,pose,22,-1,0.42980509996414185,0.832618772983551,-0.3875061869621277
58,pose,23,-1,0.5325683951377869,0.7735818028450012,0.006280547473579645
58,pose,24,-1,0.44658440351486206,0.7775200605392456,-0.006056136451661587
58,pose,25,-1,0.5230659246444702,0.9920690655708313,0.07313008606433868
58,pose,26,-1,0.4672938287258148,1.0025347471237183,0.0658225268125534
58,pose,27,-1,0.5409298539161682,1.2742520570755005,0.46287426352500916
58,pose,28,-1,0.46385738253593445,1.2756048440933228,0.37237548828125
58,pose,29,-1,0.541180431842804,1.303318977355957,0.49438539147377014
58,pose,30,-1,0.4663010835647583,1.3060288429260254,0.3989412486553192
58,pose,31,-1,0.5380942821502686,1.361517310142517,0.3393069803714752
58,pose,32,-1,0.4757744073867798,1.3609949350357056,0.21637718379497528
59,hand,0,0,0.5679053664207458,0.8130202293395996,-3.2324545262696347e-09
59,hand,1,0,0.5538560152053833,0.8311420679092407,-0.007522299885749817
59,hand,2,0,0.5470348596572876,0.8568754196166992,-0.010248714126646519
59,hand,3,0,0.5434252023696899,0.8825476169586182,-0.011171922087669373
59,hand,4,0,0.538820207118988,0.9011880159378052,-0.010744147002696991
59,hand,5,0,0.5696954131126404,0.8821372985839844,-0.004844875540584326
59,hand,6,0,0.5558315515518188,0.9011825919151306,-0.005697597749531269
59,hand,7,0,0.5504644513130188,0.886665403842926,-0.006364540662616491
59,hand,8,0,0.5515313148498535,0.8735672831535339,-0.00655312929302454
59,hand,9,0,0.5776769518852234,0.8781625628471375,-0.0006768284365534782
59,hand,10,0,0.5622817873954773,0.8956264853477478,-0.0007367407670244575
59,hand,11,0,0.5557704567909241,0.8831194043159485,-0.0009386903257109225
59,hand,12,0,0.5563076138496399,0.8718293905258179,-0.0012091627577319741
59,hand,13,0,0.5811024904251099,0.8707039952278137,0.003101203590631485
59,hand,14,0,0.5673609375953674,0.8882236480712891,0.0028092467691749334
59,hand,15,0,0.5613617897033691,0.8786354064941406,0.003535286523401737
59,hand,16,0,0.5613237023353577,0.8677758574485779,0.004016881342977285
59,hand,17,0,0.582343339920044,0.863110363483429,0.0063941460102796555
59,hand,18,0,0.5719895958900452,0.8796066641807556,0.006004347465932369
59,hand,19,0,0.5674661993980408,0.8725659847259521,0.006932192947715521
59,hand,20,0,0.5672334432601929,0.8638319373130798,0.007940473966300488
59,hand,0,1,0.40890759229660034,0.8071883916854858,-1.0017221541147592e-07
59,hand,1,1,0.42579370737075806,0.8200864791870117,-0.009294354356825352
59,hand,2,1,0.4363180994987488,0.8448522686958313,-0.012351810932159424
59,hand,3,1,0.4435991048812866,0.8701356649398804,-0.012760765850543976
59,hand,4,1,0.4495925307273865,0.8881986737251282,-0.011857843957841396
59,hand,5,1,0.4193544089794159,0.8739351034164429,-0.010782497003674507
59,hand,6,1,0.4318675994873047,0.9036513566970825,-0.009456130675971508
59,hand,7,1,0.4408093988895416,0.9005696773529053,-0.006386809051036835
59,hand,8,1,0.44588300585746765,0.8911925554275513,-0.0040610781870782375
59,hand,9,1,0.4105486273765564,0.8765315413475037,-0.004380977246910334
59,hand,10,1,0.42732495069503784,0.8920466303825378,-0.003093843348324299
59,hand,11,1,0.4338807463645935,0.881568193435669,-0.0014781581703573465
59,hand,12,1,0.4350728988647461,0.8713176250457764,-0.0010359948500990868
59,hand,13,1,0.406136155128479,0.8738739490509033,0.0020923863630741835
59,hand,14,1,0.42232125997543335,0.885791540145874,0.0028405224438756704
59,hand,15,1,0.42746981978416443,0.8774192929267883,0.0034313013311475515
59,hand,16,1,0.4288068413734436,0.8667716383934021,0.0031507862731814384
59,hand,17,1,0.40422698855400085,0.8703638315200806,0.008170682936906815
59,hand,18,1,0.41652342677116394,0.8804965615272522,0.007859032601118088
59,hand,19,1,0.4217144250869751,0.8746941685676575,0.007763694040477276
59,hand,20,1,0.4236551523208618,0.8667363524436951,0.007780894637107849
59,pose,0,-1,0.4826553761959076,0.20345447957515717,-0.5057920813560486
59,pose,1,-1,0.49303027987480164,0.17780181765556335,-0.4841873049736023
59,pose,2,-1,0.49901828169822693,0.17812320590019226,-0.48428064584732056
59,pose,3,-1,0.5053185820579529,0.17866013944149017,-0.484323650598526
59,pose,4,-1,0.4735275208950043,0.17874246835708618,-0.4859992563724518
59,pose,5,-1,0.4666343927383423,0.1797332465648651,-0.48610323667526245
59,pose,6,-1,0.46118614077568054,0.1810241937637329,-0.4862891137599945
59,pose,7,-1,0.5149481296539307,0.1937739998102188,-0.3262079358100891
59,pose,8,-1,0.453889936208725,0.19771365821361542,-0.33510950207710266
59,pose,9,-1,0.4953802525997162,0.23475071787834167,-0.4451879560947418
59,pose,10,-1,0.47114327549934387,0.23722650110721588,-0.44752103090286255
59,pose,11,-1,0.5677600502967834,0.36628931760787964,-0.2126612514257431
59,pose,12,-1,0.4092438519001007,0.3746595084667206,-0.23900869488716125
59,pose,13,-1,0.579670786857605,0.5933887362480164,-0.1534573882818222
59,pose,14,-1,0.3922419250011444,0.592315137386322,-0.21225863695144653
59,pose,15,-1,0.5726166367530823,0.7971367835998535,-0.3314247727394104
59,pose,16,-1,0.4119315445423126,0.7953190803527832,-0.36554059386253357
59,pose,17,-1,0.5776103734970093,0.8560329675674438,-0.39410725235939026
59,pose,18,-1,0.41352495551109314,0.8577568531036377,-0.4195789694786072
59,pose,19,-1,0.5665767788887024,0.8544032573699951,-0.43340688943862915
59,pose,20,-1,0.42858701944351196,0.8539423942565918,-0.4609898328781128
59,pose,21,-1,0.562292218208313,0.8341997861862183,-0.35049378871917725
59,pose,22,-1,0.4305282533168793,0.8325937986373901,-0.38382425904273987
59,pose,23,-1,0.5335303544998169,0.7735620141029358,0.006374763790518045
59,pose,24,-1,0.44772693514823914,0.7772337794303894,-0.006150655914098024
59,pose,25,-1,0.5235201716423035,0.9917523264884949,0.06875501573085785
59,pose,26,-1,0.46809321641921997,1.0010093450546265,0.06451074033975601
59,pose,27,-1,0.5410935282707214,1.2738397121429443,0.46055614948272705
59,pose,28,-1,0.46401122212409973,1.2756747007369995,0.3710031807422638
59,pose,29,-1,0.5413115620613098,1.3028277158737183,0.4922962784767151
59,pose,30,-1,0.46653780341148376,1.3060719966888428,0.3975142538547516
59,pose,31,-1,0.538141131401062,1.361448049545288,0.336728036403656
59,pose,32,-1,0.4756818115711212,1.3609269857406616,0.21428227424621582
60,hand,0,0,0.5667109489440918,0.8121414184570312,-4.825258415053213e-09
60,hand,1,0,0.5523865818977356,0.8302573561668396,-0.007097485940903425
60,hand,2,0,0.5456113219261169,0.8567051887512207,-0.009760241024196148
60,hand,3,0,0.5421122908592224,0.8824154138565063,-0.010843118652701378
60,hand,4,0,0.5375179052352905,0.9010823965072632,-0.010666578076779842
60,hand,5,0,0.5682482123374939,0.8810970783233643,-0.004180262330919504
60,hand,6,0,0.5546703934669495,0.9011951088905334,-0.0056793843396008015
60,hand,7,0,0.5493223667144775,0.8873909711837769,-0.0072020431980490685
60,hand,8,0,0.5508104562759399,0.874454915523529,-0.00799871701747179
60,hand,9,0,0.5761940479278564,0.877322256565094,-0.0005817182245664299
60,hand,10,0,0.5612970590591431,0.8952862620353699,-0.0008996553951874375
60,hand,11,0,0.554825484752655,0.8838537931442261,-0.001604421529918909
60,hand,12,0,0.5560079216957092,0.8733717203140259,-0.0023157112300395966
60,hand,13,0,0.5796101689338684,0.8702743649482727,0.0025707988534122705
60,hand,14,0,0.5663132667541504,0.8879729509353638,0.002144742524251342
60,hand,15,0,0.5604047775268555,0.8789862990379333,0.0028297859244048595
60,hand,16,0,0.5609716176986694,0.8690045475959778,0.003176417900249362
60,hand,17,0,0.5807474851608276,0.8631626963615417,0.005224627908319235
60,hand,18,0,0.5706436038017273,0.8796870708465576,0.004725243896245956
60,hand,19,0,0.5659865140914917,0.8729215264320374,0.005823939573019743
60,hand,20,0,0.5660417079925537,0.8642821311950684,0.00692922854796052
60,hand,0,1,0.4091283679008484,0.8070030808448792,-9.153976066045288e-08
60,hand,1,1,0.42589330673217773,0.8202731609344482,-0.008790796622633934
60,hand,2,1,0.4362700581550598,0.8452664613723755,-0.011460515670478344
60,hand,3,1,0.443439245223999,0.8706356287002563,-0.011734595522284508
60,hand,4,1,0.4491519033908844,0.8891082406044006,-0.010748120956122875
60,hand,5,1,0.42064958810806274,0.876218855381012,-0.007759802043437958
60,hand,6,1,0.43218937516212463,0.9045952558517456,-0.0058648535050451756
60,hand,7,1,0.44080135226249695,0.9019234776496887,-0.0032619647681713104
60,hand,8,1,0.44563978910446167,0.8931689858436584,-0.001364575931802392
60,hand,9,1,0.41186192631721497,0.8786778450012207,-0.0015329503221437335
60,hand,10,1,0.42678090929985046,0.892229437828064,0.0006381727871485054
60,hand,11,1,0.43283939361572266,0.882828414440155,0.0016803005710244179
60,hand,12,1,0.43416890501976013,0.873196542263031,0.0016449398826807737
60,hand,13,1,0.4069823622703552,0.875590980052948,0.004652852192521095
60,hand,14,1,0.42136383056640625,0.885576605796814,0.0062098088674247265
60,hand,15,1,0.42627426981925964,0.8780015110969543,0.0061361403204500675
60,hand,16,1,0.42800477147102356,0.8683333396911621,0.005298434756696224
60,hand,17,1,0.4042929708957672,0.8717546463012695,0.010447046719491482
60,hand,18,1,0.4154358506202698,0.8804653882980347,0.010964296758174896
60,hand,19,1,0.42032280564308167,0.8751014471054077,0.010818980634212494
60,hand,20,1,0.4224909245967865,0.8676301836967468,0.010706502944231033
60,pose,0,-1,0.4831819534301758,0.20356452465057373,-0.5043424963951111
60,pose,1,-1,0.49363189935684204,0.17783063650131226,-0.4829293489456177
60,pose,2,-1,0.49958544969558716,0.17816664278507233,-0.48302212357521057
60,pose,3,-1,0.5059136152267456,0.1787107139825821,-0.48305994272232056
60,pose,4,-1,0.47404944896698,0.17878073453903198,-0.4844602942466736
60,pose,5,-1,0.4672029912471771,0.17976292967796326,-0.48456427454948425
60,pose,6,-1,0.46177858114242554,0.181040421128273,-0.4847528040409088
60,pose,7,-1,0.5155747532844543,0.19380754232406616,-0.32614195346832275
60,pose,8,-1,0.45452752709388733,0.19765612483024597,-0.3335713744163513
60,pose,9,-1,0.49591192603111267,0.23487432301044464,-0.44427216053009033
60,pose,10,-1,0.4717184901237488,0.23728084564208984,-0.4461720883846283
60,pose,11,-1,0.5682486295700073,0.36636361479759216,-0.2138110101222992
60,pose,12,-1,0.4097837805747986,0.3744511902332306,-0.23772603273391724
60,pose,13,-1,0.5801010131835938,0.5935899615287781,-0.15688537061214447
60,pose,14,-1,0.3929504454135895,0.5920494794845581,-0.2119167596101761
60,pose,15,-1,0.5725085735321045,0.7982776761054993,-0.3315426707267761
60,pose,16,-1,0.41242218017578125,0.7953132390975952,-0.3671477735042572
60,pose,17,-1,0.5774005055427551,0.856731653213501,-0.39445170760154724
60,pose,18,-1,0.4137360751628876,0.857845664024353,-0.42131826281547546
60,pose,19,-1,0.5665234327316284,0.8549533486366272,-0.43485796451568604
60,pose,20,-1,0.4288322627544403,0.8539817929267883,-0.4632278084754944
60,pose,21,-1,0.562190592288971,0.8345423936843872,-0.351004034280777
60,pose,22,-1,0.43089258670806885,0.8326610922813416,-0.3856411278247833
60,pose,23,-1,0.5340940356254578,0.7729671597480774,0.006172191817313433
60,pose,24,-1,0.448270320892334,0.7769705057144165,-0.005948362406343222
60,pose,25,-1,0.5241174101829529,0.990150511264801,0.06991543620824814
60,pose,26,-1,0.4680960774421692,1.0005018711090088,0.06711016595363617
60,pose,27,-1,0.5415164828300476,1.2739557027816772,0.45542439818382263
60,pose,28,-1,0.4643937945365906,1.2757534980773926,0.3697909414768219
60,pose,29,-1,0.5417220592498779,1.3029252290725708,0.4868910014629364
60,pose,30,-1,0.4668954610824585,1.3063445091247559,0.396213173866272
60,pose,31,-1,0.5384184122085571,1.361534833908081,0.33189669251441956
60,pose,32,-1,0.4757256805896759,1.3611981868743896,0.21317441761493683
61,hand,0,0,0.5652655363082886,0.8121840953826904,-1.3200929238621484e-09
61,hand,1,0,0.5510188341140747,0.8289520144462585,-0.007434490602463484
61,hand,2,0,0.5440059304237366,0.8544923663139343,-0.010586477816104889
61,hand,3,0,0.5401446223258972,0.8805748820304871,-0.012094439007341862
61,hand,4,0,0.5358481407165527,0.8997229337692261,-0.012256856076419353
61,hand,5,0,0.5657365918159485,0.8803873658180237,-0.005831398535519838
61,hand,6,0,0.5522624850273132,0.9016632437705994,-0.00787985697388649
61,hand,7,0,0.5474287867546082,0.8872864842414856,-0.00928997341543436
61,hand,8,0,0.5492348670959473,0.8744317293167114,-0.009988609701395035
61,hand,9,0,0.5739943981170654,0.8777263164520264,-0.002329668728634715
61,hand,10,0,0.5591103434562683,0.8973844647407532,-0.0033559519797563553
61,hand,11,0,0.553371250629425,0.8856375813484192,-0.003787222085520625
61,hand,12,0,0.5548985004425049,0.8752559423446655,-0.004236999899148941
61,hand,13,0,0.5780082941055298,0.8716301321983337,0.0007455750019289553
61,hand,14,0,0.5643251538276672,0.8904708623886108,-0.00010305806790711358
61,hand,15,0,0.5591505765914917,0.8810471892356873,0.0010849075624719262
61,hand,16,0,0.5601359605789185,0.8710606098175049,0.001791071961633861
61,hand,17,0,0.5796691179275513,0.8652155995368958,0.003262715181335807
61,hand,18,0,0.5689008831977844,0.8818262219429016,0.002559976652264595
61,hand,19,0,0.5645000338554382,0.8746628761291504,0.003857357893139124
61,hand,20,0,0.5647293925285339,0.8662107586860657,0.005099514499306679
61,hand,0,1,0.40916991233825684,0.8081621527671814,-9.858954541641651e-08
61,hand,1,1,0.42585209012031555,0.822354793548584,-0.007759489119052887
61,hand,2,1,0.4364379346370697,0.8475144505500793,-0.010314987041056156
61,hand,3,1,0.4435981810092926,0.8722948431968689,-0.010730624198913574
61,hand,4,1,0.4489562213420868,0.8905919194221497,-0.009941751137375832
61,hand,5,1,0.4205530285835266,0.8769683837890625,-0.008137984201312065
61,hand,6,1,0.4319390654563904,0.9059346914291382,-0.007175250444561243
61,hand,7,1,0.44060516357421875,0.9027441740036011,-0.0051151905208826065
61,hand,8,1,0.4455936849117279,0.8936555981636047,-0.003486715955659747
61,hand,9,1,0.41155073046684265,0.8796716332435608,-0.0026981751434504986
61,hand,10,1,0.4270230531692505,0.8946124911308289,-0.0014214289840310812
61,hand,11,1,0.43352553248405457,0.885979175567627,-0.0005064620636403561
61,hand,12,1,0.43540191650390625,0.8765572309494019,-0.000582365202717483
61,hand,13,1,0.4067142903804779,0.8770468235015869,0.0027826023288071156
61,hand,14,1,0.421974241733551,0.8878095746040344,0.003902127267792821
61,hand,15,1,0.4269631803035736,0.8810073733329773,0.004321253392845392
61,hand,16,1,0.42885667085647583,0.8715059757232666,0.0038288463838398457
61,hand,17,1,0.40435415506362915,0.8733493089675903,0.007899058982729912
61,hand,18,1,0.4160398542881012,0.8822396397590637,0.008180052973330021
61,hand,19,1,0.4210392236709595,0.8773021697998047,0.008346752263605595
61,hand,20,1,0.4233076274394989,0.8703107833862305,0.008468952029943466
61,pose,0,-1,0.4835497736930847,0.20363284647464752,-0.5030877590179443
61,pose,1,-1,0.4940575957298279,0.1779026985168457,-0.48146259784698486
61,pose,2,-1,0.4999100863933563,0.17823363840579987,-0.4815545082092285
61,pose,3,-1,0.5062450766563416,0.1787577122449875,-0.48158910870552063
61,pose,4,-1,0.47449249029159546,0.178811177611351,-0.48272275924682617
61,pose,5,-1,0.4677286446094513,0.17977552115917206,-0.48283037543296814
61,pose,6,-1,0.4623301327228546,0.18104416131973267,-0.4830191731452942
61,pose,7,-1,0.5160280466079712,0.19383983314037323,-0.3253612816333771
61,pose,8,-1,0.455107182264328,0.19762618839740753,-0.33200517296791077
61,pose,9,-1,0.4962807297706604,0.23492531478405,-0.4434986412525177
61,pose,10,-1,0.4722253382205963,0.23732607066631317,-0.4451788067817688
61,pose,11,-1,0.5686408281326294,0.36638468503952026,-0.2155780792236328
61,pose,12,-1,0.41045427322387695,0.3742348849773407,-0.23715083301067352
61,pose,13,-1,0.5802845358848572,0.5938562750816345,-0.16206002235412598
61,pose,14,-1,0.3939318060874939,0.5910995602607727,-0.21308408677577972
61,pose,15,-1,0.572420060634613,0.7983614206314087,-0.3358363211154938
61,pose,16,-1,0.41287052631378174,0.794840931892395,-0.36737871170043945
61,pose,17,-1,0.5772535800933838,0.8568484783172607,-0.39848947525024414
61,pose,18,-1,0.41389748454093933,0.8576703667640686,-0.42149052023887634
61,pose,19,-1,0.5660578608512878,0.8541499972343445,-0.4397566616535187
61,pose,20,-1,0.42907920479774475,0.8537479043006897,-0.4630090892314911
61,pose,21,-1,0.5619135499000549,0.8337342143058777,-0.3553672730922699
61,pose,22,-1,0.43134602904319763,0.8324748277664185,-0.38580769300460815
61,pose,23,-1,0.534828245639801,0.7722460627555847,0.006161468103528023
61,pose,24,-1,0.4490646719932556,0.7764753103256226,-0.005937851499766111
61,pose,25,-1,0.5250681638717651,0.9891817569732666,0.06691541522741318
61,pose,26,-1,0.4680582284927368,0.9960607290267944,0.06573434174060822
61,pose,27,-1,0.5415140986442566,1.2701919078826904,0.4528791308403015
61,pose,28,-1,0.46456634998321533,1.2716162204742432,0.3645939826965332
61,pose,29,-1,0.5416715741157532,1.2988020181655884,0.4843333959579468
61,pose,30,-1,0.4669574201107025,1.3011198043823242,0.39047420024871826
61,pose,31,-1,0.5385826826095581,1.356971025466919,0.3289605975151062
61,pose,32,-1,0.476071298122406,1.3567508459091187,0.2090352177619934
62,hand,0,0,0.5643996000289917,0.810875654220581,-2.912229624119078e-10
62,hand,1,0,0.5502635836601257,0.82767653465271,-0.0073598516173660755
62,hand,2,0,0.5427286624908447,0.8538235425949097,-0.010412726551294327
62,hand,3,0,0.538998544216156,0.8799679279327393,-0.011782144196331501
62,hand,4,0,0.5340103507041931,0.8987095952033997,-0.011856326833367348
62,hand,5,0,0.5639278292655945,0.8815962672233582,-0.005503618624061346
62,hand,6,0,0.5511903166770935,0.9018062353134155,-0.007019585929811001
62,hand,7,0,0.5461317896842957,0.8877924680709839,-0.008119341917335987
62,hand,8,0,0.5473858714103699,0.8746193647384644,-0.008592390455305576
62,hand,9,0,0.572377622127533,0.878989040851593,-0.001874960376881063
62,hand,10,0,0.5579434633255005,0.8967887163162231,-0.002300071297213435
62,hand,11,0,0.5519247055053711,0.8853412866592407,-0.0027672434225678444
62,hand,12,0,0.5528562068939209,0.8747506737709045,-0.003278139280155301
62,hand,13,0,0.5765014290809631,0.8724363446235657,0.0014008318539708853
62,hand,14,0,0.5632005929946899,0.8890957832336426,0.0011142223374918103
62,hand,15,0,0.557675302028656,0.8802988529205322,0.0019854342099279165
62,hand,16,0,0.5580073595046997,0.8701905012130737,0.0024070683866739273
62,hand,17,0,0.5783578753471375,0.8653050065040588,0.004131102468818426
62,hand,18,0,0.5678863525390625,0.8803730607032776,0.003697582520544529
62,hand,19,0,0.5632362365722656,0.8736910820007324,0.00481858616694808
62,hand,20,0,0.5629979968070984,0.8651986122131348,0.005962906870990992
62,hand,0,1,0.40950217843055725,0.8088081479072571,-1.0127168081908167e-07
62,hand,1,1,0.42634668946266174,0.8231910467147827,-0.007402918301522732
62,hand,2,1,0.436257541179657,0.8485209941864014,-0.00971375871449709
62,hand,3,1,0.4429297149181366,0.8735129237174988,-0.009800166822969913
62,hand,4,1,0.44849249720573425,0.8915259838104248,-0.008661062456667423
62,hand,5,1,0.4206124544143677,0.8766652345657349,-0.008882206864655018
62,hand,6,1,0.43138831853866577,0.9066177010536194,-0.007384971249848604
62,hand,7,1,0.4397483468055725,0.9042560458183289,-0.004352751653641462
62,hand,8,1,0.44468528032302856,0.8952445983886719,-0.0019982606172561646
62,hand,9,1,0.4114229381084442,0.8790441155433655,-0.0034113486763089895
62,hand,10,1,0.42666226625442505,0.8961417078971863,-0.0015702644595876336
62,hand,11,1,0.433332622051239,0.8877994418144226,0.00017472360923420638
62,hand,12,1,0.4352201521396637,0.8779845833778381,0.0006351895281113684
62,hand,13,1,0.4063568115234375,0.8763713836669922,0.0022108207922428846
62,hand,14,1,0.42152246832847595,0.889230489730835,0.0037063711788505316
62,hand,15,1,0.4266858994960785,0.8827910423278809,0.004452986177057028
62,hand,16,1,0.4285779297351837,0.8729262351989746,0.004103973042219877
62,hand,17,1,0.40374448895454407,0.872861921787262,0.007534883916378021
62,hand,18,1,0.4154268503189087,0.8831450343132019,0.008009946905076504
62,hand,19,1,0.42047375440597534,0.8786340951919556,0.008215807378292084
62,hand,20,1,0.4227166771888733,0.8714800477027893,0.008291034027934074
62,pose,0,-1,0.48431140184402466,0.20377829670906067,-0.4996854364871979
62,pose,1,-1,0.49467965960502625,0.17797449231147766,-0.477128803730011
62,pose,2,-1,0.5004496574401855,0.17832300066947937,-0.4772355854511261
62,pose,3,-1,0.5068165063858032,0.17885048687458038,-0.4772552251815796
62,pose,4,-1,0.47518008947372437,0.17872650921344757,-0.4782611131668091
62,pose,5,-1,0.46837273240089417,0.17963381111621857,-0.47836020588874817
62,pose,6,-1,0.4629358649253845,0.18085461854934692,-0.4785424768924713
62,pose,7,-1,0.5164506435394287,0.1938844472169876,-0.3198621869087219
62,pose,8,-1,0.4555265009403229,0.19730405509471893,-0.3261847496032715
62,pose,9,-1,0.4968567192554474,0.23504680395126343,-0.4401542842388153
62,pose,10,-1,0.47284430265426636,0.23742732405662537,-0.4417372941970825
62,pose,11,-1,0.5686560869216919,0.3663850426673889,-0.21529604494571686
62,pose,12,-1,0.41079235076904297,0.37419670820236206,-0.23056454956531525
62,pose,13,-1,0.5805833339691162,0.5930920839309692,-0.16158387064933777
62,pose,14,-1,0.39470943808555603,0.5908234119415283,-0.20555511116981506
62,pose,15,-1,0.572380781173706,0.7975226044654846,-0.3363286852836609
62,pose,16,-1,0.41303879022598267,0.7948132753372192,-0.36210891604423523
62,pose,17,-1,0.5768855810165405,0.8562222719192505,-0.3990115225315094
62,pose,18,-1,0.4139025807380676,0.8576644659042358,-0.4182940125465393
62,pose,19,-1,0.5655069947242737,0.8535313010215759,-0.44058758020401
62,pose,20,-1,0.4290536344051361,0.853762149810791,-0.4615148603916168
62,pose,21,-1,0.5615879893302917,0.8328388929367065,-0.3556545674800873
62,pose,22,-1,0.43142077326774597,0.8324778079986572,-0.3814464509487152
62,pose,23,-1,0.5355369448661804,0.7718645334243774,0.005855369381606579
62,pose,24,-1,0.44980886578559875,0.7764564156532288,-0.005621530115604401
62,pose,25,-1,0.5259081125259399,0.988983154296875,0.07076729089021683
62,pose,26,-1,0.4680826961994171,0.9962267875671387,0.06790416687726974
62,pose,27,-1,0.5418264269828796,1.2705178260803223,0.4539957344532013
62,pose,28,-1,0.46494486927986145,1.2720544338226318,0.36722004413604736
62,pose,29,-1,0.5418984889984131,1.299111008644104,0.48493972420692444
62,pose,30,-1,0.46703383326530457,1.3014768362045288,0.39308059215545654
62,pose,31,-1,0.5389837622642517,1.3574135303497314,0.32865697145462036
62,pose,32,-1,0.4769219756126404,1.3572754859924316,0.21014735102653503
63,hand,0,0,0.5653295516967773,0.8113425374031067,-2.4980575386024384e-09
63,hand,1,0,0.5501717329025269,0.8286814093589783,-0.007003534585237503
63,hand,2,0,0.5423093438148499,0.8543431162834167,-0.00974298920482397
63,hand,3,0,0.5380141735076904,0.8804056644439697,-0.01086509320884943
63,hand,4,0,0.5325040221214294,0.8985317349433899,-0.01066602859646082
63,hand,5,0,0.5633423924446106,0.8810380101203918,-0.005250486079603434
63,hand,6,0,0.5500746369361877,0.9023892879486084,-0.006607610732316971
63,hand,7,0,0.545071005821228,0.8882020115852356,-0.007465217728167772
63,hand,8,0,0.54632169008255,0.8745534420013428,-0.007690069265663624
63,hand,9,0,0.5718653202056885,0.878739058971405,-0.001622042735107243
63,hand,10,0,0.5569633841514587,0.8965675830841064,-0.0017850575968623161
63,hand,11,0,0.550987184047699,0.8848314881324768,-0.0021131362300366163
63,hand,12,0,0.5519194006919861,0.8742906451225281,-0.0025806936901062727
63,hand,13,0,0.5759012699127197,0.872520923614502,0.001682691858150065
63,hand,14,0,0.5622856020927429,0.8886141777038574,0.001522825681604445
63,hand,15,0,0.5567349791526794,0.8794527053833008,0.002294473350048065
63,hand,16,0,0.5570003390312195,0.8692339062690735,0.002633224008604884
63,hand,17,0,0.5776554942131042,0.86601322889328,0.004483215510845184
63,hand,18,0,0.5668544173240662,0.880336582660675,0.004123697057366371
63,hand,19,0,0.5621647238731384,0.8732038736343384,0.005151406861841679
63,hand,20,0,0.5618731379508972,0.8644837141036987,0.006206910125911236
63,hand,0,1,0.40886589884757996,0.8102290034294128,-1.122393626928897e-07
63,hand,1,1,0.42593061923980713,0.8244246244430542,-0.007435312960296869
63,hand,2,1,0.4363069534301758,0.850421667098999,-0.009616865776479244
63,hand,3,1,0.44311773777008057,0.8754038214683533,-0.009607900865375996
63,hand,4,1,0.4484671652317047,0.8930667638778687,-0.008355910889804363
63,hand,5,1,0.4203013479709625,0.8791791200637817,-0.009005039930343628
63,hand,6,1,0.43165895342826843,0.9085201025009155,-0.008239679969847202
63,hand,7,1,0.4403471052646637,0.9047748446464539,-0.005702684633433819
63,hand,8,1,0.44507482647895813,0.894881546497345,-0.0036269857082515955
63,hand,9,1,0.41136080026626587,0.8812268972396851,-0.003704770002514124
63,hand,10,1,0.427522212266922,0.8960686922073364,-0.0028423028998076916
63,hand,11,1,0.43367165327072144,0.885543167591095,-0.001441011787392199
63,hand,12,1,0.4345899820327759,0.8756047487258911,-0.0010348826181143522
63,hand,13,1,0.4065014123916626,0.8782026171684265,0.0017055077478289604
63,hand,14,1,0.4224938750267029,0.8898301720619202,0.0021141928154975176
63,hand,15,1,0.42718976736068726,0.8813923001289368,0.0027762227691709995
63,hand,16,1,0.4281936585903168,0.8707612752914429,0.002652721479535103
63,hand,17,1,0.40408045053482056,0.8743262887001038,0.0068565960973501205
63,hand,18,1,0.41664406657218933,0.8844615817070007,0.006506330333650112
63,hand,19,1,0.4214295744895935,0.878226637840271,0.006722710095345974
63,hand,20,1,0.42289018630981445,0.8700475692749023,0.007047508843243122
63,pose,0,-1,0.48498886823654175,0.20383211970329285,-0.4993555247783661
63,pose,1,-1,0.495270699262619,0.17802304029464722,-0.47649872303009033
63,pose,2,-1,0.5009726881980896,0.1783667504787445,-0.4766077399253845
63,pose,3,-1,0.5073690414428711,0.17888228595256805,-0.4766334593296051
63,pose,4,-1,0.4757394790649414,0.17872394621372223,-0.4778311848640442
63,pose,5,-1,0.4689030945301056,0.17960473895072937,-0.477933406829834
63,pose,6,-1,0.4634243845939636,0.18082135915756226,-0.4781191945075989
63,pose,7,-1,0.5167666077613831,0.19397994875907898,-0.31819140911102295
63,pose,8,-1,0.45583343505859375,0.19718043506145477,-0.32512110471725464
63,pose,9,-1,0.4972745478153229,0.23536591231822968,-0.43927109241485596
63,pose,10,-1,0.47342708706855774,0.23760585486888885,-0.44111359119415283
63,pose,11,-1,0.5687764883041382,0.3663860261440277,-0.2126215547323227
63,pose,12,-1,0.4109230935573578,0.3742409646511078,-0.22939664125442505
63,pose,13,-1,0.5808881521224976,0.592413604259491,-0.1633129119873047
63,pose,14,-1,0.3953651189804077,0.5908345580101013,-0.20398613810539246
63,pose,15,-1,0.5723242163658142,0.7964727878570557,-0.3484577536582947
63,pose,16,-1,0.41312360763549805,0.7948607206344604,-0.3605639338493347
63,pose,17,-1,0.5763723254203796,0.8550490140914917,-0.4144463837146759
63,pose,18,-1,0.413945734500885,0.8577250838279724,-0.4161701202392578
63,pose,19,-1,0.5649538636207581,0.8523116707801819,-0.45463791489601135
63,pose,20,-1,0.4289952516555786,0.85386061668396,-0.45874279737472534
63,pose,21,-1,0.5612049698829651,0.8316846489906311,-0.36794954538345337
63,pose,22,-1,0.4313855767250061,0.8324897885322571,-0.3796696662902832
63,pose,23,-1,0.5358463525772095,0.7718582153320312,0.00575389014557004
63,pose,24,-1,0.45039990544319153,0.7766250967979431,-0.005515650846064091
63,pose,25,-1,0.526222288608551,0.988806962966919,0.07213178277015686
63,pose,26,-1,0.4682543873786926,0.9964242577552795,0.06915589421987534
63,pose,27,-1,0.5416785478591919,1.2683128118515015,0.46620863676071167
63,pose,28,-1,0.46487998962402344,1.2693564891815186,0.3797176480293274
63,pose,29,-1,0.5415822267532349,1.2966246604919434,0.4983857572078705
63,pose,30,-1,0.4668125808238983,1.2985364198684692,0.4068826735019684
63,pose,31,-1,0.5389384031295776,1.3548685312271118,0.3425847887992859
63,pose,32,-1,0.4769054353237152,1.3536834716796875,0.2238130271434784
64,hand,0,0,0.5652855634689331,0.8125293254852295,-5.0229385095690304e-09
64,hand,1,0,0.5496844053268433,0.8299273252487183,-0.006306124851107597
64,hand,2,0,0.5420479774475098,0.8543643951416016,-0.00887747760862112
64,hand,3,0,0.5377270579338074,0.8798771500587463,-0.010003012605011463
64,hand,4,0,0.53204345703125,0.8969791531562805,-0.009827777743339539
64,hand,5,0,0.5624723434448242,0.8802895545959473,-0.005106677766889334
64,hand,6,0,0.5488794445991516,0.9012383818626404,-0.006646007299423218
64,hand,7,0,0.5444602370262146,0.8871041536331177,-0.007755438331514597
64,hand,8,0,0.5468037128448486,0.8741078972816467,-0.008205108344554901
64,hand,9,0,0.5708912014961243,0.8790969252586365,-0.001972503960132599
64,hand,10,0,0.5562781691551208,0.8977344036102295,-0.002174902707338333
64,hand,11,0,0.5508356690406799,0.8864444494247437,-0.002418155549094081
64,hand,12,0,0.5525466799736023,0.8760808110237122,-0.0028429427184164524
64,hand,13,0,0.5750749111175537,0.8739445209503174,0.0009005432366393507
64,hand,14,0,0.5619852542877197,0.8910626173019409,0.000937298231292516
64,hand,15,0,0.5568859577178955,0.8819095492362976,0.002200016053393483
64,hand,16,0,0.5578205585479736,0.8715983033180237,0.002838969463482499
64,hand,17,0,0.5770995616912842,0.8681305646896362,0.003276009811088443
64,hand,18,0,0.5667446255683899,0.8830676674842834,0.003182676387950778
64,hand,19,0,0.5624457597732544,0.8764574527740479,0.004607967101037502
64,hand,20,0,0.5626145601272583,0.867921769618988,0.00592260854318738
64,hand,0,1,0.4081164300441742,0.8099489212036133,-1.0117447857282968e-07
64,hand,1,1,0.42476046085357666,0.8243080377578735,-0.008344348520040512
64,hand,2,1,0.4352346360683441,0.8498668074607849,-0.010899508371949196
64,hand,3,1,0.4420120120048523,0.8748654127120972,-0.011148541234433651
64,hand,4,1,0.44718286395072937,0.8938411474227905,-0.010109235532581806
64,hand,5,1,0.41926729679107666,0.8805046677589417,-0.008131684735417366
64,hand,6,1,0.43024805188179016,0.9091793894767761,-0.006750195752829313
64,hand,7,1,0.4391309320926666,0.905763566493988,-0.004398041870445013
64,hand,8,1,0.4444522559642792,0.896574854850769,-0.0025802776217460632
64,hand,9,1,0.410148561000824,0.8816229701042175,-0.0022616134956479073
64,hand,10,1,0.42557474970817566,0.8971816897392273,-0.0006088271620683372
64,hand,11,1,0.432550311088562,0.888819694519043,0.0004437619645614177
64,hand,12,1,0.4347488582134247,0.8789721727371216,0.0004682520229835063
64,hand,13,1,0.40517348051071167,0.8778201937675476,0.0035839721094816923
64,hand,14,1,0.4201800525188446,0.8899362087249756,0.004764213226735592
64,hand,15,1,0.4257582724094391,0.8837714195251465,0.0049155279994010925
64,hand,16,1,0.4281884729862213,0.8741774559020996,0.004308187402784824
64,hand,17,1,0.4023621678352356,0.8735939860343933,0.009068681858479977
64,hand,18,1,0.41418537497520447,0.8840192556381226,0.00919682439416647
64,hand,19,1,0.41979116201400757,0.8798220753669739,0.009149007499217987
64,hand,20,1,0.42265015840530396,0.8727625012397766,0.009185081347823143
64,pose,0,-1,0.48557549715042114,0.20394191145896912,-0.4800386130809784
64,pose,1,-1,0.495842844247818,0.17807511985301971,-0.4567490220069885
64,pose,2,-1,0.5015416145324707,0.17843246459960938,-0.4568706154823303
64,pose,3,-1,0.5079321265220642,0.17895682156085968,-0.4569050669670105
64,pose,4,-1,0.47632884979248047,0.17866185307502747,-0.45837369561195374
64,pose,5,-1,0.46945440769195557,0.1794937700033188,-0.45845988392829895
64,pose,6,-1,0.46392664313316345,0.18066541850566864,-0.45864322781562805
64,pose,7,-1,0.5171082019805908,0.19400709867477417,-0.29900091886520386
64,pose,8,-1,0.4561046063899994,0.19683286547660828,-0.30695968866348267
64,pose,9,-1,0.49760308861732483,0.23540596663951874,-0.420330673456192
64,pose,10,-1,0.47389158606529236,0.2376679927110672,-0.4224511384963989
64,pose,11,-1,0.5688793659210205,0.36639201641082764,-0.19618073105812073
64,pose,12,-1,0.41102227568626404,0.37424060702323914,-0.2154443860054016
64,pose,13,-1,0.5810850858688354,0.5923700928688049,-0.1460830122232437
64,pose,14,-1,0.3957573473453522,0.5908246040344238,-0.1870374083518982
64,pose,15,-1,0.5721614956855774,0.7966189980506897,-0.3295762836933136
64,pose,16,-1,0.4130987226963043,0.7948571443557739,-0.33867108821868896
64,pose,17,-1,0.5759965777397156,0.8553153276443481,-0.3938196897506714
64,pose,18,-1,0.41393139958381653,0.8578172326087952,-0.3924616277217865
64,pose,19,-1,0.5645381212234497,0.8530150055885315,-0.43355101346969604
64,pose,20,-1,0.42884165048599243,0.8539113402366638,-0.43495744466781616
64,pose,21,-1,0.5608785152435303,0.8322034478187561,-0.3490075170993805
64,pose,22,-1,0.43130502104759216,0.832493007183075,-0.3577802777290344
64,pose,23,-1,0.536047101020813,0.7723851799964905,0.005756431259214878
64,pose,24,-1,0.45040014386177063,0.7767745852470398,-0.005516975652426481
64,pose,25,-1,0.5262333750724792,0.9890362620353699,0.07131204754114151
64,pose,26,-1,0.46824103593826294,0.9967252612113953,0.06836190074682236
64,pose,27,-1,0.5414071679115295,1.268556833267212,0.4657490849494934
64,pose,28,-1,0.4645947217941284,1.269745945930481,0.3801479935646057
64,pose,29,-1,0.5413221716880798,1.2969095706939697,0.49866917729377747
64,pose,30,-1,0.4664742648601532,1.2991180419921875,0.4076707065105438
64,pose,31,-1,0.5382943749427795,1.3552515506744385,0.34461769461631775
64,pose,32,-1,0.4766731560230255,1.3540064096450806,0.22528450191020966
65,hand,0,0,0.5668194890022278,0.8121378421783447,-5.376964207215451e-09
65,hand,1,0,0.5507590174674988,0.8270201683044434,-0.0061765797436237335
65,hand,2,0,0.5426154732704163,0.8524230718612671,-0.008700395934283733
65,hand,3,0,0.5381261706352234,0.8785969018936157,-0.009795610792934895
65,hand,4,0,0.5323090553283691,0.8962947130203247,-0.009583629667758942
65,hand,5,0,0.5620104670524597,0.8792411088943481,-0.005248482339084148
65,hand,6,0,0.5485855937004089,0.901238203048706,-0.0070184869691729546
65,hand,7,0,0.5442343950271606,0.8867127299308777,-0.008249628357589245
65,hand,8,0,0.5466621518135071,0.873448371887207,-0.008743847720324993
65,hand,9,0,0.5705652236938477,0.8787723183631897,-0.0022595953196287155
65,hand,10,0,0.5559889674186707,0.8991549015045166,-0.0026195223908871412
65,hand,11,0,0.5504903793334961,0.8873480558395386,-0.0027151114773005247
65,hand,12,0,0.5523300766944885,0.8765532374382019,-0.0029478073120117188
65,hand,13,0,0.5748836398124695,0.8740975260734558,0.00045821015373803675
65,hand,14,0,0.5616054534912109,0.8927656412124634,0.00047179643297567964
65,hand,15,0,0.5564811825752258,0.8832045793533325,0.0020893265027552843
65,hand,16,0,0.5576751232147217,0.8728114366531372,0.0029774594586342573
65,hand,17,0,0.5769391059875488,0.8683550357818604,0.0026632542721927166
65,hand,18,0,0.5662113428115845,0.8842790722846985,0.0025934490840882063
65,hand,19,0,0.5618464946746826,0.877312183380127,0.004195755813270807
65,hand,20,0,0.5621975660324097,0.8686696887016296,0.0056072017177939415
65,hand,0,1,0.4076976180076599,0.8095165491104126,-1.020980349153433e-07
65,hand,1,1,0.42445412278175354,0.8246729373931885,-0.008837761357426643
65,hand,2,1,0.43460899591445923,0.8506569862365723,-0.011470196768641472
65,hand,3,1,0.4412705898284912,0.875825822353363,-0.01164208259433508
65,hand,4,1,0.4462180435657501,0.8951267004013062,-0.010550204664468765
65,hand,5,1,0.4177919030189514,0.880636990070343,-0.008873803541064262
65,hand,6,1,0.42942503094673157,0.9095219373703003,-0.007668026722967625
65,hand,7,1,0.43851524591445923,0.9061216115951538,-0.00543194729834795
65,hand,8,1,0.44356393814086914,0.8969445824623108,-0.0036744223907589912
65,hand,9,1,0.40894651412963867,0.882226824760437,-0.0027694464661180973
65,hand,10,1,0.42465001344680786,0.8982272744178772,-0.001323078409768641
65,hand,11,1,0.431541383266449,0.889823317527771,-0.0004240542184561491
65,hand,12,1,0.4336003065109253,0.880105197429657,-0.0004556753265205771
65,hand,13,1,0.40438106656074524,0.878716230392456,0.003291328903287649
65,hand,14,1,0.41975685954093933,0.8907327651977539,0.004306592047214508
65,hand,15,1,0.4251924753189087,0.8841647505760193,0.004273633938282728
65,hand,16,1,0.4274263083934784,0.8745923638343811,0.0035622778814285994
65,hand,17,1,0.40219756960868835,0.8747701644897461,0.00895044393837452
65,hand,18,1,0.414329469203949,0.8844128847122192,0.008945822715759277
65,hand,19,1,0.41968685388565063,0.8798381090164185,0.00866696983575821
65,hand,20,1,0.42225682735443115,0.8729778528213501,0.00853546429425478
65,pose,0,-1,0.4861662983894348,0.20403321087360382,-0.47523215413093567
65,pose,1,-1,0.4964272379875183,0.17809870839118958,-0.4520183205604553
65,pose,2,-1,0.5020943284034729,0.17845271527767181,-0.4521391987800598
65,pose,3,-1,0.508449375629425,0.17899607121944427,-0.45216673612594604
65,pose,4,-1,0.47710445523262024,0.17865191400051117,-0.45352187752723694
65,pose,5,-1,0.47015225887298584,0.17945460975170135,-0.4536009132862091
65,pose,6,-1,0.4645727574825287,0.1805897057056427,-0.45378169417381287
65,pose,7,-1,0.5174219012260437,0.19412833452224731,-0.2937162518501282
65,pose,8,-1,0.45645663142204285,0.1965080350637436,-0.30120426416397095
65,pose,9,-1,0.49792563915252686,0.2356109470129013,-0.41529810428619385
65,pose,10,-1,0.47440940141677856,0.2376900613307953,-0.4172789454460144
65,pose,11,-1,0.5689696073532104,0.3664548695087433,-0.1914602816104889
65,pose,12,-1,0.41110971570014954,0.37417763471603394,-0.20743626356124878
65,pose,13,-1,0.5811890959739685,0.5923378467559814,-0.1404411345720291
65,pose,14,-1,0.3960838317871094,0.5904767513275146,-0.17562541365623474
65,pose,15,-1,0.5720618367195129,0.7970352172851562,-0.3240121603012085
65,pose,16,-1,0.4130750894546509,0.7948224544525146,-0.32629212737083435
65,pose,17,-1,0.5752900242805481,0.8557419776916504,-0.38882824778556824
65,pose,18,-1,0.41389185190200806,0.8578162789344788,-0.37978801131248474
65,pose,19,-1,0.5638070702552795,0.8532004356384277,-0.42796024680137634
65,pose,20,-1,0.4287899136543274,0.8539410829544067,-0.4233263432979584
65,pose,21,-1,0.5604212880134583,0.8324664235115051,-0.3432006239891052
65,pose,22,-1,0.43126577138900757,0.8324490785598755,-0.34579998254776
65,pose,23,-1,0.5361325144767761,0.7726023197174072,0.004917976446449757
65,pose,24,-1,0.45034903287887573,0.7769244909286499,-0.0046568820253014565
65,pose,25,-1,0.5265200734138489,0.988854169845581,0.06995685398578644
65,pose,26,-1,0.46762925386428833,0.9952549934387207,0.07552023231983185
65,pose,27,-1,0.5410651564598083,1.2677557468414307,0.47470834851264954
65,pose,28,-1,0.46436604857444763,1.2683656215667725,0.40105822682380676
65,pose,29,-1,0.5408340692520142,1.2959667444229126,0.5087738633155823
65,pose,30,-1,0.4657899737358093,1.2978758811950684,0.43029987812042236
65,pose,31,-1,0.5380014777183533,1.3545600175857544,0.35538461804389954
65,pose,32,-1,0.4767337143421173,1.3521980047225952,0.24861407279968262
66,hand,0,0,0.5668438673019409,0.8137062191963196,-4.1008271778331107e-10
66,hand,1,0,0.5509546399116516,0.8297122716903687,-0.005789253395050764
66,hand,2,0,0.5430243015289307,0.8538745045661926,-0.008265390992164612
66,hand,3,0,0.5381854176521301,0.8793361186981201,-0.00937852542847395
66,hand,4,0,0.5324661731719971,0.8970021605491638,-0.009158936329185963
66,hand,5,0,0.562530517578125,0.8783833980560303,-0.0053280917927622795
66,hand,6,0,0.5491507053375244,0.9010909199714661,-0.006962251849472523
66,hand,7,0,0.5449414253234863,0.8868212103843689,-0.007939077913761139
66,hand,8,0,0.5477503538131714,0.8741394877433777,-0.008204437792301178
66,hand,9,0,0.5710043907165527,0.878203809261322,-0.0023961931001394987
66,hand,10,0,0.5563971400260925,0.8988175392150879,-0.0024981843307614326
66,hand,11,0,0.551072895526886,0.8872583508491516,-0.0024424733128398657
66,hand,12,0,0.5531815886497498,0.8768911361694336,-0.002684523817151785
66,hand,13,0,0.5752245783805847,0.873827338218689,0.0003398269764147699
66,hand,14,0,0.562000036239624,0.8925413489341736,0.0007715695537626743
66,hand,15,0,0.5571207404136658,0.8830007314682007,0.0025630674790591
66,hand,16,0,0.5585654973983765,0.8726571798324585,0.0034217112697660923
66,hand,17,0,0.5773099064826965,0.8686527013778687,0.0025948770344257355
66,hand,18,0,0.5666775107383728,0.8844144344329834,0.0030132855754345655
66,hand,19,0,0.5627145767211914,0.8776036500930786,0.004814813379198313
66,hand,20,0,0.5633644461631775,0.8690445423126221,0.006244391202926636
66,hand,0,1,0.4074721038341522,0.809705376625061,-9.6280714956265e-08
66,hand,1,1,0.4236217141151428,0.8256422877311707,-0.00836971402168274
66,hand,2,1,0.43343502283096313,0.8515953421592712,-0.010911294259130955
66,hand,3,1,0.4401702582836151,0.8763014674186707,-0.011189086362719536
66,hand,4,1,0.44552403688430786,0.8952832818031311,-0.010243923403322697
66,hand,5,1,0.417190283536911,0.8813732862472534,-0.007595498114824295
66,hand,6,1,0.4278741180896759,0.9103338718414307,-0.006409442983567715
66,hand,7,1,0.4369243085384369,0.9072226285934448,-0.0045059979893267155
66,hand,8,1,0.44243451952934265,0.8988164663314819,-0.002968177665024996
66,hand,9,1,0.4084120988845825,0.8823573589324951,-0.0016914713196456432
66,hand,10,1,0.42375531792640686,0.8993909358978271,-0.0002447084407322109
66,hand,11,1,0.43114566802978516,0.8916274905204773,0.0003823450824711472
66,hand,12,1,0.43382638692855835,0.8820620775222778,0.00022435745631810278
66,hand,13,1,0.4038039743900299,0.8785524964332581,0.004150792490690947
66,hand,14,1,0.4189232587814331,0.8915683627128601,0.00518408790230751
66,hand,15,1,0.42465469241142273,0.8854740262031555,0.005037536844611168
66,hand,16,1,0.4272330701351166,0.8760634660720825,0.004348327871412039
66,hand,17,1,0.4014238715171814,0.8746606111526489,0.00962864514440298
66,hand,18,1,0.4134376645088196,0.8855544328689575,0.00978158414363861
66,hand,19,1,0.41916072368621826,0.8811692595481873,0.009652122855186462
66,hand,20,1,0.42209532856941223,0.8741276860237122,0.009670432657003403
66,pose,0,-1,0.486216276884079,0.20458616316318512,-0.47596558928489685
66,pose,1,-1,0.49659764766693115,0.17821475863456726,-0.45284736156463623
66,pose,2,-1,0.5021757483482361,0.17859655618667603,-0.4529644548892975
66,pose,3,-1,0.5085082650184631,0.17917834222316742,-0.45299243927001953
66,pose,4,-1,0.4772646725177765,0.17868398129940033,-0.4544753432273865
66,pose,5,-1,0.47028857469558716,0.1794678270816803,-0.4545591473579407
66,pose,6,-1,0.4647614657878876,0.18059247732162476,-0.45473986864089966
66,pose,7,-1,0.517454206943512,0.1943134367465973,-0.2953079342842102
66,pose,8,-1,0.45665624737739563,0.19645600020885468,-0.30303388833999634
66,pose,9,-1,0.4979887008666992,0.23625652492046356,-0.41637417674064636
66,pose,10,-1,0.47452646493911743,0.23797941207885742,-0.4184427857398987
66,pose,11,-1,0.5690810084342957,0.366457462310791,-0.19207677245140076
66,pose,12,-1,0.41120782494544983,0.3741758465766907,-0.2091754972934723
66,pose,13,-1,0.5812700390815735,0.5922831892967224,-0.14178968966007233
66,pose,14,-1,0.3964625298976898,0.5904743075370789,-0.17777208983898163
66,pose,15,-1,0.5720396637916565,0.7974023818969727,-0.3251262903213501
66,pose,16,-1,0.4130588173866272,0.7950672507286072,-0.32943740487098694
66,pose,17,-1,0.575137197971344,0.8557007312774658,-0.38974055647850037
66,pose,18,-1,0.4138419032096863,0.8580397963523865,-0.3830200731754303
66,pose,19,-1,0.563575029373169,0.8530630469322205,-0.42900875210762024
66,pose,20,-1,0.42870861291885376,0.8544730544090271,-0.4264877736568451
66,pose,21,-1,0.5602270364761353,0.8325743079185486,-0.3442879915237427
66,pose,22,-1,0.4312343895435333,0.8326459527015686,-0.3488970100879669
66,pose,23,-1,0.5365049242973328,0.7730348110198975,0.004581156186759472
66,pose,24,-1,0.45032209157943726,0.7772501707077026,-0.00431214040145278
66,pose,25,-1,0.526687502861023,0.9888286590576172,0.06930983811616898
66,pose,26,-1,0.46726933121681213,0.9954483509063721,0.07531756907701492
66,pose,27,-1,0.5411055088043213,1.2679381370544434,0.47611889243125916
66,pose,28,-1,0.4643654227256775,1.268540382385254,0.40357133746147156
66,pose,29,-1,0.5408638119697571,1.2962130308151245,0.5104942917823792
66,pose,30,-1,0.4657762944698334,1.2981451749801636,0.43289315700531006
66,pose,31,-1,0.5380365252494812,1.3547985553741455,0.35630178451538086
66,pose,32,-1,0.47685903310775757,1.3524036407470703,0.25043466687202454
67,hand,0,0,0.5674130320549011,0.8138715028762817,1.6841694705505006e-09
67,hand,1,0,0.5514224767684937,0.8291845321655273,-0.006308889947831631
67,hand,2,0,0.5435461401939392,0.8540830612182617,-0.008864802308380604
67,hand,3,0,0.538750946521759,0.879576563835144,-0.009990704245865345
67,hand,4,0,0.5330668687820435,0.8972147107124329,-0.009765052236616611
67,hand,5,0,0.5632485151290894,0.8789154887199402,-0.005230673123151064
67,hand,6,0,0.5497812032699585,0.9010226130485535,-0.006971954368054867
67,hand,7,0,0.5453620553016663,0.8863674402236938,-0.00811823457479477
67,hand,8,0,0.548014760017395,0.8733017444610596,-0.008513906970620155
67,hand,9,0,0.5716181397438049,0.8782966136932373,-0.0021021789871156216
67,hand,10,0,0.5571209788322449,0.8993871212005615,-0.002548037562519312
67,hand,11,0,0.5515009760856628,0.8876228332519531,-0.002718811621889472
67,hand,12,0,0.5534073114395142,0.8768174648284912,-0.0030035325326025486
67,hand,13,0,0.5757787823677063,0.8735681772232056,0.0007459638291038573
67,hand,14,0,0.5624957084655762,0.8926824927330017,0.0007524106767959893
67,hand,15,0,0.5574631094932556,0.8831456303596497,0.002377553377300501
67,hand,16,0,0.5588487386703491,0.8726054430007935,0.0032704805489629507
67,hand,17,0,0.577843189239502,0.8679406046867371,0.003081264905631542
67,hand,18,0,0.5671526193618774,0.8841169476509094,0.003093528328463435
67,hand,19,0,0.5630712509155273,0.8772995471954346,0.004745038226246834
67,hand,20,0,0.5637143850326538,0.8686155080795288,0.006152327172458172
67,hand,0,1,0.40649649500846863,0.8090388178825378,-1.0613341316911828e-07
67,hand,1,1,0.4229939579963684,0.82427978515625,-0.008153852075338364
67,hand,2,1,0.4330885708332062,0.8504573702812195,-0.010634168982505798
67,hand,3,1,0.4396786093711853,0.8764491677284241,-0.010830674320459366
67,hand,4,1,0.44474947452545166,0.8952738046646118,-0.009798936545848846
67,hand,5,1,0.41646596789360046,0.8800294399261475,-0.007875865325331688
67,hand,6,1,0.42772170901298523,0.9093045592308044,-0.006331722252070904
67,hand,7,1,0.43650415539741516,0.905651867389679,-0.003965538926422596
67,hand,8,1,0.44145384430885315,0.8966453671455383,-0.002194747794419527
67,hand,9,1,0.4077897369861603,0.8819467425346375,-0.0019018835155293345
67,hand,10,1,0.4236396253108978,0.8957725167274475,-0.0002512949868105352
67,hand,11,1,0.42966192960739136,0.8861449360847473,0.0005959851550869644
67,hand,12,1,0.43080636858940125,0.876359760761261,0.0004553882172331214
67,hand,13,1,0.40318015217781067,0.8786976337432861,0.004126780200749636
67,hand,14,1,0.41868939995765686,0.8886345028877258,0.005457738414406776
67,hand,15,1,0.42359694838523865,0.8812097311019897,0.005466572009027004
67,hand,16,1,0.4253809154033661,0.8712218999862671,0.004700835328549147
67,hand,17,1,0.40083804726600647,0.8747879266738892,0.009819271974265575
67,hand,18,1,0.41258591413497925,0.8833526372909546,0.010307041928172112
67,hand,19,1,0.4175800681114197,0.8779471516609192,0.010277126915752888
67,hand,20,1,0.41986146569252014,0.8704857230186462,0.010275527834892273
67,pose,0,-1,0.4863397479057312,0.2048674374818802,-0.4700014293193817
67,pose,1,-1,0.49675145745277405,0.17826645076274872,-0.4468352198600769
67,pose,2,-1,0.5022397637367249,0.1786525845527649,-0.44695383310317993
67,pose,3,-1,0.5085425972938538,0.1792425811290741,-0.4469861090183258
67,pose,4,-1,0.47748899459838867,0.1787005364894867,-0.44856372475624084
67,pose,5,-1,0.47047534584999084,0.17947697639465332,-0.4486462473869324
67,pose,6,-1,0.46500054001808167,0.18059439957141876,-0.4488268792629242
67,pose,7,-1,0.5174188613891602,0.19438929855823517,-0.2900501787662506
67,pose,8,-1,0.45685017108917236,0.1964295208454132,-0.297995924949646
67,pose,9,-1,0.4980708658695221,0.23647446930408478,-0.41072919964790344
67,pose,10,-1,0.47468581795692444,0.23811213672161102,-0.412833571434021
67,pose,11,-1,0.5690699219703674,0.36652424931526184,-0.18782982230186462
67,pose,12,-1,0.41126617789268494,0.3742113709449768,-0.2066911906003952
67,pose,13,-1,0.5815140604972839,0.5922267436981201,-0.13716454803943634
67,pose,14,-1,0.39687272906303406,0.5906933546066284,-0.175877645611763
67,pose,15,-1,0.5719736814498901,0.7973083257675171,-0.31912320852279663
67,pose,16,-1,0.41304534673690796,0.7957531213760376,-0.32685717940330505
67,pose,17,-1,0.5750783681869507,0.8551321625709534,-0.38246020674705505
67,pose,18,-1,0.41368386149406433,0.8582696318626404,-0.3798433542251587
67,pose,19,-1,0.5635415315628052,0.8524805307388306,-0.42191728949546814
67,pose,20,-1,0.42844831943511963,0.8550417423248291,-0.4235284924507141
67,pose,21,-1,0.5601842403411865,0.8322321176528931,-0.3383182883262634
67,pose,22,-1,0.4312155842781067,0.8331661224365234,-0.3463216722011566
67,pose,23,-1,0.5366007089614868,0.7738151550292969,0.0045302934013307095
67,pose,24,-1,0.4502940773963928,0.77787184715271,-0.004254322033375502
67,pose,25,-1,0.5266814827919006,0.9888381361961365,0.060316551476716995
67,pose,26,-1,0.466500848531723,0.9954805970191956,0.07508792728185654
67,pose,27,-1,0.5408885478973389,1.2686920166015625,0.4579879343509674
67,pose,28,-1,0.4640801250934601,1.2686102390289307,0.39783480763435364
67,pose,29,-1,0.540725827217102,1.297311544418335,0.49098601937294006
67,pose,30,-1,0.46545112133026123,1.2986150979995728,0.42622166872024536
67,pose,31,-1,0.537242591381073,1.3554561138153076,0.33639174699783325
67,pose,32,-1,0.4765259325504303,1.3526477813720703,0.24461202323436737
68,hand,0,0,0.5677013397216797,0.8150012493133545,3.2836438013106317e-09
68,hand,1,0,0.552116870880127,0.8294445276260376,-0.006736074108630419
68,hand,2,0,0.5444468259811401,0.853376567363739,-0.009534168988466263
68,hand,3,0,0.5397506952285767,0.8789497017860413,-0.010889401659369469
68,hand,4,0,0.5339401364326477,0.8972901105880737,-0.010900331661105156
68,hand,5,0,0.5637257099151611,0.8790572285652161,-0.005202570464462042
68,hand,6,0,0.5508532524108887,0.9018568992614746,-0.0073287650011479855
68,hand,7,0,0.5464699864387512,0.8874319791793823,-0.008859029971063137
68,hand,8,0,0.5490594506263733,0.8745533227920532,-0.009466614574193954
68,hand,9,0,0.5720140337944031,0.8787790536880493,-0.001913795480504632
68,hand,10,0,0.5581290125846863,0.900263249874115,-0.0026545310392975807
68,hand,11,0,0.5525739789009094,0.8883663415908813,-0.0030012258794158697
68,hand,12,0,0.5544794201850891,0.8774073719978333,-0.003327804384753108
68,hand,13,0,0.5762101411819458,0.8742831945419312,0.0009951780084520578
68,hand,14,0,0.5633295774459839,0.8938334584236145,0.0007115654298104346
68,hand,15,0,0.5584313273429871,0.8841675519943237,0.002315627411007881
68,hand,16,0,0.5599050521850586,0.8736108541488647,0.003281438024714589
68,hand,17,0,0.5782976150512695,0.8688355684280396,0.0033417779486626387
68,hand,18,0,0.5679073333740234,0.8855671286582947,0.0031119175255298615
68,hand,19,0,0.5639191269874573,0.8786337971687317,0.004723303485661745
68,hand,20,0,0.5646320581436157,0.8699107766151428,0.006162372883409262
68,hand,0,1,0.4065689146518707,0.8082184195518494,-1.0318405685438847e-07
68,hand,1,1,0.4227795898914337,0.8241454362869263,-0.008488236926496029
68,hand,2,1,0.43250879645347595,0.8502150774002075,-0.01116532739251852
68,hand,3,1,0.4393088221549988,0.8756442666053772,-0.011463395319879055
68,hand,4,1,0.44426730275154114,0.8944963812828064,-0.010455300100147724
68,hand,5,1,0.4154285788536072,0.8788943290710449,-0.0088812792673707
68,hand,6,1,0.4272477924823761,0.9086521863937378,-0.0070210970006883144
68,hand,7,1,0.43619030714035034,0.9054068922996521,-0.003911524545401335
68,hand,8,1,0.4413442313671112,0.8961403965950012,-0.0016224668361246586
68,hand,9,1,0.40659967064857483,0.8802537322044373,-0.0028010779060423374
68,hand,10,1,0.4226076602935791,0.8969071507453918,-0.001081343973055482
68,hand,11,1,0.4294435977935791,0.8878639340400696,0.00013686466263607144
68,hand,12,1,0.4312848150730133,0.877879798412323,0.00026844392414204776
68,hand,13,1,0.4019955098628998,0.8765671849250793,0.0033874132204800844
68,hand,14,1,0.4175088405609131,0.8893612027168274,0.004575241822749376
68,hand,15,1,0.42295390367507935,0.8824055194854736,0.004688417539000511
68,hand,16,1,0.4249676465988159,0.872088611125946,0.004036485683172941
68,hand,17,1,0.39979982376098633,0.8723663687705994,0.009253345429897308
68,hand,18,1,0.4115237891674042,0.8834562301635742,0.009371425956487656
68,hand,19,1,0.4170745611190796,0.878716230392456,0.00920131616294384
68,hand,20,1,0.41973403096199036,0.8710250854492188,0.00912640430033207
68,pose,0,-1,0.48655545711517334,0.2051081508398056,-0.4642438590526581
68,pose,1,-1,0.4969717860221863,0.17837977409362793,-0.4407607913017273
68,pose,2,-1,0.5023891925811768,0.1787678599357605,-0.4408828020095825
68,pose,3,-1,0.5086818337440491,0.17937122285366058,-0.44090673327445984
68,pose,4,-1,0.4777335822582245,0.17874275147914886,-0.44235002994537354
68,pose,5,-1,0.47067561745643616,0.1795048713684082,-0.4424339234828949
68,pose,6,-1,0.46522215008735657,0.18060319125652313,-0.4426150321960449
68,pose,7,-1,0.5174157619476318,0.19453983008861542,-0.2836836278438568
68,pose,8,-1,0.4569697678089142,0.19642440974712372,-0.2911110818386078
68,pose,9,-1,0.49827083945274353,0.23670701682567596,-0.4049070477485657
68,pose,10,-1,0.4748307466506958,0.23824651539325714,-0.4068756699562073
68,pose,11,-1,0.5690500736236572,0.3665488064289093,-0.1824609935283661
68,pose,12,-1,0.41133272647857666,0.3742522895336151,-0.20027850568294525
68,pose,13,-1,0.5816411972045898,0.5919631123542786,-0.12899373471736908
68,pose,14,-1,0.39692291617393494,0.5908028483390808,-0.1702370047569275
68,pose,15,-1,0.5720397233963013,0.7974955439567566,-0.30749279260635376
68,pose,16,-1,0.4130285978317261,0.7958222031593323,-0.31955188512802124
68,pose,17,-1,0.5750551223754883,0.8549259901046753,-0.3705282509326935
68,pose,18,-1,0.41366633772850037,0.8582748174667358,-0.37222135066986084
68,pose,19,-1,0.5635585188865662,0.8524246215820312,-0.4096307158470154
68,pose,20,-1,0.4283764958381653,0.855056643486023,-0.4154364764690399
68,pose,21,-1,0.5602740049362183,0.8325309753417969,-0.32651010155677795
68,pose,22,-1,0.4311911463737488,0.8331791162490845,-0.33876702189445496
68,pose,23,-1,0.536806046962738,0.7747963070869446,0.004180585034191608
68,pose,24,-1,0.45031240582466125,0.7789034247398376,-0.0038811257109045982
68,pose,25,-1,0.5266867876052856,0.9884486198425293,0.0543987900018692
68,pose,26,-1,0.4659370183944702,0.9919361472129822,0.07894889265298843
68,pose,27,-1,0.5407305359840393,1.2681286334991455,0.45806220173835754
68,pose,28,-1,0.46408236026763916,1.2667115926742554,0.4136592745780945
68,pose,29,-1,0.5404923558235168,1.2965692281723022,0.49146324396133423
68,pose,30,-1,0.46537157893180847,1.2965469360351562,0.4438159167766571
68,pose,31,-1,0.5371468663215637,1.3546775579452515,0.3381858766078949
68,pose,32,-1,0.4769730865955353,1.3502570390701294,0.26622965931892395
